domain,final_url,http_status,title,mostbet_mentions,links_internal,links_external,flag,gate_dead,gate_other,candidates_checked
1000bookmakers.com,https://1000bookmakers.com/,200,Рейтинг 1000 букмекеров и лишь один твой - Выбирай лучшие букмекерские конторы,17,90,5,,,,3
100tn.ru,https://100tn.ru/,200,"Мостбет (Mostbet) Официальный сайт ᐈ Мостбет онлайн казино | Зеркало, вход",61,1,0,,,dashplay37.com,1
101poisk.ru,https://101poisk.ru/,200,101poisk.ru - отзывы о сайтах и онлайн-сервисах,0,135,6,,,,5
120under40.org,https://120under40.org/,200,120 Under 40,0,29,0,,,,1
1386.world,https://1386.world/,200,Coming Soon,0,0,0,thin_page,,,0
1canticonuevo.com,https://alightmotion-pc.com/,200,All Yono Games Official APK Download (2026) | Real Cash Rummy & Slots,0,15,4,,,,1
1kms.uz,https://www.sootechestvenniki.uz/,200,Coming Soon,0,0,0,thin_page,,,0
1pk.bet,https://1pk.bet/pk,200,1PK-Best Real Money Online Casino In Pakistan 24/7,1,1,38,,,,20
1pkbet.com,https://1pkbet.com/p2451/index.html,200,1PK.BET | Best Online Casino in Pakistan 24/7,3,1,12,,,,7
1serbajp.com,https://1serbajp.com/,200,Partner Resmi Mix Parlay Sbobet88 Piala Dunia FIFA 2026 - SERBAJP,0,16,18,,,,16
1vyn.club,https://1vyn.club/my,200,1VYN | Best Trusted Online Entertainment & Casino Company in Malaysia Since 2015,0,2,11,,,,9
1win-argentina-casino.com,https://1win-argentina-casino.com/,200,"1Win Argentina | casino, apuestas y acceso oficial",0,3,3,,,,2
1win-az.com,https://1win-promo-azerbajan.com/,200,1Win Azərbaycan – İdman Mərcləri və Caisno portalı. Bonus əldə etmək üçün daxil olun.,0,17,3,,,1wxynt.life,6
1win-jetx-game.com,https://1win-jetx-game.com/,200,"1Win JetX demo ⚡ 1Win JetX game for money - how to play, strategies, demo, download in India",1,10,1,,,,2
1winappghana.com,https://1winappghana.com/,200,1win Ghana App Download for Android (apk) and iOS,1,14,4,,,r1wttde.life,7
1xaviator-kg.com,https://tatlikizlar.lol/,200,Istanbul Eskort Bayan,0,42,23,,,,2
1xbet-1xbet.online,http://1xbet-1xbet.online/,200,Web Server's Default Page,0,0,9,,,,7
200pajaktoto.co,https://200pajaktoto.co/,200,NOHU90 PAJA - Trang Chủ NOHU90.COM Uy Tín Không Chặn 2026,0,40,16,,,,14
21bit-casino-game-au.com,https://21bit-casino-game-au.com/,200,21bit Casino Australia OFFICIAL 🔥 Trusted Crypto Casino Review 2026 【VERIFIED SECURE】 Best Online Casino,0,15,1,,,og-le-uv.buzz,3
222j.net,https://222j.net/p2469/index.html,200,2J.BET | Best Online Casino in Pakistan 24/7,3,0,11,,,,6
24-bet.ru,https://24-bet.ru/,200,"Ставки на спорт: рейтинг букмекерских контор, прогнозы на спорт, бонусы букмекеров, всё для ставок от 24-bet",2,373,17,,,,25
247sports.com,https://247sports.com/,200,College Sports News and Recruiting,0,109,49,,https://247sports.com/Site/?View=Community https://secure.247sports.com/join/?promo=JOIN https://247sports.com/Site/?View=Search https://247sports.com/login/ https://secure.247sports.com/join/,,25
24betting-ind.com,https://24betting-ind.com/,200,Success!,0,0,0,thin_page,,,0
24betting-india1.com,https://24betting-india1.com/,200,Success!,0,0,0,thin_page,,,0
24mostbet.click,https://24mostbet.click/,200,Bonanza Party - Slot Machines,0,0,1,,,,0
25newsnow.com,https://www.25newsnow.com:443/,200,WEEK | 25 News Now,0,127,97,,,,21
26obr.ru,https://26obr.ru/,200,Мостбет официальный сайт: Mostbet Casino и рабочее зеркало,52,1,4,,,onxpromototal.com,3
2j.app,https://2j.app/pk,200,TOJAYS.BET-Best Real Money Online Casino In Pakistan 24/7,1,1,40,,,,21
2j001.com,https://2j001.com/pk,200,TOJAYS.BET-Best Real Money Online Casino In Pakistan 24/7,1,1,40,,,,21
2jaff.com,https://2jaff.com/pk,200,TOJAYS.BET-Best Real Money Online Casino In Pakistan 24/7,1,1,40,,,,21
2jay.bet,https://2jay.bet/pk,200,TOJAYS.BET-Best Real Money Online Casino In Pakistan 24/7,1,1,40,,,,21
2jays.bet,https://2jays.bet/pk,200,TOJAYS.BET-Best Real Money Online Casino In Pakistan 24/7,1,1,40,,,,21
2jbr.bet,https://2jbr.bet/br,200,2J.BET -Melhor Cassino Online com Dinheiro Real no Brasil 24/7,1,1,38,,,,19
2jbr.com,https://2jbr.com/br,200,2J.BET -Melhor Cassino Online com Dinheiro Real no Brasil 24/7,1,1,38,,,,19
2jearn.com,https://2jearn.com/pk,200,TOJAYS.BET-Best Real Money Online Casino In Pakistan 24/7,1,1,40,,,,21
2jjay.com,https://2jjay.com/pk,200,TOJAYS.BET-Best Real Money Online Casino In Pakistan 24/7,1,1,40,,,,21
2jjays.com,https://2jjays.com/pk,200,TOJAYS.BET-Best Real Money Online Casino In Pakistan 24/7,1,1,40,,,,21
2jshare.com,https://2jshare.com/pk,200,TOJAYS.BET-Best Real Money Online Casino In Pakistan 24/7,1,1,40,,,,21
2jtwojay.com,https://2jtwojay.com/pk,200,TOJAYS.BET-Best Real Money Online Casino In Pakistan 24/7,1,1,40,,,,21
2tech.net,https://2tech.net/,200,Home - 2Tech App,0,41,47,,,,25
311streamsystemcom.top,https://311streamsystemcom.top/,200,Мостбет [2025] ᐉ Mostbet официальный сайт казино в Казахстане,22,1,0,,,axs5alnt.top,1
333betmost.com,http://333betmost.com:8181/,200,域名到期-域名续费提醒,0,0,30,,,,25
360academia.cl,https://360academia.cl/cgi-sys/suspendedpage.cgi,200,Account Suspended,0,0,0,thin_page,,,0
3bets.ru,https://3bets.ru/,200,3bets.ru - Обзор букмекерских контор,10,17,3,,,,2
3d4growth.com,https://3d4growth.com/,200,Mostbet BD 2026: Your Guide to Online Betting & Casino,288,19,2,,https://3d4growth.com/go/3d4growth/,,2
3design.cz,https://3design.cz/,200,Domain 3design.cz is for sale,0,2,0,,,,0
3wy.pl,https://bazaslowian.pl/,200,"Mostbet Polska ⭐ Kasyno Internetowe, Bonus i Logowanie",148,9,1,,,serffigrcqufssefv.help,1
4466bet1m.com,https://4466bet1m.com/,200,4466 Bet - Plataforma Oficial -4466Bet.Com,0,18,5,,,,6
4boss.ru,https://4boss.ru/,200,4boss.ru,0,0,11,,,,10
4d2ulived.com,https://4d2ulived.com/,200,4D2U Live – Top No Virus Earning Games APK Download Pakistan 2026,0,37,5,,,,2
4sarangsbobet.com,https://4sarangsbobet.com/,200,SARANGSBOBET | Join Langsung Disini Tanpa Perlu Ribet Dan Lama Klik Daftar Terus Login,0,104,149,,,,25
555lottery.app,https://555lottery.app/,200,The World’s Best Online Lottery – Win the Biggest Bitcoin Jackpot - 555 lottery,0,3,2,,,,2
5deswing.com,https://www.5deswing.com/,200,Mostbet Polska: Twoja Brama do Świata Zakładów i Gier Kasynowych w 2026 Roku | 5deswing,207,20,2,,,partners-official.com,3
5oclockrock.ro,https://5oclockrock.ro/,200,5 o'Clock Rock,12,138,23,,,,25
63999.store,http://63999.store/,200,Истёк срок регистрации домена,0,0,8,,,,8
666-br.com,https://666-br.com/,200,666BET | Bet Responsibly with England's Most Exciting Online Gaming Platform,0,35,1,,,,0
66vey.com,https://66vey.com/pk,200,DUA66.COM-Best Real Money Online Casino In Pakistan 24/7,1,1,39,,,,21
6abc.com,https://6abc.com/,200,"6abc Action News - WPVI Philadelphia, Pennsylvania, New Jersey and Delaware News",0,248,323,,,,25
6ters.com,https://6ters.com/,200,Andar Bahar – andar bahar online game अनुभव भारत के खिलाड़ियों के लिए,0,5,2,,,,0
777olimp.asia,https://777olimp.asia/,200,777 Olimp Kazino - Azərbaycanda 🇦🇿 ən etibarlı və ən maraqlı kazino 🤟🏻,1,4,3,,,10lineloto.casino,2
777olimp.land,https://777olimp.land/,200,777 Olimp Kazino - Azərbaycanda 🇦🇿 ən etibarlı və ən maraqlı kazino 🤟🏻,1,4,3,,,10lineloto.casino,2
777olimp.link,https://777olimp.link/,200,777 Olimp Kazino - Azərbaycanda 🇦🇿 ən etibarlı və ən maraqlı kazino 🤟🏻,1,4,3,,,10lineloto.casino,2
77bzbet.com,https://77bzbet.com/,200,BZBET -the most exclusive online slots gaming platform BZ BET,0,21,1,,,,0
7lg33.com,https://7lg33.com/pk,200,7LGCASINO.COM-Best Real Money Online Casino In Pakistan 24/7,1,1,39,,,,21
7lg365.com,https://7lg365.com/pk,200,7LGCASINO.COM-Best Real Money Online Casino In Pakistan 24/7,1,1,39,,,,21
7lg55.com,https://7lg55.com/pk,200,7LGCASINO.COM-Best Real Money Online Casino In Pakistan 24/7,1,1,39,,,,21
7lg6.com,https://7lg6.com/pk,200,7LGCASINO.COM-Best Real Money Online Casino In Pakistan 24/7,1,1,39,,,,21
7lg88.com,https://7lg88.com/pk,200,7LGCASINO.COM-Best Real Money Online Casino In Pakistan 24/7,1,1,39,,,,21
7lgaa.com,https://7lgaa.com/pk,200,7LGCASINO.COM-Best Real Money Online Casino In Pakistan 24/7,1,1,39,,,,21
7lgbb.com,https://7lgbb.com/pk,200,7LGCASINO.COM-Best Real Money Online Casino In Pakistan 24/7,1,1,39,,,,21
7lgcasino.com,https://7lgcasino.com/pk,200,7LGCASINO.COM-Best Real Money Online Casino In Pakistan 24/7,1,1,39,,,,21
7lgcc.com,https://7lgcc.com/pk,200,7LGCASINO.COM-Best Real Money Online Casino In Pakistan 24/7,1,1,39,,,,21
7lgwin.com,https://7lgwin.com/pk,200,7LGCASINO.COM-Best Real Money Online Casino In Pakistan 24/7,1,1,39,,,,21
7sarangsbobet.com,https://7sarangsbobet.com/,200,SARANGSBOBET | Link Daftar Terpercaya Situs Games Online Terbaik Layanan 24 Jam,0,7,38,,,,3
7sun.bet,https://7sun.bet/pk,200,TOJAYS.BET-Best Real Money Online Casino In Pakistan 24/7,1,1,40,,,,21
877-bet.pk,https://877-bet.pk/,200,Bet877 Game Review 2026 | Best Online Betting Site & Casino with Bonus - 877bet,0,4,5,,,,4
888mbet.org,https://888mbet.org/,200,8m bet 2026: Official Mostbet APK for Android & iOS,2,9,3,,,mostbet-casino-now.com,7
888sport.com,https://www.888.com/regulation/restricted/,200,Important Notice | 888.com™,0,1,7,,,,7
88bzbet.com,https://88bzbet.com/,200,BZBET -the most exclusive online slots gaming platform BZ BET,0,19,2,,,,1
8ballroofing.com,https://8ballroofing.com/,200,8Ball Roofing Solutions: High quality roofing work in Arkansas & Oklahoma,0,8,35,,,,25
8kbdgame.com,https://8kbdgame.com/,200,8KBD – Bangladesh's #1 Online Casino & Betting,0,17,12,,,,12
918kiss.org.uk,https://918kiss.org.uk/,200,"918Kiss Malaysia: Online Casino, Slots, App & Bonuses",0,11,2,,,mostbet-casino-now.com,7
92foundationmuktagacha.org,https://92foundationmuktagacha.org/,200,My Blog,0,27,16,,,,16
99garage.pl,https://99garage.pl/,200,Python Package Analytics & Data Insights,0,75,3,,,,2
9dbetweb.com,https://9dbetweb.com/,200,"9D BET O cassino mais confiável do Brasil, um operador certificado pela IBIA.⚡ | Discover Brazil's Most Trusted Gambling Experience Online Today",0,35,1,,,,0
a-instrument66.ru,https://a-instrument66.ru/,200,"Официальный сайт Мостбет 🎰 | Вход в казино Mostbet, работать зеркала, бонусы",52,1,0,,,dashplay37.com,1
a-mtk.ru,https://a-mtk.ru/,200,"Мостбет казино — официальный сайт 💰 Вход, Mostbet рабочее зеркало и бонусы",24,1,0,,,dashplay37.com,1
a1tech.com.do,https://a1tech.com.do/cgi-sys/suspendedpage.cgi,200,Account Suspended,0,0,0,thin_page,,,0
abc10.com,https://www.abc10.com/,200,"Sacramento's Leading Local News: Weather, Traffic, Sports and more | Sacramento, California | abc10.com",0,91,27,,,,13
abc7news.com,https://abc7news.com/,200,ABC7 Bay Area and San Francisco | KGO Eyewitness News,0,222,292,,,,25
abcnmembers.com,https://abcnmembers.com/,200,ABCN Members | The Comprehensive Resource for Alliance Members and Ally Members,64,38,108,,,,25
abeille22.fr,http://abeille22.fr/,200,Syndicat Apicole l'Abeille Bretonne 22,170,83,12,,,,16
abigcandyk.com,https://abigcandyk.com/,200,A Big Candyڈاؤن لوڈز-پاکستان میں رولیٹ شارپ وہیل پلے میں بیٹنگ اور مضبوط جیتنے والے اوڈز A Big Candy.com,0,20,4,,,,7
abinawaf.com,https://abinawaf.com/,200,Mostbet Casino Portugal – Cassino Online Completo com App para Android e iOS,67,3,1,,https://abinawaf.com/go,,1
ablfoods.com.tr,https://ablfoods.com.tr/,200,ABL FOODS,0,19,9,,,,6
about.google,https://about.google/,200,"About Google: Our products, technology and company information - About Google",0,10,36,,,,23
aboutyourstyle.ru,https://aboutyourstyle.ru/,200,"Мостбет зеркало, официальный сайт и казино Mostbet: рабочее зеркало 2024",57,1,0,,,dashplay37.com,1
aboveallmaintenance.com.au,https://aboveallmaintenance.com.au/,200,Above All Maintenance -,0,59,12,,,,15
ac6ruv8t.ru,https://ac6ruv8t.ru/,200,Mostbet casino и Мостбет — Официальный сайт и рабочее зеркало 🎰 🔗,33,2,1,,,dashplay37.com,1
acacialanedolls.com,https://acacialanedolls.com/,200,Best Betting Sites: Top New Online Bookmakers in the UK,0,18,27,,,,23
acaciastables.com,https://acaciastables.com/,200,Mostbet Bangladesh 2026: Official Online Casino & Sports Betting,72,12,3,,,,2
academia13razones.com,https://academia13razones.com/,200,Academia 13 Razones – Patronaje y Confección en A Coruña,0,41,9,,,,13
academspa.ru,https://academspa.ru/,200,Мостбет Казино официальный сайт — зеркало Mostbet Casino,38,1,0,,,dashplay37.com,1
academybaby.com,https://www.academybaby.com/,200,B9Casino ⭐ Link Vào B9Casino Mới Nhất 2026 | Trang Chủ Chính Thức,0,44,16,,,,3
acarta.de,https://www.acarta.de/de/,200,Plastikkarten und kontaktlose Chipkarten von Acarta,5,27,22,,,,21
accademiamodena1912.com,https://accademiamodena1912.com/,200,"Mostbet App BD 2026: Download, Login & Bonus Guide",267,20,2,,https://accademiamodena1912.com/go/accademiamodena1912/,,3
actionnetwork.com,https://www.actionnetwork.com/,200,"Action Network: Sports Betting Odds, News & Analysis",0,881,86,,,,25
acuteceramic.com,https://acuteceramic.com/,200,Türkiye Bahisçiler 2025: Bahis siteleri en iyi 10 site | Rehber,1,10,0,,,,0
adafashion.pl,https://www.aftermarket.pl/domena/adafashion.pl/?utm_source=market_redirect&utm_medium=organic&_track=b75073d1c7b1bffd5bd4cdb78a61ee54,200,Offer to sell domain: adafashion.pl,0,69,19,,,,25
adappliancerepairs.com,https://adappliancerepairs.com/,200,Mostbet Polska 2026: Twoja Brama do Świata Zakładów i Kasyna Online | Adappliancerepairs,533,20,2,,,partners-official.com,3
adincomer.com.pe,https://adincomer.com.pe/,200,Mostbet Perú Oficial | Apuestas Deportivas y Casino Online 2026,51,12,3,,,,2
adivchem.com,https://adivchem.com/,200,Home - Adiv Chemicals Private Limited,0,77,7,,https://adivchem.com/bonus-crab-casino-ofrece-bonos-exclusivos-para-torneos-especiales/uncategorized/,,6
adventistasvillanorte.com,https://adventistasvillanorte.com/,200,Mi blog – Sólo otro sitio de WordPress,0,28,4,,,,4
adventuregamers.com,https://adventuregamers.com/,200,Adventure Gamers - Trusted Adventure Game Reviews,0,167,46,,,bs_81692cb3.adventuregamers-ext.care,25
advntgsports.com.au,https://www.advntgsports.com.au/,200,ADVNTG SPORTS | Premium Football Gear & Training Solutions,0,34,11,,,,10
aerltd.uk,https://aerltd.uk/,200,Best Betting Sites: Top New Online Bookmakers in the UK,0,18,27,,,,23
aestheticplace.cl,https://www.casasohiggins.cl/,200,Mejores casinos online Chile 2026: retiros reales en CLP,1,18,2,,,cl-globallink.com partners-official.com partnerscore-global.com,9
affpapa.com,https://affpapa.com/,200,AffPapa - iGaming directory for Affiliates and Operators,0,63,17,,,,10
affpaying.com,https://www.affpaying.com/,200,"Reviews of CPA Networks, Affiliate Programs and Ad Networks - Affpaying",0,124,78,,,,25
afrocityclub.ru,https://afrocityclub.ru/,200,"Mostbet Casino 🎰 Мостбет БК – официальный сайт, играть онлайн на деньги 💰",60,1,0,,,dashplay37.com,1
ag1616g.com,https://ag1616g.com/,200,"Mostbet赛事比分,Mostbet赛事比分电子游艺空间",45,31,19,,,,17
agarwalbhawanujjain.in,https://agarwalbhawanujjain.in/,200,Mostbet Pakistan 2026: Betting Site and Casino,30,10,3,,,,2
agencenewone.com,https://agencenewone.com/,200,Mostbet Bangladesh: Live Cricket Betting & Best Odds,71,12,3,,,,3
agenolx.net,https://agenolx.net/,200,AGENOLX - SITUS SLOT ONLINE PALING GACOR DAN TERPERCAYA,0,103,42,,,,25
agenolx7.com,https://agenolx7.com/,200,AGENOLX - SITUS SLOT ONLINE PALING GACOR DAN TERPERCAYA,0,103,42,,,,25
agenolxbel.com,https://agenolxbel.com/,200,AGENOLX - SITUS SLOT ONLINE PALING GACOR DAN TERPERCAYA,0,103,42,,,,25
agenolxbold.info,https://agenolxbold.info/,200,AGENOLX - SITUS SLOT ONLINE PALING GACOR DAN TERPERCAYA,0,103,42,,,,25
agenolxcong.com,https://agenolxwowo.com/,200,AGENOLX - SITUS SLOT ONLINE PALING GACOR DAN TERPERCAYA,0,103,42,,,,25
agenolxinbox.net,https://agenolxinbox.net/,200,AGENOLX - SITUS SLOT ONLINE PALING GACOR DAN TERPERCAYA,0,103,42,,,,25
agenolxjule.net,https://agenolxjule.net/,200,AGENOLX - SITUS SLOT ONLINE PALING GACOR DAN TERPERCAYA,0,103,42,,,,25
agenolxking.com,https://agenolxking.com/,200,AGENOLX - SITUS SLOT ONLINE PALING GACOR DAN TERPERCAYA,0,103,42,,,,25
agenolxlae.net,https://agenolxlae.net/,200,AGENOLX - SITUS SLOT ONLINE PALING GACOR DAN TERPERCAYA,0,103,42,,,,25
agenolxlai.com,https://agenolxlai.com/,200,AGENOLX - SITUS SLOT ONLINE PALING GACOR DAN TERPERCAYA,0,103,42,,,,25
agenolxlay.com,https://agenolxlay.com/,200,AGENOLX - SITUS SLOT ONLINE PALING GACOR DAN TERPERCAYA,0,103,42,,,,25
agenolxloro.com,https://agenolxloro.com/,200,AGENOLX - SITUS SLOT ONLINE PALING GACOR DAN TERPERCAYA,0,103,42,,,,25
agenolxnyai.com,https://agenolxnyai.com/,200,AGENOLX - SITUS SLOT ONLINE PALING GACOR DAN TERPERCAYA,0,103,42,,,,25
agenolxpov.com,https://agenolxpov.com/,200,AGENOLX - SITUS SLOT ONLINE PALING GACOR DAN TERPERCAYA,0,103,42,,,,25
agenolxset.com,https://agenolxset.com/,200,AGENOLX - SITUS SLOT ONLINE PALING GACOR DAN TERPERCAYA,0,103,42,,,,25
agenolxsms.net,https://agenolxsms.net/,200,AGENOLX - SITUS SLOT ONLINE PALING GACOR DAN TERPERCAYA,0,103,42,,,,25
agenolxsoka.net,https://agenolxsoka.net/,200,AGENOLX - SITUS SLOT ONLINE PALING GACOR DAN TERPERCAYA,0,103,42,,,,25
agenolxsora.com,https://agenolxsora.com/,200,Site ready,0,0,0,,,,0
agenolxtayo.com,https://agenolxtayo.com/,200,AGENOLX - SITUS SLOT ONLINE PALING GACOR DAN TERPERCAYA,0,103,42,,,,25
agenolxup.com,https://agenolxup.com/,200,AGENOLX - SITUS SLOT ONLINE PALING GACOR DAN TERPERCAYA,0,103,42,,,,25
agenolxwon.info,https://agenolxwon.info/,200,AGENOLX - SITUS SLOT ONLINE PALING GACOR DAN TERPERCAYA,0,103,42,,,,25
agenolxwowo.com,https://agenolxwowo.com/,200,AGENOLX - SITUS SLOT ONLINE PALING GACOR DAN TERPERCAYA,0,103,42,,,,25
agenolxzero.info,https://agenolxzero.info/,200,AGENOLX - SITUS SLOT ONLINE PALING GACOR DAN TERPERCAYA,0,103,42,,,,25
agriturismobobbio.com,https://agriturismobobbio.com/,200,Mostbet Login BD 2026: Access Your Account Securely,300,19,2,,https://agriturismobobbio.com/go/agriturismobobbio/,,2
aha.video,https://www.aha.video:443/,200,"Watch Movies, Web Series, TV Shows, Live TV Channels - aha",0,158,65,,,,25
ahlens.se,https://www.ahlens.se/,200,Åhléns - Online & Varuhus,0,655,12,,,,25
aiadstore.com,https://aiadstore.com/,200,أفضل مواقع مراهنات في مصر 2026 | دليل مواقع الرهان والعروض,0,15,2,,,,1
aideadomiciletoulouse.net,https://www.aideadomiciletoulouse.net/,200,"Mostbet BD Official: Login, Download App & Get BDT 25,000 Bonus (2026)",55,11,3,,,,2
ainoveltranslation.com,https://www.ainoveltranslation.com/,200,AI Novel Translation: The best translations at 100x speed and 1% the cost,0,96,2,,,,0
aist-st.ru,https://aist-st.ru/,200,Mostbet Casino официальный сайт с бонусами 150% и 250 FS,61,1,4,,,onxpromototal.com,3
aiwekrona.ru,https://aiwekrona.ru/,200,"Мостбет зеркало, вход на официальный сайт | Mostbet казино и БК",76,2,4,,,onxpromototal.com,3
ajaib8.net,https://ajaib8.net/,200,AJAIB8 | Kelas Sultan Nikmati Aksi Bola Dunia Dengan Keuntungan Besar,0,6,3,,,,2
akademiayna.com,https://akademiayna.com/,200,"Chicken Road Italia Guida al Gioco, Demo Gratis, RTP 98% e Strategie 2026",0,6,2,,,,0
akcentsvet.ru,https://akcentsvet.ru/,200,Мостбет казино ⭐ Официальный сайт и зеркало Mostbet | Вход и регистрация 🎰,35,2,0,,,dashplay37.com,1
akdenizim.net,https://akdenizim.net/,200,Attention Required! | Cloudflare,0,0,1,,,,0
akkumulator.net,https://akkumulator.net/,200,Mostbet Com Review BD 2026: Is It Worth Joining?,159,25,2,,https://akkumulator.net/go/akkumulator/,,2
akmo.kz,https://akmo.kz/,200,Akmo - Новости Астаны и Акмолинской области,0,55,3,,,,2
akvaprof.ru,https://akvaprof.ru/,200,"Mostbet: официальный сайт и зеркало — бонусы, ставки, Мостбет казино 🎰",29,2,1,,,dashplay37.com,1
al.com,https://www.al.com:443/,200,"Alabama Local News, Breaking News, Sports & Weather",0,783,69,,,,25
alainlea.com,https://alainlea.com/,200,Alain Lea Ministries,0,10,4,,,,7
alanda-hirurgia.kz,https://alanda-hirurgia.kz/,200,Мостбет: зеркало казино Mostbet KZ - быстрый вход,42,8,2,,,byemsn714.top,1
alandahirurgiakz.cfd,https://alandahirurgiakz.cfd/,200,Мостбет: зеркало казино Mostbet KZ - быстрый вход,59,2,0,,,byemsn714.top,1
albeikcars.com,https://albeikcars.com/,200,My Blog – My WordPress Blog,0,6,3,,,,2
alergologia-murawska.pl,https://alergologia-murawska.pl/,200,Realz Casino Opinie – Czy To Bezpieczne Kasyno w PL?,0,4,1,,,ietraf.vip,1
alex-peroni.com,https://www.alex-peroni.com/,200,Mostbet Azərbaycan Kazinosu – Etibarlı Mərc və Casino Təcrübəsi 2026,57,4,3,,,,2
alexandermoverschi.com,https://alexandermoverschi.com/,200,"MostBet ČR 2026: Casino, Sportovní Sázení a Aplikace 2026",50,1,0,,,,0
alexis-korner.net,https://alexis-korner.net/,200,"Mostbet: воридшавӣ, слотҳо ва ҷекпотҳо! Мост Бет бонус инҷост!",213,27,1,,https://alexis-korner.net/play,,1
alfagiannakidis.gr,https://alfagiannakidis.gr/,200,Πυροσβεστικά είδη - Alfa Giannakidis,0,76,3,,,,2
alfalahghp.com,https://www.alfalahghp.com/,200,Mostbet Pakistan Official Website | Login,62,10,3,,,,2
algorithm-steps.site,https://algorithm-steps.site/,200,ALGORITHM STEPS | NEURAL ACCESS,2,0,0,,,,0
algorithmsteps.site,https://algorithmsteps.site/,200,ALGORITHM STEPS | Quantum Decryption Matrix,1,3,0,,,,0
algorithmsteps.space,https://algorithmsteps.space/,200,A L G O R I T H M steps,1,4,0,,,,1
alibaba.com,https://www.alibaba.com/,200,"Alibaba.com: Manufacturers, Suppliers, Exporters & Importers from the world's largest online B2B marketplace",0,25,7,,,,7
alicantoazul.cl,https://www.casasohiggins.cl/,200,Mejores casinos online Chile 2026: retiros reales en CLP,1,18,2,,,cl-globallink.com partners-official.com partnerscore-global.com,9
alina-cosmetics.com,https://alina-cosmetics.com/,200,Alina Cosmetics - deine Online-Parfumerie ❤️ | Alina Cosmetics,0,384,6,,,,6
alkohol-alkoholismus.info,https://alkohol-alkoholismus.info/,200,Mostbet Casino CZ app 2026 – Stáhnout a hrát ihned,109,24,2,,https://alkohol-alkoholismus.info/go/alkohol-alkoholismus/,,2
allbetsnews.net,https://allbetsnews.net/,200,Bets on eSports - How to bet on eSports. The best strategies for eSports. Reviews of the most popular eSports games.,0,16,4,,,,1
allcloud.kz,https://allcloud.kz:443/under-construction.html,200,Техническая пауза,0,1,0,,,,0
allegropackage.com,https://allegropackage.com/,200,Lewis-Clark Idaho Dental Society | 5th District Component of the Idaho State Dental Association,0,9,0,,,,0
alliedboneandjoint.com,https://www.alliedboneandjoint.com/,200,Mostbet Onlayn Kazino: Ümumi İcmal,155,25,2,,,cvl36s4x15n.top,2
allmandoz.com,https://allmandoz.com/,200,Allmandoz – Consultoría & Networking,0,0,0,thin_page,,,0
allmolecules.co.in,https://allmolecules.co.in/,200,,0,0,7,,,,7
allrecipes.com,https://www.allrecipes.com/,200,"Allrecipes | Recipes, How-Tos, Videos and More",0,163,30,,,,18
almanac.com,https://www.almanac.com/,200,"The Old Farmer’s Almanac: Gardening, Weather, Moon, Calendar",0,95,19,,,,12
almawasimstore.com,http://almawasimstore.com/,200,Your domain is expired,0,0,7,,,,7
almost-br.bet,https://almost-br.bet/,200,,0,0,0,thin_page,,,0
almostbeta.com,https://almostbeta.com/,200,Almost Beta – I need to stop procrastinating.,30,4,3,,,,3
almostbetterthansex.com,http://almostbetterthansex.com/,200,Welcome almostbetterthansex.com - BlueHost.com,3,0,8,,,,8
almostbety.com,https://bacchuss.net/pc/,200,バッカス,0,11,0,,,,2
alpanahabib.com,https://alpanahabib.com/,200,Melbet App for Bangladesh – Android Download and iOS Setup,0,3,2,,,,2
alphabet777.org,https://alphabet777.org/,200,ALPHABET777 : ALPHA BET 777 Most Complete Platform Feature,0,7,6,,,,5
alphaelectrical.in,https://www.alphaelectrical.in/,200,Melbet India 2026: Registration & Bonuses,0,1,4,,,,1
alsayeghevents.com,http://alsayegh.com,200,Alsayegh,0,31,5,,,,3
alsi-ft.ru,https://alsi-ft.ru/,200,Промышленное и лабораторное оборудование | АЛСИ-ФТ,0,48,3,,,,2
alsiexpress.com,https://alsiexpress.com/,200,Start > ALSI Express | Eastern Europe Logistics,0,18,5,,,,2
altavistadeboracay.com,https://altavistadeboracay.com/,200,"Mostbet娱乐城,Mostbet娱乐城狂欢娱乐城",2,0,10,,,,10
alto-gamma-ray-observatory.org,https://alto-gamma-ray-observatory.org/,200,Mostbet Mobile App | Download APK & iOS in Bangladesh,62,4,3,,,,2
alwaysprofessionalpm.com,https://transdoc.in/,200,SHBET TRANSDOC ⚜️ Trang Chủ Uy Tín Top 1 ✔️ SHBET.COM,0,44,7,,,,6
amar-school.com,https://amar-school.com/,200,Mostbet BD 2026: অফিসিয়াল রিভিউ ও অ্যাপ ডাউনলোড গাইড,190,25,2,,https://amar-school.com/go/amar-school/,,2
amarant73.ru,https://amarant73.ru/,200,Мостбет Казино (Mostbet Casino): онлайн-платформа с бонусами и слотами,37,1,0,,,dashplay37.com,1
amazonaws.com,https://aws.amazon.com:443/,200,Cloud Computing Services - Amazon Web Services (AWS),0,168,104,,,,25
ambridgeevents.com,https://ambridgeevents.com/,200,Fansport – Onlayn Kazino va Sport Tikish 2026,0,2,1,,,,1
americanas.com.br,https://www.americanas.com.br/,200,Americanas - Tudo que você ama,0,38,244,,,,17
americanbaseball2020.com,https://americanbaseball2020.com/,200,How to bet on baseball - the most cheated sport in history,0,14,4,,,,3
americanbenefitprogramme.com,https://americanbenefitprogramme.com/,200,American Benefits Program,0,2,5,,,,4
americasgreatsurvivalgear.com,https://www.americasgreatsurvivalgear.com/,200,Welcome to Our New Website!,0,73,1,,,,5
americataxsolvers.com,https://americataxsolvers.com/,200,America Tax Solvers,0,35,3,,,,3
amexcar.sk,https://amexcar.sk/,200,"Vulkan Vegas Casino SK – Hry, Bonus a Výbery",0,11,1,,,vrsroute.com,3
amiga-life.com,https://amiga-life.com/,200,Mostbet Casino BD 2026: Top Games & Big Wins Await,346,27,2,,https://amiga-life.com/go/amiga-life/,,3
amineradi.com,https://amineradi.com/,200,"Amine Radi
 – Shop Amine Radi",0,33,61,,,shopify.com,25
amistadisrael.com,https://amistadisrael.com/,200,Bienvenido a Bet365 Chile 2026 – Apuestas Deportivas y Casino en Vivo,0,12,3,,,,2
amministrazionestabili.net,https://amministrazionestabili.net/,200,Mostbet Bonus BD 2026: Claim Your Welcome Offer!,98,15,2,,https://amministrazionestabili.net/go/amministrazionestabili/,,3
amorettiprofumi.com,https://www.amorettiprofumi.com/,200,Profumeria On Line | Cosmetica e MakeUp| Amoretti Profumi,0,315,14,,,,9
amp-best-game691.cfd,https://amp-best-game691.cfd/,200,Mostbet AZ | Rəsmi internet saytında giriş və qeydiyyat | Mostbet-az90,91,3,0,,,aos9d9e9g0o.top,1
amp-best-play573.cfd,https://amp-best-play573.cfd/,200,Mostbet AZ Giriş ᐉ Mostbet Azerbaycan Rəsmi Casino,135,2,7,,,cf2w2a827cgd.top,4
amp-evadesignn.ru,https://amp-evadesignn.ru/,200,Мостбет казино | Официальный сайт Mostbet – зеркало для ставок и игр 🎰,16,1,2,,,dashplay37.com,2
amp-game-best-65.cfd,https://amp-game-best-65.cfd/,200,Mostbet Onlayn Kazino: Ümumi İcmal,101,2,0,,,cvl36s4x15n.top,1
amp-game-online-42.cfd,https://amp-game-online-42.cfd/,200,Mostbet Onlayn Kazino: Ümumi İcmal,101,2,0,,,cvl36s4x15n.top,1
amp-game-online518.cfd,https://amp-game-online518.cfd/,200,Mostbet AZ | Rəsmi internet saytında giriş və qeydiyyat | Mostbet-az90,91,3,0,,,aos9d9e9g0o.top,1
amp-game-super176.cfd,https://amp-game-super176.cfd/,200,Mostbet Giriş ⭐️ Mostbet Casino Resmi Web site Türkiye,62,1,0,,,vsgfzfgwgo69.top,1
amp-game-super937.cfd,https://amp-game-super937.cfd/,200,Mostbet AZ Giriş ᐉ Mostbet Azerbaycan Rəsmi Casino,135,2,7,,,cf2w2a827cgd.top,4
amp-game-top915.cfd,https://amp-game-top915.cfd/,200,Mostbet AZ Giriş ᐉ Mostbet Azerbaycan Rəsmi Casino,135,2,7,,,cf2w2a827cgd.top,4
amp-online-top254.cfd,https://amp-online-top254.cfd/,200,Мостбет ᐉ Официальный сайт и бонусы Mostbet,93,2,0,,,1448i2suo8i.top,1
amp-play-top893.cfd,https://amp-play-top893.cfd/,200,Mostbet AZ | Rəsmi internet saytında giriş və qeydiyyat | Mostbet-az90,91,3,0,,,aos9d9e9g0o.top,1
amp-site-best-77.cfd,https://amp-site-best-77.cfd/,200,Mostbet AZ Giriş ᐉ Mostbet Azerbaycan Rəsmi Casino,135,2,7,,,cf2w2a827cgd.top,4
amp-super-best192.cfd,https://amp-super-best192.cfd/,200,Mostbet Giriş ⭐️ Mostbet Casino Resmi Web site Türkiye,62,1,0,,,vsgfzfgwgo69.top,1
amp-super-best851.cfd,https://amp-super-best851.cfd/,200,Mostbet AZ | Rəsmi internet saytında giriş və qeydiyyat | Mostbet-az90,91,3,0,,,aos9d9e9g0o.top,1
amp-super-top815.cfd,https://amp-super-top815.cfd/,200,Mostbet AZ Giriş ᐉ Mostbet Azerbaycan Rəsmi Casino,135,2,7,,,cf2w2a827cgd.top,4
amp-tkd-gepard.ru,https://amp-tkd-gepard.ru/,200,"Мостбет казино 🎯 Официальный сайт, вход и рабочее зеркало Mostbet",16,1,2,,,dashplay37.com,2
amp-win-best904.cfd,https://amp-win-best904.cfd/,200,Mostbet AZ Giriş ᐉ Mostbet Azerbaycan Rəsmi Casino,135,2,7,,,cf2w2a827cgd.top,4
amp77mostbet.com,https://amp77mostbet.com/,200,Our new website is in progress,0,0,0,thin_page,,,0
ampgomostbet.net,https://ampgomostbet.net/,200,Big things will be here soon,0,0,0,thin_page,,,0
ampgomostbet543.net,https://ampgomostbet543.net/,200,Big things will be here soon,0,0,0,thin_page,,,0
ampmostbet365.com,https://ampmostbet365.com/,200,Our new website is in progress,0,0,0,thin_page,,,0
ampnew-login.top,https://ampnew-login.top/,200,We’re getting ready to launch,0,0,0,thin_page,,,0
amulet-freji.ru,https://amulet-freji.ru/,200,Мостбет Казино — вход на официальный сайт и рабочее зеркало Mostbet,41,1,0,,,dashplay37.com,1
amunra-caino-au.com,https://amunra-caino-au.com/,200,AmunRa Casino Australia 🔥 OFFICIAL Online Casino Games 【Real Money Slots + Welcome Bonus】 Play Now 2026,0,22,1,,,og-le-uv.buzz,1
amystewartwriter.com,https://amystewartwriter.com/,200,Mostbet Bangladesh – Trusted Online Casino & Sports Betting Hub,64,4,3,,,,2
anastasiaseregina.ru,https://anastasiaseregina.ru/,200,Мостбет казино рабочее зеркало | Вход на официальный сайт Mostbet,66,1,0,,,dashplay37.com,1
anatoliancommunity.com.au,https://anatoliancommunity.com.au/,200,Anatolian Community Services | Leading the way forward for the Auburn community,0,33,14,,,,5
android-station.ru,https://android-station.ru/,200,Игры на андроид - лучшие версии бесплатных приложений,2,31,1,,,,0
androidbootanimation.com,https://androidbootanimation.com/,200,Mostbet Onlayn Kazino: Ümumi İcmal,155,25,2,,,cvl36s4x15n.top,2
androidp1.com,https://www.androidp1.com/,200,"ANDROID™ PLUS 1 - Скачать бесплатно апк игры и программы, читать последние новости",0,61,4,,,,0
androidzor.com,https://androidzor.com/,200,Link vào nhà cái – Truy cập nhà cái uy tín không bị chặn | 12BET,0,23,16,,,,3
andysummersbook.com,https://andysummersbook.com/,200,Mostbet - Играй в казино и делай ставки на спорт онлайн,160,25,2,,,kbqsn3g6i84.top,1
anekatrip.com,https://anekatrip.com/,200,AnekaTrip - Marketplace Travel dan Informasi Tempat Wisata Terbaik,0,52,10,,,,4
answers.com,https://www.answers.com/,200,Answers - The Most Trusted Place for Answering Life's Questions,0,144,25,,,,9
anthroposophyindia.org,https://anthroposophyindia.org/,200,Mastering Teen Patti Master APK: The Ultimate Guide to India's Favorite Real Cash Gaming Ecosystem,0,3,35,,https://anthroposophyindia.org/go/,,25
antigeli.ru,https://www.antigeli.ru/,200,Mostbet - Играй в казино и делай ставки на спорт онлайн,158,25,2,,,kbqsn3g6i84.top,1
antiguajaboneriamexicana.com,https://antiguajaboneriamexicana.com/,200,Mostbet Bangladesh 2026: Official Site & Features,250,19,2,,https://antiguajaboneriamexicana.com/go/antiguajaboneriamexicana/,,3
aol.com,https://www.aol.com:443/,200,"News, Politics, Sports, Mail & Latest Headlines - AOL.com",0,516,377,,,,25
aot-electronics.com,https://aot-electronics.com/,200,AOT Electronics official website - Jordan Agent,0,146,32,,,,25
ap77.live,https://www.ap77.live/en-au,200,AP77 | Australia #1 Online Pokies | 澳洲顶级娱乐平台 | 多种优惠让您满意 | 转台奖金高达388AUD,0,4,8,,,,8
ap77.win,https://www.ap77.win/en-au,200,AP77 | Australia #1 Online Pokies | 澳洲顶级娱乐平台 | 多种优惠让您满意 | 转台奖金高达388AUD,0,4,8,,,,8
apk-domain-kz.com,https://apk-domain-kz.com/,200,Download app Mostbet,2,0,0,thin_page,,,0
apk-most-bet-casino.ru,https://apk-most-bet-casino.ru/,200,Скачать приложение Мостбет на Андроид:последняя версия 7.9 от 02.2026,38,2,5,,,,1
apk-mostbet-kz.com,https://apk-mostbet-kz.com/,200,Index of /,1,13,0,,,,0
apk-mostbet.com,https://apk-mostbet.com/,200,Download app Mostbet,1,0,0,thin_page,,,0
apk-mostru.com,https://apk-mostru.com/,200,Download app Mostbet,2,0,0,thin_page,,,0
apkbaji.com,https://apkbaji.com/,200,APK Baji - Bangladesh #1 Casino App – Free APK Download,2,20,2,,,,3
apkking.in,https://apkking.in/,200,"Mostbet India Review: Betting Odds, Casino Games & Bonuses",38,0,5,,,,3
apkmostbet.com,https://apkmostbet.com/,200,Download app Mostbet,1,0,0,thin_page,,,0
apkmostbet.mobi,https://www.google.com,200,Google,0,34,7,,,,10
apkpure.net,https://apkpure.net/,200,Free APK & App Download on Android - APKPure Lite,0,133,23,,,,18
aplacetohotels.com,https://aplacetohotels.com/,200,Mostbet - Играй в казино и делай ставки на спорт онлайн,158,25,2,,,kbqsn3g6i84.top,1
apple.com,https://www.apple.com/,200,Apple,0,119,8,,,,25
appmarsh.com,https://appmarsh.com/,200,android root iphone jailbreak free app | appmarsh.com,0,69,8,,,,3
apps.apple.com,https://apps.apple.com/us/iphone/today,200,‎Today for iPhone - App Store,0,475,16,,,,25
aprenderjuridico.com,https://aprenderjuridico.com/,200,Casa Chinesa Importada: Guia de Compra e Preços BR,0,7,5,,,,3
apuestas24.info,https://apuestas24.info/,200,Website nationalcasinoswitzerland.com is ready. The content is to be added,0,0,1,,,,1
aquablu.it,https://aquablu.it/,200,Home: New - Aqua Blu,0,16,3,,,,1
aquaplus-solutions.com,https://www.aquaplus-solutions.com/,200,Mostbet Sportsbook BD: Bet on Cricket & Kabaddi | 125% Bonus,51,13,3,,,,2
arabic-perfume.ru,https://arabic-perfume.ru/,200,"Мостбет официальный сайт, рабочее зеркало ➡️ Mostbet casino: вход, бонусы",45,1,0,,,dashplay37.com,1
arahaberi.com,https://arahaberi.com/,200,ceptv.com.tr,0,0,0,,,,0
arballoon.net,https://arballoon.net/,200,ARBALLOON - PLATAFORMA OFICIAL - 🎰 - ARBALLOON.COM,0,35,1,,,,2
archlinexp.com,https://www.archlinexp.com/,200,Architectural design software | ARCHLine.XP,0,61,6,,,,6
ard-europe.org,https://ard-europe.org/,200,Mostbet Login Pakistan - sports betting casino | Bonus and download APK,183,20,1,,,w4sq2xb2k1x6.top,2
ardahanhudut.com,https://ardahanhudut.com/,200,"Chicken Road Italia Guida al Gioco, Demo Gratis, RTP 98% e Strategie 2026",0,6,2,,,,0
argentinaopentennis.com,https://iebmasargentinaopen.com/,200,IEB+ Argentina Open 6-14 Febrero 2027,0,33,29,,,,25
arkai.pe,https://www.arkai.pe/,200,Mostbet Perú – Apuestas deportivas y casino online con bonos en soles,58,12,3,,,,2
armadagrup.ru,https://armadagrup.ru/,200,"Mostbet казино и Мостбет: официальный сайт, рабочее зеркало, регистрация 🔗💰",30,2,1,,,dashplay37.com,1
armastek-pl.com,https://armastek-pl.com/,200,"MostBet Casino: 125% Bonus, Aplikace a Výplaty do 24h 2026",50,1,0,,,,0
armax-yug.ru,https://armax-yug.ru/,200,Mostbet casino и Мостбет — официальный сайт и рабочее зеркало | 🎰 Ставки,29,2,1,,,dashplay37.com,1
arnotts.ie,https://www.arnotts.ie/,200,"Arnotts | Homeware, Beauty, Furniture, Designer Fashion & Gifts",0,580,11,,,,25
arowaisiofficial.com,https://arowaisiofficial.com/,200,Allama Abdul Rasheed  Owaisi Owaisi – Illuminating Hearts through Knowledge.,0,30,12,,,,5
artandyoga.com,https://www.artandyoga.com/,200,Mostbet Casino Azərbaycan giriş,11,1,0,,https://www.artandyoga.com/go/,,1
articleft.com,https://articleft.com/,200,"Mostbet BD Review 2026: Sports, Casino & App Insights",297,21,2,,https://articleft.com/go/articleft/,,2
artscouncilofclinton.org,https://www.artscouncilofclinton.org/,200,Mostbet Mobile App | Live Cricket Betting & Streams (APK),62,4,3,,,,2
arxim.ru,https://arxim.ru/,200,Мостбет зеркало ⭐ Актуальный доступ | Mostbet casino | Официальный сайт 💰,40,1,0,,,dashplay37.com,1
as-towingca.com,https://as-towingca.com/,200,Mostbet Polska 2026: Twoja Brama do Świata Zakładów i Kasyna Online | As Towingca,521,21,1,,,partners-official.com,3
asb-elektro.ru,https://asb-elektro.ru/,200,Мостбет Казино онлайн сайт: официальный вход и регистрация Mostbet в РФ,42,1,0,,,dashplay37.com,1
asdrojalese.it,https://asdrojalese.it/,200,ASD Rojalese - Pallavolo Reana del Rojale - Volley Udine,0,28,10,,,,8
asianstargroup.com,https://www.asianstargroup.com/,200,"Certified Natural & Polished Diamond Dealers - GIA, IGI, HRD Certified Diamonds | Asian Star",0,72,9,,,,7
asiawave24.com,https://asiawave24.com/,200,Xalqaro  sheriklik dasturining O'zbekistondagi rasmiy sayti,0,1,1,,,,1
askgamblers.com,https://www.askgamblers.com/,200,AskGamblers® - Get the Truth. Then Play.,0,359,24,,https://www.askgamblers.com/login-p46 https://www.askgamblers.com/visit/casino-review/vavada-casino https://www.askgamblers.com/casino-bonuses/latest https://www.askgamblers.com/casino-bonuses/cashback https://www.askgamblers.com/casino-bonuses/reload https://www.askgamblers.com/casino-bonuses/crypto https://www.askgamblers.com/casino-bonuses/sweepstakes https://www.askgamblers.com/casino-bonuses/no-wagering https://www.askgamblers.com/casino-games https://www.askgamblers.com/casino-games/table,gamblezens.com go.froggypartners.com m.trackclicks00.com stake.com,25
asolazecamping.com,https://asolazecamping.com/,200,Mostbet Portugal — Apostas Casino Online Mostbet,223,26,2,,https://asolazecamping.com/play,,1
asomiforg212.top,https://asomiforg212.top/,200,Mostbet AZ | Rəsmi internet saytında giriş və qeydiyyat | Mostbet-az90,91,3,0,,,aos9d9e9g0o.top,1
asomiforg286.top,https://asomiforg286.top/,200,Mostbet AZ | Rəsmi internet saytında giriş və qeydiyyat | Mostbet-az90,91,3,0,,,aos9d9e9g0o.top,1
asomiforg464.top,https://asomiforg464.top/,200,Mostbet AZ | Rəsmi internet saytında giriş və qeydiyyat | Mostbet-az90,91,3,0,,,aos9d9e9g0o.top,1
asomiforg500.top,https://asomiforg500.top/,200,Mostbet AZ | Rəsmi internet saytında giriş və qeydiyyat | Mostbet-az90,91,3,0,,,aos9d9e9g0o.top,1
asomiforg508.top,https://asomiforg508.top/,200,Mostbet AZ | Rəsmi internet saytında giriş və qeydiyyat | Mostbet-az90,91,3,0,,,aos9d9e9g0o.top,1
asomiforg538.top,https://asomiforg538.top/,200,Mostbet AZ | Rəsmi internet saytında giriş və qeydiyyat | Mostbet-az90,91,3,0,,,aos9d9e9g0o.top,1
asomiforg583.top,https://asomiforg583.top/,200,Mostbet AZ | Rəsmi internet saytında giriş və qeydiyyat | Mostbet-az90,91,3,0,,,aos9d9e9g0o.top,1
asomiforg595.top,https://asomiforg595.top/,200,Mostbet AZ | Rəsmi internet saytında giriş və qeydiyyat | Mostbet-az90,91,3,0,,,aos9d9e9g0o.top,1
asomiforg598.top,https://asomiforg598.top/,200,Mostbet AZ | Rəsmi internet saytında giriş və qeydiyyat | Mostbet-az90,91,3,0,,,aos9d9e9g0o.top,1
asomiforg677.top,https://asomiforg677.top/,200,Mostbet AZ | Rəsmi internet saytında giriş və qeydiyyat | Mostbet-az90,91,3,0,,,aos9d9e9g0o.top,1
asomiforg798.top,https://asomiforg798.top/,200,Mostbet AZ | Rəsmi internet saytında giriş və qeydiyyat | Mostbet-az90,91,3,0,,,aos9d9e9g0o.top,1
asomiforg832.top,https://asomiforg832.top/,200,Mostbet AZ | Rəsmi internet saytında giriş və qeydiyyat | Mostbet-az90,91,3,0,,,aos9d9e9g0o.top,1
asomiforg987.top,https://asomiforg987.top/,200,Mostbet AZ | Rəsmi internet saytında giriş və qeydiyyat | Mostbet-az90,91,3,0,,,aos9d9e9g0o.top,1
asomiforg988.top,https://asomiforg988.top/,200,Mostbet AZ | Rəsmi internet saytında giriş və qeydiyyat | Mostbet-az90,91,3,0,,,aos9d9e9g0o.top,1
asomiforg996.top,https://asomiforg996.top/,200,Mostbet AZ | Rəsmi internet saytında giriş və qeydiyyat | Mostbet-az90,91,3,0,,,aos9d9e9g0o.top,1
astanapremiertech.com,https://astanapremiertech.com/,200,Home - Astana - Premier Tech,0,36,35,,,,25
astilleroencomic.es,https://astilleroencomic.es/,200,,0,1,0,thin_page,,,1
astronaut.io.in,https://astronaut.io.in/,200,Astronaut Game Slot in India - Play Online Now,0,14,4,,,,3
astrozeka.com,https://astrozeka.com/,200,,0,0,0,thin_page,,,0
ataxicabcompanyllc.com,https://www.ataxicabcompanyllc.com/,200,Mostbet Azərbaycan 🎖️ 2026 Bonusları və Ən Yaxşı Mərc Seçimləri,10,1,0,,,,0
atlantic-brosserie.fr,https://atlantic-brosserie.fr/,200,Accueil - Atlantic Brosserie,0,6,3,,,,1
atletismo-estatistica.pt,https://atletismo-estatistica.pt/,200,"Estatísticas do Atletismo Português, criado por Manuel Arons de Carvalho",0,335,3,,,,2
atomkart.in,https://atomkart.in/,200,Mostbet IN - Official Website in India - ₹45000,112,5,3,,,,2
attitudewalastatus.com,https://attitudewalastatus.com/,200,Mostbet 2026 BD: Future of Online Betting in Bangladesh,247,18,2,,https://attitudewalastatus.com/go/attitudewalastatus/,,2
atyourserviceph.com,https://atyourserviceph.com/,200,Concierge - atyourservicesph,0,9,7,,,,3
auchan.fr,https://www.auchan.fr/,200,"Auchan. Promos, infos drives et magasins, courses en ligne livrées à domicile.",0,184,18,,,,13
auchan.pt,https://www.auchan.pt/,200,Auchan Online | O seu supermercado online,0,147,18,,,ar-customerdiamond-pt.my.site.com,23
aucrownplay.net,https://aucrownplay.net/,200,AUCROWNPLAY - PLATAFORMA OFICIAL - 💎 - AUCROWNPLAY.COM,0,48,1,,,,1
aucsdq.top,https://aucsdq.top/,200,תחזית מחירי המניות החזקה ביותר של בינה מלאכותית לשנת 2025,0,2,1,,,,0
auctions.yahoo.co.jp,https://auctions.yahoo.co.jp/,200,Yahoo!オークション - 日本最大級のネットオークション・フリマアプリ,0,190,93,,,,25
auditionform.in,https://www.auditionform.in/,200,AuditionForm – Entertainment Content and Auditions News,0,49,9,,,,5
aukro.cz,https://aukro.cz/,200,Aukro.cz - největší online bazar s aukcemi,0,28,13,,,,2
auted.ru,https://auted.ru/,200,"Mostbet 🎰 Официальный сайт и зеркало — казино Mostbet, ставки | Факты и бонусы 💰",28,2,1,,,dashplay37.com,1
auth.gr,https://www.auth.gr/,200,ΑΡΙΣΤΟΤΕΛΕΙΟ ΠΑΝΕΠΙΣΤΗΜΙΟ ΘΕΣΣΑΛΟΝΙΚΗΣ,0,131,9,,,,6
authenticindigenous.com,https://authenticindigenous.com/,200,Mostbet AZ Giriş | Mərc və kazino Mostbet Azərbaycan 2025,128,9,4,,,jdj8skeeb0.top,1
autolendpro.com,https://autolendpro.com/,200,Auto Lend Pro -,0,7,1,,,,1
automototuning.ru,https://automototuning.ru/,200,Мостбет казино ⭐ Приложение Mostbet для Android и iOS | Официальная загрузка ▶️,41,1,0,,,dashplay37.com,1
autoscuole2000.com,https://autoscuole2000.com/,200,Mostbet App for BD 2026: Install & Start Betting Now,331,19,2,,https://autoscuole2000.com/go/autoscuole2000/,,3
autoskolaliskovec.cz,https://www.autoskolaliskovec.cz/,200,"Mostbet Casino Česko 2026: Moderní online kasino, automaty a sportovní sekce",82,12,3,,,,2
autoskolaprikasky.cz,https://autoskolaprikasky.cz/,200,"MostBet Casino ČR 2026: Uvítací Bonus, Sloty a Aplikace",49,1,0,,,,0
autoslezak.cz,https://autoslezak.cz/,200,,0,0,0,thin_page,,,0
autostopusedtires.com,https://www.autostopusedtires.com/,200,Mostbet Casino: Przejmij Kontrolę Nad Swoją Grą,11,0,3,,,,1
autotalkz.com,https://laventanavirtual.com/,200,INDOWD: Link Virtual Situs Toto Slot Gacor Hari Ini & Toto 4D Togel Online,0,37,5,,,,5
auw.com.tr,https://auw.com.tr/,200,auw | Bizim İçimiz Çok Rahat...,0,194,6,,,,6
avanaturalskincare.com,https://avanaturalskincare.com/,200,Mostbet CZ: Váš průvodce světem online sázení a kasina | Bonusy až 10 500 Kč,75,3,5,,https://avanaturalskincare.com/go/,,4
avdrs.com,https://avdrs.com/,200,AV Doctors,0,33,5,,,,3
aventure-se.com,https://aventure-se.com/,200,aventure-se.com | faz as malas! fugimos hoje…,2,52,39,,,,25
aviahelp30.ru,https://aviahelp30.ru/,200,Мостбет казино рабочее зеркало | Вход на официальный сайт Mostbet,66,1,0,,,dashplay37.com,1
aviationheadlines.com,https://aviationheadlines.com/,200,Mostbet App Download: Official 2025 APK for Android & iOS,74,11,3,,,,2
aviator-gpt.com,https://aviator-gpt.com/,200,Aviator GPT - Real or Fake? > try this demo for sure,2,4,0,,,aviator-winner.com,1
aviator-mosbet.kz,https://aviator-mosbet.kz/,200,Авиатор в Mostbet: Играйте в Казахстане | Выигрывайте!,337,5,10,,,,8
aviator-uzb.com,https://tatlikizlar.lol/,200,Istanbul Eskort Bayan,0,42,23,,,,2
aviatorcasino.pk,https://aviatorcasino.pk/,200,Aviator Game Online in Pakistan – Join and Play Today,0,21,3,,,thesamein.top,4
aviatrixkenya.co.ke,https://aviatrixkenya.co.ke/,200,Aviatrix Kenya – #1 Crash Game | Play & Win KES 2026,0,10,3,,https://aviatrixkenya.co.ke/play/,,3
avrotros.nl,https://www.avrotros.nl/,200,Homepage AVROTROS | AVROTROS,0,65,6,,,,9
avto-gazeta.ru,https://avto-gazeta.ru/,200,Мостбет зеркало 🎰 Вход на официальный сайт Mostbet Casino,96,10,2,,,aaamervix.top,2
avtorez.ru,https://avtorez.ru/,200,"Mostbet, Мостбет казино — официальный сайт и актуальное зеркало 🎰 🔗",29,2,1,,,dashplay37.com,1
axios.com,https://www.axios.com/,200,"Axios - Breaking news, U.S. news and politics, and local news",0,183,13,,,,25
aydoskoleji.com,https://aydoskoleji.com/cgi-sys/suspendedpage.cgi,200,Account Suspended,0,0,0,thin_page,,,0
ayintapotobakim.com,https://ayintapotobakim.com/,200,Mostbet Azərbaycan – Uduş gətirən bahis imkanları və bonuslar,74,9,3,,,,2
ayyapiavm.com,https://www.ayyapiavm.com/,200,Mostbet Azərbaycanda – Sərfəli koefisiyentlər və bonuslar,86,9,3,,,,2
az-mostbet-2025.com,https://az-mostbet-2025.com/,200,Big things will be here soon,0,0,0,thin_page,,,0
az-mostbet-online.com,http://az-mostbet-online.com/,200,Parking Page,0,0,3,,,,2
az-mostbet-yukle.com,https://az-mostbet-yukle.com/,200,Success!,0,0,0,thin_page,,,0
az-mostbet.ru,https://az-mostbet.ru/,200,FASTPANEL,0,0,1,,,,1
az-mostbet.store,http://az-mostbet.store/,200,,0,0,8,,,,6
az-muallimi.com,http://az-muallimi.com/,200,NameBright - Coming Soon,0,0,1,thin_page,,,1
azerbaycan-mosbet.ink,https://eccm20.org/,200,Mostbet Onlayn Kazino: Ümumi İcmal,151,24,2,,,cvl36s4x15n.top,1
azerbaycanmostbet.com,http://azerbaycanmostbet.com/,200,Parking Page,0,0,3,,,,2
azimut-kms.ru,https://azimut-kms.ru/,200,"7к Казино — 7K: рабочее зеркало, регистрация и вход",0,16,1,,,nimbuspanelcore.shop,1
azmostbet.pro,https://azmostbet.pro/,200,Big things will be here soon,0,0,0,thin_page,,,0
azmosttopgamesslts.world,https://azmosttopgamesslts.world/,200,,0,0,56,,,,25
aztecgemsslot.ru,https://aztecgemsslot.ru/,200,Игровой автомат Aztek Gems 🎰 играть бесплатно: обзор слота от Pragmatic Play,0,1,1,,,fortuna-promo2.com,2
azthuoc.com,https://azthuoc.com/,200,"AZ Thuoc – AZThuoc chuyên trang thông tin thuốc, phòng khám, bệnh viện, y dược",0,17,13,,,,13
azvgroup.com,https://azvgroup.com/,200,AZV Group,32,10,12,,,,9
b72betwin.com,https://b72betwin.com/,200,b72bet - Plataforma Oficial -b72bet.com,0,18,6,,,,7
back2gaming.com,https://www.back2gaming.com/,200,Back2Gaming - Back2Gaming,0,148,19,,,,25
baguz.info,https://baguz.info/,200,Sharing is Amazing | Baguz InfoMedia,0,38,4,,,,1
bajigar11.club,https://bajigar11.club/,200,Bajigar11 - Official Cricket ID | Bet on IPL 2026 | 1 Min Withdrawal | 50% Bonus,0,7,1,,,,1
bajkowymikolaj.pl,https://bajkowymikolaj.pl/,200,Mostbet Polska | Top Rated & Trusted Platforms 2026,143,20,1,,,partners-official.com,3
balkanskoe.ru,https://balkanskoe.ru/,200,БК Мостбет: официальный сайт и рабочее зеркало Mostbet,61,2,4,,,onxpromototal.com,3
baloncestobase.com,https://baloncestobase.com/,200,1xbet mongolia 2026 онд албан ёсны сайтад бүртгүүлээрэй,0,7,8,,,mangeasy.com,8
baltiklojistik.com,https://www.baltiklojistik.com/,200,Mostbet Azərbaycan: Rəsmi Tətbiq Yüklə | Bonus 550 AZN,58,11,3,,,,2
baltimoresun.com,https://www.baltimoresun.com/,200,"Baltimore Sun – Baltimore Sun: Your source for Baltimore breaking news, sports, business, entertainment, weather and traffic",0,208,36,,,,25
banarasicraftbazaar.com,https://banarasicraftbazaar.com/,200,Home - Banarasi Craft Bazaar,0,80,77,,,,25
banery-warszawa.pl,https://www.banery-warszawa.pl/,200,"MostBet Polska 🇵🇱 Kasyno Online – Logowanie, Aplikacja, Bonusy & Opinie",123,11,1,,,serffigrcqufssefv.help,1
bangladesherpatrika.com,https://bangladesherpatrika.com/,200,Mostbet | Casino & Sports - Real-Time Gaming Thrills,176,23,10,,,,3
banknotes365.com,https://banknotes365.com/,200,Mostbet Casino: Azərbaycanda İdeal Mərc və Oyun Məkanı,56,9,3,,,,2
bankofcanada.ca,https://www.bankofcanada.ca/,200,Bank of Canada,0,177,19,,,,9
bantamamarket.com,https://bantamamarket.com/,200,Bantama Supermarket – Bantama Supermarket,0,25,1,,,,1
bariqs.com,https://bariqs.com/,200,Bariq,0,14,4,,,,1
basketballinsiders.org,https://www.basketballinsiders.com/,200,Basketball Insiders - Get The Latest NBA News & Rumors 2026,0,233,19,,,bs_32cbe8ae.gridrelay41.co bs_440587aa.gridrelay41.co bs_53b639c4.dealsfornewyear.care bs_e8385495.gridrelay41.co bs_fac72811.gridrelay41.co,19
bastau.kz,https://bastau.kz/,200,Мостбет официальный сайт казино и букмекера в КЗ,211,26,4,,,jvehktyqvk71.top,5
bastaukz.cfd,https://bastaukz.cfd/,200,Мостбет официальный сайт казино и букмекера в КЗ,144,2,0,,,jvehktyqvk71.top,1
bathbombreviews.com,https://bathbombreviews.com/,200,Mostbet Cassino PT – Experiência de Jogo Imersiva com Aviator e Slots,76,3,1,,https://bathbombreviews.com/go,,1
batikartbarbados.com,https://lakeareanursery.com/,200,Royal Reels Casino Australia ᐉ Official Website 2026,0,5,2,,,,0
battery-bet.org,https://battery-bet.org/,200,Battery bet - Most Trusted Battery bet Official Online Game,0,16,0,,,redirect.kss22.com,4
bazar.bg,https://bazar.bg/,200,"Безплатни обяви от Bazar.bg – обяви за работа, имоти, коли, услуги..",0,255,5,,,,25
bazaslowian.pl,https://bazaslowian.pl/,200,"Mostbet Polska ⭐ Kasyno Internetowe, Bonus i Logowanie",148,9,1,,,serffigrcqufssefv.help,1
bazos.sk,https://www.bazos.sk,200,"Bazos.sk - Inzercia, bazár",0,83,5,,,,4
bb-sh.com,http://bb-sh.com/,200,,0,0,8,,,,6
bb1.bet,https://bb1.bet/,200,Slots Ouro - caça-níqueis – Apps no Google Play - BB1.BET Melhor Cassino Online do Brasil 24/7,1,1,20,,,,11
bbc.co.uk,https://www.bbc.co.uk/,200,BBC - Home,0,138,401,,,,25
bbc.com,https://www.bbc.com/,200,"BBC Home - Breaking News, World News, US News, Sports, Business, Innovation, Climate, Culture, Travel, Video & Audio",0,336,110,,,,25
bbcnewsbd.com,https://www.bbcnewsbd.com/,200,BBC NEWS BD | News Agency and Online News Portal,0,95,3,,,,6
bbfashionslz.com,https://bbfashionslz.com/,200,Casa de aposta chinesa: 8 melhores opções testadas BR,0,7,5,,,,3
bbsandbgs.com,https://bbsandbgs.org.uk,200,The BBS and BGS,0,51,5,,,,2
bbttbeth5.com,https://bbttbeth5.com/,200,"BBTT BET O cassino mais confiável do Brasil, um operador certificado pela IBIA.💸 - BBTT BET: Brazil's Most Trusted Casino, Certified by IBIA",0,20,1,,,,0
bdmostbet.com,http://bdmostbet.com/,200,NameBright - Coming Soon,1,0,1,thin_page,,,1
bdutyfree.com,https://bdutyfree.com/,200,Bahrain duty free,0,274,13,,,,11
be-leader.it,https://be-leader.it/,200,Home - Be Leader,0,16,12,,,,10
beaddangledesign.com,https://beaddangledesign.com/,200,"""One-of-a-Kind Artisan Beaded Jewelry Made in USA | Bead Dangle Design",0,60,18,,,,19
beardedky.cz,https://www.beardedky.cz/,200,,0,66,9,,,,8
beaufortrestaurant.com,https://beaufortrestaurant.com/,200,Emily's Restaurant & Tapas Bar | Beaufort South Carolina,0,10,9,,,,7
beautiful-and-sublime.com,https://beautiful-and-sublime.com/,200,Site not found · DreamHost,0,0,3,thin_page,,,3
beautifulprints.com.ng,https://beautifulprints.com.ng/,200,"Home - Beautiful Prints, We provide full-service printing solutions; from  industrial Oﬀset, Digital print, to Large Format,  Variable Data, UV/Screen printing, and more.We design, print, and assemble",20,12,17,,,,19
beauty-star.it,https://beauty-star.it/,200,Beauty Star | Tutto il beauty che ami,0,494,36,,,,25
beautyline.com.cy,https://beautyline.com.cy/,200,Homepage | Copyright © 2025 Beauty Line,0,192,9,,,,16
beef-casino24.de,https://beef-casino24.de/,200,"Beef Casino Deutschland – Bonus, Spiele & Auszahlung",0,9,1,,,spin4win.live,2
beefcasino-app.de,https://beefcasino-app.de/,200,"Beef Casino Deutschland – Bonus, Spiele & App",0,9,1,,,spin4win.live,2
beep-beep-kasyno.com,https://beep-beep-kasyno.com/,200,"Recenzja Beep Beep Casino 2026 – gry, bonusy, płatności i opinie graczy",1,8,3,,,getruvada.com,3
beepbeepkasyno.net,https://beepbeepkasyno.net/,200,"Beep Beep Casino opinia 2026 – przegląd gier, bonusów, płatności i funkcji",1,8,3,,,getruvada.com,3
begendikpastirmacilik.com,http://begendikpastirmacilik.com/,200,,0,0,8,,,,6
beincrypto.com,https://beincrypto.com/,200,Unbiased Crypto News - BeInCrypto,0,269,89,,,,25
belleparis.pl,https://belleparis.pl/,200,Kasyno Online BLIK dla polskich użytkowników,0,3,2,,,,1
bemundus.eu,https://www.bemundus.eu/,200,Mostbet Casino PT ▷ Login no Casino Most Bet Portugal [2026],34,1,0,,,777zxcqazw.top,1
bento-aesthetics.nl,https://www.bento-aesthetics.nl/,200,Bento Aesthetics | Home,0,11,6,,,,2
bergdorfgoodman.com,https://www.bergdorfgoodman.com/,200,Bergdorf Goodman | The Iconic Luxury Department Store,0,463,49,,,,25
berlin-metal-and-goth.com,https://berlin-metal-and-goth.com/,200,Mostbet DE | Online Sports Betting & Casino in Deutschland,73,12,3,,,,2
beruangplayboy.com,https://naogaonpoura.com,200,BERUANGPLAY : Login Slot Gacor Alternatif Link Slot777 Terbaru Tahun 2026,0,4,13,,,,2
best-betting-sites-uk.br.com,https://best-betting-sites-uk.br.com/,200,Best Betting Sites: Top New Online Bookmakers in the UK,0,18,27,,,,23
best-betting-sites.co.uk,https://best-betting-sites.co.uk/,200,Best Betting Sites: Top New Online Bookmakers in the UK,0,18,27,,,,23
best-game-super846.cfd,https://best-game-super846.cfd/,200,Mostbet AZ | Rəsmi internet saytında giriş və qeydiyyat | Mostbet-az90,91,3,0,,,aos9d9e9g0o.top,1
best-game-top539.cfd,https://best-game-top539.cfd/,200,Mostbet AZ Giriş ᐉ Mostbet Azerbaycan Rəsmi Casino,135,2,7,,,cf2w2a827cgd.top,4
best-parimatch-tza.com,https://best-parimatch-tza.com/,200,Parimatch betting Tanzania ← The most diverse Parimatch bet TZ,0,19,5,,,,7
best-sports-betting-sites.uk.com,https://best-sports-betting-sites.uk.com/,200,Best Betting Sites: Top New Online Bookmakers in the UK,0,18,27,,,,23
best-top-online195.cfd,https://best-top-online195.cfd/,200,Mostbet AZ | Rəsmi internet saytında giriş və qeydiyyat | Mostbet-az90,91,3,0,,,aos9d9e9g0o.top,1
bestbetplay.com,https://bestbetplay.com/,200,Best Betting Sites India 2026 | MegaPari FOOTBALLKING,2,2,4,,,,0
bestcardwin.com,https://bestcardwin.com/,200,Teen Patti Real Money 2026 | भारत गाइड,0,23,4,,,,2
besthighholydayservices.com,https://besthighholydayservices.com/,200,The New York Jewish Community - The New York Jewish Community,0,20,6,,,,5
bestmostbet.com,https://bestmostbet.com/,200,"7к казино (7k casino) – официальный сайт 7к, регистрация",24,2,2,,,service-clickflowredirect.com,4
bestslotbonanza.org,https://bestslotbonanza.org/,200,Sweet Bonanza играть на деньги в слот Свит Бонанза 1000 онлайн,4,19,0,,,,4
bet-andreas-az.com,https://motorsikletekspertizci.com/,200,Betandreas Giris AZ Onlayn Kazino 🎖 Rəsmi Sayt və Mobil Tətbiq,0,13,1,,,lgamiwhirl.com,3
bet-andreas-kz.com,https://bet-andreas-kz.com/,200,,0,1,0,thin_page,,,1
bet-elmost3ml.com,https://bet-elmost3ml.com/,200,Home - بيت المستعمل لشراء الأثاث المستعمل بالرياض 0530914138,0,14,4,,,,5
bet-lucky-top895.cfd,https://bet-lucky-top895.cfd/,200,Mostbet AZ Giriş ᐉ Mostbet Azerbaycan Rəsmi Casino,135,2,7,,,cf2w2a827cgd.top,4
bet-midrash.org,https://bet-midrash.org/,200,"Bet Midrash - Bet Midrash House of Learning, Study House. One of the most effective learning techniques has been a part of Jewish culture for centuries.",0,24,10,,,,4
bet-on-it.net,https://bet-on-it.net/,200,Bet On It - Professional Betting Tips - Most accurate free and premium sport tips on market,0,126,3,,,,9
bet-ru-guide.help,https://bet-ru-guide.help/,200,"Mostbet — зеркало для входа: казино, ставки и бонусы онлайн",13,0,0,,,,0
bet10most.com,http://bet10most.com:8181/,200,域名到期-域名续费提醒,0,0,30,,,,25
bet345pk.net,https://bet345pk.net/,200,Bet345PK -,0,36,2,,,,3
bet7lg.com,https://bet7lg.com/pk,200,7LGCASINO.COM-Best Real Money Online Casino In Pakistan 24/7,1,1,39,,,,21
betacular.blog,https://betacular.blog/,200,Mostbet AZ ᐉ 550 AZN promokod bonus | Azərbaycanda Mostbet AZ kazinosu,26,1,14,,,pt89vw9.top,15
betalchemist.com,https://www.betalchemist.com/,200,BetAlchemist | 14 Years Of Proven Horse Racing Tips,0,37,15,,,,8
betamost.cz,https://www.betamost.cz/,200,BETAMOST - INŽENÝRINK s.r.o.,0,25,19,,,,10
betandreas-azerbaijan-play.com,https://betandreas-azerbaijan-play.com/,200,Betandreas ilə Qalibiyyətin Dadına Baxın,7,14,1,,,,1
betandskill.com,https://www.betandskill.com/,200,Best Gambling Sites 2026 | UK & Worldwide | Bet&Skill,0,138,20,,,,25
betarenaaz.com,https://betarenaaz.com/,200,,0,1,0,thin_page,,,1
betbetcasinox.com,https://betbetcasinox.com/,200,Bet Bet Casino - ❤ محفوظ آن لائن اسپورٹس بک اور ایچ ڈی لائیو ڈیلر کیسینو انٹرٹینمنٹ پاکستان,0,20,4,,,,7
betexchange-app.com,https://betexchange-app.com/,200,Bet Exchange - Most Trusted Bet Exchange Official Online Game,0,16,0,,,redirect.kss22.com,4
bethemost2025.com,https://www.zola.com/wedding/derekandlina,200,Derek Most and Lina Quinones' Wedding Website,0,18,6,,,,7
betlehemfigurak.hu,https://www.betlehemfigurak.hu/,200,MostBet ✔️ regisztráció és bejelentkezés a hivatalos oldalon,79,10,2,,,serffigdmlzkrl.help,2
betmarket.com.cy,https://www.betmarket.com.cy/,200,Στοιχηματικές Εταιρείες με νόμιμη άδεια στην Κύπρο,0,189,18,,,a.meridianbet.com.cy clicks.af-cy8cff.com in2bet.com.cy rt.novibet.partners stx-track.com tracker.winmasters.com www.bet365.com,25
betmost.app,http://betmost.app/,200,,0,0,8,,,,6
betonarna-k-most.cz,https://www.betonarna-k-most.cz/,200,ALV BETON s.r.o.,0,19,5,,,,5
betonline88.org,https://betonline88.org/,200,BETONLINE88 | Panduan Lengkap Taruhan Genap Ganjil Slot Online Resmi,0,5,14,,,,4
betonmobile.ru,https://betonmobile.ru/,200,Гид по ставкам на спорт и букмекерским конторам для новичков,1,333,13,,,,25
betonpokerf.com,https://betonpokerf.com/,200,Bet On Poker – Top Snooker Earning Games in Pakistan 2026,0,37,5,,,,2
betpack.com,https://www.betpack.com/,200,Best Betting Sites | Online Betting Sites | Betpack,0,261,13,,,go.aff.kingsgame.partners mu.fastmui.com volmesappliant.com,25
betql.co,https://betql.co/,200,BetQL - Trending Sports Betting Tips & Daily Expert Tips,0,206,74,,,,25
betrad.pl,https://betrad.pl/,200,,0,0,0,thin_page,,,0
betrating.org,https://betrating.org/,200,Рейтинг букмекеров и онлайн-казино 2026 | BET RATING,0,83,37,,,,25
betreuungszentrum-ostschweiz.ch,https://betreuungszentrum-ostschweiz.ch/,200,"Hello, this domain has been purchased at Hostpoint",0,1,2,,,,2
betsportscash.com,http://www.betsportscash.com/,200,,0,0,4,,,,2
better-thermostat.org,https://better-thermostat.org/,200,Welcome to Better Thermostat | Better Thermostat,0,6,4,,,,2
betterthanmost.app,https://www.betterthanmost.app/,200,Better Than Most – Fantasy Golf App for PGA Tour Picks,0,14,4,,,,0
betterthanmostbarns.com,http://www.betterthanmostbarns.com,200,"Northwest Arkansas Storage sheds, portable buildings, Northwest Arkansas ""better than most!"" Himsl Building",0,5,3,,,,3
betterthanmostllc.com,http://betterthanmostllc.com/,200,,0,1,12,,,,13
betterthanmostthings.com,https://betterthanmostthings.com/,200,BTMT - Better Than Most Things - PODCAST,0,12,12,,,,2
betting-matches.com,https://betting-matches.com/,200,"Soccervista , predictz , zulubet , adibet , forebet , liobet , solopredict , statarea , betensured , vitibet , soccer vista, fixed matches 100 sure, free fixed matches predictions, free fixed match od",0,17,24,,,,22
bettingpros.com,https://www.bettingpros.com/,200,"BettingPros — Free Sports Betting Picks, Odds & Expert Analysis",0,61,11,,,,13
bettingtools.com,https://bettingtools.com/,200,BettingTools | The Essential Tools To Help You Bet Better,0,108,8,,,,8
bettorthanmost.com,https://bettorthanmost.com/,200,bettorthanmost.com,0,1,3,,,,1
bettybetcasinoq.com,https://bettybetcasinoq.com/,200,betty bet casino - 🔥 محفوظ آفیشل اسپورٹس بک اور جدید بلیک جیک اور رولیٹ کیسینو پاکستان,0,20,4,,,,7
betum.com.ng,https://betum.com/,200,Mobile Casino & Sports Betting | Betum,0,63,10,,,,6
betum.ke,https://betum.com/,200,Mobile Casino & Sports Betting | Betum,0,63,10,,,,6
betum.mn,https://betum.com/,200,Mobile Casino & Sports Betting | Betum,0,63,10,,,,6
betum.pk,https://betum.com/,200,Mobile Casino & Sports Betting | Betum,0,63,10,,,,6
betway.mw,https://betway.com/g/en/casino,200,Online Casino Betway | Play Casino Games Online,0,404,419,,,,25
bevisual.by,https://bevisual.by/under-construction.html,200,Техническая пауза,0,1,0,,,,0
beykozegitimedestek.org.tr,https://beykozegitimedestek.org.tr/,200,"Beykoz Eğitim Desteği - Eğitim, Burs ve Öğrenci Destekleri",0,40,59,,,,25
beyondconviction.com,https://beyondconviction.com/,200,Beyond Conviction: Victims Confront Offenders in Restorative Justice,0,7,0,,,,1
bgconfidential.ae,https://www.pyctes.com.ar/,200,MAXSLOT88: Situs Link Slot Jackpot Agen 888 Slots Resmi SLOT88 Terpercaya,0,1,9,,,,4
bhaiplay.org,https://bhaiplay.org/,200,Bhaiplay - Official Cricket ID | Bet on IPL 2026 | 1 Min Withdrawal | 45% Bonus,0,7,49,,,,25
bhavbazarr.org,https://bhavbazarr.org/,200,Bhavbazarr - Official Cricket ID | Bet on IPL 2026 | 1 Min Withdrawal | 50% Bonus,0,7,49,,,,25
biblio28.ru,https://biblio28.ru/,200,Мостбет — ставки на спорт и казино онлайн с актуальным зеркалом,173,26,2,,https://biblio28.ru/play,,1
big-bass-bonanza-slot.ru,https://big-bass-bonanza-slot.ru/,200,"Big Bass Bonanza 🎣 игровой автомат от Pragmatic Play: играть бесплатно, демо, бонусы, фриспины",0,1,1,,,getruvada.com,2
big-bass-splash-game.ru,https://big-bass-splash-game.ru/,200,Big Bass Splash 🎣 игровой автомат – слот от Pragmatic Play,0,1,1,,,fortuna-promo2.com,2
bigbasssecrets.pl,https://bigbasssecrets.pl/,200,"Big Bass Secrets 2026: slot Pragmatic Play, RTP 96,07%, recenzja i kasyna online",18,21,10,,,,6
bigcirc.ru,https://bigcirc.ru/,200,Mostbet UZ — rasmiy sayt va online casino imkoniyatlari,152,25,2,,,8ewbp4jwxz.top,1
bigsaver.dk,https://bigsaver.dk/,200,Deals - BigSaver.dk - Shop til 50-90% nedsatte priser,0,187,18,,,,11
bilet29.ru,https://lingvotutor.ru/,200,Мостбет зеркало | Вход на официальный сайт казино Mostbet,96,13,3,,https://lingvotutor.ru/play,,4
bilnot.com,https://bilnot.com/,200,Bilişim Notları – Bilişim Haberleri,0,517,5,,,,4
binarioweek.com,https://binarioweek.com/,200,Casa de aposta chinesa confiável: 9 plataformas selecionadas,0,7,5,,,,3
bingox.io,https://bingox.io/en,200,Bingo,0,20,3,,,,8
binzaeim.com,https://binzaeim.com/,200,BinZaeim | Analysis,0,34,3,,,,3
biokykbtmb.com,http://biokykbtmb.com/,200,porkbun.com | expired domain,0,0,2,,,,2
biotreen.ru,https://biotreen.ru/,200,Mostbet (Мостбет) и БК: бонусы 100% и рабочее зеркало сайта,59,2,4,,,onxpromototal.com,3
bioways.eu,https://www.bioways.eu/,200,MostBet Portugal — Casino Online e Apostas com Bónus,104,4,0,,,ujhnh8zb.top,2
bison-trail.org,https://bison-trail.org/,200,"Royal Reels 24 Australia 🎰 Login, Sign Up & Casino Bonus Chips",0,5,2,,,,0
bitcoinist.com,https://bitcoinist.com/,200,"Bitcoin News, Recent Updates, Price and Analysis – Bitcoinist",0,137,21,,,www.club-8.nl,11
biwakwlesie.pl,https://biwakwlesie.pl/,200,"Biwak w lesie, czyli jak legalnie nocować na łonie natury",1,7,13,,,,12
bizimqirim.org,https://bizimqirim.org/,200,Mostbet Casino PL 🎰 Oficjalna Strona Kasyna Mostbet w Polsce,24,1,0,,,greatgame12.com,1
bk-mostbet.com,https://bk-mostbet.com/,200,Coming Soon,0,0,0,thin_page,,,0
bk8malaysia.bet,https://bk8malaysia.net/,200,BK8 Malaysia | Trusted Online Casino | Sports Betting & Live Casino,0,18,1,,,www.petigold.com,2
bkk-gaming.limo,https://bkk-gaming.limo/,200,bkk-gaming -,9,19,4,,,,6
blackdoulasblackmamas.org,https://blackdoulasblackmamas.org/,200,"Mostbet Casino PL – Oficjalna Strona, Login i Bonus",55,26,2,,,,4
blackpanther777slotv.com,https://blackpanther777slotv.com/,200,black panther 777 slot – Top Earning Games Hub for Pakistani Users 2026,0,37,5,,,,2
blackskimmer.cl,https://www.casasohiggins.cl/,200,Mejores casinos online Chile 2026: retiros reales en CLP,1,18,2,,,cl-globallink.com partners-official.com partnerscore-global.com,9
bleacherreport.com,https://bleacherreport.com/,200,Bleacher Report | Sports. Highlights. News. Now.,0,61,1275,,,,25
blibli.com,https://www.blibli.com/,200,"Blibli: Belanja Online ✔ Pasti ORI, Aman & Terpercaya",0,227,224,,,,25
blitzbetcasinoh.com,https://blitzbetcasinoh.com/,200,blitz bet casino - 🧧 جدید موبائل اسپورٹس ویجرنگ انجن اور وی آئی پی کیسینو رومز پاکستان,0,20,4,,,,7
blitzbetg.com,https://blitzbetg.com/,200,blitz bet - ✨ پاکستان کے صارفین کیلئے موبائل فرینڈلی کیسینو اور ہائی آڈز بیٹنگ سروس,0,20,4,,,,7
blockbusterbetapp.com,https://blockbusterbetapp.com/,200,,0,1,0,thin_page,,,1
blog.google,https://blog.google/,200,News from Google | Google Product and Technology News and Stories,0,52,7,,,,3
blog.youtube,https://blog.youtube/,200,Official YouTube Blog for Latest YouTube News & Insights,0,51,91,,,,3
blok-t.ru,https://blok-t.ru/,200,Мостбет (Mostbet) — бонусы 125% и 250 FS на первый депозит,56,1,4,,,onxpromototal.com,3
bloodtoberfest.com,https://www.bloodtoberfest.com/,200,Mostbet Polska 2026: Twoja Brama do Świata Rozrywki Online | Bloodtoberfest,178,21,2,,,partners-official.com,3
bloomberg.com,https://www.bloomberg.com/europe,200,Bloomberg Europe,0,381,93,,,,25
bloomberglaw.com,https://www.bloomberglaw.com/login?target=https%3A%2F%2Fwww.bloomberglaw.com%2Fstart,200,Bloomberg Law - Product Log In,0,3,4,,,,4
blues-station.pl,https://blues-station.pl/,200,Mostbet pl — Kasyno Online dla Polskich Graczy 2026,147,19,1,,,partners-official.com,3
bluewatt.pl,https://bluewatt.pl/,200,WatchMeWin Casino Polska - Bonus 100% do 2250 zł dla graczy,0,2,6,,,mio.novarao.com,6
bmbeth.com,https://bmbeth.com/,200,bm bet - ⭐ آن لائن کرکٹ بیٹنگ اور خصوصی کیسینو بونس آفرز,0,20,4,,,,7
bmcbooks.com,https://bmcbooks.com/,200,Checking your browser...,0,0,0,,,,0
bmcparts.co.uk,https://bmcparts.co.uk/,200,Best Betting Sites: Top New Online Bookmakers in the UK,0,18,27,,,,23
bmw-dom.ru,https://bmw-dom.ru/,200,Мостбет Казино официальный сайт — зеркало Mostbet Casino,38,1,0,,,dashplay37.com,1
boaboa-bonus-cz.com,https://boaboa-bonus-cz.com/,200,BoaBoa Casino Bonus: Uvítací bonus 100% až €500 + 200 FS,0,5,1,,,,0
boaboa-casino-bonus-cz.com,https://boaboa-casino-bonus-cz.com/,200,Boaboa bonus až 12 500 CZK a 200 free spinů,0,1,0,,https://boaboa-casino-bonus-cz.com/go/go.php,,1
boardgamedeals.info,https://www.boardgamedeals.info/,200,Mostbet Portugal Site Oficial - Apostas Desportivas e Casino Online 2026,80,4,3,,,,2
boatrentalsofkeywest.com,https://boatrentalsofkeywest.com/,200,MostBet – bonuslar va MostBet UZ Online kazino imkoniyatlari,193,25,1,,https://boatrentalsofkeywest.com/play,,1
bobatoto12oi.site,https://bobatoto12oi.site/,200,BOBATOTO12 Login | Platform Bandar Slot Online dan Slot Gampang Menang Mudah Menang,0,0,1,,,,1
bobatoto22j.site,https://bobatoto22j.site/,200,BOBATOTO22 Penyedia Slot Maxwin serta Slot Mahjong Terpercaya,0,0,1,,,,1
bobatoto87g.site,https://bobatoto87g.site/,200,BOBATOTO87: Slot Mahjong Anti Rungkad Resmi Hari Ini,0,0,1,,,,1
bobatoto87gh.site,https://bobatoto87gh.site/,200,Situs Togel Online dan Slot Gacor Pragmatic Terpercaya - BOBATOTO87,0,0,1,,,,1
bobatoto88dj.site,https://bobatoto88dj.site/,200,Situs Bandar Slot Online dan Slot Maxwin Terpercaya - BOBATOTO88,0,0,1,,,,1
bobatoto88sa.live,https://bobatoto88sa.live/,200,Daftar BOBATOTO88 - Akses Bandar Slot Online & Slot Online Resmi,0,0,1,,,,1
boboqfresh.cz,https://boboqfresh.cz/,200,Mostbet CZ – Top 7 Live Casino Her Ranked & Tested,105,1,6,,,,2
bogazicikimyevi.com,https://www.bogazicikimyevi.com/,200,Boğaziçi Kimyevi,0,33,4,,,,5
bohemiagoldlove.cz,https://bohemiagoldlove.cz/,200,Chovatelská stanice CHODSKÝCH PSŮ – Chovatelská stanice CHODSKÝCH PSŮ,0,48,6,,,,3
boho-casino0-au.com,https://boho-casino0-au.com/,200,Boho Casino Australia Official 🎰 Welcome Bonus 【$2000 + 150 Free Spins】 Best Online Casino Games 2026,0,16,1,,,og-le-uv.buzz,6
bohsociety.org,https://www.bohsociety.org/,200,Tin Tức H19 – Cập Nhật Thông Tin Mới Nhất,0,44,16,,,,3
bol.de,https://www.buecher.de/#bol,200,bücher.de Online Shop: Bücher bestellen bei bücher.de,0,168,4,,,,3
bolly4u.pink,https://bolly4ux.info/,200,Bolly4u | The Official Home of Bolly4u.org Movies,0,95,2,,,,2
bombaybazarmadison.com,https://bombaybazarmadison.com/,200,Mostbet Azərbaycan 🎖️ 2026 Bonusları və Ən Yaxşı Mərc Seçimləri,10,1,0,,,,0
bones-game.online,https://bones-game.online/,200,Gates of Olympus Super Scatter demo uchun qo‘llanma,0,9,1,,,gofluxa.net,1
bonusuri.md,https://www.bonusuri.md/,200,Taskuri simple și recompense în Moldova,0,34,9,,,,3
bookmakers.bet,https://www.bookmakers.bet/,200,Bookmakers.bet | The Top 100+ Trusted Online Bookies (September 2026),0,225,14,,https://www.bookmakers.bet/online-casinos/casino-bonuses/welcome/ https://www.bookmakers.bet/betting-bonus/promo-codes/ https://www.bookmakers.bet/guides/bet-calculators/ https://www.bookmakers.bet/go/kazeeno/ https://www.bookmakers.bet/go/mystake/ https://www.bookmakers.bet/go/golisimo/,affiliates.grailbetpartners.com bsr.lynmonkel.com bz.com coldb4.com dcpc.myloric.com go.driveaffiliates.com go.scbaffiliates.com on.spinhub100.com revery-l.ink tracker-pm2.fortunejackpartners.com tracking.warriorbet.io trk.cooks.ly,25
bookmakerslife.ru,https://bookmakerslife.ru/,200,bookmakerslife.ru,5,19,4,,,,2
bookmakerstavki.com,http://bookmakerstavki.com/,200,Онлайн ставки в букмекерских конторах,7,40,4,,,,3
boots.com,https://www.boots.com/,200,Pardon Our Interruption,0,0,1,,,,1
borneo198.com,https://borneo198.com/,200,Borneo198™ Ruang Gaming Digital untuk Gamers Modern,0,103,137,,,,25
bosphoruskebab.hu,https://bosphoruskebab.hu/,200,,0,0,0,thin_page,,,0
bosscherstichting.org,https://www.bosscherstichting.org/,200,Mostbet Casino – Najlepsze Kasyno Online w Polsce Mostbet,274,29,9,,https://www.bosscherstichting.org/play,,8
boston.com,https://www.boston.com/,200,"Boston.com: Local breaking news, sports, weather, and things to do",0,193,46,,,,25
bottlefillingmachine.co.in,https://bottlefillingmachine.co.in/,200,"Aviator Game on Mostbet Pakistan – Guide, Tips & Gameplay 2026",47,12,3,,,,2
bouillot-lino.com,https://www.bouillot-lino.com/,200,Télécharger Melbet APK Application pour Android et iOS pour paris sportifs,0,85,5,,,,3
bourses-abcd.org,https://www.bourses-abcd.org/,200,"Mostbet Bangladesh 2026 | Bet on Sports & 25,000 BDT Welcome Bonus",92,6,3,,,,3
boussole-en-forez.fr,https://boussole-en-forez.fr/,200,La course d'orientation dans le Forez,0,3,40,,,,25
boutique.az,https://boutique.az/,200,Attention Required! | Cloudflare,0,0,1,,,,0
bovbettgiris.com,https://bovbettgiris.com/,200,Bovbet'e hızlı ve güvenli giriş yapın. Güncel link burada - Bovbet Giriş – Güvenilir ve Hızlı Erişim Adresi,0,32,1,,,,2
boylesports-casino.net,https://boylesports-casino.net/,200,Not active,0,0,0,thin_page,,,0
bpraceway.com,https://bpraceway.com/,200,,0,0,8,,,,6
bracexcursions.com,https://bracexcursions.com/,200,Home - Brac Excursions,2,78,54,,,,25
brand-hatch.online,http://brand-hatch.online/,200,,0,0,8,,,,6
brasseriepolonez.com,https://brasseriepolonez.com/,200,Site Title,0,6,3,,,,2
brawijayapost.com,https://brawijayapost.com/,200,Beranda - Brawijayapost.com - Akurat Tajam Terpecaya,0,40,6,,,,6
brazilpowerball.com,https://brazilpowerball.com/,200,BrazilPowerBall,0,16,0,,,,4
breuninger.com,https://www.breuninger.com/de/,200,"BREUNINGER | Luxus, Fashion & Beauty online shoppen",0,187,34,,,,25
brickhousenauvoo.com,https://brickhousenauvoo.com/,200,Mostbet Bangladesh – Official Platform for Online Casino Gaming,81,4,3,,,,2
brickstone.com.ng,https://brickstone.com.ng/,200,Web Hosting by InMotion Hosting,0,2,13,,,,13
bridgingthegapla.org,https://bridgingthegapla.org/,200,Mostbet Mobile App | Casino Games & Sports Betting in BDT,47,4,3,,,,2
brigadepucollege.in,https://brigadepucollege.in/,200,Mostbet India – Official Sports Betting & Casino Website,114,4,3,,,,2
bristoltravel.co.uk,https://bristoltravel.co.uk/,200,Best Betting Sites: Top New Online Bookmakers in the UK,0,18,27,,,,23
britishhatguild.co.uk,https://cyh.uk.com/,200,Bet88 | Nhà Cái Uy Tín Đẳng Cấp Top 1 Châu Á Cho Cược Thủ,0,26,9,,,,8
britishrealbettingsites.com,https://www.britishrealbettingsites.com/,200,British Real Betting Sites – Top UK Sportsbooks Ranked 2026,0,6,23,,,,7
brm-rating.com,https://brm-rating.com/,200,Website cookiecasinoswitzerland.com is ready. The content is to be added,0,0,1,,,,1
brocaou.com,https://www.brocaou.com/,200,Téléchargez l’Application Melbet APK pour Android et iOS,7,12,3,,,,2
bronxpizza.com,https://bronxpizza.com/,200,Home,2,6,59,,,,25
brunorocha.org,https://brunorocha.org/,200,Mostbet Casino PT ▷ Login no Casino Most Bet Portugal [2026],34,1,0,,,777zxcqazw.top,1
btgortp818.com,https://btgortp818.com/,200,btgbet: Understanding RTP in Slot Games and How It Enhances Your Gaming Experience,0,4,1,,,,1
budget-printing.com,https://www.budget-printing.com/,200,Mostbet Onlayn Kazino: Ümumi İcmal,155,25,2,,,cvl36s4x15n.top,2
budgetbravely.com,https://budgetbravely.com/,200,Budget Bravely,0,28,13,,,,6
buffalokingslot.ru,https://buffalokingslot.ru/,200,Buffalo King игровой автомат 🎰 от Pragmatic Play — играть онлайн бесплатно,0,1,1,,,tracker.referevlinks.com,2
bugt.kz,https://bugt.kz:443/under-construction.html,200,Техническая пауза,0,1,0,,,,0
bulls-bike.cz,https://bulls-bike.cz/,200,Mostbet Casino – Nejlepší online casino CZ Mostbet,183,25,2,,https://bulls-bike.cz/play,,1
bunjang.co.kr,https://m.bunjang.co.kr/,200,번개장터,0,1,4,,,,0
bureaupizzaco.com,https://bureaupizzaco.com/,200,Mostbet Onlayn Kazino: Ümumi İcmal,155,25,2,,,cvl36s4x15n.top,2
burroughsms.org,https://burroughsms.org/,200,Mostbet AZ Giriş ᐉ Mostbet Azerbaycan Rəsmi Casino,143,12,6,,,cf2w2a827cgd.top,3
bushbet.co,https://bushbet.co/,200,BushBet — Australia's Premier Betting Platform,0,7,3,,,,3
business-standard.com,https://www.business-standard.com/,200,"Business News, Finance News, India News, Stock Markets BSE/NSE News, SENSEX, NIFTY,  Personal Finance News",0,248,90,,,,25
businessofapps.com,https://www.businessofapps.com/,200,Business of Apps - Connecting the app industry,0,197,10,,,,25
businessofcollegesports.com,https://businessofcollegesports.com/,200,Business of College Sports® - The latest news and original analysis on the business of college sports...,0,97,83,,,,25
businessreviewindia.in,https://businessreviewindia.in/,200,Coming Soon,0,1,0,thin_page,,,0
butterburrs.top,http://butterburrs.top/,200,,0,0,8,,,,6
buyma.com,https://www.buyma.com/,200,世界を買える 海外ブランド・ファッション通販【BUYMA】,0,357,22,,,,25
bvmsports.com,https://bvmsports.com/,200,Your home for local sports and favorites - BVM Sports,0,27,8,,,,9
bwin-casino-belgique.buzz,https://bwin-casino-belgique.buzz/,200,Bwin Casino UK 2026 | Premium Online Casino & Sportsbook,0,19,1,,,bigme.buzz,6
bwinvu.com,https://bwinvu.com/,200,Bwin – Top Rated Money Earning Games App for Pakistani Users 2026,0,37,5,,,,2
bydgoszczstolarz.pl,https://cmrdymek.pl/,200,"MostBet Kasyno PL 🎰 Logowanie, Apk & Bonus Code – Opinie Graczy",134,11,1,,,serffigrcqufssefv.help,1
c-a-s-u-l-o.com,https://c-a-s-u-l-o.com/,200,Mostbet Casino | Casino online em Portugal | Site oficial da Most Bet,15,1,12,,,my3towv.top,13
caesars-casino-us.com,https://caesars-casino-us.com/,200,"Caesars Palace Casino Online 🔥 OFFICIAL USA Review 2026 【#1 Real Money Casino】 Bonuses, Games & Legal States",0,15,1,,,bigme.buzz,1
cafecarnegie.co.uk,https://cafecarnegie.co.uk/,200,Best Betting Sites: Top New Online Bookmakers in the UK,0,18,27,,,,23
cala-di-cupabia.com,https://www.cala-di-cupabia.com/,200,Mega Cricket World Bangladesh 2026: Most Trusted Betting & Mobile Casino App,0,13,3,,,,2
calhounpress.net,https://calhounpress.net/,200,GBO4D LINK RESMI TOGEL TERBAIK,0,95,8,,,,19
campery-jester.pl,https://www.aftermarket.pl/domena/campery-jester.pl/?utm_source=market_redirect&utm_medium=organic&_track=508254dd41860c2209dab34f8eef5176,200,Offer to sell domain: campery-jester.pl,0,69,22,,https://www.aftermarket.pl/User/Register/ https://www.aftermarket.pl/menu.php?url=/domeny/ https://www.aftermarket.pl/menu.php?url=/cennik/ https://www.aftermarket.pl/menu.php?url=/gielda/ https://www.aftermarket.pl/menu.php?url=/Market/Events/List/ https://www.aftermarket.pl/menu.php?url=%2FMarket%2FList%2F%3Fcategory%3D10.05. https://www.aftermarket.pl/menu.php?url=/kup/ https://www.aftermarket.pl/menu.php?url=/aukcje/ https://www.aftermarket.pl/menu.php?url=/lastminute/szukaj/ https://www.aftermarket.pl/menu.php?url=/od1zl/szukaj/ https://www.aftermarket.pl/menu.php?url=%2FMarket%2FList%2F%3Ftype%3Dauction%26offers%3D1 https://www.aftermarket.pl/menu.php?url=/wygasajace/ https://www.aftermarket.pl/menu.php?url=/przechwycone/szukaj/ https://www.aftermarket.pl/menu.php?url=/przechwyc/ https://www.aftermarket.pl/menu.php?url=/Listing/Set/ https://www.aftermarket.pl/menu.php?url=/Auction/Seller/Add/,,25
candyland-casino0-uk.com,https://candyland-casino0-uk.com/,200,Candyland Casino OFFICIAL SITE 🎰 Expert Review 【UK Licensed】 Bonuses & Games Analysis 2026,0,20,1,,,og-le-uv.buzz,6
candypalace.ru,https://candypalace.ru/,200,Candy Palace игровой автомат от Amusnet 🍭 играть бесплатно,0,1,1,,,fortuna-promo2.com,2
canterburymassage.com.au,https://www.canterburymassage.com.au/,200,Home - Yan Massage Republic - Canterbury Massage,0,53,5,,,,4
capitalone.com,https://www.capitalone.com/,200,"Capital One | Credit Cards, Checking, Savings & Auto Loans",0,505,34,,,,25
caputosf.com,https://www.caputosf.com/,200,Caputosf Center,0,111,35,,,,25
carahockingphotography.com,https://carahockingphotography.com/,200,Game bài đổi thưởng uy tín – Top cổng game bài hot nhất 2026 | 12BET,0,22,16,,,,3
carbonfreeuk.co.uk,https://carbonfreeuk.co.uk/,200,Carbon Free UK,0,82,13,,,,20
carcomaguia.com,https://carcomaguia.com/,200,Mostbet Bangladesh – Official Online Casino & Sportsbook Platform,87,4,3,,,,2
carrefour.ke,https://carrefour.ke/,200,,0,0,0,thin_page,,,0
carrefouregypt.com,https://carrefouregypt.com/,200,,0,0,0,thin_page,,,0
carrefourksa.com,https://carrefourksa.com/,200,,0,0,0,thin_page,,,0
carrefourlebanon.com,https://carrefourlebanon.com/,200,,0,0,0,thin_page,,,0
carrefourqatar.com,https://carrefourqatar.com/,200,,0,0,0,thin_page,,,0
cartisan.in,https://cartisan.in/,200,MostBet Casino – Play Online in India with Bonuses MostBet,217,26,2,,https://cartisan.in/play,,1
cartus-engelke.de,https://cartus-engelke.de/,200,HTTPS Not Available,0,0,1,thin_page,,,1
casaalfacinha.com,https://www.casaalfacinha.com/,200,Mostbet Portugal Site Oficial - Casino Online e Apostas Desportivas,129,4,3,,,,2
casadafrica.com,https://www.casadafrica.com/,200,Mostbet Azərbaycan 🎖️ 2026 Bonusları və Ən Yaxşı Mərc Seçimləri,10,1,0,,,,0
casadelafamilia.cl,https://www.casasohiggins.cl/,200,Mejores casinos online Chile 2026: retiros reales en CLP,1,18,2,,,cl-globallink.com partners-official.com partnerscore-global.com,9
casahavanaparticular.com,https://www.casahavanaparticular.com/,200,Mostbet Casino Azərbaycan giriş,11,1,0,,https://www.casahavanaparticular.com/go/,,1
caseopen.pl,https://www.caseopen.pl/,200,Mostbet Aviator 2026 — Kompletny Przewodnik dla Graczy PL,224,25,2,,,partners-official.com,2
cashstorm777w.com,https://cashstorm777w.com/,200,Cash Storm 777 – Download Best Earning Games App in Pakistan 2026,0,37,5,,,,2
casiditeam.com,https://www.casiditeam.com/,200,MostBet 2026: Casino Bonusy a Rychlé Výplaty v CZK Kč 2026,50,1,0,,,,0
casino-brango0-au.com,https://casino-brango0-au.com/,200,Casino Brango Australia 🔥 OFFICIAL ONLINE CASINO 【Best Games & Bonuses 2026】 Premium Gaming Experience,0,19,1,,,og-le-uv.buzz,3
casino-en-mostbet.site,https://casino-en-mostbet.site/,200,悪質な出会い系サイトとは？サクラ・高額請求を避けるための見分け方,0,33,3,,,,3
casino-fortune-wins-us.com,https://casino-fortune-wins-us.com/,200,Fortune Wins Casino 🔥 OFFICIAL US Online Casino Review 2026 【Best Real Money Casino USA】 Play & WIN,0,15,1,,,og-le-uv.buzz,3
casino-kingdom-au.com,https://casino-kingdom-au.com/,200,"Casino Kingdom Australia OFFICIAL 🔥 Complete 2026 Review 【Licensed & Trusted】 Bonuses, Games & Registration Guide",0,20,1,,,og-le-uv.buzz,4
casino-mate1-au.com,https://casino-mate1-au.com/,200,Casino Mate Australia 🔥 Real Money Pokies Online OFFICIAL SITE 【$1000 WELCOME BONUS】 Secure Gaming 2026,0,20,2,,,og-le-uv.buzz,4
casino-melbet.mx,https://casino-melbet.mx/,200,Melbet Apuestas Deportivas y Casino en México,0,10,2,,,refpa3665.com,4
casino-mosbet.com,https://casino-mosbet.com/,200,,0,1,0,thin_page,,,1
casino-mostbet-en.com,https://1xbettuzbekistan.top/,200,1xbet официальный сайт - регистрация и вход в лк 1хбет,0,7,6,,,,5
casino-mostbet-obzor.ru,https://zaymika.ru/cards/credit-cards-instant-decision/t-bankplatinum/,200,"Т-Банк Платинум — займ онлайн, условия и отзывы | Zaymika.ru",0,16,2,,,,1
casino-mostbet-online10.top,https://casino-mostbet-online13.top/,200,Мостбет официальный сайт | Букмекерская контора Mostbet зеркало,131,1,1,,,1dwb9qa4.top,1
casino-mostbet-online11.top,https://casino-mostbet-online13.top/,200,Мостбет официальный сайт | Букмекерская контора Mostbet зеркало,131,1,1,,,1dwb9qa4.top,1
casino-mostbet-online12.top,https://casino-mostbet-online13.top/,200,Мостбет официальный сайт | Букмекерская контора Mostbet зеркало,131,1,1,,,1dwb9qa4.top,1
casino-mostbet-online13.top,https://casino-mostbet-online13.top/,200,Мостбет официальный сайт | Букмекерская контора Mostbet зеркало,131,1,1,,,1dwb9qa4.top,1
casino-mostbet-online7.top,https://casino-mostbet-online13.top/,200,Мостбет официальный сайт | Букмекерская контора Mostbet зеркало,131,1,1,,,1dwb9qa4.top,1
casino-mostbet-online8.top,https://casino-mostbet-online13.top/,200,Мостбет официальный сайт | Букмекерская контора Mostbet зеркало,131,1,1,,,1dwb9qa4.top,1
casino-mostbet-online9.top,https://casino-mostbet-online13.top/,200,Мостбет официальный сайт | Букмекерская контора Mostbet зеркало,131,1,1,,,1dwb9qa4.top,1
casino-mostbet.org,https://casino-mostbet.org/,200,Mostbet Casino Official Website Online Casino,66,25,3,,,ddspn.lynmonkel.com rbct.lynmonkel.com,4
casino-mostbet2025.live,http://casino-mostbet2025.live/,200,,0,0,8,,,,6
casino-official.com,https://1nomadkz.casino-official.com/,200,Номад Казино Казахстан: Бону до 150 000 KZT на Депозит! 🔥,0,23,8,,,olimpbonus-kz.ru,10
casino-planet-7-us.com,https://casino-planet-7-us.com/,200,Planet 7 Casino 🔥 BEST Online Casino USA 2026 【Welcome Bonus + Free Chips】 Sign Up & Play Real Money Games,0,15,1,,,og-le-uv.buzz,1
casino-pln-mostbet.ink,https://casino-pln-mostbet.ink/,200,Site is under construction,0,0,0,thin_page,,,0
casino-yabby-us.com,https://casino-yabby-us.com/,200,"Yabby Casino USA 2026: Bonus, Games, Crypto & Review",0,18,1,,,og-le-uv.buzz,5
casino.org,https://www.casino.org/,200,Trusted Casino Gambling Guide for 30+ Years - Casino.org,0,227,211,,,,25
casinobarcelonav.com,https://casinobarcelonav.com/,200,Casino Barcelona – Top Earning Games Website with Customer Support Pakistan 2026,0,37,5,,,,2
casinobeats.com,https://casinobeats.com/,200,CasinoBeats – Latest news from online & land-based casino gaming industry,0,79,12,,,bs_1472c81d.bdetsdi.care bs_53ac8e23.bdetsdi.care bs_a58c0888.bdetsdi.care bs_b29c59b4.bdetsdi.care bs_db4e8e87.bdetsdi.care bs_e8cf6da0.bdetsdi.care,17
casinobloke.com,https://www.casinobloke.com/,200,"Casino Bloke - #1 Online Casinos, Bonuses, Games and Tips",2,215,7,,,b1t5t4rz.com cshd.lunostra.com deckaffiliates.com link.totalaffiliates.com online.dachaffiliates.com online.mrplaypartners.com online.zpartners.com record.legendaffiliates.com,25
casinomostbet.pro,https://casinomostbet.pro/,200,Success!,0,0,0,thin_page,,,0
casinoorg-india.com,https://www.casinoorg-india.com/,200,Trusted Casino Gambling Guide for 30+ Years - Casino.org,0,114,143,,,,25
casinoreview.click,https://casinoreview.click/,200,Slot Reviews Backed by Real Session Data | CasinoReview.Click,0,43,5,,,,1
casinoscores.com,https://www.casino.org/casinoscores/,200,CasinoScores | No. 1 Live stats & Live Stream Casino Game Shows,0,59,45,,,,20
casinossemlicenca.org,https://casinossemlicenca.org/,200,Novos Casinos Online em Portugal 2026: Legais e Estrangeiros,6,28,13,,,,13
caspianenergy.info,https://caspianenergy.info/,200,Attention Required! | Cloudflare,0,0,1,,,,0
castlekeybusiness.com,https://castlekeybusiness.com/,200,Lewis-Clark Idaho Dental Society | 5th District Component of the Idaho State Dental Association,0,9,0,,,,0
casusgrilltaiwan.com,https://www.casusgrilltaiwan.com/,200,"Mostbet - spor ve casino bahisleri Türkiye'de: giriş, kayıt, indir",22,2,1,,https://www.casusgrilltaiwan.com/mostbet/,,1
catchbetcasinod.com,https://catchbetcasinod.com/,200,Catch bet Casino - 🎁 محفوظ آفیشل آن لائن اسپورٹس ویجرنگ اور جدید کیسینو سلاٹ سسٹم پاکستان,0,20,4,,,,7
catchbundledeals.com,https://catchbundledeals.com/,200,Mostbet CZ – Profesionální platforma pro sportovní sázení a online kasino | Analýza 2023,83,3,5,,https://catchbundledeals.com/go/,,4
catcountryutah.com,https://catcountryutah.com/,200,Cat Country 107.3 and 94.9 - Utah's New Country,0,70,78,,,,25
catpuisaye.com,https://www.catpuisaye.com/,200,Mostbet BD 2026: Official Sports Betting & Online Casino,52,12,3,,,,2
cavidabasov.com,https://cavidabasov.com/,200,Mostbet: Rəsmi Sayt Güzgüsü,33,17,0,,,,5
cbcmanisesquart.es,https://cbcmanisesquart.es/,200,DINGDONG77 - Layanan Digital Modern Dengan Tampilan Praktis dan Nyaman,0,12,70,,,,25
cbroofingcontractor.com,https://www.cbroofingcontractor.com/,200,Mostbet Polska 2026: Twoje Centrum Rozrywki i Zakładów Online | Cbroofingcontractor,189,20,2,,,partners-official.com,3
cbsnews.com,https://www.cbsnews.com/,200,"CBS News | Breaking news, top stories & today's latest headlines",0,168,35,,,,21
cbssports.com,https://www.cbssports.com/,200,"CBS Sports - News, Live Scores, Schedules, Fantasy Games, Video and more. - CBS Sports",0,446,98,,,,25
cciabm.com,https://cciabm.com/,200,Mostbet Portugal: Site Oficial ⚽ Login e Apostas Online,216,29,1,,https://cciabm.com/play,,3
ccm-partner.biz,http://ccm-partner.biz/,200,,0,0,8,,,,6
ccnis.uz,https://ccnis.uz/,200,404 – Page Not Found,0,0,0,,,,0
ccptraffickyc.pk,https://ccptraffickyc.pk/,200,Mostbet Login Pakistan - sports betting casino | Bonus and download APK,183,20,1,,,w4sq2xb2k1x6.top,2
cdon.dk,https://cdon.dk/,200,Ting til livet | CDON,0,243,1039,,,,25
cdon.fi,https://cdon.fi/,200,Välineet elämää varten | CDON,0,243,951,,,,25
cdon.no,https://cdon.no/,200,Ting for livet | CDON,0,242,1024,,,,15
cdon.se,https://cdon.se/,200,Förvänta dig allt | CDON,0,315,1247,,,,25
cdrdxf.com,https://cdrdxf.com/,200,,0,0,1,thin_page,,,1
ceipalcalderafaelcedres.org,https://www.ceipalcalderafaelcedres.org/,200,Mostbet Azərbaycan 🎖️ 2026 Bonusları və Ən Yaxşı Mərc Seçimləri,10,1,0,,,,0
cellphones.com.vn,https://cellphones.com.vn/,200,"CellphoneS - Điện thoại, laptop, tablet, phụ kiện chính hãng",0,647,39,,,,25
central.ao,https://central.ao/,200,,0,0,0,thin_page,,,0
centrefrancais.ca,https://centrefrancais.ca/,200,"Mostbet ᐉ Mostbet AZ giriş, yükləmə və bonuslar",144,19,2,,,dmkqfzpjx.top,1
centrefrancais2.cfd,https://centrefrancais2.cfd/,200,,0,0,0,thin_page,,,0
centrefrancais3.cfd,https://centrefrancais3.cfd/,200,"Mostbet ᐉ Mostbet AZ giriş, yükləmə və bonuslar",117,2,0,,,dmkqfzpjx.top,1
centrefrancais4.cfd,https://centrefrancais4.cfd/,200,"Mostbet ᐉ Mostbet AZ giriş, yükləmə və bonuslar",117,2,0,,,dmkqfzpjx.top,1
centrefrancais5.cfd,https://centrefrancais5.cfd/,200,"Mostbet ᐉ Mostbet AZ giriş, yükləmə və bonuslar",117,2,0,,,dmkqfzpjx.top,1
centrefrancais5.xyz,https://centrefrancais5.xyz/,200,"Mostbet ᐉ Mostbet AZ giriş, yükləmə və bonuslar",117,2,0,,,dmkqfzpjx.top,1
centrefrancais6.cfd,https://centrefrancais6.cfd/,200,"Mostbet ᐉ Mostbet AZ giriş, yükləmə və bonuslar",117,2,0,,,dmkqfzpjx.top,1
centrefrancais6.xyz,https://centrefrancais6.xyz/,200,"Mostbet ᐉ Mostbet AZ giriş, yükləmə və bonuslar",117,2,0,,,dmkqfzpjx.top,1
ceske-kasina.com,https://ceske-kasina.com/,200,České Kasína: recenze online kasin a bonusy 2026,59,66,6,,,,5
cgeci.com,https://cgeci.com/,200,Accueil - CGECI,0,169,15,,,,10
chariotent.com,https://chariotent.com/,200,chariotent – entertainment company,0,19,22,,,,24
chaskaasianstreetfood.com,https://chaskaasianstreetfood.com/,200,"Chaska Asian Street Food - Order Online, Delivery Available",0,11,2,,,,2
chatasmrekovica.sk,https://chatasmrekovica.sk/,200,Chata Smrekovica - Chata Smrekovica,0,88,441,,,,25
chateau-de-bresse-sur-grosne.fr,https://chateau-de-bresse-sur-grosne.fr/,200,Casino en Ligne Retrait Immédiat en France 2026 🎖️ Top 5 Sélectionnés,0,4,11,,,,6
chatix.online,https://chatix.online/,200,Hacked by Trenggalek6etar — Hacked by Trenggalek6etar — JATIM4U,0,24,49,,,,25
cheapwin.ru,https://cheapwin.ru/,200,Рейтинг лучших онлайн казино 2026,0,0,0,,,,0
check-results.co.in,https://rajuarts.in/,200,4rabet India: Sports Betting & Online Casino Site (2026) | Login,0,72,7,,,,2
chelnovosti.ru,https://sportswiki.ru/,200,"Википедия Спорта и результаты матчей онлайн. Турнирные таблицы, игроки, расписание и прогнозы — СпортсВики",0,471,1,,,,0
cherkashin-style.ru,https://cherkashin-style.ru/,200,Мостбет зеркало рабочее сегодня — официальный сайт Мостбет Casino,52,1,0,,,dashplay37.com,1
chicagotribune.com,https://www.chicagotribune.com/,200,"Chicago Tribune - Chicago News, Sports, Weather, Business & Things to Do",0,213,32,,,,25
chicken-road-spielen.com.de,https://chicken-road-spielen.com.de/,200,"Chicken Road Spiel 2026: 98 % RTP, vier Schwierigkeiten, deutsche Erfahrungen aus 312 Runden",20,21,10,,,,6
chickengame.de,https://chickengame.de/,200,"Chicken Road Spiel 2026: 98 % RTP, vier Schwierigkeiten, deutsche Erfahrungen aus 312 Runden",20,21,10,,,,6
chicodating.com,https://chicodating.com/,200,TOP 10+ NHÀ CÁI UY TÍN NHẤT VIỆT NAM 2025 – 2026 | 7m,0,35,16,,,,6
chile-melbet.cl,https://chile-melbet.cl/,200,Melbet Casino Chile Con Apuestas Y Bonos Online,0,8,2,,,,1
china.makepolo.com,http://china.makepolo.com/,200,马可波罗网主站,0,2995,76,,,,25
chipmascotas.cl,https://revolutionpet.cl/,200,Success!,0,0,0,thin_page,,,0
chrisandsusanthemovie.com,https://chrisandsusanthemovie.com/,200,Chris And Susan Beesley | Our Story,2,0,1,,,,1
christophersecolo.com,https://christophersecolo.com/,200,,0,0,0,,,,0
chronos-journal.ru,https://chronos-journal.ru/,200,Мостбет зеркало | Вход на официальный сайт казино Mostbet,96,13,3,,https://chronos-journal.ru/play,,4
ciadesignportfolios.com,https://www.ciadesignportfolios.com/,200,Site do Casino Mostbet Portugal – Casino Online Oficial 2026,99,4,3,,,,2
cibidex.pl,https://cibidex.pl/,200,"Vox Casino – bonusy, gry i płatności",0,6,4,,,,4
cidadeimaginaria.org,https://cidadeimaginaria.org/,200,MostBet Portugal — Casino Online e Apostas com Bónus,6,4,0,,https://cidadeimaginaria.org/play,,1
ciic.az,https://ciic.az/,200,CIIC,1,10,5,,,,5
cistiflux.ru,https://cistiflux.ru/,200,Мостбет Казино (Mostbet Casino): вход на официальный сайт и бонусы 2026,61,1,4,,,onxpromototal.com,3
citronlimette.com,https://citronlimette.com/,200,Mostbet – Oʻzbekistonning eng yaxshi bukmeker idorasi ᐉ Rasmiy sayt,64,6,15,,,,20
citytaxitransportation.com,https://citytaxitransportation.com/,200,Mostbet Casino PL⭐️ Oficjalna strona w Polsce⭐️ 2000 PLN | 250 FS,68,11,3,,,,2
clankyzpravy.cz,https://clankyzpravy.cz/,200,Články zprávy,0,35,2,,,,2
clasf.pk,https://www.clasf.pk/,200,Mostbet Login Pakistan - sports betting casino | Bonus and download APK,183,20,1,,,w4sq2xb2k1x6.top,2
claudethomassalon.com,https://claudethomassalon.com/,200,Mostbet Pakistan – Trusted Online Betting Site & Casino 2026,78,4,3,,,,2
claudiacivilleri.com,https://www.claudiacivilleri.com/,200,Pinco Casino Türkiye Giriş Yap | Güncel Adres ve Bonuslar,0,11,3,,,,2
cleatz.com,https://cleatz.com/,200,CLEATZ - Following The Money,0,90,14,,,,4
clevercrow.co.uk,https://clevercrow.co.uk/,200,Best Betting Sites: Top New Online Bookmakers in the UK,0,18,27,,,,23
clickhive345.top,https://clickhive345.top/,200,Gioco Almora Darkosen RPG,0,0,1,,,,0
clientslinks.com,https://clientslinks.com/,200,My Blog – My WordPress Blog,0,6,3,,,,2
clincom.ru,https://clincom.ru/,200,Mostbet Casino (Мостбет): зеркало и бонусы на официальном сайте,62,2,4,,,onxpromototal.com,3
clinic-korobeinikova.ru,https://clinic-korobeinikova.ru/,200,Мостбет БК - (Mostbet Casino) Официальный сайт,57,1,0,,,dashplay37.com,1
clinicasgetsmile.pt,https://clinicasgetsmile.pt/,200,Tower Rush 2026 : jeu casino Galaxsys avec démo gratuite,0,17,4,,,,3
clmconsulting.pl,https://clmconsulting.pl/,200,Mostbet Polska | Kasyno online i zakłady sportowe w 2025 roku,138,3,5,,https://clmconsulting.pl/go/,,4
closingdatediary.com,https://closingdatediary.com/,200,HATÁRIDŐ NAPLÓ – CLOSING DATE DIARY – VÉGSŐ DÁTUM – FINAL DATE,0,0,20,,,,14
cloudwards.net,https://www.cloudwards.net/,200,Cloudwards.net | Software & Online Security Tools Reviewed,0,223,34,,,partner.pcloud.com partnerstack.tresorit.com www.awin1.com,8
clubjjkso.com,https://clubjjkso.com/pk,200,TOJAYS.BET-Best Real Money Online Casino In Pakistan 24/7,1,1,40,,,,21
clubxpks.com,https://clubxpks.com/pk,200,TOJAYS.BET-Best Real Money Online Casino In Pakistan 24/7,1,1,40,,,,21
clutchpoints.com,https://clutchpoints.com/,200,"ClutchPoints - Sports News, Rumors, & Information",0,800,41,,,,25
cm-vn.pt,https://cm-vn.pt/,200,Spinboss Casino — Expert Guide 2026 | PT,0,19,1,,,partners-official.com,3
cmfutbol2026.com,https://cmfutbol2026.com/,200,"Чемпионат мира по футболу 2026: прогнозы, ставки, обзоры | cmfutbol2026",5,22,0,,,,1
cmrdymek.pl,https://cmrdymek.pl/,200,"MostBet Kasyno PL 🎰 Logowanie, Apk & Bonus Code – Opinie Graczy",134,11,1,,,serffigrcqufssefv.help,1
cnbc.com,https://www.cnbc.com,200,"Stock Markets, Business News, Financials, Earnings - CNBC",0,265,22,,,,9
cnn.com,https://edition.cnn.com/,200,"Breaking News, Latest News and Videos | CNN",0,152,131,,,,25
cnnturk.com,https://www.cnnturk.com/,200,CNN TÜRK Haber - Son Dakika Haberler,0,209,26,,,uyelik-sso1.demirorenmedya.com,15
coach4me.co,https://coach4me.co/,200,TOP 10+ NHÀ CÁI UY TÍN NHẤT VIỆT NAM 2025 – 2026 | 7m,0,42,16,,,,5
cocktail-kitchen.com,https://cocktail-kitchen.com/,200,Cara Daftar 1xBet 2026: Buat Akun Baru Sekarang Juga,0,8,8,,,mangeasy.com,8
cococannalife.com,https://cococannalife.com/,200,1xBet mongolia 2026: Спортын бооцоо болон казино тоглох,0,7,8,,,mangeasy.com,8
codejoyeducation.com,https://codejoyeducation.com/,200,Mostbet ᐉ বাংলাদেশে Most Bet ক্যাসিনো ও স্পোর্টস বেটিং সাইট,14,2,0,,,uq6m6dom9.top,1
codekarkhana.com.np,https://codekarkhana.com.np/cgi-sys/suspendedpage.cgi,200,Account Suspended,0,0,0,thin_page,,,0
codexandcapital.com,https://codexandcapital.com/,200,Codex & Capital — The business of building,0,27,1,,,,1
coevalchicago.com,https://coevalchicago.com/,200,,0,19,16,,,,13
coffeerevolution.cz,https://menubrno.cz/,200,MostBet Casino CZ - Oficiální přihlášení a exkluzivní bonusy,82,10,1,,,serffigylqrdkh.help,1
coi77.com,https://coi77.com/,200,"Coi77: Momentum Gacor Muncul, Tren Cuan Ikut Memanas",0,103,137,,,,25
coinbets777nz.com,https://coinbets777nz.com/,200,Coinbets777 Casino NZ Access Portal | Next-Gen Crypto Pokies,0,1,0,,,,0
coindesk.com,https://www.coindesk.com/,200,"CoinDesk: Bitcoin, Ethereum, XRP, Crypto News and Price Data",0,199,173,,,,25
coinlive.com,https://www.coinlive.com/,200,Coinlive - Your Top Source for All Things Blockchain,0,64,1,,,,1
coisalab.com,https://coisalab.com/,200,Melhor Casa Chinesa 2026: Top 5 Modelos Recomendados,0,7,3,,,,2
colligatio.net,https://colligatio.net/,200,Mostbet Polska 2026: Twoja Brama do Świata Zakładów i Kasyna Online | Colligatio,182,21,2,,,partners-official.com,3
colorcasinot.com,https://colorcasinot.com/,200,3 Patti HotLogin-پاکستان میں بلیک جیک ریئل ڈیلر میں بیٹنگ اور پیش گوئی قابل اوڈز 3 Patti Hot.com,0,20,4,,,,7
columbia1968.com,https://columbia1968.com/,200,Mostbet,76,8,2,,,b2su3d2i.top,2
combobets.com,https://combobets.com/,200,ComboBets • expert football predictions - soccer accumulators - system bets,0,39,9,,,,7
comediepaka.fr,https://www.comediepaka.fr/,200,,0,0,1,thin_page,,,1
comerciopinoso.com,https://comerciopinoso.com/,200,Mostbet Bangladesh – Online Casino and Sportsbook You Can Trust,73,4,3,,,,2
comicplaycasinop.com,https://comicplaycasinop.com/,200,ComicPlay Casinoڈاؤن لوڈز-پشاور میں اینڈر بہار تیز راؤنڈز میں بیٹنگ اور شفاف اسکور اوڈز ComicPlay Casino.com,0,20,4,,,,7
communityofcoders.in,https://www.communityofcoders.in/,200,Mostbet India Sportsbook | Live Betting & Football Odds,89,5,3,,,,3
company-information.service.gov.uk,https://company-information.service.gov.uk/,200,Search the register - Find and update company information - GOV.UK,0,17,5,,,,6
company.site,https://company.site/,200,company.site,0,0,0,thin_page,,,0
compeq-chain.ru,https://compeq-chain.ru/,200,Мостбет Казино (Mostbet) официальный сайт онлайн,56,1,0,,,dashplay37.com,1
comregras.com,https://comregras.com/,200,"Mostbet Portugal | Casino ao Vivo, Aviator e Bónus de Boas-Vindas",66,4,3,,,,2
concursoblog.com,https://concursoblog.com/,200,,0,0,0,thin_page,,,0
consultant-e.ru,https://consultant-e.ru/,200,"Электротехнический словарь ""Консультант-Е"": перевод и определения терминов, статьи, справочные материалы",13,15,1,,,,3
contabeis.com.br,https://www.contabeis.com.br/,200,Portal Contábeis - A maior comunidade de contabilidade da Internet Brasileira.,0,290,38,,,,19
container-bois.com,https://container-bois.com/,200,Mostbet Bangladesh | Legal Sports Bets & Casino Games,46,4,3,,,,2
controlpanelwindows10.com,https://controlpanelwindows10.com/,200,How to Easily Open the Control Panel in Windows 10,0,10,2,,,,1
cooldivers-diving.com,https://www.cooldivers-diving.com/,200,Mostbet Oʻzbekiston – Onlayn Sport Tikish va Casino,48,12,3,,,,2
coolinarny.com,https://coolinarny.com/,200,Mostbet Casino – Kasyno i Zakłady Sportowe Online | Mostbet PL,23,14,0,,,,1
coopcaudan.org,https://coopcaudan.org/,200,COOPCA UDAN is under construction,0,1,0,thin_page,,,0
coppermareranch.com,https://coppermareranch.com/,200,Mostbet App Bangladesh 2025 – Android & iOS Official App Download,140,12,3,,,,2
copyproblogger.com,https://copyproblogger.com/,200,Mostbet,76,8,2,,,b2su3d2i.top,2
corehub-bali.com,https://corehub-bali.com/,200,Core Hub Bali,7,13,2,,,,2
corehub24.com,https://corehub24.com/,200,MostBet Partners,1,2,1,,,,0
corpvolunteers.ru,https://corpvolunteers.ru/,200,Мостбет зеркало | Вход на официальный сайт казино Mostbet,96,13,3,,https://corpvolunteers.ru/play,,4
cortrani.site,https://cortrani.site/,200,Mostbet - Privacy Policy,4,1,1,,,,0
cosmeprogramme.org,https://cosmeprogramme.org/,200,लाइव अंदर बाहर 🎲 ऑनलाइन असली पैसे के लिए खेलें,0,5,2,,,,0
cottoyyc.com,http://cottoyyc.com/,200,Mostbet Casino Azərbaycan giriş,11,1,0,,http://cottoyyc.com/go/,,1
coursecrown.com,https://www.coursecrown.com/,200,Mostbet ᐉ Bonus 125% and 250 FS | Official site,25,1,13,,https://www.coursecrown.com/go.php,,14
courseware.cloud,https://courseware.cloud/,200,Courseware.Cloud,0,8,3,,,,2
covermymeds.com,https://external-us.covermymeds.health/,200,CoverMyMeds,0,0,4,,,,2
cozinhacomhistorias.com,https://cozinhacomhistorias.com/,200,Website temporariamente indisponível,0,0,0,thin_page,,,0
cpflowervalleysohna.in,https://cpflowervalleysohna.in/,200,Mostbet Pakistan - Official Website for Online Betting | Login & Registration,48,12,3,,,,2
craftersgin.co.uk,https://craftersgin.co.uk/,200,"Mostbet UZ — Rasmiy Sayt: Kirish, Ilova va Qo'llab-Quvvatlash",2,29,9,,https://craftersgin.co.uk/visit/vegas-hero/ https://craftersgin.co.uk/visit/tenbet-sports/ https://craftersgin.co.uk/visit/lizaro/ https://craftersgin.co.uk/visit/westace/ https://craftersgin.co.uk/visit/30bet/ https://craftersgin.co.uk/visit/50crowns/ https://craftersgin.co.uk/visit/spintexas/ https://craftersgin.co.uk/visit/jasminslots-sports/ https://craftersgin.co.uk/visit/casperbets/ https://craftersgin.co.uk/visit/jettbet/ https://craftersgin.co.uk/visit/rolletto/ https://craftersgin.co.uk/visit/daytonaspin/ https://craftersgin.co.uk/visit/zombillion-sports/,,21
crazydrop.cc,https://crazydrop.cc/,200,Кейсы КС2 онлайн — открыть кейсы CS2 и КС ГО | CRAZYDROP,0,2,3,,,,0
creekwoodpharma.com,https://creekwoodpharma.com/,200,Creekwood Pharmaceuticals LLC – Innovative Pharmaceuticals for Well-being and Happiness,2,69,17,,,,18
crgrassrootscollective.org,https://www.crgrassrootscollective.org/,200,Mostbet Azərbaycan 2026 – Geniş İdman Mərcləri və Canlı Kazino Saytı,61,4,3,,,,2
cricketbettingodds.net,https://cricketbettingodds.net/,200,Top Cricket Betting Sites and Odds | Best in India in 2026,8,15,3,,,,2
cricketconnected.com,https://cricketconnected.com/,200,"Cricketconnected.com: Cricket Updates, Information, Stats, Records and More",0,113,2,,,,5
crimenewsnetwork24.com,https://crimenewsnetwork24.com/,200,BD Betting Guide 2026 — Mostbet Official Site Review,143,26,2,,https://crimenewsnetwork24.com/go/crimenewsnetwork24/,,2
criptomundo.com,https://criptomundo.com/,200,"CriptoMundo - Bitcoin, CriptoMonedas y Criptonoticias",2,98,32,,,,25
crowderscarpetcleaning.com,https://crowderscarpetcleaning.com/,200,"Carpet Cleaning in Suffolk, VA | Crowder’s Carpet Cleaning",0,21,11,,,,5
crownplayy-casino-au.com,https://crownplayy-casino-au.com/,200,CrownPlay Casino OFFICIAL WEBSITE 🔥 Welcome Bonus 【200% + 500FS】 Best Online Casino Australia 2026,0,23,1,,,og-le-uv.buzz,8
crtagadirsm.com,https://adesigniq.com/,200,أفضل مواقع مراهنات في مصر 2026 | دليل مواقع الرهان والعروض,0,15,2,,,,1
cruxcarecoliving.com,https://cruxcarecoliving.com/,200,Crux Care Co-Living,2,22,44,,,,25
crypto-casino-de.net,https://crypto-casino-de.net/,200,Best Crypto Casinos 2026 — SlotRave & Granawin Reviewed,0,0,2,,,,2
cryptobriefing.com,https://cryptobriefing.com/,200,"Crypto Briefing - Bitcoin, Ethereum and the future of finance",0,195,17,,,,7
csment.ru,https://csment.ru/,200,"Казино Битц официальный онлайн сайт. Вход, регистрация, игровые автоматы. Зеркало Bitz",0,8,0,,,,1
csokoladefesztival.com,https://csokoladefesztival.com/,200,Mostbet,24,11,15,,,umr2ed5.top,25
ctc.fc.it,https://www.ctc.fc.it/,200,CTC | Centro di terapia cognitiva Forli,1,57,5,,,,6
ctfosteradopt.com,https://plano-towing.com/,200,Pembukaan Situs Resmi Terpercaya Kemenangan Mudah KINGZEUS88.,0,104,145,,,,25
cu2-mostbet.top,https://cu2-mostbet.top/,200,Coming Soon,0,0,0,thin_page,,,0
culinary-imports.com,https://culinary-imports.com/,200,แนะนำเว็บโป๊กเกอร์ออนไลน์จ่ายเงินจริง 2026,0,34,4,,,bs_1607cd26.bannerlifefive.care bs_499fb42b.cryptotrace.care bs_52b1520e.cryptotrace.care bs_789e6a11.bannerlifefive.care bs_8364989e.carebuy.care bs_9c333934.cryptotrace.care bs_9d26179b.bannerlifefive.care bs_b4295817.cryptotrace.care bs_b85761ec.lolomo.care bs_c1e2ea0e.bannerlifefive.care bs_d06fa815.cryptotrace.care bs_e01b6803.cryptotrace.care bs_f59f5f28.cryptotrace.care cli.re cutt.ly,19
cumap.org,https://cumap.org/,200,,0,0,0,thin_page,,,0
curiosa.pl,https://curiosa.pl/,200,"MostBet Polska 🎲 Logowanie, Rejestracja, Bonusy & Promo Code",110,10,1,,,serffigrcqufssefv.help,1
currency.wiki,https://currency.wiki/,200,"Live Exchange Rates, Charts & Rate Alerts | Currency.Wiki",0,84,17,,,,18
currenttrendassam.com,https://currenttrendassam.com/,200,"TOKYO404 | Portal Informasi Aktual, Berita Modern, dan Tren Terkini - assam-currenttrendassam.com",0,76,21,,,,25
cusjeaeamb.com,http://cusjeaeamb.com/,200,porkbun.com | expired domain,0,0,2,,,,2
cutngrow.com,https://cutngrow.com/,200,Social Media Agency,0,13,5,,,,1
czarnykarzel.pl,https://czarnykarzel.pl/,200,Aftermarket.eu :: domain czarnykarzel.pl,0,0,13,,,,13
czmostbet.it.com,http://www.czmostbet.it.com/,200,,0,0,4,,,,2
czytajacbiblie.pl,https://czytajacbiblie.pl/,200,Kasyno Mostbet w Polsce 2026 – Przewodnik gracza PL,150,26,2,,,partners-official.com,3
d9bet.one,https://d9bet.one/account/,200,D9BET,0,7,2,,,,4
dailyplay7.org,https://dailyplay7.org/,200,Dailyplay7 - Official Cricket ID | Bet on IPL 2026 | 1 Min Withdrawal | 60% Bonus,0,7,49,,,,25
dainikbd.com,https://dainikbd.com/,200,Mostbet | Casino & Sports - Real-Time Gaming Thrills,176,27,6,,,,3
dallassportsbars.com,https://dallassportsbars.com/,200,404 Not Found,0,0,0,thin_page,,,0
damu-komek.kz,http://damu-komek.kz/,200,Web Server's Default Page,0,0,7,,,,4
damvest.xyz,https://damvest.xyz/,200,Your domain is expired,0,0,7,,,,7
danbubanygolf.com,https://danbubanygolf.com/,200,Golf Lessons Tucson | PGA Golf Coach Dan Bubany,0,22,7,,,,6
dandylocks.com,https://dandylocks.com/,200,敦義五金股份有限公司 - 五金門鎖｜電子鎖｜客製化門鎖｜ODM,0,49,10,,,,12
dangkylapmang.vn,https://dangkylapmang.vn/,200,Trang chủ - Đăng ký mạng FPT,0,50,9,,,,6
danielies.com,https://www.danielies.com/,200,INICIO - Dani elies,0,16,4,,,,3
danslamarmitedarmelle.fr,https://danslamarmitedarmelle.fr/,200,Dans la marmite d'Armelle,0,56,6,,,,8
daraz.com.bd,https://www.daraz.com.bd/,200,Online Shopping in Bangladesh: Order Now from Daraz.com.bd,0,524,69,,,,25
daraz.com.np,https://www.daraz.com.np/,200,"Online Shopping in Nepal: Best Deals, Prices & Discounts - Daraz.com.np",0,259,57,,,,25
daraz.lk,https://www.daraz.lk/,200,"Online Shopping Sri Lanka: Clothes, Electronics & Phones - Daraz.lk",0,205,53,,,,25
daraz.pk,https://www.daraz.pk/,200,"Online Shopping in Pakistan: Fashion, Electronics & Groceries - Daraz.pk",0,296,49,,,,25
darelemara-eg.com,https://darelemara-eg.com/,200,دار العمارة – للديكور & التشطيبات,10,22,20,,,,13
daringgourmet.com,https://www.daringgourmet.com/,200,Travel The World Through Your Taste Buds! - The Daring Gourmet,0,138,22,,,,13
dashbetcasinoe.com,https://dashbetcasinoe.com/,200,Dash Bet Casino - ❤ محفوظ آفیشل موبائل کرکٹ ویجرنگ اور ریئل کیش انٹرٹینمنٹ نیٹ ورک سروس پاکستان,0,20,4,,,,7
datainsights.uk,https://datainsights.uk/,200,Best Betting Sites: Top New Online Bookmakers in the UK,0,18,27,,,,23
dataxis.net,https://dataxis.net/,200,원엑스벳 2026년 공식 접속 주소를 확인하고 신규 가입 혜택과 빠른 출금 서비스를 이용하세요,0,8,8,,,mangeasy.com,8
davidcfranciscoattorney.com,https://www.davidcfranciscoattorney.com/,200,Султан Казино — Официальный Сайт Sultan Casino Казахстан,0,0,0,,,,0
davidjones.com,https://www.davidjones.com/,200,Pardon Our Interruption,0,0,1,,,,1
ddgi.uz,https://melbet-uzb.com/,200,Melbet UZ - 120% bonusli bukmeker va kazino | Kirish,0,47,7,,,,1
ddizi.im,https://www.ddizi.im/,200,"Ddizi, dizi izle, dizi seyret, dizi, canlı dizi, ddizi.im",0,91,1,,,,2
deciencia.net,https://duckbatterysystems.com/,200,"Royal Reels 24 Australia 🎰 Login, Sign Up & Casino Bonus Chips",0,5,2,,,,0
defraudingamerica.com,https://www.defraudingamerica.com/,200,Defrauding America,1,29,19,,,,17
dekitta.com,https://dekitta.com/,200,"DEKITTA — Votre site en 24h, c'est fait.",0,5,2,,,,0
delhisecuritycompany.in,https://delhisecuritycompany.in/,200,"Mostbet Pakistan: Official Login, App & 125% Bonus (2026)",47,12,3,,,,2
dellwindowsreinstallationguide.com,http://dellwindowsreinstallationguide.com/,200,华体会官网首页登录入口_华体会（中国）,0,41,1,,,,1
delt.bet,https://www.delt.bet/,200,delt — Honest gambling & bet tracker | Know your real edge,0,8,7,,,,2
delta-optima.ru,https://delta-optima.ru/,200,"Мостбет (Mostbet): официальный сайт казино, букмекерская контора",62,1,4,,,onxpromototal.com,3
deluxecasinobonus.net,https://www.deluxecasinobonus.net/,200,A legjobb online kaszinó oldalak magyar játékosoknak - Deluxe Casino Bonus,0,126,25,,,,25
deluxecycling.cz,https://www.deluxecycling.cz/,200,Mostbet Casino – Nejlepší online casino CZ Mostbet,183,25,2,,https://www.deluxecycling.cz/play,,1
denk-positiv.eu,https://www.denk-positiv.eu/,200,Mostbet Polska 2026: Twoje Centrum Rozrywki i Zakładów Online | Denk Positiv,189,21,1,,,partners-official.com,3
depop.com,https://www.depop.com/,200,"Depop - buy, sell, discover unique fashion",0,386,17,,https://www.depop.com/login/?redirect=%2F%5Busername%5D%2Flikes%2F https://www.depop.com/signup/?redirect=%2Fproducts%2Fcreate%2F&titleKey=FreeFees.SignUpToSell,,25
deprati.com.ec,https://www.deprati.com.ec/,200,"Deprati Tienda Online | Compra Ropa de Moda, Tecnología y más",0,4,8,,,,1
dermostudioar.com,https://dermostudioar.com/,200,Dermo Studio – Centro de Estética,0,5,7,,,,6
descontosbrasileiro.com,https://descontosbrasileiro.com/,200,Casa Chinesa para Cães: Comparativo de Marcas 2026,0,7,3,,,,2
desitales2.com,https://www.desitales2.com/,200,Desi tales - Indian sex stories,0,116,30,,,,25
detroitfarmandgarden.com,https://detroitfarmandgarden.com/,200,Experience Sports Like Never Before - Detroit Farm & Garden,0,34,4,,,,4
deutsch2014-2015.ru,https://deutsch2014-2015.ru/,200,deutsch2014-2015.ru,0,0,11,,,,10
devman07.com,https://devman07.com/,200,"DevMan07 | Best Casino Games Online | Play Crash, Chicken, JetX & Win Real Money",1,4,3,,,,1
devotableapp.com,https://devotableapp.com/,200,Mostbet Onlayn Kazino: Ümumi İcmal,153,25,2,,,cvl36s4x15n.top,2
dgpress.info,https://dgpress.info/,200,"Tophillbet | Tophillbet Giriş – Canlı Bahis, Casino ve Hızlı Üyelik",0,5,2,,,,2
dia-live.com,https://dia-live.com/,200,Mostbet: Logowanie i bonusy w kasynie Mostbet w Polsce,146,26,2,,https://dia-live.com/play,,2
diabeteszentrum-ost.de,http://diabeteszentrum-ost.de/,200,Diabetescentrum Manshardtstrasse,0,0,0,thin_page,,,0
diabetologie-am-ostkreuz.de,https://www.diabetologie-am-ostkreuz.de/,200,Diabetologie am Ostkreuz,0,27,76,,,,25
dial4bet.com.in,https://dial4bet.com.in/,200,Dial4bet | Dial 4bet | Dial4 bet | Dial 4 bet | Dial4bet.com | www.dial4bet.com,0,51,7,,,,6
diamanti.com,https://diamanti.com/,200,Diamanti – Hybrid Cloud Kubernetes,0,110,12,,,,11
diaoconline24h.biz,http://diaoconline24h.biz/,200,"Gelin giydir,Gelin oyunları,Yeni gelinlik giydirme oyunları",5,27,2,,,,2
diariodechaves.pt,https://diariodechaves.pt/,200,diariodechaves.pt está disponível para aquisição,0,3,12,,,,8
dicelegacygame.com,https://dicelegacygame.com/,200,Mostbet Pakistan - Official Site 2026 | Sports Betting & Casino Games,58,9,3,,,,2
dieetit.com,https://dieetit.com/,200,Mostbet,25,11,16,,,,25
diekuriere.com,https://diekuriere.com/,200,Mostbet Bangladesh – Safe Casino & Sports Betting Experience,87,4,3,,,,2
dietamix.pl,https://dietamix.pl/,200,DietaMIX,0,16,1,,,,0
digilabglobal.com,https://digilabglobal.com/,200,Mostbet BD – Online Sports Betting & Casino,61,11,3,,,,2
dimers.com,https://www.dimers.com/,200,"Dimers - Data-Driven Sports Betting Predictions, Best Bets & News",0,522,29,,,,25
dimonex.co,https://dimonex.co/,200,404 - Page Not Found,0,0,0,thin_page,,,0
dimsan.de,https://dimsan.de/,200,Mostbet Casino 2026 – 500% bis 1.600 € + 455 Freispiele + 30 FS gratis,14,2,0,,,toptraffgo.top,1
disabilityservicesadelaide.com.au,https://disabilityservicesadelaide.com.au/,200,Disability Services Adelaide,0,22,4,,,,3
discoverwayanad.in,https://www.discoverwayanad.in/,200,Mostbet India Official Site - Bookmaker and Casino for Indian Players,186,3,3,,,,2
dises.ru,https://dises.ru/,200,Mostbet Casino 🎰 — Мостбет Казино: официальный сайт онлайн-казино с бонусами 💎,46,1,0,,,dashplay37.com,1
displate.com,https://displate.com/,200,Displate metal posters | Wall Art That Gets You,0,363,18,,,,25
distantmal.ru,https://distantmal.ru/,200,"Mostbet Casino (Мостбет) — официальный сайт онлайн-казино, букмекерской конторы",65,1,0,,,dashplay37.com,1
divxland.org,https://www.divxland.org/,200,تنزيل متجر بلاي Google Play APK التطبيقات لـ Android - Divxland,0,169,4,,,,25
djifamagro.cl,https://www.casasohiggins.cl/,200,Mejores casinos online Chile 2026: retiros reales en CLP,1,18,2,,,cl-globallink.com partners-official.com partnerscore-global.com,9
dk-rabota.ru,https://dk-rabota.ru/,200,"Мостбет зеркало и Мостбет Casino — рабочее зеркало, 100% бонус, FS",54,2,0,,,dashplay37.com,1
dmp-eo.com,https://www.dmp-eo.com/,200,Event Organizer Jakarta | Jasa Event Organizer,0,29,28,,,,0
dmtriad.com,https://dmtriad.com/,200,Dynamic Media Triad - home,0,5,3,,,,2
dobryart.pl,https://nicsell.com/en,200,nicsell: RGP domain backorder service for .de & .eu & .at domains,0,55,32,,,,25
doctorone.hu,https://pontmagazin.hu/miota-es-hogyan-alakitjak-at-a-mezogazdasagi-dronok-a-termelest/,200,Mióta és hogyan alakítják át a mezőgazdasági drónok a termelést? - Pontmagazin,0,22,8,,,,4
dogandesign.net,https://dogandesign.net/,200,Mostbet Casino – 125% Bonus bis 300€ + 125 Freispiele | Jetzt spielen,20,2,1,,,toptraffgo.top,1
dolcevitahsvillage.com,https://dolcevitahsvillage.com/,200,Home - DOLCE VITA RESTAURANT,0,3,1,,,,2
dollarella.com,https://www.dollarella.com/,200,Mostbet Azərbaycan: Rəsmi Tətbiq Yüklə | Bonus 550 AZN,71,11,3,,,,2
dolphday.org,https://www.dolphday.org/,200,Dolph Day,0,1,0,,,,0
dolphinarium.ru,https://dolphinarium.ru/,200,Большой Сочинский дельфинарий - Дельфинарий,0,15,2,,,,2
domaluxprofessional.pl,https://domaluxprofessional.pl/,200,Domalux Professional – Blog o zdrowiu,0,22,1,,,,1
domelectrik.ru,https://domelectrik.ru/,200,Мостбет: букмекерская контора Mostbet - официальный сайт,163,19,2,,https://domelectrik.ru/play,,2
dominos-casino-au.com,https://dominos-casino-au.com/,200,Dominos Casino Australia OFFICIAL 🔥 Premier Online Gaming Experience 【LICENSED & SECURE】 Play Pokies & Live Games 2026,0,21,1,,,og-le-uv.buzz,1
door-closer.in,https://door-closer.in/,200,Mostbet Casino India — Play Online Slots & Live Games,100,0,2,,,,1
doshkolyata.ru,https://doshkolyata.ru/,200,Мостбет зеркало | Вход на официальный сайт казино Mostbet,96,13,3,,https://doshkolyata.ru/play,,4
dotpaintingshop.cz,https://zaridakci.cz/,200,Mostbet Czech - nejlepší online kasino 🎲 Stažení aplikace Mostbet,167,10,4,,,serffigylqrdkh.help,1
dotykmaroka.pl,https://dotykmaroka.pl/,200,"Energy Casino i Casino Energy – metody wpłat, bonusy, szybkie wypłaty",0,3,2,,,mio.novarao.com,1
downandoutbar.com,https://www.downandoutbar.com/,200,Mostbet,76,8,2,,,b2su3d2i.top,2
download-mostbet-casino.ru,https://download-mostbet-casino.ru/,200,Website download-mostbet-casino.ru is ready. The content is to be added,4,0,1,,,,1
draftcountdown.com,https://www.draftcountdown.com/,200,NFL Draft Countdown,0,64,18,,,,9
drafteea.ru,https://drafteea.ru/,200,Мостбет Казино и Мостбет зеркало — Официальный сайт и рабочее зеркало Mostbet Casino,54,1,0,,,dashplay37.com,1
dragoncourt.net,http://www.dragoncourt.net/,200,THE ANCIENT AND SOVEREIGN DRAGONCOURT AND ORDER,0,12,5,,,,5
drbetcasinou.com,https://drbetcasinou.com/,200,Dr Bet Casino - 💰 آفیشل اسپورٹس بک اور جدید ریئل کیش لائیو ڈیلر انٹرٹینمنٹ پلیٹ فارم پاکستان,0,20,4,,,,7
dream-vegas-casino-uk.com,https://dream-vegas-casino-uk.com/,200,Dream Vegas Casino OFFICIAL SITE 🔥 UK's Leading Online Casino 【Welcome Bonus 2026】 Premium Games & Mobile App,0,22,2,,,og-le-uv.buzz,4
dreambetcasinot.com,https://dreambetcasinot.com/,200,Dream bet Casino - 🧧 پاکستان میں جدید آن لائن اسپورٹس ویجرنگ اور کیسینو سروس,0,20,4,,,,7
dreamroyales.com,https://dreamroyales.com/,200,Bet and Gamble in the Smoothest and Most Fun Way Possible at Dream Royale Casino!,0,55,2,,,,2
dreams.band,https://dreams.band/,200,DREAMS - Daniel Johns and Luke Steele,2,14,9,,,,6
drinkinggamezone.com,https://drinkinggamezone.com/,200,Drinking Game Zone - The Alcohol Drinking Games Encyclopedia,0,577,53,,,,25
drinkkite.com,https://drinkkite.com/,200,Mostbet AZ - bukmeker ve kazino Mostbet 2025 Giriş rəsmi sayt,9,2,0,,,,0
drkmedicalcentre.com,http://www.drkmedicalcentre.com/,200,乐动网站网页版-乐动online（中国）,0,45,9,,,,11
droidy-tech.com,https://www.droidy-tech.com/,200,Mostbet مصر | مراهنات رياضية ومكافأة ترحيبية حتى 5000 جنيه,109,4,3,,,,2
dropshopnederland.nl,https://www.dropshopnederland.nl/,200,Home - Dropshopnederland,0,91,10,,,,25
drsledereva.hu,https://noinapozo.hu/dieta-kalauz-noknek-utmutato-az-egeszseges-eletmodhoz-es-a-tartos-fogyashoz/,200,Diéta kalauz nőknek,0,30,8,,,,5
dsfhof.com,https://dsfhof.com/,200,Index of /,0,26,0,,,,0
dua66.com,https://dua66.com/pk,200,DUA66.COM-Best Real Money Online Casino In Pakistan 24/7,1,1,39,,,,21
dua666.com,https://dua666.com/pk,200,DUA66.COM-Best Real Money Online Casino In Pakistan 24/7,1,1,39,,,,21
duckbatterysystems.com,https://duckbatterysystems.com/,200,"Royal Reels 24 Australia 🎰 Login, Sign Up & Casino Bonus Chips",0,5,2,,,,0
duckdynastyslotmachinex.com,https://duckdynastyslotmachinex.com/,200,Duck Dynasty Slot Machine – Best Ludo Earning Game App in Pakistan 2026,0,37,5,,,,2
dunaifoto.hu,https://www.dunaifoto.hu/,200,"MostBet Casino ČR: Bonusy, Otočení Zdarma a Mobilní Hra",52,1,0,,,,0
duragloss.com.co,https://duragloss.com.co/,200,404 - Page Not Found,0,0,0,thin_page,,,0
dverivibor.ru,https://dverivibor.ru/,200,"Мостбет Casino и Мостбет зеркало рабочее: бонусы, вход, регистрация",53,1,0,,,dashplay37.com,1
e-biblioteka.rzeszow.pl,https://biznesplany24.pl,200,Dotacje z Urzędu Pracy od A do Z,0,55,9,,,,7
e-break.ru,https://e-break.ru/,200,"Мостбет – рабочее зеркало Мостбет, Мостбет Казино, Mostbet Casino, зеркало на сегодня",55,1,0,,,dashplay37.com,1
e-mostbet.ru,https://vh436.timeweb.ru/parking/?ref=e-mostbet.ru,200,Домен припаркован в Timeweb,0,2,40,,,timeweb.com,25
e-zigarette-24.com,https://e-zigarette-24.com/,200,Mostbet Polska — Expert Guide 2026 | PL,160,20,1,,https://e-zigarette-24.com/go/play,,3
east-durham.org,https://east-durham.org/,200,Mostbet Casino 2026 ⭐️ oficjalna strona Most Bet Kasyno w Polsce,22,1,0,,,greatgame12.com,1
eastbostonchamber.com,https://eastbostonchamber.com/,200,Mostbet ᐉ Mosbet Casino & Online Bahis Rehberi – Kazanmanın Yolu,135,17,2,,,u1u2l1w0x0d6.top,1
eastpeak365.com,https://eastpeak365.com/,200,MostBet Partners,6,0,3,,,,3
easy-tensorflow.com,https://easy-tensorflow.com/,200,Chicken Road Spiel - Chicken Cross the Road Game Deutschland,2,6,3,,,,3
eathumane.org,http://eathumane.org/,200,,0,0,8,,,,6
eatingwithkirby.com,https://eatingwithkirby.com/,200,"Eating with Kirby | Effortless Eats, Expertly Curated",0,64,11,,,,15
ebrubaleokulu.com,https://ebrubaleokulu.com/,200,Mostbet Azərbaycan 2026: Rəsmi Giriş | Bonus 550 AZN,73,11,3,,,,2
eccm20.org,https://eccm20.org/,200,Mostbet Onlayn Kazino: Ümumi İcmal,151,24,2,,,cvl36s4x15n.top,1
eccm20org.top,https://eccm20org.top/,200,Mostbet Onlayn Kazino: Ümumi İcmal,100,2,0,,,cvl36s4x15n.top,1
eccm20org197.cfd,https://eccm20org197.cfd/,200,Mostbet Onlayn Kazino: Ümumi İcmal,101,2,0,,,cvl36s4x15n.top,1
eccm20org207.cfd,https://eccm20org207.cfd/,200,Mostbet Onlayn Kazino: Ümumi İcmal,101,2,0,,,cvl36s4x15n.top,1
eccm20org215.cfd,https://eccm20org215.cfd/,200,Mostbet Onlayn Kazino: Ümumi İcmal,101,2,0,,,cvl36s4x15n.top,1
eccm20org219.top,https://eccm20org219.top/,200,Mostbet Onlayn Kazino: Ümumi İcmal,101,2,0,,,cvl36s4x15n.top,1
eccm20org219.xyz,https://eccm20org219.xyz/,200,Mostbet Onlayn Kazino: Ümumi İcmal,101,2,0,,,cvl36s4x15n.top,1
eccm20org326.cfd,https://eccm20org326.cfd/,200,Mostbet Onlayn Kazino: Ümumi İcmal,101,2,0,,,cvl36s4x15n.top,1
eccm20org358.cfd,https://eccm20org358.cfd/,200,Mostbet Onlayn Kazino: Ümumi İcmal,101,2,0,,,cvl36s4x15n.top,1
eccm20org358.top,https://eccm20org358.top/,200,Mostbet Onlayn Kazino: Ümumi İcmal,101,2,0,,,cvl36s4x15n.top,1
eccm20org412.cfd,https://eccm20org412.cfd/,200,Mostbet Onlayn Kazino: Ümumi İcmal,101,2,0,,,cvl36s4x15n.top,1
eccm20org438.cfd,https://eccm20org438.cfd/,200,Mostbet Onlayn Kazino: Ümumi İcmal,101,2,0,,,cvl36s4x15n.top,1
eccm20org540.cfd,https://eccm20org540.cfd/,200,Mostbet Onlayn Kazino: Ümumi İcmal,101,2,0,,,cvl36s4x15n.top,1
eccm20org540.top,https://eccm20org540.top/,200,Mostbet Onlayn Kazino: Ümumi İcmal,101,2,0,,,cvl36s4x15n.top,1
eccm20org571.cfd,https://eccm20org571.cfd/,200,Mostbet Onlayn Kazino: Ümumi İcmal,101,2,0,,,cvl36s4x15n.top,1
eccm20org623.cfd,https://eccm20org623.cfd/,200,Mostbet Onlayn Kazino: Ümumi İcmal,101,2,0,,,cvl36s4x15n.top,1
eccm20org623.top,https://eccm20org623.top/,200,Mostbet Onlayn Kazino: Ümumi İcmal,101,2,0,,,cvl36s4x15n.top,1
eccm20org652.cfd,https://eccm20org652.cfd/,200,Mostbet Onlayn Kazino: Ümumi İcmal,101,2,0,,,cvl36s4x15n.top,1
eccm20org785.cfd,https://eccm20org785.cfd/,200,Mostbet Onlayn Kazino: Ümumi İcmal,101,2,0,,,cvl36s4x15n.top,1
eccm20org785.top,https://eccm20org785.top/,200,Mostbet Onlayn Kazino: Ümumi İcmal,101,2,0,,,cvl36s4x15n.top,1
eccm20org809.cfd,https://eccm20org809.cfd/,200,Mostbet Onlayn Kazino: Ümumi İcmal,101,2,0,,,cvl36s4x15n.top,1
eccm20org860.cfd,https://eccm20org860.cfd/,200,Mostbet Onlayn Kazino: Ümumi İcmal,101,2,0,,,cvl36s4x15n.top,1
eccm20org876.top,https://eccm20org876.top/,200,Mostbet Onlayn Kazino: Ümumi İcmal,101,2,0,,,cvl36s4x15n.top,1
eccm20org934.cfd,https://eccm20org934.cfd/,200,Mostbet Onlayn Kazino: Ümumi İcmal,101,2,0,,,cvl36s4x15n.top,1
eccm20org984.cfd,https://eccm20org984.cfd/,200,Mostbet Onlayn Kazino: Ümumi İcmal,101,2,0,,,cvl36s4x15n.top,1
ecoplan.org,https://ecoplan.org/,200,Mostbet,11,5,16,,,tkskador1255-5266423.top,19
ecotourexpediciones.cl,https://ecotourexpediciones.cl/,200,Mejores casinos online Chile 2026: retiros reales en CLP,1,18,2,,,cl-globallink.com partners-official.com partnerscore-global.com,9
ecrionline.org,https://www.ecrionline.org/,200,Mostbet AZ | Yeni Oyunçular Üçün 550 AZN Xoş Gəldin Bonusu,67,11,3,,,,2
ecrivains-voyageurs.net,https://ecrivains-voyageurs.net/,200,Ecrivains voyageurs et r�cits de voyages,0,29,0,,,,0
ecuabetregistrobono.com,https://ecuabetregistrobono.com/,200,ECUABETREGISTROBONO - PLATAFORMA OFICIAL - 🎁 - ECUABETREGISTROBONO.COM,0,36,1,,,,1
ecumena.by,https://ecumena.by/under-construction.html,200,Техническая пауза,0,1,0,,,,0
ecycle.com.br,https://www.ecycle.com.br/,200,eCycle: Sustentabilidade para todos,0,158,49,,,,25
ed7com.com,https://ed7com.com/,200,"ED7 BET O cassino mais confiável do Brasil, um operador certificado pela IBIA.⚡ | Discover Brazil's Most Trusted Casino: ED7 BET Certified by IBIA",0,31,1,,,,0
eddiegibbs.co.uk,https://eddiegibbs.co.uk/,200,Home,0,0,1,thin_page,,,1
edgeatlasai.com,https://edgeatlasai.com/,200,"EdgeAtlas AI | Betting Intelligence, Not Betting Hype",0,11,2,,,,4
edgebodybootcamp.com,https://edgebodybootcamp.com/,200,Edge Body Boot Camp,0,5,1,,,,1
editorialge.com,https://editorialge.com/,200,"Editorialge | Tech, AI, SaaS, EdTech & Digital Marketing",0,131,22,,,,12
edsonfaiolli.com,https://edsonfaiolli.com/,200,Casa Chinesa Barata: Qual Escolher? Análise Completa,0,7,3,,,,2
eduandjobs.com,https://eduandjobs.com/,200,Mostbet | Casino & Sports - Real-Time Gaming Thrills,175,22,10,,,,3
edukhana.com,https://edukhana.com/,200,Mostbet: Access the Online Casino,111,21,0,,,,10
eduquer-ensemble.com,https://eduquer-ensemble.com/,200,admin,2,150,101,,,,25
efirbet.com,https://efirbet.com/,200,Efirbet.com ᐉ Класация на Най-Добрите Онлайн Букмейкъри 🎖️,0,101,28,,,everbet.bg gml-grp.com go.aff.betvam.bg go.aff.elitbetpartners.com m.e-card.io mrbit.bg promo.bwin.com record.affiliates.magicbet.bg record.bet.bg record.efbet.com record.sesameaffiliates.bg record.winbetaffiliates.com www.bet365.com www.palmsbet.com,25
egesporkulubu.com,https://www.egesporkulubu.com/,200,www.egesporkulubu.com,0,0,2,,,,2
eggtuck.com,https://www.eggtuck.com,200,Egg Tuck | Egg tuck Chicago | Best Breakfast Sandwich in LA,0,46,9,,,,3
egoventure.it,https://egoventure.it/,200,EGO Venture – Investing in radical innovation,0,2,11,,,,11
egr.global,https://www.egr.global/intel/,200,Home - EGR Intel,0,28,7,,,,6
egyparcipo.hu,https://www.egyparcipo.hu/,200,Mostbet – Prémium Online Kaszinó és Sportfogadás 2026,131,25,1,,https://www.egyparcipo.hu/go/play,,3
eigenda.wtf,http://eigenda.wtf/,200,NameBright - Domain Expired,0,0,2,,,,2
ejesanabria.org,https://www.ejesanabria.org/,200,Inicio - Plataforma EjeSanabria,0,45,12,,,,7
ekalendarium.hu,https://www.ekalendarium.hu/,200,Mostbet | Hivatalos Magyar Fogadóiroda és Kaszinó HU,117,25,1,,https://www.ekalendarium.hu/go/play,,3
ekodostawcy.pl,https://ekodostawcy.pl/,200,ekodostawcy.pl — Vestigio Domains,0,0,1,,,,1
ekomozgalom.hu,https://www.ekomozgalom.hu/,200,Mostbet: Online Sportfogadás & Kaszinó Játékok Magyarul,118,25,1,,https://www.ekomozgalom.hu/go/play,,3
ekomurz.nl,https://www.ekomurz.nl/,200,E-commerce en online marketing dienstverlening,16,38,98,,,,25
eksystems.ru,https://www.eksystems.ru/,200,"Ставка с форой: плюсовая, минусовая и возврат",0,0,2,,,,2
ekvator.in,https://ekvator.in/,200,Motsbet AZ | Rəsmi Sayt 🎰 550 AZN Bonusla Qazan!,137,26,2,,,e9jb2hse5u0.top,2
elab-hackerspace.org,https://elab-hackerspace.org/,200,Mostbet Casino Portugal: Casino online com bónus para jogadores,217,28,2,,https://elab-hackerspace.org/play,,4
elabetitalia.com,https://elabetitalia.com/,200,ElaBet Casino⚡️: Gioca Online con Bonus di Benvenuto,0,26,3,,,,20
elausa.org,https://elausa.org/,200,Mostbet Casino PL ⭐️ oficjalna strona Most Bet Kasyno w Polsce,23,1,0,,,greatgame12.com,1
elazador.com,https://elazador.com/,200,Mostbet Azərbaycan 🎖️ 2026 Bonusları və Ən Yaxşı Mərc Seçimləri,10,1,0,,,,0
eldersinnerwest.com.au,https://eldersinnerwest.com.au/,200,My Site -,1,17,5,,,,4
elektrografia.hu,https://elektrografia.hu/,200,elektrografia.hu,0,0,2,thin_page,,,2
elena-54.ru,https://elena-54.ru/,200,Мостбет: официальный сайт букмекерской конторы и казино Mostbet,66,1,4,,,onxpromototal.com,3
elephone.cc,http://elephone.cc/,200,,0,0,8,,,,6
elit-zone.ru,https://elit-zone.ru/,200,"Мостбет Казино (Mostbet Casino) - вход и регистрация в России, играть онлайн в игровые автоматы",38,1,0,,,dashplay37.com,1
elixrapp.com,https://elixrapp.com/,200,elixrapp - Softwares&Apps Review,0,22,1,,,,0
elizabethmostyn.com,https://elizabethmostyn.com/,200,Home Page - Elizabeth Mostyn where science meets story Home Page,0,35,6,,,,4
elkarmugi.com,https://elkarmugi.com/,200,Mostbet Polska – Twoje Centrum Rozrywki w 2026 Roku | Elkarmugi,233,21,2,,,partners-official.com,3
elochic.com,https://elochic.com/,200,Casas Chinesas Premium: Ranking dos Melhores Modelos,0,7,3,,,,2
elriograndemexican.com,https://elriograndemexican.com/,200,Australian Betting Apps Reviewed: Compare Top Picks 2026,0,7,5,,,,3
eluxeexclusives.com,https://eluxeexclusives.com/,200,"Mostbet ᐉ Secure access, features and Mostbet BD guide",121,19,2,,,qdsvrntwkf.top,1
em.com.br,http://www.em.com.br/,200,"Estado de Minas: notícias e análises de MG, Brasil e do mundo",0,220,77,,,,25
emacr.cz,https://www.emacr.cz/,200,MostBet CZ: sportovní sázení a online casino – recenze a bonusy,39,0,3,,,,1
emag.bg,https://www.emag.bg/,200,eMAG.bg - Широка гама продукти,0,44,31,,,,25
emag.hu,https://www.emag.hu/,200,eMAG.hu - Találj rá a keresés örömére,0,199,30,,,,25
emag.ro,https://www.emag.ro/,200,eMAG.ro - Căutarea nu se oprește niciodată,0,52,33,,,,25
emanikur.ru,https://emanikur.ru/,200,Мостбет Казино и Мостбет зеркало — рабочее зеркало Mostbet Casino на сегодня,46,1,0,,,dashplay37.com,1
emeadowta.org,https://emeadowta.org/,200,Mostbet Pakistan: Official Betting & Casino 2026,43,13,3,,,,2
emelhorcontartudo.com,https://emelhorcontartudo.com/,200,Casa Chinesa Barata: Melhor Custo-Benefício BR 2026,0,7,5,,,,3
emergency-it.ir,https://emergency-it.ir/cgi-sys/suspendedpage.cgi,200,Account Suspended,0,0,0,thin_page,,,0
emisco.eu,https://www.hungeractionnys.org/,200,Mostbet AZ Giriş ᐉ Mostbet Azerbaycan Rəsmi Casino,143,12,6,,,cf2w2a827cgd.top,3
emmatengineeringltd.com,https://emmatengineeringltd.com/,200,"EMMAT ENGINEERING LTD – Electromechanical, Installation & Maintenance of Generating Set, Logistic Contractor, Telecommunication (Power & Transmission)",0,12,2,,,,4
empiireexch.com,https://empiireexch.com/,200,Online Casino & Sports Betting,0,0,6,,,,0
empik.com,https://www.empik.com/,200,Empik.com | 10 000 000 produktów i pomysłów na prezent | Dostawa za 0 zł z Empik Premium,0,293,15,,,,13
emploi-parfum.com,https://www.emploi-parfum.com/,200,"Mostbet Bangladesh | Legal Casino, Sports Bets & BDT Bonuses",49,11,3,,,,2
emprendicasaonline.com,https://emprendicasaonline.com/cgi-sys/suspendedpage.cgi,200,Account Suspended,0,0,0,thin_page,,,0
endbangla.com,https://endbangla.com/,200,Mostbet | Casino & Sports - Real-Time Gaming Thrills,176,23,10,,,,3
endorphina.rodeo,https://endorphina.rodeo/,200,Endorphina Slots Games – Play Free Demo Slots Online,8,26,0,,,,1
energia-ivanovo.ru,https://energia-ivanovo.ru/,200,Мостбет зеркало | Вход на официальный сайт казино Mostbet,96,13,3,,https://energia-ivanovo.ru/play,,4
englishunlimited.ru,https://englishunlimited.ru/,200,Mostbet Uz: Rasmiy Sayt va Onlayn Tikish,136,25,2,,,k2l7m4n8b.top,3
enigmaplay.asia,https://enigmaplay.asia/,200,EnigmaPlay | All-In-One Solution for Online Casino Needs,0,30,5,,,,5
enostech.com,https://www.enostech.com/,200,EnosTech.com - Innovate - Explore - Enjoy,0,309,19,,,,11
entaingroup.com,https://www.entaingroup.com/,200,Entain,0,63,5,,,,2
entrenamientosfuncionales.com,https://entrenamientosfuncionales.com/,200,Gates of Olympus slot: Olasılıklar ve Taktikler Rehberi,2,5,2,,,,0
environmentaldaily.com,https://environmentaldaily.com/,200,Environmental Daily,0,18,10,,,,9
eonline.com,https://www.eonline.com/,200,"E! News: Celebrity News, Photos and Video",0,172,20,,,,8
eorconstruction.com,https://eorconstruction.com/,200,Home - EOR Construction,0,14,3,,,,0
epites-kivitelezes-felujitas.hu,https://epites-kivitelezes-felujitas.hu/,200,Mostbet Magyarország – fogadóiroda és online platform,56,2,0,,,hu.stat-umlead.com,1
epston.xyz,https://www.epston.xyz/,200,Epston Files | Predict the Truth,0,0,2,,,,1
eqpb.hu,https://www.utazoflamingo.hu/,200,Online kaszinó mobil alkalmazások - magyar játékosoknak,0,4,3,,,,1
erainstitute.pk,https://erainstitute.pk/,200,erainstitute,0,6,3,,,,2
erd.gov.bd,https://erd.gov.bd/,200,হোম | অর্থনৈতিক সম্পর্ক বিভাগ,0,107,28,,,,25
erdei-iskolak.hu,https://erdei-iskolak.hu/,200,"Mostbet Magyar – Bejelentkezés, Regisztráció és Fogadás 2026",53,1,0,,,hu.stat-umlead.com,1
ericdjacksonestatesales.com,https://ericdjacksonestatesales.com/,200,Mostbet App Bangladesh 2025 – Download the Official Betting & Casino App Now,62,7,4,,,,3
erosbalazs.com,https://www.erosbalazs.com/,200,Mostbet Magyarország 2026: Élő sportfogadás és online kaszinó egy helyen,55,11,3,,,,2
erudites.ru,https://erudites.ru/,200,Мостбет зеркало | Вход на официальный сайт казино Mostbet,96,13,3,,https://erudites.ru/play,,4
eskimiyen.com,https://eskimiyen.com/,200,Mostbet Kazino: Azərbaycanda Ən Yaxşı Onlayn Oyun Təcrübəsi,224,26,2,,https://eskimiyen.com/play,,1
esotrudnik.ru,https://esotrudnik.ru/,200,"Mostbet и Мостбет казино: официальный сайт, рабочее зеркало, бонусы 🎰💰",25,2,1,,,dashplay37.com,1
espace-etincelle.com,https://espace-etincelle.com/,200,Mega Cricket World App Bangladesh - Best Betting & Casino App 2026,0,11,3,,,,2
espn.co.uk,https://www.espn.co.uk/,200,ESPN United Kingdom - Serving Sports Fans. Anytime. Anywhere.,0,71,77,,,,25
espn.com,https://www.espn.com/,200,ESPN - Serving Sports Fans. Anytime. Anywhere.,0,122,46,,,,25
espn.com.sg,https://www.espn.com.sg/,200,ESPN Singapore - Serving Sports Fans. Anytime. Anywhere.,0,59,57,,,,25
esportsbettingranker.in,https://esportsbettingranker.in/,200,Best eSports Bookmakers India 2026 - Bet Online,0,92,110,,,,25
esportsinsider.com,https://esportsinsider.com/,200,"Esports Insider - Esports News, Betting Odds & Matches",0,146,5,,,,2
esquizofrenia24x7.pt,https://esquizofrenia24x7.pt/,200,Saúde Mental Portugal: Blog sobre Psicologia e Apoio ao Jogador,0,12,3,,,,2
esrefruya.com,https://www.esrefruya.com,200,Ana Sayfa | Eşref Rüya,0,13,0,,,,0
essepiutech.com,https://essepiutech.com/,200,Essepiutech – SP+ Tech – Consulenza e Innovazione,0,29,14,,,,14
estillo76.com,https://estillo76.com/,200,Casas Chinesas Pequenas: Modelos Compactos Recomendados,0,7,5,,,,3
esxema.ru,https://esxema.ru/,200,Мостбет ᐉ Mostbet ставки и бонусы для онлайн-игры,86,10,3,,,8umjh5xaqko.top,2
etcarian.com,https://etcarian.com/,200,ETCARE | Start Your Own Business | Beauty Products,0,48,14,,,,6
ethiquemediagabon.com,https://ethiquemediagabon.com/,200,Mostbet App Bangladesh 2025 – Download for Android & iOS,114,12,3,,,,2
etienneprofessional.in,https://etienneprofessional.in/,200,Mostbet India Official Site – Trusted Bookmaker & Online Casino,89,4,3,,,,2
eu.com,https://eu.com/,200,EU.COM | The Smart Domain Choice for Expanding into Europe,0,26,4,,,,3
euramaxuk.cfd,https://euramaxuk.cfd/,200,Mostbet ᐉ Mostbet AZ Platforması və Oyun İmkanları,88,2,0,,,d1q7x3ka.top,1
euramaxuk.com,https://www.euramaxuk.com/,200,Mostbet ᐉ Mostbet AZ Platforması və Oyun İmkanları,123,18,2,,,d1q7x3ka.top,2
eurocir.com,https://www.eurocir.com/,200,Eurocir – Circuitos impresos,0,23,2,,,,2
euronews.com,https://www.euronews.com:443/,200,Latest breaking news available as free video on demand | Euronews,0,311,24,,https://www.euronews.com:443/login https://www.euronews.com:443/apps,,14
evadesignn.ru,https://evadesignn.ru/,200,Мостбет казино | Официальный сайт Mostbet – зеркало для ставок и игр 🎰,51,1,0,,,dashplay37.com,1
evamilkova.cz,https://www.evamilkova.cz/,200,Mostbet v České republice 2026: Kompletní přehled bonusů pro kurzové sázení a automaty,90,12,3,,,,2
eventualo.net,https://eventualo.net/,200,BetAlice Casino PL Online – Bonus powitalny i darmowe spiny,0,13,3,,,streamspace.top,4
eventxsolutions.in,https://eventxsolutions.in/,200,Mostbet India - Official Bookmaker and Online Casino,157,13,3,,,,3
evertrek.com.pl,https://evertrek.com.pl/,200,"EverTrek Sklep sportowy - Kurtka puchowa 4F, buty trekkingowe i zimowe, softshell, bluzy 4fsklep",0,360,9,,https://www.evertrek.com.pl/pl/login https://www.evertrek.com.pl/pl/searchquery/puchowa/1/phot/5?url=puchowa,,19
ex5vbeszmb.com,https://ex5vbeszmb.com/ServiceCenter/CentralizedLogin_AuthCodeFlow_CodePart.aspx?OriginalURL=%24MSQxMDAw%24tR5VcqPjb1aQexuJy2N23Q%3d%3dLMsbiehnzGuJiM%2fld0d8%2b6YS28EYqWVHCuiVCWsmUQQiS7bwgJMvpMrSBcijzS8zIUkHRqfdhwRF6dRvk9YpcfCCDRTjOluxXgtq9ulzSkBLYkmfaajwsC1m20UK32Nn6Pkd55TwvUw3AhdY29B3bpNIlEiXL4HO6jd%2fTMOI806xoTpAJLWv5WY6tWAQo9n6&ToolName=%24MSQxMDAw%24Rx%2basKir8IL67vQwGkfjQQ%3d%3dURkmLdd5ykJutUMlE1tJWh6X0fgvx%2b1MJu66u37n750lafjKQK8RiUgpm9IV2Vcm&IsITApp=True,200,ex5vbeszmb.com - Login,0,1,0,,,,1
expatria.pl,https://www.expatria.pl/,200,"Bison Casino: Automaty Online, Zakłady i Bonusy 2026",0,2,2,,,,1
expresslaneltd.com,https://expresslaneltd.com/,200,Mostbet Azərbaycan: Rəsmi Sayt və Giriş – İndi Mərc Edin,62,4,3,,,,2
extime.com,https://www.extime.com/en/paris,200,Extime.com | Official online store of Paris Aeroport® ✈️,0,241,14,,,,16
extin.in,https://www.extin.in/,200,Mostbet India Official Site - Bookmaker and Casino for Indian Players,186,3,3,,,,2
extour-shop.ru,https://extour-shop.ru/,200,ExTour Shop,0,15,0,,,,0
eyetrax.net,https://www.eyetrax.net/,200,Мостбет: зеркало казино Mostbet KZ - быстрый вход,44,8,2,,,byemsn714.top,1
ezsport.bet,https://ezsport.bet/,200,SPORT - ezsport.bet,0,26,64,,,,25
f168ct.com,https://f168ct.com/,200,9ggt ❤️ Como Apostar nas Apostas de Slot e Garantir Sucesso,0,20,2,,,,7
facemusic.pl,https://facemusic.pl/,200,Slottica Casino 🛡️Logowanie Slottica Online PL i bonus 500 zł + 125FS,0,2,3,,https://facemusic.pl/play/,,2
faire.com,https://www.faire.com/,200,Your one-stop shop for wholesale - Faire,0,107,14,,,,14
fairfarmsnow.org,https://fairfarmsnow.org/,200,Mostbet Onlayn Kazino: Ümumi İcmal,153,25,2,,,cvl36s4x15n.top,2
fairfarmsnoworg.xyz,https://fairfarmsnoworg.xyz/,200,Mostbet Onlayn Kazino: Ümumi İcmal,101,2,0,,,cvl36s4x15n.top,1
fairfarmsnoworg1.xyz,https://fairfarmsnoworg1.xyz/,200,Mostbet Onlayn Kazino: Ümumi İcmal,101,2,0,,,cvl36s4x15n.top,1
fairfarmsnoworg10.cfd,https://fairfarmsnoworg10.cfd/,200,Mostbet Onlayn Kazino: Ümumi İcmal,101,2,0,,,cvl36s4x15n.top,1
fairfarmsnoworg11.cfd,https://fairfarmsnoworg11.cfd/,200,Mostbet Onlayn Kazino: Ümumi İcmal,101,2,0,,,cvl36s4x15n.top,1
fairfarmsnoworg12.cfd,https://fairfarmsnoworg12.cfd/,200,Mostbet Onlayn Kazino: Ümumi İcmal,101,2,0,,,cvl36s4x15n.top,1
fairfarmsnoworg13.cfd,https://fairfarmsnoworg13.cfd/,200,Mostbet Onlayn Kazino: Ümumi İcmal,101,2,0,,,cvl36s4x15n.top,1
fairfarmsnoworg14.cfd,https://fairfarmsnoworg14.cfd/,200,Mostbet Onlayn Kazino: Ümumi İcmal,101,2,0,,,cvl36s4x15n.top,1
fairfarmsnoworg15.cfd,https://fairfarmsnoworg15.cfd/,200,Mostbet Onlayn Kazino: Ümumi İcmal,101,2,0,,,cvl36s4x15n.top,1
fairfarmsnoworg2.xyz,https://fairfarmsnoworg2.xyz/,200,Mostbet Onlayn Kazino: Ümumi İcmal,101,2,0,,,cvl36s4x15n.top,1
fairfarmsnoworg3.xyz,https://fairfarmsnoworg3.xyz/,200,Mostbet Onlayn Kazino: Ümumi İcmal,101,2,0,,,cvl36s4x15n.top,1
fairfarmsnoworg4.cfd,https://fairfarmsnoworg4.cfd/,200,Mostbet Onlayn Kazino: Ümumi İcmal,101,2,0,,,cvl36s4x15n.top,1
fairfarmsnoworg4.xyz,https://fairfarmsnoworg4.xyz/,200,Mostbet Onlayn Kazino: Ümumi İcmal,101,2,0,,,cvl36s4x15n.top,1
fairfarmsnoworg5.cfd,https://fairfarmsnoworg5.cfd/,200,Mostbet Onlayn Kazino: Ümumi İcmal,101,2,0,,,cvl36s4x15n.top,1
fairfarmsnoworg6.cfd,https://fairfarmsnoworg6.cfd/,200,Mostbet Onlayn Kazino: Ümumi İcmal,101,2,0,,,cvl36s4x15n.top,1
fairfarmsnoworg7.cfd,https://fairfarmsnoworg7.cfd/,200,Mostbet Onlayn Kazino: Ümumi İcmal,101,2,0,,,cvl36s4x15n.top,1
fairfarmsnoworg8.cfd,https://fairfarmsnoworg8.cfd/,200,Mostbet Onlayn Kazino: Ümumi İcmal,101,2,0,,,cvl36s4x15n.top,1
fairfarmsnoworg9.cfd,https://fairfarmsnoworg9.cfd/,200,Mostbet Onlayn Kazino: Ümumi İcmal,101,2,0,,,cvl36s4x15n.top,1
fairkolcson.hu,https://fairkolcson.hu/,200,,0,0,0,thin_page,,,0
fairr786.com,https://fairr786.com/,200,Online Casino & Sports Betting,0,0,6,,,,0
faithmatterstoday.org,https://faithmatterstoday.org/,200,"Faith Congregational Church – ""Where Faith Matters Today…and Always!""",0,39,31,,,,25
fake24.ru,https://fake24.ru/,200,"Mostbet, Мостбет казино • Официальный сайт: зеркало, бонусы, спорт🔥",30,2,1,,,dashplay37.com,1
fallacepeda.es,https://fallacepeda.es/,200,Falla Rodriguez de Cepeda – L. Palmireno,0,38,8,,,,8
familiacsaladkutatas.hu,https://www.familiacsaladkutatas.hu/,200,"mostbet Magyarország 2026 – Sportfogadás, Kaszinó & Bónusz",85,25,1,,,partners-official.com,3
famups.com,https://www.famups.com/,200,Famups - Social Media Marketing Service,0,66,13,,,,8
fanduel.com,https://www.fanduel.com/,200,"Prediction Markets, Online Sportsbook, Casino & Daily Fantasy Sports | FanDuel",0,130,102,,,,25
fann.sk,https://www.fann.sk/,200,Parfémy | Voňavky | Kozmetika a poradenstvo | FAnn parfumerie,0,369,13,,,,13
fantasypros.com,https://www.fantasypros.com/,200,"Fantasy Football Rankings, 2026 Projections, Fantasy Baseball Cheat Sheets | FantasyPros",0,38,17,,,,14
farmerbrownsgolf.com,https://livediyideas.com/,200,Casino Mythen Ontkracht: De Waarheid over Gokkasten in 2026,0,1,1,,,,1
farmerfriend.in,https://farmerfriend.in/,200,Melbet India – Sports Betting Platform & Online Casino,0,1,1,,,,0
farmvillelawncare.com,https://farmvillelawncare.com/,200,Mostbet Polska – Twoje Centrum Rozrywki i Zakładów Sportowych w 2026 Roku | Farmvillelawncare,225,21,2,,,partners-official.com,3
fastpay29.com,https://fastpay29.com/,200,"FASTPAY9 | Aussie Most Trusted Online Casino Play Slots, Bet on Sports, Try Live Casino, and Win Big!!!",0,0,23,,,,18
fastpay9.com,https://fastpay9.com/,200,"FASTPAY9 | Aussie Most Trusted Online Casino Play Slots, Bet on Sports, Try Live Casino, and Win Big!!!",0,5,18,,,,14
fasttrac.org,https://www.fasttrac.org/,200,Kauffman FastTrac – Your idea. Your business. Your way.,0,22,6,,,,6
fatdragonla.com,https://fatdragonla.com/,200,Mostbet ᐉ বাংলাদেশে Most Bet ক্যাসিনো ও স্পোর্টস বেটিং সাইট,12,1,0,,,uq6m6dom9.top,1
faw-auto-krasnodar.ru,https://faw-auto-krasnodar.ru/,200,"Мостбет зеркало и Мостбет Casino — быстрый доступ, бонусы, FS, выплаты",55,1,0,,,dashplay37.com,1
faw-kashirka.ru,https://faw-kashirka.ru/,200,Мостбет Казино (Mostbet Casino) – официальный сайт Казино Мостбет| Зеркало,34,1,0,,,dashplay37.com,1
fbs23.ru,https://fbs23.ru/,200,Mostbet Casino (Мостбет Казино) – Рабочий сайт и бонус за первый депозит,29,1,0,,,dashplay37.com,1
fedorkotoff.ru,https://fedorkotoff.ru/,200,"Мостбет зеркало — актуальное рабочее зеркало Мостбет Casino, бонусы",53,1,0,,,dashplay37.com,1
fefundinfo.com,https://www.fefundinfo.com/,200,FE fundinfo | Navigating Complexity with Confidence,0,87,21,,,,21
femalecricket.com,https://femalecricket.com/,200,"Female Cricket - Women's Cricket Live Scores, Match updates, Women's Fixtures, Results, News, Articles, Interviews and more",0,197,26,,,,9
fensterjalousien.de,http://fensterjalousien.de/,200,drempeltuer.de,0,0,47,,,,25
fermented-nutrition.com,https://fermented-nutrition.com/,200,Fermented Nutrition CorporationFermented Nutrition Corporation,0,8,3,,,,4
fezacelikkapi.com.tr,https://fezacelikkapi.com.tr/,200,Hititbet Güncel Giriş: Resmi Yeni Giriş Adresi ve Bonus Anında,0,17,1,,,gocasino2026.com,1
fhromana.ru,https://fhromana.ru/,200,Мостбет Казино (Mostbet Casino): онлайн-платформа с бонусами и слотами,37,1,0,,,dashplay37.com,1
fidanemlakercis.com,https://shoptheramu.com/,200,"Royal Reels 24 Australia 🎰 Login, Sign Up & Casino Bonus Chips",0,5,2,,,,0
fifaworldcuplivestreamfree.blogspot.com,https://fifaworldcuplivestreamfree.blogspot.com/,200,FIFA WORLD CUP LIVE STREAM FREE,0,84,92,,,,25
fifthstrategy.com,https://fifthstrategy.com/,200,My Blog – My WordPress Blog,0,21,3,,,,2
fikrat.uz,https://www.fikrat.uz/,200,"Mostbet UZ Casino: Eng Yaxshi O'yinlar, Bonuslar va To'lov Tizimlari",40,0,1,,,,1
filipegoulao.com,https://filipegoulao.com/,200,"Mostbet Portugal Site Oficial de Casino e Apostas 2026 - Registo, Bónus e App",87,4,3,,,,2
filipmartinek.cz,https://www.filipmartinek.cz/,200,"Filip Martínek – ""Už to není, co to bývalo… je to mnohem lepší!""",0,5,117,,,,25
fillyourkart.com,https://fillyourkart.com/,200,Ayush -,0,16,4,,,,5
filminfinite.com,https://filminfinite.com/,200,,0,0,0,thin_page,,,0
financiarveiculo.com,https://financiarveiculo.com/,200,financiarveiculo -,0,26,1,,,,1
finkraska43.ru,https://finkraska43.ru/,200,Mostbet Casino - официальный сайт - зеркало и вход Мостбет Казино,38,1,0,,,dashplay37.com,1
fipfaworldcup.org,https://fipfaworldcup.org/,200,Bison Casino Online 2026 ⭐ Bonus do 2500 PLN i 100 Spinów,0,6,2,,,,0
firefrontreports.com.au,https://firefrontreports.com.au/,200,Fire Front Consultancies – Coming Soon,0,1,1,,,,0
fireguard-centre.ru,https://fireguard-centre.ru/,200,"Мостбет Казино — зеркало на сегодня, официальный сайт Mostbet",53,1,0,,,dashplay37.com,1
firestoneriverfront.com,https://mu889.online/vi-vn/,200,MU88 – Link Trang Chủ MU88.COM Chuẩn Nhất 2026 | Tải App +88k,0,32,8,,,,11
first-newsmedia.com,https://www.first-newsmedia.com/,200,Accueil - FIRST-NEWS MEDIA,0,75,10,,,,6
firsthamster.com,https://firsthamster.com/,200,First Hamster – All about hamsters,0,27,3,,,,3
firstlightacquisition.com,https://firstlightacquisition.com/,200,First Light Acquisition Group | Dual-Use Technology & Defense Acquisition,0,4,1,,,,0
fish-co.com.ph,https://www.fish-co.com.ph/,200,Fish and Company,0,11,6,,,,3
fishrvta.com,https://fishrvta.com/cgi-sys/suspendedpage.cgi,200,Account Suspended,0,0,0,,,,0
fit360.pl,https://premium.pl/sklep/fit360.pl,200,fit360.pl - domain for sale - premium.pl shop,0,28,1,,,,1
fit4good.hu,https://www.utazoflamingo.hu/,200,Online kaszinó mobil alkalmazások - magyar játékosoknak,0,4,3,,,,1
fitelo.co.in,https://fitelo.co.in/,200,Finding the Most Popular Sports to Bet On in India - fitelo.co.in,0,11,15,,,,14
fito-lampa.ru,https://fito-lampa.ru/,200,"Мостбет зеркало, Mostbet Casino – рабочее зеркало Мостбет【2024】",50,1,0,,,dashplay37.com,1
fitpraktyka.pl,https://fitpraktyka.pl/,200,Fitpraktyka – ABC witaminy D3,0,33,4,,,,5
fitsewbeautifulnewburypark.com,https://www.fitsewbeautifulnewburypark.com/,200,MostBet Portugal – Site Oficial de Apostas Online e Casino 2026,81,9,3,,,,2
fivereasonssports.com,https://www.fivereasonssports.com/,200,South Florida Front Page – Five Reasons Sports Network,0,111,12,,https://www.fivereasonssports.com/south-florida/out-4-the-count/,,14
flappy-bird-game.com,https://flappy-bird-game.com/,200,Flappy Bird - official online platform with secure access,0,21,3,,,chickenpirate-link.com,3
flashscore.com,https://www.flashscore.com/,200,"Football Live Scores, Latest Football Results | Flashscore.com",0,528,64,,,,25
flatsandflatmates.co.in,https://www.flatsandflatmates.co.in/,200,"Mostbet India | Premium Casino, 19,000+ Slots & Top Sports Odds",116,4,3,,,,2
flex-fm.ru,https://flex-fm.ru/,200,Мостбет Казино – Официальное рабочее зеркало Mostbet Casino,58,1,0,,,dashplay37.com,1
flexpoint12.com,https://flexpoint12.com/,200,Flex Point LED & Flex | Premium LED Sign Board Manufacturing & Installation,0,1,1,,,,1
flexywearpremium.com.tr,https://flexywearpremium.com.tr/,200,FlexyWear Premium,0,43,66,,,,6
flightfree.ca,https://flightfree.ca/,200,Microgaming Casinos blog from Katie Isaacson,2,52,10,,https://flightfree.ca/bonus/ https://flightfree.ca/play-pokies-via-android-devices/,,10
flipkart.com,https://www.flipkart.com/,200,"Online Shopping India Mobile, Cameras, Lifestyle & more Online @ Flipkart.com",0,438,30,,,,18
fliptheswitch.com,https://fliptheswitch.com/,200,Home - Flip The Switch,0,105,13,,,,25
flograte.com,https://flograte.com/,200,Empower Your Business with Custom Integration Services - Flograte,0,28,9,,,,5
floristeriaslogrono.es,https://floristeriaslogrono.es/,200,Floristerias Logroño. Envio de flores a domicilio en Logroño.,0,61,9,,,,4
flourishforums.com,https://www.flourishforums.com/,200,"Flourish Forums – Community Discussions, Lifestyle, Growth and Ideas",0,5,9,,,,3
flowersholiday.com,https://flowersholiday.com/,200,"MostBet — rəsmi vebsayt, kazino və Mostbet AZ-da bonuslar",219,26,2,,https://flowersholiday.com/play,,1
fogszabalyozasszekesfehervar.hu,https://fogszabalyozasszekesfehervar.hu/,200,,0,0,0,thin_page,,,0
folhabv.com.br,https://www.folhabv.com.br/,200,"Folha BV - Notícias, opinião, política, esporte, cultura de Roraima",0,145,19,,,,6
followfly.co,https://www.followfly.co/,200,,0,0,4,,,,2
foma-blog.ru,https://foma-blog.ru/,200,"Мостбет — Зеркало Мостбет рабочее сегодня | Мостбет Casino, официальный сайт, бонусы",58,1,0,,,dashplay37.com,1
fondstanina.org,https://fondstanina.org/,200,Мостбет: зеркало казино Mostbet KZ - быстрый вход,42,8,2,,,byemsn714.top,1
fonstyle.ru,https://fonstyle.ru/,200,"Веб дизайн сайта, продвжиение и создание сайта",11,17,1,,,,1
fonteam.kz,https://fonteam.kz/,200,Fonteam,0,19,15,,,,0
foodgallerynyc.com,https://foodgallerynyc.com/,200,Mostbet UZ | Mostbet Rasmiy Sayti [2026],37,12,2,,,laq8nxpto.top,1
foodtrack-repino.ru,https://foodtrack-repino.ru/,200,"Mostbet Casino - Официальный сайт Мостбет Казино: регистрация, вход и игровые автоматы",54,1,0,,,dashplay37.com,1
fool.com,https://www.fool.com/,200,Stock Market News & Investing Research | The Motley Fool,0,234,73,,,,25
foontik.ru,https://foontik.ru/,200,Мостбет официальный сайт | Рабочее зеркало Mostbet Casino на сегодня,51,1,0,,,dashplay37.com,1
football-x.com.de,https://football-x.com.de/,200,"Football X Spiel 2026: 96 % RTP, 5 Charaktere, deutsche Erfahrungen",21,21,10,,,,6
footballbetsexplained.co.uk,https://www.footballbetsexplained.co.uk/,200,Football Bets Explained - Football Bets Explained,0,47,5,,,,25
foothillstorm.org,https://foothillstorm.org/,200,Mostbet AZ – Onlayn Casino və Mərc | Giriş və Sərfəli Bonuslar,163,25,3,,,pahatcfx.top,2
forbau.hu,https://www.forbau.hu/,200,Mostbet Magyarország: Kaszinó és Fogadóiroda | 160 000 HUF Bónusz,95,4,3,,,,2
forestchel.ru,https://forestchel.ru/,200,Мостбет Казино и Мостбет зеркало — Официальный сайт и рабочее зеркало Mostbet Casino,54,1,0,,,dashplay37.com,1
fornasariadvogados.com,https://fornasariadvogados.com/,200,Your domain is expired,0,0,7,,,,7
fortmiles.org,https://www.fortmiles.org/,200,"MOSTBET AZ 2026 ✔️ Rəsmi sayt, giriş və qeydiyyat",27,0,1,,,,0
fortune-wheelz-casino-us.com,https://fortune-wheelz-casino-us.com/,200,Fortune Wheelz Casino 🔥 OFFICIAL Review & Welcome Bonus 【USA Players 2026】 Real Money Online Casino,0,15,1,,,og-le-uv.buzz,2
fortuneboy.pics,https://fortuneboy.pics/,200,MostBet Казино,2,0,1,,,,0
fortuneofgizaslot.ru,https://fortuneofgizaslot.ru/,200,"Игровой автомат Fortune of Giza: демо режим, бесплатная игра",0,1,1,,,fortuna-promo2.com,2
forum-maquettes-spatiales.com,https://forum-maquettes-spatiales.com/,200,"Mega Cricket World (Bangladesh, 2026): Premium mobile sports betting and casino platform.",0,13,3,,,,2
forum-spain.ru,https://forum-spain.ru/,200,FASTPANEL,0,0,1,,,,1
forummostbet.com,http://forummostbet.com/,200,Parked Domain name on Hostinger DNS system,0,0,6,,,,6
fotoburil.cz,https://fotoburil.cz/,200,,0,0,0,thin_page,,,0
fourjandals.com,https://www.fourjandals.com/,200,Adventure Travel Blog For Adventurous Couples | Four Jandals,0,36,9,,,,3
fox5ny.com,https://www.fox5ny.com/,200,"FOX 5 New York | Local News, Weather, and Live Streams | WNYW",0,90,30,,,,19
fox5vegas.com,https://www.fox5vegas.com:443/,200,FOX5 Vegas,0,121,96,,,,15
foxbusiness.com,https://www.foxbusiness.com/,200,Fox Business | Business News & Stock Quotes - Saving & Investing,0,267,34,,,,22
foxnews.com,https://www.foxnews.com/,200,Fox News - Breaking News Updates | Latest News Headlines | Photos & News Videos,0,339,75,,,,25
foxsports.com,https://www.foxsports.com/,200,"FOX Sports News, Scores, Schedules, Odds, Shows, Streams & Videos | FOX Sports",0,447,330,,,,25
fractalnatureperu.com,https://www.fractalnatureperu.com/,200,FRACTAL NATURE PERÚ – Agencia de viaje,64,26,1,,,,9
franceinfo.fr,https://www.franceinfo.fr/,200,franceinfo - Actualités en temps réel et info en direct,0,551,54,,,,25
francestsalas.com,https://francestsalas.com/,200,Frances Tsalas,0,8,4,,,,1
francky-bike.com,https://francky-bike.com/,200,Mega Cricket World Bangladesh – Feel Dhaka’s Street Vibe in Online Betting,0,4,3,,,,2
francophones-israel.com,https://www.francophones-israel.com/,200,Mostbet Bangladesh | Sports Predictions & Official Casino Slots,44,11,3,,,,2
fredrikoglouisa.no,https://fredrikoglouisa.no/,200,"Fredrik & Louisa - Hudpleie, makeup og parfyme på nett",0,290,11,,,,7
free-apk.com,https://free-apk.com/,200,Download app Mostbet,2,0,0,thin_page,,,0
freeapk.mobi,https://freeapk.mobi/,200,Android app APKs - free downloads,0,74,3,,,,2
freescripthub.org,https://freescripthub.org/,200,Beste Casino Zonder Cruks in Nederland 2026🎖️Top 10 & Reviews,0,6,2,,,,0
freshnetworth.com,https://freshnetworth.com/,200,Fresh Net Worth - Discover the Secrets of All-Famous Person Wealths,0,46,5,,,,2
friendsofkootenainationalwildliferefuge.org,https://friendsofkootenainationalwildliferefuge.org/,200,"MostBet Casino: Bonusy, Platby CZK a Mobilní Aplikace 2026",50,1,0,,,,0
fril.jp,https://fril.jp/,200,楽天ラクマ（旧フリル） | 楽天のフリマアプリ - 中古/未使用品がお得！,0,53,19,,,,17
frontofficesports.com,https://frontofficesports.com/,200,Front Office Sports,0,137,68,,,,13
frosfo.ru,https://frosfo.ru/,200,Мостбет зеркало | Вход на официальный сайт казино Mostbet,96,13,3,,https://frosfo.ru/play,,4
fruit-dash-tropical-drop.help,https://fruit-dash-tropical-drop.help/,200,Fruit Dash: Tropical Drop,12,1,4,,,,3
fruitslot777loginh.com,https://fruitslot777loginh.com/,200,fruit slot 777 login - 🍁 پاکستان کے صارفین کیلئے ریئل ٹائم اسپورٹس ویجرنگ اور جیک پاٹ انعامات,0,20,4,,,,7
fs-mce.pt,https://fs-mce.pt/,200,FS-MCE,0,0,28,,,,17
fssonline.in,https://fssonline.in/,200,Mostbet India - Official Betting Site and Online Casino 2026,202,4,3,,,,2
fuelforsuccess.org,https://fuelforsuccess.org/,200,Home - Sgt Bike - Bicycle Billboard Advertising in Los Angeles,0,15,3,,,,5
fuelingactivekids.com,https://fuelingactivekids.com/,200,"Mostbet ᐉ Mostbet AZ giriş, yükləmə və bonuslar",147,19,2,,,dmkqfzpjx.top,1
fukushimaresponse.org,https://fukushimaresponse.org/,200,Online Casinos in the US: 10 Sites Compared on Payouts,0,18,1,,,bs_20e98096.carebuy.care bs_227261d3.cryptotrace.care bs_244394b4.carebuy.care bs_2e7e18c9.cryptotrace.care bs_2f77b236.cryptotrace.care bs_3a4ef539.cryptotrace.care bs_62a6b03d.cryptotrace.care bs_701093cc.cryptotrace.care bs_762e5c1b.cryptotrace.care bs_7db8de8e.cryptotrace.care bs_ac6163fc.carebuy.care bs_bea7b0c9.cryptotrace.care bs_db987829.cryptotrace.care,13
fun88ind.org,https://fun88ind.org/,200,Online Casino & Sports Betting,0,0,6,,,,0
fushimiya.info,http://fushimiya.info/,200,,0,0,8,,,,6
futuretimes.online,https://futuretimes.online/,200,A Bun In The Oven,1,18,25,,,,24
gadflyonline.com,https://gadflyonline.com/home/,200,Gadfly ONLINE – Culture that Matters.,0,43,16,,,,15
gadgetarenashop.com,https://gadgetarenashop.com/,200,Lewis-Clark Idaho Dental Society | 5th District Component of the Idaho State Dental Association,0,9,0,,,,0
galeriaportoriental.com,https://galeriaportoriental.com/,200,"Royspins Casino — Play Together, Win Together | 3800+ Games & Tournaments",0,22,0,,,,1
gama-game-mir4.cfd,https://gama-game-mir4.cfd/,200,Гама Казино (Gama Casino) регистрация и вход,2,0,1,,,,1
gambling911.com,https://gambling911.com/,200,Home,0,71,11,,,,11
gamblinginsider.com,https://www.gamblinginsider.com/,200,"Gambling Insider | Independent Gambling News, Analysis & Reviews",0,120,13,,,bs_0448b37d.kushil.care bs_5df3b19a.kushil.care bs_f74c0f05.kushil.care bs_fc9cd3b3.kushil.care bs_fcdfc171.kushil.care,20
game-best-win205.cfd,https://game-best-win205.cfd/,200,Mostbet AZ Giriş ᐉ Mostbet Azerbaycan Rəsmi Casino,135,2,7,,,cf2w2a827cgd.top,4
game-online-top853.cfd,https://game-online-top853.cfd/,200,Mostbet Onlayn Kazino: Ümumi İcmal,101,2,0,,,cvl36s4x15n.top,1
game-online-top854.cfd,https://game-online-top854.cfd/,200,Mostbet Onlayn Kazino: Ümumi İcmal,101,2,0,,,cvl36s4x15n.top,1
game-online-top854.click,https://game-online-top854.click/,200,Mostbet Onlayn Kazino: Ümumi İcmal,101,2,0,,,cvl36s4x15n.top,1
game-super-best907.cfd,https://game-super-best907.cfd/,200,Mostbet AZ Giriş ᐉ Mostbet Azerbaycan Rəsmi Casino,135,2,7,,,cf2w2a827cgd.top,4
game-super-best908.cfd,https://game-super-best908.cfd/,200,Mostbet AZ Giriş ᐉ Mostbet Azerbaycan Rəsmi Casino,135,2,7,,,cf2w2a827cgd.top,4
game-super-play908.cfd,https://game-super-play908.cfd/,200,Мостбет: зеркало казино Mostbet KZ - быстрый вход,59,2,0,,,byemsn714.top,1
game-super-top658.cfd,https://game-super-top658.cfd/,200,Mostbet AZ | Rəsmi internet saytında giriş və qeydiyyat | Mostbet-az90,91,3,0,,,aos9d9e9g0o.top,1
game-top-online182.cfd,https://game-top-online182.cfd/,200,Mostbet AZ Giriş ᐉ Mostbet Azerbaycan Rəsmi Casino,135,2,7,,,cf2w2a827cgd.top,4
game-top-online183.cfd,https://game-top-online183.cfd/,200,Mostbet AZ Giriş ᐉ Mostbet Azerbaycan Rəsmi Casino,135,2,7,,,cf2w2a827cgd.top,4
game-top-online782.cfd,https://game-top-online782.cfd/,200,Mostbet AZ | Rəsmi internet saytında giriş və qeydiyyat | Mostbet-az90,91,3,0,,,aos9d9e9g0o.top,1
game-top-play583.cfd,https://game-top-play583.cfd/,200,Mostbet AZ Giriş ᐉ Mostbet Azerbaycan Rəsmi Casino,135,2,7,,,cf2w2a827cgd.top,4
game999club.com,https://game999club.com/pk,200,TOJAYS.BET-Best Real Money Online Casino In Pakistan 24/7,1,1,40,,,,21
gamemaker.info,http://gamemaker.info/,200,,0,0,8,,,,6
gameofthrones-grfans.com,https://gameofthrones-grfans.com/,200,Ζήστε την περιπέτεια στα φανταστικά RPG και eSports,0,12,1,,,,0
gameplayapp.app,https://gameplayapp.app/,200,gameplay app – Trusted Online Casino in the Philippines,0,21,1,,,,3
gamereviewhub.org,https://gamereviewhub.org/,200,Mostbet Polska - Bonus Powitalny 125% | Kasyno & Bukmacher,57,3,1,,,,0
gameroyalclub.com,https://gameroyalclub.com/pk,200,TOJAYS.BET-Best Real Money Online Casino In Pakistan 24/7,1,1,40,,,,21
gamestronglivestronger.org,https://gamestronglivestronger.org/,200,Mostbet casino: Bonus do 1400 PLN | Zagraj Teraz,41,23,1,,,partners-official.com,3
gamewinclub.com,https://gamewinclub.com/pk,200,TOJAYS.BET-Best Real Money Online Casino In Pakistan 24/7,1,1,40,,,,21
gamexpkss.com,https://gamexpkss.com/pk,200,TOJAYS.BET-Best Real Money Online Casino In Pakistan 24/7,1,1,40,,,,21
gamje.com,https://gamje.com/,200,Your domain is expired,0,0,7,,,,7
gantt.hu,https://www.utazoflamingo.hu/,200,Online kaszinó mobil alkalmazások - magyar játékosoknak,0,4,3,,,,1
garantevidros.com.br,https://garantevidros.com.br/,200,"Fabricante de Vidros Temperados e Laminados – Vidros no atacado para Indústrias, Revendedores, Especificadores e Grandes Obras",0,41,15,,,,12
garcomexec.com,https://garcomexec.com/,200,My Blog – My WordPress Blog,0,16,6,,https://garcomexec.com/2026/09/27/play-33000-free-slots-games-no-deposit-no-download/,,7
gaubharatbharati.com,https://gaubharatbharati.com/cgi-sys/suspendedpage.cgi,200,Account Suspended,0,0,0,thin_page,,,0
gaziyarimaratonu.org,https://gaziyarimaratonu.org/,200,"Mostbet Türkiye 2026 – Giriş, Casino ve Bahis",192,30,2,,,ihtnudfkafdt.top,3
gbwa.cc,https://gbwa.cc/,200,GBWhatsApp APK v18.80 Download 2026 | New Version,0,18,5,,,,3
geekgoodies.in,https://www.geekgoodies.in/,200,4Rabet India 2026 – Premier Sports & Casino Hub,0,12,3,,,,2
gemini12.co.uk,https://gemini12.co.uk/,200,Gemini,2,11,48,,,,25
georgeprimeburger.com,https://georgeprimeburger.com/,200,,0,0,0,thin_page,,,0
geotechsupply.com,https://www.geotechsupply.com/,200,Mostbet Login Pakistan - sports betting casino | Bonus and download APK,179,4,15,,,w4sq2xb2k1x6.top,2
getmycabs.in,https://getmycabs.in/,200,"Odds96 India — Sports Betting, Online Casino & 500% Bonus (2025)",0,153,19,,,,16
getmyvapes.com,https://getmyvapes.com/,200,Our Story - getmyvapes.com,0,8,3,,,,4
getthefoutroom.com,https://getthefoutroom.com/,200,Mostbet UZ | Mostbet Rasmiy Sayti [2026],37,12,2,,,laq8nxpto.top,1
gfteamofficial.com,https://www.gfteamofficial.com/,200,Mostbet Azərbaycan 🎖️ 2026 Bonusları və Ən Yaxşı Mərc Seçimləri,10,1,0,,,,0
ghanasoccernet.com,https://ghanasoccernet.com/,200,"Ghana Latest Football News, Live Scores, Results - GHANAsoccernet",0,410,15,,,,25
ghiyasicoin.com,https://ghiyasicoin.com/,200,بورس سکه قیاسی,0,30,4,,,,2
ghsspakistan.pk,https://ghsspakistan.pk/,200,ghsspakistan,0,6,3,,,,2
giadecor.com.vn,https://giadecor.com.vn/,200,Gia Decor,0,16,3,,,,5
gibglue.xyz,https://www.gibglue.xyz/,200,Gluniverse — a persistent browser MMO,0,20,6,,,,2
gigagame.ru,https://gigagame.ru/,200,"Мостбет зеркало — актуальное рабочее зеркало Мостбет Casino, бонусы",53,1,0,,,dashplay37.com,1
gigisflairemporium.com,https://gigisflairemporium.com/,200,Gigi's Flair Emporium 🔮,0,8,4,,,,7
gipsyteam.com,https://www.gipsyteam.com/,200,"Best Poker Rooms, Bonuses & News | GipsyTeam.Com",0,100,14,,,bc.poker c.rsppartners.com click.ggpartners.com go.egbaffiliates.com go.wpnaffiliates.com play.phenompoker.com qqpk8.app record.coinpokeraffiliates.com record.pokerkingpartners.com tracking.wptpartners.com www.uppoker.com,22
gipsyteam.ru,https://www.gipsyteam.ru/,200,"Покер онлайн — лучшие покер-румы, бонусы и фрироллы | GipsyTeam.Ru",0,191,17,,,bc.poker c.rsppartners.com easyflowrp.com go.egbaffiliates.com go.wpnaffiliates.com ic.aff-handler.com pdlinkthirtyseven.xyz play.phenompoker.com qqpk74.cc record.coinpokeraffiliates.com record.pokerkingpartners.com secure.starsaffiliateclub.com tracking.wptpartners.com www.uppoker.com,25
girismostbet.com,https://www.girismostbet.com/?from=@,200,,0,0,4,,,,2
giriss.online,http://giriss.online/,200,,0,0,8,,,,6
gitculina.com,https://www.gitculina.com/,200,منصة Mostbet في مصر – سجل الآن واحصل على ٣٥٠٠ جنيه + ٢٥٠ دورة مجانية,100,10,3,,,,2
github.com,https://github.com/,200,GitHub · Change is constant. GitHub keeps you ahead. · GitHub,0,93,38,,,,19
glampoutnepal.com,https://glampout.com.np/,200,"Glampout Kotdanda | Luxury Glamping Near Kathmandu, Nepal",0,11,8,,,,0
glankler.com,https://glankler.com/,200,Glankler Brown Law Firm,0,21,8,,,,7
glasslabyrinth.com,https://glasslabyrinth.com/,200,Glass Labyrinth,0,56,10,,,,10
globaljgs.org,https://globaljgs.org/,200,Global Jewish Genealogy Society,0,41,12,,,,14
globalpaypulse.org,https://globalpaypulse.org/,200,Global PayPulse,0,0,7,,,,0
globaltradeplaza.com,https://globaltradeplaza.com/,200,"Global B2B Marketplace, B2B Website India, Import Export Portal, Wholesale B2B Portal",0,694,76,,,,25
globalwave26.com,https://globalwave26.com/,200,MostBet Partners,6,0,3,,,,3
globo.com,https://www.globo.com/,200,"globo.com - Absolutamente tudo sobre notícias, esportes e entretenimento",0,335,126,,,,25
globus-korenovsk.ru,https://globus-korenovsk.ru/,200,"Мостбет зеркало и Мостбет Casino – рабочее зеркало на сегодня, бонусы",53,1,0,,,dashplay37.com,1
gloucesterplace.com,https://www.gloucesterplace.com/,200,JO777 | Essex Cottage at Gloucester Place - Resor Tropical Eco-Tourism Tobago,0,2,2,,,,1
go.com,https://www.go.com/,200,Go.com | The Walt Disney Company,0,48,219,,,,25
goal.com,https://www.goal.com/en,200,"Football News, Live Scores, Results & Transfers | Goal.com",0,354,85,,,,25
godawards.com,https://godawards.com/,200,Mostbet,76,8,2,,,b2su3d2i.top,2
godzina10.pl,https://godzina10.pl/,200,Mostbet Casino: Internetowe Kasyno Online w Polsce 2026,40,1,0,,,mio.novarao.com,1
gofarmcoop.com,https://gofarmcoop.com/,200,GoFarm - Golden Farming Cooperative,0,0,0,thin_page,,,0
goha.ru,https://www.goha.ru/,200,"GoHa.Ru - Новости компьютерных игр: свежие игровые новости, обзоры, видео, прохождение новых игр",0,107,21,,,,8
golden1x2.com,https://golden1x2.com/,200,"Fixed Matches HT/FT, best football tips, Fixed Matches HT FT, best tips football, the best football tips, the best tips for football, football best tips, best football tips for tomorrow, best football",0,71,21,,,,21
goldenstarweston.com,https://goldenstarweston.com/,200,Мостбет Казино ⚡️ Mostbet Официальный сайт Казахстан,74,1,0,,https://goldenstarweston.com/mostbet/,,1
golftalklive.net,https://golftalklive.net/,200,"Mostbet AZ Online Kazino 2026: Giriş, Bonuslar və Slotlar",39,9,3,,,,2
gomostbet1.com,https://gomostbet1.com/,200,Big things will be here soon,0,0,0,thin_page,,,0
gomostbet2.com,https://gomostbet2.com/,200,Big things will be here soon,0,0,0,thin_page,,,0
goofish.com,https://www.goofish.com/,200,闲鱼 - 闲不住？上闲鱼！,0,49,0,,,,1
google.co.kr,https://www.google.com/,200,Google,0,34,7,,,,10
google.com,https://www.google.com/,200,Google,0,34,7,,,,10
goplayvibe.com,https://goplayvibe.com/,200,Official Ace2Three 2026 | भारत गाइड,0,23,4,,,,2
gops-lipnicawielka.pl,https://www.gops-lipnicawielka.pl/,200,Mostbet Aviator 2026 — Kompletny Przewodnik dla Graczy PL,215,25,2,,,partners-official.com,2
gorizont-m.com.ua,https://gorizont-m.com.ua/,200,Mostbet Україна – Офіційний сайт БК та казино | Робоче дзеркало 2025,62,7,2,,,,2
gorizont-ndv.ru,https://gorizont-ndv.ru/,200,Mostbet Casino официальный сайт — бонусы 125% и зеркало Мостбет,54,1,4,,,onxpromototal.com,3
gorkha777.com,https://gorkha777.com/,200,Online Betting Nepal | Best eSewa & Khalti Casino 2026 | GorkhaBooks,2,13,4,,,,4
goslotspot.com,https://goslotspot.com/,200,Mines Game India 2026 | भारत गाइड,0,24,4,,,,2
gpstrenink.cz,https://gpstrenink.cz/,200,Mostbet Casino ✅ Oficiální webová stránka kasina MostBet CZ,137,9,1,,,serffigylqrdkh.help,1
gramotif.com,http://gramotif.com/,200,NameBright - Domain Expired,0,0,2,,,,2
grandluxe.live,https://grandluxe.live/,200,"Зеркало 1WIN (1ВИН) — рабочее зеркало казино и БК: вход, регистрация, слоты, ставки, промокод",7,1,2,,,,1
grandvenicehotel.com,https://grandvenicehotel.com/,200,Your domain is expired,0,0,7,,,,7
gransino-bonus-cz.com,https://gransino-bonus-cz.com/,200,Gransino Casino Bonus 2026 – Všechny Akce a Nabídky,0,5,1,,,,1
gravierhouse.com,https://gravierhouse.com/,200,Home Gravier Press - Gravier House,0,30,16,,,,5
greatlakesoutpost.com,https://www.greatlakesoutpost.com:443,200,Home Page | Great Lakes Outpost,0,109,6,,,,3
greececonfidential.gr,https://greececonfidential.gr/,200,Home - Greece Confidential,0,34,14,,,,10
grotasolnapoznan.pl,https://goralskipass.com/,200,"Mostbet Casino PL – Oficjalna Strona, Aplikacja, Logowanie i Bonus 1400 zł",59,2,1,,,eutraffproject.pro,1
groupeindustrielbarsatech.com,https://www.civbarsatech.ca/,200,"CIV-Barsatech | Centre International de Valve | Réparation et remise à neuf de valves industrielles et de
    pompes.",0,11,12,,,,12
gruhalaxminri.com,https://gruhalaxminri.com/,200,Mostbet Casino Official Website in Bangladesh,12,11,3,,,,2
grupo-insys.com,https://grupo-insys.com/,200,Grupo INSYS — Del instrumento al dato certificado,0,6,13,,,,0
grupoaguinaga.es,https://grupoaguinaga.es/,200,Mercedes-Benz Aguinaga | Tus concesionarios de confianza en Vizcaya,0,24,92,,,,25
gry-kasynowe-polska.com.pl,https://gry-kasynowe-polska.com.pl/,200,Gry kasynowe Polska – Bonusy i wypłaty w 2026,2,17,4,,,,6
gryfriv.net,https://gryfriv.net/,200,Mostbet ᐉ Najlepszy bukmacher w Polsce 2026 | Oficjalna strona,17,2,16,,https://gryfriv.net/go.php,,17
gsxshoes.com,https://gsxshoes.com/,200,cassino com pix 2026 — Os Mais Seguros para Depositar Dinheiro Real no Brasil,0,1,4,,,,3
guiajeanswear.com.br,https://guiajeanswear.com.br/,200,Portal da Moda Jeans | Guia Jeans Wear,0,82,22,,,,6
guidebook-mostbet-amp.com,https://guidebook-mostbet-amp.com/,200,Success!,0,0,0,thin_page,,,0
guidorestaurant.com.ar,https://guidorestaurant.com.ar/,200,Stake Casino Argentina Juega y Gana Dinero Real,0,15,1,,,keitaro-zalupa.com,5
guitxiguitxi.net,https://www.guitxiguitxi.net/,200,Ranking: Mejores Apps de Apuestas Deportivas en España 2026,6,11,3,,,,2
gullybetlogin.com,https://gullybetlogin.com/,200,Home - GullyBet Login – Join Gully Bet on Most Trusted Casino Site,0,14,5,,,,3
guttertogulf.com,https://guttertogulf.com/,200,Pin Up Casino Azərbaycanda: Top Kazino Seçimi 2026,0,10,5,,,,3
gyanvihar.org,https://www.gyanvihar.org/,200,Suresh Gyan Vihar University Jaipur | NAAC A+ | Admissions Open,0,94,25,,,,8
h-ddealersportugal.pt,https://www.vidareal-rp-portugal.pt/,200,Mostbet ᐉ Apostas Esportivas e Casino em Portugal 2026,111,5,1,,,serffigzysshxbspfq.help,1
h-dva-o.ru,https://h-dva-o.ru/,200,Мостбет БК - (Mostbet Casino) Официальный сайт,57,1,0,,,dashplay37.com,1
h2020sustenance.eu,https://h2020sustenance.eu/,200,SUSTAINABLE ENERGY SYSTEM⚡? - H2020 Sustenance Project,0,40,6,,,,8
h4ssp.ru,https://h4ssp.ru/,200,Мостбет казино зеркало ⭐ Официальный сайт Mostbet,54,1,0,,,dashplay37.com,1
haciendaelsalitre.com.mx,https://haciendaelsalitre.com.mx/,200,Casinos Online México 2026 – Top 6 Sitios Legales Verificados,13,1,2,,,,2
haileytuckmusic.com,https://haileytuckmusic.com/,200,Mostbet Casino Azərbaycan giriş,11,1,0,,https://haileytuckmusic.com/go/,,1
hairnews.ru,https://hairnews.ru/,200,hairnews.ru,0,0,11,,,,10
hairtransplantmedical.com,https://www.hairtransplantmedical.com/,200,"Hair Transplant MedicalHair Transplant Medical - Learn the basics of hair transplants, questions to ask your hair transplant doctor and other hair loss options from hair transplant medical.",2,61,18,,,,17
halkegitimhemkurs.com,https://halkegitimhemkurs.com/,200,Mostbet AZ | 💎 Giriş Ünvanı 2025 | Canlı Kazino və Mərc 2025 Baxışı,102,11,3,,,,2
hamburg-diabeteszentrum-ost.de,http://hamburg-diabeteszentrum-ost.de/,200,Diabetescentrum Manshardtstrasse,0,0,0,thin_page,,,0
hamburger-diabeteszentrum-ost.de,http://hamburger-diabeteszentrum-ost.de/,200,Diabetescentrum Manshardtstrasse,0,0,0,thin_page,,,0
hampayam.ir,https://hampayam.ir/,200,Ultimate Blogging Championship,0,35,2,,,,2
hanotech.com.vn,https://hanotech.com.vn/,200,,0,0,1,thin_page,,,1
hanwha-phasor.com,https://hanwha-phasor.com/,200,Best Betting Sites: Top New Online Bookmakers in the UK,0,18,27,,,,23
happybee7.com,https://happybee7.com/,200,Luckybee – Apps en Google Play - Luckybee7.com Mejor Casino Online de México 24/7,1,1,17,,,,9
happybirthdaysong.co.in,https://happybirthdaysong.co.in/,200,"Mostbet Aviator Game: Effective Guidelines, Multipliers, RTP, UPI Deposits India",25,11,3,,,,2
happyteamloftspb.ru,https://happyteamloftspb.ru/,200,Мостбет Казино онлайн | Официальный сайт Mostbet Casino,36,1,0,,,dashplay37.com,1
hardikoncocare.com,https://hardikoncocare.com/,200,Hardik Onco Care | Home,0,461,3,,,,11
hardrock.bet,https://www.hardrock.bet/,200,Hard Rock Bet | Online Sportsbook & Casino,0,91,22,,,,25
havokjournal.com,https://havokjournal.com/,200,"The Havok Journal | Military & Veteran News, Commentary, Culture • The Voice of the Veteran Community",0,95,13,,,,20
hcpneus.blog.br,https://hcpneus.blog.br/,200,,0,0,1,thin_page,,,1
hdautomatisation.fr,https://hdautomatisation.fr/,200,Solutions D’automatisation IA | HD Automatisation,0,77,9,,,,11
headhearthandsengagement.com,https://headhearthandsengagement.com/,200,Top casinos en ligne France 2026 | Bonus et promotions,0,5,2,,,,0
healinghouse.com.pk,https://healinghouse.com.pk/,200,Mostbet Pakistan — Online Betting & Casino | 125% Welcome Bonus,51,13,3,,,,2
health-weekly.com,https://health-weekly.com/,200,Home - Health Weekly,0,47,4,,,,3
healthcaresupplies.com.pk,https://www.healthcaresupplies.com.pk/,200,Site Title,0,6,3,,,,2
healthline.com,https://www.healthline.com/,200,Healthline: Medical information and health advice you can trust.,0,187,125,,,,25
healthwebcart.com,https://healthwebcart.com/,200,HeAlTH wEb CArt - 100% Safe And Natural Products,0,32,2,,,,1
hedeftv.info,https://hedeftv.info/,200,Website nationalcasinoswitzerland.com is ready. The content is to be added,0,0,1,,,,1
hefazasazan.com,https://hefazasazan.com/,200,Tower rush – تجربة مجانية أونلاين | دليل المبتدئين,0,25,4,,,,4
hegymaszotanfolyam.hu,https://hegymaszotanfolyam.hu/,200,Online Fogadás és Kaszinó 2026 – Mostbet HU Bemutató,117,23,2,,https://hegymaszotanfolyam.hu/go/hegymaszotanfolyam/,,2
heirloomatrockcreek.com,https://heirloomatrockcreek.com/,200,Mostbet Nepal Login - Official Website | Sports Betting & Casino,80,4,3,,,,2
helabettests1.com,https://helabettests1.com/,200,Hello world,0,0,0,thin_page,,,0
helikimelman.com,https://helikimelman.com/,200,עמוד הבית - חלי קמלמן,0,23,17,,,,16
hellspin-casino-top-au.com,https://hellspin-casino-top-au.com/,200,HellSpin Casino Australia OFFICIAL 🔥 【Premium Online Casino 2026】 EXCLUSIVE Welcome Bonus + Best Pokies,0,15,1,,,og-le-uv.buzz,8
helmets.pk,https://helmets.pk/,200,helmets,0,6,3,,,,2
helmex.ru,https://helmex.ru/,200,Мостбет: букмекерская контора и онлайн ставки на официальном сайте,65,1,4,,,onxpromototal.com,3
help-home.ru,https://help-home.ru/,200,"Mostbet Casino (Мостбет) официальный сайт | Зеркало, регистрация и вход",58,1,0,,,dashplay37.com,1
henriquecer.com,https://henriquecer.com/,200,"Mostbet Portugal Site Oficial - Apostas, Casino e App em 2026",93,4,3,,,,2
heritagemillenaire.com,https://heritagemillenaire.com/,200,"Mostbet BD 2026 | Sign Up for BDT 25,000 Welcome Bonus",137,4,3,,,,2
heylookitsjehn.com,https://heylookitsjehn.com/,200,,0,0,0,thin_page,,,0
heystack.is,https://heystack.is/,200,MostBet Casino – Play Online in India with Bonuses MostBet,227,27,2,,https://heystack.is/play,,2
hglher.com,https://www.hglher.com/,200,MM88 ⭐ Link Vào MM88 Mới Nhất 2026 | Trang Chủ Chính Thức,0,40,16,,,,3
hh-diabeteszentrum-ost.de,http://hh-diabeteszentrum-ost.de/,200,Diabetescentrum Manshardtstrasse,0,0,0,thin_page,,,0
hibourecordings.com,https://www.hibourecordings.com/,200,Home - Hibou Recordings,2,39,8,,,,12
higherorderthinkingschools.org,https://higherorderthinkingschools.org/,200,Мостбет: зеркало казино Mostbet KZ - быстрый вход,44,8,2,,,byemsn714.top,1
highlyratedprofessional.com,https://highlyratedprofessional.com/,200,My Website,0,30,1,,,,0
highrollercasinoh.com,https://highrollercasinoh.com/,200,Highroller Casino - 🧧 تیز کیش آؤٹ آن لائن اسپورٹس بک اور جدید رولیٹ گیمز پاکستان,0,20,4,,,,7
highrollery.com,https://highrollery.com/,200,Highrollerآن لائن-آن لائن کھیل میں ڈیلی بیٹنگ اور بہترین کامیابی والے اوڈز Highroller.com,0,20,4,,,,6
hijamatimes.com,https://hijamatimes.com/,200,Your domain is expired,0,0,7,,,,7
hikingdenver.net,https://hikingdenver.net/,200,"Blog for Denver, Colorado – Culture, Society & Business",0,34,34,,,,25
hindubet.com.in,https://hindubet.com.in/,200,Hindu Bet - Most Trusted Hindu Bet Official Online Game,0,16,0,,,redirect.kss22.com,4
hipotesisrosario.com.ar,https://hipotesisrosario.com.ar/,200,Stake Casino Argentina Juega y Gana Dinero Real,0,15,1,,,keitaro-zalupa.com,5
hirett.co.uk,https://hirett.co.uk/,200,Best Betting Sites: Top New Online Bookmakers in the UK,0,18,27,,,,23
hjc-russia.ru,http://hjc-russia.ru/,200,Mostbet - лучшая букмекерская компания для ставок на спорт и онлайн казино Мостбет,96,2,1,,,,1
hltv.org,https://www.hltv.org/,200,Counter-Strike News & Coverage | HLTV.org,0,222,25,,https://www.hltv.org/matches/2397714/bet-m-vs-nemiga-nodwin-clutch-series-12,,17
hm24tradinggmbh.de,http://hm24tradinggmbh.de/,200,Parked Domain name on Hostinger DNS system,0,0,6,,,,6
hmgbysalman.com,https://hmgbysalman.com/,200,Site Title,0,6,3,,,,2
hoachatninhbinh.com,https://hoachatninhbinh.com/,200,HÓA CHẤT NINH BÌNH™ | NAM ĐỊNH | VMCGROUP,0,203,38,,,,25
hodlerhero.com,https://www.hodlerhero.com/,200,"Hodler Hero Defi Web 3.0 Metaverse Staking, Yield Farming, HODLing Tips & Case Studies",30,37,6,,,,8
hofapp.com,https://hofapp.com/,200,HOF App | Make smarter bets,0,24,19,,,login.hofbets.com,16
holygame.icu,https://holygame.icu/,200,,0,0,41,,,,25
holz-house-retail.com,https://holz-house-retail.com/,200,Мостбет Казахстан — Официальный сайт Mostbet KZ: Бонус 125% + 250 FS,60,12,3,,,,2
homecenter.co.in,https://www.homecenter.co.in/,200,Mostbet Pakistan: Official Betting Site | 125% Welcome Bonus,48,12,3,,,,2
homemaxmanning.com,https://homemaxmanning.com/,200,Mobile Homes Manning SC Manufactured Mobile Homes | HomeMax,0,9,1,,,,1
homespaclinicdrquyen.com,http://homespaclinicdrquyen.com/,200,Suspend homespaclinicdrquyen.com,0,0,0,,,,0
homestaging5seen.de,http://homestaging5seen.de/,200,,118,3671,219,,,,25
honoris.net,https://honoris.net/,200,Honoris United Universities - The 1st Pan-African private higher education network,0,108,33,,,,10
horncastleanglingcentre.co.uk,https://horncastleanglingcentre.co.uk/,200,Best Betting Sites: Top New Online Bookmakers in the UK,0,18,27,,,,23
hornresiliencelearning.org,https://hornresiliencelearning.org/,200,Mostbet Casino PL⭐️Oficjalna strona w Polsce⭐️€2000 | 250 FS,72,11,3,,,,2
hospital-mvd.kz,https://hospital-mvd.kz/,200,Мостбет зеркало | Вход на официальный сайт казино Mostbet,98,14,3,,https://hospital-mvd.kz/play,,4
hostelpilau.ru,https://hostelpilau.ru/,200,Хостел в Санкт Петербурге Пилау,7,12,1,,,,1
hosttick.net,https://hosttick.net/,200,33154964 – میزبان شما,0,47,4,,,,5
hot-fiesta.ru,https://hot-fiesta.ru/,200,"Hot Fiesta слот от Pragmatic Play: бесплатная демо игра, фриспины",0,1,1,,,fortuna-promo2.com,2
hotelpropsyarny.cz,https://www.hotelpropsyarny.cz/,200,Mostbet Česko | Oficiální stránky pro sázky a kasino hry,80,4,3,,,,2
hotelsinalleppey.co.in,https://www.hotelsinalleppey.co.in/,200,"Melbet India Site 2026: Login, App & 760% Bonus",0,1,4,,,,1
hotlineru.ru,https://hotlineru.ru/,200,Водка Казино: официальный сайт Vodka Casino | зеркало,0,3,0,,,,1
houzarts.com,https://houzarts.com/,200,Home - houzarts Interiors,0,31,5,,,,9
howrahnews24.com,https://www.howrahnews24.com/,200,Home - Howrahnews24,0,55,5,,,,3
hpvietnam.com,https://hpvietnam.com/,200,"Mastering Teen Patti Master APK: The Ultimate Guide to Real Cash Gameplay, Strategy, and Digital Entertainment in India",0,3,40,,https://hpvietnam.com/go/,,25
hramsaburovo.ru,https://hramsaburovo.ru/,200,Мостбет зеркало | Вход на официальный сайт казино Mostbet,96,13,3,,https://hramsaburovo.ru/play,,4
html5-slideshow-maker.com,https://html5-slideshow-maker.com/,200,"Verde Casino™ NL – Bonus €1000 🎰 Veilig, Gecertificeerd & Leuk Casino Spelen + Directe uitbetalingen",0,21,7,,,link-verse.top,3
htsecuritygroup.com,https://htsecuritygroup.com/,200,Mostbet Kazino: Azərbaycanda Ən Yaxşı Onlayn Oyun Təcrübəsi,224,26,2,,https://htsecuritygroup.com/play,,1
humostbet.eu.com,http://www.humostbet.eu.com/,200,,0,0,4,,,,2
hungariacar.hu,https://www.hungariacar.hu/,200,"Mostbet HU | Regisztráció, Bónuszok és Nyerőgépek",122,25,1,,https://www.hungariacar.hu/go/play,,3
hungeractionnys.org,https://www.hungeractionnys.org/,200,Mostbet AZ Giriş ᐉ Mostbet Azerbaycan Rəsmi Casino,143,12,6,,,cf2w2a827cgd.top,3
hurriyet.com.tr,https://www.hurriyet.com.tr/,200,"Hürriyet - Haber, Son Dakika Haberler, Güncel Gazete Haberleri",0,324,23,,,uyelik-sso1.demirorenmedya.com,22
hutogepszerviz.net,https://www.hutogepszerviz.net/,200,Mostbet kaszinó és sportfogadás 2026 – A magyar játékosok választása,54,12,3,,,,2
hvpenguins.com,https://www.hvpenguins.com/,200,Tham Gia Casino Trực Tuyến TK88 Trải Nghiệm Đỉnh Cao|TK88 Casino Royal,0,13,0,,,,0
hwarang.ru,https://hwarang.ru/,200,Мостбет: Официальный сайт Mostbet Casino 🚀 Вход и бонусы,37,1,0,,,dashplay37.com,1
hyundai-ngocan.vn,https://hyundai-ngocan.vn/,200,Hyundai Ngọc An - Đại lý Hyundai lớn nhất Miền Nam,0,55,8,,,,6
hyundairepuestos.cl,https://www.casasohiggins.cl/,200,Mejores casinos online Chile 2026: retiros reales en CLP,1,18,2,,,cl-globallink.com partners-official.com partnerscore-global.com,9
i-cdek.kz,https://i-cdek.kz/,200,Договор СДЭК для бизнеса в Казахстане. Заключить онлайн – i-cdek.kz,0,22,5,,,,5
i12wrk.com,https://studiocarnley.com/,200,"Mostbet AZ — Mostbet Casino rəsmi saytı, giriş, qeydiyyat online",240,27,2,,https://studiocarnley.com/play,,2
i2motors.com,https://i2motors.com/,200,"Motors - Car Dealer, Listing Wordpress Theme",0,34,11,,,,7
iainsbyrnephotography.com,https://www.iainsbyrnephotography.com/,200,IBP Media - Jobs & Studies,0,44,31,,,,25
ibfan-alc.org,https://ibfan-alc.org/,200,Mostbet,76,8,2,,,b2su3d2i.top,2
ibocce.com,https://ibocce.com/,200,"Mostbet Bangladesh – Live Betting, Casino & Bonuses",108,12,3,,,,2
ibs.it,https://www.ibs.it/,200,"Libreria IBS: Libri, DVD, Blu-ray, CD, eBook, Games, eReader, Giocattoli",0,402,20,,,,19
iccbetinfo.com,https://iccbetinfo.com/,200,MostPlay App - Top Online Casino & Crickex Exchange App BD | Iccbetinfo,2,40,13,,,,25
icddongnai.com,https://icddongnai.com/,200,ICD Đồng Nai – ICD Đồng Nai,0,19,7,,,,8
ice-casino-online.de.com,https://ice-casino-online.de.com/,200,"ICE Casino Deutschland: Spiele, Zahlungen & Support",0,11,1,,,spin4win.live,3
id-spr.ru,https://id-spr.ru/,200,"Мостбет Казино (Mostbet Casino) - вход и регистрация в России, играть онлайн в игровые автоматы",38,1,0,,,dashplay37.com,1
ideabellezza.it,https://www.ideabellezza.it/,200,Idea Bellezza Profumerie - Idea Bellezza,0,66,160,,,,17
ideal.warszawa.pl,https://ideal.warszawa.pl/,200,Najlepsze kasyna online w Polsce – Ranking i przewodnik 2026,2,11,5,,,,6
idg.community,http://idg.community/,200,NameBright - Domain Expired,0,0,2,,,,2
idmcrack.in,https://www.idmcrack.in/,200,"Mostbet Pakistan: Login, App & 125% Bonus (2026)",44,13,3,,,,2
ifaw.org,https://www.ifaw.org/international,200,International Fund for Animal Welfare |  IFAW,0,46,14,,,,7
igazsagosvalasztast.hu,https://www.igazsagosvalasztast.hu/,200,Mostbet – Magyar Online Kaszinó & Sportfogadási Oldal,115,25,1,,https://www.igazsagosvalasztast.hu/go/play,,3
iglesiavida.com.co,http://iglesiavida.com.co/,200,Parked Domain name on Hostinger DNS system,0,0,6,,,,6
igr45.ru,https://igr45.ru/,200,"Mostbet Casino 🎰 Мостбет БК – официальный сайт, играть онлайн на деньги 💰",60,1,0,,,dashplay37.com,1
ihsanboluk.com.tr,https://ihsanboluk.com.tr/,200,Mostbet Indir 2025 ✔️ Most Bet Resmi Giriş,36,40,4,,,,4
iitkgp.ac.in,https://www.iitkgp.ac.in/,200,Indian Institute of Technology Kharagpur | IIT KGP,0,281,15,,,,13
ijier.net,https://ijier.net/,200,Mostbet,76,8,2,,,b2su3d2i.top,2
ikshana.co.in,https://ikshana.co.in/,200,Melbet India – Sportsbook and Casino Games Online,0,2,1,,,,0
ildoespinhaassessoria.ao,https://ildoespinhaassessoria.ao/cgi-sys/suspendedpage.cgi,200,Conta Suspensa,0,0,0,thin_page,,,0
ilimanowa.pl,https://ilimanowa.pl/,200,Lokalny portal informacyjny Limanowej i okolic - ilimanowa.pl,0,106,1,,,,12
iltrails.org,https://iltrails.org/,200,Mostbet تنزيل وتسجيل 2026 – مراجعة موقع Mostbet MA,189,25,2,,https://iltrails.org/go/iltrails/,,2
im4dc-mostbet.in.net,http://www.im4dc-mostbet.in.net/,200,,0,0,4,,,,2
im4dc.org,https://studiocarnley.com/,200,"Mostbet AZ — Mostbet Casino rəsmi saytı, giriş, qeydiyyat online",240,27,2,,https://studiocarnley.com/play,,2
im4dcorg147.cfd,https://im4dcorg147.cfd/,200,Mostbet Kazino: Azərbaycanda Ən Yaxşı Onlayn Oyun Təcrübəsi,162,2,0,,,lyasxozcwz.top,1
im4dcorg219.cfd,https://im4dcorg219.cfd/,200,Mostbet Kazino: Azərbaycanda Ən Yaxşı Onlayn Oyun Təcrübəsi,162,2,0,,,lyasxozcwz.top,1
im4dcorg221.cfd,https://im4dcorg221.cfd/,200,Mostbet Kazino: Azərbaycanda Ən Yaxşı Onlayn Oyun Təcrübəsi,162,2,0,,,lyasxozcwz.top,1
im4dcorg296.cfd,https://im4dcorg296.cfd/,200,Mostbet Kazino: Azərbaycanda Ən Yaxşı Onlayn Oyun Təcrübəsi,162,2,0,,,lyasxozcwz.top,1
im4dcorg315.cfd,https://im4dcorg315.cfd/,200,Mostbet Kazino: Azərbaycanda Ən Yaxşı Onlayn Oyun Təcrübəsi,162,2,0,,,lyasxozcwz.top,1
im4dcorg320.cfd,https://im4dcorg320.cfd/,200,Mostbet Kazino: Azərbaycanda Ən Yaxşı Onlayn Oyun Təcrübəsi,162,2,0,,,lyasxozcwz.top,1
im4dcorg384.cfd,https://im4dcorg384.cfd/,200,Mostbet Kazino: Azərbaycanda Ən Yaxşı Onlayn Oyun Təcrübəsi,162,2,0,,,lyasxozcwz.top,1
im4dcorg432.cfd,https://im4dcorg432.cfd/,200,Mostbet Kazino: Azərbaycanda Ən Yaxşı Onlayn Oyun Təcrübəsi,162,2,0,,,lyasxozcwz.top,1
im4dcorg463.cfd,https://im4dcorg463.cfd/,200,Mostbet Kazino: Azərbaycanda Ən Yaxşı Onlayn Oyun Təcrübəsi,162,2,0,,,lyasxozcwz.top,1
im4dcorg507.cfd,https://im4dcorg507.cfd/,200,Mostbet Kazino: Azərbaycanda Ən Yaxşı Onlayn Oyun Təcrübəsi,162,2,0,,,lyasxozcwz.top,1
im4dcorg591.cfd,https://im4dcorg591.cfd/,200,Mostbet Kazino: Azərbaycanda Ən Yaxşı Onlayn Oyun Təcrübəsi,162,2,0,,,lyasxozcwz.top,1
im4dcorg619.cfd,https://im4dcorg619.cfd/,200,Mostbet Kazino: Azərbaycanda Ən Yaxşı Onlayn Oyun Təcrübəsi,162,2,0,,,lyasxozcwz.top,1
im4dcorg658.cfd,https://im4dcorg658.cfd/,200,Mostbet Kazino: Azərbaycanda Ən Yaxşı Onlayn Oyun Təcrübəsi,162,2,0,,,lyasxozcwz.top,1
im4dcorg774.cfd,https://im4dcorg774.cfd/,200,Mostbet Kazino: Azərbaycanda Ən Yaxşı Onlayn Oyun Təcrübəsi,162,2,0,,,lyasxozcwz.top,1
im4dcorg799.cfd,https://im4dcorg799.cfd/,200,Mostbet Kazino: Azərbaycanda Ən Yaxşı Onlayn Oyun Təcrübəsi,162,2,0,,,lyasxozcwz.top,1
im4dcorg802.cfd,https://im4dcorg802.cfd/,200,Mostbet Kazino: Azərbaycanda Ən Yaxşı Onlayn Oyun Təcrübəsi,162,2,0,,,lyasxozcwz.top,1
im4dcorg872.cfd,https://im4dcorg872.cfd/,200,Mostbet Kazino: Azərbaycanda Ən Yaxşı Onlayn Oyun Təcrübəsi,162,2,0,,,lyasxozcwz.top,1
im4dcorg926.cfd,https://im4dcorg926.cfd/,200,Mostbet Kazino: Azərbaycanda Ən Yaxşı Onlayn Oyun Təcrübəsi,162,2,0,,,lyasxozcwz.top,1
imagi-soft.com,https://www.imagi-soft.com/,200,Cá Cược Bóng Đá Tại TK88 Tỷ Lệ Kèo Cao Nhất|TK88 Bóng Đá Pro,0,12,0,,,,0
imaginationhairstudio.com,https://imaginationhairstudio.com/,200,Como Jogar Aviator em Moçambique✈️ — Regras Dicas 💡 & RTP,0,5,3,,,,1
imamalmahdi.com,https://www.imamalmahdi.com/,200,...:: WWW.IMAMALMAHDI.COM ::...,0,37,0,,,,0
imanonlineschoo.ru,https://imanonlineschoo.ru/,200,Мостбет Казино (Mostbet Casino) – платформа для надежной игры онлайн,37,1,0,,,dashplay37.com,1
imywifi-ext.com,https://imywifi-ext.com/,200,Mostbet – Official Bangladesh Website for Casino & Sports Betting,189,28,2,,,ubuhqwmfmmuu.top,1
in-mostbet.ru,https://foodhere.ru/,200,"Food Here - Твоя уютная кухня: рецепты блюд, красивая посуда, кухонная мебель, ремонт кухни",0,81,4,,,,2
inchcalculator.com,https://www.inchcalculator.com/,200,Inch Calculator - Thousands of Free Calculators,0,67,13,,,,2
incheonholdem.net,https://incheonholdem.net/,200,Mostbet Polska – Twoje Centrum Rozrywki i Zakładów w 2026 Roku | Incheonholdem,183,20,2,,,partners-official.com,3
inconvenientvote.com,https://www.inconvenientvote.com/,200,Home | Inconvenient Voting,0,3,81,,,,25
ind-mbp.com,https://ind-mbp.com/,200,Mostbet Partners - become a Affiliate manager or teamleader of an international bookmaking company,6,1,2,,,,0
ind-mbp2.com,https://ind-mbp2.com/,200,Mostbet invites you to step into the role of a manager or team leader within an esteemed international bookmaking company.,5,1,2,,,,0
independent.co.uk,https://www.independent.co.uk/,200,News | The Independent | Today's headlines and latest breaking news,0,184,38,,,,25
indiamart.com,https://www.indiamart.com/,200,"IndiaMART - Indian Manufacturers Suppliers Exporters Directory, India Exporter Manufacturer",0,212,11,,,,5
indiatimes.com,https://www.indiatimes.com/,200,"Indiatimes: Latest in Lifestyle, Health, Fashion, and Wellness",0,68,42,,,,9
indibetpartners.com,https://www.indibetpartners.com/,200,Indibet Partners - Premier Affiliate Program for Betting,0,12,5,,,,3
indiegaming.ru,https://indiegaming.ru/,200,"Мостбет Казино (Mostbet) Официальный сайт ᐈ онлайн казино, ставки | Зеркало, Вход",54,1,0,,,dashplay37.com,1
indwin7-login-india.com,https://indwin7-login-india.com/,200,"IndWin India Review: Login, App, Games & Payments",0,34,2,,,,5
inet24.world,https://inet24.world/,200,Coming Soon,0,0,0,thin_page,,,0
infilinktechnologies.com,https://infilinktechnologies.com/,200,Infilink Technologies – Infilink Technologies,0,57,7,,,,5
infinitienergyservices.net,https://infinitienergyservices.net/,200,Mostbet Casino CZ 2026 – Bonus za registraci zdarma,136,25,2,,https://infinitienergyservices.net/go/infinitienergyservices/,,2
infor-creances.com,https://infor-creances.com/en/,200,Infor-Créances | Debt collection since 1988,0,23,10,,,,11
infospa.org,https://infospa.org/,200,Pagamentos Aviator Moçambique ⬇️ M-Pesa ✅ Depósitos & Levantamentos | RTP,0,5,3,,,,1
infotecplus.com,https://infotecplus.com/,200,"Computers, Networking, Mobiles Accessories Store - INFOTEC eStore",0,212,7,,,,6
ingenin.org,https://ingenin.org/,200,FASTPANEL,0,0,1,,,,1
inmobiliariarabat.com,https://madeinbrazilexpo.com/,200,أفضل مواقع مراهنات في مصر 2026 | دليل مواقع الرهان والعروض,0,15,2,,,,1
innoclusters.ru,https://innoclusters.ru/,200,Мостбет зеркало | Вход на официальный сайт казино Mostbet,96,13,3,,https://innoclusters.ru/play,,4
innoide.org,https://innoide.org/,200,Starlight Princess Super Scatter: Slot Review & Play Free Demo,2,2,8,,,,7
innovatedevelopment.org,https://jenkelchner.com/,200,MADAMTOTO : Mentor Pilihan Utama Untuk Temukan Ragam Referensi Angka,0,328,22,,,,18
innoxchain.com,https://onlinecasinomongolia.com,200,Mongolian Casino 2026 – Найдвартай тоглоомд нэгдээрэй,0,9,5,,,mangeasy.com refpa82141.com,7
inosolar.com.tr,https://inosolar.com.tr/tr/,200,Anasayfa,0,12,3,,,,0
insei.ru,https://insei.ru/en/,200,insei.ru is for sale,0,3,7,,,,4
insightsforchange.co.uk,https://insightsforchange.co.uk/,200,Best Betting Sites: Top New Online Bookmakers in the UK,0,18,27,,,,23
install.in.ua,https://install.in.ua/,200,ALLWIN - Казино з топовими іграми онлайн та ставками на спорт,0,3,1,,,tinyurl.com,1
insurancepe.com,https://insurancepe.com/,200,insurancepe | Home,0,35,46,,,,25
interior-design.pro,http://interior-design.pro/,200,Topçu kafalar - Hemen Oyna!,5,27,2,,,,2
intermec-cimke-nyomtato.hu,https://www.intermec-cimke-nyomtato.hu/,200,"Mostbet Online ✔️ Regisztráció, bónuszok és alkalmazás Magyarországon",140,11,4,,,serffigdmlzkrl.help,2
internshipszone.net,http://internshipszone.net/under-construction.html,200,Техническая пауза,0,1,0,,,,0
intersection-mckeesport.org,https://intersection-mckeesport.org/,200,Mostbet – Official Online Casino & Sports Betting in Bangladesh,189,27,2,,,f6s3u8s1k8.top,1
inventips.in,https://inventips.in/,200,My Blog – My WordPress Blog,0,19,20,,,,19
investopedia.com,https://www.investopedia.com/,200,Investopedia,0,150,19,,,,11
investors.com,https://www.investors.com:443/,200,Investor’s Business Daily | Stock News and Stock Market Analysis - IBD,0,548,355,,,,25
inviertta.com,https://inviertta.com/cgi-sys/suspendedpage.cgi,200,Account Suspended,0,0,0,thin_page,,,0
invisiblephotographer.asia,https://www.instagram.com/invisphotogasia/,200,Instagram,0,1,17,,,,14
inyogabks.ru,https://inyogabks.ru/,200,Мостбет Казино онлайн сайт: официальный вход и регистрация Mostbet в РФ,42,1,0,,,dashplay37.com,1
ioniqswater.com,https://ioniqswater.com/,200,,0,0,0,thin_page,,,0
ipb.ac.id,https://www.ipb.ac.id/,200,IPB University - Indonesia's #1 Agriculture University,0,120,21,,,,13
ipem.org.br,https://ipem.org.br/,200,Home - IPEM,0,16,9,,,,2
isihara-office.com,https://www.isihara-office.com/,200,Isihara Office – Designing Productive Environments,0,91,166,,,,25
isitgoonair.net,https://www.isitgoonair.net/,200,Mostbet Bangladesh: Download Android APK & iOS App Guide,38,11,3,,,,2
islandofpets.ee,https://islandofpets.ee/,200,Island of Pets,0,38,9,,,,7
islekmak.com,https://www.islekmak.com/,200,Mostbet AZ Kazino: 5000+ Oyun | Bonus 125%+FS | Tətbiq 📱,64,12,3,,,,2
istockphoto.com,https://www.istockphoto.com/,200,"Stock Images, Royalty-Free Images, Illustrations, Vectors and Videos - iStock",0,211,17,,,,12
isuzubushungary.hu,https://isuzubushungary.hu/,200,Isuzu Bus Hungary,0,41,5,,,,6
isz-stroy.ru,https://isz-stroy.ru/,200,"ИСЗ-Строй предлагает двери, лестницы, каркасные дома, окна деревянные",0,16,6,,,,5
itc.com.kz,https://itc.com.kz:443/under-construction.html,200,Техническая пауза,0,1,0,,,,0
itharpe.ru,https://itharpe.ru/,200,Mostbet Casino - официальный сайт - зеркало и вход Мостбет Казино,38,1,0,,,dashplay37.com,1
itmaker.uz,https://itdodasi.uz/,200,IT Dodasi — разработка сайтов и IT-услуги в Ташкенте,0,19,17,,,,10
itsmotul.edu.mx,https://itsmotul.edu.mx/,200,TecNM Campus Motul – Para una gran persona ¡un gran Tecnológico!,0,68,33,,,,25
ittfwbc.com,https://ittfwbc.com/,200,1xbet registration 2026: Buka Akun Taruhan Anda Hari Ini,0,8,7,,,mangeasy.com,7
ivcpl.com.pk,https://ivcpl.com.pk/,200,International Visa Consultants - International Visa Consultants (Private) Limited,0,22,4,,,,4
ivesteni.cz,https://www.ivesteni.cz/,200,Mostbet Česko 2026: Online platforma pro sportovní sázení a kasinové hry,79,12,3,,,,2
ivtextil-opt.ru,https://ivtextil-opt.ru/,200,Ivory Textiles,0,24,0,,,,0
iwwmailers.co.za,https://iwwmailers.co.za/,200,My account - IWW Mailers,0,4,4,,,,3
ixar-sa.com,https://ixar-sa.com/,200,IXAR,1,63,4,,,,7
izabelakloc.pl,https://izabelakloc.pl/,200,Mostbet Casino PL 🎰 Najlepsze Kasyno Online 2026 |BONUS NA START 125% do 1400 PLN + 250 FS,28,1,0,,https://izabelakloc.pl/mostbet/,,1
jaccar-vrn.ru,https://jaccar-vrn.ru/,200,"Мостбет — Мостбет зеркало 🔵 Рабочее зеркало Мостбет, Casino и бонусы",52,1,0,,,dashplay37.com,1
jackfrosts.net,https://jackfrosts.net/,200,Mostbet Polska – Oficjalna strona Mostbet Casino online,181,24,2,,,epcrbvpkrts.top,1
jackpot-jill-casino0-au.com,https://jackpot-jill-casino0-au.com/,200,Jackpot Jill Casino OFFICIAL SITE 🎰 Australia's Premier【Real Money Pokies】Online Casino Games 2026,0,20,1,,,og-le-uv.buzz,10
jahodyondracek.cz,https://jahodyondracek.cz/,200,KAISAR328 | Gerbang Penjelajah Dunia Gaming yang Modern dan Praktis,0,10,58,,,,25
jamiekimak.com,https://www.jamiekimak.com/,200,H19 Có Đáng Tin Cậy Không? Đánh Giá 2026,0,44,16,,,,3
janala.in,https://janala.in/,200,Mostbet ✅Official Website 🎰 India 🇮🇳 ₹45000 Welcome Bonus🎰,107,4,3,,,,2
janda338.com,https://janda338.com/,200,Janda338™ Arena Game Modern dengan Fitur Terbaru,0,103,137,,,,25
janiceoliveira.com,https://janiceoliveira.com/,200,Janice Oliveira - A Elite da Estética esta aqui!,0,18,2,,,,3
jawdrops.com,https://jawdrops.com/,200,Jawdrops | Funny WTF Photos & Videos,20,23,134,,,,25
jaya9bangladesh.vip,https://jaya9bangladesh.vip/,200,Jaya9 App – Bangladesh’s Most Trusted Online Casino & Bet,0,22,14,,,,18
jayanbcn.com,https://jayanbcn.com/,200,1xbet sri lanka 2026: ඔබගේ ගිණුම දැන්ම විවෘත කරන්න,0,8,8,,,mangeasy.com,8
jdharris.com,https://jdharris.com/,200,Daftar 1xbet indonesia 2026: Buat Akun Anda Sekarang,0,8,8,,,mangeasy.com,8
jennifer-fiechter.com,https://www.jennifer-fiechter.com/,200,TK88 Nhà Cái Cá Cược Uy Tín Hàng Đầu Việt Nam 2026|TK88 Uy Tín VN,0,12,0,,,,0
jeremih.com,https://jeremih.com/,200,Mostbet,76,8,2,,,b2su3d2i.top,2
jerseyshorehog.com,https://www.jerseyshorehog.com/,200,Jersey Shore HOG,0,30,11,,,,10
jetxgamebet.com,https://jetxgamebet.com/,200,Browser verification,0,0,0,,,,0
jeuxnco.org,https://jeuxnco.org/,200,Mostbet Casino Polska ⭐ Oficjalne Kasyno Online i Bonusy,23,1,0,,,greatgame12.com,1
jewishinsights.org,https://jewishinsights.org/,200,Jewish Insights - A Taste Of The Rebbe's Teachings,0,109,8,,,,7
jigyasapalace.com,https://jigyasapalace.com/,200,Mostbet Casino Games BD 2026: Play & Win Big!,190,18,2,,https://jigyasapalace.com/go/jigyasapalace/,,3
jildadecor.ru,https://jildadecor.ru/,200,"Декоративные панели Jilda - Зонирование помещений, разделение пространства, декор окон и стен. Новое решение оформления интерьера. Многообразие форм и оттенков",9,34,2,,,,2
jilislotappcom.com,https://jilislotappcom.com/,200,JILI Slot app - Discover the Excitement of JILI Slot App with Numerous Games and Rewards,0,27,2,,,,0
jisan.blog,https://jisan.blog/,200,"Sakarya Escort | Adapazarı Escort | Serdivan Escort – En İyi Vip Bayanlar – Sakarya Escort, Adapazarı Escort ve Serdivan Escort ile eşsiz deneyimler için hemen arayın, size özel hizmetlerle dolu bir g",0,2,2,,,,2
jiwajiclub.in,https://jiwajiclub.in/,200,"Mostbet Pakistan - Official Website for Online Betting | Login, Reviews & Verification",48,12,3,,,,2
jjanisur.shop,https://jjanisur.shop/,200,,0,18,3,,,,4
jjclubxpks.com,https://jjclubxpks.com/pk,200,TOJAYS.BET-Best Real Money Online Casino In Pakistan 24/7,1,1,40,,,,21
jmcengenharia.pt,https://jmcengenharia.pt/,200,Stake no Brasil 2026 – É Confiável? Avaliação Completa da Casa de Apostas,0,12,3,,,,2
jncveteransmem.org,https://www.jncveteransmem.org/,200,"Mostbet App Download Bangladesh – Install APK on Android & iOS with Cricket, Live Betting, Casino, bKash & Nagad",60,4,3,,,,2
jobofer.org,http://jobofer.org/,200,Welcome to nginx!,0,0,2,,,,2
joeandkendra.com,https://www.joeandkendra.com/,200,Mostbet AZ – Təhlükəsiz və Sürətli Mərc Təcrübəsi,30,6,2,,,,2
johnathanlujanrealty.com,https://www.johnathanlujanrealty.com/,200,JL Properties,0,22,16,,,,14
johnformi.com,https://johnformi.com/,200,SALDOBET | Strategi Cerdas Mengoptimalkan Momen Scatter Beruntun,0,8,7,,,,4
johnnybet.com,https://www.johnnybet.com/,200,JohnnyBet - We are the players,0,81,4,,,,6
johnsonhealthnetwork.com,https://johnsonhealthnetwork.com/,200,"Mostbet — бонусы, ставки на спорт и казино онлайн",30,1,0,,https://johnsonhealthnetwork.com/mostbet/,,1
johnwiltonkelley.com,https://download1xbetmncom.com,200,1xBet Mongolia App Download - APK for Android & iOS 2026,0,44,7,,,mangeasy.com,7
joker-krasnodar.ru,https://joker-krasnodar.ru/,200,"Мостбет (Mostbet): официальный сайт казино, букмекерская контора",62,1,4,,,onxpromototal.com,3
joker123th.guru,http://joker123th.guru/,200,,0,0,8,,,,6
jokesnepal.com,https://www.jokesnepal.com/,200,"Mostbet Registration Nepal: Claim 100% Bonus up to 46,000 NPR",69,12,3,,,,2
joneta.com.ng,https://joneta.com.ng/,200,Joneta Investment & Projects Limited – One Stop Shop for  ID Card Printers and Consumables,0,13,22,,,,24
joom.com,https://www.joom.com/en,200,"Joom. Shop every day, or whenever you feel like it",0,49,8,,,,6
jopkompresory.cz,https://jopkompresory.cz/,200,Mostbet Online – Hrajte Kasino a Sázejte Živě v Česku,166,26,2,,,h4z0c6z6x1g.top,1
jordanword.com,https://madeinbrazilexpo.com/,200,أفضل مواقع مراهنات في مصر 2026 | دليل مواقع الرهان والعروض,0,15,2,,,,1
jorobertson.co.uk,https://jorobertson.co.uk/,200,Best Betting Sites: Top New Online Bookmakers in the UK,0,18,27,,,,23
jourdanaccounting.com,https://jourdanaccounting.com/,200,jourdanaccounting.com Blog – Just another WordPress site,0,3,2,,,,2
journeycoltd.com,https://www.journeycoltd.com/,200,Mostbet Türkiye 2026 – En Güvenilir Casino ve Bahis Platformu,104,4,3,,,,2
joya9best.net,https://joya9best.net/,200,Joya 9 Best - বাংলাদেশের সেরা অনলাইন গেমিং প্ল্যাটফর্ম,0,23,1,,,,2
joyaoutlet.hu,https://www.joyaoutlet.hu/,200,Mostbet: Üdvözlő Bónusz és Élő Kaszinó Játékok HU,120,25,1,,https://www.joyaoutlet.hu/go/play,,3
joyor-russia.ru,https://joyor-russia.ru/,200,Мостбет зеркало рабочее сегодня — официальный сайт Мостбет Casino,52,1,0,,,dashplay37.com,1
jp.mercari.com,https://jp.mercari.com/,200,メルカリ - 日本最大のフリマサービス,0,38,27,,,,21
jpconstructions.co.in,https://jpconstructions.co.in/,200,Mostbet India⭐️Official Website ⭐️Welcome Bonus up to ₹45000 ⭐️,82,4,3,,,,2
jstj31.com,https://jstj31.com/,200,Jstj 31,0,139,37,,,,25
jubilacionyreajuste.com.ar,https://jubilacionyreajuste.com.ar/,200,Licari & Fuxman | Estudio Jurídico,1,16,18,,,,15
judo-olsztyn.pl,https://www.erch2020.eu/,200,Page,0,0,0,thin_page,,,0
juegabetbimostbs.it.com,http://juegabetbimostbs.it.com/,200,Parking Page,0,0,3,,,,2
juhasznyomda.hu,https://www.juhasznyomda.hu/,200,Mostbet | Biztonságos Fogadás és Kaszinó Magyarországon,122,25,1,,https://www.juhasznyomda.hu/go/play,,3
juita.uz,https://melbet-uzb.com/,200,Melbet UZ - 120% bonusli bukmeker va kazino | Kirish,0,47,7,,,,1
juliove.pl,https://juliove.pl/,200,"MostBet Kasyno Online Polska 🎰 Opinie, Promo Code & Aplikacja",153,9,4,,,serffigrcqufssefv.help,1
julyeffect26.com,https://julyeffect26.com/,200,MostBet Partners,6,1,3,,,,2
jum88z.com,http://jum88z.com/,200,NameBright - Domain Expired,0,0,2,,,,2
jumanasaloon.ae,https://jumanasaloon.ae/,200,Home Salon Service Dubai - Get #1 Ladies Beauty Services,0,17,1,,,,0
jumbabetz.com,https://jumbabetz.com/,200,Jumba Betگیمز-پاکستان میں سلاٹ سپر شارٹ اسپن میں بیٹنگ اور تیز جیتنے والے اوڈز Jumba Bet.com,0,20,4,,,,7
junior-basket.pl,https://junior-basket.pl/,200,"MrBet Kasyno (MrBet Casino) – bonus powitalny, wypłaty BLIK, lustrzane strony",0,1,0,,,mio.novarao.com,1
jupitersunrise.net,https://jupitersunrise.net/,200,Vegas Pokies Online - Play Vegas style Pokies Free,11,28,9,,https://jupitersunrise.net/casino/ignition.html https://jupitersunrise.net/casino/joefortune.html https://jupitersunrise.net/casino/slotscom.html,,12
just-casino-play-au.com,https://just-casino-play-au.com/,200,Just Casino Australia OFFICIAL WEBSITE 🔥 Premium Online Casino Games + 【$2000 WELCOME BONUS】 Australian Casino 2026,0,17,1,,,og-le-uv.buzz,5
just-cinema.com,https://just-cinema.com/,200,RESTU189 – Gaji Cuman 3 JUTA ? Investasikan Disini Aja,0,7,19,,,,13
justicenowell.com,https://justicenowell.com/,200,MostBet Portugal — Casino Online e Apostas com Bón...,15,8,2,,https://justicenowell.com/play,,1
jvc-site.ru,https://jvc-site.ru/,200,"Мостбет Казино (Mostbet) Официальный сайт ᐈ онлайн казино, ставки | Зеркало, Вход",54,1,0,,,dashplay37.com,1
jweducation.co.uk,https://jweducation.co.uk/,200,Best Betting Sites: Top New Online Bookmakers in the UK,0,18,27,,,,23
k12ps360gq.click,https://www.google.com/,200,Google,0,34,7,,,,10
k7777bn.com,https://k7777bn.com/,200,K7777 – Bangladesh's #1 Online Casino & Betting,0,17,12,,,,12
k9doodiepatrol.com,https://k9doodiepatrol.com/,200,K9 Doodie Patrol | Pooper Scooper Service in New Jersey,0,418,9,,,,9
k9winff.xyz,https://k9winff.xyz/,200,"K9WIN: Play, Bet, and Win on Asia’s Most Trusted Platform",0,114,29,,,,25
kaasja.pl,https://kaasja.pl/,200,Mostbet pl: Najlepsze Kasyno Online dla Polaków,123,19,1,,,partners-official.com,3
kaequinephotography.org,http://kaequinephotography.org/,200,,0,0,8,,,,6
kafirm.pl,https://kafirm.pl/,200,Aftermarket.eu :: domain kafirm.pl,0,0,13,,,,13
kalinamost.ru,https://kalinamost.ru/,200,"Mostbet Casino | Вход на официальный сайт Мостбет, рабочее зеркало на сегодня",49,1,0,,,dashplay37.com,1
kalmanchey.hu,https://www.kalmanchey.hu/,200,Mostbet — Online Nyerőgépek és Sportfogadás 2026 HU,124,25,1,,https://www.kalmanchey.hu/go/play,,3
kamazdojedeme.cz,https://aeroklub-jihlava.cz/,200,Zahraniční online kasina a mezinárodní online casino : 2026,1,43,5,,,,2
kanald.com.tr,https://www.kanald.com.tr/,200,Kanal D - Anasayfa,0,232,88,,,,25
kandaketech.io,https://kandaketech.io/,200,Kandake Labs Tech — Market Intelligence for Entrepreneurs,0,0,3,,,,3
kanserledans.org,https://www.kanserledans.org.tr/,200,Kanserle Dans,0,53,13,,,,6
kantabanjidegreecollege.org,https://kantabanjidegreecollege.org/,200,"Mostbet Mobile: Best Odds, Live Streams & Sports Betting",99,11,3,,,,2
karachibiryani.pk,https://karachibiryani.pk/,200,Mostbet Pakistan – Online Betting and Casino in 2026,51,3,1,,,,0
karatlawzacademy.com,https://karatlawzacademy.com/,200,Best Judiciary Coaching In Delhi – Judiciary Coaching,0,26,17,,,,22
karmaproductdevelopment.com,https://www.karmaproductdevelopment.com/,200,"Mostbet UZ Sharhi 2026: Kirish, Tikish va Kazino Bonuslari",41,13,3,,,,2
karpovcourseskz.cfd,https://karpovcourseskz.cfd/,200,"Мостбет ᐉ Обзор платформы, бонусов и возможностей Mostbet",114,2,0,,,t3r7e2w8q.top,1
karta-walk.pl,https://bazaslowian.pl/,200,"Mostbet Polska ⭐ Kasyno Internetowe, Bonus i Logowanie",148,9,1,,,serffigrcqufssefv.help,1
kartiny-nft.ru,https://kartiny-nft.ru/,200,Мостбет официальный сайт | Рабочее зеркало Mostbet Casino на сегодня,51,1,0,,,dashplay37.com,1
kartynba.pl,https://kwiaciarnia-maliny.pl/,200,Casino Bonus Bez Depozytu - Bonus Bez Depozytu Za Rejestrację,0,17,1,,,,0
kaspi.kz,https://kaspi.kz/,200,"Kaspi.kz – Магазин, Платежи, Мой Банк, Переводы, Red, Бонусы, Гид",0,49,14,,,,3
kastner-oehler.at,https://www.kastner-oehler.at/,200,Mode | Beauty | Home | Kastner & Öhler Online Shop,0,375,25,,,,16
kasyno-mostbet.ink,http://kasyno-mostbet.ink/,200,,0,0,8,,,,6
kasyno-mostbet.live,http://kasyno-mostbet.live/,200,,0,0,8,,,,6
kasyno-mostbet2025.ink,http://kasyno-mostbet2025.ink/,200,,0,0,8,,,,6
kasyno-pl-mostbet.ink,https://kasyno-pl-mostbet.ink/,200,Site is under construction,0,0,0,thin_page,,,0
kasynoonline-polska.com,https://kasynoonline-polska.com/,200,Najlepsze kasyna online w Polsce,7,10,1,,,,2
katani.dp.ua,https://katani.dp.ua/,200,"Актуальные курсы валют Днепр, актуальний курс долара євро Дніпро. katani.dp.ua",0,19,4,,,,6
katerinaioannidis.com,https://katerinaioannidis.com/,200,Katerina Ioannidis Jewerly – Katerina Ioannidis Jewerly Shop,0,67,39,,,,25
kaufmannkoenig.com,https://kaufmannkoenig.com/,200,The Rise of Mobile Casinos: Why Most Players Now Bet on Phones,0,7,6,,,,4
kaulearning.com,https://kaulearning.com/,200,Kaulearning - Welcome,1,25,4,,,,4
kaz-apk-most.com,https://kaz-apk-most.com/,200,Download app Mostbet,2,0,0,thin_page,,,0
kazino-mostbet-bet.top,https://kazino-mostbet-bet.top/,200,,0,0,0,thin_page,,,0
kazino-mostbet.online,http://kazino-mostbet.online/,200,,0,0,8,,,,6
kazino-mostbet.org,http://www.kazino-mostbet.org/,200,,0,0,4,,,,2
kazino-mostbet2025.xyz,http://kazino-mostbet2025.xyz/,200,,0,0,8,,,,6
kazka.ru,https://kazka.ru/,200,Сказки народов мира для детей и взрослых ❤️ - Украинские сказки,5,128,4,,,,2
kazmuseum.com,https://kazmuseum.com/,200,"Mostbet — бонусы, ставки на спорт и казино онлайн",30,1,0,,https://kazmuseum.com/mostbet/,,1
kcsonsayansk.ru,https://kcsonsayansk.ru/,200,Mostbet Casino — Официальный сайт Мостбет Казино в России,30,1,0,,,dashplay37.com,1
kerala.gov.in,https://kerala.gov.in/,200,,0,131,23,,https://lms.kerala.gov.in/login/index.php,,21
keralaayurvedacentre.in,https://keralaayurvedacentre.in/,200,"⭐️Mostbet IN: Official Site in India⭐️ Login & Claim⭐️ ₹45,000",99,4,3,,,,2
kertkapugyar.hu,https://kertkapugyar.hu/,200,Mostbet  ✔️ Online Casino és Sportfogadás Magyarországon,147,10,3,,,serffigdmlzkrl.help,1
kevindowdrealestate.com,https://kevindowdrealestate.com/,200,Real Estate Agent in NY & NJ | Work With Kevin Dowd,0,28,37,,,,17
kewaskum.net,https://kewaskum.net/cgi-sys/suspendedpage.cgi,200,,0,0,0,thin_page,,,0
keystonestatecamplive.com,https://www.keystonestatecamplive.com/,200,Mostbet Bangladesh: Official Online Casino & Sports Betting,68,11,3,,,,2
kgbuppo.ru,https://kgbuppo.ru/,200,Мостбет зеркало | Вход на официальный сайт казино Mostbet,96,13,3,,https://kgbuppo.ru/play,,4
kgw.com,https://www.kgw.com/,200,"Portland's Leading Local News: Weather, Traffic, Sports and more in Portland, Oregon | kgw.com",0,100,20,,,,10
kgxpedition.com,https://www.kgxpedition.com/,200,Overlanding Adventure Team | KG Xpedition Recon | United States,0,18,121,,,,25
kgxpedition.org,https://www.kgxpedition.com,200,Overlanding Adventure Team | KG Xpedition Recon | United States,0,18,121,,,,25
khelo24bet-india1.com,https://khelo24bet-india1.com/,200,Success!,0,0,0,thin_page,,,0
khmer24.com,https://www.khmer24.com/,200,"khmer24.com, Buy and Sell Everything In Cambodia",0,164,268,,,,25
khodrokhareji.ir,https://khodrokhareji.ir/,200,خودرو خارجی,0,31,2,,,,0
kiberatours.com,https://kiberatours.com/,200,KIBERA TOURS,0,51,2,,,,5
kicks.fi,https://www.kicks.fi/,200,KICKS.fi - Osta yli 20 000 tuotetta verkosta,0,117,52,,,,25
kicks.no,https://www.kicks.no/,200,KICKS.no – Kjøp mer enn 30 000 varer på nett,0,171,86,,,,25
kicks.se,https://www.kicks.se/,200,"Makeup, parfym och hudvård på nätet - KICKS",0,163,69,,,,25
kidsturncentral.com,https://kidsturncentral.com/,200,Home - Kidsturncentral,0,73,7,,,,17
king-johnnie-casino1-au.com,https://king-johnnie-casino1-au.com/,200,King Johnnie Casino Australia 🔥 BEST Licensed Online Casino 2026 【Trusted Gaming】 Welcome Bonus & Premium Games,0,16,2,,,og-le-uv.buzz,5
kingbilly-casino0-au.com,https://kingbilly-casino0-au.com/,200,King Billy Casino Australia 🔥 OFFICIAL Site 2026 【AUD Casino Games】 Online Slots & Live Dealer Real Money,0,19,1,,,og-le-uv.buzz,3
kingbillywin-casino0-au.com,https://kingbillywin-casino0-au.com/,200,Kingbillywin Casino Official AUSTRALIAN 🔥 Online Casino Games 【AUD BONUSES】 Top Gaming Site 2026,0,20,1,,,og-le-uv.buzz,3
kingdomdkc.top,https://kingdomdkc.top/,200,Mostbet Casino,2,0,1,,,,0
kingexch.com.co,https://kingexch.com.co/,200,KingExch - Official Cricket ID | Bet on IPL 2026 | 1 Min Withdrawal | 45% Bonus,0,7,49,,,,25
kingplay.world,https://kingplay.world/,200,,0,0,45,,,,25
kinn-living.com,https://kinn-living.com/,200,"Mostbet - spor ve casino bahisleri Türkiye'de: giriş, kayıt, indir",22,2,1,,https://kinn-living.com/mostbet/,,1
kittycatcasinod.com,https://kittycatcasinod.com/,200,KittyCat Casino – Top Verified Real Money Games Website Pakistan 2026,0,37,5,,,,2
kivilondon.com,https://kivilondon.com/,200,"Chicken Road Italia Guida al Gioco, Demo Gratis, RTP 98% e Strategie 2026",0,6,2,,,,0
kiwoko.com,https://www.kiwoko.com/,200,Kiwoko Mundo Animal | Tienda de animales online,0,252,26,,,,25
kleberget.no,https://kleberget.no/,200,Kleberget Eiendom AS | Aures fineste eiendommer,0,1,636,,,,25
klimabewegung1punkt1.de,https://www.klimabewegung1punkt1.de/,200,Klimabewegung 1punkt1 - Klimagerechtes Leben gestalten,0,2,10,,,,3
klimovsafonova.ru,https://klimovsafonova.ru/,200,Мостбет Казино онлайн сайт: официальный вход и регистрация Mostbet в РФ,42,1,0,,,dashplay37.com,1
klubok.com,https://klubok.com/,200,Доска бесплатных объявлений Клубок (ранее Клумба) в Украине: купить товары для семьи и разместить объявление на Klubok,0,231,10,,,,2
kokshetay.ru,http://kokshetay.ru/,200,Срок регистрации домена kokshetay.ru истёк,0,0,21,,,,18
koma-zalakaros.hu,https://www.koma-zalakaros.hu/,200,MostBet Casino 2026: Bonus 125% a 250 Otočení Zdarma ČR,50,1,0,,,,0
kommunar-estate.ru,https://kommunar-estate.ru/,200,Мостбет Казино (Mostbet) официальный сайт онлайн,56,1,0,,,dashplay37.com,1
kommunarka-med.ru,https://kommunarka-med.ru/,200,"Мостбет зеркало, Мостбет Казино – рабочее зеркало Мостбет сегодня",67,1,0,,,dashplay37.com,1
komp-auto.ru,https://komp-auto.ru/,200,Мостбет Казино (Mostbet Casino) - зеркало официального сайта,44,1,0,,,dashplay37.com,1
kor-kos.ru,https://kor-kos.ru/,200,Мостбет официальный сайт Mostbet Casino | зеркало,50,1,0,,,dashplay37.com,1
koreajob.ru,https://koreajob.ru/,200,Мостбет Казино (Mostbet Casino) – официальный сайт Казино Мостбет| Зеркало,34,1,0,,,dashplay37.com,1
kormaitaly.ru,https://kormaitaly.ru/,200,"Мостбет — Мостбет зеркало 🔵 Рабочее зеркало Мостбет, Casino и бонусы",52,1,0,,,dashplay37.com,1
kosmetochka.ru,https://kosmetochka.ru/,200,Феникс казино официальный сайт ⭐ Fenix Casino зеркало и актуальный вход 🔗,0,3,4,,,dashplay37.com,2
kotipes74.ru,https://kotipes74.ru/,200,Мостбет Казино – официальный сайт Mostbet Casino | Зеркало Казино Мостбет,46,1,0,,,dashplay37.com,1
kouragoal.com,https://www.kouragoal.com/,200,Mostbet Egypt: الرهانات الرياضية والكازينو أونلاين في مصر,119,9,3,,,,2
kraft-hotel-anapa.ru,https://kraft-hotel-anapa.ru/,200,Мостбет | Букмекерская контора Mostbet - официальное зеркало,65,1,4,,,onxpromototal.com,3
krepezh-kirov.ru,https://krepezh-kirov.ru/,200,Мостбет Казино – официальный сайт Mostbet Casino | Зеркало Казино Мостбет,46,1,0,,,dashplay37.com,1
kreslaland.ru,https://kreslaland.ru/,200,Мостбет Казино онлайн | Официальный сайт Mostbet Casino,36,1,0,,,dashplay37.com,1
kriszklima.hu,https://kriszklima.hu/,200,Főoldal - Krisz Klíma,0,57,8,,,,3
kropleinternetu.biz,https://kropleinternetu.biz/,200,"Mostbet ᐉ Bonusy, Logowanie i Zakłady z Mostbets Online",181,17,9,,,vkrzwajp95.top,9
krysaci.cz,https://krysaci.cz/,200,krysaci.cz,0,8,3,,,,2
kseducation.net,https://kseducation.net/,200,Home - KS Education Associates,0,20,3,,,,4
ktstekindo.com,https://ktstekindo.com/,200,Inspiration Station,12,29,5,,,,3
ktvz.com,https://ktvz.com/,200,Home - KTVZ,0,93,97,,,,25
kuchenneprzyrzady.com,https://kuchenneprzyrzady.com/,200,Mostbet Casino – Najlepsze Kasyno Online w Polsce Mostbet,270,27,2,,https://kuchenneprzyrzady.com/play,www.bosscherstichting.org,2
kursu-ankara.com,https://kursu-ankara.com/,200,"Bettilt güncel giriş 2026 | bonuslar, Bettilt casino ve güvenilirlik",0,1,0,,,www.bettilt150.io,1
la5avenue.com,https://www.la5avenue.com/,200,Download the Mostbet App - Android APK and iOS Install 2026,121,4,3,,,,2
labarulera.com,https://labarulera.com/,200,La Barulera - labarulera.com,0,59,7,,,,2
labtekno.com,https://www.labtekno.com/,200,LAB Tekno - Website Rumor dan Update Teknologi #1 di Indonesia,0,26,22,,,,17
lacaletadejavixu.com,https://www.lacaletadejavixu.com/,200,"MostBet: Portugal, 2026 – Excelência em Apostas e Cassino Online",56,12,3,,,,2
ladibugsinc.com,https://www.ladibugsinc.com/,200,Head Lice Treatment Clinic Twin Cities - Safe and Effective - Ladibugs,0,45,12,,,,7
ladybellemacarons.com,https://www.ladybellemacarons.com/,200,"NV Casino | Play 5,000+ Real Money Games & Get €500",0,11,3,,,,2
lafridabike.com,https://lafridabike.com/,200,Loja de Bicicleta | lafridabike,2,11,85,,,,25
lahuttesport.com,https://lahuttesport.com/,200,lahuttesport – Just another WordPress site,0,45,14,,,,11
lakeshoremyrtlewood.com,https://www.lakeshoremyrtlewood.com/,200,Mostbet UZ 2026: Kirish va Ro‘yxatdan o‘tish | 4 mln SO'M Bonus,45,12,3,,,,2
lamosanatural.pt,https://lamosanatural.pt/,200,Lamosa Natural,0,15,5,,,,1
lampynn.ru,https://lampynn.ru/,200,"Мостбет зеркало, Мостбет Казино – рабочее зеркало Мостбет сегодня",67,1,0,,,dashplay37.com,1
lankyboxmerchandise.com,https://lankyboxmerchandise.com/,200,Lankybox Merch ⚡️ Official Lankybox Merchandise Store,0,114,6,,,,1
lanouvellerepublique.fr,https://www.lanouvellerepublique.fr:443/,200,"La Nouvelle République - L'actualité en direct en régions Centre, Poitou, France et Étranger",0,354,11,,,,25
laportedusoleil.info,https://laportedusoleil.info/,200,Casinozer: le guide complet pour jouer en toute confiance - La Porte du Soleil,0,11,2,,,,1
larisaaleksandrovich.ru,https://larisaaleksandrovich.ru/,200,"Мостбет – рабочее зеркало Мостбет, Мостбет Казино, Mostbet Casino, зеркало на сегодня",55,1,0,,,dashplay37.com,1
larraun.info,https://larraun.info/,200,Larraun Bailararen Informazioa – Larraungo Informazioa,0,22,14,,,,20
lasergame247.org,https://lasergame247.org/,200,LaserGame247 - India's Most Advanced Online Betting Exchange,0,7,49,,,,25
latimes.com,https://www.latimes.com:443/,200,"News from California, across the nation and world - Los Angeles Times",0,418,101,,,,25
laundrytouch.com,https://laundrytouch.com/,200,Laundry Touch – Laundry Services,1,12,6,,,,6
launetogo.tg,https://launetogo.tg/,200,Homepage - La Une Togo,0,65,3,,,,3
lauraloncaric.com,https://lauraloncaric.com/,200,,0,1,0,thin_page,,,1
lavar.ru,https://lavar.ru/,200,"Mostbet Casino (Мостбет) официальный сайт | Зеркало, регистрация и вход",58,1,0,,,dashplay37.com,1
lawendowe.szczecin.pl,https://nicsell.com/en,200,nicsell: RGP domain backorder service for .de & .eu & .at domains,0,55,32,,,,25
lawyers911.ru,https://lawyers911.ru/,200,Мостбет Казино (Mostbet Casino) – платформа для надежной игры онлайн,37,1,0,,,dashplay37.com,1
laznechomutov.cz,https://www.laznechomutov.cz/,200,Mostbet Česká republika 2026: Podrobný návod na získání 125% bonusu a 250 volných toček,81,12,3,,,,2
lazyphilosopher.com,https://lazyphilosopher.com/,200,The Lazy Philosopher – The random musings of an indolent theorist.,0,63,14,,,,13
lcpconsultingcom.cfd,https://lcpconsultingcom.cfd/,200,Mostbet Onlayn Kazino: Ümumi İcmal,112,2,0,,,tjmmgaqdjl.top,1
le-beluga.qc.ca,https://le-beluga.qc.ca/,200,Le béluga – Hôtel Le béluga,0,37,15,,,,16
leboncoin.fr,https://www.leboncoin.fr/,200,"leboncoin, site de petites annonces gratuites",0,283,37,,,,25
leborskiednijakubowe.pl,https://leborskiednijakubowe.pl/,200,Paysafecard w Kasynach Online - Bezpieczne Płatności w Polsce,1,14,4,,https://leborskiednijakubowe.pl/go/,,4
leclubmia.com,https://leclubmia.com/,200,Slot Maxwin Hari Ini – Panduan Daftar dan Strategi Gampang Menang! -,0,11,5,,,,3
leczeniebezgranic.pl,https://leczeniebezgranic.pl/,200,Leczenie bez granic,0,2,0,,,,0
legacyfoundationgh.net,https://legacyfoundationgh.net/,200,Ashantifest  – We Care,1,53,107,,,,25
lejardindeloise-gouzeaucourt.com,https://www.lejardindeloise-gouzeaucourt.com/,200,Jeetwin Bangladesh – Ultimate Hub for Sports Betting and Casino Action,0,9,3,,,,2
lemonde.fr,https://www.lemonde.fr/,200,Le Monde.fr - Actualités et Infos en France et dans le monde,0,460,26,,,,15
leon-2a2o.buzz,https://leon-2a2o.buzz/,200,СЛОТЫ【LEON CASINO】ОФИЦИАЛЬНЫЙ САЙТ 🎯ИГРАТЬ БЕЗ РЕГИСТРАЦИИ,0,8,1,,,,2
leoniebababolt.hu,https://www.betlehemfigurak.hu/,200,MostBet ✔️ regisztráció és bejelentkezés a hivatalos oldalon,79,10,2,,,serffigdmlzkrl.help,2
leprielle.com,https://www.leprielle.com/,200,Le Prielle – Six Gites in Madiran in South West France,12,37,15,,,,12
les-nichoirs.fr,https://les-nichoirs.fr/,200,Accueil V2 - Les Nichoirs,0,35,2,,,,2
lesamesarts.fr,https://lesamesarts.fr/,200,,0,0,0,thin_page,,,0
leszeksamborski.pl,https://www.leszeksamborski.pl/,200,Mostbet Aviator 2026 — Kompletny Przewodnik dla Graczy PL,224,25,2,,,partners-official.com,2
levcgablini.hu,https://levcgablini.hu/,200,MostBet Magyarország Hivatalos Oldal: Belépés & Regisztráció,44,12,3,,,,2
level-upp-casino-au.com,https://level-upp-casino-au.com/,200,LevelUp Casino Australia OFFICIAL 🔥 Real Money Online Casino 2026 【$2000 Bonus + 200 Free Spins】,0,21,1,,,og-le-uv.buzz,3
level69.bet,https://level69.bet/,200,Level69 – เดิมพันออนไลน์ คาสิโน อีสปอร์ต ครบวงจร,0,24,1,,,,3
lgbtcommunityforum.com,https://lgbtcommunityforum.com/404.html,200,404 - PAGE NOT FOUND,0,0,0,,,,0
lhommecontemporain.com,https://lhommecontemporain.com/,200,Mostbet Bangladesh | Premium Sportsbook & Online Casino,45,4,3,,,,2
librerialasombra.com,https://www.librerialasombra.com/,200,MostBet Portugal — Casino Online e Apostas com Bónus,100,4,0,,,ujhnh8zb.top,2
lichta-gallery.com,https://lichta-gallery.com/,200,"Mostbet Bangladesh Official: Login, Register & Claim BDT 25,000 Bonus (2026)",81,12,3,,,,2
lider-land.ru,https://lider-land.ru/,200,Lider-land.ru,0,1,13,,,,11
lidiajorge.com,https://lidiajorge.com/,200,"Royspins Casino — Play Together, Win Together | 3800+ Games & Tournaments",0,23,0,,,,1
lifend.org,https://lifend.org/,200,Mostbet Casino ⭐️ oficjalna strona Most Bet Kasyno w Polsce,22,1,0,,,greatgame12.com,1
ligapelangi365.com,https://ligapelangi365.com/,200,LIGA PELANGI - PLATFORM PERMAINAN DIGITAL TERPOPULER & TERLENGKAP TERBAIK DI INDONESIA,0,2,6,,,,7
ligapelangi365.net,https://ligapelangi365.net/,200,LIGA PELANGI - PLATFORM PERMAINAN DIGITAL TERPOPULER & TERLENGKAP TERBAIK DI INDONESIA,0,2,6,,,,7
ligapelangione.com,https://ligapelangione.com/,200,LIGA PELANGI - PLATFORM PERMAINAN DIGITAL TERPOPULER & TERLENGKAP TERBAIK DI INDONESIA,0,2,6,,,,7
ligapelangione.net,https://ligapelangione.net/,200,LIGA PELANGI - PLATFORM PERMAINAN DIGITAL TERPOPULER & TERLENGKAP TERBAIK DI INDONESIA,0,2,6,,,,7
ligapelangione.org,https://ligapelangione.org/,200,LIGA PELANGI - PLATFORM PERMAINAN DIGITAL TERPOPULER & TERLENGKAP TERBAIK DI INDONESIA,0,2,6,,,,7
lihatrtp.xyz,https://lihatrtp.xyz/,200,KUMABET - RTP GAME SLOT ONLINE KUMABET 2024,0,1,2,,,,3
likefestoon.com,https://likefestoon.com/,200,"Mostbet ᐉ Kaszinó, sportfogadás és bónuszok a játékosok számára",13,1,0,,,wcgki50.top,1
liminaltidesmag.com,https://liminaltidesmag.com/,200,Liminal Tides – magazine for polytheists with a animist bent,0,21,108,,,,25
linakocht.de,https://linakocht.de/,200,Lina Kocht - Einfache Dinner-Ideen & Rezepte für jeden Anlass!,0,47,5,,,,4
lindemhe.com,https://www.lindemhe.com/,200,World's Leading Forklift Brand now in India | Buy Forklift Truck | Linde Material Handling,0,32,15,,,,7
line.me,https://www.line.me/en/,200,LINE｜always at your side.,0,10,3,,,,0
linea-directa.eu,https://linea-directa.eu/,200,Mostbet – A legjobb online kaszinó Magyarországon a Mostbet,177,27,2,,https://linea-directa.eu/play,,2
lineaverdeastillero.com,http://lineaverdeastillero.com/,200,NameBright - Domain Expired,0,0,2,,,,2
lingvotutor-8.cfd,https://lingvotutor-8.cfd/,200,Мостбет зеркало | Вход на официальный сайт казино Mostbet,30,2,0,,,4hkpul44.top,1
lingvotutor.ru,https://lingvotutor.ru/,200,Мостбет зеркало | Вход на официальный сайт казино Mostbet,96,13,3,,https://lingvotutor.ru/play,,4
link-zone.net,https://link-zone.net:443/uz/,200,"1xBet, Melbet, Linebet — rasmiy APK va iOS · bonus va promo kodlar | link-zone.net",9,20,20,,,,20
linkbet.club,https://linkbet.club/sport/prematch,200,Sports Betting | LinkBet,0,20,4,,,,19
linkedin.com,https://www.linkedin.com/,200,LinkedIn: Log In or Sign Up,0,157,0,,,,8
linoleum-stroi.ru,https://linoleum-stroi.ru/,200,Gold Casino - топовая коллекция игровых автоматов онлайн казино,0,21,4,,,,3
lion365.vip,https://lion365.vip/,200,Online Casino & Sports Betting,0,0,6,,,,0
lippertmechanical.com,https://lippertmechanical.com/,200,"Commercial HVAC & Mechanical Services Kansas City, St. Joseph & Lawrence/Topeka",53,48,54,,,,25
lisapmilanopolska.pl,https://lisapmilanopolska.pl/,200,lisapmilanopolska.pl – Piękne włosy zaczynają się od profesjonalnej pielęgnacji.,0,23,4,,,,4
liteblueusps.live,https://ldks.pro/,200,DA88 ldks | Nhà Cái Cá Cược Thể Thao Nạp Rút Nhanh 5 Phút,0,51,5,,https://ldks.pro/go/debet https://ldks.pro/go/uk88 https://ldks.pro/go/sin88 https://ldks.pro/go/9win https://ldks.pro/go/sv88 https://ldks.pro/go/m88 https://ldks.pro/link-khong-bi-chan,da88.krd vicclub.bi,17
littlemanonthecouch.com,https://www.littlemanonthecouch.com/,200,Little Man On The Couch,0,11,4,,,,3
littletreasurescc.com,https://littletreasurescc.com/,200,Mostbet Türkiye Online 2026 – En İyi Casino ve Spor Bahis Platformu,75,4,3,,,,2
liveresult.ru,https://www.liveresult.ru/,200,"LiveResult: Футбол онлайн, трансляции, результаты, прогнозы на матчи, видео",0,975,31,,,b.link refpa3665.com,19
livescience.com,https://www.livescience.com/,200,Live Science | Latest science news and articles for those with curious minds,0,221,64,,,,25
livesport.ru,https://www.livesport.ru/,200,"LiveSport.Ru — спорт онлайн: результаты, трансляции и таблицы",0,124,80,,,,25
lizzieloveshealthy.com,https://lizzieloveshealthy.com/,200,"Lizzie Loves Healthy - Delicious gluten, sugar & dairy family meals",0,65,11,,,,8
lnpak.com,https://lnpak.com/cgi-sys/suspendedpage.cgi,200,Account Suspended,0,0,0,thin_page,,,0
lobnya-licei.ru,https://lobnya-licei.ru/,200,Эномо казино официальный сайт | Бонусы и Промокоды 2026,0,1,1,,,onxpromototal.com,1
locus-muc.de,https://locus-muc.de/,200,,0,0,0,thin_page,,,0
login-mostbetbd.com,https://login-mostbetbd.com/,200,,0,0,0,thin_page,,,0
loisiou.gr,https://loisiou.gr/,200,Eleni Loisiou,0,25,5,,,,2
loksewanepal.net,https://loksewanepal.net/,200,"Mostbet Nepal - Sign In to Official Website, Online Sports Betting",77,11,3,,,,2
lolilab.ru,https://lolilab.ru/,200,"Мостбет ✔️ Официальный сайт казино | Вход, зеркало Mostbet 🔗 Бонусы и регистрация 💰",60,1,0,,,dashplay37.com,1
longbeach-criminallawyer.com,https://www.longbeach-criminallawyer.com/,200,Long Beach Criminal Attorney -  Long Beach DUI Attorney | Long Beach Criminal Attorney,0,176,11,,,,7
look.casa,https://look.casa/,200,,0,0,57,,,,25
lookinbeauty.life,https://lookinbeauty.life/,200,LOOK IN BEAUTY – ESTHETIC SALON,0,34,4,,,,7
lorena4arizona.com,https://www.hungeractionnys.org/,200,Mostbet AZ Giriş ᐉ Mostbet Azerbaycan Rəsmi Casino,143,12,6,,,cf2w2a827cgd.top,3
lormuvdvur.com,http://lormuvdvur.com/,200,开云在线登录_开云（中国）,0,16,1,,,,1
loschmanagement.com,https://loschmanagement.com/,200,Site Title,0,6,3,,,,2
lostpixels.de,https://www.lostpixels.de/,200,lostpixels,0,8,5,,,,8
lovebox.se,https://lovebox.se/,200,Lovebox.se,0,215,8,,,,11
lowcostchic.net,https://lowcostchic.net/,200,lowcostchic,0,7,7,,,,2
lowyat.net,https://www.lowyat.net/,200,Lowyat.NET | Technology News Malaysia,0,152,23,,,,20
lpelangi.com,https://lpelangi.com/,200,LIGA PELANGI - PLATFORM PERMAINAN DIGITAL TERPOPULER & TERLENGKAP TERBAIK DI INDONESIA,0,2,6,,,,7
lpelangi.net,https://lpelangi.net/,200,LIGA PELANGI - PLATFORM PERMAINAN DIGITAL TERPOPULER & TERLENGKAP TERBAIK DI INDONESIA,0,2,6,,,,7
lpqhost.com,https://lpqhost.com/,200,Register 1xbet Resmi 2026: Pasang Taruhan Anda Sekarang,0,8,8,,,mangeasy.com,8
lsisports.com,https://lsisports.com/,200,Mostbet UZ Online Casino 2026: O'zbekistonda Kirish va Bonuslar,51,12,3,,,,2
luckway.net,https://luckway.net/,200,Multi Hot 5,11,1,4,,,,2
lucky-bet-777.cfd,https://lucky-bet-777.cfd/,200,"Mostbet ᐉ Mostbet giriş, casino ve güncel bonuslar",114,3,0,,,zuq07d.top,1
lucky-bet-app.com,https://lucky-bet-app.com/,200,Lucky Bet - Most Trusted Lucky Bet Official Online Game,0,16,0,,,redirect.kss22.com,4
lucky-jet-onewin.ru,https://lucky-jet-onewin.ru/,200,Lucky Jet — честный обзор и мнение эксперта | RTP 97% ✈️,3,9,3,,,zeusvshades-testxyz123.pro,4
lucky-ray.ru,https://lucky-ray.ru/,200,Мостбет казино 🎯 Вход на официальный сайт Mostbet Casino,129,9,2,,,aaamervix.top,2
lucky-vip-casino-uk.com,https://lucky-vip-casino-uk.com/,200,Lucky VIP Casino OFFICIAL SITE 🔥 Premium UK Online Casino Games 【EXCLUSIVE VIP BONUSES】 Live Dealers & Slots 2026,0,15,2,,,og-le-uv.buzz,6
luckybee7.com,https://luckybee7.com/,200,Luckybee – Apps en Google Play - Luckybee7.com Mejor Casino Online de México 24/7,1,1,17,,,,9
luckygreen-casino1-au.com,https://luckygreen-casino1-au.com/,200,Lucky Green Casino OFFICIAL 🔥 Australian Online Casino with FAST AUD Payouts 【2026 Edition】 Play Pokies & Live Games,0,17,2,,,og-le-uv.buzz,6
luckyjet.us.com,https://luckyjet.us.com/,200,"Lucky Jet - Play Online, Download APK & Try Demo | Official Site",13,10,4,,,,3
luckyspin365.bet,https://luckyspin365.bet/,200,BikoSports | Sports Betting & Jackpot,0,17,5,,,,11
luckywinscasino-uk.buzz,https://luckywinscasino-uk.buzz/,200,LuckyWins Casino Official UK 🔥 Licensed Online Casino 2026 【Welcome Bonus £500 + 200 Free Spins】 Premium Gaming,0,15,2,,,bigme.buzz,4
lugansk-online.info,https://lugansk-online.info/,200,Mostbet Casino – Azərbaycan üçün Rəsmi Onlayn Kazino və Mərc Platforması,187,25,2,,,dafkygarcr40.top,1
lulakids.pl,https://lulakids.pl/,200,LULA KIDS  huśtawka dla niemowlaka | bujaczki dla niemowląt | krzesło brazylijskie,0,50,3,,,,5
luman-shop.ru,https://luman-shop.ru/,200,Mostbet Casino (Мостбет БК) 🎰 Официальный cайт и Рабочее Зеркало,55,1,0,,,dashplay37.com,1
lunubets.org,https://lunubets.org/,200,"Lunubet Casino – Officieel gelicentieerd online casino met slots, sportweddenschappen en live casino",0,2,0,,,,0
luzdiosa.com,https://luzdiosa.com/,200,luzdiosa,0,23,3,,,,5
lynxbetc.com,https://lynxbetc.com/,200,Lynx Bet - 🍁 محفوظ آفیشل آن لائن اسپورٹس ویجرنگ اور جدید کیسینو سلاٹ پلیٹ فارم پاکستان,0,20,4,,,,7
m-koreacasino.com,https://m-koreacasino.com/,200,"m-KoreaCasino.com - Chơi đúng cách, chọn đúng nơi, thắng dễ dàng",0,27,5,,,,3
m-takaritas.hu,https://www.m-takaritas.hu/,200,Mostbet Promókód 2026 | 250% Bónusz + Ingyenes Fogadások,151,23,1,,https://www.m-takaritas.hu/go/play,,3
mabukjudi.org,https://mabukjudi.org/,200,MABUKJUDI | Digital Gaming Entertainment Portal with Modern Gaming Rhythm,0,7,2,,,,1
machance-casino-nz.com,https://machance-casino-nz.com/,200,Machance Casino New Zealand 🔥 OFFICIAL SITE 2026 【Premium NZ Casino Games】 Best Online Casino Experience,0,18,2,,,og-le-uv.buzz,6
machnotech.com,https://machnotech.com/,200,- Machno Tech,12,29,36,,,,25
maconnerie-duvignau.fr,https://maconnerie-duvignau.fr/,200,Accueil - EURL DUVIGNAU Yoann: Maçonnerie gros oeuvre tous travaux,0,40,3,,,,2
madame-destiny-slot.ru,https://madame-destiny-slot.ru/,200,"Слот Madame Destiny 💫 играть онлайн, демо, бонусы",0,1,1,,,getruvada.com,2
madamedestinyslot.ru,https://madamedestinyslot.ru/,200,Madame Destiny Megaways — игровой автомат Pragmatic Play,0,1,1,,,getruvada.com,2
made-in-china.com,https://www.made-in-china.com/,200,"Made-in-China.com - Manufacturers, Suppliers & Products in China",0,1177,20,,,,14
madhuvillage.com,https://madhuvillage.com/,200,HOME - Madhuvan's Village,1,11,21,,,,11
madridchessacademy.com,https://madridchessacademy.com/,200,Inicio | Madrid Chess Academy,0,13,8,,,,8
maenkraft.space,https://maenkraft.space/,200,Registration,0,0,2,,,,1
magic365-ar.com,https://magic365-ar.com/,200,"Magic365 Casino: reseña, bonos y retiros rápidos",0,9,3,,,getruvada.com,4
magnum96my.net,https://magnum96my.net/,200,Magnum96 Malaysia: Top Online Casino,0,18,9,,,,9
magpolska.com.pl,https://magpolska.com.pl/,200,"Vavada Casino – kasyno online, które stawia na automaty i gry na żywo",0,1,0,,,,0
magyardelikatesz.hu,https://magyardelikatesz.hu/,200,"Lemon Casino Magyarország: Bónuszok, Játékok és Licenc",0,7,0,,,,0
mahagonifiksz.hu,https://www.mahagonifiksz.hu/,200,Mostbet HU — Hivatalos Oldal 2026 | Regisztrálj Most,149,23,1,,https://www.mahagonifiksz.hu/go/play,,3
maharashtra.gov.in,https://maharashtra.gov.in/,200,Maharashtra Government – Official Website | महाराष्ट्र शासन,0,799,14,,,,25
mahboobehnoroozi.com,https://www.mahboobehnoroozi.com/,200,Mahboobeh Noroozi – Mahboobeh Noroozi | محبوبه نوروزی,0,21,3,,,,4
mahiiwin.com,https://mahiiwin.com/,200,Online Casino & Sports Betting,0,0,6,,,,0
mahlechampions.com,https://mahlechampions.com/,200,MostBet BD – Play Online Casino in Bangladesh MostBet,204,27,2,,https://mahlechampions.com/play,,3
maialimentosreales.com,https://maialimentosreales.com/,200,Namecheap Parking Page,0,3,5,,,,5
makefabricationstudio.ru,https://makefabricationstudio.ru/,200,Промышленный дизайн и прототипирование | Make Fabrication Studio,0,31,6,,,,0
makingsmartideaswork.com,http://makingsmartideaswork.com/,200,resume,0,16,6,,http://makingsmartideaswork.com/casino-en-ligne-paypal-pour-les-joueurs-vip-un-avis-detaille-sur-royal-casino/,,6
maldenbosrand.nl,https://www.maldenbosrand.nl/,200,- Bed en Breakfast Malden Bosrand,0,18,8,,,,4
malematter.com,https://malematter.com/,200,Male Matter - Life Hacks of the Alpha Male,25,31,3,,,,4
maltafootball.com,https://www.maltafootball.com/,200,maltafootball.com,0,69,31,,,,6
mamarec.com.br,https://mamarec.com.br/,200,"1xBet Brasil 🇧🇷: cassino, apostas e app ⚽",0,2,1,,,winslinks.com,1
mamzailescoccinelles.com,https://www.mamzailescoccinelles.com/,200,Mam z ailes Coccinelles – Accompagnons vos enfants à exercer leurs talents,30,36,187,,,,25
mandh.hu,https://www.mandh.hu/,200,Mostbet Kaszinó 2026: Legjobb Bónuszok és Promóciók,159,23,1,,https://www.mandh.hu/go/play,,3
mands.at,https://mands.at/,200,Mands Magazin,29,15,3,,,,4
manikgonjbarta.com,https://manikgonjbarta.com/,200,"Mostbet BD: 125% Welcome Bonus Up to BDT 25,000",69,12,4,,,,3
manimagi.com,https://manimagi.com/,200,"Mostbet客服中心,Mostbet客服中心奇迹娱乐城",23,37,16,,,,16
manoirducapucin.com,https://www.manoirducapucin.com/,200,Manoir du Capucin - Maintenance,0,4,0,,,,2
manyingacouncil.gov.zm,https://www.manyingacouncil.gov.zm/,200,Manyinga Council – Manyinga,0,57,9,,,,10
manymaps.com,https://www.manymaps.com/,200,"Mostbet ᐉ Mostbet giriş, casino ve güncel bonuslar",142,13,5,,,zuq07d.top,2
maplegreens.co.in,https://maplegreens.co.in/,200,"Melbet India 2026 — Welcome Bonus, Games, App",0,1,4,,,,1
mapy-satelitarne.pl,https://mapy-satelitarne.pl/,200,mapy-satelitarne.pl -,0,4,4,,,,3
marcys-zabawki.pl,https://marcys-zabawki.pl/,200,"Heats Casino (2026): Gry na Żywo, Mobilna Aplikacja i Dedykowane Premie dla Polaków",0,3,0,,,g-vektor.ru,1
mariashur.ru,http://mariashur.ru/,200,Срок регистрации домена mariashur.ru истёк,0,0,21,,,,18
mariebackt.de,https://mariebackt.de/,200,Marie Backt - Einfache Dinner-Ideen & Rezepte für jeden Anlass!,0,45,5,,,,4
marioau.com,https://marioau.com/,200,,0,0,0,thin_page,,,0
marisena.pl,https://marisena.pl/,200,Mostbet — Expert Guide 2026 | PL,147,20,1,,,partners-official.com,3
marjukarin.ee,https://marjukarin.ee/,200,Marju Karini kaasaegne ilukabinet,1,43,24,,,,25
marketingparatraductores.com,https://fuelingactivekids.com/,200,"Mostbet ᐉ Mostbet AZ giriş, yükləmə və bonuslar",147,19,2,,,dmkqfzpjx.top,1
marketingtechsol.com,https://marketingtechsol.com/,200,marketingtechsol.com,0,1,0,,,,0
markhammoorinn.co.uk,https://markhammoorinn.co.uk/,200,Best Betting Sites: Top New Online Bookmakers in the UK,0,18,27,,,,23
marktplaats.nl,https://www.marktplaats.nl/,200,Marktplaats - De plek om nieuwe en tweedehands spullen te kopen en verkopen,0,285,11,,,,11
marocmatchs.com,https://marocmatchs.com/,200,Mostbet · Football Maroc,1,2,0,thin_page,,,1
marqueeplaza.com,https://marqueeplaza.com/,200,Mostbet Bangladesh: Official Online Casino & Sports Betting Site,74,12,5,,,,4
marty.id.au,https://marty.id.au/,200,Marty.id.au,0,0,0,thin_page,,,0
marydhonau.com,https://theblatantplant.com/,200,Mega11 : Rekomendasi Link Slot Server Thailand di PUBG Mobile Shooter Action Terbaru,0,110,143,,,,25
marymountfarmersmarket.org,https://marymountfarmersmarket.org/,200,Mostbet AZ - Rəsmi sayt | Onlayn kazino Most Bet oynayın,10,1,0,,,0akma6p.top,1
marywashicomics.net,https://marywashicomics.net/,200,Comics Studies – At the University of Mary Washington,0,32,5,,,,5
massapedopiaui.pi.leg.br,https://massapedopiaui.pi.leg.br/massapedopiaui,200,Portal de Transparência - CÂMARA MUNICIPAL DE MASSAPÊ DO PIAUÍ,0,35,10,,,,15
massz.hu,https://www.massz.hu/,200,Mostbet Bejelentkezés | Gyors Regisztráció és VIP Bónusz,146,22,1,,https://www.massz.hu/go/play,,3
mastersoccermind.com,https://mastersoccermind.com/,200,"Mostbet AZ 2025: Giriş, Canlı Kazino, Mərclər, Bonuslar və Təhlükəsizlik İcmalı",82,9,3,,,,2
mataharithenakedspy.com,https://www.mataharithenakedspy.com/,200,Mata Hari – The Naked Spy,0,20,25,,,,15
matas.dk,https://www.matas.dk/,200,Matas.dk,0,262,75,,,,25
match-base-direct.com,https://match-base-direct.com/,200,,0,0,0,thin_page,,,0
mateszalkaonline.hu,https://www.mateszalkaonline.hu/,200,Mostbet Hungary 2026 — Sportfogadás és Élő Kaszinó,137,23,1,,https://www.mateszalkaonline.hu/go/play,,3
maturlah.online,https://maturlah.online/,200,Maturlah – Maturlah,0,4,3,,,,2
mau777star.online,https://mau777star.online/,200,MAU777: Daftar Lengkap Game Slot Pragmatic Play Gacor Hari Ini,0,15,11,,,,8
mau777star.site,https://mau777star.site/,200,MAU777: Daftar Lengkap Game Slot Pragmatic Play Gacor Hari Ini,0,15,11,,,,8
mau777woi.net,https://mau777woi.net/,200,MAU777: Daftar Lengkap Game Slot Pragmatic Play Gacor Hari Ini,0,15,11,,,,8
mau777woi.shop,https://mau777woi.shop/,200,MAU777: Daftar Lengkap Game Slot Pragmatic Play Gacor Hari Ini,0,15,11,,,,8
mau777woi.site,https://mau777woi.site/,200,MAU777: Daftar Lengkap Game Slot Pragmatic Play Gacor Hari Ini,0,15,11,,,,8
maulpince.hu,https://www.maulpince.hu/,200,Mostbet Bónuszkód HU | 250% Üdvözlő Ajánlat 2026,136,23,1,,https://www.maulpince.hu/go/play,,3
max-sparkleorca.click,https://max-sparkleorca.click/0a50f609-a578-4dc8-82f1-6d75331f6c72/en/?lead_info=bGVhZF91dWlkPTU3ZDBkYTc1LWI5OWItNDg0My1iNDEyLWYyM2ZmYTQ4NzA4MiZvcz1tYWNPUyZsYW5ndWFnZT1lbi1VUyZvZmZlcl91cmw9aHR0cHM6Ly9zdW5zdW5yaXNlcGF0aC13aW4uY2xvdWQvbXFiMW16MDYxdmQzP2V4dGVybmFsX2lkPTU3ZDBkYTc1LWI5OWItNDg0My1iNDEyLWYyM2ZmYTQ4NzA4MiZzdWIxPXtzdWIxfSZzdWIyPXtzdWIyfSZzdWIzPXtzdWIzfSZzdWI0PXtzdWI0fSZzdWI1PXtzdWI1fSZzdWI2PXtzdWI2fSZmYmNsaWQ9e3N1YjE1fSZzdWIxMT17c3ViMTF9JnN1YjEyPXtzdWIxMn0mc3ViMTM9e3N1YjEzfSZ0cmFjZV9pZD05YTU5ZDkyMC05NjI5LTQwMTItOWIxYS00ODJjMThkYjViMzE&is_webview=false&pixel=&fbclid=,200,Mostbet by Victor Osimhen,16,0,1,,,,0
mayhanprotech.vn,https://mayhanprotech.vn/,200,TRANG CHỦ - Máy hàn điện Protech - Thiết bị ngành hàn,1,155,55,,,,25
mb88betm0.com,https://mb88betm0.com/,200,raftpg ❤️ Como Apostar e Ganhar nas Slots Online de Forma Estratégica,0,20,2,,,,7
mbdou-krepysh.ru,https://mbdou-krepysh.ru/,200,Browser verification,0,0,0,,,,0
mbok.jp,https://mbok.jp/,200,,0,0,0,thin_page,,,0
mbp-partners.com,https://mbp-partners.com/,200,MOSTBET,10,1,4,,,,1
mbpuz.com,https://mbpuz.com/,200,MOSTBET,3,0,3,,,,1
mbrfinance.pl,https://mbrfinance.pl/,200,"Slotoking Casino 2026: Oficjalna Platforma, Promocje i Gry Online",0,4,0,,,g-vektor.ru,1
mcdanielbrothersshow.com,https://mcdanielbrothersshow.com/,200,Home - McDaniel Brothers Shows,0,9,4,,,,4
mcgrathstowing.com,https://mcgrathstowing.com/,200,"Mostbet电竞平台,Mostbet电竞在线娱乐大厅",16,27,25,,,,25
mcserdolik.ru,https://mcserdolik.ru/,200,FASTPANEL,0,0,1,,,,1
mcwdev.com,https://mcwdev.com/,200,Web Server's Default Page,0,0,8,,,,5
mdwmedia.pl,https://mdwmedia.pl/,200,Mostbet Kasyno – Oficjalna strona dla graczy z Polski,46,1,0,,,mio.novarao.com,1
me2service.com.br,https://www.me2service.com.br/,200,Me2 Service -,6,14,2,,,,2
medbookaide.ru,https://medbookaide.ru/,200,Мостбет зеркало | Вход на официальный сайт казино Mostbet,96,13,3,,https://medbookaide.ru/play,,4
medhelperapp.com,https://medhelperapp.com/,200,Mostbet,76,8,2,,,b2su3d2i.top,2
medicalassist.ru,https://medicalassist.ru/,200,Мостбет зеркало рабочее ❤️ Вход на официальный сайт Mostbet,47,1,0,,,dashplay37.com,1
medicinein.ru,https://medicinein.ru/,200,"Мостбет | Мостбет зеркало — официальный сайт Casino, рабочее зеркало, бонусы, вход, регистрация | Сегодня",55,1,0,,,dashplay37.com,1
medvejata.ru,https://medvejata.ru/,200,Mostbet ᐉ Лучшее онлайн казино и БК | Официальный сайт,32,7,2,,,8umjh5xaqko.top,1
medyazilla.com,https://medyazilla.com/,200,Mostbet Azerbaycan: Futbol Mərcləri və Canlı Əmsallar,95,12,3,,,,3
meetme.com,https://www.meetme.com/en/,200,Discover new people nearby and make real connections - MeetMe,0,27,7,,,,4
megarush56.com,https://megarush56.com/,200,Mobile Slots With Live Payouts 2026 | भारत गाइड,0,23,4,,,,2
megaways-casino0-uk.com,https://megaways-casino0-uk.com/,200,Megaways Casino OFFICIAL UK 🔥 Premier Online Casino 2026 【EXCLUSIVE Welcome Bonus】 Revolutionary Slot Gaming,0,23,1,,,og-le-uv.buzz,6
megszolalakorona.hu,https://www.megszolalakorona.hu/,200,Mostbet Vélemény 2026: Megbízható Fogadóiroda HU,140,23,1,,https://www.megszolalakorona.hu/go/play,,3
mehadevbook.online,https://mehadevbook.online/,200,Mahadev Book - Mahadev Book ID | Mahadev Book Official,0,7,3,,,,4
mejatc.org,https://mejatc.org/,200,Aviator Casino Moçambique ✈️🎰 — Jogue e Ganhe Dinheiro Real 💸 (M-Pesa 📲) | RTP ✅,0,5,3,,,,1
melaniemendezvo.com,https://melaniemendezvo.com/,200,"Mostbet登录,Mostbet非凡娱乐界",7,3,60,,,,25
melbet-casino-bd.com,https://melbet-casino-bd.com/,200,"MelBet India: Get a 150% bonus of up to 40,000 INR",0,17,6,,,refpa3665.com,4
melbet-casino.cl,https://melbet-casino.cl/,200,Melbet Casino y Apuestas Deportivas Online en Chile,0,10,2,,,,1
melbet-cl.cl,https://melbet-cl.cl/,200,Melbet Chile Apuestas y Casino Online Confiable,0,7,2,,,,1
melbet-del-chile.cl,https://melbet-del-chile.cl/,200,Melbet Casino Chile: Apuestas Deportivas y Juegos en Línea,0,11,2,,,,4
melbet-del-mexico.mx,https://melbet-del-mexico.mx/,200,Melbet Apuestas En Línea Con Bonos En México,0,11,2,,,,4
melbet-en-chile.cl,https://melbet-en-chile.cl/,200,Melbet Casino en Línea y Apuestas Deportivas en Chile,0,10,2,,,,1
melbet-en-mexico.mx,https://melbet-en-mexico.mx/,200,Melbet Sitio Oficial De Apuestas Online México,0,8,2,,,,1
melbetlogin.site,https://melbetlogin.site/,200,Melbet apk download - اعلیٰ معیار کی آن لائن جوا سروس,0,0,5,,,,1
melhoresaposta.com,https://melhoresaposta.com/,200,Mostbet Oficial PT | Bónus de boas-vindas 100% até €100 no depósito,72,9,7,,,,6
membranes-amta.org,https://membranes-amta.org/,200,Mostbet Kasyno PL 💰 Graj na Oficjalnej Stronie Mostbet,22,1,0,,,greatgame12.com,1
memoryrepro.in,https://memoryrepro.in/,200,Mostbet IN⭐️India's Official ⭐️₹45000 Bonus ⭐️ Login⭐️,101,5,3,,,,2
mendozafilmcommission.com.ar,https://mendozafilmcommission.com.ar/,200,Mendoza Film Commission – Mendoza Film Commission,0,24,7,,,,2
menubrno.cz,https://menubrno.cz/,200,MostBet Casino CZ - Oficiální přihlášení a exkluzivní bonusy,82,10,1,,,serffigylqrdkh.help,1
merckvetmanual.com,https://www.merckvetmanual.com/,200,Merck Veterinary Manual,0,26,92,,,,16
mercurionoticiasmexico.com,https://www.mercurionoticiasmexico.com/,200,INICIO - Mercurio Noticias México,10,42,6,,,,5
mercurynews.com,https://www.mercurynews.com/,200,"The Mercury News - Bay Area news, sports, business, entertainment, lifestyle and commentary",0,205,38,,,,25
meridianbythelawns.com,https://meridianbythelawns.com/,200,"Meridian By The Lawns | Luxury Wedding Resort in Bangalore, Banquet Halls & Event Venue in Bangalore",0,50,13,,,,1
merktime.com,https://merktime.com/,200,Jogue na Mostbet Portugal – Cassino Online com Bónus de Boas-Vindas,82,3,1,,https://merktime.com/go,,1
merriam-webster.com,https://www.merriam-webster.com:443/,200,Merriam-Webster: America's Most Trusted Dictionary,0,156,40,,https://www.merriam-webster.com:443/login https://www.merriam-webster.com:443/browse/dictionary/r https://www.merriam-webster.com:443/browse/thesaurus/r https://www.merriam-webster.com:443/apps,,25
mesateknik.com.tr,https://www.mesateknik.com.tr/,200,Mesa Teknik – Mesa Teknik,0,18,6,,,,3
mesherskiy.ru,http://mesherskiy.ru/,200,Срок регистрации домена истек,0,1,22,,,,12
metalbet88a.com,https://metalbet88a.com/,200,METALBET88 : Ironclad Win Digital Triggers Epic Wealth Surge,0,10,6,,,,3
metaratings.ru,https://metaratings.ru/,200,Ставки на спорт и букмекерские конторы – Metaratings,0,554,402,,,,25
metismatic.com,https://metismatic.com/,200,Mostbet Portugal — Apostas Casino Online Mostbet,223,26,2,,https://metismatic.com/play,,1
metrospasandpools.com,https://metrospasandpools.com/,200,Mostbet Bangladesh: Top Sportsbook & Online Casino Site,67,11,3,,,,2
meuepilogo.com,https://meuepilogo.com/,200,Mostbet ᐉ Descubra o Mostbet Casino e Ganhe Grandes Prêmios!,121,19,2,,,ofhghmdto.top,1
meusparabens.com.br,https://www.meusparabens.com.br/,200,Frases de Aniversário - Meus Parabéns,0,35,4,,,,6
mexfilter.com,https://mexfilter.com/,200,香港曼亞星科技有限公司 – 香港曼亞星科技有限公司,0,32,1,,,,1
mexico-melbet.mx,https://mexico-melbet.mx/,200,Melbet Casino Y Apuestas Deportivas En México,0,13,2,,,refpa3665.com,5
mezohegyesonline.hu,https://www.mezohegyesonline.hu/,200,Mostbet App Letöltés | iOS és Android Alkalmazás 2026,138,23,1,,https://www.mezohegyesonline.hu/go/play,,3
mgogi.ru,https://mgogi.ru/,200,Мостбет зеркало | Вход на официальный сайт казино Mostbet,96,13,3,,https://mgogi.ru/play,,4
mgtrustindia.com,https://mgtrustindia.com/,200,"Major Gangasingh Charitable Trust – शिक्षा, स्वास्थ्य व रोजगार के क्षेत्र में कार्यरत धर्मार्थ प्रन्यास",0,54,7,,,,3
mhevi.hu,https://www.mhevi.hu/,200,Mostbet Sportfogadás HU — Legjobb Odds és Élő Fogadás,157,23,1,,https://www.mhevi.hu/go/play,,3
michaelgruberlibrary.com,https://michaelgruberlibrary.com/,200,アニメやゲームの知識が学べる学校はどれくらいあるの？｜Good Anime School,0,5,0,,,,0
microbiologu.ru,https://microbiologu.ru/,200,"Порно-каталог 2026 — трансы, русское, фильмы",0,4,6,,,,6
microfinish.it,https://www.microfinish.it/,200,Home,0,13,5,,,,4
micronova.in,https://www.micronova.in/,200,"Leading Internet Service Providers in Bangalore, India - Micronova IT Group",0,112,16,,,,5
microsoft.com,https://www.microsoft.com/,200,"Your request has been blocked. This could be
                        due to several reasons.",0,94,7,,,,11
middle-beast.com,https://www.middle-beast.com/,200,Middle Beast – Shop at the official Middle Beast online store. Middle Beast is an Arabic Street Wear brand. Explore a wide range of clothing and accessories for both Men and Women.,0,25,25,,,,25
miin-study.ru,https://stavka-cybersport.ru/,200,Ставки на киберспорт: как устроены и с чего начать,0,8,2,,,,1
mikrotik-mexico.com.mx,https://mikrotik-mexico.com.mx/,200,MikroTik México,0,87,4,,,,10
milfontes-apartamentosriomira.com,https://www.milfontes-apartamentosriomira.com/,200,Mostbet Portugal | Site Oficial do Casino e Bónus,41,4,3,,,,2
milliyet.com.tr,https://www.milliyet.com.tr/,200,"Milliyet - Haberler, Son Dakika Haberleri ve Güncel Haber",0,285,25,,,uyelik-sso1.demirorenmedya.com,5
milosbouldercity.com,https://www.milosbouldercity.com/,200,Mostbet Azərbaycan 🎖️ 2026 Bonusları və Ən Yaxşı Mərc Seçimləri,10,1,0,,,,0
mindfulness-nauczyciele.pl,https://www.mindfulness-nauczyciele.pl/,200,Mostbet PL 2026 – Przewodnik po najlepszych kasynach online,68,17,2,,,partners-official.com,2
mindigtv-hajduszoboszlo.hu,https://www.mindigtv-hajduszoboszlo.hu/,200,Mostbet Regisztráció 2026 | Szerezd Meg VIP Bónuszod,144,23,1,,https://www.mindigtv-hajduszoboszlo.hu/go/play,,3
ministryforpeace.org,https://www.ministryforpeace.org/,200,Os erros mais comuns dos apostadores iniciantes e como evitá-los,9,14,1,,,,2
minnaz.ru,https://minnaz.ru/,200,Мостбет зеркало | Вход на официальный сайт казино Mostbet,96,13,3,,https://minnaz.ru/play,,4
mintscore.com.ng,https://www.mintscore.com.ng/,200,"Mintscore, Football predictions backed by maths, not vibes",0,72,211,,,,0
mir-woman.ru,https://mir-woman.ru/,200,Официальный сайт Мостбетᐈ игровые автоматы Mostbet играть онлайн,64,1,0,,,dashplay37.com,1
miraigamers.com,https://miraigamers.com/,200,"Complete Guide to the Best Online Casinos: Games, Bonuses, and Security",0,19,4,,,,3
miravia.es,https://www.miravia.es/,200,Miravia - Tus compras online con ofertas,0,13,0,,,,1
mirazartnik.uz,https://mirazartnik.uz/,200,MirAzartnik APK — Bukmekerlik Ilovalar Katalogi,2,2,5,,,,0
misafirol.org,https://misafirol.org/,200,FASTPANEL,0,0,1,,,,1
missevieteas.com,https://missevieteas.com/,200,MISS EVIE TEAS – MISS EVIE TEAS,2,35,13,,,,15
missionacademy.org,https://missionacademy.org/,200,Mostbet Azərbaycan: Kibersport və İdman Mərcləri,58,5,3,,,,3
mitrecyberacademy.org,https://mitrecyberacademy.org/,200,Mostbet Onlayn Kazino: Ümumi İcmal,151,24,2,,,cvl36s4x15n.top,1
miuzbekistan.com,https://miuzbekistan.com/,200,Мостбет Казахстан — Официальный сайт Mostbet KZ: Бонус 125% + 250 FS,58,12,3,,,,2
mj-sport.pl,http://mj-sport.pl/,200,Welcome to nginx!,0,0,2,,,,2
mkamf.kz,https://mkamf.kz/,200,Astana Motors Finance,0,14,1,,,,0
mladeznici.cz,https://mladeznici.cz/,200,,0,0,0,thin_page,,,0
mlbb.fans,https://mlbb.fans/,200,mlbb.fans | MLBB無盡對決英雄資料庫,0,143,0,,,,0
mlbet.bio,https://mlbet.bio/,200,mlbet – Nhà Cái Cá Cược Trực Tuyến Uy Tín Tại Việt Nam,0,24,1,,,,2
mlbm.xyz,http://mlbm.xyz/,200,,0,0,8,,,,6
mlive.com,https://www.mlive.com:443/,200,"Michigan Local News, Breaking News, Sports &amp; Weather",0,813,33,,,,25
mln.kz,https://math-res-pub.org/,200,Мостбет: зеркало казино Mostbet KZ - быстрый вход,44,8,2,,,byemsn714.top,1
mmks-podhale.pl,https://www.mmks-podhale.pl/,200,Bison Casino Polska 2026 — Kasyno Online z Licencją,0,1,3,,,,1
mmmostbet.online,https://mmmostbet.online/,200,,0,0,56,,,,25
mmserviceutilaje.ro,https://mmserviceutilaje.ro/,200,M M – SERVICE UTILAJE,0,0,10,,,,8
mnpronet.com,https://mnpronet.com/,200,Teen Patti Master APK Download: Ultimate Guide to India's Premier Card Gaming Experience,0,3,27,,https://mnpronet.com/go/,,25
moastbetting.com,https://moastbetting.com/,200,Q98 - Q98 میں تاش اور علاقائی میز کھیلوں کی دنیا کو اردو میں سمجھیں اور ہر انتخاب سے پہلے بنیادی قواعد دیکھیں,0,25,1,,,,0
mobdokan.com,https://mobdokan.com/,200,"Mostbet Casino BD Review 2026 — Bonus, App & Login",135,25,2,,https://mobdokan.com/go/mobdokan/,,2
mochikochicken.com,http://www.mochikochicken.com/,200,"Mostbet - spor ve casino bahisleri Türkiye'de: giriş, kayıt, indir",22,2,1,,http://www.mochikochicken.com/mostbet/,,1
modez-moi.com,https://www.modez-moi.com/,200,"Modez-Moi, Lance ta propre mode - Art, Musique, Lifestyle, Produits, ...",0,29,5,,,,7
mokhtsr.com,http://mokhtsr.com/,200,Welcome to nginx!,0,0,2,,,,2
monga.id,https://monga.id/,200,MONGA | Tajam  Mengabarkan – Portal Info Ketapang,0,60,2,,,,1
monoplaycasinoa.com,https://monoplaycasinoa.com/,200,MonoPlay Casino - 🍁 پاکستان کے صارفین کیلئے ریئل کیش جیک پاٹ اور اسپورٹس بیٹنگ پلیٹ فارم,0,20,4,,,,7
monro-casino.de.com,https://monro-casino.de.com/,200,"Monro Casino 2026: Spiele, Sportwetten und App",0,12,1,,,spin4win.live,4
monrocasino.de.com,https://monrocasino.de.com/,200,"Monro Casino 2026: Bonus, Spiele, Login und App",0,9,1,,,spin4win.live,2
monsterwinkasino.com,https://monsterwinkasino.com/,200,"Monsterwin Casino Recenze CZ – Bonus, Hry a Platby",0,23,3,,,vrsroute.com,9
montecarlosbm.com,https://www.montecarlosbm.com/en,200,"Monte-Carlo Société des Bains de Mer, Hotels, restaurants, casinos in Monaco",0,710,34,,,,25
montrealiskizomba.com,https://montrealiskizomba.com/,200,QuickWin Casino Deutschland 2026 – Bonus & Echtgeld-Spiele,0,5,2,,,,0
monty-skolka.top,https://monty-skolka.top/,200,Mostbet Giriş ⭐️ Mostbet Casino Resmi Web site Türkiye,62,1,0,,,vsgfzfgwgo69.top,1
monument-rzn.ru,https://monument-rzn.ru/,200,"Анлим — Unlim Casino | Официальный сайт, зеркало и быстрая регистрация 2026",0,4,2,,,,1
moordavid.hu,https://moordavid.hu/,200,"Moór Dávid Esküvői Fényképész – Az emlék a Tiétek, a megörökítés az Én feladatom.",0,3,5,,,,3
morganstewartmusic.com,https://www.morganstewartmusic.com/,200,Mostbet Magyarország | 130.000 Ft Bónusz & Sportfogadás,95,4,3,,,,2
morskarybka.pl,https://curiosa.pl/,200,"MostBet Polska 🎲 Logowanie, Rejestracja, Bonusy & Promo Code",110,10,1,,,serffigrcqufssefv.help,1
morzeprzygody.eu,https://morzeprzygody.eu/,200,"Mostbet Kasyno Online Polska – Bonus, Logowanie i Opinie",227,26,8,,,scuxfofif.top,9
mos-bet.site,https://mos-bet.site/,200,Мос-бет официальный сайт | Ставки на спорт | Слоты | Игровые автоматы,33,0,1,,,,0
mosbet-mostbet.ink,https://mosbet-mostbet.ink/,200,MostBet BD – Play Online Casino in Bangladesh MostBet,276,27,2,,https://mosbet-mostbet.ink/play,,3
mosbet-uz.net,https://mosbet-uz.net/,200,Mostbet Uz Com: sportga pul tikish va kazino o'yinlar 2023,43,3,1,,,,1
mosbet.partners,https://mosbet.partners/,200,Mostbet Partners | The Official Mostbet affiliate program,4,0,2,thin_page,,,1
mosbet.store,https://mosbet.store/,200,Мосбет официальный сайт | Букмекерская контора | Слоты | Игровые автоматы,34,0,1,,,,0
moscowtattooschool.ru,https://moscowtattooschool.ru/,200,Mostbet Casino (Мостбет БК) 🎰 Официальный cайт и Рабочее Зеркало,55,1,0,,,dashplay37.com,1
mosolyszerviz.hu,https://mosolyszerviz.hu/,200,Mostbet Promókód 2026 | 250% Bónusz + Ingyenes Fogadások,157,23,1,,https://mosolyszerviz.hu/go/play,,3
most-best-in.com,http://most-best-in.com/,200,Parking Page,0,0,3,,,,2
most-bet-az91.top,http://most-bet-az91.top/,200,,0,0,8,,,,6
most-bet-bd.casino,https://most-bet-bd.casino/,200,"Mostbet Bangladesh Guide 2026 — BDT Payments, Cricket, App and Bonus Rules",16,9,1,,,,0
most-bet-bonus.com,http://most-bet-bonus.com/,200,Перенаправление домена не осуществляется,0,0,7,,,,7
most-bet-bonus.space,http://most-bet-bonus.space/,200,,0,0,8,,,,6
most-bet-casino.pl,https://most-bet-casino.pl/,200,"Drzwi wejściowe do mieszkania 2026 | Zapraszamy – Dla wielu osób drzwi wejściowe to po prostu element wyposażenia – muszą się zamykać, pasować do reszty wnętrza i nie kosztować fortuny. Ale kto raz za",0,10,7,,,,7
most-bet-com.in,https://most-bet-com.in/,200,"Mostbet India Official: Login & ₹45,000 Bonus | Site 2026",52,13,3,,,,3
most-bet-giris-2025.ink,http://most-bet-giris-2025.ink/,200,,0,0,8,,,,6
most-bet-hungary.com,https://most-bet-hungary.com/,200,Mostbet casino értékelés Magyarországon – bónuszok és app,53,15,1,,,trackdomain.xyz,5
most-bet-in.in,http://most-bet-in.in/,200,Срок регистрации домена most-bet-in.in истёк,0,0,21,,,,18
most-bet-india.net,https://most-bet-india.net/,200,"Mostbet India 2026 | Official Site Login & ₹45,000 Bonus",42,12,3,,,,2
most-bet-polska.xyz,http://most-bet-polska.xyz/,200,,0,0,8,,,,6
most-bet-uz-casino.site,https://www.most-bet-uz-casino.site/,200,,0,0,4,,,,2
most-bet-uz.casino,https://most-bet-uz.casino/,200,FASTPANEL,0,0,1,,,,1
most-bet-uzbekistan.com,https://most-bet-uzbekistan.com/,200,FASTPANEL,0,0,1,,,,1
most-bet.biz,http://most-bet.biz/,200,most-bet.biz,0,0,11,,,,10
most-bet.cc,https://www.most-bet.cc/,200,,0,0,4,,,,2
most-bet.click,http://most-bet.click/,200,,0,0,8,,,,6
most-bet.hu,https://noinapozo.hu/jatekfuggoseg-es-kiut/,200,A játékfüggőség és a kiút,0,32,7,,,,4
most-bet.org,http://most-bet.org/,200,SpaceWeb,0,2,10,,,,12
most-betcasino.bar,https://most-betcasino.bar/,200,"Mostbet KZ – ставки на спорт, казино и бонусы до 125%",33,1,0,,,onepppgo.com,1
most-betcasino.net,https://most-betcasino.net/,200,Страница по умолчанию,0,0,1,,,,1
most-betczech.com,https://most-betczech.com/,200,MostBet Casino - Prémiové online kasino s nejlepšími bonusy v Česku,96,9,1,,,serffigylqrdkh.help,1
most-beting.net,http://most-beting.net/,200,Parking Page,0,0,3,,,,2
most-betpt.com,https://most-betpt.com/,200,Mostbet Portugal: Site Oficial ⚽ Login e Apostas Online,216,29,1,,https://most-betpt.com/play,,3
most-bets-kz.com,https://www.most-bets-kz.com/?from=@,200,,0,0,4,,,,2
most-betting.lol,https://most-betting.lol/,200,,0,0,1,thin_page,,,1
most-casino-amp.kz,https://most-casino-amp.kz/,200,Mostbet KZ: Официальный сайт Мостбет Казино в Казахстане,44,2,0,,,pdlinkfortysix.xyz,1
most-kasyno-bet.com,https://most-kasyno-bet.com/,200,"Mostbet Polska – kasyno, gry i dostęp do konta",50,15,1,,,apricotturbine.com,3
most1bet.co,https://most1bet.co/,200,Parked Domain name on Hostinger DNS system,0,0,6,,,,6
most1bet.com,https://most1bet.com/,200,Parked Domain name on Hostinger DNS system,0,0,6,,,,6
most1bet.net,https://most1bet.net/,200,Parked Domain name on Hostinger DNS system,0,0,6,,,,6
most1bet.pro,https://most1bet.pro/,200,Parked Domain name on Hostinger DNS system,0,0,6,,,,6
most1bet.shop,https://most1bet.shop/,200,Your domain is suspended,0,0,8,,,,8
most1bet.site,https://most1bet.site/,200,Parked Domain name on Hostinger DNS system,0,0,6,,,,6
most1betbd.net,https://most1betbd.net/,200,Your domain is suspended,0,0,8,,,,8
most1betbd.org,https://most1betbd.org/,200,Parked Domain name on Hostinger DNS system,0,0,6,,,,6
most1betbd.site,https://most1betbd.site/,200,Parked Domain name on Hostinger DNS system,0,0,6,,,,6
most3bet.ru,http://most3bet.ru/,200,Домен most3bet.ru,0,1,6,,,,6
mostabet.com,https://www.mostabet.com/,200,,0,0,4,,,,2
mostafathabet.com,https://mostafathabet.com/,200,مصطفى ثابت – مصطفى ثابت فويس اوفر,0,11,6,,,,2
mostampkz.com,https://mostampkz.com/,200,Официальный сайт Mostbet KZ — Ставки на спорт и Казино в Казахстане,105,2,8,,,redir.mostbetkzh.kz,9
mostardentlymarybeth.com,https://mostardentlymarybeth.com/,200,Most Ardently Mary Beth,0,0,10,,,,9
mostbdbet.com,https://mostbdbet.com/,200,"most bd অফিসিয়াল সাইট  রেজিস্টার, অ্যাপ ও APK বাংলাদেশ",0,24,1,,,www.k-x8.com,1
mostbest-in.com,http://mostbest-in.com/,200,Parking Page,0,0,3,,,,2
mostbest-pk.com,https://mostbest-pk.com/,200,Success!,0,0,0,thin_page,,,0
mostbet---uz.com,http://mostbet---uz.com/,200,Parking Page,0,0,3,,,,3
mostbet--aze.ink,https://www.unionstreetplayers.com/bonus-50000/,200,"Mostbet Azərbaycan – Rəsmi sayt, Mostbet Casino və Online Bahis",205,25,1,,https://www.unionstreetplayers.com/play,,2
mostbet--kirish.com,http://mostbet--kirish.com/,200,Parking Page,0,0,3,,,,3
mostbet--uz.com,http://mostbet--uz.com/,200,Parking Page,0,0,3,,,,3
mostbet-0.com,https://mostbet-0.com/,200,win7game ❤️ Como Apostar de Forma Inteligente e Vencer,26,7,2,,,,1
mostbet-0866.top,https://mostbet-0866.top/,200,Mostbet (Мостбет) — небольшая ставка с выводом на счёт,9,0,7,,,,7
mostbet-0asz.buzz,http://mostbet-0asz.buzz/,200,,0,0,8,,,,6
mostbet-0dec.buzz,https://mostbet-0dec.buzz/,200,МОСТБЕТ РАБОЧЕЕ ЗЕРКАЛО на СЕГОДНЯ | MOSTBET БК Официальный сайт - Вход и регистрация + Бонусы каждый день,122,6,2,,,bigme.buzz,2
mostbet-0iwz.buzz,http://mostbet-0iwz.buzz/,200,,0,0,8,,,,6
mostbet-0kyx.top,http://mostbet-0kyx.top/,200,,0,0,8,,,,6
mostbet-0nl0.buzz,http://mostbet-0nl0.buzz/,200,,0,0,8,,,,6
mostbet-0spj.top,http://mostbet-0spj.top/,200,,0,0,8,,,,6
mostbet-1.casino,http://mostbet-1.casino/,200,Success!,0,0,0,thin_page,,,0
mostbet-1.click,https://mostbet-1.click/,200,"Mostbet Casino PL – Oficjalna Strona, Aplikacja, Logowanie i Bonus 1400 zł",59,2,1,,,eutraffproject.pro,1
mostbet-111rg.top,https://mostbet-111rg.top/,200,Coming Soon,0,0,0,thin_page,,,0
mostbet-111rh.top,https://mostbet-111rh.top/,200,Coming Soon,0,0,0,thin_page,,,0
mostbet-111rk.top,https://mostbet-111rk.top/,200,Coming Soon,0,0,0,thin_page,,,0
mostbet-111rl.top,https://mostbet-111rl.top/,200,Coming Soon,0,0,0,thin_page,,,0
mostbet-124.click,https://mostbet-124.click/,200,Мостбет Казино (Mostbet) - игровой зал по категориям,9,0,7,,,,7
mostbet-1534.team,https://mostbet-1534.team/,200,Mostbet Casino (Мостбет): весь каталог в кармане на Android,9,0,7,,,,7
mostbet-17ri.top,http://mostbet-17ri.top/,200,,0,0,8,,,,6
mostbet-1awg.buzz,http://mostbet-1awg.buzz/,200,,0,0,8,,,,6
mostbet-1fe3.top,https://mostbet-1fe3.top/,200,МОСТБЕТ АКТУАЛЬНОЕ ЗЕРКАЛО ОФИЦИАЛЬНОГО САЙТА НА СЕГОДНЯ - РАБОЧАЯ ССЫЛКА НА БК MOSTBET - БОНУС НА ПЕРВЫЙ ДЕПОЗИТ,137,6,2,,,bigme.buzz,2
mostbet-1nha.top,http://mostbet-1nha.top/,200,,0,0,8,,,,6
mostbet-2026-hu.ink,http://mostbet-2026-hu.ink/,200,Parking Page,0,0,3,,,,3
mostbet-2026.net.pl,https://mostbet-2026.net.pl/,200,Site is under construction,0,0,0,thin_page,,,0
mostbet-20lz.buzz,https://mostbet-20lz.buzz/,200,МОСТБЕТ РАБОЧЕЕ ЗЕРКАЛО на СЕГОДНЯ | MOSTBET БК Официальный сайт - Вход и регистрация + Бонусы каждый день,122,6,2,,,bigme.buzz,2
mostbet-23.top,https://mostbet-23.top/,200,Coming Soon,0,0,0,thin_page,,,0
mostbet-26we.top,http://mostbet-26we.top/,200,,0,0,8,,,,6
mostbet-2dls1.top,https://mostbet-2dls1.top/,200,Website is ready. The content is to be added,0,0,0,thin_page,,,0
mostbet-2s7p.buzz,http://mostbet-2s7p.buzz/,200,,0,0,8,,,,6
mostbet-309.net,https://mostbet-309.net/,200,Attention Required! | Cloudflare,1,0,1,,,,0
mostbet-357.top,https://mostbet-357.top/,200,Coming Soon,0,0,0,thin_page,,,0
mostbet-3c7x.buzz,http://mostbet-3c7x.buzz/,200,,0,0,8,,,,6
mostbet-3xhp.top,http://mostbet-3xhp.top/,200,,0,0,8,,,,6
mostbet-42mf.buzz,https://mostbet-42mf.buzz/,200,МОСТБЕТ РАБОЧЕЕ ЗЕРКАЛО на СЕГОДНЯ | MOSTBET БК Официальный сайт - Вход и регистрация + Бонусы каждый день,122,6,2,,,bigme.buzz,2
mostbet-4c4y.top,https://mostbet-4c4y.top/,200,,0,0,8,,,,6
mostbet-4gta.top,http://mostbet-4gta.top/,200,,0,0,8,,,,6
mostbet-4m3e.top,http://mostbet-4m3e.top/,200,,0,0,8,,,,6
mostbet-4u35.top,https://mostbet-4u35.top/,200,МОСТБЕТ АКТУАЛЬНОЕ ЗЕРКАЛО ОФИЦИАЛЬНОГО САЙТА НА СЕГОДНЯ - РАБОЧАЯ ССЫЛКА НА БК MOSTBET - БОНУС НА ПЕРВЫЙ ДЕПОЗИТ,137,6,2,,,bigme.buzz,2
mostbet-58z.top,https://mostbet-58z.top/,200,Coming Soon,0,0,0,thin_page,,,0
mostbet-5cq4.top,http://mostbet-5cq4.top/,200,,0,0,8,,,,6
mostbet-5m8a.top,http://mostbet-5m8a.top/,200,,0,0,8,,,,6
mostbet-5tjs.top,http://mostbet-5tjs.top/,200,,0,0,8,,,,6
mostbet-60m7.top,https://mostbet-60m7.top/,200,МОСТБЕТ АКТУАЛЬНОЕ ЗЕРКАЛО ОФИЦИАЛЬНОГО САЙТА НА СЕГОДНЯ - РАБОЧАЯ ССЫЛКА НА БК MOSTBET - БОНУС НА ПЕРВЫЙ ДЕПОЗИТ,137,6,2,,,bigme.buzz,2
mostbet-642.xyz,http://mostbet-642.xyz/,200,,0,0,8,,,,6
mostbet-6a9j.buzz,http://mostbet-6a9j.buzz/,200,,0,0,8,,,,6
mostbet-6saz.buzz,https://mostbet-6saz.buzz/,200,МОСТБЕТ РАБОЧЕЕ ЗЕРКАЛО на СЕГОДНЯ | MOSTBET БК Официальный сайт - Вход и регистрация + Бонусы каждый день,122,6,2,,,bigme.buzz,2
mostbet-6t0z.buzz,http://mostbet-6t0z.buzz/,200,,0,0,8,,,,6
mostbet-71iu.top,https://mostbet-71iu.top/,200,Coming Soon,0,0,0,thin_page,,,0
mostbet-777.com,https://mostbet-777.com/,200,Mostbet mərc platforması analiz və oyun strategiyaları,93,16,1,,,,4
mostbet-7ao.top,https://mostbet-7ao.top/,200,Coming Soon,0,0,0,thin_page,,,0
mostbet-7ap.top,https://mostbet-7ap.top/,200,Coming Soon,0,0,0,thin_page,,,0
mostbet-7ar.top,https://mostbet-7ar.top/,200,Coming Soon,0,0,0,thin_page,,,0
mostbet-7ba1.buzz,https://mostbet-7ba1.buzz/,200,МОСТБЕТ РАБОЧЕЕ ЗЕРКАЛО на СЕГОДНЯ | MOSTBET БК Официальный сайт - Вход и регистрация + Бонусы каждый день,122,6,2,,,bigme.buzz,2
mostbet-7iir.top,https://mostbet-7iir.top/,200,Coming Soon,0,0,0,thin_page,,,0
mostbet-7iiu.top,https://mostbet-7iiu.top/,200,Coming Soon,0,0,0,thin_page,,,0
mostbet-7iiy.top,https://mostbet-7iiy.top/,200,Coming Soon,0,0,0,thin_page,,,0
mostbet-7iq.top,https://mostbet-7iq.top/,200,Coming Soon,0,0,0,thin_page,,,0
mostbet-7iw.top,https://mostbet-7iw.top/,200,Coming Soon,0,0,0,thin_page,,,0
mostbet-7pf.top,https://mostbet-7pf.top/,200,Coming Soon,0,0,0,thin_page,,,0
mostbet-7pg.top,https://mostbet-7pg.top/,200,Coming Soon,0,0,0,thin_page,,,0
mostbet-7pj.top,https://mostbet-7pj.top/,200,Coming Soon,0,0,0,thin_page,,,0
mostbet-7v6u.top,http://mostbet-7v6u.top/,200,,0,0,8,,,,6
mostbet-83xd.top,http://mostbet-83xd.top/,200,,0,0,8,,,,6
mostbet-843k.top,http://mostbet-843k.top/,200,,0,0,8,,,,6
mostbet-846.xyz,http://mostbet-846.xyz/,200,,0,0,8,,,,6
mostbet-89ft.top,https://mostbet-89ft.top/,200,Coming Soon,0,0,0,thin_page,,,0
mostbet-8dut.top,http://mostbet-8dut.top/,200,,0,0,8,,,,6
mostbet-8e46.top,http://mostbet-8e46.top/,200,,0,0,8,,,,6
mostbet-8k2o.top,http://mostbet-8k2o.top/,200,,0,0,8,,,,6
mostbet-8u9i.buzz,http://mostbet-8u9i.buzz/,200,,0,0,8,,,,6
mostbet-8yhw.buzz,http://mostbet-8yhw.buzz/,200,,0,0,8,,,,6
mostbet-95js.top,http://mostbet-95js.top/,200,,0,0,8,,,,6
mostbet-9dqh.top,http://mostbet-9dqh.top/,200,,0,0,8,,,,6
mostbet-9dvj.top,https://mostbet-9dvj.top/,200,МОСТБЕТ РАБОЧЕЕ ЗЕРКАЛО на СЕГОДНЯ | MOSTBET БК Официальный сайт - Вход и регистрация + Бонусы каждый день,122,6,2,,,bigme.buzz,2
mostbet-9j5c.top,http://mostbet-9j5c.top/,200,,0,0,8,,,,6
mostbet-africa.com,https://mostbet-africa.com/,200,"Mostbet Africa: Betting, Aviator, App & Bonus 2026",117,29,2,,,,9
mostbet-ahiiqk2.top,https://mostbet-ahiiqk2.top/,200,Website is ready. The content is to be added,0,0,0,thin_page,,,0
mostbet-aid4.cfd,https://mostbet-aid4.cfd/,200,,0,0,0,thin_page,,,0
mostbet-akhfqn2.top,https://mostbet-akhfqn2.top/,200,Website is ready. The content is to be added,0,0,0,thin_page,,,0
mostbet-almaty-kz.com,http://mostbet-almaty-kz.com/,200,Parking Page,0,0,3,,,,2
mostbet-am4.top,https://mostbet-am4.top/,200,Coming Soon,0,0,0,thin_page,,,0
mostbet-amp-20.site,http://mostbet-amp-20.site/,200,Parking Page,0,0,3,,,,2
mostbet-amp-21.site,http://mostbet-amp-21.site/,200,Parking Page,0,0,3,,,,2
mostbet-amp-22.site,http://mostbet-amp-22.site/,200,Parking Page,0,0,3,,,,2
mostbet-amp-23.site,http://mostbet-amp-23.site/,200,Parking Page,0,0,3,,,,2
mostbet-amp-site2.top,https://mostbet-amp-site2.top/,200,Mostbet UZ | Mostbet Rasmiy Sayti [2026],31,2,0,,,laq8nxpto.top,1
mostbet-amp.kz,https://mostbet-amp.kz/,200,Мостбет КЗ | Mostbet KZ регистрация и вход,42,2,0,,,pdlinkfortysix.xyz,1
mostbet-android-apk.com,https://mostbet-android-apk.com/,200,Mostbet kazinolar və idman mərcləri haqqında bələdçi,93,17,1,,,,4
mostbet-android-apk.ru,https://mostbet-android-apk.ru/users/sign_in,200,Sign in · GitLab,4,5,9,,,,6
mostbet-apbgwp.top,https://mostbet-apbgwp.top/,200,Website is ready. The content is to be added,0,0,0,thin_page,,,0
mostbet-apk-azerbaycan.net,https://mostbet-apk-azerbaycan.net/,200,Attention Required! | Cloudflare,1,0,1,,,,0
mostbet-apk-hungr.com,http://mostbet-apk-hungr.com/,200,Parking Page,0,0,3,,,,2
mostbet-apk-in.com,https://mostbet-apk-in.com/,200,Mostbet India: Download Official App for Mobile Devices,132,11,3,,,,2
mostbet-apk-indi.com,http://mostbet-apk-indi.com/,200,Parking Page,0,0,3,,,,2
mostbet-apk-pl.com,https://mostbet-apk-pl.com/,200,Vavada Casino | 100% Welcome Bonus + 100 Free Spins in Poland,114,14,6,,,gate707.com,6
mostbet-apk.co.cz,https://mostbet-apk.co.cz/,200,Mostbet APP: Stáhněte si Mobilní Mostbet Aplikace pro Android a iOS,146,7,1,,,,3
mostbet-apk.de,https://mostbet-apk.de/info.php,200,realtime.at - Domain catched,0,0,1,,,,1
mostbet-apkkz.com,https://mostbet-apkkz.com/,200,Download app Mostbet,1,0,0,thin_page,,,0
mostbet-aplikacja-polska.space,http://mostbet-aplikacja-polska.space/,200,,0,0,8,,,,6
mostbet-apostabr.com,http://mostbet-apostabr.com/,200,Parking Page,0,0,3,,,,2
mostbet-apostas.com,https://www.mostbet-apostas.com/,200,古本出張買取で失敗しないためのポイントとは？仕組みとともにわかりやすく解説2026年9月更新｜古本出張買取で失敗しないためのポイントとは？,0,5,1,,,,1
mostbet-apostas.online,https://www.mostbet-apostas.online/,200,,0,0,4,,,,2
mostbet-app-download.online,https://mostbet-app-download.online/,200,mostbet-app-download.online,9,0,11,,,,10
mostbet-app-download.ru,https://mostbet-app-download.ru/,200,mostbet-app-download.ru,9,0,11,,,,10
mostbet-app-fr.com,https://turner-asia.com/,200,Tài Xỉu Online ⭐️ Top 20 App Tài Xỉu Online Uy Tín Nhất 8/2026,0,66,13,,,,8
mostbet-app-in.com,http://mostbet-app-in.com/,200,Parking Page,0,0,8,,,,7
mostbet-app-in.net,https://mostbet-app-in.net/,200,MelBet India 2026 | Online Sports Betting and Casino,70,4,3,,,,2
mostbet-app-pl.com,https://www.allit-abgastechnik.com/,200,DEWI99: Rekomendasi Link Slot Online Resmi x abgastechnik,0,107,140,,,,25
mostbet-app.casino,https://mostbet-app.casino/,200,Mostbet Bangladesh 2026: From First Inspection to Final Payout,46,9,1,,,,0
mostbet-app.com,http://mostbet-app.com/,200,SpaceWeb,0,2,10,,,,12
mostbet-app.com.pl,http://mostbet-app.com.pl/,200,Parking Page,0,0,8,,,,7
mostbet-app.org,https://mostbet-app.org/,200,,0,0,8,,,,6
mostbet-app.pro,https://mostbet-app.pro/,200,Home | mostbet-app.pro,3,4,20,,,,20
mostbet-apps-uz.com,http://mostbet-apps-uz.com/,200,Parking Page,0,0,3,,,,2
mostbet-apps.com,https://mostbet-apps.com/,200,Casibom 2026 | Casibom Giriş Güvenli Adres,0,4,8,,https://mostbet-apps.com/play/,,5
mostbet-ar.com,http://mostbet-ar.com/,200,porkbun.com | expired domain,2,0,2,,,,2
mostbet-arab.net,http://mostbet-arab.net/,200,Parking Page,0,0,3,,,,2
mostbet-argentino.com,https://mostbet-argentino.com/,200,Mostbet Argentina 2026 🌟 Bono de 300.000 ARS y 250 FS Gratis,122,12,3,,,,2
mostbet-armenia.online,http://mostbet-armenia.online/,200,Your domain is expired,0,0,7,,,,7
mostbet-armenia1.com,https://www.mostbet-armenia1.com/?from=@,200,,0,0,4,,,,2
mostbet-aviator.bet,http://mostbet-aviator.bet/,200,Parking Page,0,0,3,,,,3
mostbet-aviator.top,https://mostbet-aviator.top/,200,Your domain is expired,0,0,7,,,,7
mostbet-aws71.buzz,https://mostbet-aws71.buzz/,200,,0,0,0,thin_page,,,0
mostbet-az-1.com,https://mostbet-az-1.com/,200,"Mostbet Casino AZ – Rasmi sayt, qeydiyyat və APK icmalı Mostbet",130,18,2,,,d9f4g1h7j.top,3
mostbet-az-2.com,https://mostbet-az-2.com/,200,Mostbet AZ | Onlayn kazino və idman mərcləri,147,21,2,,,,2
mostbet-az-3.com,https://mostbet-az-3.com/,200,"Mostbet AZ ᐉ Azərbaycanda kazino, bonus və mərc icmalı",189,23,2,,,,2
mostbet-az-4.com,https://mostbet-az-4.com/,200,"Mostbet AZ ᐉ şəxsi test: kazino, bonus və mobil icmal",184,23,2,,,d9f4g1h7j.top,3
mostbet-az-45.info,http://mostbet-az-45.info/,200,mostbet-az-45.info — Coming Soon,4,0,2,,,,2
mostbet-az-45.org,http://mostbet-az-45.org/,200,mostbet-az-45.org — Coming Soon,4,0,2,,,,2
mostbet-az-91.net,http://mostbet-az-91.net/,200,NameBright - Coming Soon,1,0,1,thin_page,,,1
mostbet-az-apk.club,https://www.mostbet-az-apk.club/,200,,0,0,4,,,,2
mostbet-az-bahis.com,http://mostbet-az-bahis.com/,200,Домен не прилинкован ни к одной из директорий на сервере!,0,0,42,,,,11
mostbet-az-bookmaker.com,https://www.mostbet-az-bookmaker.com/?from=@,200,,0,0,4,,,,2
mostbet-az-casino.org,http://mostbet-az-casino.org/,200,NameBright - Coming Soon,1,0,1,thin_page,,,1
mostbet-az-indir-app.com,https://www.mostbet-az-indir-app.com/,200,,0,0,4,,,,2
mostbet-az-site.it.com,http://www.mostbet-az-site.it.com/,200,,0,0,4,,,,2
mostbet-az-slot.com,https://mostbet-az-slot.com/,200,Mostbet rəsmi sayt bonuslar və sürətli ödənişlər,98,22,2,,,s4a8d2f7g.top,7
mostbet-az-spin.com,https://mostbet-az-spin.com/,200,Mostbet rəsmi sayt mərclər kazino və sürətli ödənişlər,90,20,2,,,,5
mostbet-az.cfd,https://mostbet-az.cfd/,200,,0,0,8,,,,6
mostbet-az.info,https://mostbet-az.info/,200,FASTPANEL,0,0,1,,,,1
mostbet-az.me,https://www.therealstoriesofkarabakh.com/,200,Mostbet AZ: Azərbaycanda Mükəmməl Kazino və Mərc Platforması,62,0,1,,,,1
mostbet-az.ru,https://mostbet-az.ru/,200,Домен не прилинкован ни к одной из директорий на сервере!,0,0,41,,,,10
mostbet-az.tech,https://mostbet-az.tech/,200,Mostbet Azərbaycanda bonuslar və yüksək əmsallar,89,21,1,,,s4a8d2f7g.top,6
mostbet-az2025.ing,https://www.mostbet-az2025.ing/,200,,0,0,4,,,,2
mostbet-az90.net,https://www.mostbet-az90.net/?from=@,200,,0,0,4,,,,2
mostbet-az90.ru,https://mostbet-az90.ru/,200,"Мостбет казино 🎯 Официальный сайт, вход и рабочее зеркало Mostbet",91,2,0,,,dashplay37.com,1
mostbet-az91.com,https://www.mostbet-az91.com/,200,,0,0,4,,,,2
mostbet-az91.online,https://mostbet-az91.online/,200,Attention Required! | Cloudflare,1,0,1,,,,0
mostbet-azb-online.mex.com,http://www.mostbet-azb-online.mex.com/,200,,0,0,4,,,,2
mostbet-aze.org,https://mostbet-aze.org/,200,OK,0,0,0,thin_page,,,0
mostbet-aze45.info,http://mostbet-aze45.info/,200,mostbet-aze45.info — Coming Soon,4,0,2,,,,2
mostbet-aze45.net,http://mostbet-aze45.net/,200,mostbet-aze45.net — Coming Soon,4,0,2,,,,2
mostbet-azeerbaycan.ink,http://mostbet-azeerbaycan.ink/,200,Parking Page,0,0,3,,,,3
mostbet-azer.net,https://mostbet-azer.net/,200,Application placeholder,0,0,0,,,,0
mostbet-azer.org,https://mostbet-azer.org/,200,Mostbet Casino Azərbaycan giriş,18,1,0,,,,0
mostbet-azerbaijan-777.net,https://mostbet-azerbaijan-777.net/,200,Mostbet ilə Böyük Qalibiyyətlərə Doğru Addımlayın,88,21,2,,,s4a8d2f7g.top,6
mostbet-azerbaijan-777.org,https://mostbet-azerbaijan-777.org/,200,Mostbet: Maraqlı Mərc və Kazino Təcrübəsi,91,16,4,,,,4
mostbet-azerbaijan-bet.com,https://mostbet-azerbaijan-bet.com/,200,Mostbet ilə Əyləncəni Zirvədə Yaşayın,69,16,1,,,,1
mostbet-azerbaijan-bet.org,https://mostbet-azerbaijan-bet.org/,200,Mostbet: Şansını Keşfet ve Qazan!,95,21,1,,,s4a8d2f7g.top,6
mostbet-azerbaijan-bonus.com,https://mostbet-azerbaijan-bonus.com/,200,Mostbet qeydiyyat və yüksək əmsallı mərc bonusları,95,20,2,,,,6
mostbet-azerbaijan-bonus.net,https://mostbet-azerbaijan-bonus.net/,200,Mostbet ilə uduşlarınızı artırın və əylənin,63,15,1,,,s4a8d2f7g.top,2
mostbet-azerbaijan-bonus.org,https://mostbet-azerbaijan-bonus.org/,200,Mostbet ilə Qələbə Şansınızı Artırın,65,14,1,,,s4a8d2f7g.top,1
mostbet-azerbaijan-casino.com,https://mostbet-azerbaijan-casino.com/,200,Mostbet Azərbaycanda qeydiyyat bonuslar və canlı mərc,88,20,1,,,,4
mostbet-azerbaijan-casino.org,https://mostbet-azerbaijan-casino.org/,200,Mostbet İlə Mərc Dünyasında Qazanmağa Başlayın,88,21,1,,,,5
mostbet-azerbaijan-club.com,https://www.hungeractionnys.org/,200,Mostbet AZ Giriş ᐉ Mostbet Azerbaycan Rəsmi Casino,143,12,6,,,cf2w2a827cgd.top,3
mostbet-azerbaijan-club.net,https://mostbet-azerbaijan-club.net/,200,Mostbet ilə Qazanmağın Ən Yaxşı Yolu,97,22,2,,,,6
mostbet-azerbaijan-club.org,https://mostbet-azerbaijan-club.org/,200,Mostbet ilə Ən Yaxşı Mərc Təcrübəsi Qazanın,96,20,1,,,s4a8d2f7g.top,6
mostbet-azerbaijan-fun.com,https://www.hungeractionnys.org/,200,Mostbet AZ Giriş ᐉ Mostbet Azerbaycan Rəsmi Casino,143,12,6,,,cf2w2a827cgd.top,3
mostbet-azerbaijan-fun.net,https://www.hungeractionnys.org/,200,Mostbet AZ Giriş ᐉ Mostbet Azerbaycan Rəsmi Casino,143,12,6,,,cf2w2a827cgd.top,3
mostbet-azerbaijan-fun.org,https://www.hungeractionnys.org/,200,Mostbet AZ Giriş ᐉ Mostbet Azerbaycan Rəsmi Casino,143,12,6,,,cf2w2a827cgd.top,3
mostbet-azerbaijan-game.com,https://mostbet-azerbaijan-game.com/,200,Mostbet Az sürətli qeydiyyat və xoş gəldin bonusu,92,21,2,,,s4a8d2f7g.top,7
mostbet-azerbaijan-games.com,https://mostbet-azerbaijan-games.com/,200,Mostbet ile Böyük Qələbələrə Hazır Olun,73,15,1,,,y4p9v2qa.top,2
mostbet-azerbaijan-games.net,https://mostbet-azerbaijan-games.net/,200,Mostbet ilə Qazanmaqın Yeni Yolu,103,22,1,,,,5
mostbet-azerbaijan-games.org,https://mostbet-azerbaijan-games.org/,200,Mostbet ilə Qazancınızı Artırın,64,15,3,,,,3
mostbet-azerbaijan-jackpot.com,https://mostbet-azerbaijan-jackpot.com/,200,Mostbet: Ən Yaxşı Mərc Seçimləriniz Sizinlədir,90,22,1,,,s4a8d2f7g.top,5
mostbet-azerbaijan-jackpot.net,https://www.hungeractionnys.org/,200,Mostbet AZ Giriş ᐉ Mostbet Azerbaycan Rəsmi Casino,143,12,6,,,cf2w2a827cgd.top,3
mostbet-azerbaijan-jackpot.org,https://mostbet-azerbaijan-jackpot.org/,200,Mostbet - Uduşlarınızı Təkmilləşdirin,94,21,2,,,s4a8d2f7g.top,7
mostbet-azerbaijan-max.com,https://mostbet-azerbaijan-max.com/,200,Mostbet ilə Qazanın və Əylənin,103,22,2,,,,6
mostbet-azerbaijan-max.net,https://www.hungeractionnys.org/,200,Mostbet AZ Giriş ᐉ Mostbet Azerbaycan Rəsmi Casino,143,12,6,,,cf2w2a827cgd.top,3
mostbet-azerbaijan-play.com,https://mostbet-azerbaijan-play.com/,200,Mostbet ilə Həyəcan və Qazancın Zirvəsinə Çatın,66,15,1,,,,1
mostbet-azerbaijan-play.net,https://www.hungeractionnys.org/,200,Mostbet AZ Giriş ᐉ Mostbet Azerbaycan Rəsmi Casino,143,12,6,,,cf2w2a827cgd.top,3
mostbet-azerbaijan-play.org,https://mostbet-azerbaijan-play.org/,200,Mostbet: Həyəcanlandırıcı Oyun Təcrübələri üçün Platforma,84,15,1,,,,1
mostbet-azerbaijan-pro.com,https://mostbet-azerbaijan-pro.com/,200,Mostbet ilə Macəra Həyəcanına Qoşulun,92,21,2,,,,5
mostbet-azerbaijan-pro.net,https://www.hungeractionnys.org/,200,Mostbet AZ Giriş ᐉ Mostbet Azerbaycan Rəsmi Casino,143,12,6,,,cf2w2a827cgd.top,3
mostbet-azerbaijan-pro.org,https://mostbet-azerbaijan-pro.org/,200,Mostbet: Ən Gözəl Mərc Təcrübəsi Sizi Gözləyir,93,21,5,,,,9
mostbet-azerbaijan-sport.com,https://www.hungeractionnys.org/,200,Mostbet AZ Giriş ᐉ Mostbet Azerbaycan Rəsmi Casino,143,12,6,,,cf2w2a827cgd.top,3
mostbet-azerbaijan-sport.net,https://mostbet-azerbaijan-sport.net/,200,Mostbet AZ Giriş ᐉ Mostbet Azerbaycan Rəsmi Casino,190,12,6,,,cf2w2a827cgd.top,3
mostbet-azerbaijan-sport.org,https://mostbet-azerbaijan-sport.org/,200,Mostbet ilə Qazanmanın Ən Yaxşı Yolunu Kəşf Edin,96,22,5,,,s4a8d2f7g.top,9
mostbet-azerbaijan-top.com,https://mostbet-azerbaijan-top.com/,200,Mostbet - Ən Gəlirli Mərclər Sizin Üçün,91,21,2,,,,6
mostbet-azerbaijan-vip.com,https://mostbet-azerbaijan-vip.com/,200,Mostbet ilə Həyəcanlı Anlar Yaşayın,69,15,4,,,s4a8d2f7g.top,5
mostbet-azerbaijan-vip.net,https://mostbet-azerbaijan-vip.net/,200,Qazancınızı Arttırın: Seçiminiz Mostbet,76,16,1,,,,1
mostbet-azerbaijan-win.com,https://mostbet-azerbaijan-win.com/,200,Mostbet ile Uğura Doğru Sürətli Bir Başlanğıc,103,22,3,,,,7
mostbet-azerbaijan-win.net,https://www.hungeractionnys.org/,200,Mostbet AZ Giriş ᐉ Mostbet Azerbaycan Rəsmi Casino,143,12,6,,,cf2w2a827cgd.top,3
mostbet-azerbaijan.in.net,http://www.mostbet-azerbaijan.in.net/,200,,0,0,4,,,,2
mostbet-azerbaijan.tech,https://mostbet-azerbaijan.tech/,200,Mostbet qeydiyyat bonusu yüksək əmsallar sürətli çıxarış,93,21,1,,,,5
mostbet-azerbaijan3.com,https://mosbet-casino.com/,200,"Mosbet AZ 🚀 Rəsmi Sayt • Qeydiyyat, Bonuslar, Giriş",1,2,1,,,,2
mostbet-azerbaycan.fun,https://mostbet-azerbaycan.fun/,200,Mostbet AZ Giriş | Mərc və kazino Mostbet Azərbaycan 2025,44,3,0,,,jdj8skeeb0.top,1
mostbet-azerbaycan2025.com,https://www.mostbet-azerbaycan2025.com/,200,,0,0,4,,,,2
mostbet-azn-bahis.com,http://mostbet-azn-bahis.com/,200,Домен не прилинкован ни к одной из директорий на сервере!,0,0,42,,,,11
mostbet-azrbjn-win.com,http://mostbet-azrbjn-win.com/,200,Parking Page,0,0,3,,,,2
mostbet-b68.top,https://mostbet-b68.top/,200,Coming Soon,0,0,0,thin_page,,,0
mostbet-bahis-casino.com,http://mostbet-bahis-casino.com/,200,Домен не прилинкован ни к одной из директорий на сервере!,0,0,42,,,,11
mostbet-bahis-site.com,https://www.mostbet-bahis-site.com/?from=@,200,,0,0,4,,,,2
mostbet-bangladesh.com,https://www.hard-rock-casinos.com/,200,Hard Rock Online Casino – Officiële site voor spelers in Nederland,0,16,1,,,chicken-road-app.net,2
mostbet-bangladesh1.net,https://mostbet-bangladesh1.net/,200,,0,0,0,thin_page,,,0
mostbet-bd-casino.biz,https://mostbet-bd-casino.biz/,200,Mostbet Official Bookmaker Live Odds and Casino,115,19,2,,,s4a8d2f7g.top,6
mostbet-bd-casino.info,https://mostbet-bd-casino.info/,200,Mostbet Live Sports Betting Best Odds and Bonuses,110,19,1,,,,3
mostbet-bd-club.com,http://mostbet-bd-club.com/,200,Parking Page,0,0,3,,,,2
mostbet-bd-login.net,https://mostbet-bd-login.net/,200,Mostbet BD - Login to Online Betting and Casino Site,148,8,3,,,,2
mostbet-bd.cloud,https://mostbet-bd.cloud/,200,Mostbet Live Bets Casino Offers and Fast Payouts,99,20,1,,,s4a8d2f7g.top,5
mostbet-bd.digital,https://mostbet-bd.digital/,200,Mostbet Sports Betting Casino Big Odds Fast Payouts,111,20,1,,,s4a8d2f7g.top,4
mostbet-bd.icu,https://mostbet-bd.icu/,200,Mostbet Your Place for Fast Sports Bets and Slots,105,20,1,,,s4a8d2f7g.top,4
mostbet-bd.info,https://www.mostbet-bd.info/,200,,0,0,4,,,,2
mostbet-bd.live,https://mostbet-bd.live/,200,Mostbet Live Betting Bonuses and Fast Payouts,114,21,1,,,,3
mostbet-bd.pro,https://mostbet-bd.pro/,200,Mostbet Live Sports Betting and Casino Offers,99,19,1,,,s4a8d2f7g.top,3
mostbet-bd.site,https://www.mostbet-bd.site/?from=@,200,,0,0,4,,,,2
mostbet-bd.space,https://mostbet-bd.space/,200,Mostbet Sportsbook Casino Bonuses and Live Bets,121,20,1,,,s4a8d2f7g.top,5
mostbet-bd.world,https://mostbet-bd.world/,200,Mostbet Live Betting Casino Games and Welcome Bonus,104,21,2,,,,5
mostbet-belarus.com,http://mostbet-belarus.com/,200,Parking Page,0,0,3,,,,2
mostbet-best.org,https://mahlechampions.com/,200,MostBet BD – Play Online Casino in Bangladesh MostBet,204,27,2,,https://mahlechampions.com/play,,3
mostbet-best.top,https://mostbet-best.top/,200,Coming Soon,0,0,0,thin_page,,,0
mostbet-bestpk.com,https://mostbet-bestpk.com/,200,Mostbet Login Pakistan - sports betting casino | Bonus and download APK,223,5,15,,,w4sq2xb2k1x6.top,2
mostbet-bet.kz,https://mostbet-bet.kz/,200,Обзор и правила ставок на Мостбет для игроков,75,16,1,,,,4
mostbet-bet.net,https://mostbet-bet.net/,200,Mostbet mərc saytının istifadəçi təcrübəsi və xidmətləri,94,17,1,,,,4
mostbet-bet.org,https://dia-live.com/,200,Mostbet: Logowanie i bonusy w kasynie Mostbet w Polsce,146,26,2,,https://dia-live.com/play,,2
mostbet-bg.click,http://mostbet-bg.click/,200,,0,0,8,,,,6
mostbet-bgd.com,https://www.mostbet-bgd.com/,200,,0,0,4,,,,2
mostbet-bk-6win.xyz,https://mostbet-bk-6win.xyz/,200,Coming Soon,0,0,0,thin_page,,,0
mostbet-bke95.sbs,https://mostbet-bke95.sbs/,200,,0,0,0,thin_page,,,0
mostbet-bonus-app.com,http://mostbet-bonus-app.com/,200,Parking Page,0,0,3,,,,2
mostbet-bonus-code.com,https://mostbet-bonus-code.com/,200,Mostbet Azərbaycanda Onlayn Mərc Platforması Haqqında,93,16,1,,https://mostbet-bonus-code.com/play,,5
mostbet-bonus-in.com,http://mostbet-bonus-in.com/,200,Parking Page,0,0,3,,,,2
mostbet-bonus-ind.com,http://mostbet-bonus-ind.com/,200,Parking Page,0,0,3,,,,2
mostbet-bonus-play.com,https://www.deluxecycling.cz/,200,Mostbet Casino – Nejlepší online casino CZ Mostbet,183,25,2,,https://www.deluxecycling.cz/play,,1
mostbet-bonus-site.com,http://mostbet-bonus-site.com/,200,Parking Page,0,0,3,,,,2
mostbet-bonus-vip.ru,https://mostbet-bonus-vip.ru/,200,Домен не прилинкован ни к одной из директорий на сервере!,0,0,41,,,,10
mostbet-bonus.best,http://mostbet-bonus.best/,200,Parking Page,0,0,3,,,,3
mostbet-bonus.buzz,http://mostbet-bonus.buzz/,200,Parking Page,0,0,3,,,,3
mostbet-bonus.cfd,http://mostbet-bonus.cfd/,200,Parking Page,0,0,3,,,,3
mostbet-bonus.com,https://mostbet-bonus.com/,200,mostbet-bonus.com for sale | Spaceship.com,17,1,5,,,,3
mostbet-bonus.site,http://mostbet-bonus.site/,200,Parking Page,0,0,3,,,,3
mostbet-bonuses.buzz,http://mostbet-bonuses.buzz/,200,Parking Page,0,0,3,,,,3
mostbet-bonuses.cfd,http://mostbet-bonuses.cfd/,200,Parking Page,0,0,3,,,,3
mostbet-bonuses.click,http://mostbet-bonuses.click/,200,Parking Page,0,0,3,,,,3
mostbet-bonuses.info,https://www.mostbet-bonuses.info/,200,,0,0,4,,,,2
mostbet-bonuses.org,https://www.mostbet-bonuses.org/,200,,0,0,4,,,,2
mostbet-bonuskz.com,https://mostbet-bonuskz.com/,200,Site Under Construction,0,0,0,thin_page,,,0
mostbet-bonusonline.com,http://mostbet-bonusonline.com/,200,Parking Page,0,0,3,,,,2
mostbet-bookmaker.net,https://hamptonyount.com/,200,Success!,0,0,0,thin_page,,,0
mostbet-br.br.com,https://lqq9.za.com/,200,"NHATVIP | Thiên Đường Cá Cược Hợp Pháp, Uy Tín #1 Châu Á",0,43,14,,,,14
mostbet-br27.com,https://mostbet-br27.com/,200,Checking your browser...,0,0,0,,,,0
mostbet-brasi.com,http://mostbet-brasi.com/,200,Parking Page,0,0,3,,,,2
mostbet-buk.top,https://mostbet-buk.top/,200,Coming Soon,0,0,0,thin_page,,,0
mostbet-bukmeker-kontoru.top,https://mostbet-bukmeker-kontoru.top/,200,Mostbet,12,2,3,,,6iyw5cz27jg3.top,4
mostbet-bur41.buzz,https://mostbet-bur41.buzz/,200,,0,0,0,thin_page,,,0
mostbet-bwg96.buzz,https://mostbet-bwg96.buzz/,200,,0,0,0,thin_page,,,0
mostbet-bywn49.top,https://mostbet-bywn49.top/,200,,0,0,0,thin_page,,,0
mostbet-ca.top,https://mostbet-ca.top/,200,Coming Soon,0,0,0,thin_page,,,0
mostbet-can.top,https://mostbet-can.top/,200,Coming Soon,0,0,0,thin_page,,,0
mostbet-canada.ca,https://mostbet-canada.ca/,200,Amunra Casino bonus – hry a rychlé výběry pro hráče z Česka,0,1,0,,,,0
mostbet-canada.net,https://mostbet-canada.net/,200,Amunra Casino bonus – hry a rychlé výběry pro hráče z Česka,0,1,0,,,,0
mostbet-canada.org,https://mostbet-canada.org/,200,Amunra Casino bonus – hry a rychlé výběry pro hráče z Česka,0,1,0,,,,0
mostbet-cas.top,http://mostbet-cas.top/,200,Parking Page,0,0,3,,,,2
mostbet-casino-2025.ink,http://mostbet-casino-2025.ink/,200,,0,0,8,,,,6
mostbet-casino-az.it.com,https://nicsell.com/en,200,nicsell: RGP domain backorder service for .de & .eu & .at domains,0,55,32,,,,25
mostbet-casino-aze.com,http://mostbet-casino-aze.com/,200,Домен не прилинкован ни к одной из директорий на сервере!,0,0,42,,,,11
mostbet-casino-azerbaijan.com,https://mostbet-casino-azerbaijan.com/,200,"Mostbet Casino Azerbaijan 💎 Qeydiyyat, Bonuslar Mostbet",270,23,2,,https://mostbet-casino-azerbaijan.com/play,,1
mostbet-casino-azerbaijan.net,https://fairfarmsnow.org/,200,Mostbet Onlayn Kazino: Ümumi İcmal,153,25,2,,,cvl36s4x15n.top,2
mostbet-casino-azerbaijan.org,https://mostbet-casino-azerbaijan.org/,200,"Mostbet AZ Casino — Giriş, Qeydiyyat və Pulsuz Bonuslar 💰",293,24,2,,https://mostbet-casino-azerbaijan.org/play,,1
mostbet-casino-azrbjn.com,http://mostbet-casino-azrbjn.com/,200,Parking Page,0,0,3,,,,2
mostbet-casino-bet-az.com,https://mostbet-casino-bet-az.com/,200,"Mostbet AZ Giriş — Rəsmi Sayt, Bonuslar və Qazanma Şansı Mostbet ⚡",263,24,2,,https://mostbet-casino-bet-az.com/play,,1
mostbet-casino-bet.com,https://mostbet-casino-bet.com/,200,Mostbet in Pakistan ᐉ The Best Bookmaker And Casino 2026 | Popular Gambling Platform,32,1,13,,https://mostbet-casino-bet.com/go.php,,14
mostbet-casino-brasil-br.com,https://www.mostbet-casino-brasil-br.com/,200,S8TOTO Hasil undian SGP dan SDY paling update,23,10,15,,,,3
mostbet-casino-brazil.com,https://www.mostbet-casino-brazil.com/?from=@,200,,0,0,4,,,,2
mostbet-casino-cz.cz,https://artemisbet.sk/,200,Artemisbet Casino Slovensko – 100% bonus za registráciu a športové stávky,0,14,3,,,,1
mostbet-casino-czech-republic.com,https://www.mostbet-casino-czech-republic.com/?from=@,200,,0,0,4,,,,2
mostbet-casino-es.com,https://www.mostbet-casino-es.com/?from=@,200,,0,0,4,,,,2
mostbet-casino-game.net,https://mostbet-casino-game.net/,200,Mostbet mərc platforması qaydaları və ödəmə seçimləri,80,16,1,,,s4a8d2f7g.top,5
mostbet-casino-georgia.com,http://mostbet-casino-georgia.com/,200,Registrant WHOIS contact information verification | Namecheap.com,0,0,9,,,,5
mostbet-casino-giris-2025.art,http://mostbet-casino-giris-2025.art/,200,,0,0,8,,,,6
mostbet-casino-giris.art,http://mostbet-casino-giris.art/,200,,0,0,8,,,,6
mostbet-casino-giris.eu.com,http://www.mostbet-casino-giris.eu.com/,200,,0,0,4,,,,2
mostbet-casino-giris.ink,http://mostbet-casino-giris.ink/,200,,0,0,8,,,,6
mostbet-casino-giris.online,http://mostbet-casino-giris.online/,200,,0,0,8,,,,6
mostbet-casino-giris1.ink,http://mostbet-casino-giris1.ink/,200,Parking Page,0,0,3,,,,3
mostbet-casino-giristr.com,https://www.mostbet-casino-giristr.com/?from=@,200,,0,0,4,,,,2
mostbet-casino-go1nr.top,https://mostbet-casino-playzhp.top/,200,Mostbet Casino (Мостбет Казино) - рабочее зеркало официального сайта,46,2,15,,,,15
mostbet-casino-goqji.top,https://mostbet-casino-goqji.top/,200,Mostbet casino ⚡️ - официальный сайт казино Мостбет,42,2,15,,,,15
mostbet-casino-gouo7.top,https://mostbet-casino-playrz4.top/,200,Mostbet Casino | Мостбет Казино - официальный сайт и зеркало казино,51,2,8,,,,8
mostbet-casino-ios.com,https://mostbet-casino-ios.com/,200,Mostbet onlayn kazino və idman mərcləri platforması,89,16,1,,,,4
mostbet-casino-kk.online,https://mostbet-casino-kk.online/,200,Our new website is in progress,0,0,0,thin_page,,,0
mostbet-casino-mirror-3.cfd,https://mostbet-casino-mirror-3.cfd/,200,Mostbet ᐉ Лучшее онлайн казино и БК | Официальный сайт,27,2,0,,,8umjh5xaqko.top,1
mostbet-casino-online.com,https://mostbet-casino-uz.com/,200,Mostbet UZ ᐉ Mostbet bukmekerlik O'zbekistonda kirish [2024],98,11,17,,,sdakwoqp1azzzz.top,19
mostbet-casino-online.live,http://mostbet-casino-online.live/,200,,0,0,8,,,,6
mostbet-casino-oyna.com,http://mostbet-casino-oyna.com/,200,Домен не прилинкован ни к одной из директорий на сервере!,0,0,42,,,,11
mostbet-casino-oynay.com,http://mostbet-casino-oynay.com/,200,Домен не прилинкован ни к одной из директорий на сервере!,0,0,42,,,,11
mostbet-casino-pl.online,http://mostbet-casino-pl.online/,200,,0,0,8,,,,6
mostbet-casino-play35w.top,https://mostbet-casino-play35w.top/,200,Website mostbet-casino-play35w.top is ready. The content is to be added,4,0,1,,,,1
mostbet-casino-play7777.top,https://vavadaplay7c.top/,200,VAVADA Online Casino,0,6,1,,,getruvada.com,2
mostbet-casino-play77777.top,https://vavadaplay7c.top/,200,VAVADA Online Casino,0,6,1,,,getruvada.com,2
mostbet-casino-play7lv.top,https://mostbet-casino-play7lv.top/,200,Website mostbet-casino-play7lv.top is ready. The content is to be added,4,0,1,,,,1
mostbet-casino-play837.top,https://mostbet-casino-play837.top/,200,Website mostbet-casino-play837.top is ready. The content is to be added,4,0,1,,,,1
mostbet-casino-play8od.top,https://mostbet-casino-play8od.top/,200,Website mostbet-casino-play8od.top is ready. The content is to be added,4,0,1,,,,1
mostbet-casino-play95f.top,https://mostbet-casino-play95f.top/,200,Website mostbet-casino-play95f.top is ready. The content is to be added,4,0,1,,,,1
mostbet-casino-play9le.top,https://mostbet-casino-play9le.top/,200,Website mostbet-casino-play9le.top is ready. The content is to be added,4,0,1,,,,1
mostbet-casino-play9mq.top,https://mostbet-casino-play9mq.top/,200,Website mostbet-casino-play9mq.top is ready. The content is to be added,4,0,1,,,,1
mostbet-casino-playcia.top,https://mostbet-casino-playcia.top/,200,Website mostbet-casino-playcia.top is ready. The content is to be added,4,0,1,,,,1
mostbet-casino-playe9p.top,https://mostbet-casino-playe9p.top/,200,Mostbet casino - официальный сайт игрового клуба! Актуальное зеркало и регистрация на сайте!,41,2,8,,,,8
mostbet-casino-playeye.top,https://mostbet-casino-playeye.top/,200,Website mostbet-casino-playeye.top is ready. The content is to be added,4,0,1,,,,1
mostbet-casino-playlrg.top,https://mostbet-casino-playlrg.top/,200,"Mostbet Casino официальный сайт: вход, зеркало, регистрация",49,2,8,,,,8
mostbet-casino-playnyg.top,https://mostbet-casino-playnyg.top/,200,Mostbet Casino (Мостбет Казино) - рабочее зеркало официального сайта,46,2,15,,,,15
mostbet-casino-playpzr.top,https://mostbet-casino-playpzr.top/,200,Website mostbet-casino-playpzr.top is ready. The content is to be added,4,0,1,,,,1
mostbet-casino-playqhv.top,https://mostbet-casino-playqhv.top/,200,Website mostbet-casino-playqhv.top is ready. The content is to be added,4,0,1,,,,1
mostbet-casino-playrah.top,https://mostbet-casino-playrah.top/,200,Казино Мостбет: играйте бесплатно и на деньги в слоты,46,2,8,,,,8
mostbet-casino-playrz4.top,https://mostbet-casino-playrz4.top/,200,Mostbet Casino | Мостбет Казино - официальный сайт и зеркало казино,51,2,8,,,,8
mostbet-casino-plays2d.top,https://mostbet-casino-plays2d.top/,200,Website mostbet-casino-plays2d.top is ready. The content is to be added,4,0,1,,,,1
mostbet-casino-playsf0.top,https://mostbet-casino-playsf0.top/,200,Website mostbet-casino-playsf0.top is ready. The content is to be added,4,0,1,,,,1
mostbet-casino-playva8.top,https://mostbet-casino-playva8.top/,200,Website mostbet-casino-playva8.top is ready. The content is to be added,4,0,1,,,,1
mostbet-casino-playxhs.top,https://mostbet-casino-playxhs.top/,200,Mostbet Casino официальный сайт — узнайте как войти рабочее зеркало и играть в игровые автоматы онлайн,51,2,15,,,,15
mostbet-casino-playzhp.top,https://mostbet-casino-playzhp.top/,200,Mostbet Casino (Мостбет Казино) - рабочее зеркало официального сайта,46,2,15,,,,15
mostbet-casino-poland.pl,https://mostbet-casino-poland.pl/,200,Aftermarket.eu :: domain mostbet-casino-poland.pl,4,0,13,,,,13
mostbet-casino-polska.space,http://mostbet-casino-polska.space/,200,,0,0,8,,,,6
mostbet-casino-prihlaseni.cz,https://mostbet-casino-prihlaseni.cz/,200,Mostbet Casino CZ: Oficiální Web pro Hráče: Online Kasino,204,11,1,,,,5
mostbet-casino-pt.com.pt,http://www.mostbet-casino-pt.com.pt,200,,1,2,1,thin_page,,,1
mostbet-casino-register-cz.com,https://mostbet-casino-register-cz.com/,200,Mostbet Casino Register -,143,28,56,,,,25
mostbet-casino-ru.site,https://mostbet-casino-ru.site/,200,,0,0,0,thin_page,,,0
mostbet-casino-russia.ru,https://mostbet-casino-russia.ru/,200,Mostbet-casino-russia.ru,5,1,13,,,,11
mostbet-casino-so.site,https://mostbet-casino-so.site/,200,mostbet-casino-so.site,9,0,11,,,,10
mostbet-casino-sw.site,https://mostbet-casino-sw.site/,200,mostbet-casino-sw.site,9,0,11,,,,10
mostbet-casino-uz.com,https://mostbet-casino-uz.com/,200,Mostbet UZ ᐉ Mostbet bukmekerlik O'zbekistonda kirish [2024],98,11,17,,,sdakwoqp1azzzz.top,19
mostbet-casino-uz.net,https://mostbet-casino-uz.com/,200,Mostbet UZ ᐉ Mostbet bukmekerlik O'zbekistonda kirish [2024],98,11,17,,,sdakwoqp1azzzz.top,19
mostbet-casino-uz.org,https://mostbet-casino-uz.com/,200,Mostbet UZ ᐉ Mostbet bukmekerlik O'zbekistonda kirish [2024],98,11,17,,,sdakwoqp1azzzz.top,19
mostbet-casino-uzbekistan.com,https://mostbet-casino-uz.com/,200,Mostbet UZ ᐉ Mostbet bukmekerlik O'zbekistonda kirish [2024],98,11,17,,,sdakwoqp1azzzz.top,19
mostbet-casino-win.com,https://mostbet-casino-win.com/,200,Mostbet onlayn kazino və idman mərcləri platforması,80,16,1,,,,4
mostbet-casino-win777.top,https://casino-vavada-win777w.top/,200,VAVADA Online Casino | Вход,0,6,1,,,getruvada.com,3
mostbet-casino.art,https://jusorun1.com/,200,주소가자,0,38,101,,,,25
mostbet-casino.az,http://mostbet-casino.az/,200,Domain parked by Instra,3,0,4,,,,2
mostbet-casino.br.com,http://mostbet-casino.br.com/,200,,0,0,8,,,,6
mostbet-casino.co,https://mostbet-casino.co/,200,404 - Page Not Found,0,0,0,thin_page,,,0
mostbet-casino.cz,https://www.mecenas.cz/,200,Nejlepší online sázení a casino - Mecenas.cz - Mecenas.cz,0,102,6,,,,8
mostbet-casino.hu,https://pontmagazin.hu/a-magyar-igaming-piac-szabalyozasi-valosaga-kartyavar-vagy-bastya/,200,A magyar iGaming-piac szabályozási valósága - Kártyavár vagy bástya? - Pontmagazin,0,22,10,,,,6
mostbet-casino.icu,https://www.mostbet-casino.icu/,200,,0,0,4,,,,2
mostbet-casino.me,https://www.mostbet-casino.me/,200,,0,0,4,,,,2
mostbet-casino.org,https://mostbet-casino.org/,200,"Mostbet ᐉ Mostbet Casino Online [2026], Sports Betting and Games",200,16,2,,,q9m1x4v3b.top,3
mostbet-casino.ro,http://www.mostbet-casino.ro,200,,1,2,1,thin_page,,,1
mostbet-casino1.com.pl,https://mostbet-casino1.com.pl/,200,Mostbet Casino 2026: Oficjalny Portal Kasyna dla Polaków,58,31,3,,,registration-acc.site,4
mostbet-casino1.online,http://mostbet-casino1.online/,200,Parking Page,0,0,3,,,,3
mostbet-casino11.buzz,http://mostbet-casino11.buzz/,200,Parking Page,0,0,3,,,,3
mostbet-casino11.fun,http://mostbet-casino11.fun/,200,Parking Page,0,0,3,,,,3
mostbet-casino15.buzz,http://mostbet-casino15.buzz/,200,Parking Page,0,0,3,,,,3
mostbet-casino16.xyz,http://mostbet-casino16.xyz/,200,Parking Page,0,0,3,,,,3
mostbet-casino17.site,http://mostbet-casino17.site/,200,Parking Page,0,0,3,,,,3
mostbet-casino18.click,http://mostbet-casino18.click/,200,Parking Page,0,0,3,,,,3
mostbet-casino18.top,http://mostbet-casino18.top/,200,Parking Page,0,0,3,,,,3
mostbet-casino19.fun,http://mostbet-casino19.fun/,200,Parking Page,0,0,3,,,,3
mostbet-casino2.online,http://mostbet-casino2.online/,200,Parking Page,0,0,3,,,,3
mostbet-casino2025.com,https://www.mostbet-casino2025.com/,200,,0,0,4,,,,2
mostbet-casino2026.buzz,https://mostbet-casino2026.buzz/,200,"MostBet Казино — обзор, зеркало и бонусы 2026",129,19,2,,,,8
mostbet-casino2026.com,https://www.mostbet-casino2026.com/,200,,0,0,4,,,,2
mostbet-casino220.top,http://mostbet-casino220.top/,200,Parking Page,0,0,3,,,,2
mostbet-casino23.click,http://mostbet-casino23.click/,200,Parking Page,0,0,3,,,,3
mostbet-casino24.fun,http://mostbet-casino24.fun/,200,Parking Page,0,0,3,,,,3
mostbet-casino24.top,http://mostbet-casino24.top/,200,Parking Page,0,0,3,,,,3
mostbet-casino24x7h.top,https://vavada-casino24x7p.top/,200,VAVADA Casino - Вход / Регистрация - официальный сайт вавада,2,6,1,,,getruvada.com,2
mostbet-casino24x7o.top,https://vavada-casino24x7p.top/,200,VAVADA Casino - Вход / Регистрация - официальный сайт вавада,2,6,1,,,getruvada.com,2
mostbet-casino24x7p.top,https://vavada-casino24x7p.top/,200,VAVADA Casino - Вход / Регистрация - официальный сайт вавада,2,6,1,,,getruvada.com,2
mostbet-casino3.online,http://mostbet-casino3.online/,200,Parking Page,0,0,3,,,,3
mostbet-casino31.top,http://mostbet-casino31.top/,200,Parking Page,0,0,3,,,,3
mostbet-casino32.pro,http://mostbet-casino32.pro/,200,Parking Page,0,0,3,,,,3
mostbet-casino32.site,http://mostbet-casino32.site/,200,Parking Page,0,0,3,,,,3
mostbet-casino41.buzz,http://mostbet-casino41.buzz/,200,Parking Page,0,0,3,,,,3
mostbet-casino440.top,http://mostbet-casino440.top/,200,Parking Page,0,0,3,,,,2
mostbet-casino450.top,http://mostbet-casino450.top/,200,Parking Page,0,0,3,,,,2
mostbet-casino51.xyz,http://mostbet-casino51.xyz/,200,Parking Page,0,0,3,,,,3
mostbet-casino54.top,http://mostbet-casino54.top/,200,Parking Page,0,0,3,,,,3
mostbet-casino7.online,http://mostbet-casino7.online/,200,Parking Page,0,0,3,,,,3
mostbet-casino7.xyz,http://mostbet-casino7.xyz/,200,Parking Page,0,0,3,,,,3
mostbet-casino72.top,http://mostbet-casino72.top/,200,Parking Page,0,0,3,,,,3
mostbet-casino77.pro,http://mostbet-casino77.pro/,200,Parking Page,0,0,3,,,,3
mostbet-casino7775.buzz,https://mostbet-casino7775.buzz/,200,"Mostbet Casino — обзор бренда, зеркало и вход 2025",165,26,2,,https://mostbet-casino7775.buzz/mostbet-bonusy-za-registratsiyu-mostbet-os1-xyz/ https://mostbet-casino7775.buzz/mostbet-bonus-za-registratsiyu/ https://mostbet-casino7775.buzz/mostbet-lichnyy-kabinet/,,12
mostbet-casino7788.buzz,https://mostbet-casino7788.buzz/,200,"Mostbet казино — обзор, бонусы и вход в личный кабинет",153,26,2,,https://mostbet-casino7788.buzz/mostbet-ofitsialnaya-bukmekerskaya-kontora-russkiy-zerkalo/ https://mostbet-casino7788.buzz/mostbet-ofitsialnyy-promokod/,,10
mostbet-casino8.online,http://mostbet-casino8.online/,200,Parking Page,0,0,3,,,,3
mostbet-casino8.site,http://mostbet-casino8.site/,200,Parking Page,0,0,3,,,,3
mostbet-casino83.fun,http://mostbet-casino83.fun/,200,Parking Page,0,0,3,,,,3
mostbet-casino88.cfd,http://mostbet-casino88.cfd/,200,Parking Page,0,0,3,,,,3
mostbet-casino9.online,http://mostbet-casino9.online/,200,Parking Page,0,0,3,,,,3
mostbet-casinobd.com,https://www.mostbet-casinobd.com/?from=@,200,,0,0,4,,,,2
mostbet-casinobet.cz,https://mostbet-casinobet.cz/,200,,0,1,0,thin_page,,,1
mostbet-casinogirisi.live,https://www.mostbet-casinogirisi.live/,200,,0,0,4,,,,2
mostbet-casinons.cyou,https://mostbet-casinons.cyou/,200,MostBet Portugal — Casino Online e Apostas com Bónus,140,5,0,,,ujhnh8zb.top,2
mostbet-casinopl2025.ink,http://mostbet-casinopl2025.ink/,200,,0,0,8,,,,6
mostbet-casinos-registration.cfd,https://mostbet-casinos-registration.cfd/,200,Coming Soon,0,0,0,thin_page,,,0
mostbet-casinos-registration.top,https://mostbet-casinos-registration.top/,200,Coming Soon,0,0,0,thin_page,,,0
mostbet-casinouz.com,https://mostbet-casinouz.com/,200,Success!,0,0,0,thin_page,,,0
mostbet-casinoz.cz,https://www.mostbet-casinoz.cz/,200,MostBet Casino CZ - Oficiální přihlášení a exkluzivní bonusy,94,10,1,,,serffigylqrdkh.help,1
mostbet-cassino.top,https://mostbet-cassino.top/,200,Your domain is expired,0,0,7,,,,7
mostbet-cazino.cz,http://www.mostbet-cazino.cz,200,,1,2,1,thin_page,,,1
mostbet-cda.top,https://mostbet-cda.top/,200,Coming Soon,0,0,0,thin_page,,,0
mostbet-ceska.cz,https://mostbet-ceska.cz/,200,Mostbet Oficiální | 125% až Kč800 + 40 FS,95,3,3,,,,2
mostbet-ci7f7.top,https://mostbet-ci7f7.top/,200,Mostbet-ci7f7.top,5,1,13,,,,11
mostbet-cki40.sbs,https://mostbet-cki40.sbs/,200,,0,0,0,thin_page,,,0
mostbet-cl.org,https://www.mostbet-cl.org/?from=@,200,,0,0,4,,,,2
mostbet-club-eg.com,http://mostbet-club-eg.com/,200,Parking Page,0,0,3,,,,2
mostbet-club-kz.com,http://mostbet-club-kz.com/,200,Parking Page,0,0,3,,,,2
mostbet-club.kz,https://mostbet-club.kz/,200,"Обзор правил, ставок и выплат на Мостбет для игроков",71,16,1,,,,4
mostbet-club.net,http://mostbet-club.net/,200,,0,0,8,,,,6
mostbet-club.org,http://mostbet-club.org/,200,,0,0,8,,,,6
mostbet-cm.org,https://mostbet-cm.org/,200,Amunra Casino bonus – hry a rychlé výběry pro hráče z Česka,0,1,0,,,,0
mostbet-code.com,https://mostbet-code.com/,200,Обзор и особенности ставок на Мостбет для игроков,68,15,1,,,s4a8d2f7g.top,5
mostbet-com.com,https://mostbet-com.com/,200,Mostbet official website | Sportsbook and casino online,60,2,3,,,lkbb.cc,3
mostbet-cpq19.sbs,https://occlusometer-82.xyz/ryQCCs?sub_id_2=318,200,,0,0,0,thin_page,,,0
mostbet-cr.com,https://mostbet-cr.com/,200,Welcome to nginx!,0,0,2,,,,2
mostbet-crash.kz,https://mostbet-crash.kz/,200,Обзор работы и условий ставок на Мостбет для игроков,81,15,2,,,s4a8d2f7g.top,6
mostbet-cz-bk.net,http://mostbet-cz-bk.net/,200,Parking Page,0,0,8,,,,7
mostbet-cz-kasino.com,https://mostbet-cz-kasino.com/,200,"MostBet Casino 2026: Bonusy, Hry a Rychlé Výplaty",61,1,1,,,,0
mostbet-cz-login.cz,https://solutionsmarkets.co/,200,HEBAT303 ## Link Alternatif Login dan Daftar Terbaru Lengkap Dengan Panduan Resmi,0,28,45,,https://solutionsmarkets.co/account/login,,17
mostbet-cz.casino,https://mostbet-cz.casino/,200,"MostBet Casino 2026: Bonusy, Hry a Rychlé Výplaty",61,1,1,,,,0
mostbet-cz.fun,https://mostbet-cz.fun/,200,Site Under Construction,0,0,0,thin_page,,,0
mostbet-cz.live,http://mostbet-cz.live/,200,,0,0,8,,,,6
mostbet-cz.online,https://mostbet-cz.online/,200,Site Under Construction,0,0,0,thin_page,,,0
mostbet-cz.top,https://mostbet-cz.top/,200,Index of /,0,5,0,,,,0
mostbet-czech-republic.com,http://mostbet-czech-republic.com/,200,Parking Page,0,0,8,,,,7
mostbet-czech.com,https://www.mostbet-czech.com/?from=@,200,,0,0,4,,,,2
mostbet-dcl.lol,https://occlusometer-82.xyz/ryQCCs?sub_id_2=318,200,,0,0,0,thin_page,,,0
mostbet-dd.top,https://mostbet-dd.top/,200,Coming Soon,0,0,0,thin_page,,,0
mostbet-ddognp1.top,https://mostbet-ddognp1.top/,200,Website is ready. The content is to be added,0,0,0,thin_page,,,0
mostbet-de-club.de,https://mostbet-de-club.de/info.php,200,realtime.at - Domain catched,0,0,1,,,,1
mostbet-de.com.de,https://mostbet-de.com.de/,200,Mostbet Offizielle Webseite | 200% bis zu 800 € + 100 FS Inklusive,90,3,3,,,,2
mostbet-deals.com,https://mostbet-deals.com/,200,Обзор условий ставок и выплат на Мостбет для игроков,73,15,1,,,,4
mostbet-deposit.com,https://mostbet-deposit.com/,200,Обзор ставок и условий игры на платформе Мостбет,70,15,1,,,,4
mostbet-dfg34.com,https://mostbet-dfg34.com/,200,Казино Мостбет - официальный сайт | Регистрация и вход,37,2,2,,,traffic-conversionforge.com,2
mostbet-dgjmie.top,https://mostbet-dgjmie.top/,200,Website is ready. The content is to be added,0,0,0,thin_page,,,0
mostbet-dk.bet,https://www.mostbet-dk.bet/,200,,0,0,4,,,,2
mostbet-dk.click,http://mostbet-dk.click/,200,,0,0,8,,,,6
mostbet-download-apk-kz.com,https://mostbet-download-apk-kz.com/,200,Success!,0,0,0,thin_page,,,0
mostbet-download-ar.com,https://mostbet-download-ar.com/,200,,0,0,0,thin_page,,,0
mostbet-download-kz.com,https://mostbet-download-kz.com/,200,,0,0,0,thin_page,,,0
mostbet-ecuador.com,http://www.mostbet-ecuador.com,200,,1,2,1,thin_page,,,1
mostbet-ecuador.ec,http://www.mostbet-ecuador.ec,200,,1,2,1,thin_page,,,1
mostbet-eg-club.com,http://mostbet-eg-club.com/,200,Parking Page,0,0,3,,,,2
mostbet-eg-win.com,http://mostbet-eg-win.com/,200,Parking Page,0,0,3,,,,2
mostbet-egp.com,https://www.mostbet-egp.com/?from=@,200,,0,0,4,,,,2
mostbet-egypt-bet.com,http://mostbet-egypt-bet.com/,200,Parking Page,0,0,3,,,,2
mostbet-eknxhh.top,https://mostbet-eknxhh.top/,200,Website is ready. The content is to be added,0,0,0,thin_page,,,0
mostbet-elite.com,https://mostbet-elite.com/,200,Обзор условий ставок и выплат в Мостбет для игроков,72,15,1,,,,4
mostbet-erv.top,https://mostbet-erv.top/ru/ru/ru/ru/ru/ru/ru/ru/ru/,200,Mostbet / Мостбет — рабочее зеркало сегодня,113,1,6,,,dice-zone-use.com,6
mostbet-eu.com,https://mostbet-eu.com/,200,,1,0,0,thin_page,,,0
mostbet-fcthrq1.top,https://mostbet-fcthrq1.top/,200,Website is ready. The content is to be added,0,0,0,thin_page,,,0
mostbet-fev.buzz,https://mostbet-fev.buzz/,200,Website is ready. The content is to be added,0,0,0,thin_page,,,0
mostbet-fgh24.com,https://mostbet-fgh24.com/,200,Welcome to nginx!,0,0,2,,,,2
mostbet-fgh48.com,https://mostbet-fgh48.com/,200,Казино Мостбет — играть на деньги в слоты онлайн | Mostbet Casino,44,2,1,,,traffic-conversionforge.com,2
mostbet-fiu97.sbs,https://occlusometer-82.xyz/ryQCCs?sub_id_2=318,200,,0,0,0,thin_page,,,0
mostbet-fryvip1.top,https://mostbet-fryvip1.top/,200,Website is ready. The content is to be added,0,0,0,thin_page,,,0
mostbet-fswp42.top,https://mostbet-fswp42.top/,200,,0,0,0,thin_page,,,0
mostbet-g2cdoz8.top,https://www.mostbet-g2cdoz8.top/?from=@,200,,0,0,4,,,,2
mostbet-gamble.com,https://mostbet-gamble.com/,200,"Mostbet Casino Polska – Bonus Powitalny, Gry i Rejestracja",261,28,2,,,f8m3p6qz.top,2
mostbet-game-azerbaijan.com,https://mostbet-game-azerbaijan.com/,200,,0,1,0,thin_page,,,1
mostbet-games-in.com,http://mostbet-games-in.com/,200,Parking Page,0,0,3,,,,2
mostbet-games-play.org,https://www.mostbet-games-play.org/,200,,0,0,4,,,,2
mostbet-games.com,https://mostbet-games.com/,200,Mostbet Casino Türkiye Giriş,26,3,0,,,,1
mostbet-gaming-play.com,https://mostbet-gaming-play.com/,200,MostBet Casino – Play Online in India with Bonuses MostBet,296,27,2,,https://mostbet-gaming-play.com/play,,2
mostbet-gbenhz.top,https://mostbet-gbenhz.top/,200,Website is ready. The content is to be added,0,0,0,thin_page,,,0
mostbet-gdwwqj.top,https://mostbet-gdwwqj.top/,200,Website is ready. The content is to be added,0,0,0,thin_page,,,0
mostbet-ge-club.com,http://mostbet-ge-club.com/,200,Parking Page,0,0,3,,,,2
mostbet-ge.net,http://mostbet-ge.net/,200,Registrant WHOIS contact information verification | Namecheap.com,0,0,9,,,,5
mostbet-germany.com,http://mostbet-germany.com/,200,SpaceWeb,0,2,10,,,,12
mostbet-ges9.cfd,https://mostbet-ges9.cfd/,200,,0,0,0,thin_page,,,0
mostbet-gh.net,https://mostbet-gh.net/,200,Amunra Casino bonus – hry a rychlé výběry pro hráče z Česka,0,1,0,,,,0
mostbet-ghj15.com,https://mostbet-ghj15.com/,200,"Мостбет казино: регистрация, бонусы и игровые автоматы | Mostbet Casino",42,2,1,,,traffic-conversionforge.com,2
mostbet-giris-casino.com,https://www.mostbet-giris-casino.com/?from=@,200,,0,0,4,,,,2
mostbet-giris-tr.com,https://www.mostbet-giris-tr.com/,200,,0,0,4,,,,2
mostbet-giris-turkey.vip,https://mostbet-giris-turkey.vip/,200,Index of /,0,6,0,,,,0
mostbet-giris.xyz,https://www.mostbet-giris.xyz/?from=@,200,,0,0,4,,,,2
mostbet-girisi.info,https://www.mostbet-girisi.info/?from=@,200,,0,0,4,,,,2
mostbet-giriss.com,http://mostbet-giriss.com/,200,Parking Page,0,0,3,,,,2
mostbet-giriss.ink,https://mostbet-giriss.ink/,200,Mostbet — Ən Etibarlı Onlayn Kazino və Bukmeker Azərbaycanda,61,15,2,,,bncsmany.top,1
mostbet-glzqcv.top,https://mostbet-glzqcv.top/,200,Website is ready. The content is to be added,0,0,0,thin_page,,,0
mostbet-gogo.biz,http://mostbet-gogo.biz/,200,,0,0,8,,,,6
mostbet-gracpolska.click,https://mostbet-gracpolska.click/,200,Welcome to nginx!,0,0,2,,,,2
mostbet-gracpolska.life,https://mostbet-gracpolska.life/,200,Welcome to nginx!,0,0,2,,,,2
mostbet-gsr7.cfd,https://mostbet-gsr7.cfd/,200,,0,0,0,thin_page,,,0
mostbet-gueogq.top,https://mostbet-gueogq.top/,200,Website is ready. The content is to be added,0,0,0,thin_page,,,0
mostbet-guncel-giris.org,https://luckypari-ru.cc/,200,LuckyPari Casino — официальный сайт ЛакиПари,0,16,4,,https://luckypari-ru.cc/registration/ https://luckypari-ru.cc/download/,cpartners.pro,9
mostbet-guru.com,https://www.mostbet-guru.com/,200,,0,0,4,,,,2
mostbet-hcmblg.top,https://mostbet-hcmblg.top/,200,Website is ready. The content is to be added,0,0,0,thin_page,,,0
mostbet-hcmblg2.top,https://mostbet-hcmblg2.top/,200,Website is ready. The content is to be added,0,0,0,thin_page,,,0
mostbet-heg.online,https://mostbet-heg.online/,200,mostbet-heg.online,9,0,11,,,,10
mostbet-heg.ru,https://mostbet-heg.ru/,200,mostbet-heg.ru,9,0,11,,,,10
mostbet-hesab.com,https://mostbet-hesab.com/,200,Mostbet onlayn kazino və idman mərcləri platforması,86,16,1,,,s4a8d2f7g.top,5
mostbet-hesab.net,https://mostbet-hesab.net/,200,Mostbet onlayn kazino və idman mərcləri platforması,87,16,1,,,,4
mostbet-hfewqz.top,https://mostbet-hfewqz.top/,200,Website is ready. The content is to be added,0,0,0,thin_page,,,0
mostbet-hfewqz1.top,https://mostbet-hfewqz1.top/,200,Website is ready. The content is to be added,0,0,0,thin_page,,,0
mostbet-hfewqz2.top,https://mostbet-hfewqz2.top/,200,Website is ready. The content is to be added,0,0,0,thin_page,,,0
mostbet-hjuumw1.top,https://mostbet-hjuumw1.top/,200,Website is ready. The content is to be added,0,0,0,thin_page,,,0
mostbet-hu.com,https://mostbet.sport.hu/,200,,0,0,0,thin_page,,,0
mostbet-hu.org,https://mostbet-hu.org/,200,We'll Be Back Soon,2,0,0,thin_page,,,0
mostbet-hun.bet,http://mostbet-hun.bet/,200,Parking Page,0,0,3,,,,3
mostbet-hun.com,https://www.akereskedo.com/,200,AKERESKEDŐ,0,341,2,,,,0
mostbet-hun.jp.net,https://mostbet-hun.jp.net/,200,"Mostbet Online ✔️ Regisztráció, bónuszok és alkalmazás Magyarországon",148,11,4,,,serffigdmlzkrl.help,2
mostbet-hungarian.com,https://www.mostbet-hungarian.com/?from=@,200,,0,0,4,,,,2
mostbet-hungary-bejelentkezes.ink,http://mostbet-hungary-bejelentkezes.ink/,200,Parking Page,0,0,3,,,,3
mostbet-hungary.casino,http://mostbet-hungary.casino/,200,Parking Page,0,0,8,,,,7
mostbet-hungary.hu,http://mostbet-hungary.hu/,200,Parking Page,0,0,8,,,,7
mostbet-hungary.jp.net,https://mostbet-hungary.jp.net/,200,MostBet ✔️ regisztráció és bejelentkezés a hivatalos oldalon,90,10,2,,,serffigdmlzkrl.help,2
mostbet-idjgjz.top,https://mostbet-idjgjz.top/,200,Website is ready. The content is to be added,0,0,0,thin_page,,,0
mostbet-idpvun.top,https://mostbet-idpvun.top/,200,Website is ready. The content is to be added,0,0,0,thin_page,,,0
mostbet-idpvun1.top,https://mostbet-idpvun1.top/,200,Website is ready. The content is to be added,0,0,0,thin_page,,,0
mostbet-igambling.com,https://mostbet-igambling.com/,200,"Mostbet Casino w Polsce - Gry, Bonusy i Zakłady",277,27,2,,,j4t9d2vb.top,2
mostbet-ihw6az4.buzz,https://occlusometer-82.xyz/ryQCCs?sub_id_2=318,200,,0,0,0,thin_page,,,0
mostbet-ilrewv1.top,https://mostbet-ilrewv1.top/,200,Website is ready. The content is to be added,0,0,0,thin_page,,,0
mostbet-ind-club.com,http://mostbet-ind-club.com/,200,Parking Page,0,0,3,,,,2
mostbet-indi-game.com,http://mostbet-indi-game.com/,200,Parking Page,0,0,3,,,,2
mostbet-indi.com,http://mostbet-indi.com/,200,Parking Page,0,0,3,,,,2
mostbet-india-site.com,http://mostbet-india-site.com/,200,Parking Page,0,0,3,,,,2
mostbet-india.com,http://mostbet-india.com/,200,SpaceWeb,0,2,10,,,,12
mostbet-india.pro.in,http://mostbet-india.pro.in/,200,Parking Page,0,0,8,,,,7
mostbet-indiabet.com,http://mostbet-indiabet.com/,200,Parking Page,0,0,3,,,,2
mostbet-indibet.com,http://mostbet-indibet.com/,200,Parking Page,0,0,3,,,,2
mostbet-indir-android.ink,https://www.viapublication.com/bonus200-azmostbet,200,"MostBet — rəsmi vebsayt, kazino və Mostbet AZ-da bonuslar",236,29,2,,https://www.viapublication.com/play,,2
mostbet-indir-az.org,https://mostbet-indir-az.org/,200,Attention Required! | Cloudflare,1,0,1,,,,0
mostbet-indonesia.com,http://mostbet-indonesia.com/,200,SpaceWeb,0,2,10,,,,12
mostbet-info-uz.com,https://www.mostbet-info-uz.com/?from=@,200,,0,0,4,,,,2
mostbet-info.com,https://mostbet-info.com/,200,Parked Domain name on Hostinger DNS system,0,0,6,,,,6
mostbet-info.hu,http://www.mostbet-info.hu,200,,1,2,1,thin_page,,,1
mostbet-install.kz,https://mostbet-install.kz/,200,Обзор Мостбет стратегии ставок и полезные советы,83,15,1,,,,4
mostbet-ios-apk.com,https://mostbet-ios-apk.com/,200,Mostbet onlayn kazino və idman mərcləri platforması,96,16,1,,,,4
mostbet-ios.com,https://mostbet-ios.com/,200,Mostbet qumar platforması və oyun qaydaları,97,17,1,,,s4a8d2f7g.top,5
mostbet-ios.org,https://mostbet-ios.org/,200,Mostbet mərc və kazino platformasının icmalı,86,16,1,,,s4a8d2f7g.top,5
mostbet-iprizm1.top,https://mostbet-iprizm1.top/,200,Website is ready. The content is to be added,0,0,0,thin_page,,,0
mostbet-iprizm2.top,https://mostbet-iprizm2.top/,200,Website is ready. The content is to be added,0,0,0,thin_page,,,0
mostbet-iprizm3.top,https://mostbet-iprizm3.top/,200,Website is ready. The content is to be added,0,0,0,thin_page,,,0
mostbet-iran.org,https://www.mostbet-iran.org/,200,,0,0,4,,,,2
mostbet-ireland.org,https://mostbet-ireland.org/,200,Amunra Casino bonus – hry a rychlé výběry pro hráče z Česka,0,1,0,,,,0
mostbet-italia.com,http://mostbet-italia.com/,200,SpaceWeb,0,2,10,,,,12
mostbet-italy.com,http://mostbet-italy.com/,200,SpaceWeb,0,2,10,,,,12
mostbet-iwrijv.top,https://mostbet-iwrijv.top/,200,Website is ready. The content is to be added,0,0,0,thin_page,,,0
mostbet-jackpot.kz,https://mostbet-jackpot.kz/,200,Обзор платформы Мостбет особенности ставок и вывода средств,72,15,1,,,s4a8d2f7g.top,5
mostbet-jssfsk.top,https://mostbet-jssfsk.top/,200,Website is ready. The content is to be added,0,0,0,thin_page,,,0
mostbet-jssfsk1.top,https://mostbet-jssfsk1.top/,200,Website is ready. The content is to be added,0,0,0,thin_page,,,0
mostbet-jwzbro.top,https://mostbet-jwzbro.top/,200,Website is ready. The content is to be added,0,0,0,thin_page,,,0
mostbet-kabwqv.top,https://mostbet-kabwqv.top/,200,Website is ready. The content is to be added,0,0,0,thin_page,,,0
mostbet-kashan.top,https://mostbet-kashan.top/,200,Install App,1,0,0,,,,0
mostbet-kasina-prihlaseni.cz,https://mostbet-kasina-prihlaseni.cz/,200,Mostbet: Špičková Zábava a Sportovní Sázení,90,16,2,,,,2
mostbet-kasina.cz,https://mostbet-kasina.cz/,200,Mostbet - Nejlepší Sázky a Bonusy pro Vás,69,16,2,,,s4a8d2f7g.top,3
mostbet-kasino.com,https://mostbet-kasino.com/,200,mostbet-kasino.com｜FANZA作品レビュー・ジャンル分析・公式サンプル確認ガイド,236,77,21,,,,21
mostbet-kasino.pl,https://mostbet-kasino.pl/,200,Mostbet Casino Polska 2026: Odbierz Bonus i Wypłać w 5 Min (BLIK),37,4,3,,,3o1.org,3
mostbet-kasyno-aplikacja.pl,https://mostbet-kasyno-aplikacja.pl/,200,Mostbet - Twoje Centrum Rozrywki i Zakładów Sportowych,64,15,1,,,,0
mostbet-kasyno-vip.pl,https://mostbet-kasyno-vip.pl/,200,Mostbet - Twoje Miejsce na Emocje i Rozrywkę,58,11,1,,,,1
mostbet-kasyno.net.pl,https://mostbet-kasyno.net.pl/,200,Aftermarket.eu :: domain mostbet-kasyno.net.pl,4,0,13,,,,13
mostbet-kasynopl.live,https://mostbet-kasynopl.live/,200,Welcome to nginx!,0,0,2,,,,2
mostbet-kaszino.org,http://mostbet-kaszino.org/,200,Parking Page,0,0,3,,,,3
mostbet-kazah.com,http://mostbet-kazah.com/,200,Parking Page,0,0,3,,,,2
mostbet-kazahstan.com,https://www.mostbet-kazahstan.com/,200,,0,0,4,,,,2
mostbet-kazak.com,http://mostbet-kazak.com/,200,Parking Page,0,0,3,,,,2
mostbet-kazakhstan.com,https://www.mostbet-kazakhstan.com/?from=@,200,,0,0,4,,,,2
mostbet-kazakhstan.us.com,https://mostbet-kazakhstan.us.com/,200,Site Under Construction,0,0,0,thin_page,,,0
mostbet-kazakhstans.com,http://mostbet-kazakhstans.com/,200,Parking Page,0,0,3,,,,2
mostbet-kazino-2025.cc,http://mostbet-kazino-2025.cc/,200,,0,0,8,,,,6
mostbet-kazino-2025.ink,https://mostbet-kazino-2025.ink/,200,,0,0,8,,,,6
mostbet-kazino-az.ink,http://mostbet-kazino-az.ink/,200,,0,0,8,,,,6
mostbet-kazino-az.live,http://mostbet-kazino-az.live/,200,,0,0,8,,,,6
mostbet-kazino-az.online,http://mostbet-kazino-az.online/,200,,0,0,8,,,,6
mostbet-kazino-az.vip,http://mostbet-kazino-az.vip/,200,,0,0,8,,,,6
mostbet-kazino-online.ink,http://mostbet-kazino-online.ink/,200,,0,0,8,,,,6
mostbet-kazino-online.vip,http://mostbet-kazino-online.vip/,200,,0,0,8,,,,6
mostbet-kazino-uz.top,https://mostbet-kazino-uz.top/,200,Mostbet UZ — rasmiy sayt va online casino imkoniyatlari,101,2,0,,,8ewbp4jwxz.top,1
mostbet-kazino-uz1.top,https://mostbet-kazino-uz1.top/,200,Mostbet UZ — rasmiy sayt va online casino imkoniyatlari,101,2,0,,,8ewbp4jwxz.top,1
mostbet-kazino1.com,https://mostbet-kazino1.com/,200,"Casino X - официальный сайт, зеркало, бонусы и игры в 2026 году",0,3,9,,,,3
mostbet-kazino2025.mobi,https://sc88111.com/,200,SC88 Link ✅️ Trang Chủ Mới Nhất Tại Việt Nam ⭐️2026⭐️,0,39,18,,,,14
mostbet-kazinoaz-2025.vip,https://mostbet-kazinoaz-2025.vip/,200,,0,0,8,,,,6
mostbet-kazinoaz-2025.xyz,https://mostbet-kazinoaz-2025.xyz/,200,,0,0,8,,,,6
mostbet-kazinoaz.ink,http://mostbet-kazinoaz.ink/,200,,0,0,8,,,,6
mostbet-kazinoaz2025.art,http://mostbet-kazinoaz2025.art/,200,,0,0,8,,,,6
mostbet-kazinoaz2025.xyz,https://mostbet-kazinoaz2025.xyz/,200,,0,0,8,,,,6
mostbet-kazyno-polska.net.pl,https://mostbet-kazyno-polska.net.pl/,200,Aftermarket.eu :: domain mostbet-kazyno-polska.net.pl,4,0,13,,,,13
mostbet-ke.ke,https://mostbet-ke.ke/,200,Amunra Casino bonus – hry a rychlé výběry pro hráče z Česka,0,1,0,,,,0
mostbet-kenya.co.ke,https://mostbet-kenya.co.ke/,200,MostBet Kenya - What the Country of Residence Sets,29,12,2,,,,1
mostbet-kenya.net,https://mostbet-kenya.net/,200,Amunra Casino bonus – hry a rychlé výběry pro hráče z Česka,0,1,0,,,,0
mostbet-kg.online,http://mostbet-kg.online/,200,Your domain is expired,0,0,7,,,,7
mostbet-kg.org,https://mostbet-kg.org/,200,Mostbet KG | Официальный сайт Мостбет Кыргызстан,65,8,5,,,,3
mostbet-kick.ru,https://vh344.timeweb.ru/parking/?ref=mostbet-kick.ru,200,Домен припаркован в Timeweb,0,2,40,,,timeweb.com,25
mostbet-kirish-uz.com,https://mostbet-kirish-uz.com/,200,"Mostbet UZ Ro'yxatdan o'tish, Ilova va 4 000 000 UZS gacha bonus",129,12,3,,,,2
mostbet-kjqiyo.top,https://mostbet-kjqiyo.top/,200,Website is ready. The content is to be added,0,0,0,thin_page,,,0
mostbet-know.top,https://mostbet-know.top/,200,Coming Soon,0,0,0,thin_page,,,0
mostbet-kwame.top,https://mostbet-kwame.top/,200,Install the App,1,0,0,,,,0
mostbet-kylkuq1.top,https://mostbet-kylkuq1.top/,200,Website is ready. The content is to be added,0,0,0,thin_page,,,0
mostbet-kyrgyzia.org,http://mostbet-kyrgyzia.org/,200,Parking Page,0,0,3,,,,2
mostbet-kz-login.online,https://mostbet-kz-login.online/,200,Our new website is in progress,0,0,0,thin_page,,,0
mostbet-kz-site.us.com,https://mostbet-kz-site.us.com/,200,Site Under Construction,0,0,0,thin_page,,,0
mostbet-kz-vkhod.online,http://mostbet-kz-vkhod.online/,200,Parked Domain name on Hostinger DNS system,0,0,6,,,,6
mostbet-kz.site,https://www.mostbet-kz.site/?from=@,200,,0,0,4,,,,2
mostbet-kz.web.id,https://mostbet-kz.web.id/,200,Site is created successfully!,0,0,0,,,,0
mostbet-kzh.com,https://mostbet-kzh.com/,200,,0,0,0,thin_page,,,0
mostbet-kzhstn.com,http://mostbet-kzhstn.com/,200,Parking Page,0,0,3,,,,2
mostbet-links.vip,http://mostbet-links.vip/,200,Parking Page,0,0,3,,,,3
mostbet-live-bet.com,https://mostbet-live-bet.com/,200,Mostbet mərc platforması və kazino oyunları bələdçisi,98,17,1,,,s4a8d2f7g.top,5
mostbet-live.net,https://mostbet-live.net/,200,Mostbet bahis və kazinoda oyun təcrübəsi və qaydaları,82,17,1,,,,4
mostbet-lka.com,http://mostbet-lka.com/,200,Parking Page,0,0,3,,,,2
mostbet-login-in.com,http://mostbet-login-in.com/,200,NameBright - Coming Soon,1,0,1,thin_page,,,1
mostbet-login-pt.com,http://mostbet-login-pt.com/,200,Parking Page,0,0,8,,,,7
mostbet-lou.online,https://mostbet-lou.online/,200,mostbet-lou.online,9,0,11,,,,10
mostbet-lou.ru,https://mostbet-lou.ru/,200,mostbet-lou.ru,9,0,11,,,,10
mostbet-lq.top,https://mostbet-lq.top/,200,Coming Soon,0,0,0,thin_page,,,0
mostbet-lqocho.top,https://mostbet-lqocho.top/,200,Website is ready. The content is to be added,0,0,0,thin_page,,,0
mostbet-luxury.com,https://pinup-doorway.com/,200,Pinup casino eksklüziv oyunları və qeydiyyat üçün pin up bonusları ilə,0,53,2,,,,0
mostbet-magnolia.ru,https://mostbet-magnolia.ru/,200,Index of /,0,5,0,,,,0
mostbet-magyar.bet,https://mostbet-magyar.bet/,200,Az oldal nem elérhető,0,0,0,,,,0
mostbet-magyarorszag.com,https://www.mostbet-magyarorszag.com/?from=@,200,,0,0,4,,,,2
mostbet-malaysia.org,https://mostbet-malaysia.org/,200,Az oldal nem elérhető,0,0,0,,,,0
mostbet-mexico.com,https://stephenking.es/,200,Mejores Casas de Apuestas 2026: Casas de Apuestas DGOJ,0,26,2,,,,1
mostbet-mirror.space,https://shopentheogen5.space/about/,200,CARITOGEL > APK Toto Togel Online And Slot Gacor Terpercaya dengan Fitur Lengkap & Bonus Promo Mingguan Setiap hari begitu Fantastis,0,9,148,,,,25
mostbet-mobil.com,https://mostbet-mobil.com/,200,Mostbet qumar saytı haqqında qaydalar və qeydiyyat,88,16,1,,,,4
mostbet-mobil.net,https://mostbet-mobil.net/,200,Mostbet qumar saytının icmalı və oyun bölmələri,89,17,1,,,s4a8d2f7g.top,5
mostbet-mobil.org,https://mostbet-mobil.org/,200,Mostbet qumar platforması üzrə qeydiyyat və giriş,87,16,1,,,,4
mostbet-mobile-apk.ru,https://mostbet-mobile-apk.ru/,200,Welcome,0,0,0,thin_page,,,0
mostbet-mobile-site.com,https://mostbet-mobile-site.com/,200,We’re getting ready to launch,0,0,0,thin_page,,,0
mostbet-mobile.cz,https://www.mostbet-mobile.cz/,200,Mostbet Casino ✅ Oficiální webová stránka kasina MostBet CZ,147,9,1,,,serffigylqrdkh.help,1
mostbet-mobile.net,https://mostbet-mobile.net/,200,Mostbet mərc və kazino oyunları haqqında məlumat,91,16,1,,,s4a8d2f7g.top,5
mostbet-mobile3-amp.ru,https://mostbet-mobile3-amp.ru/,200,БК Мостбет: официальный сайт и рабочее зеркало Mostbet,41,2,0,,,onxpromototal.com,1
mostbet-mobile55-amp.ru,https://mostbet-mobile55-amp.ru/,200,Mostbet Casino официальный сайт с бонусами 150% и 250 FS,47,1,0,,,onxpromototal.com,1
mostbet-mobile57-amp.ru,https://mostbet-mobile57-amp.ru/,200,Mostbet Casino (Мостбет Казино) 🎰 Официальный сайт и рабочее зеркало,79,1,0,,,dashplay37.com,1
mostbet-mobile59-amp.ru,https://mostbet-mobile59-amp.ru/,200,Мостбет Казино — вход на официальный сайт и рабочее зеркало Mostbet,16,1,2,,,dashplay37.com,2
mostbet-mobile60-amp.ru,https://mostbet-mobile60-amp.ru/,200,Mostbet Casino 🎰 — Мостбет Казино: официальный сайт онлайн-казино с бонусами 💎,21,1,2,,,dashplay37.com,2
mostbet-mobile61-amp.ru,https://mostbet-mobile61-amp.ru/,200,Мостбет официальный сайт | Рабочее зеркало Mostbet Casino на сегодня,20,1,2,,,dashplay37.com,2
mostbet-mobile62-amp.ru,https://mostbet-mobile62-amp.ru/,200,"Мостбет ᐉ Официальный сайт Казино Mostbet| Промокоды, бонусы",18,1,2,,,dashplay37.com,2
mostbet-mobile63-amp.ru,https://mostbet-mobile63-amp.ru/,200,Mostbet Casino (Мостбет Казино) 🎰 Официальный сайт и рабочее зеркало,20,1,2,,,dashplay37.com,2
mostbet-mobile64-amp.ru,https://mostbet-mobile64-amp.ru/,200,Мостбет Казино официальный сайт | Регистрация и вход в Mostbet,19,1,2,,,dashplay37.com,2
mostbet-mobile66-amp.ru,https://mostbet-mobile66-amp.ru/,200,Мостбет официальный сайт: Mostbet Casino и рабочее зеркало,36,1,0,,,onxpromototal.com,1
mostbet-mobile86-amp.ru,https://mostbet-mobile86-amp.ru/,200,Мостбет официальный сайт: Mostbet Casino и рабочее зеркало,36,1,0,,,onxpromototal.com,1
mostbet-moroc.com,http://mostbet-moroc.com/,200,Parking Page,0,0,3,,,,2
mostbet-mosbet-azerbaycan.com,https://www.mostbet-mosbet-azerbaycan.com/,200,,0,0,4,,,,2
mostbet-most-bet-bet.life,https://www.mostbet-most-bet-bet.life/,200,,0,0,4,,,,2
mostbet-most-bet-bet2.life,https://www.mostbet-most-bet-bet2.life/,200,,0,0,4,,,,2
mostbet-most-bet.life,https://www.mostbet-most-bet.life/,200,,0,0,4,,,,2
mostbet-mst.top,https://mostbet-mst.top/,200,Coming Soon,0,0,0,thin_page,,,0
mostbet-mstbt.com,http://mostbet-mstbt.com/,200,Parking Page,0,0,3,,,,2
mostbet-mxvrlf1.top,https://mostbet-mxvrlf1.top/,200,Website is ready. The content is to be added,0,0,0,thin_page,,,0
mostbet-nepal.bet,https://mostbet-nepal.bet/,200,Mostbet Nepal | Best Official Betting and Casino Platform,20,2,0,,,,0
mostbet-news.ru,https://mostbet-news.ru/,200,Страница заблокирована по требованию Роскомнадзора или из-за нарушения правил хостинга!,0,0,38,,,,7
mostbet-ng.org,https://mostbet-ng.org/,200,Amunra Casino bonus – hry a rychlé výběry pro hráče z Česka,0,1,0,,,,0
mostbet-nigeria.com.ng,http://mostbet-nigeria.com.ng/,200,Parking Page,0,0,8,,,,7
mostbet-nigeria.net,https://mostbet-nigeria.net/,200,Amunra Casino bonus – hry a rychlé výběry pro hráče z Česka,0,1,0,,,,0
mostbet-nl.org,https://mostbet-nl.org/,200,Mostbet Officiële Website | 100% tot €2.000 + 75 FS,95,3,3,,,,2
mostbet-no.org,https://mostbet-no.org/,200,We'll Be Back Soon,2,0,0,thin_page,,,0
mostbet-nobmls.top,https://mostbet-nobmls.top/,200,Website is ready. The content is to be added,0,0,0,thin_page,,,0
mostbet-norway.com,http://mostbet-norway.com/,200,SpaceWeb,0,2,10,,,,12
mostbet-now.net,https://mostbet-now.net/,200,Mostbet App in Bangladesh | Guide for Android and iOS,126,4,3,,,,2
mostbet-np.net,https://mostbet-np.net/,200,Glory Casino Bangladesh 2025 | Play Slots & Live Games Online,71,3,5,,https://mostbet-np.net/go/,,4
mostbet-nrx.xyz,https://mostbet-nrx.xyz/ru/ru/ru/ru/ru/ru/ru/ru/ru/,200,Mostbet / Мостбет — рабочее зеркало сегодня,113,1,6,,,dice-zone-use.com,6
mostbet-ns12.top,https://mostbet-ns12.top/,200,Coming Soon,0,0,0,thin_page,,,0
mostbet-nublit.top,https://mostbet-nublit.top/,200,Website is ready. The content is to be added,0,0,0,thin_page,,,0
mostbet-obzor-casino.online,https://mostbet-obzor-casino.online/,200,mostbet-obzor-casino.online,9,0,11,,,,10
mostbet-offer.com,https://mostbet-offer.com/,200,Обзор сайта Мостбет правила ставок и выплаты выигрышей,71,15,1,,,s4a8d2f7g.top,5
mostbet-official-az.org,https://mostbet-official-az.org/,200,Coming Soon,1,0,0,thin_page,,,0
mostbet-official-cz.ink,https://mostbet-official-cz.ink/,200,,0,1,0,thin_page,,,1
mostbet-official-kazino.com,http://mostbet-official-kazino.com/,200,,0,0,8,,,,6
mostbet-official-pl.com.pl,https://www.mostbet-official-pl.com.pl/,200,Mostbet Casino PL – oficjalna strona w Polsce,263,25,2,,,epcrbvpkrts.top,1
mostbet-official.buzz,https://mostbet-official.buzz/,200,,0,0,8,,,,6
mostbet-official777.ru,https://mostbet-official777.ru/,200,Website is ready. The content is to be added,0,0,0,thin_page,,,0
mostbet-official779.ru,https://mostbet-official779.ru/,200,Website is ready. The content is to be added,0,0,0,thin_page,,,0
mostbet-official783.ru,https://mostbet-official783.ru/,200,Website is ready. The content is to be added,0,0,0,thin_page,,,0
mostbet-officialsite.click,https://mostbet-officialsite.click/,200,Welcome to nginx!,0,0,2,,,,2
mostbet-officialsite.com,https://mostbet-officialsite.com/,200,Welcome to nginx!,0,0,2,,,,2
mostbet-officialsite.site,https://mostbet-officialsite.site/,200,Welcome to nginx!,0,0,2,,,,2
mostbet-officialsites.click,https://mostbet-officialsites.click/,200,Welcome to nginx!,0,0,2,,,,2
mostbet-officialslot.click,https://mostbet-officialslot.click/,200,Welcome to nginx!,0,0,2,,,,2
mostbet-officialslots.click,https://mostbet-officialslots.click/,200,Welcome to nginx!,0,0,2,,,,2
mostbet-ojkmtj.top,https://mostbet-ojkmtj.top/,200,Website is ready. The content is to be added,0,0,0,thin_page,,,0
mostbet-ojkmtj1.top,https://mostbet-ojkmtj1.top/,200,Website is ready. The content is to be added,0,0,0,thin_page,,,0
mostbet-online-az.it.com,https://mostbet-online-az.it.com/,200,Coming Soon,1,0,0,thin_page,,,0
mostbet-online-aze.ink,http://mostbet-online-aze.ink/,200,Parking Page,0,0,3,,,,3
mostbet-online-game.net,https://yeahstub.com/,200,Mostbet – A legjobb online kaszinó Magyarországon a Mostbet,177,27,2,,https://yeahstub.com/play,,2
mostbet-online-game.org,https://mostbet-online-game.org/,200,Mostbet mərc platforması haqqında ətraflı icmal,82,16,1,,,s4a8d2f7g.top,5
mostbet-online-kasino.cz,https://mostbet-online-kasino.cz/,200,Sázky a Výhry s Mostbet: Vaše Šance na Výhru,92,21,3,,,s4a8d2f7g.top,8
mostbet-online-ru.com,https://monument-rzn.ru/,200,"Анлим — Unlim Casino | Официальный сайт, зеркало и быстрая регистрация 2026",0,4,2,,,,1
mostbet-online.bet,https://sol-bet.net/,200,"Solbet Perú: Qué es Solbet, Casa de Apuestas Online - Sol Bet Com Oficial",0,18,4,,,,5
mostbet-online.net,http://mostbet-online.net/,200,SpaceWeb,0,2,10,,,,12
mostbet-online.online,https://www.mostbet-online.online/,200,,0,0,4,,,,2
mostbet-online.ru,https://mostbet-online.ru/,200,Домен не прилинкован ни к одной из директорий на сервере!,0,0,41,,,,10
mostbet-online11.fun,http://mostbet-online11.fun/,200,Parking Page,0,0,3,,,,3
mostbet-online12.xyz,http://mostbet-online12.xyz/,200,Parking Page,0,0,3,,,,3
mostbet-onlinetr.top,https://mostbet-onlinetr.top/,200,"Mostbet Türkiye 2026 – Giriş, Casino ve Bahis",279,30,2,,,ihtnudfkafdt.top,3
mostbet-original.kz,https://mostbet-original.kz/,200,Сайт заблокирован хостинг-провайдером,0,7,38,,,,7
mostbet-original.org,https://mostbet-original.org/8fd2f1d1-ba12-481c-8d77-ce18285cc79e/ios/pl/?lead_info=bGVhZF91dWlkPWJlZTc5MjRjLTRlMTUtNGNmZC05MzgwLTlhNjFlM2FhODVmMyZvcz1tYWNPUyZsYW5ndWFnZT1lbi1VUyZvZmZlcl91cmw9aHR0cHM6Ly9hcGV0cmFmZi5jb20vY2xpY2s_a2V5PTg5ZmY5ZThkZjMwNDQ2MTc4NGI2MzBhZDY3NWNhNDIxJmxlYWRfaWQ9YmVlNzkyNGMtNGUxNS00Y2ZkLTkzODAtOWE2MWUzYWE4NWYzJnN1YjE9e3N1YjF9JnN1YjI9e3N1YjJ9JnN1YjM9e3N1YjN9JnN1YjQ9e3N1YjR9JnN1YjU9e3N1YjV9JnN1YjY9e3N1YjZ9JnN1Yjc9e3N1Yjd9JnN1Yjg9e3N1Yjh9JnN1Yjk9e3N1Yjl9JnN1YjEwPWJlZTc5MjRjLTRlMTUtNGNmZC05MzgwLTlhNjFlM2FhODVmMyZ0cmFjZV9pZD1kOWMyNDU5Ni0zZGE3LTRiNDUtOTMwYi0yYjRkODZiMTg4YWE&is_webview=false&pixel=&fbclid=,200,Mostbet,18,0,1,,,,0
mostbet-ottawa.com,https://mostbet-ottawa.com/,200,,0,1,0,thin_page,,,1
mostbet-over.vip,http://mostbet-over.vip/,200,Parking Page,0,0,3,,,,3
mostbet-pakistan.net,https://www.mostbet-pakistan.net/?from=@,200,,0,0,4,,,,2
mostbet-pakistan.tech,https://mostbet-pakistan.tech/,200,Mostbet Login Pakistan - sports betting casino | Bonus and download APK,220,4,15,,,w4sq2xb2k1x6.top,2
mostbet-pay.com,https://mostbet-pay.com/,200,Обзор сервиса Мостбет правила ставок и возможности игры,77,15,1,,,,4
mostbet-pchvfk.top,https://mostbet-pchvfk.top/,200,Website is ready. The content is to be added,0,0,0,thin_page,,,0
mostbet-pe.net,http://mostbet-pe.net/,200,Parking Page,0,0,8,,,,7
mostbet-per.com,http://mostbet-per.com/,200,Parking Page,0,0,3,,,,3
mostbet-peru.pe,http://mostbet-peru.pe/,200,Future home of mostbet-peru.pe,16,0,17,,,,14
mostbet-pez.online,https://mostbet-pez.online/,200,mostbet-pez.online,9,0,11,,,,10
mostbet-pez.ru,https://mostbet-pez.ru/,200,mostbet-pez.ru,9,0,11,,,,10
mostbet-pfwnoi.top,https://mostbet-pfwnoi.top/,200,Website is ready. The content is to be added,0,0,0,thin_page,,,0
mostbet-pfwnoi1.top,https://mostbet-pfwnoi1.top/,200,Website is ready. The content is to be added,0,0,0,thin_page,,,0
mostbet-philippines.org,https://mostbet-philippines.org/,200,Amunra Casino bonus – hry a rychlé výběry pro hráče z Česka,0,1,0,,,,0
mostbet-pion.ru,https://mostbet-pion.ru/,200,Mostbet-pion.ru,5,1,13,,,,11
mostbet-pk-app.com,https://www.mostbet-pk-app.com/?from=@,200,,0,0,4,,,,2
mostbet-pk-casino.info,https://mostbet-pk-casino.info/,200,Mostbet Live Sports Betting Bonuses and Fast Payouts,106,21,1,,,,4
mostbet-pk-casino.online,https://mostbet-pk-casino.online/,200,Mostbet Live Betting Sportsbook and Casino,99,19,1,,,,4
mostbet-pk-casino.org,https://mostbet-pk-casino.org/,200,Mostbet Live Betting Bonuses Fast Payouts,96,21,1,,,s4a8d2f7g.top,5
mostbet-pk-casino.site,https://mostbet-pk-casino.site/,200,Mostbet Live Sports Betting Top Odds Quick Payouts,110,20,1,,,,3
mostbet-pk.biz,https://mostbet-pk.biz/,200,Mostbet Betting Odds Casino Bonuses Live Games,103,20,1,,,,4
mostbet-pk.click,https://mostbet-pk.click/,200,Mostbet Live Betting: Online Casino with Bonuses and Payouts,92,20,1,,,s4a8d2f7g.top,4
mostbet-pk.info,https://mostbet-pk.info/,200,Mostbet Live Betting Odds and Fast Payouts,95,20,1,,,s4a8d2f7g.top,5
mostbet-pk.link,https://mostbet-pk.link/,200,Mostbet Live Bets Casino Bonuses and Fast Payouts,100,20,1,,,,3
mostbet-pk.net,http://www.mostbet-pk.net/,200,Welcome to mostbet-pk.net,10,5,2,,,,2
mostbet-pk.org,https://mostbet-pk.org/,200,MostBet PK — Pakistan's Premier Sports Betting & Casino Hub,20,15,1,,,,0
mostbet-pk.pro,https://mostbet-pk.pro/,200,Mostbet Sports Betting and Casino Bonuses Today,110,20,1,,,s4a8d2f7g.top,4
mostbet-pk.store,https://mostbet-pk.store/,200,Mostbet Best Odds Live Bets and Casino,112,20,1,,,,3
mostbet-pkr.com,https://www.mostbet-pkr.com/?from=@,200,,0,0,4,,,,2
mostbet-pl-bonus.space,http://mostbet-pl-bonus.space/,200,,0,0,8,,,,6
mostbet-pl-casino.com.pl,https://mostbet-pl-casino.com.pl/,200,Mostbet Polska Oficjalne Kasyno i Zakłady Sportowe Online,74,51,0,,,,15
mostbet-pl.casino,http://mostbet-pl.casino/,200,Parking Page,0,0,8,,,,7
mostbet-pl.com.pl,https://mostbet-pl.com.pl/,200,"Mostbet Oficjalna strona  | Do zł2,000 + 500 darmowych spinów",93,3,3,,,,2
mostbet-pl.digital,https://mostbet-pl.digital/,200,,0,0,0,thin_page,,,0
mostbet-pl.ink,http://mostbet-pl.ink/,200,,0,0,8,,,,6
mostbet-pl.live,https://mostbet-pl.live/,200,Mostbet Casino PL 2026 | Oficjalne Kasyno Online - Bonus 4300 PLN + 100 FS,6,1,2,,,,1
mostbet-pl.ru,http://mostbet-pl.ru/,200,,1,0,0,thin_page,,,0
mostbet-pl.waw.pl,https://mostbet-pl.waw.pl/,200,Site is under construction,0,0,0,thin_page,,,0
mostbet-pl.xyz,https://mostbet-pl.xyz/,200,Mostbet Casino PL 2026 | Oficjalne Kasyno Online - Bonus 4300 PLN + 100 FS,6,1,0,,,,0
mostbet-pl27.online,https://mostbet-pl27.online/,200,mostbet-pl27.online,18,1,3,,,,1
mostbet-play-amp.website,http://mostbet-play-amp.website/,200,,0,0,8,,,,6
mostbet-play-bd.com,http://mostbet-play-bd.com/,200,Parking Page,0,0,3,,,,2
mostbet-play-online.com,https://mostbet-play-online.com/,200,Mostbet mərc platforması icmalı və istifadəçi təhlili,101,16,1,,,s4a8d2f7g.top,5
mostbet-play-online.org,https://mostbet-play-online.org/,200,Mostbet mərc və kazino xidmətlərinin qiymətləndirilməsi,85,16,1,,,,4
mostbet-play.biz,http://mostbet-play.biz/,200,,0,0,8,,,,6
mostbet-play1.top,http://mostbet-play1.top/,200,Parking Page,0,0,3,,,,3
mostbet-play24.online,http://mostbet-play24.online/,200,Parking Page,0,0,3,,,,3
mostbet-play27.xyz,http://mostbet-play27.xyz/,200,Parking Page,0,0,3,,,,3
mostbet-play3.click,http://mostbet-play3.click/,200,Parking Page,0,0,3,,,,3
mostbet-play33.top,http://mostbet-play33.top/,200,Parking Page,0,0,3,,,,3
mostbet-pls.com,https://www.mostbet-pls.com/,200,,0,0,4,,,,2
mostbet-po.top,https://mostbet-po.top/,200,Coming Soon,0,0,0,thin_page,,,0
mostbet-poker.com,https://mostbet-poker.com/,200,SpaceWeb,0,2,10,,,,12
mostbet-pol.jp.net,https://mostbet-pol.jp.net/,200,"MostBet Polska 🎲 Logowanie, Rejestracja, Bonusy & Promo Code",119,10,1,,,serffigrcqufssefv.help,1
mostbet-poland.jp.net,https://mostbet-poland.jp.net/,200,"MostBet Polska 🇵🇱 Kasyno Online – Logowanie, Aplikacja, Bonusy & Opinie",132,11,1,,,serffigrcqufssefv.help,1
mostbet-polska-bonus.cfd,https://mostbet-polska-bonus.cfd/,200,,0,0,0,thin_page,,,0
mostbet-polska-kasyno.space,https://mostbet-polska-kasyno.space/,200,,0,0,8,,,,6
mostbet-polska-win.online,https://mostbet-polska-win.online/,200,Mostbest — Online Casino & Sports Betting | €500 Welcome Bonus + 250 FS,0,2,0,,,,0
mostbet-polska.ink,http://mostbet-polska.ink/,200,,0,0,8,,,,6
mostbet-polska.live,http://mostbet-polska.live/,200,,0,0,8,,,,6
mostbet-polska.online,http://mostbet-polska.online/,200,,0,0,8,,,,6
mostbet-polska.ru,http://mostbet-polska.ru/,200,,1,0,0,thin_page,,,0
mostbet-polskagrac.click,https://mostbet-polskagrac.click/,200,Welcome to nginx!,0,0,2,,,,2
mostbet-polskagrac.life,https://mostbet-polskagrac.life/,200,Welcome to nginx!,0,0,2,,,,2
mostbet-portugal.games,https://mostbet-portugal.games/,200,MostBet Portugal — Casino Online e Apostas com Bónus,138,4,0,,,ujhnh8zb.top,2
mostbet-portugal1.com,https://www.mostbet-portugal1.com/?from=@,200,,0,0,4,,,,2
mostbet-premium.com,https://mostbet-premium.com/,200,Обзор функций и правил ставок на Мостбет для игроков,65,16,1,,,,4
mostbet-premium.kz,https://mostbet-premium.kz/,200,Мостбет обзор ставок подробные правила и выплаты,72,15,1,,,,4
mostbet-premium.org,https://mostbet-premium.org/,200,Mostbet mərc və kazino platforması icmalı və qaydaları,89,16,1,,,,4
mostbet-promo-code.com,https://mostbet-promo-code.com/,200,Обзор сервиса ставок Мостбет и руководство по использованию,73,16,1,,,,4
mostbet-promo.com,https://mostbet-promo.com/,200,Welcome to nginx!,0,0,2,,,,2
mostbet-promo.kz,https://mostbet-promo.kz/,200,Подробный обзор Мостбет ставок и спортивных линий,70,15,1,,,s4a8d2f7g.top,5
mostbet-pt.info,https://www.mostbet-pt.info/,200,,0,0,4,,,,2
mostbet-pt.net,https://www.mostbet-pt.net/,200,,0,0,4,,,,2
mostbet-pt.online,https://www.mostbet-pt.online/,200,,0,0,4,,,,2
mostbet-pt.org,https://www.mostbet-pt.org/,200,,0,0,4,,,,2
mostbet-pt.pt,https://mostbet-pt.pt/,200,Future home of mostbet-pt.pt,16,0,17,,,,14
mostbet-pt.site,http://mostbet-pt.site/,200,,0,0,8,,,,6
mostbet-pt.xyz,https://www.mostbet-pt.xyz/,200,,0,0,4,,,,2
mostbet-pv.top,https://mostbet-pv.top/,200,Coming Soon,0,0,0,thin_page,,,0
mostbet-qbbgpi1.top,https://mostbet-qbbgpi1.top/,200,Website is ready. The content is to be added,0,0,0,thin_page,,,0
mostbet-qe26.top,https://mostbet-qe26.top/,200,Coming Soon,0,0,0,thin_page,,,0
mostbet-qeuyqu.top,https://mostbet-qeuyqu.top/,200,Website is ready. The content is to be added,0,0,0,thin_page,,,0
mostbet-qexaar.top,https://mostbet-qexaar.top/,200,Website is ready. The content is to be added,0,0,0,thin_page,,,0
mostbet-qeydiyyat-online.com,https://mostbet-qeydiyyat-online.com/,200,Big things will be here soon,0,0,0,thin_page,,,0
mostbet-qjaiex.top,https://mostbet-qjaiex.top/,200,Website is ready. The content is to be added,0,0,0,thin_page,,,0
mostbet-qjaiex1.top,https://mostbet-qjaiex1.top/,200,Website is ready. The content is to be added,0,0,0,thin_page,,,0
mostbet-qluhhy.top,https://mostbet-qluhhy.top/,200,Website is ready. The content is to be added,0,0,0,thin_page,,,0
mostbet-qr.buzz,https://mostbet-qr.buzz/,200,Website is ready. The content is to be added,0,0,0,thin_page,,,0
mostbet-qr25.top,https://mostbet-qr25.top/,200,Coming Soon,0,0,0,thin_page,,,0
mostbet-qs15.top,https://mostbet-qs15.top/,200,Coming Soon,0,0,0,thin_page,,,0
mostbet-qtx75.sbs,https://occlusometer-82.xyz/ryQCCs?sub_id_2=318,200,,0,0,0,thin_page,,,0
mostbet-rabochee.top,https://mostbet-rabochee.top/,200,Мостбет — рабочее зеркало и вход на официальный сайт,15,3,2,,https://mostbet-rabochee.top/go/,,1
mostbet-rating-casino7.top,https://mostbet-rating-casino8.top/,200,Мостбет ᐉ Официальный сайт БК Mostbet | Зеркало рабочее,156,1,1,,,a8qbwd9m19.top,1
mostbet-rating-casino8.top,https://mostbet-rating-casino8.top/,200,Мостбет ᐉ Официальный сайт БК Mostbet | Зеркало рабочее,156,1,1,,,a8qbwd9m19.top,1
mostbet-recenzja-pl.sbs,https://mostbet-recenzja-pl.sbs/,200,,0,0,0,thin_page,,,0
mostbet-reg.top,https://mostbet-reg.top/,200,Coming Soon,0,0,0,thin_page,,,0
mostbet-register.net,https://mostbet-register.net/,200,Mostbet qumar platforması icmalı və qeydiyyat,82,16,1,,,,4
mostbet-registrace.cz,https://mostbet-registrace.cz/,200,Nejlepší zážitky ze sázení s Mostbet,83,15,1,,,s4a8d2f7g.top,2
mostbet-registration.cfd,https://mostbet-registration.cfd/,200,Coming Soon,0,0,0,thin_page,,,0
mostbet-registration.org,https://mostbet-registration.org/,200,FASTPANEL,0,0,1,,,,1
mostbet-resmi.net,https://mostbet-resmi.net/,200,Mostbet qumar platforması icmalı və qeydiyyat,91,16,1,,,,4
mostbet-resmi.org,https://mostbet-resmi.org/,200,Mostbet mərc platforması və oyunlar haqqında bələdçi,90,17,1,,,,4
mostbet-review-pt.bet,https://mostbet-review-pt.bet/,200,Mostbet Análise 2026: Avaliação Independente e Honesta do Casino | Mostbet Casino Review,116,26,6,,,,6
mostbet-review-pt.casino,https://mostbet-review-pt.casino/,200,Análise Mostbet 2026: Veredicto Honesto para Portugal | Review Mostbet PT,108,26,6,,,,6
mostbet-review-pt.com,https://mostbet-review-pt.com/,200,Mostbet Análise e Review: Avaliação do Casino 2026 | Mostbet Review PT,128,26,6,,,,6
mostbet-review-pt.net,https://mostbet-review-pt.net/,200,Mostbet Análise: Avaliação Completa do Casino em Portugal | Mostbet Review Portugal,161,26,6,,,,6
mostbet-rewards.com,https://mostbet-rewards.com/,200,Подробный обзор сайта Мостбет и руководство по ставкам,67,15,1,,,,4
mostbet-rewards.kz,https://mostbet-rewards.kz/,200,Подробный обзор ставок и правил на сайте Мостбет,73,15,2,,,,5
mostbet-rg23.com,https://mostbet-rg23.com/,200,"Мостбет казино — официальный сайт, регистрация, бонусы",35,2,1,,,traffic-conversionforge.com,2
mostbet-rg25.com,https://mostbet-rg25.com/,200,Welcome to nginx!,0,0,2,,,,2
mostbet-rg39.com,https://mostbet-rg39.com/,200,Welcome to nginx!,0,0,2,,,,2
mostbet-riu.lol,https://occlusometer-82.xyz/ryQCCs?sub_id_2=318,200,,0,0,0,thin_page,,,0
mostbet-rkn.top,https://mostbet-rkn.top/,200,Coming Soon,0,0,0,thin_page,,,0
mostbet-rnvteg.top,https://mostbet-rnvteg.top/,200,Website is ready. The content is to be added,0,0,0,thin_page,,,0
mostbet-rnvteg1.top,https://mostbet-rnvteg1.top/,200,Website is ready. The content is to be added,0,0,0,thin_page,,,0
mostbet-romania.ro,http://www.mostbet-romania.ro,200,,1,2,1,thin_page,,,1
mostbet-roulette.com,https://mostbet-roulette.com/,200,Обзор условий и ставок Мостбет для игроков в России,69,15,1,,,s4a8d2f7g.top,5
mostbet-ru.buzz,http://mostbet-ru.buzz/,200,Parking Page,0,0,3,,,,2
mostbet-ruo.online,https://mostbet-ruo.online/,200,mostbet-ruo.online,9,0,11,,,,10
mostbet-ruo.ru,https://mostbet-ruo.ru/,200,mostbet-ruo.ru,9,0,11,,,,10
mostbet-rus.com,https://mostbet-rus.com/,200,MOSTBET.COM - рабочее зеркало МОСТБЕТ и официальный сайт БК,70,18,5,,,,4
mostbet-rus23.site,https://mostbet-rus23.site/,200,mostbet-rus23.site,9,0,11,,,,10
mostbet-rus30.top,https://mostbet-rus30.top/,200,Coming Soon,0,0,0,thin_page,,,0
mostbet-ry.top,https://mostbet-ry.top/,200,Coming Soon,0,0,0,thin_page,,,0
mostbet-sbd.top,https://mostbet-sbd.top/ru/ru/ru/ru/ru/ru/ru/ru/ru/ru/ru/ru/ru/ru/,200,Mostbet / Мостбет — регистрация аккаунта,83,1,6,,,dice-zone-use.com,6
mostbet-se.bet,https://www.mostbet-se.bet/,200,,0,0,4,,,,2
mostbet-secure.com,https://mostbet-secure.com/,200,Welcome to nginx!,0,0,2,,,,2
mostbet-senegal.net,http://mostbet-senegal.net/,200,Parking Page,0,0,8,,,,7
mostbet-site-tr.top,https://mostbet-site-tr.top/,200,Mostbet giriş yaparak bonuslarla kazanmaya başla,84,2,0,,,4qkznks787s.top,1
mostbet-site.net,https://www.mostbet-site.net/?from=@,200,,0,0,4,,,,2
mostbet-site.org,https://mostbet-site.org/az/,200,"Mostbet AZ – qeydiyyat, giriş, bonuslar, tətbiqi yüklə & Aviator",73,1,5,,,,1
mostbet-site.top,https://mostbet-site.top/,200,Coming Soon,0,0,0,thin_page,,,0
mostbet-sites.ru,https://mostbet-sites.ru/,200,Домен не прилинкован ни к одной из директорий на сервере!,0,0,42,,,,11
mostbet-sk-online.com,http://mostbet-sk-online.com/,200,Parking Page,0,0,3,,,,2
mostbet-sk.bet,https://www.mostbet-sk.bet/,200,,0,0,4,,,,2
mostbet-slost-uz.com,http://mostbet-slost-uz.com/,200,Parking Page,0,0,3,,,,2
mostbet-slot-amp3.top,https://mostbet-slot-amp3.top/,200,Mostbet ᐉ Rasmiy Sayt – Most Bet Onlayn Tikish va Kazino,30,3,0,,,27k5c97v89.top,1
mostbet-slot44.online,http://mostbet-slot44.online/,200,Parking Page,0,0,3,,,,3
mostbet-slots.best,http://mostbet-slots.best/,200,Parking Page,0,0,3,,,,3
mostbet-slots.cfd,http://mostbet-slots.cfd/,200,Parking Page,0,0,3,,,,3
mostbet-slots.click,http://mostbet-slots.click/,200,Parking Page,0,0,3,,,,3
mostbet-slots.net,https://mostbet-slots.net/,200,Mostbet mərc və kazino xidmətləri üzrə icmal bələdçisi,80,16,1,,,,4
mostbet-slots.online,https://www.mostbet-slots.online/,200,,0,0,4,,,,2
mostbet-slots.site,http://mostbet-slots.site/,200,Parking Page,0,0,3,,,,3
mostbet-slotsua.com,http://mostbet-slotsua.com/,200,Parking Page,0,0,3,,,,2
mostbet-slovakia.com,https://www.mostbet-slovakia.com/,200,,0,0,4,,,,2
mostbet-sn.net,https://mostbet-sn.net/,200,Amunra Casino bonus – hry a rychlé výběry pro hráče z Česka,0,1,0,,,,0
mostbet-sn.org,http://mostbet-sn.org/,200,Parking Page,0,0,8,,,,7
mostbet-south-africa.com,https://www.mostbet-south-africa.com/?from=@,200,,0,0,4,,,,2
mostbet-spin.kz,https://mostbet-spin.kz/,200,Обзор ставок и условий игры в Мостбет для новичков,71,15,1,,,s4a8d2f7g.top,5
mostbet-sports-lk.com,http://mostbet-sports-lk.com/,200,Parking Page,0,0,3,,,,2
mostbet-sportsbook.com,https://www.mostbet-sportsbook.com/?from=@,200,,0,0,4,,,,2
mostbet-sportwetten.com,https://ddisdehradun.com/,200,ANGKER77 Brick Breaker : 28 September 2026 | Main Gratis di HP & Browser,0,10,3,,,,1
mostbet-sportwetten.de,http://mostbet-sportwetten.de/,200,Parked Domain name on Hostinger DNS system,0,0,6,,,,6
mostbet-srf.top,https://mostbet-srf.top/,200,Coming Soon,0,0,0,thin_page,,,0
mostbet-srsbsl.top,https://mostbet-srsbsl.top/,200,Website is ready. The content is to be added,0,0,0,thin_page,,,0
mostbet-star.com,https://alaskahub.org/,200,"MABAR88 x ALASKA-HUB 々 Strategi Jitu, Kemenangan Telak, Realita Tersenyum",0,24,62,,,,25
mostbet-stavka.ru,https://mostbet-com.com/ru/,200,Mostbet официальный сайт | Онлайн букмекер и казино,60,2,3,,,lkbb.cc,3
mostbet-superbonus.com,http://mostbet-superbonus.com/,200,Parked Domain name on Hostinger DNS system,0,0,6,,,,6
mostbet-svpsoq.top,https://mostbet-svpsoq.top/,200,Website is ready. The content is to be added,0,0,0,thin_page,,,0
mostbet-switzerland.com,http://mostbet-switzerland.com/,200,SpaceWeb,0,2,10,,,,12
mostbet-t23.top,https://mostbet-t23.top/,200,Coming Soon,0,0,0,thin_page,,,0
mostbet-t33.top,https://mostbet-t33.top/,200,Coming Soon,0,0,0,thin_page,,,0
mostbet-t43.top,https://mostbet-t43.top/,200,Coming Soon,0,0,0,thin_page,,,0
mostbet-t67.top,https://mostbet-t67.top/,200,Coming Soon,0,0,0,thin_page,,,0
mostbet-tanzania.net,https://mostbet-tanzania.net/,200,Amunra Casino bonus – hry a rychlé výběry pro hráče z Česka,0,1,0,,,,0
mostbet-tanzania.org,http://mostbet-tanzania.org/,200,Parking Page,0,0,8,,,,7
mostbet-telegram.com,https://bwisc.org/,200,8XBET – Nhà Cái Uy Tín Hàng Đầu Châu Á 2026,0,54,23,,,,9
mostbet-there.top,https://mostbet-there.top/,200,Coming Soon,0,0,0,thin_page,,,0
mostbet-time.top,https://mostbet-time.top/,200,Coming Soon,0,0,0,thin_page,,,0
mostbet-tj.online,http://mostbet-tj.online/,200,Your domain is expired,0,0,7,,,,7
mostbet-tj27.com,https://mostbet-tj27.com/,200,Checking your browser...,0,0,0,,,,0
mostbet-tjj.online,https://mostbet-tjj.online/,200,mostbet-tjj.online,9,0,11,,,,10
mostbet-tjj.ru,https://mostbet-tjj.ru/,200,mostbet-tjj.ru,9,0,11,,,,10
mostbet-tmfvdu.top,https://mostbet-tmfvdu.top/,200,Website is ready. The content is to be added,0,0,0,thin_page,,,0
mostbet-tojik-reg.info,http://mostbet-tojik-reg.info/,200,Future home of mostbet-tojik-reg.info,16,0,17,,,,14
mostbet-top-bonus-v114.top,https://mostbet-top-bonus-v114.top/,200,Website is ready. The content is to be added,0,0,0,thin_page,,,0
mostbet-top-bonus-v116.top,https://mostbet-top-bonus-v116.top/,200,Website is ready. The content is to be added,0,0,0,thin_page,,,0
mostbet-top-bonus-v117.top,https://mostbet-top-bonus-v117.top/,200,Website is ready. The content is to be added,0,0,0,thin_page,,,0
mostbet-top-bonus-v118.top,https://mostbet-top-bonus-v118.top/,200,Website is ready. The content is to be added,0,0,0,thin_page,,,0
mostbet-toppk.com,https://www.mostbet-toppk.com/,200,Mostbet Login Pakistan - sports betting casino | Bonus and download APK,223,5,15,,,w4sq2xb2k1x6.top,2
mostbet-tplwes.top,https://mostbet-tplwes.top/,200,Website is ready. The content is to be added,0,0,0,thin_page,,,0
mostbet-tplwes1.top,https://mostbet-tplwes1.top/,200,Website is ready. The content is to be added,0,0,0,thin_page,,,0
mostbet-tr-giris1.ink,http://mostbet-tr-giris1.ink/,200,Parking Page,0,0,3,,,,3
mostbet-tr.net,https://mostbet-casino-uz.com/,200,Mostbet UZ ᐉ Mostbet bukmekerlik O'zbekistonda kirish [2024],98,11,17,,,sdakwoqp1azzzz.top,19
mostbet-tr.pro,http://mostbet-tr.pro/,200,,0,0,8,,,,6
mostbet-trky.com,http://mostbet-trky.com/,200,Parking Page,0,0,3,,,,2
mostbet-tsa.top,https://mostbet-tsa.top/,200,Coming Soon,0,0,0,thin_page,,,0
mostbet-tso.top,https://mostbet-tso.top/,200,Coming Soon,0,0,0,thin_page,,,0
mostbet-tstyhi.top,https://mostbet-tstyhi.top/,200,Website is ready. The content is to be added,0,0,0,thin_page,,,0
mostbet-turk21.com,https://mostbet-turk21.com/,200,,0,0,8,,,,6
mostbet-turkey-casino.com,https://www.mostbet-turkey-casino.com/,200,,0,0,4,,,,2
mostbet-turkey.com,https://www.mostbet-turkey.com/,200,,0,0,4,,,,2
mostbet-turkey.vip,https://mostbet-turkey.vip/,200,TR Crypto,0,5,0,,,,1
mostbet-turkey24.com,http://mostbet-turkey24.com/,200,Parking Page,0,0,3,,,,2
mostbet-turkie.com,https://www.mostbet-turkie.com/,200,,0,0,4,,,,2
mostbet-turkie.net,https://mostbet-turkie.net/,200,Success!,0,0,0,thin_page,,,0
mostbet-turkie.org,https://mostbet-turkie.org/,200,Success!,0,0,0,thin_page,,,0
mostbet-turkiye-bahis.com,https://www.mostbet-turkiye-bahis.com/?from=@,200,,0,0,4,,,,2
mostbet-turkiye.org,https://mostbet-casino-uz.com/,200,Mostbet UZ ᐉ Mostbet bukmekerlik O'zbekistonda kirish [2024],98,11,17,,,sdakwoqp1azzzz.top,19
mostbet-turkiye.store,http://mostbet-turkiye.store/,200,Parking Page,0,0,3,,,,3
mostbet-turkiyee.com,https://www.mostbet-turkiyee.com/?from=@,200,,0,0,4,,,,2
mostbet-turkmenistan.online,https://www.mostbet-turkmenistan.online/,200,,0,0,4,,,,2
mostbet-turkye.com,https://www.mostbet-turkye.com/,200,,0,0,4,,,,2
mostbet-tvw42.top,https://occlusometer-82.xyz/ryQCCs?sub_id_2=318,200,,0,0,0,thin_page,,,0
mostbet-tz.org,http://mostbet-tz.org/,200,Parking Page,0,0,8,,,,7
mostbet-uovtyk.top,https://mostbet-uovtyk.top/,200,Website is ready. The content is to be added,0,0,0,thin_page,,,0
mostbet-uovtyk1.top,https://mostbet-uovtyk1.top/,200,Website is ready. The content is to be added,0,0,0,thin_page,,,0
mostbet-usdt.top,https://mostbet-usdt.top/,200,Coming Soon,0,0,0,thin_page,,,0
mostbet-uu.top,https://mostbet-uu.top/,200,Coming Soon,0,0,0,thin_page,,,0
mostbet-uwothi1.top,https://mostbet-uwothi1.top/,200,Website is ready. The content is to be added,0,0,0,thin_page,,,0
mostbet-uy.xyz,https://mostbet-uy.xyz/,200,Coming Soon,0,0,0,thin_page,,,0
mostbet-uz-amp1.top,https://mostbet-uz-amp1.top/,200,Mostbet Uzbekistan yangi joriy kirish manzili 2026 yilda,7,1,0,,,kmqqpkxnlg.top,1
mostbet-uz-amp2.top,https://mostbet-uz-amp2.top/,200,Mostbet Uzbekistan yangi joriy kirish manzili 2026 yilda,7,1,0,,,kmqqpkxnlg.top,1
mostbet-uz-amp3.top,https://mostbet-uz-amp3.top/,200,Mostbet Uzbekistan yangi joriy kirish manzili 2026 yilda,7,1,0,,,kmqqpkxnlg.top,1
mostbet-uz-club.top,http://mostbet-uz-club.top/,200,Parking Page,0,0,3,,,,2
mostbet-uz-kirish-bet.com,https://www.mostbet-uz-kirish-bet.com/,200,,0,0,4,,,,2
mostbet-uz-kirish1.com,https://www.mostbet-uz-kirish1.com/,200,,0,0,4,,,,2
mostbet-uz-online.com,https://mostbet-casino-uz.com/,200,Mostbet UZ ᐉ Mostbet bukmekerlik O'zbekistonda kirish [2024],98,11,17,,,sdakwoqp1azzzz.top,19
mostbet-uz-online.xyz,https://mostbet-uz-online.xyz/,200,502 BAD GATEWAY,0,0,0,thin_page,,,0
mostbet-uz.blog,http://mostbet-uz.blog/,200,Your domain is expired,0,0,7,,,,7
mostbet-uz.top,https://www.mostbet-uz.top/?from=@,200,,0,0,4,,,,2
mostbet-uz2025.buzz,https://mostbet-uz2025.buzz/,200,"Mostbet Uz: Platformani korib chiqish, royxatdan otish va tizimga kirish jarayoni",13,1,0,,,,0
mostbet-uzb.bet,https://mostbetapk-uz.app/,200,,0,0,0,thin_page,,,0
mostbet-uzb.org,http://mostbet-uzb.org/,200,NameBright - Coming Soon,1,0,1,thin_page,,,1
mostbet-uzb90.com,https://www.mostbet-uzb90.com/?from=@,200,,0,0,4,,,,2
mostbet-uzbek.com,https://mostbet-uzbek.com/,200,OK,0,0,0,thin_page,,,0
mostbet-uzbekis.com,http://mostbet-uzbekis.com/,200,Parking Page,0,0,3,,,,2
mostbet-uzbekistan.net,https://mostbet-casino-uz.com/,200,Mostbet UZ ᐉ Mostbet bukmekerlik O'zbekistonda kirish [2024],98,11,17,,,sdakwoqp1azzzz.top,19
mostbet-uzbekistan.org,https://mostbet-casino-uz.com/,200,Mostbet UZ ᐉ Mostbet bukmekerlik O'zbekistonda kirish [2024],98,11,17,,,sdakwoqp1azzzz.top,19
mostbet-uzbk.com,http://mostbet-uzbk.com/,200,Parking Page,0,0,3,,,,3
mostbet-uzbs.com,http://mostbet-uzbs.com/,200,Parking Page,0,0,3,,,,2
mostbet-vab9.cfd,https://mostbet-vab9.cfd/,200,Coming Soon,0,0,0,thin_page,,,0
mostbet-vau7.cfd,https://mostbet-vau7.cfd/,200,Coming Soon,0,0,0,thin_page,,,0
mostbet-vav9.cfd,https://mostbet-vav9.cfd/,200,Coming Soon,0,0,0,thin_page,,,0
mostbet-vax7.cfd,https://mostbet-vax7.cfd/,200,Coming Soon,0,0,0,thin_page,,,0
mostbet-vba7.cfd,https://mostbet-vba7.cfd/,200,Coming Soon,0,0,0,thin_page,,,0
mostbet-vbe2.cfd,https://mostbet-vbe2.cfd/,200,Coming Soon,0,0,0,thin_page,,,0
mostbet-vbk8.cfd,https://mostbet-vbk8.cfd/,200,Coming Soon,0,0,0,thin_page,,,0
mostbet-vbt5.cfd,https://mostbet-vbt5.cfd/,200,Coming Soon,0,0,0,thin_page,,,0
mostbet-vbt8.cfd,https://mostbet-vbt8.cfd/,200,Coming Soon,0,0,0,thin_page,,,0
mostbet-vce9.cfd,https://mostbet-vce9.cfd/,200,Coming Soon,0,0,0,thin_page,,,0
mostbet-vcy6.cfd,https://mostbet-vcy6.cfd/,200,Coming Soon,0,0,0,thin_page,,,0
mostbet-vcy7.cfd,https://mostbet-vcy7.cfd/,200,Coming Soon,0,0,0,thin_page,,,0
mostbet-vda7.cfd,https://mostbet-vda7.cfd/,200,Coming Soon,0,0,0,thin_page,,,0
mostbet-vdj7.cfd,https://mostbet-vdj7.cfd/,200,Coming Soon,0,0,0,thin_page,,,0
mostbet-vds4.cfd,https://mostbet-vds4.cfd/,200,Coming Soon,0,0,0,thin_page,,,0
mostbet-vdw5.cfd,https://mostbet-vdw5.cfd/,200,Coming Soon,0,0,0,thin_page,,,0
mostbet-veb4.cfd,https://mostbet-veb4.cfd/,200,Coming Soon,0,0,0,thin_page,,,0
mostbet-ven6.cfd,https://mostbet-ven6.cfd/,200,Coming Soon,0,0,0,thin_page,,,0
mostbet-veo4.cfd,https://mostbet-veo4.cfd/,200,Coming Soon,0,0,0,thin_page,,,0
mostbet-ves3.cfd,https://mostbet-ves3.cfd/,200,Coming Soon,0,0,0,thin_page,,,0
mostbet-vfo5.cfd,https://mostbet-vfo5.cfd/,200,Coming Soon,0,0,0,thin_page,,,0
mostbet-vfr8.cfd,https://mostbet-vfr8.cfd/,200,Coming Soon,0,0,0,thin_page,,,0
mostbet-vfs3.cfd,https://mostbet-vfs3.cfd/,200,Coming Soon,0,0,0,thin_page,,,0
mostbet-vfv7.cfd,https://mostbet-vfv7.cfd/,200,Coming Soon,0,0,0,thin_page,,,0
mostbet-vg.top,https://mostbet-vg.top/,200,Coming Soon,0,0,0,thin_page,,,0
mostbet-vge5.cfd,https://mostbet-vge5.cfd/,200,Coming Soon,0,0,0,thin_page,,,0
mostbet-vgg5.cfd,https://mostbet-vgg5.cfd/,200,Coming Soon,0,0,0,thin_page,,,0
mostbet-vgk5.cfd,https://mostbet-vgk5.cfd/,200,Coming Soon,0,0,0,thin_page,,,0
mostbet-vgq5.cfd,https://mostbet-vgq5.cfd/,200,Coming Soon,0,0,0,thin_page,,,0
mostbet-vgu2.cfd,https://mostbet-vgu2.cfd/,200,Coming Soon,0,0,0,thin_page,,,0
mostbet-vgx4.cfd,https://mostbet-vgx4.cfd/,200,Coming Soon,0,0,0,thin_page,,,0
mostbet-vhekns.top,https://mostbet-vhekns.top/,200,Website is ready. The content is to be added,0,0,0,thin_page,,,0
mostbet-vhj6.cfd,https://mostbet-vhj6.cfd/,200,Coming Soon,0,0,0,thin_page,,,0
mostbet-vhk3.cfd,https://mostbet-vhk3.cfd/,200,Coming Soon,0,0,0,thin_page,,,0
mostbet-vho36.cam,https://occlusometer-82.xyz/ryQCCs?sub_id_2=318,200,,0,0,0,thin_page,,,0
mostbet-vhod.casino,https://mostbet-vhod.casino/,200,Мостбет официальный сайт | Mostbet казино зеркало рабочее,34,4,2,,,,3
mostbet-vhp5.cfd,https://mostbet-vhp5.cfd/,200,Coming Soon,0,0,0,thin_page,,,0
mostbet-vhp9.cfd,https://mostbet-vhp9.cfd/,200,Coming Soon,0,0,0,thin_page,,,0
mostbet-via8.cfd,https://mostbet-via8.cfd/,200,Coming Soon,0,0,0,thin_page,,,0
mostbet-vib6.cfd,https://mostbet-vib6.cfd/,200,Coming Soon,0,0,0,thin_page,,,0
mostbet-vih2.cfd,https://mostbet-vih2.cfd/,200,Coming Soon,0,0,0,thin_page,,,0
mostbet-vip.kz,https://mostbet-vip.kz/,200,Обзор практических аспектов ставок и выплат Мостбет,74,15,1,,,s4a8d2f7g.top,5
mostbet-vir.cfd,https://mostbet-vir.cfd/ru/ru/ru/ru/ru/ru/ru/ru/ru/,200,Mostbet / Мостбет — рабочее зеркало сегодня,113,1,6,,,dice-zone-use.com,6
mostbet-viz2.cfd,https://mostbet-viz2.cfd/,200,Coming Soon,0,0,0,thin_page,,,0
mostbet-viz7.cfd,https://mostbet-viz7.cfd/,200,Coming Soon,0,0,0,thin_page,,,0
mostbet-vjf4.cfd,https://mostbet-vjf4.cfd/,200,Coming Soon,0,0,0,thin_page,,,0
mostbet-vjn5.cfd,https://mostbet-vjn5.cfd/,200,Coming Soon,0,0,0,thin_page,,,0
mostbet-vkh5.cfd,https://mostbet-vkh5.cfd/,200,Coming Soon,0,0,0,thin_page,,,0
mostbet-vl.top,https://mostbet-vl.top/,200,Coming Soon,0,0,0,thin_page,,,0
mostbet-vlb2.cfd,https://mostbet-vlb2.cfd/,200,Coming Soon,0,0,0,thin_page,,,0
mostbet-vlh2.cfd,https://mostbet-vlh2.cfd/,200,Coming Soon,0,0,0,thin_page,,,0
mostbet-vli6.cfd,https://mostbet-vli6.cfd/,200,Coming Soon,0,0,0,thin_page,,,0
mostbet-vlr2.cfd,https://mostbet-vlr2.cfd/,200,Coming Soon,0,0,0,thin_page,,,0
mostbet-vlu1.cfd,https://mostbet-vlu1.cfd/,200,Coming Soon,0,0,0,thin_page,,,0
mostbet-vlu2.cfd,https://mostbet-vlu2.cfd/,200,Coming Soon,0,0,0,thin_page,,,0
mostbet-vlw6.cfd,https://mostbet-vlw6.cfd/,200,Coming Soon,0,0,0,thin_page,,,0
mostbet-vly2.cfd,https://mostbet-vly2.cfd/,200,Coming Soon,0,0,0,thin_page,,,0
mostbet-vmk8.cfd,https://mostbet-vmk8.cfd/,200,Coming Soon,0,0,0,thin_page,,,0
mostbet-vmr5.cfd,https://mostbet-vmr5.cfd/,200,Coming Soon,0,0,0,thin_page,,,0
mostbet-vmv1.cfd,https://mostbet-vmv1.cfd/,200,Coming Soon,0,0,0,thin_page,,,0
mostbet-vmy8.cfd,https://mostbet-vmy8.cfd/,200,Coming Soon,0,0,0,thin_page,,,0
mostbet-vna5.cfd,https://mostbet-vna5.cfd/,200,Coming Soon,0,0,0,thin_page,,,0
mostbet-vne5.cfd,https://mostbet-vne5.cfd/,200,Coming Soon,0,0,0,thin_page,,,0
mostbet-vnl8.cfd,https://mostbet-vnl8.cfd/,200,Coming Soon,0,0,0,thin_page,,,0
mostbet-vnw5.cfd,https://mostbet-vnw5.cfd/,200,Coming Soon,0,0,0,thin_page,,,0
mostbet-vod2.cfd,https://mostbet-vod2.cfd/,200,Coming Soon,0,0,0,thin_page,,,0
mostbet-vos5.cfd,https://mostbet-vos5.cfd/,200,Coming Soon,0,0,0,thin_page,,,0
mostbet-vpb3.cfd,https://mostbet-vpb3.cfd/,200,Coming Soon,0,0,0,thin_page,,,0
mostbet-vpg8.cfd,https://mostbet-vpg8.cfd/,200,Coming Soon,0,0,0,thin_page,,,0
mostbet-vpo1.cfd,https://mostbet-vpo1.cfd/,200,Coming Soon,0,0,0,thin_page,,,0
mostbet-vpr4.cfd,https://mostbet-vpr4.cfd/,200,Coming Soon,0,0,0,thin_page,,,0
mostbet-vpu4.cfd,https://mostbet-vpu4.cfd/,200,Coming Soon,0,0,0,thin_page,,,0
mostbet-vpwems.top,https://mostbet-vpwems.top/,200,Website is ready. The content is to be added,0,0,0,thin_page,,,0
mostbet-vqc3.cfd,https://mostbet-vqc3.cfd/,200,Coming Soon,0,0,0,thin_page,,,0
mostbet-vqm1.cfd,https://mostbet-vqm1.cfd/,200,Coming Soon,0,0,0,thin_page,,,0
mostbet-vqm7.cfd,https://mostbet-vqm7.cfd/,200,Coming Soon,0,0,0,thin_page,,,0
mostbet-vqq1.cfd,https://mostbet-vqq1.cfd/,200,Coming Soon,0,0,0,thin_page,,,0
mostbet-vqs4.cfd,https://mostbet-vqs4.cfd/,200,Coming Soon,0,0,0,thin_page,,,0
mostbet-vqt9.cfd,https://mostbet-vqt9.cfd/,200,Coming Soon,0,0,0,thin_page,,,0
mostbet-vrf5.cfd,https://mostbet-vrf5.cfd/,200,Coming Soon,0,0,0,thin_page,,,0
mostbet-vrg5.cfd,https://mostbet-vrg5.cfd/,200,Coming Soon,0,0,0,thin_page,,,0
mostbet-vrh3.cfd,https://mostbet-vrh3.cfd/,200,Coming Soon,0,0,0,thin_page,,,0
mostbet-vri2.cfd,https://mostbet-vri2.cfd/,200,Coming Soon,0,0,0,thin_page,,,0
mostbet-vrk6.cfd,https://mostbet-vrk6.cfd/,200,Coming Soon,0,0,0,thin_page,,,0
mostbet-vru2.cfd,https://mostbet-vru2.cfd/,200,Coming Soon,0,0,0,thin_page,,,0
mostbet-vrv5.cfd,https://mostbet-vrv5.cfd/,200,Coming Soon,0,0,0,thin_page,,,0
mostbet-vrz4.cfd,https://mostbet-vrz4.cfd/,200,Coming Soon,0,0,0,thin_page,,,0
mostbet-vsa1.cfd,https://mostbet-vsa1.cfd/,200,Coming Soon,0,0,0,thin_page,,,0
mostbet-vsd2.cfd,https://mostbet-vsd2.cfd/,200,Coming Soon,0,0,0,thin_page,,,0
mostbet-vsf1.cfd,https://mostbet-vsf1.cfd/,200,Coming Soon,0,0,0,thin_page,,,0
mostbet-vsk2.cfd,https://mostbet-vsk2.cfd/,200,Coming Soon,0,0,0,thin_page,,,0
mostbet-vsl4.cfd,https://mostbet-vsl4.cfd/,200,Coming Soon,0,0,0,thin_page,,,0
mostbet-vsl5.cfd,https://mostbet-vsl5.cfd/,200,Coming Soon,0,0,0,thin_page,,,0
mostbet-vsp7.cfd,https://mostbet-vsp7.cfd/,200,Coming Soon,0,0,0,thin_page,,,0
mostbet-vtg7.cfd,https://mostbet-vtg7.cfd/,200,Coming Soon,0,0,0,thin_page,,,0
mostbet-vtg9.cfd,https://mostbet-vtg9.cfd/,200,Coming Soon,0,0,0,thin_page,,,0
mostbet-vti7.cfd,https://mostbet-vti7.cfd/,200,Coming Soon,0,0,0,thin_page,,,0
mostbet-vtj3.cfd,https://mostbet-vtj3.cfd/,200,Coming Soon,0,0,0,thin_page,,,0
mostbet-vts2.cfd,https://mostbet-vts2.cfd/,200,Coming Soon,0,0,0,thin_page,,,0
mostbet-vtu9.cfd,https://mostbet-vtu9.cfd/,200,Coming Soon,0,0,0,thin_page,,,0
mostbet-vtw6.cfd,https://mostbet-vtw6.cfd/,200,Coming Soon,0,0,0,thin_page,,,0
mostbet-vty4.cfd,https://mostbet-vty4.cfd/,200,Coming Soon,0,0,0,thin_page,,,0
mostbet-vty8.cfd,https://mostbet-vty8.cfd/,200,Coming Soon,0,0,0,thin_page,,,0
mostbet-vu9.top,https://mostbet-vu9.top/,200,Coming Soon,0,0,0,thin_page,,,0
mostbet-vur7.cfd,https://mostbet-vur7.cfd/,200,Coming Soon,0,0,0,thin_page,,,0
mostbet-vuu3.cfd,https://mostbet-vuu3.cfd/,200,Coming Soon,0,0,0,thin_page,,,0
mostbet-vvd2.cfd,https://mostbet-vvd2.cfd/,200,Coming Soon,0,0,0,thin_page,,,0
mostbet-vvn6.cfd,https://mostbet-vvn6.cfd/,200,Coming Soon,0,0,0,thin_page,,,0
mostbet-vvr7.cfd,https://mostbet-vvr7.cfd/,200,Coming Soon,0,0,0,thin_page,,,0
mostbet-vvt4.cfd,https://mostbet-vvt4.cfd/,200,Coming Soon,0,0,0,thin_page,,,0
mostbet-vvt5.cfd,https://mostbet-vvt5.cfd/,200,Coming Soon,0,0,0,thin_page,,,0
mostbet-vwa9.cfd,https://mostbet-vwa9.cfd/,200,Coming Soon,0,0,0,thin_page,,,0
mostbet-vwc5.cfd,https://mostbet-vwc5.cfd/,200,Coming Soon,0,0,0,thin_page,,,0
mostbet-vwk2.cfd,https://mostbet-vwk2.cfd/,200,Coming Soon,0,0,0,thin_page,,,0
mostbet-vxa7.cfd,https://mostbet-vxa7.cfd/,200,Coming Soon,0,0,0,thin_page,,,0
mostbet-vxr4.cfd,https://mostbet-vxr4.cfd/,200,Coming Soon,0,0,0,thin_page,,,0
mostbet-vyf8.cfd,https://mostbet-vyf8.cfd/,200,Coming Soon,0,0,0,thin_page,,,0
mostbet-vyp4.cfd,https://mostbet-vyp4.cfd/,200,Coming Soon,0,0,0,thin_page,,,0
mostbet-vyr5.cfd,https://mostbet-vyr5.cfd/,200,Coming Soon,0,0,0,thin_page,,,0
mostbet-vyr7.cfd,https://mostbet-vyr7.cfd/,200,Coming Soon,0,0,0,thin_page,,,0
mostbet-vyu2.cfd,https://mostbet-vyu2.cfd/,200,Coming Soon,0,0,0,thin_page,,,0
mostbet-vyu9.cfd,https://mostbet-vyu9.cfd/,200,Coming Soon,0,0,0,thin_page,,,0
mostbet-vyx5.cfd,https://mostbet-vyx5.cfd/,200,Coming Soon,0,0,0,thin_page,,,0
mostbet-vzg7.cfd,https://mostbet-vzg7.cfd/,200,Coming Soon,0,0,0,thin_page,,,0
mostbet-vzj3.cfd,https://mostbet-vzj3.cfd/,200,Coming Soon,0,0,0,thin_page,,,0
mostbet-vzt6.cfd,https://mostbet-vzt6.cfd/,200,Coming Soon,0,0,0,thin_page,,,0
mostbet-vzu6.cfd,https://mostbet-vzu6.cfd/,200,Coming Soon,0,0,0,thin_page,,,0
mostbet-vzy8.cfd,https://mostbet-vzy8.cfd/,200,Coming Soon,0,0,0,thin_page,,,0
mostbet-wa2.xyz,https://mostbet-wa2.xyz/,200,Coming Soon,0,0,0,thin_page,,,0
mostbet-wa3.xyz,https://mostbet-wa3.xyz/,200,Coming Soon,0,0,0,thin_page,,,0
mostbet-wa5.xyz,https://mostbet-wa5.xyz/,200,Coming Soon,0,0,0,thin_page,,,0
mostbet-wa6.xyz,https://mostbet-wa6.xyz/,200,Coming Soon,0,0,0,thin_page,,,0
mostbet-wa8.xyz,https://mostbet-wa8.xyz/,200,Coming Soon,0,0,0,thin_page,,,0
mostbet-waa4.cfd,https://mostbet-waa4.cfd/,200,Coming Soon,0,0,0,thin_page,,,0
mostbet-waa5.cfd,https://mostbet-waa5.cfd/,200,Coming Soon,0,0,0,thin_page,,,0
mostbet-waa7.cfd,https://mostbet-waa7.cfd/,200,Coming Soon,0,0,0,thin_page,,,0
mostbet-waathb.top,https://mostbet-waathb.top/,200,Website is ready. The content is to be added,0,0,0,thin_page,,,0
mostbet-wab1.cfd,https://mostbet-wab1.cfd/,200,Coming Soon,0,0,0,thin_page,,,0
mostbet-wab2.cfd,https://mostbet-wab2.cfd/,200,Coming Soon,0,0,0,thin_page,,,0
mostbet-wab7.cfd,https://mostbet-wab7.cfd/,200,Coming Soon,0,0,0,thin_page,,,0
mostbet-wab8.cfd,https://mostbet-wab8.cfd/,200,Coming Soon,0,0,0,thin_page,,,0
mostbet-wac3.cfd,https://mostbet-wac3.cfd/,200,Coming Soon,0,0,0,thin_page,,,0
mostbet-wac4.cfd,https://mostbet-wac4.cfd/,200,Coming Soon,0,0,0,thin_page,,,0
mostbet-wac7.cfd,https://mostbet-wac7.cfd/,200,Coming Soon,0,0,0,thin_page,,,0
mostbet-wad1.cfd,https://mostbet-wad1.cfd/,200,Coming Soon,0,0,0,thin_page,,,0
mostbet-wad3.cfd,https://mostbet-wad3.cfd/,200,Coming Soon,0,0,0,thin_page,,,0
mostbet-wad5.cfd,https://mostbet-wad5.cfd/,200,Coming Soon,0,0,0,thin_page,,,0
mostbet-wad7.cfd,https://mostbet-wad7.cfd/,200,Coming Soon,0,0,0,thin_page,,,0
mostbet-wae1.cfd,https://mostbet-wae1.cfd/,200,Coming Soon,0,0,0,thin_page,,,0
mostbet-wae2.top,https://mostbet-wae2.top/,200,Coming Soon,0,0,0,thin_page,,,0
mostbet-wae6.cfd,https://mostbet-wae6.cfd/,200,Coming Soon,0,0,0,thin_page,,,0
mostbet-waf2.cfd,https://mostbet-waf2.cfd/,200,Coming Soon,0,0,0,thin_page,,,0
mostbet-waf3.cfd,https://mostbet-waf3.cfd/,200,Coming Soon,0,0,0,thin_page,,,0
mostbet-waf5.cfd,https://mostbet-waf5.cfd/,200,Coming Soon,0,0,0,thin_page,,,0
mostbet-waf7.cfd,https://mostbet-waf7.cfd/,200,Coming Soon,0,0,0,thin_page,,,0
mostbet-wag1.cfd,https://mostbet-wag1.cfd/,200,Coming Soon,0,0,0,thin_page,,,0
mostbet-wag2.cfd,https://mostbet-wag2.cfd/,200,Coming Soon,0,0,0,thin_page,,,0
mostbet-wah2.cfd,https://mostbet-wah2.cfd/,200,Coming Soon,0,0,0,thin_page,,,0
mostbet-wah4.cfd,https://mostbet-wah4.cfd/,200,Coming Soon,0,0,0,thin_page,,,0
mostbet-wai1.cfd,https://mostbet-wai1.cfd/,200,Coming Soon,0,0,0,thin_page,,,0
mostbet-wai4.cfd,https://mostbet-wai4.cfd/,200,Coming Soon,0,0,0,thin_page,,,0
mostbet-wai5.cfd,https://mostbet-wai5.cfd/,200,Coming Soon,0,0,0,thin_page,,,0
mostbet-waj1.cfd,https://mostbet-waj1.cfd/,200,Coming Soon,0,0,0,thin_page,,,0
mostbet-waj6.cfd,https://mostbet-waj6.cfd/,200,Coming Soon,0,0,0,thin_page,,,0
mostbet-waj7.cfd,https://mostbet-waj7.cfd/,200,Coming Soon,0,0,0,thin_page,,,0
mostbet-waj9.cfd,https://mostbet-waj9.cfd/,200,Coming Soon,0,0,0,thin_page,,,0
mostbet-wak4.cfd,https://mostbet-wak4.cfd/,200,Coming Soon,0,0,0,thin_page,,,0
mostbet-wak5.cfd,https://mostbet-wak5.cfd/,200,Coming Soon,0,0,0,thin_page,,,0
mostbet-wak7.cfd,https://mostbet-wak7.cfd/,200,Coming Soon,0,0,0,thin_page,,,0
mostbet-wak9.cfd,https://mostbet-wak9.cfd/,200,Coming Soon,0,0,0,thin_page,,,0
mostbet-wal3.cfd,https://mostbet-wal3.cfd/,200,Coming Soon,0,0,0,thin_page,,,0
mostbet-wal7.cfd,https://mostbet-wal7.cfd/,200,Coming Soon,0,0,0,thin_page,,,0
mostbet-wam2.cfd,https://mostbet-wam2.cfd/,200,Coming Soon,0,0,0,thin_page,,,0
mostbet-wam3.cfd,https://mostbet-wam3.cfd/,200,Coming Soon,0,0,0,thin_page,,,0
mostbet-wam5.cfd,https://mostbet-wam5.cfd/,200,Coming Soon,0,0,0,thin_page,,,0
mostbet-wam6.cfd,https://mostbet-wam6.cfd/,200,Coming Soon,0,0,0,thin_page,,,0
mostbet-wan2.cfd,https://mostbet-wan2.cfd/,200,Coming Soon,0,0,0,thin_page,,,0
mostbet-wan3.cfd,https://mostbet-wan3.cfd/,200,Coming Soon,0,0,0,thin_page,,,0
mostbet-wan6.cfd,https://mostbet-wan6.cfd/,200,Coming Soon,0,0,0,thin_page,,,0
mostbet-wao1.cfd,https://mostbet-wao1.cfd/,200,Coming Soon,0,0,0,thin_page,,,0
mostbet-wao3.cfd,https://mostbet-wao3.cfd/,200,Coming Soon,0,0,0,thin_page,,,0
mostbet-wao5.cfd,https://mostbet-wao5.cfd/,200,Coming Soon,0,0,0,thin_page,,,0
mostbet-wao9.cfd,https://mostbet-wao9.cfd/,200,Coming Soon,0,0,0,thin_page,,,0
mostbet-wap3.cfd,https://mostbet-wap3.cfd/,200,Coming Soon,0,0,0,thin_page,,,0
mostbet-wap8.cfd,https://mostbet-wap8.cfd/,200,Coming Soon,0,0,0,thin_page,,,0
mostbet-waq1.cfd,https://mostbet-waq1.cfd/,200,Coming Soon,0,0,0,thin_page,,,0
mostbet-waq3.cfd,https://mostbet-waq3.cfd/,200,Coming Soon,0,0,0,thin_page,,,0
mostbet-waq5.cfd,https://mostbet-waq5.cfd/,200,Coming Soon,0,0,0,thin_page,,,0
mostbet-waq9.cfd,https://mostbet-waq9.cfd/,200,Coming Soon,0,0,0,thin_page,,,0
mostbet-war2.cfd,https://mostbet-war2.cfd/,200,Coming Soon,0,0,0,thin_page,,,0
mostbet-war4.cfd,https://mostbet-war4.cfd/,200,Coming Soon,0,0,0,thin_page,,,0
mostbet-war5.cfd,https://mostbet-war5.cfd/,200,Coming Soon,0,0,0,thin_page,,,0
mostbet-war8.cfd,https://mostbet-war8.cfd/,200,Coming Soon,0,0,0,thin_page,,,0
mostbet-was1.cfd,https://mostbet-was1.cfd/,200,Coming Soon,0,0,0,thin_page,,,0
mostbet-was2.cfd,https://mostbet-was2.cfd/,200,Coming Soon,0,0,0,thin_page,,,0
mostbet-was5.cfd,https://mostbet-was5.cfd/,200,Coming Soon,0,0,0,thin_page,,,0
mostbet-was9.cfd,https://mostbet-was9.cfd/,200,Coming Soon,0,0,0,thin_page,,,0
mostbet-wat6.cfd,https://mostbet-wat6.cfd/,200,Coming Soon,0,0,0,thin_page,,,0
mostbet-wat9.cfd,https://mostbet-wat9.cfd/,200,Coming Soon,0,0,0,thin_page,,,0
mostbet-wau1.cfd,https://mostbet-wau1.cfd/,200,Coming Soon,0,0,0,thin_page,,,0
mostbet-wau5.cfd,https://mostbet-wau5.cfd/,200,Coming Soon,0,0,0,thin_page,,,0
mostbet-wau6.cfd,https://mostbet-wau6.cfd/,200,Coming Soon,0,0,0,thin_page,,,0
mostbet-wau7.cfd,https://mostbet-wau7.cfd/,200,Coming Soon,0,0,0,thin_page,,,0
mostbet-wau9.cfd,https://mostbet-wau9.cfd/,200,Coming Soon,0,0,0,thin_page,,,0
mostbet-wav2.cfd,https://mostbet-wav2.cfd/,200,Coming Soon,0,0,0,thin_page,,,0
mostbet-wav3.cfd,https://mostbet-wav3.cfd/,200,Coming Soon,0,0,0,thin_page,,,0
mostbet-wav4.cfd,https://mostbet-wav4.cfd/,200,Coming Soon,0,0,0,thin_page,,,0
mostbet-wav5.top,https://mostbet-wav5.top/,200,Coming Soon,0,0,0,thin_page,,,0
mostbet-waw4.cfd,https://mostbet-waw4.cfd/,200,Coming Soon,0,0,0,thin_page,,,0
mostbet-waw5.cfd,https://mostbet-waw5.cfd/,200,Coming Soon,0,0,0,thin_page,,,0
mostbet-wax7.cfd,https://mostbet-wax7.cfd/,200,Coming Soon,0,0,0,thin_page,,,0
mostbet-wax8.cfd,https://mostbet-wax8.cfd/,200,Coming Soon,0,0,0,thin_page,,,0
mostbet-wax9.cfd,https://mostbet-wax9.cfd/,200,Coming Soon,0,0,0,thin_page,,,0
mostbet-way4.cfd,https://mostbet-way4.cfd/,200,Coming Soon,0,0,0,thin_page,,,0
mostbet-way6.cfd,https://mostbet-way6.cfd/,200,Coming Soon,0,0,0,thin_page,,,0
mostbet-waz1.cfd,https://mostbet-waz1.cfd/,200,Coming Soon,0,0,0,thin_page,,,0
mostbet-waz2.cfd,https://mostbet-waz2.cfd/,200,Coming Soon,0,0,0,thin_page,,,0
mostbet-waz9.cfd,https://mostbet-waz9.cfd/,200,Coming Soon,0,0,0,thin_page,,,0
mostbet-wb.xyz,https://mostbet-wb.xyz/,200,Coming Soon,0,0,0,thin_page,,,0
mostbet-wb1.xyz,https://mostbet-wb1.xyz/,200,Coming Soon,0,0,0,thin_page,,,0
mostbet-wb2.xyz,https://mostbet-wb2.xyz/,200,Coming Soon,0,0,0,thin_page,,,0
mostbet-wb4.xyz,https://mostbet-wb4.xyz/,200,Coming Soon,0,0,0,thin_page,,,0
mostbet-wb6.xyz,https://mostbet-wb6.xyz/,200,Coming Soon,0,0,0,thin_page,,,0
mostbet-wb7.xyz,https://mostbet-wb7.xyz/,200,Coming Soon,0,0,0,thin_page,,,0
mostbet-wb9.xyz,https://mostbet-wb9.xyz/,200,Coming Soon,0,0,0,thin_page,,,0
mostbet-wba4.cfd,https://mostbet-wba4.cfd/,200,Coming Soon,0,0,0,thin_page,,,0
mostbet-wba7.cfd,https://mostbet-wba7.cfd/,200,Coming Soon,0,0,0,thin_page,,,0
mostbet-wba9.cfd,https://mostbet-wba9.cfd/,200,Coming Soon,0,0,0,thin_page,,,0
mostbet-wbb3.cfd,https://mostbet-wbb3.cfd/,200,Coming Soon,0,0,0,thin_page,,,0
mostbet-wbc3.cfd,https://mostbet-wbc3.cfd/,200,Coming Soon,0,0,0,thin_page,,,0
mostbet-wbc4.cfd,https://mostbet-wbc4.cfd/,200,Coming Soon,0,0,0,thin_page,,,0
mostbet-wbc6.cfd,https://mostbet-wbc6.cfd/,200,Coming Soon,0,0,0,thin_page,,,0
mostbet-wbc7.cfd,https://mostbet-wbc7.cfd/,200,Coming Soon,0,0,0,thin_page,,,0
mostbet-wbc9.cfd,https://mostbet-wbc9.cfd/,200,Coming Soon,0,0,0,thin_page,,,0
mostbet-wbd3.cfd,https://mostbet-wbd3.cfd/,200,Coming Soon,0,0,0,thin_page,,,0
mostbet-wbd4.cfd,https://mostbet-wbd4.cfd/,200,Coming Soon,0,0,0,thin_page,,,0
mostbet-wbd6.cfd,https://mostbet-wbd6.cfd/,200,Coming Soon,0,0,0,thin_page,,,0
mostbet-wbd9.cfd,https://mostbet-wbd9.cfd/,200,Coming Soon,0,0,0,thin_page,,,0
mostbet-wbdwcf.top,https://mostbet-wbdwcf.top/,200,Website is ready. The content is to be added,0,0,0,thin_page,,,0
mostbet-wbdwcf1.top,https://mostbet-wbdwcf1.top/,200,Website is ready. The content is to be added,0,0,0,thin_page,,,0
mostbet-wbe2.cfd,https://mostbet-wbe2.cfd/,200,Coming Soon,0,0,0,thin_page,,,0
mostbet-wbe8.cfd,https://mostbet-wbe8.cfd/,200,Coming Soon,0,0,0,thin_page,,,0
mostbet-wbf1.cfd,https://mostbet-wbf1.cfd/,200,Coming Soon,0,0,0,thin_page,,,0
mostbet-wbf5.cfd,https://mostbet-wbf5.cfd/,200,Coming Soon,0,0,0,thin_page,,,0
mostbet-wbf7.cfd,https://mostbet-wbf7.cfd/,200,Coming Soon,0,0,0,thin_page,,,0
mostbet-wbf9.cfd,https://mostbet-wbf9.cfd/,200,Coming Soon,0,0,0,thin_page,,,0
mostbet-wbg2.cfd,https://mostbet-wbg2.cfd/,200,Coming Soon,0,0,0,thin_page,,,0
mostbet-wbg3.cfd,https://mostbet-wbg3.cfd/,200,Coming Soon,0,0,0,thin_page,,,0
mostbet-wbh1.cfd,https://mostbet-wbh1.cfd/,200,Coming Soon,0,0,0,thin_page,,,0
mostbet-wbh7.cfd,https://mostbet-wbh7.cfd/,200,Coming Soon,0,0,0,thin_page,,,0
mostbet-wbh9.cfd,https://mostbet-wbh9.cfd/,200,Coming Soon,0,0,0,thin_page,,,0
mostbet-wbi3.cfd,https://mostbet-wbi3.cfd/,200,Coming Soon,0,0,0,thin_page,,,0
mostbet-wbi6.cfd,https://mostbet-wbi6.cfd/,200,Coming Soon,0,0,0,thin_page,,,0
mostbet-wbi9.cfd,https://mostbet-wbi9.cfd/,200,Coming Soon,0,0,0,thin_page,,,0
mostbet-wbj4.cfd,https://mostbet-wbj4.cfd/,200,Coming Soon,0,0,0,thin_page,,,0
mostbet-wbj5.cfd,https://mostbet-wbj5.cfd/,200,Coming Soon,0,0,0,thin_page,,,0
mostbet-wbj6.cfd,https://mostbet-wbj6.cfd/,200,Coming Soon,0,0,0,thin_page,,,0
mostbet-wbj8.cfd,https://mostbet-wbj8.cfd/,200,Coming Soon,0,0,0,thin_page,,,0
mostbet-wbj9.cfd,https://mostbet-wbj9.cfd/,200,Coming Soon,0,0,0,thin_page,,,0
mostbet-wbk1.cfd,https://mostbet-wbk1.cfd/,200,Coming Soon,0,0,0,thin_page,,,0
mostbet-wbk2.cfd,https://mostbet-wbk2.cfd/,200,Coming Soon,0,0,0,thin_page,,,0
mostbet-wbk3.cfd,https://mostbet-wbk3.cfd/,200,Coming Soon,0,0,0,thin_page,,,0
mostbet-wbk9.cfd,https://mostbet-wbk9.cfd/,200,Coming Soon,0,0,0,thin_page,,,0
mostbet-wbl5.cfd,https://mostbet-wbl5.cfd/,200,Coming Soon,0,0,0,thin_page,,,0
mostbet-wbm5.cfd,https://mostbet-wbm5.cfd/,200,Coming Soon,0,0,0,thin_page,,,0
mostbet-wbm6.cfd,https://mostbet-wbm6.cfd/,200,Coming Soon,0,0,0,thin_page,,,0
mostbet-wbm7.cfd,https://mostbet-wbm7.cfd/,200,Coming Soon,0,0,0,thin_page,,,0
mostbet-wbn1.cfd,https://mostbet-wbn1.cfd/,200,Coming Soon,0,0,0,thin_page,,,0
mostbet-wbn3.cfd,https://mostbet-wbn3.cfd/,200,Coming Soon,0,0,0,thin_page,,,0
mostbet-wbn8.cfd,https://mostbet-wbn8.cfd/,200,Coming Soon,0,0,0,thin_page,,,0
mostbet-wbn9.cfd,https://mostbet-wbn9.cfd/,200,Coming Soon,0,0,0,thin_page,,,0
mostbet-wbo7.cfd,https://mostbet-wbo7.cfd/,200,Coming Soon,0,0,0,thin_page,,,0
mostbet-wbp2.top,https://mostbet-wbp2.top/,200,Coming Soon,0,0,0,thin_page,,,0
mostbet-wbp3.cfd,https://mostbet-wbp3.cfd/,200,Coming Soon,0,0,0,thin_page,,,0
mostbet-wbp4.cfd,https://mostbet-wbp4.cfd/,200,Coming Soon,0,0,0,thin_page,,,0
mostbet-wbp6.cfd,https://mostbet-wbp6.cfd/,200,Coming Soon,0,0,0,thin_page,,,0
mostbet-wbp7.cfd,https://mostbet-wbp7.cfd/,200,Coming Soon,0,0,0,thin_page,,,0
mostbet-wbq5.cfd,https://mostbet-wbq5.cfd/,200,Coming Soon,0,0,0,thin_page,,,0
mostbet-wbq7.cfd,https://mostbet-wbq7.cfd/,200,Coming Soon,0,0,0,thin_page,,,0
mostbet-wbq8.cfd,https://mostbet-wbq8.cfd/,200,Coming Soon,0,0,0,thin_page,,,0
mostbet-wbq9.cfd,https://mostbet-wbq9.cfd/,200,Coming Soon,0,0,0,thin_page,,,0
mostbet-wbr4.cfd,https://mostbet-wbr4.cfd/,200,Coming Soon,0,0,0,thin_page,,,0
mostbet-wbs5.cfd,https://mostbet-wbs5.cfd/,200,Coming Soon,0,0,0,thin_page,,,0
mostbet-wbt4.cfd,https://mostbet-wbt4.cfd/,200,Coming Soon,0,0,0,thin_page,,,0
mostbet-wbt8.cfd,https://mostbet-wbt8.cfd/,200,Coming Soon,0,0,0,thin_page,,,0
mostbet-wbu1.cfd,https://mostbet-wbu1.cfd/,200,Coming Soon,0,0,0,thin_page,,,0
mostbet-wbu8.cfd,https://mostbet-wbu8.cfd/,200,Coming Soon,0,0,0,thin_page,,,0
mostbet-wbv2.cfd,https://mostbet-wbv2.cfd/,200,Coming Soon,0,0,0,thin_page,,,0
mostbet-wbv3.top,https://mostbet-wbv3.top/,200,Coming Soon,0,0,0,thin_page,,,0
mostbet-wbv5.cfd,https://mostbet-wbv5.cfd/,200,Coming Soon,0,0,0,thin_page,,,0
mostbet-wbv8.cfd,https://mostbet-wbv8.cfd/,200,Coming Soon,0,0,0,thin_page,,,0
mostbet-wbv9.cfd,https://mostbet-wbv9.cfd/,200,Coming Soon,0,0,0,thin_page,,,0
mostbet-wbw2.cfd,https://mostbet-wbw2.cfd/,200,Coming Soon,0,0,0,thin_page,,,0
mostbet-wbw4.cfd,https://mostbet-wbw4.cfd/,200,Coming Soon,0,0,0,thin_page,,,0
mostbet-wbw7.cfd,https://mostbet-wbw7.cfd/,200,Coming Soon,0,0,0,thin_page,,,0
mostbet-wbx1.top,https://mostbet-wbx1.top/,200,Coming Soon,0,0,0,thin_page,,,0
mostbet-wbx6.cfd,https://mostbet-wbx6.cfd/,200,Coming Soon,0,0,0,thin_page,,,0
mostbet-wbx9.cfd,https://mostbet-wbx9.cfd/,200,Coming Soon,0,0,0,thin_page,,,0
mostbet-wby4.cfd,https://mostbet-wby4.cfd/,200,Coming Soon,0,0,0,thin_page,,,0
mostbet-wbz1.cfd,https://mostbet-wbz1.cfd/,200,Coming Soon,0,0,0,thin_page,,,0
mostbet-wbz2.cfd,https://mostbet-wbz2.cfd/,200,Coming Soon,0,0,0,thin_page,,,0
mostbet-wbz3.top,https://mostbet-wbz3.top/,200,Coming Soon,0,0,0,thin_page,,,0
mostbet-wbz4.cfd,https://mostbet-wbz4.cfd/,200,Coming Soon,0,0,0,thin_page,,,0
mostbet-wbz5.cfd,https://mostbet-wbz5.cfd/,200,Coming Soon,0,0,0,thin_page,,,0
mostbet-wbz6.cfd,https://mostbet-wbz6.cfd/,200,Coming Soon,0,0,0,thin_page,,,0
mostbet-wbz9.cfd,https://mostbet-wbz9.cfd/,200,Coming Soon,0,0,0,thin_page,,,0
mostbet-wc.top,https://mostbet-wc.top/,200,Coming Soon,0,0,0,thin_page,,,0
mostbet-wc1.xyz,https://mostbet-wc1.xyz/,200,Coming Soon,0,0,0,thin_page,,,0
mostbet-wc5.xyz,https://mostbet-wc5.xyz/,200,Coming Soon,0,0,0,thin_page,,,0
mostbet-wc6.xyz,https://mostbet-wc6.xyz/,200,Coming Soon,0,0,0,thin_page,,,0
mostbet-wc7.xyz,https://mostbet-wc7.xyz/,200,Coming Soon,0,0,0,thin_page,,,0
mostbet-wc8.xyz,https://mostbet-wc8.xyz/,200,Coming Soon,0,0,0,thin_page,,,0
mostbet-wca3.cfd,https://mostbet-wca3.cfd/,200,Coming Soon,0,0,0,thin_page,,,0
mostbet-wca4.cfd,https://mostbet-wca4.cfd/,200,Coming Soon,0,0,0,thin_page,,,0
mostbet-wca5.cfd,https://mostbet-wca5.cfd/,200,Coming Soon,0,0,0,thin_page,,,0
mostbet-wca6.cfd,https://mostbet-wca6.cfd/,200,Coming Soon,0,0,0,thin_page,,,0
mostbet-wca7.top,https://mostbet-wca7.top/,200,Coming Soon,0,0,0,thin_page,,,0
mostbet-wcb3.cfd,https://mostbet-wcb3.cfd/,200,Coming Soon,0,0,0,thin_page,,,0
mostbet-wcb5.top,https://mostbet-wcb5.top/,200,Coming Soon,0,0,0,thin_page,,,0
mostbet-wcb6.cfd,https://mostbet-wcb6.cfd/,200,Coming Soon,0,0,0,thin_page,,,0
mostbet-wcb7.top,https://mostbet-wcb7.top/,200,Coming Soon,0,0,0,thin_page,,,0
mostbet-wcb8.cfd,https://mostbet-wcb8.cfd/,200,Coming Soon,0,0,0,thin_page,,,0
mostbet-wcc1.cfd,https://mostbet-wcc1.cfd/,200,Coming Soon,0,0,0,thin_page,,,0
mostbet-wcc2.cfd,https://mostbet-wcc2.cfd/,200,Coming Soon,0,0,0,thin_page,,,0
mostbet-wcc4.top,https://mostbet-wcc4.top/,200,Coming Soon,0,0,0,thin_page,,,0
mostbet-wcc5.cfd,https://mostbet-wcc5.cfd/,200,Coming Soon,0,0,0,thin_page,,,0
mostbet-wcc9.cfd,https://mostbet-wcc9.cfd/,200,Coming Soon,0,0,0,thin_page,,,0
mostbet-wcd5.cfd,https://mostbet-wcd5.cfd/,200,Coming Soon,0,0,0,thin_page,,,0
mostbet-wcd7.cfd,https://mostbet-wcd7.cfd/,200,Coming Soon,0,0,0,thin_page,,,0
mostbet-wce3.top,https://mostbet-wce3.top/,200,Coming Soon,0,0,0,thin_page,,,0
mostbet-wce7.cfd,https://mostbet-wce7.cfd/,200,Coming Soon,0,0,0,thin_page,,,0
mostbet-wcf3.cfd,https://mostbet-wcf3.cfd/,200,Coming Soon,0,0,0,thin_page,,,0
mostbet-wcf4.cfd,https://mostbet-wcf4.cfd/,200,Coming Soon,0,0,0,thin_page,,,0
mostbet-wcf7.cfd,https://mostbet-wcf7.cfd/,200,Coming Soon,0,0,0,thin_page,,,0
mostbet-wcg1.cfd,https://mostbet-wcg1.cfd/,200,Coming Soon,0,0,0,thin_page,,,0
mostbet-wcg3.cfd,https://mostbet-wcg3.cfd/,200,Coming Soon,0,0,0,thin_page,,,0
mostbet-wcg7.cfd,https://mostbet-wcg7.cfd/,200,Coming Soon,0,0,0,thin_page,,,0
mostbet-wcg9.cfd,https://mostbet-wcg9.cfd/,200,Coming Soon,0,0,0,thin_page,,,0
mostbet-wch1.cfd,https://mostbet-wch1.cfd/,200,Coming Soon,0,0,0,thin_page,,,0
mostbet-wch3.cfd,https://mostbet-wch3.cfd/,200,Coming Soon,0,0,0,thin_page,,,0
mostbet-wch7.cfd,https://mostbet-wch7.cfd/,200,Coming Soon,0,0,0,thin_page,,,0
mostbet-wci1.cfd,https://mostbet-wci1.cfd/,200,Coming Soon,0,0,0,thin_page,,,0
mostbet-wcj1.cfd,https://mostbet-wcj1.cfd/,200,Coming Soon,0,0,0,thin_page,,,0
mostbet-wcj3.cfd,https://mostbet-wcj3.cfd/,200,Coming Soon,0,0,0,thin_page,,,0
mostbet-wcj4.cfd,https://mostbet-wcj4.cfd/,200,Coming Soon,0,0,0,thin_page,,,0
mostbet-wcj5.cfd,https://mostbet-wcj5.cfd/,200,Coming Soon,0,0,0,thin_page,,,0
mostbet-wcj7.cfd,https://mostbet-wcj7.cfd/,200,Coming Soon,0,0,0,thin_page,,,0
mostbet-wcl4.cfd,https://mostbet-wcl4.cfd/,200,Coming Soon,0,0,0,thin_page,,,0
mostbet-wcl8.cfd,https://mostbet-wcl8.cfd/,200,Coming Soon,0,0,0,thin_page,,,0
mostbet-wcm4.cfd,https://mostbet-wcm4.cfd/,200,Coming Soon,0,0,0,thin_page,,,0
mostbet-wcm5.cfd,https://mostbet-wcm5.cfd/,200,Coming Soon,0,0,0,thin_page,,,0
mostbet-wcm6.xyz,https://mostbet-wcm6.xyz/,200,Coming Soon,0,0,0,thin_page,,,0
mostbet-wcn3.cfd,https://mostbet-wcn3.cfd/,200,Coming Soon,0,0,0,thin_page,,,0
mostbet-wcn5.cfd,https://mostbet-wcn5.cfd/,200,Coming Soon,0,0,0,thin_page,,,0
mostbet-wcn6.cfd,https://mostbet-wcn6.cfd/,200,Coming Soon,0,0,0,thin_page,,,0
mostbet-wco1.cfd,https://mostbet-wco1.cfd/,200,Coming Soon,0,0,0,thin_page,,,0
mostbet-wco4.cfd,https://mostbet-wco4.cfd/,200,Coming Soon,0,0,0,thin_page,,,0
mostbet-wco8.cfd,https://mostbet-wco8.cfd/,200,Coming Soon,0,0,0,thin_page,,,0
mostbet-wcp1.cfd,https://mostbet-wcp1.cfd/,200,Coming Soon,0,0,0,thin_page,,,0
mostbet-wcp6.cfd,https://mostbet-wcp6.cfd/,200,Coming Soon,0,0,0,thin_page,,,0
mostbet-wcp8.cfd,https://mostbet-wcp8.cfd/,200,Coming Soon,0,0,0,thin_page,,,0
mostbet-wcq2.cfd,https://mostbet-wcq2.cfd/,200,Coming Soon,0,0,0,thin_page,,,0
mostbet-wcq7.cfd,https://mostbet-wcq7.cfd/,200,Coming Soon,0,0,0,thin_page,,,0
mostbet-wcr4.cfd,https://mostbet-wcr4.cfd/,200,Coming Soon,0,0,0,thin_page,,,0
mostbet-wcr5.cfd,https://mostbet-wcr5.cfd/,200,Coming Soon,0,0,0,thin_page,,,0
mostbet-wcr6.cfd,https://mostbet-wcr6.cfd/,200,Coming Soon,0,0,0,thin_page,,,0
mostbet-wcr9.cfd,https://mostbet-wcr9.cfd/,200,Coming Soon,0,0,0,thin_page,,,0
mostbet-wcs1.cfd,https://mostbet-wcs1.cfd/,200,Coming Soon,0,0,0,thin_page,,,0
mostbet-wcs2.cfd,https://mostbet-wcs2.cfd/,200,Coming Soon,0,0,0,thin_page,,,0
mostbet-wcs4.cfd,https://mostbet-wcs4.cfd/,200,Coming Soon,0,0,0,thin_page,,,0
mostbet-wcs6.cfd,https://mostbet-wcs6.cfd/,200,Coming Soon,0,0,0,thin_page,,,0
mostbet-wcs7.cfd,https://mostbet-wcs7.cfd/,200,Coming Soon,0,0,0,thin_page,,,0
mostbet-wcs8.cfd,https://mostbet-wcs8.cfd/,200,Coming Soon,0,0,0,thin_page,,,0
mostbet-wct1.cfd,https://mostbet-wct1.cfd/,200,Coming Soon,0,0,0,thin_page,,,0
mostbet-wct2.cfd,https://mostbet-wct2.cfd/,200,Coming Soon,0,0,0,thin_page,,,0
mostbet-wct3.cfd,https://mostbet-wct3.cfd/,200,Coming Soon,0,0,0,thin_page,,,0
mostbet-wct4.cfd,https://mostbet-wct4.cfd/,200,Coming Soon,0,0,0,thin_page,,,0
mostbet-wct8.cfd,https://mostbet-wct8.cfd/,200,Coming Soon,0,0,0,thin_page,,,0
mostbet-wct9.cfd,https://mostbet-wct9.cfd/,200,Coming Soon,0,0,0,thin_page,,,0
mostbet-wcu1.cfd,https://mostbet-wcu1.cfd/,200,Coming Soon,0,0,0,thin_page,,,0
mostbet-wcu3.cfd,https://mostbet-wcu3.cfd/,200,Coming Soon,0,0,0,thin_page,,,0
mostbet-wcv2.cfd,https://mostbet-wcv2.cfd/,200,Coming Soon,0,0,0,thin_page,,,0
mostbet-wcv3.cfd,https://mostbet-wcv3.cfd/,200,Coming Soon,0,0,0,thin_page,,,0
mostbet-wcv4.cfd,https://mostbet-wcv4.cfd/,200,Coming Soon,0,0,0,thin_page,,,0
mostbet-wcv6.cfd,https://mostbet-wcv6.cfd/,200,Coming Soon,0,0,0,thin_page,,,0
mostbet-wcv9.cfd,https://mostbet-wcv9.cfd/,200,Coming Soon,0,0,0,thin_page,,,0
mostbet-wcw2.cfd,https://mostbet-wcw2.cfd/,200,Coming Soon,0,0,0,thin_page,,,0
mostbet-wcw4.cfd,https://mostbet-wcw4.cfd/,200,Coming Soon,0,0,0,thin_page,,,0
mostbet-wcw7.cfd,https://mostbet-wcw7.cfd/,200,Coming Soon,0,0,0,thin_page,,,0
mostbet-wcx2.cfd,https://mostbet-wcx2.cfd/,200,Coming Soon,0,0,0,thin_page,,,0
mostbet-wcx7.cfd,https://mostbet-wcx7.cfd/,200,Coming Soon,0,0,0,thin_page,,,0
mostbet-wcx8.cfd,https://mostbet-wcx8.cfd/,200,Coming Soon,0,0,0,thin_page,,,0
mostbet-wcx9.cfd,https://mostbet-wcx9.cfd/,200,Coming Soon,0,0,0,thin_page,,,0
mostbet-wcy2.cfd,https://mostbet-wcy2.cfd/,200,Coming Soon,0,0,0,thin_page,,,0
mostbet-wcy3.cfd,https://mostbet-wcy3.cfd/,200,Coming Soon,0,0,0,thin_page,,,0
mostbet-wcy8.cfd,https://mostbet-wcy8.cfd/,200,Coming Soon,0,0,0,thin_page,,,0
mostbet-wcz4.cfd,https://mostbet-wcz4.cfd/,200,Coming Soon,0,0,0,thin_page,,,0
mostbet-wcz6.cfd,https://mostbet-wcz6.cfd/,200,Coming Soon,0,0,0,thin_page,,,0
mostbet-wcz7.top,https://mostbet-wcz7.top/,200,Coming Soon,0,0,0,thin_page,,,0
mostbet-wcz8.cfd,https://mostbet-wcz8.cfd/,200,Coming Soon,0,0,0,thin_page,,,0
mostbet-wd1.xyz,https://mostbet-wd1.xyz/,200,Coming Soon,0,0,0,thin_page,,,0
mostbet-wd2.xyz,https://mostbet-wd2.xyz/,200,Coming Soon,0,0,0,thin_page,,,0
mostbet-wd4.xyz,https://mostbet-wd4.xyz/,200,Coming Soon,0,0,0,thin_page,,,0
mostbet-wd5.xyz,https://mostbet-wd5.xyz/,200,Coming Soon,0,0,0,thin_page,,,0
mostbet-wd9.xyz,https://mostbet-wd9.xyz/,200,Coming Soon,0,0,0,thin_page,,,0
mostbet-wda5.cfd,https://mostbet-wda5.cfd/,200,Coming Soon,0,0,0,thin_page,,,0
mostbet-wdb1.cfd,https://mostbet-wdb1.cfd/,200,Coming Soon,0,0,0,thin_page,,,0
mostbet-wdb4.cfd,https://mostbet-wdb4.cfd/,200,Coming Soon,0,0,0,thin_page,,,0
mostbet-wdb5.cfd,https://mostbet-wdb5.cfd/,200,Coming Soon,0,0,0,thin_page,,,0
mostbet-wdb9.cfd,https://mostbet-wdb9.cfd/,200,Coming Soon,0,0,0,thin_page,,,0
mostbet-wdc4.cfd,https://mostbet-wdc4.cfd/,200,Coming Soon,0,0,0,thin_page,,,0
mostbet-wdc9.cfd,https://mostbet-wdc9.cfd/,200,Coming Soon,0,0,0,thin_page,,,0
mostbet-wdd2.cfd,https://mostbet-wdd2.cfd/,200,Coming Soon,0,0,0,thin_page,,,0
mostbet-wdd6.cfd,https://mostbet-wdd6.cfd/,200,Coming Soon,0,0,0,thin_page,,,0
mostbet-wdd8.cfd,https://mostbet-wdd8.cfd/,200,Coming Soon,0,0,0,thin_page,,,0
mostbet-wde4.cfd,https://mostbet-wde4.cfd/,200,Coming Soon,0,0,0,thin_page,,,0
mostbet-wde6.top,https://mostbet-wde6.top/,200,Coming Soon,0,0,0,thin_page,,,0
mostbet-wde8.cfd,https://mostbet-wde8.cfd/,200,Coming Soon,0,0,0,thin_page,,,0
mostbet-wdf2.cfd,https://mostbet-wdf2.cfd/,200,Coming Soon,0,0,0,thin_page,,,0
mostbet-wdf3.cfd,https://mostbet-wdf3.cfd/,200,Coming Soon,0,0,0,thin_page,,,0
mostbet-wdf4.cfd,https://mostbet-wdf4.cfd/,200,Coming Soon,0,0,0,thin_page,,,0
mostbet-wdf8.cfd,https://mostbet-wdf8.cfd/,200,Coming Soon,0,0,0,thin_page,,,0
mostbet-wdf9.top,https://mostbet-wdf9.top/,200,Coming Soon,0,0,0,thin_page,,,0
mostbet-wdg6.cfd,https://mostbet-wdg6.cfd/,200,Coming Soon,0,0,0,thin_page,,,0
mostbet-wdg7.cfd,https://mostbet-wdg7.cfd/,200,Coming Soon,0,0,0,thin_page,,,0
mostbet-wdh5.cfd,https://mostbet-wdh5.cfd/,200,Coming Soon,0,0,0,thin_page,,,0
mostbet-wdh8.cfd,https://mostbet-wdh8.cfd/,200,Coming Soon,0,0,0,thin_page,,,0
mostbet-wdi7.cfd,https://mostbet-wdi7.cfd/,200,Coming Soon,0,0,0,thin_page,,,0
mostbet-wdj2.cfd,https://mostbet-wdj2.cfd/,200,Coming Soon,0,0,0,thin_page,,,0
mostbet-wdj6.cfd,https://mostbet-wdj6.cfd/,200,Coming Soon,0,0,0,thin_page,,,0
mostbet-wdk1.cfd,https://mostbet-wdk1.cfd/,200,Coming Soon,0,0,0,thin_page,,,0
mostbet-wdk4.cfd,https://mostbet-wdk4.cfd/,200,Coming Soon,0,0,0,thin_page,,,0
mostbet-wdk5.cfd,https://mostbet-wdk5.cfd/,200,Coming Soon,0,0,0,thin_page,,,0
mostbet-wdk8.cfd,https://mostbet-wdk8.cfd/,200,Coming Soon,0,0,0,thin_page,,,0
mostbet-wdk9.cfd,https://mostbet-wdk9.cfd/,200,Coming Soon,0,0,0,thin_page,,,0
mostbet-wdl1.cfd,https://mostbet-wdl1.cfd/,200,Coming Soon,0,0,0,thin_page,,,0
mostbet-wdl2.cfd,https://mostbet-wdl2.cfd/,200,Coming Soon,0,0,0,thin_page,,,0
mostbet-wdl3.cfd,https://mostbet-wdl3.cfd/,200,Coming Soon,0,0,0,thin_page,,,0
mostbet-wdl4.cfd,https://mostbet-wdl4.cfd/,200,Coming Soon,0,0,0,thin_page,,,0
mostbet-wdl6.cfd,https://mostbet-wdl6.cfd/,200,Coming Soon,0,0,0,thin_page,,,0
mostbet-wdm7.cfd,https://mostbet-wdm7.cfd/,200,Coming Soon,0,0,0,thin_page,,,0
mostbet-wdn2.cfd,https://mostbet-wdn2.cfd/,200,Coming Soon,0,0,0,thin_page,,,0
mostbet-wdn9.cfd,https://mostbet-wdn9.cfd/,200,Coming Soon,0,0,0,thin_page,,,0
mostbet-wdo1.cfd,https://mostbet-wdo1.cfd/,200,Coming Soon,0,0,0,thin_page,,,0
mostbet-wdo2.cfd,https://mostbet-wdo2.cfd/,200,Coming Soon,0,0,0,thin_page,,,0
mostbet-wdo3.top,https://mostbet-wdo3.top/,200,Coming Soon,0,0,0,thin_page,,,0
mostbet-wdo4.cfd,https://mostbet-wdo4.cfd/,200,Coming Soon,0,0,0,thin_page,,,0
mostbet-wdo7.cfd,https://mostbet-wdo7.cfd/,200,Coming Soon,0,0,0,thin_page,,,0
mostbet-wdp1.cfd,https://mostbet-wdp1.cfd/,200,Coming Soon,0,0,0,thin_page,,,0
mostbet-wdp4.cfd,https://mostbet-wdp4.cfd/,200,Coming Soon,0,0,0,thin_page,,,0
mostbet-wdp8.cfd,https://mostbet-wdp8.cfd/,200,Coming Soon,0,0,0,thin_page,,,0
mostbet-wdq1.top,https://mostbet-wdq1.top/,200,Coming Soon,0,0,0,thin_page,,,0
mostbet-wdq3.cfd,https://mostbet-wdq3.cfd/,200,Coming Soon,0,0,0,thin_page,,,0
mostbet-wdq4.cfd,https://mostbet-wdq4.cfd/,200,Coming Soon,0,0,0,thin_page,,,0
mostbet-wdq8.cfd,https://mostbet-wdq8.cfd/,200,Coming Soon,0,0,0,thin_page,,,0
mostbet-wdr3.cfd,https://mostbet-wdr3.cfd/,200,Coming Soon,0,0,0,thin_page,,,0
mostbet-wdr5.cfd,https://mostbet-wdr5.cfd/,200,Coming Soon,0,0,0,thin_page,,,0
mostbet-wdr8.cfd,https://mostbet-wdr8.cfd/,200,Coming Soon,0,0,0,thin_page,,,0
mostbet-wds2.buzz,https://mostbet-wds2.buzz/,200,Мостбет официальный сайт | Mostbet казино зеркало рабочее,140,25,1,,,,3
mostbet-wds8.cfd,https://mostbet-wds8.cfd/,200,Coming Soon,0,0,0,thin_page,,,0
mostbet-wdt2.cfd,https://mostbet-wdt2.cfd/,200,Coming Soon,0,0,0,thin_page,,,0
mostbet-wdu4.cfd,https://mostbet-wdu4.cfd/,200,Coming Soon,0,0,0,thin_page,,,0
mostbet-wdu8.cfd,https://mostbet-wdu8.cfd/,200,Coming Soon,0,0,0,thin_page,,,0
mostbet-wdv2.cfd,https://mostbet-wdv2.cfd/,200,Coming Soon,0,0,0,thin_page,,,0
mostbet-wdv3.cfd,https://mostbet-wdv3.cfd/,200,Coming Soon,0,0,0,thin_page,,,0
mostbet-wdv8.cfd,https://mostbet-wdv8.cfd/,200,Coming Soon,0,0,0,thin_page,,,0
mostbet-wdx4.cfd,https://mostbet-wdx4.cfd/,200,Coming Soon,0,0,0,thin_page,,,0
mostbet-wdx9.cfd,https://mostbet-wdx9.cfd/,200,Coming Soon,0,0,0,thin_page,,,0
mostbet-wdy2.cfd,https://mostbet-wdy2.cfd/,200,Coming Soon,0,0,0,thin_page,,,0
mostbet-wdy7.cfd,https://mostbet-wdy7.cfd/,200,Coming Soon,0,0,0,thin_page,,,0
mostbet-wdy8.cfd,https://mostbet-wdy8.cfd/,200,Coming Soon,0,0,0,thin_page,,,0
mostbet-wdy9.cfd,https://mostbet-wdy9.cfd/,200,Coming Soon,0,0,0,thin_page,,,0
mostbet-wdz1.cfd,https://mostbet-wdz1.cfd/,200,Coming Soon,0,0,0,thin_page,,,0
mostbet-wdz6.top,https://mostbet-wdz6.top/,200,Coming Soon,0,0,0,thin_page,,,0
mostbet-we3.xyz,https://mostbet-we3.xyz/,200,Coming Soon,0,0,0,thin_page,,,0
mostbet-we4.xyz,https://mostbet-we4.xyz/,200,Coming Soon,0,0,0,thin_page,,,0
mostbet-we6.xyz,https://mostbet-we6.xyz/,200,Coming Soon,0,0,0,thin_page,,,0
mostbet-we8.xyz,https://mostbet-we8.xyz/,200,Coming Soon,0,0,0,thin_page,,,0
mostbet-we9.xyz,https://mostbet-we9.xyz/,200,Coming Soon,0,0,0,thin_page,,,0
mostbet-wea1.cfd,https://mostbet-wea1.cfd/,200,Coming Soon,0,0,0,thin_page,,,0
mostbet-wea4.cfd,https://mostbet-wea4.cfd/,200,Coming Soon,0,0,0,thin_page,,,0
mostbet-wea9.cfd,https://mostbet-wea9.cfd/,200,Coming Soon,0,0,0,thin_page,,,0
mostbet-web2.cfd,https://mostbet-web2.cfd/,200,Coming Soon,0,0,0,thin_page,,,0
mostbet-web7.top,https://mostbet-web7.top/,200,Coming Soon,0,0,0,thin_page,,,0
mostbet-web8.cfd,https://mostbet-web8.cfd/,200,Coming Soon,0,0,0,thin_page,,,0
mostbet-web9.cfd,https://mostbet-web9.cfd/,200,Coming Soon,0,0,0,thin_page,,,0
mostbet-wec1.cfd,https://mostbet-wec1.cfd/,200,Coming Soon,0,0,0,thin_page,,,0
mostbet-wec2.cfd,https://mostbet-wec2.cfd/,200,Coming Soon,0,0,0,thin_page,,,0
mostbet-wec3.cfd,https://mostbet-wec3.cfd/,200,Coming Soon,0,0,0,thin_page,,,0
mostbet-wec4.cfd,https://mostbet-wec4.cfd/,200,Coming Soon,0,0,0,thin_page,,,0
mostbet-wed2.cfd,https://mostbet-wed2.cfd/,200,Coming Soon,0,0,0,thin_page,,,0
mostbet-wed3.cfd,https://mostbet-wed3.cfd/,200,Coming Soon,0,0,0,thin_page,,,0
mostbet-wed5.cfd,https://mostbet-wed5.cfd/,200,Coming Soon,0,0,0,thin_page,,,0
mostbet-wed8.cfd,https://mostbet-wed8.cfd/,200,Coming Soon,0,0,0,thin_page,,,0
mostbet-wee1.cfd,https://mostbet-wee1.cfd/,200,Coming Soon,0,0,0,thin_page,,,0
mostbet-wee7.cfd,https://mostbet-wee7.cfd/,200,Coming Soon,0,0,0,thin_page,,,0
mostbet-wef1.cfd,https://mostbet-wef1.cfd/,200,Coming Soon,0,0,0,thin_page,,,0
mostbet-wef2.cfd,https://mostbet-wef2.cfd/,200,Coming Soon,0,0,0,thin_page,,,0
mostbet-wef5.cfd,https://mostbet-wef5.cfd/,200,Coming Soon,0,0,0,thin_page,,,0
mostbet-weg2.cfd,https://mostbet-weg2.cfd/,200,Coming Soon,0,0,0,thin_page,,,0
mostbet-weg5.cfd,https://mostbet-weg5.cfd/,200,Coming Soon,0,0,0,thin_page,,,0
mostbet-weg8.cfd,https://mostbet-weg8.cfd/,200,Coming Soon,0,0,0,thin_page,,,0
mostbet-weg9.cfd,https://mostbet-weg9.cfd/,200,Coming Soon,0,0,0,thin_page,,,0
mostbet-weh1.cfd,https://mostbet-weh1.cfd/,200,Coming Soon,0,0,0,thin_page,,,0
mostbet-weh6.cfd,https://mostbet-weh6.cfd/,200,Coming Soon,0,0,0,thin_page,,,0
mostbet-weh7.cfd,https://mostbet-weh7.cfd/,200,Coming Soon,0,0,0,thin_page,,,0
mostbet-wei1.cfd,https://mostbet-wei1.cfd/,200,Coming Soon,0,0,0,thin_page,,,0
mostbet-wei3.cfd,https://mostbet-wei3.cfd/,200,Coming Soon,0,0,0,thin_page,,,0
mostbet-wei4.cfd,https://mostbet-wei4.cfd/,200,Coming Soon,0,0,0,thin_page,,,0
mostbet-wei7.cfd,https://mostbet-wei7.cfd/,200,Coming Soon,0,0,0,thin_page,,,0
mostbet-wei9.cfd,https://mostbet-wei9.cfd/,200,Coming Soon,0,0,0,thin_page,,,0
mostbet-wej2.cfd,https://mostbet-wej2.cfd/,200,Coming Soon,0,0,0,thin_page,,,0
mostbet-wej6.cfd,https://mostbet-wej6.cfd/,200,Coming Soon,0,0,0,thin_page,,,0
mostbet-wek1.cfd,https://mostbet-wek1.cfd/,200,Coming Soon,0,0,0,thin_page,,,0
mostbet-wek5.cfd,https://mostbet-wek5.cfd/,200,Coming Soon,0,0,0,thin_page,,,0
mostbet-wek6.cfd,https://mostbet-wek6.cfd/,200,Coming Soon,0,0,0,thin_page,,,0
mostbet-wek7.cfd,https://mostbet-wek7.cfd/,200,Coming Soon,0,0,0,thin_page,,,0
mostbet-wek9.cfd,https://mostbet-wek9.cfd/,200,Coming Soon,0,0,0,thin_page,,,0
mostbet-wel4.xyz,https://mostbet-wel4.xyz/,200,Coming Soon,0,0,0,thin_page,,,0
mostbet-wem2.cfd,https://mostbet-wem2.cfd/,200,Coming Soon,0,0,0,thin_page,,,0
mostbet-wem4.cfd,https://mostbet-wem4.cfd/,200,Coming Soon,0,0,0,thin_page,,,0
mostbet-wem7.cfd,https://mostbet-wem7.cfd/,200,Coming Soon,0,0,0,thin_page,,,0
mostbet-wem8.cfd,https://mostbet-wem8.cfd/,200,Coming Soon,0,0,0,thin_page,,,0
mostbet-wen1.cfd,https://mostbet-wen1.cfd/,200,Coming Soon,0,0,0,thin_page,,,0
mostbet-wen2.cfd,https://mostbet-wen2.cfd/,200,Coming Soon,0,0,0,thin_page,,,0
mostbet-wen4.cfd,https://mostbet-wen4.cfd/,200,Coming Soon,0,0,0,thin_page,,,0
mostbet-wen9.cfd,https://mostbet-wen9.cfd/,200,Coming Soon,0,0,0,thin_page,,,0
mostbet-weo7.cfd,https://mostbet-weo7.cfd/,200,Coming Soon,0,0,0,thin_page,,,0
mostbet-weo9.cfd,https://mostbet-weo9.cfd/,200,Coming Soon,0,0,0,thin_page,,,0
mostbet-wep2.cfd,https://mostbet-wep2.cfd/,200,Coming Soon,0,0,0,thin_page,,,0
mostbet-wep6.cfd,https://mostbet-wep6.cfd/,200,Coming Soon,0,0,0,thin_page,,,0
mostbet-wep7.top,https://mostbet-wep7.top/,200,Coming Soon,0,0,0,thin_page,,,0
mostbet-weq4.cfd,https://mostbet-weq4.cfd/,200,Coming Soon,0,0,0,thin_page,,,0
mostbet-weq8.cfd,https://mostbet-weq8.cfd/,200,Coming Soon,0,0,0,thin_page,,,0
mostbet-weq9.cfd,https://mostbet-weq9.cfd/,200,Coming Soon,0,0,0,thin_page,,,0
mostbet-wer2.cfd,https://mostbet-wer2.cfd/,200,Coming Soon,0,0,0,thin_page,,,0
mostbet-wer4.cfd,https://mostbet-wer4.cfd/,200,Coming Soon,0,0,0,thin_page,,,0
mostbet-wes3.cfd,https://mostbet-wes3.cfd/,200,Coming Soon,0,0,0,thin_page,,,0
mostbet-wes9.cfd,https://mostbet-wes9.cfd/,200,Coming Soon,0,0,0,thin_page,,,0
mostbet-wet3.cfd,https://mostbet-wet3.cfd/,200,Coming Soon,0,0,0,thin_page,,,0
mostbet-wet4.cfd,https://mostbet-wet4.cfd/,200,Coming Soon,0,0,0,thin_page,,,0
mostbet-wet5.cfd,https://mostbet-wet5.cfd/,200,Coming Soon,0,0,0,thin_page,,,0
mostbet-wet6.cfd,https://mostbet-wet6.cfd/,200,Coming Soon,0,0,0,thin_page,,,0
mostbet-wev1.cfd,https://mostbet-wev1.cfd/,200,Coming Soon,0,0,0,thin_page,,,0
mostbet-wew2.cfd,https://mostbet-wew2.cfd/,200,Coming Soon,0,0,0,thin_page,,,0
mostbet-wew7.cfd,https://mostbet-wew7.cfd/,200,Coming Soon,0,0,0,thin_page,,,0
mostbet-wew8.cfd,https://mostbet-wew8.cfd/,200,Coming Soon,0,0,0,thin_page,,,0
mostbet-wew9.cfd,https://mostbet-wew9.cfd/,200,Coming Soon,0,0,0,thin_page,,,0
mostbet-wex2.cfd,https://mostbet-wex2.cfd/,200,Coming Soon,0,0,0,thin_page,,,0
mostbet-wex6.cfd,https://mostbet-wex6.cfd/,200,Coming Soon,0,0,0,thin_page,,,0
mostbet-wex9.cfd,https://mostbet-wex9.cfd/,200,Coming Soon,0,0,0,thin_page,,,0
mostbet-wey2.cfd,https://mostbet-wey2.cfd/,200,Coming Soon,0,0,0,thin_page,,,0
mostbet-wey3.cfd,https://mostbet-wey3.cfd/,200,Coming Soon,0,0,0,thin_page,,,0
mostbet-wez1.cfd,https://mostbet-wez1.cfd/,200,Coming Soon,0,0,0,thin_page,,,0
mostbet-wez6.top,https://mostbet-wez6.top/,200,Coming Soon,0,0,0,thin_page,,,0
mostbet-wez9.cfd,https://mostbet-wez9.cfd/,200,Coming Soon,0,0,0,thin_page,,,0
mostbet-wf2.xyz,https://mostbet-wf2.xyz/,200,Coming Soon,0,0,0,thin_page,,,0
mostbet-wf3.xyz,https://mostbet-wf3.xyz/,200,Coming Soon,0,0,0,thin_page,,,0
mostbet-wf5.xyz,https://mostbet-wf5.xyz/,200,Coming Soon,0,0,0,thin_page,,,0
mostbet-wf6.xyz,https://mostbet-wf6.xyz/,200,Coming Soon,0,0,0,thin_page,,,0
mostbet-wf7.xyz,https://mostbet-wf7.xyz/,200,Coming Soon,0,0,0,thin_page,,,0
mostbet-wf9.xyz,https://mostbet-wf9.xyz/,200,Coming Soon,0,0,0,thin_page,,,0
mostbet-wfa7.cfd,https://mostbet-wfa7.cfd/,200,Coming Soon,0,0,0,thin_page,,,0
mostbet-wfb1.cfd,https://mostbet-wfb1.cfd/,200,Coming Soon,0,0,0,thin_page,,,0
mostbet-wfb2.cfd,https://mostbet-wfb2.cfd/,200,Coming Soon,0,0,0,thin_page,,,0
mostbet-wfc2.cfd,https://mostbet-wfc2.cfd/,200,Coming Soon,0,0,0,thin_page,,,0
mostbet-wfc3.cfd,https://mostbet-wfc3.cfd/,200,Coming Soon,0,0,0,thin_page,,,0
mostbet-wfc8.cfd,https://mostbet-wfc8.cfd/,200,Coming Soon,0,0,0,thin_page,,,0
mostbet-wfd2.cfd,https://mostbet-wfd2.cfd/,200,Coming Soon,0,0,0,thin_page,,,0
mostbet-wfd5.cfd,https://mostbet-wfd5.cfd/,200,Coming Soon,0,0,0,thin_page,,,0
mostbet-wfd7.cfd,https://mostbet-wfd7.cfd/,200,Coming Soon,0,0,0,thin_page,,,0
mostbet-wfd8.cfd,https://mostbet-wfd8.cfd/,200,Coming Soon,0,0,0,thin_page,,,0
mostbet-wfe5.cfd,https://mostbet-wfe5.cfd/,200,Coming Soon,0,0,0,thin_page,,,0
mostbet-wff3.cfd,https://mostbet-wff3.cfd/,200,Coming Soon,0,0,0,thin_page,,,0
mostbet-wff5.cfd,https://mostbet-wff5.cfd/,200,Coming Soon,0,0,0,thin_page,,,0
mostbet-wfg1.cfd,https://mostbet-wfg1.cfd/,200,Coming Soon,0,0,0,thin_page,,,0
mostbet-wfg2.cfd,https://mostbet-wfg2.cfd/,200,Coming Soon,0,0,0,thin_page,,,0
mostbet-wfg4.cfd,https://mostbet-wfg4.cfd/,200,Coming Soon,0,0,0,thin_page,,,0
mostbet-wfg6.cfd,https://mostbet-wfg6.cfd/,200,Coming Soon,0,0,0,thin_page,,,0
mostbet-wfg8.cfd,https://mostbet-wfg8.cfd/,200,Coming Soon,0,0,0,thin_page,,,0
mostbet-wfh1.cfd,https://mostbet-wfh1.cfd/,200,Coming Soon,0,0,0,thin_page,,,0
mostbet-wfh4.cfd,https://mostbet-wfh4.cfd/,200,Coming Soon,0,0,0,thin_page,,,0
mostbet-wfh5.cfd,https://mostbet-wfh5.cfd/,200,Coming Soon,0,0,0,thin_page,,,0
mostbet-wfh9.cfd,https://mostbet-wfh9.cfd/,200,Coming Soon,0,0,0,thin_page,,,0
mostbet-wfi2.cfd,https://mostbet-wfi2.cfd/,200,Coming Soon,0,0,0,thin_page,,,0
mostbet-wfi7.cfd,https://mostbet-wfi7.cfd/,200,Coming Soon,0,0,0,thin_page,,,0
mostbet-wfj1.cfd,https://mostbet-wfj1.cfd/,200,Coming Soon,0,0,0,thin_page,,,0
mostbet-wfj4.cfd,https://mostbet-wfj4.cfd/,200,Coming Soon,0,0,0,thin_page,,,0
mostbet-wfj5.cfd,https://mostbet-wfj5.cfd/,200,Coming Soon,0,0,0,thin_page,,,0
mostbet-wfk4.cfd,https://mostbet-wfk4.cfd/,200,Coming Soon,0,0,0,thin_page,,,0
mostbet-wfk6.cfd,https://mostbet-wfk6.cfd/,200,Coming Soon,0,0,0,thin_page,,,0
mostbet-wfk7.cfd,https://mostbet-wfk7.cfd/,200,Coming Soon,0,0,0,thin_page,,,0
mostbet-wfl1.cfd,https://mostbet-wfl1.cfd/,200,Coming Soon,0,0,0,thin_page,,,0
mostbet-wfl2.cfd,https://mostbet-wfl2.cfd/,200,Coming Soon,0,0,0,thin_page,,,0
mostbet-wfl9.cfd,https://mostbet-wfl9.cfd/,200,Coming Soon,0,0,0,thin_page,,,0
mostbet-wfm6.cfd,https://mostbet-wfm6.cfd/,200,Coming Soon,0,0,0,thin_page,,,0
mostbet-wfm7.cfd,https://mostbet-wfm7.cfd/,200,Coming Soon,0,0,0,thin_page,,,0
mostbet-wfm9.cfd,https://mostbet-wfm9.cfd/,200,Coming Soon,0,0,0,thin_page,,,0
mostbet-wfn6.cfd,https://mostbet-wfn6.cfd/,200,Coming Soon,0,0,0,thin_page,,,0
mostbet-wfn9.cfd,https://mostbet-wfn9.cfd/,200,Coming Soon,0,0,0,thin_page,,,0
mostbet-wfo3.cfd,https://mostbet-wfo3.cfd/,200,Coming Soon,0,0,0,thin_page,,,0
mostbet-wfo6.cfd,https://mostbet-wfo6.cfd/,200,Coming Soon,0,0,0,thin_page,,,0
mostbet-wfp2.cfd,https://mostbet-wfp2.cfd/,200,Coming Soon,0,0,0,thin_page,,,0
mostbet-wfp5.cfd,https://mostbet-wfp5.cfd/,200,Coming Soon,0,0,0,thin_page,,,0
mostbet-wfp8.cfd,https://mostbet-wfp8.cfd/,200,Coming Soon,0,0,0,thin_page,,,0
mostbet-wfq1.cfd,https://mostbet-wfq1.cfd/,200,Coming Soon,0,0,0,thin_page,,,0
mostbet-wfq2.cfd,https://mostbet-wfq2.cfd/,200,Coming Soon,0,0,0,thin_page,,,0
mostbet-wfq3.cfd,https://mostbet-wfq3.cfd/,200,Coming Soon,0,0,0,thin_page,,,0
mostbet-wfq8.top,https://mostbet-wfq8.top/,200,Coming Soon,0,0,0,thin_page,,,0
mostbet-wfq9.cfd,https://mostbet-wfq9.cfd/,200,Coming Soon,0,0,0,thin_page,,,0
mostbet-wfr7.cfd,https://mostbet-wfr7.cfd/,200,Coming Soon,0,0,0,thin_page,,,0
mostbet-wfr8.cfd,https://mostbet-wfr8.cfd/,200,Coming Soon,0,0,0,thin_page,,,0
mostbet-wfr9.cfd,https://mostbet-wfr9.cfd/,200,Coming Soon,0,0,0,thin_page,,,0
mostbet-wfs3.cfd,https://mostbet-wfs3.cfd/,200,Coming Soon,0,0,0,thin_page,,,0
mostbet-wft1.cfd,https://mostbet-wft1.cfd/,200,Coming Soon,0,0,0,thin_page,,,0
mostbet-wft2.cfd,https://mostbet-wft2.cfd/,200,Coming Soon,0,0,0,thin_page,,,0
mostbet-wft5.cfd,https://mostbet-wft5.cfd/,200,Coming Soon,0,0,0,thin_page,,,0
mostbet-wft7.cfd,https://mostbet-wft7.cfd/,200,Coming Soon,0,0,0,thin_page,,,0
mostbet-wfu4.cfd,https://mostbet-wfu4.cfd/,200,Coming Soon,0,0,0,thin_page,,,0
mostbet-wfu5.top,https://mostbet-wfu5.top/,200,Coming Soon,0,0,0,thin_page,,,0
mostbet-wfu6.top,https://mostbet-wfu6.top/,200,Coming Soon,0,0,0,thin_page,,,0
mostbet-wfu7.cfd,https://mostbet-wfu7.cfd/,200,Coming Soon,0,0,0,thin_page,,,0
mostbet-wfu8.cfd,https://mostbet-wfu8.cfd/,200,Coming Soon,0,0,0,thin_page,,,0
mostbet-wfu9.cfd,https://mostbet-wfu9.cfd/,200,Coming Soon,0,0,0,thin_page,,,0
mostbet-wfv3.cfd,https://mostbet-wfv3.cfd/,200,Coming Soon,0,0,0,thin_page,,,0
mostbet-wfw1.cfd,https://mostbet-wfw1.cfd/,200,Coming Soon,0,0,0,thin_page,,,0
mostbet-wfw3.cfd,https://mostbet-wfw3.cfd/,200,Coming Soon,0,0,0,thin_page,,,0
mostbet-wfw5.cfd,https://mostbet-wfw5.cfd/,200,Coming Soon,0,0,0,thin_page,,,0
mostbet-wfw9.cfd,https://mostbet-wfw9.cfd/,200,Coming Soon,0,0,0,thin_page,,,0
mostbet-wfx2.cfd,https://mostbet-wfx2.cfd/,200,Coming Soon,0,0,0,thin_page,,,0
mostbet-wfx8.cfd,https://mostbet-wfx8.cfd/,200,Coming Soon,0,0,0,thin_page,,,0
mostbet-wfy1.cfd,https://mostbet-wfy1.cfd/,200,Coming Soon,0,0,0,thin_page,,,0
mostbet-wfy2.cfd,https://mostbet-wfy2.cfd/,200,Coming Soon,0,0,0,thin_page,,,0
mostbet-wfy3.cfd,https://mostbet-wfy3.cfd/,200,Coming Soon,0,0,0,thin_page,,,0
mostbet-wfy7.cfd,https://mostbet-wfy7.cfd/,200,Coming Soon,0,0,0,thin_page,,,0
mostbet-wfy8.cfd,https://mostbet-wfy8.cfd/,200,Coming Soon,0,0,0,thin_page,,,0
mostbet-wfz5.cfd,https://mostbet-wfz5.cfd/,200,Coming Soon,0,0,0,thin_page,,,0
mostbet-wg2.xyz,https://mostbet-wg2.xyz/,200,Coming Soon,0,0,0,thin_page,,,0
mostbet-wg6.xyz,https://mostbet-wg6.xyz/,200,Coming Soon,0,0,0,thin_page,,,0
mostbet-wg7.xyz,https://mostbet-wg7.xyz/,200,Coming Soon,0,0,0,thin_page,,,0
mostbet-wg8.xyz,https://mostbet-wg8.xyz/,200,Coming Soon,0,0,0,thin_page,,,0
mostbet-wg9.xyz,https://mostbet-wg9.xyz/,200,Coming Soon,0,0,0,thin_page,,,0
mostbet-wga3.cfd,https://mostbet-wga3.cfd/,200,Coming Soon,0,0,0,thin_page,,,0
mostbet-wga5.cfd,https://mostbet-wga5.cfd/,200,Coming Soon,0,0,0,thin_page,,,0
mostbet-wga6.cfd,https://mostbet-wga6.cfd/,200,Coming Soon,0,0,0,thin_page,,,0
mostbet-wga7.cfd,https://mostbet-wga7.cfd/,200,Coming Soon,0,0,0,thin_page,,,0
mostbet-wgb1.cfd,https://mostbet-wgb1.cfd/,200,Coming Soon,0,0,0,thin_page,,,0
mostbet-wgb2.cfd,https://mostbet-wgb2.cfd/,200,Coming Soon,0,0,0,thin_page,,,0
mostbet-wgb4.cfd,https://mostbet-wgb4.cfd/,200,Coming Soon,0,0,0,thin_page,,,0
mostbet-wgd1.cfd,https://mostbet-wgd1.cfd/,200,Coming Soon,0,0,0,thin_page,,,0
mostbet-wgd5.cfd,https://mostbet-wgd5.cfd/,200,Coming Soon,0,0,0,thin_page,,,0
mostbet-wgd9.cfd,https://mostbet-wgd9.cfd/,200,Coming Soon,0,0,0,thin_page,,,0
mostbet-wge3.cfd,https://mostbet-wge3.cfd/,200,Coming Soon,0,0,0,thin_page,,,0
mostbet-wge5.cfd,https://mostbet-wge5.cfd/,200,Coming Soon,0,0,0,thin_page,,,0
mostbet-wgf4.cfd,https://mostbet-wgf4.cfd/,200,Coming Soon,0,0,0,thin_page,,,0
mostbet-wgf5.cfd,https://mostbet-wgf5.cfd/,200,Coming Soon,0,0,0,thin_page,,,0
mostbet-wgf7.cfd,https://mostbet-wgf7.cfd/,200,Coming Soon,0,0,0,thin_page,,,0
mostbet-wgf9.cfd,https://mostbet-wgf9.cfd/,200,Coming Soon,0,0,0,thin_page,,,0
mostbet-wgg2.cfd,https://mostbet-wgg2.cfd/,200,Coming Soon,0,0,0,thin_page,,,0
mostbet-wgh2.cfd,https://mostbet-wgh2.cfd/,200,Coming Soon,0,0,0,thin_page,,,0
mostbet-wgh3.cfd,https://mostbet-wgh3.cfd/,200,Coming Soon,0,0,0,thin_page,,,0
mostbet-wgh4.cfd,https://mostbet-wgh4.cfd/,200,Coming Soon,0,0,0,thin_page,,,0
mostbet-wgh5.cfd,https://mostbet-wgh5.cfd/,200,Coming Soon,0,0,0,thin_page,,,0
mostbet-wgh8.cfd,https://mostbet-wgh8.cfd/,200,Coming Soon,0,0,0,thin_page,,,0
mostbet-wgi2.cfd,https://mostbet-wgi2.cfd/,200,Coming Soon,0,0,0,thin_page,,,0
mostbet-wgi5.cfd,https://mostbet-wgi5.cfd/,200,Coming Soon,0,0,0,thin_page,,,0
mostbet-wgi6.cfd,https://mostbet-wgi6.cfd/,200,Coming Soon,0,0,0,thin_page,,,0
mostbet-wgi7.cfd,https://mostbet-wgi7.cfd/,200,Coming Soon,0,0,0,thin_page,,,0
mostbet-wgj5.cfd,https://mostbet-wgj5.cfd/,200,Coming Soon,0,0,0,thin_page,,,0
mostbet-wgj7.cfd,https://mostbet-wgj7.cfd/,200,Coming Soon,0,0,0,thin_page,,,0
mostbet-wgj8.cfd,https://mostbet-wgj8.cfd/,200,Coming Soon,0,0,0,thin_page,,,0
mostbet-wgk9.cfd,https://mostbet-wgk9.cfd/,200,Coming Soon,0,0,0,thin_page,,,0
mostbet-wgl6.cfd,https://mostbet-wgl6.cfd/,200,Coming Soon,0,0,0,thin_page,,,0
mostbet-wgl8.cfd,https://mostbet-wgl8.cfd/,200,Coming Soon,0,0,0,thin_page,,,0
mostbet-wgm4.cfd,https://mostbet-wgm4.cfd/,200,Coming Soon,0,0,0,thin_page,,,0
mostbet-wgm5.top,https://mostbet-wgm5.top/,200,Coming Soon,0,0,0,thin_page,,,0
mostbet-wgm7.cfd,https://mostbet-wgm7.cfd/,200,Coming Soon,0,0,0,thin_page,,,0
mostbet-wgn2.cfd,https://mostbet-wgn2.cfd/,200,Coming Soon,0,0,0,thin_page,,,0
mostbet-wgn3.cfd,https://mostbet-wgn3.cfd/,200,Coming Soon,0,0,0,thin_page,,,0
mostbet-wgn7.top,https://mostbet-wgn7.top/,200,Coming Soon,0,0,0,thin_page,,,0
mostbet-wgn9.cfd,https://mostbet-wgn9.cfd/,200,Coming Soon,0,0,0,thin_page,,,0
mostbet-wgo3.cfd,https://mostbet-wgo3.cfd/,200,Coming Soon,0,0,0,thin_page,,,0
mostbet-wgo5.cfd,https://mostbet-wgo5.cfd/,200,Coming Soon,0,0,0,thin_page,,,0
mostbet-wgo9.cfd,https://mostbet-wgo9.cfd/,200,Coming Soon,0,0,0,thin_page,,,0
mostbet-wgp4.cfd,https://mostbet-wgp4.cfd/,200,Coming Soon,0,0,0,thin_page,,,0
mostbet-wgp6.cfd,https://mostbet-wgp6.cfd/,200,Coming Soon,0,0,0,thin_page,,,0
mostbet-wgq3.cfd,https://mostbet-wgq3.cfd/,200,Coming Soon,0,0,0,thin_page,,,0
mostbet-wgq4.cfd,https://mostbet-wgq4.cfd/,200,Coming Soon,0,0,0,thin_page,,,0
mostbet-wgq5.cfd,https://mostbet-wgq5.cfd/,200,Coming Soon,0,0,0,thin_page,,,0
mostbet-wgq8.cfd,https://mostbet-wgq8.cfd/,200,Coming Soon,0,0,0,thin_page,,,0
mostbet-wgq9.cfd,https://mostbet-wgq9.cfd/,200,Coming Soon,0,0,0,thin_page,,,0
mostbet-wgr5.top,https://mostbet-wgr5.top/,200,Coming Soon,0,0,0,thin_page,,,0
mostbet-wgr9.cfd,https://mostbet-wgr9.cfd/,200,Coming Soon,0,0,0,thin_page,,,0
mostbet-wgs1.cfd,https://mostbet-wgs1.cfd/,200,Coming Soon,0,0,0,thin_page,,,0
mostbet-wgs9.cfd,https://mostbet-wgs9.cfd/,200,Coming Soon,0,0,0,thin_page,,,0
mostbet-wgt1.cfd,https://mostbet-wgt1.cfd/,200,Coming Soon,0,0,0,thin_page,,,0
mostbet-wgt4.cfd,https://mostbet-wgt4.cfd/,200,Coming Soon,0,0,0,thin_page,,,0
mostbet-wgt5.cfd,https://mostbet-wgt5.cfd/,200,Coming Soon,0,0,0,thin_page,,,0
mostbet-wgt7.xyz,https://mostbet-wgt7.xyz/,200,Coming Soon,0,0,0,thin_page,,,0
mostbet-wgu2.cfd,https://mostbet-wgu2.cfd/,200,Coming Soon,0,0,0,thin_page,,,0
mostbet-wgu5.cfd,https://mostbet-wgu5.cfd/,200,Coming Soon,0,0,0,thin_page,,,0
mostbet-wgu6.cfd,https://mostbet-wgu6.cfd/,200,Coming Soon,0,0,0,thin_page,,,0
mostbet-wgv1.top,https://mostbet-wgv1.top/,200,Coming Soon,0,0,0,thin_page,,,0
mostbet-wgv3.cfd,https://mostbet-wgv3.cfd/,200,Coming Soon,0,0,0,thin_page,,,0
mostbet-wgv5.cfd,https://mostbet-wgv5.cfd/,200,Coming Soon,0,0,0,thin_page,,,0
mostbet-wgv8.cfd,https://mostbet-wgv8.cfd/,200,Coming Soon,0,0,0,thin_page,,,0
mostbet-wgv9.cfd,https://mostbet-wgv9.cfd/,200,Coming Soon,0,0,0,thin_page,,,0
mostbet-wgw3.cfd,https://mostbet-wgw3.cfd/,200,Coming Soon,0,0,0,thin_page,,,0
mostbet-wgw6.cfd,https://mostbet-wgw6.cfd/,200,Coming Soon,0,0,0,thin_page,,,0
mostbet-wgw7.top,https://mostbet-wgw7.top/,200,Coming Soon,0,0,0,thin_page,,,0
mostbet-wgw8.cfd,https://mostbet-wgw8.cfd/,200,Coming Soon,0,0,0,thin_page,,,0
mostbet-wgx9.cfd,https://mostbet-wgx9.cfd/,200,Coming Soon,0,0,0,thin_page,,,0
mostbet-wgy1.cfd,https://mostbet-wgy1.cfd/,200,Coming Soon,0,0,0,thin_page,,,0
mostbet-wgy5.cfd,https://mostbet-wgy5.cfd/,200,Coming Soon,0,0,0,thin_page,,,0
mostbet-wgy6.cfd,https://mostbet-wgy6.cfd/,200,Coming Soon,0,0,0,thin_page,,,0
mostbet-wgz3.cfd,https://mostbet-wgz3.cfd/,200,Coming Soon,0,0,0,thin_page,,,0
mostbet-wh3.xyz,https://mostbet-wh3.xyz/,200,Coming Soon,0,0,0,thin_page,,,0
mostbet-wh4.xyz,https://mostbet-wh4.xyz/,200,Coming Soon,0,0,0,thin_page,,,0
mostbet-wh6.xyz,https://mostbet-wh6.xyz/,200,Coming Soon,0,0,0,thin_page,,,0
mostbet-wh7.xyz,https://mostbet-wh7.xyz/,200,Coming Soon,0,0,0,thin_page,,,0
mostbet-wh8.xyz,https://mostbet-wh8.xyz/,200,Coming Soon,0,0,0,thin_page,,,0
mostbet-wha2.cfd,https://mostbet-wha2.cfd/,200,Coming Soon,0,0,0,thin_page,,,0
mostbet-wha3.cfd,https://mostbet-wha3.cfd/,200,Coming Soon,0,0,0,thin_page,,,0
mostbet-wha5.cfd,https://mostbet-wha5.cfd/,200,Coming Soon,0,0,0,thin_page,,,0
mostbet-wha7.cfd,https://mostbet-wha7.cfd/,200,Coming Soon,0,0,0,thin_page,,,0
mostbet-wha8.cfd,https://mostbet-wha8.cfd/,200,Coming Soon,0,0,0,thin_page,,,0
mostbet-whb1.cfd,https://mostbet-whb1.cfd/,200,Coming Soon,0,0,0,thin_page,,,0
mostbet-whc1.cfd,https://mostbet-whc1.cfd/,200,Coming Soon,0,0,0,thin_page,,,0
mostbet-whc2.cfd,https://mostbet-whc2.cfd/,200,Coming Soon,0,0,0,thin_page,,,0
mostbet-whc5.cfd,https://mostbet-whc5.cfd/,200,Coming Soon,0,0,0,thin_page,,,0
mostbet-whc6.top,https://mostbet-whc6.top/,200,Coming Soon,0,0,0,thin_page,,,0
mostbet-whc7.cfd,https://mostbet-whc7.cfd/,200,Coming Soon,0,0,0,thin_page,,,0
mostbet-whc8.cfd,https://mostbet-whc8.cfd/,200,Coming Soon,0,0,0,thin_page,,,0
mostbet-whc9.cfd,https://mostbet-whc9.cfd/,200,Coming Soon,0,0,0,thin_page,,,0
mostbet-whd8.cfd,https://mostbet-whd8.cfd/,200,Coming Soon,0,0,0,thin_page,,,0
mostbet-whe1.cfd,https://mostbet-whe1.cfd/,200,Coming Soon,0,0,0,thin_page,,,0
mostbet-whe8.cfd,https://mostbet-whe8.cfd/,200,Coming Soon,0,0,0,thin_page,,,0
mostbet-whf3.cfd,https://mostbet-whf3.cfd/,200,Coming Soon,0,0,0,thin_page,,,0
mostbet-whg1.cfd,https://mostbet-whg1.cfd/,200,Coming Soon,0,0,0,thin_page,,,0
mostbet-whg5.cfd,https://mostbet-whg5.cfd/,200,Coming Soon,0,0,0,thin_page,,,0
mostbet-whg9.cfd,https://mostbet-whg9.cfd/,200,Coming Soon,0,0,0,thin_page,,,0
mostbet-whh3.cfd,https://mostbet-whh3.cfd/,200,Coming Soon,0,0,0,thin_page,,,0
mostbet-whi4.cfd,https://mostbet-whi4.cfd/,200,Coming Soon,0,0,0,thin_page,,,0
mostbet-whi7.cfd,https://mostbet-whi7.cfd/,200,Coming Soon,0,0,0,thin_page,,,0
mostbet-whi8.cfd,https://mostbet-whi8.cfd/,200,Coming Soon,0,0,0,thin_page,,,0
mostbet-whj3.cfd,https://mostbet-whj3.cfd/,200,Coming Soon,0,0,0,thin_page,,,0
mostbet-whj9.cfd,https://mostbet-whj9.cfd/,200,Coming Soon,0,0,0,thin_page,,,0
mostbet-whk3.cfd,https://mostbet-whk3.cfd/,200,Coming Soon,0,0,0,thin_page,,,0
mostbet-whk6.cfd,https://mostbet-whk6.cfd/,200,Coming Soon,0,0,0,thin_page,,,0
mostbet-whl3.cfd,https://mostbet-whl3.cfd/,200,Coming Soon,0,0,0,thin_page,,,0
mostbet-whl4.cfd,https://mostbet-whl4.cfd/,200,Coming Soon,0,0,0,thin_page,,,0
mostbet-whm5.cfd,https://mostbet-whm5.cfd/,200,Coming Soon,0,0,0,thin_page,,,0
mostbet-whn3.cfd,https://mostbet-whn3.cfd/,200,Coming Soon,0,0,0,thin_page,,,0
mostbet-whn4.cfd,https://mostbet-whn4.cfd/,200,Coming Soon,0,0,0,thin_page,,,0
mostbet-whn7.cfd,https://mostbet-whn7.cfd/,200,Coming Soon,0,0,0,thin_page,,,0
mostbet-whn9.cfd,https://mostbet-whn9.cfd/,200,Coming Soon,0,0,0,thin_page,,,0
mostbet-who3.cfd,https://mostbet-who3.cfd/,200,Coming Soon,0,0,0,thin_page,,,0
mostbet-who4.cfd,https://mostbet-who4.cfd/,200,Coming Soon,0,0,0,thin_page,,,0
mostbet-who5.cfd,https://mostbet-who5.cfd/,200,Coming Soon,0,0,0,thin_page,,,0
mostbet-who7.cfd,https://mostbet-who7.cfd/,200,Coming Soon,0,0,0,thin_page,,,0
mostbet-who8.cfd,https://mostbet-who8.cfd/,200,Coming Soon,0,0,0,thin_page,,,0
mostbet-whp3.cfd,https://mostbet-whp3.cfd/,200,Coming Soon,0,0,0,thin_page,,,0
mostbet-whp8.cfd,https://mostbet-whp8.cfd/,200,Coming Soon,0,0,0,thin_page,,,0
mostbet-whq4.cfd,https://mostbet-whq4.cfd/,200,Coming Soon,0,0,0,thin_page,,,0
mostbet-whq6.cfd,https://mostbet-whq6.cfd/,200,Coming Soon,0,0,0,thin_page,,,0
mostbet-whr6.cfd,https://mostbet-whr6.cfd/,200,Coming Soon,0,0,0,thin_page,,,0
mostbet-whr7.cfd,https://mostbet-whr7.cfd/,200,Coming Soon,0,0,0,thin_page,,,0
mostbet-whr8.cfd,https://mostbet-whr8.cfd/,200,Coming Soon,0,0,0,thin_page,,,0
mostbet-whs8.cfd,https://mostbet-whs8.cfd/,200,Coming Soon,0,0,0,thin_page,,,0
mostbet-whs9.cfd,https://mostbet-whs9.cfd/,200,Coming Soon,0,0,0,thin_page,,,0
mostbet-wht2.cfd,https://mostbet-wht2.cfd/,200,Coming Soon,0,0,0,thin_page,,,0
mostbet-wht7.cfd,https://mostbet-wht7.cfd/,200,Coming Soon,0,0,0,thin_page,,,0
mostbet-wht8.cfd,https://mostbet-wht8.cfd/,200,Coming Soon,0,0,0,thin_page,,,0
mostbet-wht9.cfd,https://mostbet-wht9.cfd/,200,Coming Soon,0,0,0,thin_page,,,0
mostbet-whu3.cfd,https://mostbet-whu3.cfd/,200,Coming Soon,0,0,0,thin_page,,,0
mostbet-whu5.cfd,https://mostbet-whu5.cfd/,200,Coming Soon,0,0,0,thin_page,,,0
mostbet-whv1.cfd,https://mostbet-whv1.cfd/,200,Coming Soon,0,0,0,thin_page,,,0
mostbet-whv2.cfd,https://mostbet-whv2.cfd/,200,Coming Soon,0,0,0,thin_page,,,0
mostbet-whv8.cfd,https://mostbet-whv8.cfd/,200,Coming Soon,0,0,0,thin_page,,,0
mostbet-whv9.cfd,https://mostbet-whv9.cfd/,200,Coming Soon,0,0,0,thin_page,,,0
mostbet-whw3.cfd,https://mostbet-whw3.cfd/,200,Coming Soon,0,0,0,thin_page,,,0
mostbet-whw4.cfd,https://mostbet-whw4.cfd/,200,Coming Soon,0,0,0,thin_page,,,0
mostbet-whw6.cfd,https://mostbet-whw6.cfd/,200,Coming Soon,0,0,0,thin_page,,,0
mostbet-whx1.cfd,https://mostbet-whx1.cfd/,200,Coming Soon,0,0,0,thin_page,,,0
mostbet-whx4.cfd,https://mostbet-whx4.cfd/,200,Coming Soon,0,0,0,thin_page,,,0
mostbet-why1.cfd,https://mostbet-why1.cfd/,200,Coming Soon,0,0,0,thin_page,,,0
mostbet-why2.cfd,https://mostbet-why2.cfd/,200,Coming Soon,0,0,0,thin_page,,,0
mostbet-why4.cfd,https://mostbet-why4.cfd/,200,Coming Soon,0,0,0,thin_page,,,0
mostbet-why7.cfd,https://mostbet-why7.cfd/,200,Coming Soon,0,0,0,thin_page,,,0
mostbet-why8.cfd,https://mostbet-why8.cfd/,200,Coming Soon,0,0,0,thin_page,,,0
mostbet-whz2.cfd,https://mostbet-whz2.cfd/,200,Coming Soon,0,0,0,thin_page,,,0
mostbet-whz4.cfd,https://mostbet-whz4.cfd/,200,Coming Soon,0,0,0,thin_page,,,0
mostbet-wi1.xyz,https://mostbet-wi1.xyz/,200,Coming Soon,0,0,0,thin_page,,,0
mostbet-wi3.xyz,https://mostbet-wi3.xyz/,200,Coming Soon,0,0,0,thin_page,,,0
mostbet-wi4.xyz,https://mostbet-wi4.xyz/,200,Coming Soon,0,0,0,thin_page,,,0
mostbet-wi5.xyz,https://mostbet-wi5.xyz/,200,Coming Soon,0,0,0,thin_page,,,0
mostbet-wia2.cfd,https://mostbet-wia2.cfd/,200,Coming Soon,0,0,0,thin_page,,,0
mostbet-wia6.cfd,https://mostbet-wia6.cfd/,200,Coming Soon,0,0,0,thin_page,,,0
mostbet-wib1.cfd,https://mostbet-wib1.cfd/,200,Coming Soon,0,0,0,thin_page,,,0
mostbet-wib5.cfd,https://mostbet-wib5.cfd/,200,Coming Soon,0,0,0,thin_page,,,0
mostbet-wib6.cfd,https://mostbet-wib6.cfd/,200,Coming Soon,0,0,0,thin_page,,,0
mostbet-wib9.cfd,https://mostbet-wib9.cfd/,200,Coming Soon,0,0,0,thin_page,,,0
mostbet-wic1.cfd,https://mostbet-wic1.cfd/,200,Coming Soon,0,0,0,thin_page,,,0
mostbet-wic5.cfd,https://mostbet-wic5.cfd/,200,Coming Soon,0,0,0,thin_page,,,0
mostbet-wic7.cfd,https://mostbet-wic7.cfd/,200,Coming Soon,0,0,0,thin_page,,,0
mostbet-wic8.cfd,https://mostbet-wic8.cfd/,200,Coming Soon,0,0,0,thin_page,,,0
mostbet-wid1.cfd,https://mostbet-wid1.cfd/,200,Coming Soon,0,0,0,thin_page,,,0
mostbet-wid2.cfd,https://mostbet-wid2.cfd/,200,Coming Soon,0,0,0,thin_page,,,0
mostbet-wid7.cfd,https://mostbet-wid7.cfd/,200,Coming Soon,0,0,0,thin_page,,,0
mostbet-wid9.cfd,https://mostbet-wid9.cfd/,200,Coming Soon,0,0,0,thin_page,,,0
mostbet-wie2.cfd,https://mostbet-wie2.cfd/,200,Coming Soon,0,0,0,thin_page,,,0
mostbet-wie3.cfd,https://mostbet-wie3.cfd/,200,Coming Soon,0,0,0,thin_page,,,0
mostbet-wie8.cfd,https://mostbet-wie8.cfd/,200,Coming Soon,0,0,0,thin_page,,,0
mostbet-wif5.cfd,https://mostbet-wif5.cfd/,200,Coming Soon,0,0,0,thin_page,,,0
mostbet-wif6.cfd,https://mostbet-wif6.cfd/,200,Coming Soon,0,0,0,thin_page,,,0
mostbet-wif9.cfd,https://mostbet-wif9.cfd/,200,Coming Soon,0,0,0,thin_page,,,0
mostbet-wig1.cfd,https://mostbet-wig1.cfd/,200,Coming Soon,0,0,0,thin_page,,,0
mostbet-wig4.cfd,https://mostbet-wig4.cfd/,200,Coming Soon,0,0,0,thin_page,,,0
mostbet-wig5.cfd,https://mostbet-wig5.cfd/,200,Coming Soon,0,0,0,thin_page,,,0
mostbet-wig8.top,https://mostbet-wig8.top/,200,Coming Soon,0,0,0,thin_page,,,0
mostbet-wih1.cfd,https://mostbet-wih1.cfd/,200,Coming Soon,0,0,0,thin_page,,,0
mostbet-wih2.cfd,https://mostbet-wih2.cfd/,200,Coming Soon,0,0,0,thin_page,,,0
mostbet-wih3.cfd,https://mostbet-wih3.cfd/,200,Coming Soon,0,0,0,thin_page,,,0
mostbet-wih7.cfd,https://mostbet-wih7.cfd/,200,Coming Soon,0,0,0,thin_page,,,0
mostbet-wii2.cfd,https://mostbet-wii2.cfd/,200,Coming Soon,0,0,0,thin_page,,,0
mostbet-wii4.cfd,https://mostbet-wii4.cfd/,200,Coming Soon,0,0,0,thin_page,,,0
mostbet-wii8.cfd,https://mostbet-wii8.cfd/,200,Coming Soon,0,0,0,thin_page,,,0
mostbet-wii9.cfd,https://mostbet-wii9.cfd/,200,Coming Soon,0,0,0,thin_page,,,0
mostbet-wij1.top,https://mostbet-wij1.top/,200,Coming Soon,0,0,0,thin_page,,,0
mostbet-wij2.cfd,https://mostbet-wij2.cfd/,200,Coming Soon,0,0,0,thin_page,,,0
mostbet-wij3.cfd,https://mostbet-wij3.cfd/,200,Coming Soon,0,0,0,thin_page,,,0
mostbet-wij4.cfd,https://mostbet-wij4.cfd/,200,Coming Soon,0,0,0,thin_page,,,0
mostbet-wik3.cfd,https://mostbet-wik3.cfd/,200,Coming Soon,0,0,0,thin_page,,,0
mostbet-wik5.cfd,https://mostbet-wik5.cfd/,200,Coming Soon,0,0,0,thin_page,,,0
mostbet-wik8.cfd,https://mostbet-wik8.cfd/,200,Coming Soon,0,0,0,thin_page,,,0
mostbet-wil4.cfd,https://mostbet-wil4.cfd/,200,Coming Soon,0,0,0,thin_page,,,0
mostbet-wil6.cfd,https://mostbet-wil6.cfd/,200,Coming Soon,0,0,0,thin_page,,,0
mostbet-wil8.cfd,https://mostbet-wil8.cfd/,200,Coming Soon,0,0,0,thin_page,,,0
mostbet-wim1.top,https://mostbet-wim1.top/,200,Coming Soon,0,0,0,thin_page,,,0
mostbet-wim5.cfd,https://mostbet-wim5.cfd/,200,Coming Soon,0,0,0,thin_page,,,0
mostbet-wim6.cfd,https://mostbet-wim6.cfd/,200,Coming Soon,0,0,0,thin_page,,,0
mostbet-wim7.cfd,https://mostbet-wim7.cfd/,200,Coming Soon,0,0,0,thin_page,,,0
mostbet-wim8.cfd,https://mostbet-wim8.cfd/,200,Coming Soon,0,0,0,thin_page,,,0
mostbet-win.biz,http://mostbet-win.biz/,200,Success!,0,0,0,thin_page,,,0
mostbet-win.cyou,https://mostbet-polska-win.online/,200,Mostbest — Online Casino & Sports Betting | €500 Welcome Bonus + 250 FS,0,2,0,,,,0
mostbet-win.org,https://mostbet-win.org/,200,Mostbet mərc və kazino əməliyyatları qaydaları və ödənişlər,81,16,1,,,s4a8d2f7g.top,5
mostbet-win.xyz,http://mostbet-win.xyz/,200,Success!,0,0,0,thin_page,,,0
mostbet-win1.top,https://mostbet-win1.top/,200,Coming Soon,0,0,0,thin_page,,,0
mostbet-win5.cfd,https://mostbet-win5.cfd/,200,Coming Soon,0,0,0,thin_page,,,0
mostbet-winstr.com,https://mostbet-winstr.com/,200,Mostbet Türiye giriş - Mostbet Casino,62,1,0,,,,0
mostbet-wio2.cfd,https://mostbet-wio2.cfd/,200,Coming Soon,0,0,0,thin_page,,,0
mostbet-wio4.cfd,https://mostbet-wio4.cfd/,200,Coming Soon,0,0,0,thin_page,,,0
mostbet-wip2.cfd,https://mostbet-wip2.cfd/,200,Coming Soon,0,0,0,thin_page,,,0
mostbet-wip8.cfd,https://mostbet-wip8.cfd/,200,Coming Soon,0,0,0,thin_page,,,0
mostbet-wip9.cfd,https://mostbet-wip9.cfd/,200,Coming Soon,0,0,0,thin_page,,,0
mostbet-wiq1.cfd,https://mostbet-wiq1.cfd/,200,Coming Soon,0,0,0,thin_page,,,0
mostbet-wiq7.cfd,https://mostbet-wiq7.cfd/,200,Coming Soon,0,0,0,thin_page,,,0
mostbet-wir4.top,https://mostbet-wir4.top/,200,Coming Soon,0,0,0,thin_page,,,0
mostbet-wir6.cfd,https://mostbet-wir6.cfd/,200,Coming Soon,0,0,0,thin_page,,,0
mostbet-wir7.cfd,https://mostbet-wir7.cfd/,200,Coming Soon,0,0,0,thin_page,,,0
mostbet-wir8.cfd,https://mostbet-wir8.cfd/,200,Coming Soon,0,0,0,thin_page,,,0
mostbet-wir9.cfd,https://mostbet-wir9.cfd/,200,Coming Soon,0,0,0,thin_page,,,0
mostbet-wis1.cfd,https://mostbet-wis1.cfd/,200,Coming Soon,0,0,0,thin_page,,,0
mostbet-wis2.cfd,https://mostbet-wis2.cfd/,200,Coming Soon,0,0,0,thin_page,,,0
mostbet-wis5.cfd,https://mostbet-wis5.cfd/,200,Coming Soon,0,0,0,thin_page,,,0
mostbet-wis8.cfd,https://mostbet-wis8.cfd/,200,Coming Soon,0,0,0,thin_page,,,0
mostbet-wit3.cfd,https://mostbet-wit3.cfd/,200,Coming Soon,0,0,0,thin_page,,,0
mostbet-wit5.cfd,https://mostbet-wit5.cfd/,200,Coming Soon,0,0,0,thin_page,,,0
mostbet-wit7.cfd,https://mostbet-wit7.cfd/,200,Coming Soon,0,0,0,thin_page,,,0
mostbet-wiu1.cfd,https://mostbet-wiu1.cfd/,200,Coming Soon,0,0,0,thin_page,,,0
mostbet-wiv3.cfd,https://mostbet-wiv3.cfd/,200,Coming Soon,0,0,0,thin_page,,,0
mostbet-wiv5.cfd,https://mostbet-wiv5.cfd/,200,Coming Soon,0,0,0,thin_page,,,0
mostbet-wiv7.cfd,https://mostbet-wiv7.cfd/,200,Coming Soon,0,0,0,thin_page,,,0
mostbet-wiw3.cfd,https://mostbet-wiw3.cfd/,200,Coming Soon,0,0,0,thin_page,,,0
mostbet-wiw9.cfd,https://mostbet-wiw9.cfd/,200,Coming Soon,0,0,0,thin_page,,,0
mostbet-wix1.cfd,https://mostbet-wix1.cfd/,200,Coming Soon,0,0,0,thin_page,,,0
mostbet-wix6.cfd,https://mostbet-wix6.cfd/,200,Coming Soon,0,0,0,thin_page,,,0
mostbet-wix7.cfd,https://mostbet-wix7.cfd/,200,Coming Soon,0,0,0,thin_page,,,0
mostbet-wix9.cfd,https://mostbet-wix9.cfd/,200,Coming Soon,0,0,0,thin_page,,,0
mostbet-wiy2.cfd,https://mostbet-wiy2.cfd/,200,Coming Soon,0,0,0,thin_page,,,0
mostbet-wiy4.cfd,https://mostbet-wiy4.cfd/,200,Coming Soon,0,0,0,thin_page,,,0
mostbet-wiz1.cfd,https://mostbet-wiz1.cfd/,200,Coming Soon,0,0,0,thin_page,,,0
mostbet-wiz2.cfd,https://mostbet-wiz2.cfd/,200,Coming Soon,0,0,0,thin_page,,,0
mostbet-wiz9.cfd,https://mostbet-wiz9.cfd/,200,Coming Soon,0,0,0,thin_page,,,0
mostbet-wj.top,https://mostbet-wj.top/,200,Coming Soon,0,0,0,thin_page,,,0
mostbet-wj1.xyz,https://mostbet-wj1.xyz/,200,Coming Soon,0,0,0,thin_page,,,0
mostbet-wj4.xyz,https://mostbet-wj4.xyz/,200,Coming Soon,0,0,0,thin_page,,,0
mostbet-wj8.xyz,https://mostbet-wj8.xyz/,200,Coming Soon,0,0,0,thin_page,,,0
mostbet-wj9.xyz,https://mostbet-wj9.xyz/,200,Coming Soon,0,0,0,thin_page,,,0
mostbet-wja6.cfd,https://mostbet-wja6.cfd/,200,Coming Soon,0,0,0,thin_page,,,0
mostbet-wja7.cfd,https://mostbet-wja7.cfd/,200,Coming Soon,0,0,0,thin_page,,,0
mostbet-wjb1.cfd,https://mostbet-wjb1.cfd/,200,Coming Soon,0,0,0,thin_page,,,0
mostbet-wjb8.cfd,https://mostbet-wjb8.cfd/,200,Coming Soon,0,0,0,thin_page,,,0
mostbet-wjc2.cfd,https://mostbet-wjc2.cfd/,200,Coming Soon,0,0,0,thin_page,,,0
mostbet-wjd7.cfd,https://mostbet-wjd7.cfd/,200,Coming Soon,0,0,0,thin_page,,,0
mostbet-wjd9.cfd,https://mostbet-wjd9.cfd/,200,Coming Soon,0,0,0,thin_page,,,0
mostbet-wje3.cfd,https://mostbet-wje3.cfd/,200,Coming Soon,0,0,0,thin_page,,,0
mostbet-wje8.cfd,https://mostbet-wje8.cfd/,200,Coming Soon,0,0,0,thin_page,,,0
mostbet-wjf2.cfd,https://mostbet-wjf2.cfd/,200,Coming Soon,0,0,0,thin_page,,,0
mostbet-wjf3.cfd,https://mostbet-wjf3.cfd/,200,Coming Soon,0,0,0,thin_page,,,0
mostbet-wjf9.cfd,https://mostbet-wjf9.cfd/,200,Coming Soon,0,0,0,thin_page,,,0
mostbet-wjg2.top,https://mostbet-wjg2.top/,200,Coming Soon,0,0,0,thin_page,,,0
mostbet-wjg5.cfd,https://mostbet-wjg5.cfd/,200,Coming Soon,0,0,0,thin_page,,,0
mostbet-wjg6.top,https://mostbet-wjg6.top/,200,Coming Soon,0,0,0,thin_page,,,0
mostbet-wjg7.cfd,https://mostbet-wjg7.cfd/,200,Coming Soon,0,0,0,thin_page,,,0
mostbet-wjh1.cfd,https://mostbet-wjh1.cfd/,200,Coming Soon,0,0,0,thin_page,,,0
mostbet-wjh2.cfd,https://mostbet-wjh2.cfd/,200,Coming Soon,0,0,0,thin_page,,,0
mostbet-wjh4.cfd,https://mostbet-wjh4.cfd/,200,Coming Soon,0,0,0,thin_page,,,0
mostbet-wji5.cfd,https://mostbet-wji5.cfd/,200,Coming Soon,0,0,0,thin_page,,,0
mostbet-wji9.cfd,https://mostbet-wji9.cfd/,200,Coming Soon,0,0,0,thin_page,,,0
mostbet-wjj2.cfd,https://mostbet-wjj2.cfd/,200,Coming Soon,0,0,0,thin_page,,,0
mostbet-wjj4.cfd,https://mostbet-wjj4.cfd/,200,Coming Soon,0,0,0,thin_page,,,0
mostbet-wjj7.cfd,https://mostbet-wjj7.cfd/,200,Coming Soon,0,0,0,thin_page,,,0
mostbet-wjj9.top,https://mostbet-wjj9.top/,200,Coming Soon,0,0,0,thin_page,,,0
mostbet-wjk2.cfd,https://mostbet-wjk2.cfd/,200,Coming Soon,0,0,0,thin_page,,,0
mostbet-wjk3.cfd,https://mostbet-wjk3.cfd/,200,Coming Soon,0,0,0,thin_page,,,0
mostbet-wjk5.cfd,https://mostbet-wjk5.cfd/,200,Coming Soon,0,0,0,thin_page,,,0
mostbet-wjk6.cfd,https://mostbet-wjk6.cfd/,200,Coming Soon,0,0,0,thin_page,,,0
mostbet-wjk8.cfd,https://mostbet-wjk8.cfd/,200,Coming Soon,0,0,0,thin_page,,,0
mostbet-wjl1.cfd,https://mostbet-wjl1.cfd/,200,Coming Soon,0,0,0,thin_page,,,0
mostbet-wjl2.cfd,https://mostbet-wjl2.cfd/,200,Coming Soon,0,0,0,thin_page,,,0
mostbet-wjl7.cfd,https://mostbet-wjl7.cfd/,200,Coming Soon,0,0,0,thin_page,,,0
mostbet-wjm2.cfd,https://mostbet-wjm2.cfd/,200,Coming Soon,0,0,0,thin_page,,,0
mostbet-wjm4.cfd,https://mostbet-wjm4.cfd/,200,Coming Soon,0,0,0,thin_page,,,0
mostbet-wjn1.cfd,https://mostbet-wjn1.cfd/,200,Coming Soon,0,0,0,thin_page,,,0
mostbet-wjn3.cfd,https://mostbet-wjn3.cfd/,200,Coming Soon,0,0,0,thin_page,,,0
mostbet-wjn6.top,https://mostbet-wjn6.top/,200,Coming Soon,0,0,0,thin_page,,,0
mostbet-wjo1.cfd,https://mostbet-wjo1.cfd/,200,Coming Soon,0,0,0,thin_page,,,0
mostbet-wjo2.cfd,https://mostbet-wjo2.cfd/,200,Coming Soon,0,0,0,thin_page,,,0
mostbet-wjo6.cfd,https://mostbet-wjo6.cfd/,200,Coming Soon,0,0,0,thin_page,,,0
mostbet-wjo7.cfd,https://mostbet-wjo7.cfd/,200,Coming Soon,0,0,0,thin_page,,,0
mostbet-wjp6.cfd,https://mostbet-wjp6.cfd/,200,Coming Soon,0,0,0,thin_page,,,0
mostbet-wjp8.cfd,https://mostbet-wjp8.cfd/,200,Coming Soon,0,0,0,thin_page,,,0
mostbet-wjp9.cfd,https://mostbet-wjp9.cfd/,200,Coming Soon,0,0,0,thin_page,,,0
mostbet-wjq1.cfd,https://mostbet-wjq1.cfd/,200,Coming Soon,0,0,0,thin_page,,,0
mostbet-wjq4.cfd,https://mostbet-wjq4.cfd/,200,Coming Soon,0,0,0,thin_page,,,0
mostbet-wjq5.cfd,https://mostbet-wjq5.cfd/,200,Coming Soon,0,0,0,thin_page,,,0
mostbet-wjq8.cfd,https://mostbet-wjq8.cfd/,200,Coming Soon,0,0,0,thin_page,,,0
mostbet-wjr9.cfd,https://mostbet-wjr9.cfd/,200,Coming Soon,0,0,0,thin_page,,,0
mostbet-wjs3.cfd,https://mostbet-wjs3.cfd/,200,Coming Soon,0,0,0,thin_page,,,0
mostbet-wjs6.cfd,https://mostbet-wjs6.cfd/,200,Coming Soon,0,0,0,thin_page,,,0
mostbet-wjs7.cfd,https://mostbet-wjs7.cfd/,200,Coming Soon,0,0,0,thin_page,,,0
mostbet-wjt2.cfd,https://mostbet-wjt2.cfd/,200,Coming Soon,0,0,0,thin_page,,,0
mostbet-wjt8.cfd,https://mostbet-wjt8.cfd/,200,Coming Soon,0,0,0,thin_page,,,0
mostbet-wjt9.cfd,https://mostbet-wjt9.cfd/,200,Coming Soon,0,0,0,thin_page,,,0
mostbet-wju1.cfd,https://mostbet-wju1.cfd/,200,Coming Soon,0,0,0,thin_page,,,0
mostbet-wju4.cfd,https://mostbet-wju4.cfd/,200,Coming Soon,0,0,0,thin_page,,,0
mostbet-wju8.cfd,https://mostbet-wju8.cfd/,200,Coming Soon,0,0,0,thin_page,,,0
mostbet-wjv8.cfd,https://mostbet-wjv8.cfd/,200,Coming Soon,0,0,0,thin_page,,,0
mostbet-wjv9.cfd,https://mostbet-wjv9.cfd/,200,Coming Soon,0,0,0,thin_page,,,0
mostbet-wjw1.cfd,https://mostbet-wjw1.cfd/,200,Coming Soon,0,0,0,thin_page,,,0
mostbet-wjx2.cfd,https://mostbet-wjx2.cfd/,200,Coming Soon,0,0,0,thin_page,,,0
mostbet-wjx4.cfd,https://mostbet-wjx4.cfd/,200,Coming Soon,0,0,0,thin_page,,,0
mostbet-wjx5.cfd,https://mostbet-wjx5.cfd/,200,Coming Soon,0,0,0,thin_page,,,0
mostbet-wjx6.cfd,https://mostbet-wjx6.cfd/,200,Coming Soon,0,0,0,thin_page,,,0
mostbet-wjx7.cfd,https://mostbet-wjx7.cfd/,200,Coming Soon,0,0,0,thin_page,,,0
mostbet-wjx9.cfd,https://mostbet-wjx9.cfd/,200,Coming Soon,0,0,0,thin_page,,,0
mostbet-wjy5.cfd,https://mostbet-wjy5.cfd/,200,Coming Soon,0,0,0,thin_page,,,0
mostbet-wjy7.cfd,https://mostbet-wjy7.cfd/,200,Coming Soon,0,0,0,thin_page,,,0
mostbet-wjy8.cfd,https://mostbet-wjy8.cfd/,200,Coming Soon,0,0,0,thin_page,,,0
mostbet-wjy9.cfd,https://mostbet-wjy9.cfd/,200,Coming Soon,0,0,0,thin_page,,,0
mostbet-wjz1.cfd,https://mostbet-wjz1.cfd/,200,Coming Soon,0,0,0,thin_page,,,0
mostbet-wjz2.cfd,https://mostbet-wjz2.cfd/,200,Coming Soon,0,0,0,thin_page,,,0
mostbet-wjz3.cfd,https://mostbet-wjz3.cfd/,200,Coming Soon,0,0,0,thin_page,,,0
mostbet-wjz5.cfd,https://mostbet-wjz5.cfd/,200,Coming Soon,0,0,0,thin_page,,,0
mostbet-wjz6.top,https://mostbet-wjz6.top/,200,Coming Soon,0,0,0,thin_page,,,0
mostbet-wjz7.cfd,https://mostbet-wjz7.cfd/,200,Coming Soon,0,0,0,thin_page,,,0
mostbet-wk1.xyz,https://mostbet-wk1.xyz/,200,Coming Soon,0,0,0,thin_page,,,0
mostbet-wk3.xyz,https://mostbet-wk3.xyz/,200,Coming Soon,0,0,0,thin_page,,,0
mostbet-wk4.xyz,https://mostbet-wk4.xyz/,200,Coming Soon,0,0,0,thin_page,,,0
mostbet-wk9.xyz,https://mostbet-wk9.xyz/,200,Coming Soon,0,0,0,thin_page,,,0
mostbet-wka5.cfd,https://mostbet-wka5.cfd/,200,Coming Soon,0,0,0,thin_page,,,0
mostbet-wka7.cfd,https://mostbet-wka7.cfd/,200,Coming Soon,0,0,0,thin_page,,,0
mostbet-wkb2.cfd,https://mostbet-wkb2.cfd/,200,Coming Soon,0,0,0,thin_page,,,0
mostbet-wkb5.cfd,https://mostbet-wkb5.cfd/,200,Coming Soon,0,0,0,thin_page,,,0
mostbet-wkb8.top,https://mostbet-wkb8.top/,200,Coming Soon,0,0,0,thin_page,,,0
mostbet-wkc3.top,https://mostbet-wkc3.top/,200,Coming Soon,0,0,0,thin_page,,,0
mostbet-wkc5.cfd,https://mostbet-wkc5.cfd/,200,Coming Soon,0,0,0,thin_page,,,0
mostbet-wkc6.cfd,https://mostbet-wkc6.cfd/,200,Coming Soon,0,0,0,thin_page,,,0
mostbet-wkd1.cfd,https://mostbet-wkd1.cfd/,200,Coming Soon,0,0,0,thin_page,,,0
mostbet-wkd2.cfd,https://mostbet-wkd2.cfd/,200,Coming Soon,0,0,0,thin_page,,,0
mostbet-wkd8.cfd,https://mostbet-wkd8.cfd/,200,Coming Soon,0,0,0,thin_page,,,0
mostbet-wke1.cfd,https://mostbet-wke1.cfd/,200,Coming Soon,0,0,0,thin_page,,,0
mostbet-wke3.cfd,https://mostbet-wke3.cfd/,200,Coming Soon,0,0,0,thin_page,,,0
mostbet-wke9.cfd,https://mostbet-wke9.cfd/,200,Coming Soon,0,0,0,thin_page,,,0
mostbet-wkf2.cfd,https://mostbet-wkf2.cfd/,200,Coming Soon,0,0,0,thin_page,,,0
mostbet-wkf9.cfd,https://mostbet-wkf9.cfd/,200,Coming Soon,0,0,0,thin_page,,,0
mostbet-wkh1.cfd,https://mostbet-wkh1.cfd/,200,Coming Soon,0,0,0,thin_page,,,0
mostbet-wkh5.cfd,https://mostbet-wkh5.cfd/,200,Coming Soon,0,0,0,thin_page,,,0
mostbet-wkh7.cfd,https://mostbet-wkh7.cfd/,200,Coming Soon,0,0,0,thin_page,,,0
mostbet-wki1.cfd,https://mostbet-wki1.cfd/,200,Coming Soon,0,0,0,thin_page,,,0
mostbet-wki2.cfd,https://mostbet-wki2.cfd/,200,Coming Soon,0,0,0,thin_page,,,0
mostbet-wki6.cfd,https://mostbet-wki6.cfd/,200,Coming Soon,0,0,0,thin_page,,,0
mostbet-wkj3.cfd,https://mostbet-wkj3.cfd/,200,Coming Soon,0,0,0,thin_page,,,0
mostbet-wkj4.cfd,https://mostbet-wkj4.cfd/,200,Coming Soon,0,0,0,thin_page,,,0
mostbet-wkj9.cfd,https://mostbet-wkj9.cfd/,200,Coming Soon,0,0,0,thin_page,,,0
mostbet-wkk4.cfd,https://mostbet-wkk4.cfd/,200,Coming Soon,0,0,0,thin_page,,,0
mostbet-wkl2.cfd,https://mostbet-wkl2.cfd/,200,Coming Soon,0,0,0,thin_page,,,0
mostbet-wkl3.cfd,https://mostbet-wkl3.cfd/,200,Coming Soon,0,0,0,thin_page,,,0
mostbet-wkl4.cfd,https://mostbet-wkl4.cfd/,200,Coming Soon,0,0,0,thin_page,,,0
mostbet-wkl5.top,https://mostbet-wkl5.top/,200,Coming Soon,0,0,0,thin_page,,,0
mostbet-wkl9.cfd,https://mostbet-wkl9.cfd/,200,Coming Soon,0,0,0,thin_page,,,0
mostbet-wkm2.cfd,https://mostbet-wkm2.cfd/,200,Coming Soon,0,0,0,thin_page,,,0
mostbet-wkm7.cfd,https://mostbet-wkm7.cfd/,200,Coming Soon,0,0,0,thin_page,,,0
mostbet-wkn1.cfd,https://mostbet-wkn1.cfd/,200,Coming Soon,0,0,0,thin_page,,,0
mostbet-wkn4.cfd,https://mostbet-wkn4.cfd/,200,Coming Soon,0,0,0,thin_page,,,0
mostbet-wkn6.cfd,https://mostbet-wkn6.cfd/,200,Coming Soon,0,0,0,thin_page,,,0
mostbet-wko3.cfd,https://mostbet-wko3.cfd/,200,Coming Soon,0,0,0,thin_page,,,0
mostbet-wko4.cfd,https://mostbet-wko4.cfd/,200,Coming Soon,0,0,0,thin_page,,,0
mostbet-wko5.cfd,https://mostbet-wko5.cfd/,200,Coming Soon,0,0,0,thin_page,,,0
mostbet-wko8.top,https://mostbet-wko8.top/,200,Coming Soon,0,0,0,thin_page,,,0
mostbet-wkp1.cfd,https://mostbet-wkp1.cfd/,200,Coming Soon,0,0,0,thin_page,,,0
mostbet-wkq1.cfd,https://mostbet-wkq1.cfd/,200,Coming Soon,0,0,0,thin_page,,,0
mostbet-wkq3.cfd,https://mostbet-wkq3.cfd/,200,Coming Soon,0,0,0,thin_page,,,0
mostbet-wkr1.cfd,https://mostbet-wkr1.cfd/,200,Coming Soon,0,0,0,thin_page,,,0
mostbet-wkr7.cfd,https://mostbet-wkr7.cfd/,200,Coming Soon,0,0,0,thin_page,,,0
mostbet-wkr8.cfd,https://mostbet-wkr8.cfd/,200,Coming Soon,0,0,0,thin_page,,,0
mostbet-wkr9.cfd,https://mostbet-wkr9.cfd/,200,Coming Soon,0,0,0,thin_page,,,0
mostbet-wks1.cfd,https://mostbet-wks1.cfd/,200,Coming Soon,0,0,0,thin_page,,,0
mostbet-wks2.cfd,https://mostbet-wks2.cfd/,200,Coming Soon,0,0,0,thin_page,,,0
mostbet-wks9.cfd,https://mostbet-wks9.cfd/,200,Coming Soon,0,0,0,thin_page,,,0
mostbet-wkt1.cfd,https://mostbet-wkt1.cfd/,200,Coming Soon,0,0,0,thin_page,,,0
mostbet-wkt2.cfd,https://mostbet-wkt2.cfd/,200,Coming Soon,0,0,0,thin_page,,,0
mostbet-wkt5.cfd,https://mostbet-wkt5.cfd/,200,Coming Soon,0,0,0,thin_page,,,0
mostbet-wkt8.cfd,https://mostbet-wkt8.cfd/,200,Coming Soon,0,0,0,thin_page,,,0
mostbet-wku2.cfd,https://mostbet-wku2.cfd/,200,Coming Soon,0,0,0,thin_page,,,0
mostbet-wku3.cfd,https://mostbet-wku3.cfd/,200,Coming Soon,0,0,0,thin_page,,,0
mostbet-wku9.cfd,https://mostbet-wku9.cfd/,200,Coming Soon,0,0,0,thin_page,,,0
mostbet-wkv2.cfd,https://mostbet-wkv2.cfd/,200,Coming Soon,0,0,0,thin_page,,,0
mostbet-wkv3.cfd,https://mostbet-wkv3.cfd/,200,Coming Soon,0,0,0,thin_page,,,0
mostbet-wkv4.cfd,https://mostbet-wkv4.cfd/,200,Coming Soon,0,0,0,thin_page,,,0
mostbet-wkw1.cfd,https://mostbet-wkw1.cfd/,200,Coming Soon,0,0,0,thin_page,,,0
mostbet-wkw2.cfd,https://mostbet-wkw2.cfd/,200,Coming Soon,0,0,0,thin_page,,,0
mostbet-wkw3.cfd,https://mostbet-wkw3.cfd/,200,Coming Soon,0,0,0,thin_page,,,0
mostbet-wkw9.cfd,https://mostbet-wkw9.cfd/,200,Coming Soon,0,0,0,thin_page,,,0
mostbet-wkx1.cfd,https://mostbet-wkx1.cfd/,200,Coming Soon,0,0,0,thin_page,,,0
mostbet-wkx2.cfd,https://mostbet-wkx2.cfd/,200,Coming Soon,0,0,0,thin_page,,,0
mostbet-wkx4.cfd,https://mostbet-wkx4.cfd/,200,Coming Soon,0,0,0,thin_page,,,0
mostbet-wkx5.cfd,https://mostbet-wkx5.cfd/,200,Coming Soon,0,0,0,thin_page,,,0
mostbet-wky4.cfd,https://mostbet-wky4.cfd/,200,Coming Soon,0,0,0,thin_page,,,0
mostbet-wky5.cfd,https://mostbet-wky5.cfd/,200,Coming Soon,0,0,0,thin_page,,,0
mostbet-wky6.cfd,https://mostbet-wky6.cfd/,200,Coming Soon,0,0,0,thin_page,,,0
mostbet-wkz2.cfd,https://mostbet-wkz2.cfd/,200,Coming Soon,0,0,0,thin_page,,,0
mostbet-wkz6.cfd,https://mostbet-wkz6.cfd/,200,Coming Soon,0,0,0,thin_page,,,0
mostbet-wkz8.cfd,https://mostbet-wkz8.cfd/,200,Coming Soon,0,0,0,thin_page,,,0
mostbet-wl1.xyz,https://mostbet-wl1.xyz/,200,Coming Soon,0,0,0,thin_page,,,0
mostbet-wl3.xyz,https://mostbet-wl3.xyz/,200,Coming Soon,0,0,0,thin_page,,,0
mostbet-wl5.xyz,https://mostbet-wl5.xyz/,200,Coming Soon,0,0,0,thin_page,,,0
mostbet-wl6.xyz,https://mostbet-wl6.xyz/,200,Coming Soon,0,0,0,thin_page,,,0
mostbet-wl8.xyz,https://mostbet-wl8.xyz/,200,Coming Soon,0,0,0,thin_page,,,0
mostbet-wla1.cfd,https://mostbet-wla1.cfd/,200,Coming Soon,0,0,0,thin_page,,,0
mostbet-wla3.cfd,https://mostbet-wla3.cfd/,200,Coming Soon,0,0,0,thin_page,,,0
mostbet-wla8.cfd,https://mostbet-wla8.cfd/,200,Coming Soon,0,0,0,thin_page,,,0
mostbet-wla9.cfd,https://mostbet-wla9.cfd/,200,Coming Soon,0,0,0,thin_page,,,0
mostbet-wlb1.cfd,https://mostbet-wlb1.cfd/,200,Coming Soon,0,0,0,thin_page,,,0
mostbet-wlb6.cfd,https://mostbet-wlb6.cfd/,200,Coming Soon,0,0,0,thin_page,,,0
mostbet-wlb9.cfd,https://mostbet-wlb9.cfd/,200,Coming Soon,0,0,0,thin_page,,,0
mostbet-wlc5.cfd,https://mostbet-wlc5.cfd/,200,Coming Soon,0,0,0,thin_page,,,0
mostbet-wld4.cfd,https://mostbet-wld4.cfd/,200,Coming Soon,0,0,0,thin_page,,,0
mostbet-wld7.cfd,https://mostbet-wld7.cfd/,200,Coming Soon,0,0,0,thin_page,,,0
mostbet-wld9.cfd,https://mostbet-wld9.cfd/,200,Coming Soon,0,0,0,thin_page,,,0
mostbet-wle1.cfd,https://mostbet-wle1.cfd/,200,Coming Soon,0,0,0,thin_page,,,0
mostbet-wle4.cfd,https://mostbet-wle4.cfd/,200,Coming Soon,0,0,0,thin_page,,,0
mostbet-wlf1.cfd,https://mostbet-wlf1.cfd/,200,Coming Soon,0,0,0,thin_page,,,0
mostbet-wlf2.cfd,https://mostbet-wlf2.cfd/,200,Coming Soon,0,0,0,thin_page,,,0
mostbet-wlf3.cfd,https://mostbet-wlf3.cfd/,200,Coming Soon,0,0,0,thin_page,,,0
mostbet-wlf5.cfd,https://mostbet-wlf5.cfd/,200,Coming Soon,0,0,0,thin_page,,,0
mostbet-wlf8.cfd,https://mostbet-wlf8.cfd/,200,Coming Soon,0,0,0,thin_page,,,0
mostbet-wlg1.cfd,https://mostbet-wlg1.cfd/,200,Coming Soon,0,0,0,thin_page,,,0
mostbet-wlg6.cfd,https://mostbet-wlg6.cfd/,200,Coming Soon,0,0,0,thin_page,,,0
mostbet-wlg7.cfd,https://mostbet-wlg7.cfd/,200,Coming Soon,0,0,0,thin_page,,,0
mostbet-wlg9.cfd,https://mostbet-wlg9.cfd/,200,Coming Soon,0,0,0,thin_page,,,0
mostbet-wlh1.cfd,https://mostbet-wlh1.cfd/,200,Coming Soon,0,0,0,thin_page,,,0
mostbet-wlh2.cfd,https://mostbet-wlh2.cfd/,200,Coming Soon,0,0,0,thin_page,,,0
mostbet-wlh9.cfd,https://mostbet-wlh9.cfd/,200,Coming Soon,0,0,0,thin_page,,,0
mostbet-wli6.cfd,https://mostbet-wli6.cfd/,200,Coming Soon,0,0,0,thin_page,,,0
mostbet-wlj3.cfd,https://mostbet-wlj3.cfd/,200,Coming Soon,0,0,0,thin_page,,,0
mostbet-wlk5.cfd,https://mostbet-wlk5.cfd/,200,Coming Soon,0,0,0,thin_page,,,0
mostbet-wlk7.cfd,https://mostbet-wlk7.cfd/,200,Coming Soon,0,0,0,thin_page,,,0
mostbet-wll4.cfd,https://mostbet-wll4.cfd/,200,Coming Soon,0,0,0,thin_page,,,0
mostbet-wll9.cfd,https://mostbet-wll9.cfd/,200,Coming Soon,0,0,0,thin_page,,,0
mostbet-wlm1.cfd,https://mostbet-wlm1.cfd/,200,Coming Soon,0,0,0,thin_page,,,0
mostbet-wlm2.cfd,https://mostbet-wlm2.cfd/,200,Coming Soon,0,0,0,thin_page,,,0
mostbet-wlm3.top,https://mostbet-wlm3.top/,200,Coming Soon,0,0,0,thin_page,,,0
mostbet-wln2.cfd,https://mostbet-wln2.cfd/,200,Coming Soon,0,0,0,thin_page,,,0
mostbet-wln3.cfd,https://mostbet-wln3.cfd/,200,Coming Soon,0,0,0,thin_page,,,0
mostbet-wln4.cfd,https://mostbet-wln4.cfd/,200,Coming Soon,0,0,0,thin_page,,,0
mostbet-wln5.cfd,https://mostbet-wln5.cfd/,200,Coming Soon,0,0,0,thin_page,,,0
mostbet-wln6.cfd,https://mostbet-wln6.cfd/,200,Coming Soon,0,0,0,thin_page,,,0
mostbet-wlo2.cfd,https://mostbet-wlo2.cfd/,200,Coming Soon,0,0,0,thin_page,,,0
mostbet-wlo3.cfd,https://mostbet-wlo3.cfd/,200,Coming Soon,0,0,0,thin_page,,,0
mostbet-wlo4.cfd,https://mostbet-wlo4.cfd/,200,Coming Soon,0,0,0,thin_page,,,0
mostbet-wlo8.cfd,https://mostbet-wlo8.cfd/,200,Coming Soon,0,0,0,thin_page,,,0
mostbet-wlo9.cfd,https://mostbet-wlo9.cfd/,200,Coming Soon,0,0,0,thin_page,,,0
mostbet-wlp2.cfd,https://mostbet-wlp2.cfd/,200,Coming Soon,0,0,0,thin_page,,,0
mostbet-wlp7.cfd,https://mostbet-wlp7.cfd/,200,Coming Soon,0,0,0,thin_page,,,0
mostbet-wlq1.cfd,https://mostbet-wlq1.cfd/,200,Coming Soon,0,0,0,thin_page,,,0
mostbet-wlq3.cfd,https://mostbet-wlq3.cfd/,200,Coming Soon,0,0,0,thin_page,,,0
mostbet-wlq6.cfd,https://mostbet-wlq6.cfd/,200,Coming Soon,0,0,0,thin_page,,,0
mostbet-wlq7.cfd,https://mostbet-wlq7.cfd/,200,Coming Soon,0,0,0,thin_page,,,0
mostbet-wlq8.cfd,https://mostbet-wlq8.cfd/,200,Coming Soon,0,0,0,thin_page,,,0
mostbet-wlr3.cfd,https://mostbet-wlr3.cfd/,200,Coming Soon,0,0,0,thin_page,,,0
mostbet-wlr4.cfd,https://mostbet-wlr4.cfd/,200,Coming Soon,0,0,0,thin_page,,,0
mostbet-wlr8.cfd,https://mostbet-wlr8.cfd/,200,Coming Soon,0,0,0,thin_page,,,0
mostbet-wls5.cfd,https://mostbet-wls5.cfd/,200,Coming Soon,0,0,0,thin_page,,,0
mostbet-wls9.cfd,https://mostbet-wls9.cfd/,200,Coming Soon,0,0,0,thin_page,,,0
mostbet-wlt1.xyz,https://mostbet-wlt1.xyz/,200,Coming Soon,0,0,0,thin_page,,,0
mostbet-wlt2.cfd,https://mostbet-wlt2.cfd/,200,Coming Soon,0,0,0,thin_page,,,0
mostbet-wlt4.cfd,https://mostbet-wlt4.cfd/,200,Coming Soon,0,0,0,thin_page,,,0
mostbet-wlt7.xyz,https://mostbet-wlt7.xyz/,200,Coming Soon,0,0,0,thin_page,,,0
mostbet-wlt9.cfd,https://mostbet-wlt9.cfd/,200,Coming Soon,0,0,0,thin_page,,,0
mostbet-wlu2.cfd,https://mostbet-wlu2.cfd/,200,Coming Soon,0,0,0,thin_page,,,0
mostbet-wlu5.top,https://mostbet-wlu5.top/,200,Coming Soon,0,0,0,thin_page,,,0
mostbet-wlu6.cfd,https://mostbet-wlu6.cfd/,200,Coming Soon,0,0,0,thin_page,,,0
mostbet-wlu9.cfd,https://mostbet-wlu9.cfd/,200,Coming Soon,0,0,0,thin_page,,,0
mostbet-wlv3.cfd,https://mostbet-wlv3.cfd/,200,Coming Soon,0,0,0,thin_page,,,0
mostbet-wlv4.cfd,https://mostbet-wlv4.cfd/,200,Coming Soon,0,0,0,thin_page,,,0
mostbet-wlv5.cfd,https://mostbet-wlv5.cfd/,200,Coming Soon,0,0,0,thin_page,,,0
mostbet-wlv9.cfd,https://mostbet-wlv9.cfd/,200,Coming Soon,0,0,0,thin_page,,,0
mostbet-wlw3.cfd,https://mostbet-wlw3.cfd/,200,Coming Soon,0,0,0,thin_page,,,0
mostbet-wlw4.cfd,https://mostbet-wlw4.cfd/,200,Coming Soon,0,0,0,thin_page,,,0
mostbet-wlw5.cfd,https://mostbet-wlw5.cfd/,200,Coming Soon,0,0,0,thin_page,,,0
mostbet-wlw7.cfd,https://mostbet-wlw7.cfd/,200,Coming Soon,0,0,0,thin_page,,,0
mostbet-wlw8.top,https://mostbet-wlw8.top/,200,Coming Soon,0,0,0,thin_page,,,0
mostbet-wlx3.cfd,https://mostbet-wlx3.cfd/,200,Coming Soon,0,0,0,thin_page,,,0
mostbet-wlx6.cfd,https://mostbet-wlx6.cfd/,200,Coming Soon,0,0,0,thin_page,,,0
mostbet-wly2.cfd,https://mostbet-wly2.cfd/,200,Coming Soon,0,0,0,thin_page,,,0
mostbet-wly5.cfd,https://mostbet-wly5.cfd/,200,Coming Soon,0,0,0,thin_page,,,0
mostbet-wly9.top,https://mostbet-wly9.top/,200,Coming Soon,0,0,0,thin_page,,,0
mostbet-wlz7.cfd,https://mostbet-wlz7.cfd/,200,Coming Soon,0,0,0,thin_page,,,0
mostbet-wm2.xyz,https://mostbet-wm2.xyz/,200,Coming Soon,0,0,0,thin_page,,,0
mostbet-wm4.xyz,https://mostbet-wm4.xyz/,200,Coming Soon,0,0,0,thin_page,,,0
mostbet-wm6.xyz,https://mostbet-wm6.xyz/,200,Coming Soon,0,0,0,thin_page,,,0
mostbet-wm8.xyz,https://mostbet-wm8.xyz/,200,Coming Soon,0,0,0,thin_page,,,0
mostbet-wma2.cfd,https://mostbet-wma2.cfd/,200,Coming Soon,0,0,0,thin_page,,,0
mostbet-wma4.cfd,https://mostbet-wma4.cfd/,200,Coming Soon,0,0,0,thin_page,,,0
mostbet-wma5.cfd,https://mostbet-wma5.cfd/,200,Coming Soon,0,0,0,thin_page,,,0
mostbet-wma6.cfd,https://mostbet-wma6.cfd/,200,Coming Soon,0,0,0,thin_page,,,0
mostbet-wma7.cfd,https://mostbet-wma7.cfd/,200,Coming Soon,0,0,0,thin_page,,,0
mostbet-wma8.cfd,https://mostbet-wma8.cfd/,200,Coming Soon,0,0,0,thin_page,,,0
mostbet-wmb4.cfd,https://mostbet-wmb4.cfd/,200,Coming Soon,0,0,0,thin_page,,,0
mostbet-wmb7.cfd,https://mostbet-wmb7.cfd/,200,Coming Soon,0,0,0,thin_page,,,0
mostbet-wmc1.cfd,https://mostbet-wmc1.cfd/,200,Coming Soon,0,0,0,thin_page,,,0
mostbet-wmc2.cfd,https://mostbet-wmc2.cfd/,200,Coming Soon,0,0,0,thin_page,,,0
mostbet-wmc6.cfd,https://mostbet-wmc6.cfd/,200,Coming Soon,0,0,0,thin_page,,,0
mostbet-wmd1.cfd,https://mostbet-wmd1.cfd/,200,Coming Soon,0,0,0,thin_page,,,0
mostbet-wmd4.cfd,https://mostbet-wmd4.cfd/,200,Coming Soon,0,0,0,thin_page,,,0
mostbet-wmd8.cfd,https://mostbet-wmd8.cfd/,200,Coming Soon,0,0,0,thin_page,,,0
mostbet-wmd9.cfd,https://mostbet-wmd9.cfd/,200,Coming Soon,0,0,0,thin_page,,,0
mostbet-wme4.cfd,https://mostbet-wme4.cfd/,200,Coming Soon,0,0,0,thin_page,,,0
mostbet-wme7.cfd,https://mostbet-wme7.cfd/,200,Coming Soon,0,0,0,thin_page,,,0
mostbet-wme8.cfd,https://mostbet-wme8.cfd/,200,Coming Soon,0,0,0,thin_page,,,0
mostbet-wmf1.cfd,https://mostbet-wmf1.cfd/,200,Coming Soon,0,0,0,thin_page,,,0
mostbet-wmf2.cfd,https://mostbet-wmf2.cfd/,200,Coming Soon,0,0,0,thin_page,,,0
mostbet-wmf4.cfd,https://mostbet-wmf4.cfd/,200,Coming Soon,0,0,0,thin_page,,,0
mostbet-wmf5.xyz,https://mostbet-wmf5.xyz/,200,Coming Soon,0,0,0,thin_page,,,0
mostbet-wmf9.cfd,https://mostbet-wmf9.cfd/,200,Coming Soon,0,0,0,thin_page,,,0
mostbet-wmg1.cfd,https://mostbet-wmg1.cfd/,200,Coming Soon,0,0,0,thin_page,,,0
mostbet-wmg2.cfd,https://mostbet-wmg2.cfd/,200,Coming Soon,0,0,0,thin_page,,,0
mostbet-wmg3.cfd,https://mostbet-wmg3.cfd/,200,Coming Soon,0,0,0,thin_page,,,0
mostbet-wmg5.cfd,https://mostbet-wmg5.cfd/,200,Coming Soon,0,0,0,thin_page,,,0
mostbet-wmg7.cfd,https://mostbet-wmg7.cfd/,200,Coming Soon,0,0,0,thin_page,,,0
mostbet-wmh1.cfd,https://mostbet-wmh1.cfd/,200,Coming Soon,0,0,0,thin_page,,,0
mostbet-wmh2.cfd,https://mostbet-wmh2.cfd/,200,Coming Soon,0,0,0,thin_page,,,0
mostbet-wmh5.cfd,https://mostbet-wmh5.cfd/,200,Coming Soon,0,0,0,thin_page,,,0
mostbet-wmh6.top,https://mostbet-wmh6.top/,200,Coming Soon,0,0,0,thin_page,,,0
mostbet-wmh9.cfd,https://mostbet-wmh9.cfd/,200,Coming Soon,0,0,0,thin_page,,,0
mostbet-wmi4.cfd,https://mostbet-wmi4.cfd/,200,Coming Soon,0,0,0,thin_page,,,0
mostbet-wmi9.cfd,https://mostbet-wmi9.cfd/,200,Coming Soon,0,0,0,thin_page,,,0
mostbet-wmj5.cfd,https://mostbet-wmj5.cfd/,200,Coming Soon,0,0,0,thin_page,,,0
mostbet-wmj8.cfd,https://mostbet-wmj8.cfd/,200,Coming Soon,0,0,0,thin_page,,,0
mostbet-wmj9.cfd,https://mostbet-wmj9.cfd/,200,Coming Soon,0,0,0,thin_page,,,0
mostbet-wmk4.cfd,https://mostbet-wmk4.cfd/,200,Coming Soon,0,0,0,thin_page,,,0
mostbet-wmk7.cfd,https://mostbet-wmk7.cfd/,200,Coming Soon,0,0,0,thin_page,,,0
mostbet-wmk8.cfd,https://mostbet-wmk8.cfd/,200,Coming Soon,0,0,0,thin_page,,,0
mostbet-wmk9.cfd,https://mostbet-wmk9.cfd/,200,Coming Soon,0,0,0,thin_page,,,0
mostbet-wml2.cfd,https://mostbet-wml2.cfd/,200,Coming Soon,0,0,0,thin_page,,,0
mostbet-wml7.cfd,https://mostbet-wml7.cfd/,200,Coming Soon,0,0,0,thin_page,,,0
mostbet-wml8.cfd,https://mostbet-wml8.cfd/,200,Coming Soon,0,0,0,thin_page,,,0
mostbet-wmm1.cfd,https://mostbet-wmm1.cfd/,200,Coming Soon,0,0,0,thin_page,,,0
mostbet-wmm6.cfd,https://mostbet-wmm6.cfd/,200,Coming Soon,0,0,0,thin_page,,,0
mostbet-wmn2.cfd,https://mostbet-wmn2.cfd/,200,Coming Soon,0,0,0,thin_page,,,0
mostbet-wmn5.cfd,https://mostbet-wmn5.cfd/,200,Coming Soon,0,0,0,thin_page,,,0
mostbet-wmn6.cfd,https://mostbet-wmn6.cfd/,200,Coming Soon,0,0,0,thin_page,,,0
mostbet-wmo6.cfd,https://mostbet-wmo6.cfd/,200,Coming Soon,0,0,0,thin_page,,,0
mostbet-wmo8.cfd,https://mostbet-wmo8.cfd/,200,Coming Soon,0,0,0,thin_page,,,0
mostbet-wmo9.cfd,https://mostbet-wmo9.cfd/,200,Coming Soon,0,0,0,thin_page,,,0
mostbet-wmp2.cfd,https://mostbet-wmp2.cfd/,200,Coming Soon,0,0,0,thin_page,,,0
mostbet-wmp6.cfd,https://mostbet-wmp6.cfd/,200,Coming Soon,0,0,0,thin_page,,,0
mostbet-wmp8.cfd,https://mostbet-wmp8.cfd/,200,Coming Soon,0,0,0,thin_page,,,0
mostbet-wmq1.cfd,https://mostbet-wmq1.cfd/,200,Coming Soon,0,0,0,thin_page,,,0
mostbet-wmq7.cfd,https://mostbet-wmq7.cfd/,200,Coming Soon,0,0,0,thin_page,,,0
mostbet-wmr7.cfd,https://mostbet-wmr7.cfd/,200,Coming Soon,0,0,0,thin_page,,,0
mostbet-wmr8.cfd,https://mostbet-wmr8.cfd/,200,Coming Soon,0,0,0,thin_page,,,0
mostbet-wms8.cfd,https://mostbet-wms8.cfd/,200,Coming Soon,0,0,0,thin_page,,,0
mostbet-wmt8.cfd,https://mostbet-wmt8.cfd/,200,Coming Soon,0,0,0,thin_page,,,0
mostbet-wmu9.cfd,https://mostbet-wmu9.cfd/,200,Coming Soon,0,0,0,thin_page,,,0
mostbet-wmv3.cfd,https://mostbet-wmv3.cfd/,200,Coming Soon,0,0,0,thin_page,,,0
mostbet-wmv9.cfd,https://mostbet-wmv9.cfd/,200,Coming Soon,0,0,0,thin_page,,,0
mostbet-wmw1.cfd,https://mostbet-wmw1.cfd/,200,Coming Soon,0,0,0,thin_page,,,0
mostbet-wmw3.cfd,https://mostbet-wmw3.cfd/,200,Coming Soon,0,0,0,thin_page,,,0
mostbet-wmx4.cfd,https://mostbet-wmx4.cfd/,200,Coming Soon,0,0,0,thin_page,,,0
mostbet-wmx5.cfd,https://mostbet-wmx5.cfd/,200,Coming Soon,0,0,0,thin_page,,,0
mostbet-wmy1.cfd,https://mostbet-wmy1.cfd/,200,Coming Soon,0,0,0,thin_page,,,0
mostbet-wmy3.cfd,https://mostbet-wmy3.cfd/,200,Coming Soon,0,0,0,thin_page,,,0
mostbet-wmy4.cfd,https://mostbet-wmy4.cfd/,200,Coming Soon,0,0,0,thin_page,,,0
mostbet-wmy9.cfd,https://mostbet-wmy9.cfd/,200,Coming Soon,0,0,0,thin_page,,,0
mostbet-wmz3.cfd,https://mostbet-wmz3.cfd/,200,Coming Soon,0,0,0,thin_page,,,0
mostbet-wmz9.cfd,https://mostbet-wmz9.cfd/,200,Coming Soon,0,0,0,thin_page,,,0
mostbet-wn2.xyz,https://mostbet-wn2.xyz/,200,Coming Soon,0,0,0,thin_page,,,0
mostbet-wn3.xyz,https://mostbet-wn3.xyz/,200,Coming Soon,0,0,0,thin_page,,,0
mostbet-wn4.xyz,https://mostbet-wn4.xyz/,200,Coming Soon,0,0,0,thin_page,,,0
mostbet-wn7.xyz,https://mostbet-wn7.xyz/,200,Coming Soon,0,0,0,thin_page,,,0
mostbet-wn8.xyz,https://mostbet-wn8.xyz/,200,Coming Soon,0,0,0,thin_page,,,0
mostbet-wn9.xyz,https://mostbet-wn9.xyz/,200,Coming Soon,0,0,0,thin_page,,,0
mostbet-wna1.cfd,https://mostbet-wna1.cfd/,200,Coming Soon,0,0,0,thin_page,,,0
mostbet-wna7.cfd,https://mostbet-wna7.cfd/,200,Coming Soon,0,0,0,thin_page,,,0
mostbet-wna9.cfd,https://mostbet-wna9.cfd/,200,Coming Soon,0,0,0,thin_page,,,0
mostbet-wnb1.cfd,https://mostbet-wnb1.cfd/,200,Coming Soon,0,0,0,thin_page,,,0
mostbet-wnb2.cfd,https://mostbet-wnb2.cfd/,200,Coming Soon,0,0,0,thin_page,,,0
mostbet-wnb3.cfd,https://mostbet-wnb3.cfd/,200,Coming Soon,0,0,0,thin_page,,,0
mostbet-wnb6.cfd,https://mostbet-wnb6.cfd/,200,Coming Soon,0,0,0,thin_page,,,0
mostbet-wnb8.cfd,https://mostbet-wnb8.cfd/,200,Coming Soon,0,0,0,thin_page,,,0
mostbet-wnb9.top,https://mostbet-wnb9.top/,200,Coming Soon,0,0,0,thin_page,,,0
mostbet-wnc1.cfd,https://mostbet-wnc1.cfd/,200,Coming Soon,0,0,0,thin_page,,,0
mostbet-wnc3.cfd,https://mostbet-wnc3.cfd/,200,Coming Soon,0,0,0,thin_page,,,0
mostbet-wnc5.cfd,https://mostbet-wnc5.cfd/,200,Coming Soon,0,0,0,thin_page,,,0
mostbet-wnc8.cfd,https://mostbet-wnc8.cfd/,200,Coming Soon,0,0,0,thin_page,,,0
mostbet-wnd3.cfd,https://mostbet-wnd3.cfd/,200,Coming Soon,0,0,0,thin_page,,,0
mostbet-wnd5.cfd,https://mostbet-wnd5.cfd/,200,Coming Soon,0,0,0,thin_page,,,0
mostbet-wne3.cfd,https://mostbet-wne3.cfd/,200,Coming Soon,0,0,0,thin_page,,,0
mostbet-wne5.cfd,https://mostbet-wne5.cfd/,200,Coming Soon,0,0,0,thin_page,,,0
mostbet-wne9.cfd,https://mostbet-wne9.cfd/,200,Coming Soon,0,0,0,thin_page,,,0
mostbet-wnf1.cfd,https://mostbet-wnf1.cfd/,200,Coming Soon,0,0,0,thin_page,,,0
mostbet-wnf3.cfd,https://mostbet-wnf3.cfd/,200,Coming Soon,0,0,0,thin_page,,,0
mostbet-wnf5.cfd,https://mostbet-wnf5.cfd/,200,Coming Soon,0,0,0,thin_page,,,0
mostbet-wng1.cfd,https://mostbet-wng1.cfd/,200,Coming Soon,0,0,0,thin_page,,,0
mostbet-wng2.cfd,https://mostbet-wng2.cfd/,200,Coming Soon,0,0,0,thin_page,,,0
mostbet-wng4.cfd,https://mostbet-wng4.cfd/,200,Coming Soon,0,0,0,thin_page,,,0
mostbet-wng5.cfd,https://mostbet-wng5.cfd/,200,Coming Soon,0,0,0,thin_page,,,0
mostbet-wng7.cfd,https://mostbet-wng7.cfd/,200,Coming Soon,0,0,0,thin_page,,,0
mostbet-wnh1.cfd,https://mostbet-wnh1.cfd/,200,Coming Soon,0,0,0,thin_page,,,0
mostbet-wnh2.cfd,https://mostbet-wnh2.cfd/,200,Coming Soon,0,0,0,thin_page,,,0
mostbet-wnh4.cfd,https://mostbet-wnh4.cfd/,200,Coming Soon,0,0,0,thin_page,,,0
mostbet-wni9.cfd,https://mostbet-wni9.cfd/,200,Coming Soon,0,0,0,thin_page,,,0
mostbet-wnj2.cfd,https://mostbet-wnj2.cfd/,200,Coming Soon,0,0,0,thin_page,,,0
mostbet-wnj5.cfd,https://mostbet-wnj5.cfd/,200,Coming Soon,0,0,0,thin_page,,,0
mostbet-wnk2.cfd,https://mostbet-wnk2.cfd/,200,Coming Soon,0,0,0,thin_page,,,0
mostbet-wnk3.cfd,https://mostbet-wnk3.cfd/,200,Coming Soon,0,0,0,thin_page,,,0
mostbet-wnk7.top,https://mostbet-wnk7.top/,200,Coming Soon,0,0,0,thin_page,,,0
mostbet-wnl1.top,https://mostbet-wnl1.top/,200,Coming Soon,0,0,0,thin_page,,,0
mostbet-wnl2.cfd,https://mostbet-wnl2.cfd/,200,Coming Soon,0,0,0,thin_page,,,0
mostbet-wnl4.cfd,https://mostbet-wnl4.cfd/,200,Coming Soon,0,0,0,thin_page,,,0
mostbet-wnl7.cfd,https://mostbet-wnl7.cfd/,200,Coming Soon,0,0,0,thin_page,,,0
mostbet-wnl8.cfd,https://mostbet-wnl8.cfd/,200,Coming Soon,0,0,0,thin_page,,,0
mostbet-wnl9.cfd,https://mostbet-wnl9.cfd/,200,Coming Soon,0,0,0,thin_page,,,0
mostbet-wnm2.cfd,https://mostbet-wnm2.cfd/,200,Coming Soon,0,0,0,thin_page,,,0
mostbet-wnm3.cfd,https://mostbet-wnm3.cfd/,200,Coming Soon,0,0,0,thin_page,,,0
mostbet-wnm9.cfd,https://mostbet-wnm9.cfd/,200,Coming Soon,0,0,0,thin_page,,,0
mostbet-wnn1.cfd,https://mostbet-wnn1.cfd/,200,Coming Soon,0,0,0,thin_page,,,0
mostbet-wnn2.cfd,https://mostbet-wnn2.cfd/,200,Coming Soon,0,0,0,thin_page,,,0
mostbet-wnn3.top,https://mostbet-wnn3.top/,200,Coming Soon,0,0,0,thin_page,,,0
mostbet-wnn4.cfd,https://mostbet-wnn4.cfd/,200,Coming Soon,0,0,0,thin_page,,,0
mostbet-wnn6.cfd,https://mostbet-wnn6.cfd/,200,Coming Soon,0,0,0,thin_page,,,0
mostbet-wnn8.cfd,https://mostbet-wnn8.cfd/,200,Coming Soon,0,0,0,thin_page,,,0
mostbet-wnn9.cfd,https://mostbet-wnn9.cfd/,200,Coming Soon,0,0,0,thin_page,,,0
mostbet-wno4.cfd,https://mostbet-wno4.cfd/,200,Coming Soon,0,0,0,thin_page,,,0
mostbet-wno8.cfd,https://mostbet-wno8.cfd/,200,Coming Soon,0,0,0,thin_page,,,0
mostbet-wno9.cfd,https://mostbet-wno9.cfd/,200,Coming Soon,0,0,0,thin_page,,,0
mostbet-wnp1.cfd,https://mostbet-wnp1.cfd/,200,Coming Soon,0,0,0,thin_page,,,0
mostbet-wnp2.cfd,https://mostbet-wnp2.cfd/,200,Coming Soon,0,0,0,thin_page,,,0
mostbet-wnp3.cfd,https://mostbet-wnp3.cfd/,200,Coming Soon,0,0,0,thin_page,,,0
mostbet-wnp4.cfd,https://mostbet-wnp4.cfd/,200,Coming Soon,0,0,0,thin_page,,,0
mostbet-wnp9.top,https://mostbet-wnp9.top/,200,Coming Soon,0,0,0,thin_page,,,0
mostbet-wnq6.cfd,https://mostbet-wnq6.cfd/,200,Coming Soon,0,0,0,thin_page,,,0
mostbet-wnq9.cfd,https://mostbet-wnq9.cfd/,200,Coming Soon,0,0,0,thin_page,,,0
mostbet-wnr3.cfd,https://mostbet-wnr3.cfd/,200,Coming Soon,0,0,0,thin_page,,,0
mostbet-wns2.cfd,https://mostbet-wns2.cfd/,200,Coming Soon,0,0,0,thin_page,,,0
mostbet-wns6.cfd,https://mostbet-wns6.cfd/,200,Coming Soon,0,0,0,thin_page,,,0
mostbet-wnt4.top,https://mostbet-wnt4.top/,200,Coming Soon,0,0,0,thin_page,,,0
mostbet-wnt5.cfd,https://mostbet-wnt5.cfd/,200,Coming Soon,0,0,0,thin_page,,,0
mostbet-wnu2.cfd,https://mostbet-wnu2.cfd/,200,Coming Soon,0,0,0,thin_page,,,0
mostbet-wnu5.cfd,https://mostbet-wnu5.cfd/,200,Coming Soon,0,0,0,thin_page,,,0
mostbet-wnu6.cfd,https://mostbet-wnu6.cfd/,200,Coming Soon,0,0,0,thin_page,,,0
mostbet-wnv2.cfd,https://mostbet-wnv2.cfd/,200,Coming Soon,0,0,0,thin_page,,,0
mostbet-wnv3.cfd,https://mostbet-wnv3.cfd/,200,Coming Soon,0,0,0,thin_page,,,0
mostbet-wnv8.cfd,https://mostbet-wnv8.cfd/,200,Coming Soon,0,0,0,thin_page,,,0
mostbet-wnw1.cfd,https://mostbet-wnw1.cfd/,200,Coming Soon,0,0,0,thin_page,,,0
mostbet-wnw3.cfd,https://mostbet-wnw3.cfd/,200,Coming Soon,0,0,0,thin_page,,,0
mostbet-wnw6.cfd,https://mostbet-wnw6.cfd/,200,Coming Soon,0,0,0,thin_page,,,0
mostbet-wnw9.cfd,https://mostbet-wnw9.cfd/,200,Coming Soon,0,0,0,thin_page,,,0
mostbet-wnx1.cfd,https://mostbet-wnx1.cfd/,200,Coming Soon,0,0,0,thin_page,,,0
mostbet-wnx6.cfd,https://mostbet-wnx6.cfd/,200,Coming Soon,0,0,0,thin_page,,,0
mostbet-wnx7.cfd,https://mostbet-wnx7.cfd/,200,Coming Soon,0,0,0,thin_page,,,0
mostbet-wnx8.cfd,https://mostbet-wnx8.cfd/,200,Coming Soon,0,0,0,thin_page,,,0
mostbet-wny1.cfd,https://mostbet-wny1.cfd/,200,Coming Soon,0,0,0,thin_page,,,0
mostbet-wny8.cfd,https://mostbet-wny8.cfd/,200,Coming Soon,0,0,0,thin_page,,,0
mostbet-wny9.cfd,https://mostbet-wny9.cfd/,200,Coming Soon,0,0,0,thin_page,,,0
mostbet-wnz4.cfd,https://mostbet-wnz4.cfd/,200,Coming Soon,0,0,0,thin_page,,,0
mostbet-wnz6.cfd,https://mostbet-wnz6.cfd/,200,Coming Soon,0,0,0,thin_page,,,0
mostbet-wo1.xyz,https://mostbet-wo1.xyz/,200,Coming Soon,0,0,0,thin_page,,,0
mostbet-wo2.xyz,https://mostbet-wo2.xyz/,200,Coming Soon,0,0,0,thin_page,,,0
mostbet-wo5.xyz,https://mostbet-wo5.xyz/,200,Coming Soon,0,0,0,thin_page,,,0
mostbet-wo6.xyz,https://mostbet-wo6.xyz/,200,Coming Soon,0,0,0,thin_page,,,0
mostbet-wo8.xyz,https://mostbet-wo8.xyz/,200,Coming Soon,0,0,0,thin_page,,,0
mostbet-wo9.xyz,https://mostbet-wo9.xyz/,200,Coming Soon,0,0,0,thin_page,,,0
mostbet-woa3.cfd,https://mostbet-woa3.cfd/,200,Coming Soon,0,0,0,thin_page,,,0
mostbet-woa5.cfd,https://mostbet-woa5.cfd/,200,Coming Soon,0,0,0,thin_page,,,0
mostbet-wob4.cfd,https://mostbet-wob4.cfd/,200,Coming Soon,0,0,0,thin_page,,,0
mostbet-wob8.cfd,https://mostbet-wob8.cfd/,200,Coming Soon,0,0,0,thin_page,,,0
mostbet-woc6.cfd,https://mostbet-woc6.cfd/,200,Coming Soon,0,0,0,thin_page,,,0
mostbet-wod3.cfd,https://mostbet-wod3.cfd/,200,Coming Soon,0,0,0,thin_page,,,0
mostbet-wod5.top,https://mostbet-wod5.top/,200,Coming Soon,0,0,0,thin_page,,,0
mostbet-woe4.cfd,https://mostbet-woe4.cfd/,200,Coming Soon,0,0,0,thin_page,,,0
mostbet-woe6.cfd,https://mostbet-woe6.cfd/,200,Coming Soon,0,0,0,thin_page,,,0
mostbet-woe7.cfd,https://mostbet-woe7.cfd/,200,Coming Soon,0,0,0,thin_page,,,0
mostbet-wof1.cfd,https://mostbet-wof1.cfd/,200,Coming Soon,0,0,0,thin_page,,,0
mostbet-wog1.cfd,https://mostbet-wog1.cfd/,200,Coming Soon,0,0,0,thin_page,,,0
mostbet-wog4.cfd,https://mostbet-wog4.cfd/,200,Coming Soon,0,0,0,thin_page,,,0
mostbet-wog7.cfd,https://mostbet-wog7.cfd/,200,Coming Soon,0,0,0,thin_page,,,0
mostbet-wog8.cfd,https://mostbet-wog8.cfd/,200,Coming Soon,0,0,0,thin_page,,,0
mostbet-woh2.cfd,https://mostbet-woh2.cfd/,200,Coming Soon,0,0,0,thin_page,,,0
mostbet-woi3.cfd,https://mostbet-woi3.cfd/,200,Coming Soon,0,0,0,thin_page,,,0
mostbet-woj1.cfd,https://mostbet-woj1.cfd/,200,Coming Soon,0,0,0,thin_page,,,0
mostbet-woj2.cfd,https://mostbet-woj2.cfd/,200,Coming Soon,0,0,0,thin_page,,,0
mostbet-woj3.cfd,https://mostbet-woj3.cfd/,200,Coming Soon,0,0,0,thin_page,,,0
mostbet-woj4.cfd,https://mostbet-woj4.cfd/,200,Coming Soon,0,0,0,thin_page,,,0
mostbet-woj7.cfd,https://mostbet-woj7.cfd/,200,Coming Soon,0,0,0,thin_page,,,0
mostbet-woj8.cfd,https://mostbet-woj8.cfd/,200,Coming Soon,0,0,0,thin_page,,,0
mostbet-wok2.cfd,https://mostbet-wok2.cfd/,200,Coming Soon,0,0,0,thin_page,,,0
mostbet-wok6.cfd,https://mostbet-wok6.cfd/,200,Coming Soon,0,0,0,thin_page,,,0
mostbet-wok8.cfd,https://mostbet-wok8.cfd/,200,Coming Soon,0,0,0,thin_page,,,0
mostbet-wok9.cfd,https://mostbet-wok9.cfd/,200,Coming Soon,0,0,0,thin_page,,,0
mostbet-wol2.cfd,https://mostbet-wol2.cfd/,200,Coming Soon,0,0,0,thin_page,,,0
mostbet-wol4.cfd,https://mostbet-wol4.cfd/,200,Coming Soon,0,0,0,thin_page,,,0
mostbet-wol7.cfd,https://mostbet-wol7.cfd/,200,Coming Soon,0,0,0,thin_page,,,0
mostbet-wol8.cfd,https://mostbet-wol8.cfd/,200,Coming Soon,0,0,0,thin_page,,,0
mostbet-wom1.cfd,https://mostbet-wom1.cfd/,200,Coming Soon,0,0,0,thin_page,,,0
mostbet-wom4.cfd,https://mostbet-wom4.cfd/,200,Coming Soon,0,0,0,thin_page,,,0
mostbet-wom5.top,https://mostbet-wom5.top/,200,Coming Soon,0,0,0,thin_page,,,0
mostbet-won5.cfd,https://mostbet-won5.cfd/,200,Coming Soon,0,0,0,thin_page,,,0
mostbet-won6.cfd,https://mostbet-won6.cfd/,200,Coming Soon,0,0,0,thin_page,,,0
mostbet-woo7.cfd,https://mostbet-woo7.cfd/,200,Coming Soon,0,0,0,thin_page,,,0
mostbet-woo8.cfd,https://mostbet-woo8.cfd/,200,Coming Soon,0,0,0,thin_page,,,0
mostbet-wop1.cfd,https://mostbet-wop1.cfd/,200,Coming Soon,0,0,0,thin_page,,,0
mostbet-wop2.cfd,https://mostbet-wop2.cfd/,200,Coming Soon,0,0,0,thin_page,,,0
mostbet-wop3.cfd,https://mostbet-wop3.cfd/,200,Coming Soon,0,0,0,thin_page,,,0
mostbet-wop9.cfd,https://mostbet-wop9.cfd/,200,Coming Soon,0,0,0,thin_page,,,0
mostbet-woq1.cfd,https://mostbet-woq1.cfd/,200,Coming Soon,0,0,0,thin_page,,,0
mostbet-woq7.cfd,https://mostbet-woq7.cfd/,200,Coming Soon,0,0,0,thin_page,,,0
mostbet-wor1.cfd,https://mostbet-wor1.cfd/,200,Coming Soon,0,0,0,thin_page,,,0
mostbet-wor5.cfd,https://mostbet-wor5.cfd/,200,Coming Soon,0,0,0,thin_page,,,0
mostbet-wor8.cfd,https://mostbet-wor8.cfd/,200,Coming Soon,0,0,0,thin_page,,,0
mostbet-world-win.com,http://mostbet-world-win.com/,200,Parking Page,0,0,3,,,,2
mostbet-wos2.cfd,https://mostbet-wos2.cfd/,200,Coming Soon,0,0,0,thin_page,,,0
mostbet-wos5.cfd,https://mostbet-wos5.cfd/,200,Coming Soon,0,0,0,thin_page,,,0
mostbet-wos7.cfd,https://mostbet-wos7.cfd/,200,Coming Soon,0,0,0,thin_page,,,0
mostbet-wot4.cfd,https://mostbet-wot4.cfd/,200,Coming Soon,0,0,0,thin_page,,,0
mostbet-wou4.cfd,https://mostbet-wou4.cfd/,200,Coming Soon,0,0,0,thin_page,,,0
mostbet-wou5.cfd,https://mostbet-wou5.cfd/,200,Coming Soon,0,0,0,thin_page,,,0
mostbet-wou7.cfd,https://mostbet-wou7.cfd/,200,Coming Soon,0,0,0,thin_page,,,0
mostbet-wov1.cfd,https://mostbet-wov1.cfd/,200,Coming Soon,0,0,0,thin_page,,,0
mostbet-wov4.cfd,https://mostbet-wov4.cfd/,200,Coming Soon,0,0,0,thin_page,,,0
mostbet-wov5.cfd,https://mostbet-wov5.cfd/,200,Coming Soon,0,0,0,thin_page,,,0
mostbet-wov9.cfd,https://mostbet-wov9.cfd/,200,Coming Soon,0,0,0,thin_page,,,0
mostbet-wow1.cfd,https://mostbet-wow1.cfd/,200,Coming Soon,0,0,0,thin_page,,,0
mostbet-wow4.cfd,https://mostbet-wow4.cfd/,200,Coming Soon,0,0,0,thin_page,,,0
mostbet-wow5.cfd,https://mostbet-wow5.cfd/,200,Coming Soon,0,0,0,thin_page,,,0
mostbet-wow6.cfd,https://mostbet-wow6.cfd/,200,Coming Soon,0,0,0,thin_page,,,0
mostbet-wow8.cfd,https://mostbet-wow8.cfd/,200,Coming Soon,0,0,0,thin_page,,,0
mostbet-wox1.cfd,https://mostbet-wox1.cfd/,200,Coming Soon,0,0,0,thin_page,,,0
mostbet-wox9.cfd,https://mostbet-wox9.cfd/,200,Coming Soon,0,0,0,thin_page,,,0
mostbet-woy9.cfd,https://mostbet-woy9.cfd/,200,Coming Soon,0,0,0,thin_page,,,0
mostbet-woz1.cfd,https://mostbet-woz1.cfd/,200,Coming Soon,0,0,0,thin_page,,,0
mostbet-woz2.cfd,https://mostbet-woz2.cfd/,200,Coming Soon,0,0,0,thin_page,,,0
mostbet-wp1.xyz,https://mostbet-wp1.xyz/,200,Coming Soon,0,0,0,thin_page,,,0
mostbet-wp2.xyz,https://mostbet-wp2.xyz/,200,Coming Soon,0,0,0,thin_page,,,0
mostbet-wp3.xyz,https://mostbet-wp3.xyz/,200,Coming Soon,0,0,0,thin_page,,,0
mostbet-wp4.xyz,https://mostbet-wp4.xyz/,200,Coming Soon,0,0,0,thin_page,,,0
mostbet-wp5.xyz,https://mostbet-wp5.xyz/,200,Coming Soon,0,0,0,thin_page,,,0
mostbet-wp6.xyz,https://mostbet-wp6.xyz/,200,Coming Soon,0,0,0,thin_page,,,0
mostbet-wp7.xyz,https://mostbet-wp7.xyz/,200,Coming Soon,0,0,0,thin_page,,,0
mostbet-wpa8.cfd,https://mostbet-wpa8.cfd/,200,Coming Soon,0,0,0,thin_page,,,0
mostbet-wpb2.cfd,https://mostbet-wpb2.cfd/,200,Coming Soon,0,0,0,thin_page,,,0
mostbet-wpb3.cfd,https://mostbet-wpb3.cfd/,200,Coming Soon,0,0,0,thin_page,,,0
mostbet-wpb4.cfd,https://mostbet-wpb4.cfd/,200,Coming Soon,0,0,0,thin_page,,,0
mostbet-wpb8.cfd,https://mostbet-wpb8.cfd/,200,Coming Soon,0,0,0,thin_page,,,0
mostbet-wpb9.cfd,https://mostbet-wpb9.cfd/,200,Coming Soon,0,0,0,thin_page,,,0
mostbet-wpc1.buzz,https://mostbet-wpc1.buzz/,200,Мостбет официальный сайт | Mostbet казино зеркало рабочее,153,25,1,,,,3
mostbet-wpc9.cfd,https://mostbet-wpc9.cfd/,200,Coming Soon,0,0,0,thin_page,,,0
mostbet-wpd2.cfd,https://mostbet-wpd2.cfd/,200,Coming Soon,0,0,0,thin_page,,,0
mostbet-wpd5.cfd,https://mostbet-wpd5.cfd/,200,Coming Soon,0,0,0,thin_page,,,0
mostbet-wpd7.cfd,https://mostbet-wpd7.cfd/,200,Coming Soon,0,0,0,thin_page,,,0
mostbet-wpd9.cfd,https://mostbet-wpd9.cfd/,200,Coming Soon,0,0,0,thin_page,,,0
mostbet-wpe5.top,https://mostbet-wpe5.top/,200,Coming Soon,0,0,0,thin_page,,,0
mostbet-wpe6.cfd,https://mostbet-wpe6.cfd/,200,Coming Soon,0,0,0,thin_page,,,0
mostbet-wpe7.cfd,https://mostbet-wpe7.cfd/,200,Coming Soon,0,0,0,thin_page,,,0
mostbet-wpe9.cfd,https://mostbet-wpe9.cfd/,200,Coming Soon,0,0,0,thin_page,,,0
mostbet-wpf1.cfd,https://mostbet-wpf1.cfd/,200,Coming Soon,0,0,0,thin_page,,,0
mostbet-wpf4.cfd,https://mostbet-wpf4.cfd/,200,Coming Soon,0,0,0,thin_page,,,0
mostbet-wpf8.cfd,https://mostbet-wpf8.cfd/,200,Coming Soon,0,0,0,thin_page,,,0
mostbet-wpg1.cfd,https://mostbet-wpg1.cfd/,200,Coming Soon,0,0,0,thin_page,,,0
mostbet-wpg2.cfd,https://mostbet-wpg2.cfd/,200,Coming Soon,0,0,0,thin_page,,,0
mostbet-wpg3.cfd,https://mostbet-wpg3.cfd/,200,Coming Soon,0,0,0,thin_page,,,0
mostbet-wpg6.cfd,https://mostbet-wpg6.cfd/,200,Coming Soon,0,0,0,thin_page,,,0
mostbet-wpg9.cfd,https://mostbet-wpg9.cfd/,200,Coming Soon,0,0,0,thin_page,,,0
mostbet-wph9.cfd,https://mostbet-wph9.cfd/,200,Coming Soon,0,0,0,thin_page,,,0
mostbet-wpi4.cfd,https://mostbet-wpi4.cfd/,200,Coming Soon,0,0,0,thin_page,,,0
mostbet-wpi6.cfd,https://mostbet-wpi6.cfd/,200,Coming Soon,0,0,0,thin_page,,,0
mostbet-wpi9.cfd,https://mostbet-wpi9.cfd/,200,Coming Soon,0,0,0,thin_page,,,0
mostbet-wpj3.cfd,https://mostbet-wpj3.cfd/,200,Coming Soon,0,0,0,thin_page,,,0
mostbet-wpj5.cfd,https://mostbet-wpj5.cfd/,200,Coming Soon,0,0,0,thin_page,,,0
mostbet-wpk1.cfd,https://mostbet-wpk1.cfd/,200,Coming Soon,0,0,0,thin_page,,,0
mostbet-wpk3.cfd,https://mostbet-wpk3.cfd/,200,Coming Soon,0,0,0,thin_page,,,0
mostbet-wpk4.cfd,https://mostbet-wpk4.cfd/,200,Coming Soon,0,0,0,thin_page,,,0
mostbet-wpk7.cfd,https://mostbet-wpk7.cfd/,200,Coming Soon,0,0,0,thin_page,,,0
mostbet-wpk9.cfd,https://mostbet-wpk9.cfd/,200,Coming Soon,0,0,0,thin_page,,,0
mostbet-wpl2.cfd,https://mostbet-wpl2.cfd/,200,Coming Soon,0,0,0,thin_page,,,0
mostbet-wpl3.cfd,https://mostbet-wpl3.cfd/,200,Coming Soon,0,0,0,thin_page,,,0
mostbet-wpl6.cfd,https://mostbet-wpl6.cfd/,200,Coming Soon,0,0,0,thin_page,,,0
mostbet-wpm2.cfd,https://mostbet-wpm2.cfd/,200,Coming Soon,0,0,0,thin_page,,,0
mostbet-wpm4.cfd,https://mostbet-wpm4.cfd/,200,Coming Soon,0,0,0,thin_page,,,0
mostbet-wpm6.cfd,https://mostbet-wpm6.cfd/,200,Coming Soon,0,0,0,thin_page,,,0
mostbet-wpm7.cfd,https://mostbet-wpm7.cfd/,200,Coming Soon,0,0,0,thin_page,,,0
mostbet-wpm8.cfd,https://mostbet-wpm8.cfd/,200,Coming Soon,0,0,0,thin_page,,,0
mostbet-wpn4.cfd,https://mostbet-wpn4.cfd/,200,Coming Soon,0,0,0,thin_page,,,0
mostbet-wpn7.cfd,https://mostbet-wpn7.cfd/,200,Coming Soon,0,0,0,thin_page,,,0
mostbet-wpn8.cfd,https://mostbet-wpn8.cfd/,200,Coming Soon,0,0,0,thin_page,,,0
mostbet-wpo3.cfd,https://mostbet-wpo3.cfd/,200,Coming Soon,0,0,0,thin_page,,,0
mostbet-wpo4.cfd,https://mostbet-wpo4.cfd/,200,Coming Soon,0,0,0,thin_page,,,0
mostbet-wpo5.cfd,https://mostbet-wpo5.cfd/,200,Coming Soon,0,0,0,thin_page,,,0
mostbet-wpo6.cfd,https://mostbet-wpo6.cfd/,200,Coming Soon,0,0,0,thin_page,,,0
mostbet-wpo7.cfd,https://mostbet-wpo7.cfd/,200,Coming Soon,0,0,0,thin_page,,,0
mostbet-wpo8.cfd,https://mostbet-wpo8.cfd/,200,Coming Soon,0,0,0,thin_page,,,0
mostbet-wpp3.cfd,https://mostbet-wpp3.cfd/,200,Coming Soon,0,0,0,thin_page,,,0
mostbet-wpp4.cfd,https://mostbet-wpp4.cfd/,200,Coming Soon,0,0,0,thin_page,,,0
mostbet-wpp8.top,https://mostbet-wpp8.top/,200,Coming Soon,0,0,0,thin_page,,,0
mostbet-wpr6.cfd,https://mostbet-wpr6.cfd/,200,Coming Soon,0,0,0,thin_page,,,0
mostbet-wpr7.cfd,https://mostbet-wpr7.cfd/,200,Coming Soon,0,0,0,thin_page,,,0
mostbet-wps8.cfd,https://mostbet-wps8.cfd/,200,Coming Soon,0,0,0,thin_page,,,0
mostbet-wps9.cfd,https://mostbet-wps9.cfd/,200,Coming Soon,0,0,0,thin_page,,,0
mostbet-wpt3.cfd,https://mostbet-wpt3.cfd/,200,Coming Soon,0,0,0,thin_page,,,0
mostbet-wpu1.cfd,https://mostbet-wpu1.cfd/,200,Coming Soon,0,0,0,thin_page,,,0
mostbet-wpu3.cfd,https://mostbet-wpu3.cfd/,200,Coming Soon,0,0,0,thin_page,,,0
mostbet-wpu4.cfd,https://mostbet-wpu4.cfd/,200,Coming Soon,0,0,0,thin_page,,,0
mostbet-wpv7.cfd,https://mostbet-wpv7.cfd/,200,Coming Soon,0,0,0,thin_page,,,0
mostbet-wpv8.cfd,https://mostbet-wpv8.cfd/,200,Coming Soon,0,0,0,thin_page,,,0
mostbet-wpw4.cfd,https://mostbet-wpw4.cfd/,200,Coming Soon,0,0,0,thin_page,,,0
mostbet-wpw7.cfd,https://mostbet-wpw7.cfd/,200,Coming Soon,0,0,0,thin_page,,,0
mostbet-wpx1.cfd,https://mostbet-wpx1.cfd/,200,Coming Soon,0,0,0,thin_page,,,0
mostbet-wpx2.cfd,https://mostbet-wpx2.cfd/,200,Coming Soon,0,0,0,thin_page,,,0
mostbet-wpx3.top,https://mostbet-wpx3.top/,200,Coming Soon,0,0,0,thin_page,,,0
mostbet-wpx6.cfd,https://mostbet-wpx6.cfd/,200,Coming Soon,0,0,0,thin_page,,,0
mostbet-wpx8.cfd,https://mostbet-wpx8.cfd/,200,Coming Soon,0,0,0,thin_page,,,0
mostbet-wpy4.cfd,https://mostbet-wpy4.cfd/,200,Coming Soon,0,0,0,thin_page,,,0
mostbet-wpy7.cfd,https://mostbet-wpy7.cfd/,200,Coming Soon,0,0,0,thin_page,,,0
mostbet-wpy8.cfd,https://mostbet-wpy8.cfd/,200,Coming Soon,0,0,0,thin_page,,,0
mostbet-wpz1.xyz,https://mostbet-wpz1.xyz/,200,Coming Soon,0,0,0,thin_page,,,0
mostbet-wpz3.cfd,https://mostbet-wpz3.cfd/,200,Coming Soon,0,0,0,thin_page,,,0
mostbet-wpz6.cfd,https://mostbet-wpz6.cfd/,200,Coming Soon,0,0,0,thin_page,,,0
mostbet-wpz8.cfd,https://mostbet-wpz8.cfd/,200,Coming Soon,0,0,0,thin_page,,,0
mostbet-wq.top,https://mostbet-wq.top/,200,Coming Soon,0,0,0,thin_page,,,0
mostbet-wq1.xyz,https://mostbet-wq1.xyz/,200,Coming Soon,0,0,0,thin_page,,,0
mostbet-wq2.xyz,https://mostbet-wq2.xyz/,200,Coming Soon,0,0,0,thin_page,,,0
mostbet-wq4.xyz,https://mostbet-wq4.xyz/,200,Coming Soon,0,0,0,thin_page,,,0
mostbet-wq5.xyz,https://mostbet-wq5.xyz/,200,Coming Soon,0,0,0,thin_page,,,0
mostbet-wq8.xyz,https://mostbet-wq8.xyz/,200,Coming Soon,0,0,0,thin_page,,,0
mostbet-wq9.xyz,https://mostbet-wq9.xyz/,200,Coming Soon,0,0,0,thin_page,,,0
mostbet-wqa4.cfd,https://mostbet-wqa4.cfd/,200,Coming Soon,0,0,0,thin_page,,,0
mostbet-wqa8.cfd,https://mostbet-wqa8.cfd/,200,Coming Soon,0,0,0,thin_page,,,0
mostbet-wqa9.cfd,https://mostbet-wqa9.cfd/,200,Coming Soon,0,0,0,thin_page,,,0
mostbet-wqb3.cfd,https://mostbet-wqb3.cfd/,200,Coming Soon,0,0,0,thin_page,,,0
mostbet-wqb4.cfd,https://mostbet-wqb4.cfd/,200,Coming Soon,0,0,0,thin_page,,,0
mostbet-wqc2.cfd,https://mostbet-wqc2.cfd/,200,Coming Soon,0,0,0,thin_page,,,0
mostbet-wqc3.cfd,https://mostbet-wqc3.cfd/,200,Coming Soon,0,0,0,thin_page,,,0
mostbet-wqc7.cfd,https://mostbet-wqc7.cfd/,200,Coming Soon,0,0,0,thin_page,,,0
mostbet-wqc8.cfd,https://mostbet-wqc8.cfd/,200,Coming Soon,0,0,0,thin_page,,,0
mostbet-wqc9.cfd,https://mostbet-wqc9.cfd/,200,Coming Soon,0,0,0,thin_page,,,0
mostbet-wqd6.cfd,https://mostbet-wqd6.cfd/,200,Coming Soon,0,0,0,thin_page,,,0
mostbet-wqd8.cfd,https://mostbet-wqd8.cfd/,200,Coming Soon,0,0,0,thin_page,,,0
mostbet-wqe6.cfd,https://mostbet-wqe6.cfd/,200,Coming Soon,0,0,0,thin_page,,,0
mostbet-wqe7.cfd,https://mostbet-wqe7.cfd/,200,Coming Soon,0,0,0,thin_page,,,0
mostbet-wqe8.cfd,https://mostbet-wqe8.cfd/,200,Coming Soon,0,0,0,thin_page,,,0
mostbet-wqf4.cfd,https://mostbet-wqf4.cfd/,200,Coming Soon,0,0,0,thin_page,,,0
mostbet-wqf5.cfd,https://mostbet-wqf5.cfd/,200,Coming Soon,0,0,0,thin_page,,,0
mostbet-wqg1.cfd,https://mostbet-wqg1.cfd/,200,Coming Soon,0,0,0,thin_page,,,0
mostbet-wqg5.cfd,https://mostbet-wqg5.cfd/,200,Coming Soon,0,0,0,thin_page,,,0
mostbet-wqg6.cfd,https://mostbet-wqg6.cfd/,200,Coming Soon,0,0,0,thin_page,,,0
mostbet-wqg8.top,https://mostbet-wqg8.top/,200,Coming Soon,0,0,0,thin_page,,,0
mostbet-wqh3.cfd,https://mostbet-wqh3.cfd/,200,Coming Soon,0,0,0,thin_page,,,0
mostbet-wqh5.cfd,https://mostbet-wqh5.cfd/,200,Coming Soon,0,0,0,thin_page,,,0
mostbet-wqh7.cfd,https://mostbet-wqh7.cfd/,200,Coming Soon,0,0,0,thin_page,,,0
mostbet-wqh8.cfd,https://mostbet-wqh8.cfd/,200,Coming Soon,0,0,0,thin_page,,,0
mostbet-wqh9.cfd,https://mostbet-wqh9.cfd/,200,Coming Soon,0,0,0,thin_page,,,0
mostbet-wqi2.cfd,https://mostbet-wqi2.cfd/,200,Coming Soon,0,0,0,thin_page,,,0
mostbet-wqi4.cfd,https://mostbet-wqi4.cfd/,200,Coming Soon,0,0,0,thin_page,,,0
mostbet-wqi8.cfd,https://mostbet-wqi8.cfd/,200,Coming Soon,0,0,0,thin_page,,,0
mostbet-wqi9.cfd,https://mostbet-wqi9.cfd/,200,Coming Soon,0,0,0,thin_page,,,0
mostbet-wqj1.cfd,https://mostbet-wqj1.cfd/,200,Coming Soon,0,0,0,thin_page,,,0
mostbet-wqj3.cfd,https://mostbet-wqj3.cfd/,200,Coming Soon,0,0,0,thin_page,,,0
mostbet-wqk1.cfd,https://mostbet-wqk1.cfd/,200,Coming Soon,0,0,0,thin_page,,,0
mostbet-wqk8.cfd,https://mostbet-wqk8.cfd/,200,Coming Soon,0,0,0,thin_page,,,0
mostbet-wql1.cfd,https://mostbet-wql1.cfd/,200,Coming Soon,0,0,0,thin_page,,,0
mostbet-wql4.cfd,https://mostbet-wql4.cfd/,200,Coming Soon,0,0,0,thin_page,,,0
mostbet-wql5.cfd,https://mostbet-wql5.cfd/,200,Coming Soon,0,0,0,thin_page,,,0
mostbet-wql7.cfd,https://mostbet-wql7.cfd/,200,Coming Soon,0,0,0,thin_page,,,0
mostbet-wqm3.cfd,https://mostbet-wqm3.cfd/,200,Coming Soon,0,0,0,thin_page,,,0
mostbet-wqm5.cfd,https://mostbet-wqm5.cfd/,200,Coming Soon,0,0,0,thin_page,,,0
mostbet-wqm8.cfd,https://mostbet-wqm8.cfd/,200,Coming Soon,0,0,0,thin_page,,,0
mostbet-wqn2.cfd,https://mostbet-wqn2.cfd/,200,Coming Soon,0,0,0,thin_page,,,0
mostbet-wqn5.cfd,https://mostbet-wqn5.cfd/,200,Coming Soon,0,0,0,thin_page,,,0
mostbet-wqn7.cfd,https://mostbet-wqn7.cfd/,200,Coming Soon,0,0,0,thin_page,,,0
mostbet-wqn8.cfd,https://mostbet-wqn8.cfd/,200,Coming Soon,0,0,0,thin_page,,,0
mostbet-wqo4.cfd,https://mostbet-wqo4.cfd/,200,Coming Soon,0,0,0,thin_page,,,0
mostbet-wqo5.cfd,https://mostbet-wqo5.cfd/,200,Coming Soon,0,0,0,thin_page,,,0
mostbet-wqo6.xyz,https://mostbet-wqo6.xyz/,200,Coming Soon,0,0,0,thin_page,,,0
mostbet-wqo7.cfd,https://mostbet-wqo7.cfd/,200,Coming Soon,0,0,0,thin_page,,,0
mostbet-wqq7.cfd,https://mostbet-wqq7.cfd/,200,Coming Soon,0,0,0,thin_page,,,0
mostbet-wqr3.cfd,https://mostbet-wqr3.cfd/,200,Coming Soon,0,0,0,thin_page,,,0
mostbet-wqr4.cfd,https://mostbet-wqr4.cfd/,200,Coming Soon,0,0,0,thin_page,,,0
mostbet-wqr5.cfd,https://mostbet-wqr5.cfd/,200,Coming Soon,0,0,0,thin_page,,,0
mostbet-wqr9.cfd,https://mostbet-wqr9.cfd/,200,Coming Soon,0,0,0,thin_page,,,0
mostbet-wqs2.cfd,https://mostbet-wqs2.cfd/,200,Coming Soon,0,0,0,thin_page,,,0
mostbet-wqs3.cfd,https://mostbet-wqs3.cfd/,200,Coming Soon,0,0,0,thin_page,,,0
mostbet-wqs4.cfd,https://mostbet-wqs4.cfd/,200,Coming Soon,0,0,0,thin_page,,,0
mostbet-wqs5.cfd,https://mostbet-wqs5.cfd/,200,Coming Soon,0,0,0,thin_page,,,0
mostbet-wqt3.cfd,https://mostbet-wqt3.cfd/,200,Coming Soon,0,0,0,thin_page,,,0
mostbet-wqt4.cfd,https://mostbet-wqt4.cfd/,200,Coming Soon,0,0,0,thin_page,,,0
mostbet-wqt7.cfd,https://mostbet-wqt7.cfd/,200,Coming Soon,0,0,0,thin_page,,,0
mostbet-wqt8.cfd,https://mostbet-wqt8.cfd/,200,Coming Soon,0,0,0,thin_page,,,0
mostbet-wqu5.cfd,https://mostbet-wqu5.cfd/,200,Coming Soon,0,0,0,thin_page,,,0
mostbet-wqu7.cfd,https://mostbet-wqu7.cfd/,200,Coming Soon,0,0,0,thin_page,,,0
mostbet-wqv3.cfd,https://mostbet-wqv3.cfd/,200,Coming Soon,0,0,0,thin_page,,,0
mostbet-wqv5.cfd,https://mostbet-wqv5.cfd/,200,Coming Soon,0,0,0,thin_page,,,0
mostbet-wqw2.cfd,https://mostbet-wqw2.cfd/,200,Coming Soon,0,0,0,thin_page,,,0
mostbet-wqw3.top,https://mostbet-wqw3.top/,200,Coming Soon,0,0,0,thin_page,,,0
mostbet-wqw4.top,https://mostbet-wqw4.top/,200,Coming Soon,0,0,0,thin_page,,,0
mostbet-wqw6.cfd,https://mostbet-wqw6.cfd/,200,Coming Soon,0,0,0,thin_page,,,0
mostbet-wqx1.cfd,https://mostbet-wqx1.cfd/,200,Coming Soon,0,0,0,thin_page,,,0
mostbet-wqx4.cfd,https://mostbet-wqx4.cfd/,200,Coming Soon,0,0,0,thin_page,,,0
mostbet-wqy2.cfd,https://mostbet-wqy2.cfd/,200,Coming Soon,0,0,0,thin_page,,,0
mostbet-wqy4.cfd,https://mostbet-wqy4.cfd/,200,Coming Soon,0,0,0,thin_page,,,0
mostbet-wqy8.cfd,https://mostbet-wqy8.cfd/,200,Coming Soon,0,0,0,thin_page,,,0
mostbet-wqy9.top,https://mostbet-wqy9.top/,200,Coming Soon,0,0,0,thin_page,,,0
mostbet-wqz6.cfd,https://mostbet-wqz6.cfd/,200,Coming Soon,0,0,0,thin_page,,,0
mostbet-wr1.top,https://mostbet-wr1.top/,200,Coming Soon,0,0,0,thin_page,,,0
mostbet-wr1.xyz,https://mostbet-wr1.xyz/,200,Coming Soon,0,0,0,thin_page,,,0
mostbet-wr2.xyz,https://mostbet-wr2.xyz/,200,Coming Soon,0,0,0,thin_page,,,0
mostbet-wr3.xyz,https://mostbet-wr3.xyz/,200,Coming Soon,0,0,0,thin_page,,,0
mostbet-wr4.xyz,https://mostbet-wr4.xyz/,200,Coming Soon,0,0,0,thin_page,,,0
mostbet-wr5.xyz,https://mostbet-wr5.xyz/,200,Coming Soon,0,0,0,thin_page,,,0
mostbet-wr6.xyz,https://mostbet-wr6.xyz/,200,Coming Soon,0,0,0,thin_page,,,0
mostbet-wr8.xyz,https://mostbet-wr8.xyz/,200,Coming Soon,0,0,0,thin_page,,,0
mostbet-wr9.xyz,https://mostbet-wr9.xyz/,200,Coming Soon,0,0,0,thin_page,,,0
mostbet-wra2.cfd,https://mostbet-wra2.cfd/,200,Coming Soon,0,0,0,thin_page,,,0
mostbet-wra3.cfd,https://mostbet-wra3.cfd/,200,Coming Soon,0,0,0,thin_page,,,0
mostbet-wra8.cfd,https://mostbet-wra8.cfd/,200,Coming Soon,0,0,0,thin_page,,,0
mostbet-wra9.cfd,https://mostbet-wra9.cfd/,200,Coming Soon,0,0,0,thin_page,,,0
mostbet-wrb2.cfd,https://mostbet-wrb2.cfd/,200,Coming Soon,0,0,0,thin_page,,,0
mostbet-wrb3.cfd,https://mostbet-wrb3.cfd/,200,Coming Soon,0,0,0,thin_page,,,0
mostbet-wrb4.cfd,https://mostbet-wrb4.cfd/,200,Coming Soon,0,0,0,thin_page,,,0
mostbet-wrb5.cfd,https://mostbet-wrb5.cfd/,200,Coming Soon,0,0,0,thin_page,,,0
mostbet-wrb8.cfd,https://mostbet-wrb8.cfd/,200,Coming Soon,0,0,0,thin_page,,,0
mostbet-wrc7.cfd,https://mostbet-wrc7.cfd/,200,Coming Soon,0,0,0,thin_page,,,0
mostbet-wrc8.cfd,https://mostbet-wrc8.cfd/,200,Coming Soon,0,0,0,thin_page,,,0
mostbet-wrd3.cfd,https://mostbet-wrd3.cfd/,200,Coming Soon,0,0,0,thin_page,,,0
mostbet-wrd4.cfd,https://mostbet-wrd4.cfd/,200,Coming Soon,0,0,0,thin_page,,,0
mostbet-wrd8.cfd,https://mostbet-wrd8.cfd/,200,Coming Soon,0,0,0,thin_page,,,0
mostbet-wre8.cfd,https://mostbet-wre8.cfd/,200,Coming Soon,0,0,0,thin_page,,,0
mostbet-wre9.cfd,https://mostbet-wre9.cfd/,200,Coming Soon,0,0,0,thin_page,,,0
mostbet-wrf1.cfd,https://mostbet-wrf1.cfd/,200,Coming Soon,0,0,0,thin_page,,,0
mostbet-wrf2.cfd,https://mostbet-wrf2.cfd/,200,Coming Soon,0,0,0,thin_page,,,0
mostbet-wrf6.cfd,https://mostbet-wrf6.cfd/,200,Coming Soon,0,0,0,thin_page,,,0
mostbet-wrf7.cfd,https://mostbet-wrf7.cfd/,200,Coming Soon,0,0,0,thin_page,,,0
mostbet-wrf9.cfd,https://mostbet-wrf9.cfd/,200,Coming Soon,0,0,0,thin_page,,,0
mostbet-wrg2.cfd,https://mostbet-wrg2.cfd/,200,Coming Soon,0,0,0,thin_page,,,0
mostbet-wrg6.cfd,https://mostbet-wrg6.cfd/,200,Coming Soon,0,0,0,thin_page,,,0
mostbet-wrg7.cfd,https://mostbet-wrg7.cfd/,200,Coming Soon,0,0,0,thin_page,,,0
mostbet-wrh7.cfd,https://mostbet-wrh7.cfd/,200,Coming Soon,0,0,0,thin_page,,,0
mostbet-wri2.cfd,https://mostbet-wri2.cfd/,200,Coming Soon,0,0,0,thin_page,,,0
mostbet-wri6.cfd,https://mostbet-wri6.cfd/,200,Coming Soon,0,0,0,thin_page,,,0
mostbet-wrj4.cfd,https://mostbet-wrj4.cfd/,200,Coming Soon,0,0,0,thin_page,,,0
mostbet-wrk2.cfd,https://mostbet-wrk2.cfd/,200,Coming Soon,0,0,0,thin_page,,,0
mostbet-wrk3.cfd,https://mostbet-wrk3.cfd/,200,Coming Soon,0,0,0,thin_page,,,0
mostbet-wrk5.cfd,https://mostbet-wrk5.cfd/,200,Coming Soon,0,0,0,thin_page,,,0
mostbet-wrk6.cfd,https://mostbet-wrk6.cfd/,200,Coming Soon,0,0,0,thin_page,,,0
mostbet-wrk7.cfd,https://mostbet-wrk7.cfd/,200,Coming Soon,0,0,0,thin_page,,,0
mostbet-wrk8.cfd,https://mostbet-wrk8.cfd/,200,Coming Soon,0,0,0,thin_page,,,0
mostbet-wrl1.cfd,https://mostbet-wrl1.cfd/,200,Coming Soon,0,0,0,thin_page,,,0
mostbet-wrl3.cfd,https://mostbet-wrl3.cfd/,200,Coming Soon,0,0,0,thin_page,,,0
mostbet-wrl6.cfd,https://mostbet-wrl6.cfd/,200,Coming Soon,0,0,0,thin_page,,,0
mostbet-wrl9.cfd,https://mostbet-wrl9.cfd/,200,Coming Soon,0,0,0,thin_page,,,0
mostbet-wrm2.cfd,https://mostbet-wrm2.cfd/,200,Coming Soon,0,0,0,thin_page,,,0
mostbet-wrm6.cfd,https://mostbet-wrm6.cfd/,200,Coming Soon,0,0,0,thin_page,,,0
mostbet-wrm7.cfd,https://mostbet-wrm7.cfd/,200,Coming Soon,0,0,0,thin_page,,,0
mostbet-wrn3.cfd,https://mostbet-wrn3.cfd/,200,Coming Soon,0,0,0,thin_page,,,0
mostbet-wro4.cfd,https://mostbet-wro4.cfd/,200,Coming Soon,0,0,0,thin_page,,,0
mostbet-wro5.cfd,https://mostbet-wro5.cfd/,200,Coming Soon,0,0,0,thin_page,,,0
mostbet-wro8.cfd,https://mostbet-wro8.cfd/,200,Coming Soon,0,0,0,thin_page,,,0
mostbet-wro9.cfd,https://mostbet-wro9.cfd/,200,Coming Soon,0,0,0,thin_page,,,0
mostbet-wrp7.cfd,https://mostbet-wrp7.cfd/,200,Coming Soon,0,0,0,thin_page,,,0
mostbet-wrq3.cfd,https://mostbet-wrq3.cfd/,200,Coming Soon,0,0,0,thin_page,,,0
mostbet-wrr7.cfd,https://mostbet-wrr7.cfd/,200,Coming Soon,0,0,0,thin_page,,,0
mostbet-wrr9.cfd,https://mostbet-wrr9.cfd/,200,Coming Soon,0,0,0,thin_page,,,0
mostbet-wrs1.cfd,https://mostbet-wrs1.cfd/,200,Coming Soon,0,0,0,thin_page,,,0
mostbet-wrs7.cfd,https://mostbet-wrs7.cfd/,200,Coming Soon,0,0,0,thin_page,,,0
mostbet-wrt3.cfd,https://mostbet-wrt3.cfd/,200,Coming Soon,0,0,0,thin_page,,,0
mostbet-wrt4.cfd,https://mostbet-wrt4.cfd/,200,Coming Soon,0,0,0,thin_page,,,0
mostbet-wrt6.cfd,https://mostbet-wrt6.cfd/,200,Coming Soon,0,0,0,thin_page,,,0
mostbet-wrt7.cfd,https://mostbet-wrt7.cfd/,200,Coming Soon,0,0,0,thin_page,,,0
mostbet-wrt9.cfd,https://mostbet-wrt9.cfd/,200,Coming Soon,0,0,0,thin_page,,,0
mostbet-wru1.cfd,https://mostbet-wru1.cfd/,200,Coming Soon,0,0,0,thin_page,,,0
mostbet-wru2.cfd,https://mostbet-wru2.cfd/,200,Coming Soon,0,0,0,thin_page,,,0
mostbet-wrv8.cfd,https://mostbet-wrv8.cfd/,200,Coming Soon,0,0,0,thin_page,,,0
mostbet-wrw5.cfd,https://mostbet-wrw5.cfd/,200,Coming Soon,0,0,0,thin_page,,,0
mostbet-wrx1.cfd,https://mostbet-wrx1.cfd/,200,Coming Soon,0,0,0,thin_page,,,0
mostbet-wrx3.cfd,https://mostbet-wrx3.cfd/,200,Coming Soon,0,0,0,thin_page,,,0
mostbet-wrx5.cfd,https://mostbet-wrx5.cfd/,200,Coming Soon,0,0,0,thin_page,,,0
mostbet-wrx7.cfd,https://mostbet-wrx7.cfd/,200,Coming Soon,0,0,0,thin_page,,,0
mostbet-wry2.cfd,https://mostbet-wry2.cfd/,200,Coming Soon,0,0,0,thin_page,,,0
mostbet-wry4.cfd,https://mostbet-wry4.cfd/,200,Coming Soon,0,0,0,thin_page,,,0
mostbet-wry5.cfd,https://mostbet-wry5.cfd/,200,Coming Soon,0,0,0,thin_page,,,0
mostbet-wry7.cfd,https://mostbet-wry7.cfd/,200,Coming Soon,0,0,0,thin_page,,,0
mostbet-wry8.cfd,https://mostbet-wry8.cfd/,200,Coming Soon,0,0,0,thin_page,,,0
mostbet-wrz4.cfd,https://mostbet-wrz4.cfd/,200,Coming Soon,0,0,0,thin_page,,,0
mostbet-wrz6.top,https://mostbet-wrz6.top/,200,Coming Soon,0,0,0,thin_page,,,0
mostbet-wrz8.top,https://mostbet-wrz8.top/,200,Coming Soon,0,0,0,thin_page,,,0
mostbet-wrz9.cfd,https://mostbet-wrz9.cfd/,200,Coming Soon,0,0,0,thin_page,,,0
mostbet-ws1.xyz,https://mostbet-ws1.xyz/,200,Coming Soon,0,0,0,thin_page,,,0
mostbet-ws4.xyz,https://mostbet-ws4.xyz/,200,Coming Soon,0,0,0,thin_page,,,0
mostbet-ws5.xyz,https://mostbet-ws5.xyz/,200,Coming Soon,0,0,0,thin_page,,,0
mostbet-ws6.xyz,https://mostbet-ws6.xyz/,200,Coming Soon,0,0,0,thin_page,,,0
mostbet-ws7.xyz,https://mostbet-ws7.xyz/,200,Coming Soon,0,0,0,thin_page,,,0
mostbet-ws9.xyz,https://mostbet-ws9.xyz/,200,Coming Soon,0,0,0,thin_page,,,0
mostbet-wsa5.top,https://mostbet-wsa5.top/,200,Coming Soon,0,0,0,thin_page,,,0
mostbet-wsa6.cfd,https://mostbet-wsa6.cfd/,200,Coming Soon,0,0,0,thin_page,,,0
mostbet-wsa8.cfd,https://mostbet-wsa8.cfd/,200,Coming Soon,0,0,0,thin_page,,,0
mostbet-wsb1.cfd,https://mostbet-wsb1.cfd/,200,Coming Soon,0,0,0,thin_page,,,0
mostbet-wsb3.cfd,https://mostbet-wsb3.cfd/,200,Coming Soon,0,0,0,thin_page,,,0
mostbet-wsb6.top,https://mostbet-wsb6.top/,200,Coming Soon,0,0,0,thin_page,,,0
mostbet-wsb7.cfd,https://mostbet-wsb7.cfd/,200,Coming Soon,0,0,0,thin_page,,,0
mostbet-wsc3.cfd,https://mostbet-wsc3.cfd/,200,Coming Soon,0,0,0,thin_page,,,0
mostbet-wsc5.cfd,https://mostbet-wsc5.cfd/,200,Coming Soon,0,0,0,thin_page,,,0
mostbet-wsc7.cfd,https://mostbet-wsc7.cfd/,200,Coming Soon,0,0,0,thin_page,,,0
mostbet-wsc8.cfd,https://mostbet-wsc8.cfd/,200,Coming Soon,0,0,0,thin_page,,,0
mostbet-wsd2.cfd,https://mostbet-wsd2.cfd/,200,Coming Soon,0,0,0,thin_page,,,0
mostbet-wsd7.cfd,https://mostbet-wsd7.cfd/,200,Coming Soon,0,0,0,thin_page,,,0
mostbet-wsf2.cfd,https://mostbet-wsf2.cfd/,200,Coming Soon,0,0,0,thin_page,,,0
mostbet-wsg6.xyz,https://mostbet-wsg6.xyz/,200,Мостбет официальный сайт | Mostbet казино зеркало рабочее,148,25,1,,,,4
mostbet-wsg7.cfd,https://mostbet-wsg7.cfd/,200,Coming Soon,0,0,0,thin_page,,,0
mostbet-wsg8.cfd,https://mostbet-wsg8.cfd/,200,Coming Soon,0,0,0,thin_page,,,0
mostbet-wsh1.cfd,https://mostbet-wsh1.cfd/,200,Coming Soon,0,0,0,thin_page,,,0
mostbet-wsh5.cfd,https://mostbet-wsh5.cfd/,200,Coming Soon,0,0,0,thin_page,,,0
mostbet-wsh6.cfd,https://mostbet-wsh6.cfd/,200,Coming Soon,0,0,0,thin_page,,,0
mostbet-wsi1.top,https://mostbet-wsi1.top/,200,Coming Soon,0,0,0,thin_page,,,0
mostbet-wsi5.cfd,https://mostbet-wsi5.cfd/,200,Coming Soon,0,0,0,thin_page,,,0
mostbet-wsi6.cfd,https://mostbet-wsi6.cfd/,200,Coming Soon,0,0,0,thin_page,,,0
mostbet-wsi8.cfd,https://mostbet-wsi8.cfd/,200,Coming Soon,0,0,0,thin_page,,,0
mostbet-wsj6.cfd,https://mostbet-wsj6.cfd/,200,Coming Soon,0,0,0,thin_page,,,0
mostbet-wsj7.cfd,https://mostbet-wsj7.cfd/,200,Coming Soon,0,0,0,thin_page,,,0
mostbet-wsj9.cfd,https://mostbet-wsj9.cfd/,200,Coming Soon,0,0,0,thin_page,,,0
mostbet-wsk2.cfd,https://mostbet-wsk2.cfd/,200,Coming Soon,0,0,0,thin_page,,,0
mostbet-wsk4.cfd,https://mostbet-wsk4.cfd/,200,Coming Soon,0,0,0,thin_page,,,0
mostbet-wsl5.cfd,https://mostbet-wsl5.cfd/,200,Coming Soon,0,0,0,thin_page,,,0
mostbet-wsm3.cfd,https://mostbet-wsm3.cfd/,200,Coming Soon,0,0,0,thin_page,,,0
mostbet-wsm5.cfd,https://mostbet-wsm5.cfd/,200,Coming Soon,0,0,0,thin_page,,,0
mostbet-wsm9.cfd,https://mostbet-wsm9.cfd/,200,Coming Soon,0,0,0,thin_page,,,0
mostbet-wsn4.cfd,https://mostbet-wsn4.cfd/,200,Coming Soon,0,0,0,thin_page,,,0
mostbet-wsn5.cfd,https://mostbet-wsn5.cfd/,200,Coming Soon,0,0,0,thin_page,,,0
mostbet-wsn8.cfd,https://mostbet-wsn8.cfd/,200,Coming Soon,0,0,0,thin_page,,,0
mostbet-wso4.cfd,https://mostbet-wso4.cfd/,200,Coming Soon,0,0,0,thin_page,,,0
mostbet-wso6.cfd,https://mostbet-wso6.cfd/,200,Coming Soon,0,0,0,thin_page,,,0
mostbet-wso9.cfd,https://mostbet-wso9.cfd/,200,Coming Soon,0,0,0,thin_page,,,0
mostbet-wsp2.cfd,https://mostbet-wsp2.cfd/,200,Coming Soon,0,0,0,thin_page,,,0
mostbet-wsp3.cfd,https://mostbet-wsp3.cfd/,200,Coming Soon,0,0,0,thin_page,,,0
mostbet-wsp7.cfd,https://mostbet-wsp7.cfd/,200,Coming Soon,0,0,0,thin_page,,,0
mostbet-wsq5.cfd,https://mostbet-wsq5.cfd/,200,Coming Soon,0,0,0,thin_page,,,0
mostbet-wsq6.cfd,https://mostbet-wsq6.cfd/,200,Coming Soon,0,0,0,thin_page,,,0
mostbet-wsq7.cfd,https://mostbet-wsq7.cfd/,200,Coming Soon,0,0,0,thin_page,,,0
mostbet-wsr1.cfd,https://mostbet-wsr1.cfd/,200,Coming Soon,0,0,0,thin_page,,,0
mostbet-wsr4.cfd,https://mostbet-wsr4.cfd/,200,Coming Soon,0,0,0,thin_page,,,0
mostbet-wsr5.cfd,https://mostbet-wsr5.cfd/,200,Coming Soon,0,0,0,thin_page,,,0
mostbet-wsr7.cfd,https://mostbet-wsr7.cfd/,200,Coming Soon,0,0,0,thin_page,,,0
mostbet-wsr8.cfd,https://mostbet-wsr8.cfd/,200,Coming Soon,0,0,0,thin_page,,,0
mostbet-wsr9.cfd,https://mostbet-wsr9.cfd/,200,Coming Soon,0,0,0,thin_page,,,0
mostbet-wss3.cfd,https://mostbet-wss3.cfd/,200,Coming Soon,0,0,0,thin_page,,,0
mostbet-wst5.cfd,https://mostbet-wst5.cfd/,200,Coming Soon,0,0,0,thin_page,,,0
mostbet-wst8.cfd,https://mostbet-wst8.cfd/,200,Coming Soon,0,0,0,thin_page,,,0
mostbet-wst9.cfd,https://mostbet-wst9.cfd/,200,Coming Soon,0,0,0,thin_page,,,0
mostbet-wsu9.cfd,https://mostbet-wsu9.cfd/,200,Coming Soon,0,0,0,thin_page,,,0
mostbet-wsv1.cfd,https://mostbet-wsv1.cfd/,200,Coming Soon,0,0,0,thin_page,,,0
mostbet-wsv3.cfd,https://mostbet-wsv3.cfd/,200,Coming Soon,0,0,0,thin_page,,,0
mostbet-wsv4.cfd,https://mostbet-wsv4.cfd/,200,Coming Soon,0,0,0,thin_page,,,0
mostbet-wsv6.cfd,https://mostbet-wsv6.cfd/,200,Coming Soon,0,0,0,thin_page,,,0
mostbet-wsv8.cfd,https://mostbet-wsv8.cfd/,200,Coming Soon,0,0,0,thin_page,,,0
mostbet-wsw2.cfd,https://mostbet-wsw2.cfd/,200,Coming Soon,0,0,0,thin_page,,,0
mostbet-wsw5.cfd,https://mostbet-wsw5.cfd/,200,Coming Soon,0,0,0,thin_page,,,0
mostbet-wsw6.cfd,https://mostbet-wsw6.cfd/,200,Coming Soon,0,0,0,thin_page,,,0
mostbet-wsw7.cfd,https://mostbet-wsw7.cfd/,200,Coming Soon,0,0,0,thin_page,,,0
mostbet-wsw8.cfd,https://mostbet-wsw8.cfd/,200,Coming Soon,0,0,0,thin_page,,,0
mostbet-wsw9.cfd,https://mostbet-wsw9.cfd/,200,Coming Soon,0,0,0,thin_page,,,0
mostbet-wsx2.cfd,https://mostbet-wsx2.cfd/,200,Coming Soon,0,0,0,thin_page,,,0
mostbet-wsx5.cfd,https://mostbet-wsx5.cfd/,200,Coming Soon,0,0,0,thin_page,,,0
mostbet-wsy1.cfd,https://mostbet-wsy1.cfd/,200,Coming Soon,0,0,0,thin_page,,,0
mostbet-wsy4.cfd,https://mostbet-wsy4.cfd/,200,Coming Soon,0,0,0,thin_page,,,0
mostbet-wsy6.cfd,https://mostbet-wsy6.cfd/,200,Coming Soon,0,0,0,thin_page,,,0
mostbet-wsy8.cfd,https://mostbet-wsy8.cfd/,200,Coming Soon,0,0,0,thin_page,,,0
mostbet-wsy9.cfd,https://mostbet-wsy9.cfd/,200,Coming Soon,0,0,0,thin_page,,,0
mostbet-wsz1.cfd,https://mostbet-wsz1.cfd/,200,Coming Soon,0,0,0,thin_page,,,0
mostbet-wsz4.cfd,https://mostbet-wsz4.cfd/,200,Coming Soon,0,0,0,thin_page,,,0
mostbet-wsz5.cfd,https://mostbet-wsz5.cfd/,200,Coming Soon,0,0,0,thin_page,,,0
mostbet-wt1.xyz,https://mostbet-wt1.xyz/,200,Coming Soon,0,0,0,thin_page,,,0
mostbet-wt2.xyz,https://mostbet-wt2.xyz/,200,Coming Soon,0,0,0,thin_page,,,0
mostbet-wt3.xyz,https://mostbet-wt3.xyz/,200,Coming Soon,0,0,0,thin_page,,,0
mostbet-wt4.xyz,https://mostbet-wt4.xyz/,200,Coming Soon,0,0,0,thin_page,,,0
mostbet-wt6.xyz,https://mostbet-wt6.xyz/,200,Coming Soon,0,0,0,thin_page,,,0
mostbet-wt7.xyz,https://mostbet-wt7.xyz/,200,Coming Soon,0,0,0,thin_page,,,0
mostbet-wt9.xyz,https://mostbet-wt9.xyz/,200,Coming Soon,0,0,0,thin_page,,,0
mostbet-wta2.cfd,https://mostbet-wta2.cfd/,200,Coming Soon,0,0,0,thin_page,,,0
mostbet-wta3.cfd,https://mostbet-wta3.cfd/,200,Coming Soon,0,0,0,thin_page,,,0
mostbet-wta8.cfd,https://mostbet-wta8.cfd/,200,Coming Soon,0,0,0,thin_page,,,0
mostbet-wtb5.cfd,https://mostbet-wtb5.cfd/,200,Coming Soon,0,0,0,thin_page,,,0
mostbet-wtb9.cfd,https://mostbet-wtb9.cfd/,200,Coming Soon,0,0,0,thin_page,,,0
mostbet-wtc3.cfd,https://mostbet-wtc3.cfd/,200,Coming Soon,0,0,0,thin_page,,,0
mostbet-wtc5.cfd,https://mostbet-wtc5.cfd/,200,Coming Soon,0,0,0,thin_page,,,0
mostbet-wtc8.cfd,https://mostbet-wtc8.cfd/,200,Coming Soon,0,0,0,thin_page,,,0
mostbet-wtd4.cfd,https://mostbet-wtd4.cfd/,200,Coming Soon,0,0,0,thin_page,,,0
mostbet-wtd5.cfd,https://mostbet-wtd5.cfd/,200,Coming Soon,0,0,0,thin_page,,,0
mostbet-wtd6.cfd,https://mostbet-wtd6.cfd/,200,Coming Soon,0,0,0,thin_page,,,0
mostbet-wtd9.cfd,https://mostbet-wtd9.cfd/,200,Coming Soon,0,0,0,thin_page,,,0
mostbet-wte1.cfd,https://mostbet-wte1.cfd/,200,Coming Soon,0,0,0,thin_page,,,0
mostbet-wtf1.cfd,https://mostbet-wtf1.cfd/,200,Coming Soon,0,0,0,thin_page,,,0
mostbet-wtf4.cfd,https://mostbet-wtf4.cfd/,200,Coming Soon,0,0,0,thin_page,,,0
mostbet-wtg2.cfd,https://mostbet-wtg2.cfd/,200,Coming Soon,0,0,0,thin_page,,,0
mostbet-wtg3.cfd,https://mostbet-wtg3.cfd/,200,Coming Soon,0,0,0,thin_page,,,0
mostbet-wtg6.cfd,https://mostbet-wtg6.cfd/,200,Coming Soon,0,0,0,thin_page,,,0
mostbet-wtg9.cfd,https://mostbet-wtg9.cfd/,200,Coming Soon,0,0,0,thin_page,,,0
mostbet-wth1.cfd,https://mostbet-wth1.cfd/,200,Coming Soon,0,0,0,thin_page,,,0
mostbet-wth3.cfd,https://mostbet-wth3.cfd/,200,Coming Soon,0,0,0,thin_page,,,0
mostbet-wth4.cfd,https://mostbet-wth4.cfd/,200,Coming Soon,0,0,0,thin_page,,,0
mostbet-wth5.cfd,https://mostbet-wth5.cfd/,200,Coming Soon,0,0,0,thin_page,,,0
mostbet-wti3.cfd,https://mostbet-wti3.cfd/,200,Coming Soon,0,0,0,thin_page,,,0
mostbet-wti5.cfd,https://mostbet-wti5.cfd/,200,Coming Soon,0,0,0,thin_page,,,0
mostbet-wti6.cfd,https://mostbet-wti6.cfd/,200,Coming Soon,0,0,0,thin_page,,,0
mostbet-wti7.top,https://mostbet-wti7.top/,200,Coming Soon,0,0,0,thin_page,,,0
mostbet-wti8.cfd,https://mostbet-wti8.cfd/,200,Coming Soon,0,0,0,thin_page,,,0
mostbet-wti9.cfd,https://mostbet-wti9.cfd/,200,Coming Soon,0,0,0,thin_page,,,0
mostbet-wtj3.cfd,https://mostbet-wtj3.cfd/,200,Coming Soon,0,0,0,thin_page,,,0
mostbet-wtj7.cfd,https://mostbet-wtj7.cfd/,200,Coming Soon,0,0,0,thin_page,,,0
mostbet-wtj8.cfd,https://mostbet-wtj8.cfd/,200,Coming Soon,0,0,0,thin_page,,,0
mostbet-wtk3.cfd,https://mostbet-wtk3.cfd/,200,Coming Soon,0,0,0,thin_page,,,0
mostbet-wtk5.cfd,https://mostbet-wtk5.cfd/,200,Coming Soon,0,0,0,thin_page,,,0
mostbet-wtk9.cfd,https://mostbet-wtk9.cfd/,200,Coming Soon,0,0,0,thin_page,,,0
mostbet-wtl3.cfd,https://mostbet-wtl3.cfd/,200,Coming Soon,0,0,0,thin_page,,,0
mostbet-wtl7.cfd,https://mostbet-wtl7.cfd/,200,Coming Soon,0,0,0,thin_page,,,0
mostbet-wtm2.cfd,https://mostbet-wtm2.cfd/,200,Coming Soon,0,0,0,thin_page,,,0
mostbet-wtm5.cfd,https://mostbet-wtm5.cfd/,200,Coming Soon,0,0,0,thin_page,,,0
mostbet-wtm6.cfd,https://mostbet-wtm6.cfd/,200,Coming Soon,0,0,0,thin_page,,,0
mostbet-wtn3.cfd,https://mostbet-wtn3.cfd/,200,Coming Soon,0,0,0,thin_page,,,0
mostbet-wtn8.cfd,https://mostbet-wtn8.cfd/,200,Coming Soon,0,0,0,thin_page,,,0
mostbet-wto1.cfd,https://mostbet-wto1.cfd/,200,Coming Soon,0,0,0,thin_page,,,0
mostbet-wto2.cfd,https://mostbet-wto2.cfd/,200,Coming Soon,0,0,0,thin_page,,,0
mostbet-wto3.cfd,https://mostbet-wto3.cfd/,200,Coming Soon,0,0,0,thin_page,,,0
mostbet-wto5.cfd,https://mostbet-wto5.cfd/,200,Coming Soon,0,0,0,thin_page,,,0
mostbet-wtp1.cfd,https://mostbet-wtp1.cfd/,200,Coming Soon,0,0,0,thin_page,,,0
mostbet-wtp4.cfd,https://mostbet-wtp4.cfd/,200,Coming Soon,0,0,0,thin_page,,,0
mostbet-wtp7.cfd,https://mostbet-wtp7.cfd/,200,Coming Soon,0,0,0,thin_page,,,0
mostbet-wtp8.cfd,https://mostbet-wtp8.cfd/,200,Coming Soon,0,0,0,thin_page,,,0
mostbet-wtp9.cfd,https://mostbet-wtp9.cfd/,200,Coming Soon,0,0,0,thin_page,,,0
mostbet-wtq1.cfd,https://mostbet-wtq1.cfd/,200,Coming Soon,0,0,0,thin_page,,,0
mostbet-wtq3.cfd,https://mostbet-wtq3.cfd/,200,Coming Soon,0,0,0,thin_page,,,0
mostbet-wtq4.cfd,https://mostbet-wtq4.cfd/,200,Coming Soon,0,0,0,thin_page,,,0
mostbet-wtq5.cfd,https://mostbet-wtq5.cfd/,200,Coming Soon,0,0,0,thin_page,,,0
mostbet-wtq6.cfd,https://mostbet-wtq6.cfd/,200,Coming Soon,0,0,0,thin_page,,,0
mostbet-wtq8.cfd,https://mostbet-wtq8.cfd/,200,Coming Soon,0,0,0,thin_page,,,0
mostbet-wtq9.cfd,https://mostbet-wtq9.cfd/,200,Coming Soon,0,0,0,thin_page,,,0
mostbet-wtr1.cfd,https://mostbet-wtr1.cfd/,200,Coming Soon,0,0,0,thin_page,,,0
mostbet-wtr7.cfd,https://mostbet-wtr7.cfd/,200,Coming Soon,0,0,0,thin_page,,,0
mostbet-wtr9.cfd,https://mostbet-wtr9.cfd/,200,Coming Soon,0,0,0,thin_page,,,0
mostbet-wts2.cfd,https://mostbet-wts2.cfd/,200,Coming Soon,0,0,0,thin_page,,,0
mostbet-wtt7.cfd,https://mostbet-wtt7.cfd/,200,Coming Soon,0,0,0,thin_page,,,0
mostbet-wtt9.cfd,https://mostbet-wtt9.cfd/,200,Coming Soon,0,0,0,thin_page,,,0
mostbet-wtv1.cfd,https://mostbet-wtv1.cfd/,200,Coming Soon,0,0,0,thin_page,,,0
mostbet-wtv2.cfd,https://mostbet-wtv2.cfd/,200,Coming Soon,0,0,0,thin_page,,,0
mostbet-wtv7.cfd,https://mostbet-wtv7.cfd/,200,Coming Soon,0,0,0,thin_page,,,0
mostbet-wtv8.cfd,https://mostbet-wtv8.cfd/,200,Coming Soon,0,0,0,thin_page,,,0
mostbet-wtw1.cfd,https://mostbet-wtw1.cfd/,200,Coming Soon,0,0,0,thin_page,,,0
mostbet-wtw4.cfd,https://mostbet-wtw4.cfd/,200,Coming Soon,0,0,0,thin_page,,,0
mostbet-wtw5.cfd,https://mostbet-wtw5.cfd/,200,Coming Soon,0,0,0,thin_page,,,0
mostbet-wtw6.cfd,https://mostbet-wtw6.cfd/,200,Coming Soon,0,0,0,thin_page,,,0
mostbet-wtw8.cfd,https://mostbet-wtw8.cfd/,200,Coming Soon,0,0,0,thin_page,,,0
mostbet-wtx2.cfd,https://mostbet-wtx2.cfd/,200,Coming Soon,0,0,0,thin_page,,,0
mostbet-wtx8.cfd,https://mostbet-wtx8.cfd/,200,Coming Soon,0,0,0,thin_page,,,0
mostbet-wtx9.cfd,https://mostbet-wtx9.cfd/,200,Coming Soon,0,0,0,thin_page,,,0
mostbet-wty2.cfd,https://mostbet-wty2.cfd/,200,Coming Soon,0,0,0,thin_page,,,0
mostbet-wty3.cfd,https://mostbet-wty3.cfd/,200,Coming Soon,0,0,0,thin_page,,,0
mostbet-wty4.cfd,https://mostbet-wty4.cfd/,200,Coming Soon,0,0,0,thin_page,,,0
mostbet-wty7.cfd,https://mostbet-wty7.cfd/,200,Coming Soon,0,0,0,thin_page,,,0
mostbet-wty8.cfd,https://mostbet-wty8.cfd/,200,Coming Soon,0,0,0,thin_page,,,0
mostbet-wtz6.cfd,https://mostbet-wtz6.cfd/,200,Coming Soon,0,0,0,thin_page,,,0
mostbet-wtz8.cfd,https://mostbet-wtz8.cfd/,200,Coming Soon,0,0,0,thin_page,,,0
mostbet-wu1.xyz,https://mostbet-wu1.xyz/,200,Coming Soon,0,0,0,thin_page,,,0
mostbet-wu2.xyz,https://mostbet-wu2.xyz/,200,Coming Soon,0,0,0,thin_page,,,0
mostbet-wu5.xyz,https://mostbet-wu5.xyz/,200,Coming Soon,0,0,0,thin_page,,,0
mostbet-wu6.xyz,https://mostbet-wu6.xyz/,200,Coming Soon,0,0,0,thin_page,,,0
mostbet-wu7.xyz,https://mostbet-wu7.xyz/,200,Coming Soon,0,0,0,thin_page,,,0
mostbet-wu9.xyz,https://mostbet-wu9.xyz/,200,Coming Soon,0,0,0,thin_page,,,0
mostbet-wua5.cfd,https://mostbet-wua5.cfd/,200,Coming Soon,0,0,0,thin_page,,,0
mostbet-wua6.cfd,https://mostbet-wua6.cfd/,200,Coming Soon,0,0,0,thin_page,,,0
mostbet-wua7.cfd,https://mostbet-wua7.cfd/,200,Coming Soon,0,0,0,thin_page,,,0
mostbet-wua9.cfd,https://mostbet-wua9.cfd/,200,Coming Soon,0,0,0,thin_page,,,0
mostbet-wub5.cfd,https://mostbet-wub5.cfd/,200,Coming Soon,0,0,0,thin_page,,,0
mostbet-wub6.cfd,https://mostbet-wub6.cfd/,200,Coming Soon,0,0,0,thin_page,,,0
mostbet-wub7.cfd,https://mostbet-wub7.cfd/,200,Coming Soon,0,0,0,thin_page,,,0
mostbet-wuc2.cfd,https://mostbet-wuc2.cfd/,200,Coming Soon,0,0,0,thin_page,,,0
mostbet-wuc9.cfd,https://mostbet-wuc9.cfd/,200,Coming Soon,0,0,0,thin_page,,,0
mostbet-wud1.cfd,https://mostbet-wud1.cfd/,200,Coming Soon,0,0,0,thin_page,,,0
mostbet-wud7.cfd,https://mostbet-wud7.cfd/,200,Coming Soon,0,0,0,thin_page,,,0
mostbet-wud8.cfd,https://mostbet-wud8.cfd/,200,Coming Soon,0,0,0,thin_page,,,0
mostbet-wue1.cfd,https://mostbet-wue1.cfd/,200,Coming Soon,0,0,0,thin_page,,,0
mostbet-wue2.cfd,https://mostbet-wue2.cfd/,200,Coming Soon,0,0,0,thin_page,,,0
mostbet-wue5.cfd,https://mostbet-wue5.cfd/,200,Coming Soon,0,0,0,thin_page,,,0
mostbet-wue6.cfd,https://mostbet-wue6.cfd/,200,Coming Soon,0,0,0,thin_page,,,0
mostbet-wuf3.cfd,https://mostbet-wuf3.cfd/,200,Coming Soon,0,0,0,thin_page,,,0
mostbet-wuf4.cfd,https://mostbet-wuf4.cfd/,200,Coming Soon,0,0,0,thin_page,,,0
mostbet-wuf5.cfd,https://mostbet-wuf5.cfd/,200,Coming Soon,0,0,0,thin_page,,,0
mostbet-wuf6.cfd,https://mostbet-wuf6.cfd/,200,Coming Soon,0,0,0,thin_page,,,0
mostbet-wug6.top,https://mostbet-wug6.top/,200,Coming Soon,0,0,0,thin_page,,,0
mostbet-wug8.cfd,https://mostbet-wug8.cfd/,200,Coming Soon,0,0,0,thin_page,,,0
mostbet-wug9.cfd,https://mostbet-wug9.cfd/,200,Coming Soon,0,0,0,thin_page,,,0
mostbet-wuh6.cfd,https://mostbet-wuh6.cfd/,200,Coming Soon,0,0,0,thin_page,,,0
mostbet-wuh9.cfd,https://mostbet-wuh9.cfd/,200,Coming Soon,0,0,0,thin_page,,,0
mostbet-wui5.cfd,https://mostbet-wui5.cfd/,200,Coming Soon,0,0,0,thin_page,,,0
mostbet-wui7.cfd,https://mostbet-wui7.cfd/,200,Coming Soon,0,0,0,thin_page,,,0
mostbet-wuj1.cfd,https://mostbet-wuj1.cfd/,200,Coming Soon,0,0,0,thin_page,,,0
mostbet-wuj3.cfd,https://mostbet-wuj3.cfd/,200,Coming Soon,0,0,0,thin_page,,,0
mostbet-wuj7.cfd,https://mostbet-wuj7.cfd/,200,Coming Soon,0,0,0,thin_page,,,0
mostbet-wuj8.cfd,https://mostbet-wuj8.cfd/,200,Coming Soon,0,0,0,thin_page,,,0
mostbet-wuk3.cfd,https://mostbet-wuk3.cfd/,200,Coming Soon,0,0,0,thin_page,,,0
mostbet-wuk4.cfd,https://mostbet-wuk4.cfd/,200,Coming Soon,0,0,0,thin_page,,,0
mostbet-wuk6.cfd,https://mostbet-wuk6.cfd/,200,Coming Soon,0,0,0,thin_page,,,0
mostbet-wuk7.cfd,https://mostbet-wuk7.cfd/,200,Coming Soon,0,0,0,thin_page,,,0
mostbet-wuk9.cfd,https://mostbet-wuk9.cfd/,200,Coming Soon,0,0,0,thin_page,,,0
mostbet-wul1.cfd,https://mostbet-wul1.cfd/,200,Coming Soon,0,0,0,thin_page,,,0
mostbet-wul8.cfd,https://mostbet-wul8.cfd/,200,Coming Soon,0,0,0,thin_page,,,0
mostbet-wum1.cfd,https://mostbet-wum1.cfd/,200,Coming Soon,0,0,0,thin_page,,,0
mostbet-wum2.cfd,https://mostbet-wum2.cfd/,200,Coming Soon,0,0,0,thin_page,,,0
mostbet-wum3.cfd,https://mostbet-wum3.cfd/,200,Coming Soon,0,0,0,thin_page,,,0
mostbet-wum9.top,https://mostbet-wum9.top/,200,Coming Soon,0,0,0,thin_page,,,0
mostbet-wun3.cfd,https://mostbet-wun3.cfd/,200,Coming Soon,0,0,0,thin_page,,,0
mostbet-wun5.cfd,https://mostbet-wun5.cfd/,200,Coming Soon,0,0,0,thin_page,,,0
mostbet-wun6.cfd,https://mostbet-wun6.cfd/,200,Coming Soon,0,0,0,thin_page,,,0
mostbet-wuo1.cfd,https://mostbet-wuo1.cfd/,200,Coming Soon,0,0,0,thin_page,,,0
mostbet-wuo5.cfd,https://mostbet-wuo5.cfd/,200,Coming Soon,0,0,0,thin_page,,,0
mostbet-wup3.cfd,https://mostbet-wup3.cfd/,200,Coming Soon,0,0,0,thin_page,,,0
mostbet-wup7.cfd,https://mostbet-wup7.cfd/,200,Coming Soon,0,0,0,thin_page,,,0
mostbet-wuq3.cfd,https://mostbet-wuq3.cfd/,200,Coming Soon,0,0,0,thin_page,,,0
mostbet-wuq5.cfd,https://mostbet-wuq5.cfd/,200,Coming Soon,0,0,0,thin_page,,,0
mostbet-wur1.cfd,https://mostbet-wur1.cfd/,200,Coming Soon,0,0,0,thin_page,,,0
mostbet-wur2.cfd,https://mostbet-wur2.cfd/,200,Coming Soon,0,0,0,thin_page,,,0
mostbet-wur3.cfd,https://mostbet-wur3.cfd/,200,Coming Soon,0,0,0,thin_page,,,0
mostbet-wur4.cfd,https://mostbet-wur4.cfd/,200,Coming Soon,0,0,0,thin_page,,,0
mostbet-wur5.top,https://mostbet-wur5.top/,200,Coming Soon,0,0,0,thin_page,,,0
mostbet-wur6.cfd,https://mostbet-wur6.cfd/,200,Coming Soon,0,0,0,thin_page,,,0
mostbet-wus1.cfd,https://mostbet-wus1.cfd/,200,Coming Soon,0,0,0,thin_page,,,0
mostbet-wus6.cfd,https://mostbet-wus6.cfd/,200,Coming Soon,0,0,0,thin_page,,,0
mostbet-wut6.cfd,https://mostbet-wut6.cfd/,200,Coming Soon,0,0,0,thin_page,,,0
mostbet-wut7.cfd,https://mostbet-wut7.cfd/,200,Coming Soon,0,0,0,thin_page,,,0
mostbet-wut9.cfd,https://mostbet-wut9.cfd/,200,Coming Soon,0,0,0,thin_page,,,0
mostbet-wuu6.top,https://mostbet-wuu6.top/,200,Coming Soon,0,0,0,thin_page,,,0
mostbet-wuu7.cfd,https://mostbet-wuu7.cfd/,200,Coming Soon,0,0,0,thin_page,,,0
mostbet-wuu9.cfd,https://mostbet-wuu9.cfd/,200,Coming Soon,0,0,0,thin_page,,,0
mostbet-wuv1.cfd,https://mostbet-wuv1.cfd/,200,Coming Soon,0,0,0,thin_page,,,0
mostbet-wuv3.cfd,https://mostbet-wuv3.cfd/,200,Coming Soon,0,0,0,thin_page,,,0
mostbet-wuv5.cfd,https://mostbet-wuv5.cfd/,200,Coming Soon,0,0,0,thin_page,,,0
mostbet-wuv6.cfd,https://mostbet-wuv6.cfd/,200,Coming Soon,0,0,0,thin_page,,,0
mostbet-wuv8.cfd,https://mostbet-wuv8.cfd/,200,Coming Soon,0,0,0,thin_page,,,0
mostbet-wuw4.cfd,https://mostbet-wuw4.cfd/,200,Coming Soon,0,0,0,thin_page,,,0
mostbet-wuw8.cfd,https://mostbet-wuw8.cfd/,200,Coming Soon,0,0,0,thin_page,,,0
mostbet-wux3.cfd,https://mostbet-wux3.cfd/,200,Coming Soon,0,0,0,thin_page,,,0
mostbet-wux8.cfd,https://mostbet-wux8.cfd/,200,Coming Soon,0,0,0,thin_page,,,0
mostbet-wuy3.cfd,https://mostbet-wuy3.cfd/,200,Coming Soon,0,0,0,thin_page,,,0
mostbet-wuy7.cfd,https://mostbet-wuy7.cfd/,200,Coming Soon,0,0,0,thin_page,,,0
mostbet-wuy8.cfd,https://mostbet-wuy8.cfd/,200,Coming Soon,0,0,0,thin_page,,,0
mostbet-wuy9.cfd,https://mostbet-wuy9.cfd/,200,Coming Soon,0,0,0,thin_page,,,0
mostbet-wuz1.cfd,https://mostbet-wuz1.cfd/,200,Coming Soon,0,0,0,thin_page,,,0
mostbet-wuz5.cfd,https://mostbet-wuz5.cfd/,200,Coming Soon,0,0,0,thin_page,,,0
mostbet-wuz9.cfd,https://mostbet-wuz9.cfd/,200,Coming Soon,0,0,0,thin_page,,,0
mostbet-wv1.xyz,https://mostbet-wv1.xyz/,200,Coming Soon,0,0,0,thin_page,,,0
mostbet-wv2.xyz,https://mostbet-wv2.xyz/,200,Coming Soon,0,0,0,thin_page,,,0
mostbet-wv3.xyz,https://mostbet-wv3.xyz/,200,Coming Soon,0,0,0,thin_page,,,0
mostbet-wv4.xyz,https://mostbet-wv4.xyz/,200,Coming Soon,0,0,0,thin_page,,,0
mostbet-wv7.xyz,https://mostbet-wv7.xyz/,200,Coming Soon,0,0,0,thin_page,,,0
mostbet-wv8.xyz,https://mostbet-wv8.xyz/,200,Coming Soon,0,0,0,thin_page,,,0
mostbet-wva2.cfd,https://mostbet-wva2.cfd/,200,Coming Soon,0,0,0,thin_page,,,0
mostbet-wva9.cfd,https://mostbet-wva9.cfd/,200,Coming Soon,0,0,0,thin_page,,,0
mostbet-wvb1.cfd,https://mostbet-wvb1.cfd/,200,Coming Soon,0,0,0,thin_page,,,0
mostbet-wvb9.cfd,https://mostbet-wvb9.cfd/,200,Coming Soon,0,0,0,thin_page,,,0
mostbet-wvc1.cfd,https://mostbet-wvc1.cfd/,200,Coming Soon,0,0,0,thin_page,,,0
mostbet-wvc2.cfd,https://mostbet-wvc2.cfd/,200,Coming Soon,0,0,0,thin_page,,,0
mostbet-wvc3.cfd,https://mostbet-wvc3.cfd/,200,Coming Soon,0,0,0,thin_page,,,0
mostbet-wvc6.top,https://mostbet-wvc6.top/,200,Coming Soon,0,0,0,thin_page,,,0
mostbet-wvc7.cfd,https://mostbet-wvc7.cfd/,200,Coming Soon,0,0,0,thin_page,,,0
mostbet-wvc9.cfd,https://mostbet-wvc9.cfd/,200,Coming Soon,0,0,0,thin_page,,,0
mostbet-wvd1.cfd,https://mostbet-wvd1.cfd/,200,Coming Soon,0,0,0,thin_page,,,0
mostbet-wvd2.cfd,https://mostbet-wvd2.cfd/,200,Coming Soon,0,0,0,thin_page,,,0
mostbet-wvd6.cfd,https://mostbet-wvd6.cfd/,200,Coming Soon,0,0,0,thin_page,,,0
mostbet-wve1.cfd,https://mostbet-wve1.cfd/,200,Coming Soon,0,0,0,thin_page,,,0
mostbet-wve3.cfd,https://mostbet-wve3.cfd/,200,Coming Soon,0,0,0,thin_page,,,0
mostbet-wve5.cfd,https://mostbet-wve5.cfd/,200,Coming Soon,0,0,0,thin_page,,,0
mostbet-wve7.cfd,https://mostbet-wve7.cfd/,200,Coming Soon,0,0,0,thin_page,,,0
mostbet-wve8.cfd,https://mostbet-wve8.cfd/,200,Coming Soon,0,0,0,thin_page,,,0
mostbet-wvf5.cfd,https://mostbet-wvf5.cfd/,200,Coming Soon,0,0,0,thin_page,,,0
mostbet-wvf8.cfd,https://mostbet-wvf8.cfd/,200,Coming Soon,0,0,0,thin_page,,,0
mostbet-wvg5.top,https://mostbet-wvg5.top/,200,Coming Soon,0,0,0,thin_page,,,0
mostbet-wvg6.cfd,https://mostbet-wvg6.cfd/,200,Coming Soon,0,0,0,thin_page,,,0
mostbet-wvg7.cfd,https://mostbet-wvg7.cfd/,200,Coming Soon,0,0,0,thin_page,,,0
mostbet-wvg8.cfd,https://mostbet-wvg8.cfd/,200,Coming Soon,0,0,0,thin_page,,,0
mostbet-wvh3.top,https://mostbet-wvh3.top/,200,Coming Soon,0,0,0,thin_page,,,0
mostbet-wvh6.cfd,https://mostbet-wvh6.cfd/,200,Coming Soon,0,0,0,thin_page,,,0
mostbet-wvh7.cfd,https://mostbet-wvh7.cfd/,200,Coming Soon,0,0,0,thin_page,,,0
mostbet-wvh8.cfd,https://mostbet-wvh8.cfd/,200,Coming Soon,0,0,0,thin_page,,,0
mostbet-wvi1.cfd,https://mostbet-wvi1.cfd/,200,Coming Soon,0,0,0,thin_page,,,0
mostbet-wvi5.top,https://mostbet-wvi5.top/,200,Coming Soon,0,0,0,thin_page,,,0
mostbet-wvi7.cfd,https://mostbet-wvi7.cfd/,200,Coming Soon,0,0,0,thin_page,,,0
mostbet-wvi8.cfd,https://mostbet-wvi8.cfd/,200,Coming Soon,0,0,0,thin_page,,,0
mostbet-wvj1.cfd,https://mostbet-wvj1.cfd/,200,Coming Soon,0,0,0,thin_page,,,0
mostbet-wvj6.cfd,https://mostbet-wvj6.cfd/,200,Coming Soon,0,0,0,thin_page,,,0
mostbet-wvk1.cfd,https://mostbet-wvk1.cfd/,200,Coming Soon,0,0,0,thin_page,,,0
mostbet-wvk4.cfd,https://mostbet-wvk4.cfd/,200,Coming Soon,0,0,0,thin_page,,,0
mostbet-wvk6.cfd,https://mostbet-wvk6.cfd/,200,Coming Soon,0,0,0,thin_page,,,0
mostbet-wvl3.cfd,https://mostbet-wvl3.cfd/,200,Coming Soon,0,0,0,thin_page,,,0
mostbet-wvl5.cfd,https://mostbet-wvl5.cfd/,200,Coming Soon,0,0,0,thin_page,,,0
mostbet-wvl7.cfd,https://mostbet-wvl7.cfd/,200,Coming Soon,0,0,0,thin_page,,,0
mostbet-wvl9.cfd,https://mostbet-wvl9.cfd/,200,Coming Soon,0,0,0,thin_page,,,0
mostbet-wvm2.cfd,https://mostbet-wvm2.cfd/,200,Coming Soon,0,0,0,thin_page,,,0
mostbet-wvm3.cfd,https://mostbet-wvm3.cfd/,200,Coming Soon,0,0,0,thin_page,,,0
mostbet-wvm7.cfd,https://mostbet-wvm7.cfd/,200,Coming Soon,0,0,0,thin_page,,,0
mostbet-wvn4.cfd,https://mostbet-wvn4.cfd/,200,Coming Soon,0,0,0,thin_page,,,0
mostbet-wvn5.cfd,https://mostbet-wvn5.cfd/,200,Coming Soon,0,0,0,thin_page,,,0
mostbet-wvo8.cfd,https://mostbet-wvo8.cfd/,200,Coming Soon,0,0,0,thin_page,,,0
mostbet-wvo9.cfd,https://mostbet-wvo9.cfd/,200,Coming Soon,0,0,0,thin_page,,,0
mostbet-wvp4.cfd,https://mostbet-wvp4.cfd/,200,Coming Soon,0,0,0,thin_page,,,0
mostbet-wvp5.cfd,https://mostbet-wvp5.cfd/,200,Coming Soon,0,0,0,thin_page,,,0
mostbet-wvq1.cfd,https://mostbet-wvq1.cfd/,200,Coming Soon,0,0,0,thin_page,,,0
mostbet-wvq3.cfd,https://mostbet-wvq3.cfd/,200,Coming Soon,0,0,0,thin_page,,,0
mostbet-wvq5.cfd,https://mostbet-wvq5.cfd/,200,Coming Soon,0,0,0,thin_page,,,0
mostbet-wvq7.cfd,https://mostbet-wvq7.cfd/,200,Coming Soon,0,0,0,thin_page,,,0
mostbet-wvq9.cfd,https://mostbet-wvq9.cfd/,200,Coming Soon,0,0,0,thin_page,,,0
mostbet-wvr1.cfd,https://mostbet-wvr1.cfd/,200,Coming Soon,0,0,0,thin_page,,,0
mostbet-wvr6.cfd,https://mostbet-wvr6.cfd/,200,Coming Soon,0,0,0,thin_page,,,0
mostbet-wvr9.cfd,https://mostbet-wvr9.cfd/,200,Coming Soon,0,0,0,thin_page,,,0
mostbet-wvs1.cfd,https://mostbet-wvs1.cfd/,200,Coming Soon,0,0,0,thin_page,,,0
mostbet-wvs2.cfd,https://mostbet-wvs2.cfd/,200,Coming Soon,0,0,0,thin_page,,,0
mostbet-wvs6.cfd,https://mostbet-wvs6.cfd/,200,Coming Soon,0,0,0,thin_page,,,0
mostbet-wvs7.cfd,https://mostbet-wvs7.cfd/,200,Coming Soon,0,0,0,thin_page,,,0
mostbet-wvs8.cfd,https://mostbet-wvs8.cfd/,200,Coming Soon,0,0,0,thin_page,,,0
mostbet-wvt5.cfd,https://mostbet-wvt5.cfd/,200,Coming Soon,0,0,0,thin_page,,,0
mostbet-wvt7.cfd,https://mostbet-wvt7.cfd/,200,Coming Soon,0,0,0,thin_page,,,0
mostbet-wvt9.cfd,https://mostbet-wvt9.cfd/,200,Coming Soon,0,0,0,thin_page,,,0
mostbet-wvu1.top,https://mostbet-wvu1.top/,200,Coming Soon,0,0,0,thin_page,,,0
mostbet-wvu5.cfd,https://mostbet-wvu5.cfd/,200,Coming Soon,0,0,0,thin_page,,,0
mostbet-wvu8.cfd,https://mostbet-wvu8.cfd/,200,Coming Soon,0,0,0,thin_page,,,0
mostbet-wvv1.cfd,https://mostbet-wvv1.cfd/,200,Coming Soon,0,0,0,thin_page,,,0
mostbet-wvv6.cfd,https://mostbet-wvv6.cfd/,200,Coming Soon,0,0,0,thin_page,,,0
mostbet-wvv8.cfd,https://mostbet-wvv8.cfd/,200,Coming Soon,0,0,0,thin_page,,,0
mostbet-wvw2.cfd,https://mostbet-wvw2.cfd/,200,Coming Soon,0,0,0,thin_page,,,0
mostbet-wvw6.cfd,https://mostbet-wvw6.cfd/,200,Coming Soon,0,0,0,thin_page,,,0
mostbet-wvx6.cfd,https://mostbet-wvx6.cfd/,200,Coming Soon,0,0,0,thin_page,,,0
mostbet-wvy2.cfd,https://mostbet-wvy2.cfd/,200,Coming Soon,0,0,0,thin_page,,,0
mostbet-wvy5.cfd,https://mostbet-wvy5.cfd/,200,Coming Soon,0,0,0,thin_page,,,0
mostbet-wvy6.cfd,https://mostbet-wvy6.cfd/,200,Coming Soon,0,0,0,thin_page,,,0
mostbet-wvz5.cfd,https://mostbet-wvz5.cfd/,200,Coming Soon,0,0,0,thin_page,,,0
mostbet-ww3.xyz,https://mostbet-ww3.xyz/,200,Coming Soon,0,0,0,thin_page,,,0
mostbet-ww6.xyz,https://mostbet-ww6.xyz/,200,Coming Soon,0,0,0,thin_page,,,0
mostbet-ww8.xyz,https://mostbet-ww8.xyz/,200,Coming Soon,0,0,0,thin_page,,,0
mostbet-ww9.xyz,https://mostbet-ww9.xyz/,200,Coming Soon,0,0,0,thin_page,,,0
mostbet-wwa6.top,https://mostbet-wwa6.top/,200,Coming Soon,0,0,0,thin_page,,,0
mostbet-wwb2.cfd,https://mostbet-wwb2.cfd/,200,Coming Soon,0,0,0,thin_page,,,0
mostbet-wwb3.cfd,https://mostbet-wwb3.cfd/,200,Coming Soon,0,0,0,thin_page,,,0
mostbet-wwb4.cfd,https://mostbet-wwb4.cfd/,200,Coming Soon,0,0,0,thin_page,,,0
mostbet-wwb5.cfd,https://mostbet-wwb5.cfd/,200,Coming Soon,0,0,0,thin_page,,,0
mostbet-wwb6.cfd,https://mostbet-wwb6.cfd/,200,Coming Soon,0,0,0,thin_page,,,0
mostbet-wwb7.cfd,https://mostbet-wwb7.cfd/,200,Coming Soon,0,0,0,thin_page,,,0
mostbet-wwc1.cfd,https://mostbet-wwc1.cfd/,200,Coming Soon,0,0,0,thin_page,,,0
mostbet-wwc8.cfd,https://mostbet-wwc8.cfd/,200,Coming Soon,0,0,0,thin_page,,,0
mostbet-wwd4.top,https://mostbet-wwd4.top/,200,Coming Soon,0,0,0,thin_page,,,0
mostbet-wwd5.cfd,https://mostbet-wwd5.cfd/,200,Coming Soon,0,0,0,thin_page,,,0
mostbet-wwd6.cfd,https://mostbet-wwd6.cfd/,200,Coming Soon,0,0,0,thin_page,,,0
mostbet-wwd8.cfd,https://mostbet-wwd8.cfd/,200,Coming Soon,0,0,0,thin_page,,,0
mostbet-wwd9.cfd,https://mostbet-wwd9.cfd/,200,Coming Soon,0,0,0,thin_page,,,0
mostbet-wwe6.cfd,https://mostbet-wwe6.cfd/,200,Coming Soon,0,0,0,thin_page,,,0
mostbet-wwe7.top,https://mostbet-wwe7.top/,200,Coming Soon,0,0,0,thin_page,,,0
mostbet-wwe9.cfd,https://mostbet-wwe9.cfd/,200,Coming Soon,0,0,0,thin_page,,,0
mostbet-wwf5.xyz,https://mostbet-wwf5.xyz/,200,Coming Soon,0,0,0,thin_page,,,0
mostbet-wwg3.top,https://mostbet-wwg3.top/,200,Coming Soon,0,0,0,thin_page,,,0
mostbet-wwg8.cfd,https://mostbet-wwg8.cfd/,200,Coming Soon,0,0,0,thin_page,,,0
mostbet-wwh8.cfd,https://mostbet-wwh8.cfd/,200,Coming Soon,0,0,0,thin_page,,,0
mostbet-wwh9.cfd,https://mostbet-wwh9.cfd/,200,Coming Soon,0,0,0,thin_page,,,0
mostbet-wwi3.cfd,https://mostbet-wwi3.cfd/,200,Coming Soon,0,0,0,thin_page,,,0
mostbet-wwi5.cfd,https://mostbet-wwi5.cfd/,200,Coming Soon,0,0,0,thin_page,,,0
mostbet-wwi6.cfd,https://mostbet-wwi6.cfd/,200,Coming Soon,0,0,0,thin_page,,,0
mostbet-wwj5.cfd,https://mostbet-wwj5.cfd/,200,Coming Soon,0,0,0,thin_page,,,0
mostbet-wwj7.cfd,https://mostbet-wwj7.cfd/,200,Coming Soon,0,0,0,thin_page,,,0
mostbet-wwj8.cfd,https://mostbet-wwj8.cfd/,200,Coming Soon,0,0,0,thin_page,,,0
mostbet-wwk5.cfd,https://mostbet-wwk5.cfd/,200,Coming Soon,0,0,0,thin_page,,,0
mostbet-wwk6.cfd,https://mostbet-wwk6.cfd/,200,Coming Soon,0,0,0,thin_page,,,0
mostbet-wwk7.cfd,https://mostbet-wwk7.cfd/,200,Coming Soon,0,0,0,thin_page,,,0
mostbet-wwk8.cfd,https://mostbet-wwk8.cfd/,200,Coming Soon,0,0,0,thin_page,,,0
mostbet-wwl7.cfd,https://mostbet-wwl7.cfd/,200,Coming Soon,0,0,0,thin_page,,,0
mostbet-wwl8.cfd,https://mostbet-wwl8.cfd/,200,Coming Soon,0,0,0,thin_page,,,0
mostbet-wwl9.cfd,https://mostbet-wwl9.cfd/,200,Coming Soon,0,0,0,thin_page,,,0
mostbet-wwm7.cfd,https://mostbet-wwm7.cfd/,200,Coming Soon,0,0,0,thin_page,,,0
mostbet-wwn1.cfd,https://mostbet-wwn1.cfd/,200,Coming Soon,0,0,0,thin_page,,,0
mostbet-wwn4.cfd,https://mostbet-wwn4.cfd/,200,Coming Soon,0,0,0,thin_page,,,0
mostbet-wwn7.cfd,https://mostbet-wwn7.cfd/,200,Coming Soon,0,0,0,thin_page,,,0
mostbet-wwn8.cfd,https://mostbet-wwn8.cfd/,200,Coming Soon,0,0,0,thin_page,,,0
mostbet-wwn9.cfd,https://mostbet-wwn9.cfd/,200,Coming Soon,0,0,0,thin_page,,,0
mostbet-wwo2.cfd,https://mostbet-wwo2.cfd/,200,Coming Soon,0,0,0,thin_page,,,0
mostbet-wwo4.cfd,https://mostbet-wwo4.cfd/,200,Coming Soon,0,0,0,thin_page,,,0
mostbet-wwo6.cfd,https://mostbet-wwo6.cfd/,200,Coming Soon,0,0,0,thin_page,,,0
mostbet-wwo7.cfd,https://mostbet-wwo7.cfd/,200,Coming Soon,0,0,0,thin_page,,,0
mostbet-wwo9.xyz,https://mostbet-wwo9.xyz/,200,Coming Soon,0,0,0,thin_page,,,0
mostbet-wwq3.cfd,https://mostbet-wwq3.cfd/,200,Coming Soon,0,0,0,thin_page,,,0
mostbet-wwq5.cfd,https://mostbet-wwq5.cfd/,200,Coming Soon,0,0,0,thin_page,,,0
mostbet-wwq8.cfd,https://mostbet-wwq8.cfd/,200,Coming Soon,0,0,0,thin_page,,,0
mostbet-wwr5.cfd,https://mostbet-wwr5.cfd/,200,Coming Soon,0,0,0,thin_page,,,0
mostbet-wwr6.cfd,https://mostbet-wwr6.cfd/,200,Coming Soon,0,0,0,thin_page,,,0
mostbet-wwr8.cfd,https://mostbet-wwr8.cfd/,200,Coming Soon,0,0,0,thin_page,,,0
mostbet-wws5.cfd,https://mostbet-wws5.cfd/,200,Coming Soon,0,0,0,thin_page,,,0
mostbet-wwt1.cfd,https://mostbet-wwt1.cfd/,200,Coming Soon,0,0,0,thin_page,,,0
mostbet-wwt2.cfd,https://mostbet-wwt2.cfd/,200,Coming Soon,0,0,0,thin_page,,,0
mostbet-wwt4.cfd,https://mostbet-wwt4.cfd/,200,Coming Soon,0,0,0,thin_page,,,0
mostbet-wwt6.cfd,https://mostbet-wwt6.cfd/,200,Coming Soon,0,0,0,thin_page,,,0
mostbet-wwu3.cfd,https://mostbet-wwu3.cfd/,200,Coming Soon,0,0,0,thin_page,,,0
mostbet-wwu5.cfd,https://mostbet-wwu5.cfd/,200,Coming Soon,0,0,0,thin_page,,,0
mostbet-wwu6.cfd,https://mostbet-wwu6.cfd/,200,Coming Soon,0,0,0,thin_page,,,0
mostbet-wwu7.cfd,https://mostbet-wwu7.cfd/,200,Coming Soon,0,0,0,thin_page,,,0
mostbet-wwv2.cfd,https://mostbet-wwv2.cfd/,200,Coming Soon,0,0,0,thin_page,,,0
mostbet-wwv3.cfd,https://mostbet-wwv3.cfd/,200,Coming Soon,0,0,0,thin_page,,,0
mostbet-wwv7.top,https://mostbet-wwv7.top/,200,Coming Soon,0,0,0,thin_page,,,0
mostbet-www5.cfd,https://mostbet-www5.cfd/,200,Coming Soon,0,0,0,thin_page,,,0
mostbet-www7.cfd,https://mostbet-www7.cfd/,200,Coming Soon,0,0,0,thin_page,,,0
mostbet-www9.cfd,https://mostbet-www9.cfd/,200,Coming Soon,0,0,0,thin_page,,,0
mostbet-wwx8.cfd,https://mostbet-wwx8.cfd/,200,Coming Soon,0,0,0,thin_page,,,0
mostbet-wwx9.cfd,https://mostbet-wwx9.cfd/,200,Coming Soon,0,0,0,thin_page,,,0
mostbet-wwy1.cfd,https://mostbet-wwy1.cfd/,200,Coming Soon,0,0,0,thin_page,,,0
mostbet-wwy5.cfd,https://mostbet-wwy5.cfd/,200,Coming Soon,0,0,0,thin_page,,,0
mostbet-wwy6.cfd,https://mostbet-wwy6.cfd/,200,Coming Soon,0,0,0,thin_page,,,0
mostbet-wwy7.cfd,https://mostbet-wwy7.cfd/,200,Coming Soon,0,0,0,thin_page,,,0
mostbet-wwy9.cfd,https://mostbet-wwy9.cfd/,200,Coming Soon,0,0,0,thin_page,,,0
mostbet-wwz2.cfd,https://mostbet-wwz2.cfd/,200,Coming Soon,0,0,0,thin_page,,,0
mostbet-wwz3.cfd,https://mostbet-wwz3.cfd/,200,Coming Soon,0,0,0,thin_page,,,0
mostbet-wwz5.top,https://mostbet-wwz5.top/,200,Coming Soon,0,0,0,thin_page,,,0
mostbet-wx1.xyz,https://mostbet-wx1.xyz/,200,Coming Soon,0,0,0,thin_page,,,0
mostbet-wx5.xyz,https://mostbet-wx5.xyz/,200,Coming Soon,0,0,0,thin_page,,,0
mostbet-wx9.xyz,https://mostbet-wx9.xyz/,200,Coming Soon,0,0,0,thin_page,,,0
mostbet-wxa1.cfd,https://mostbet-wxa1.cfd/,200,Coming Soon,0,0,0,thin_page,,,0
mostbet-wxa4.xyz,https://mostbet-wxa4.xyz/,200,Coming Soon,0,0,0,thin_page,,,0
mostbet-wxa5.xyz,https://mostbet-wxa5.xyz/,200,Coming Soon,0,0,0,thin_page,,,0
mostbet-wxa6.cfd,https://mostbet-wxa6.cfd/,200,Coming Soon,0,0,0,thin_page,,,0
mostbet-wxa9.cfd,https://mostbet-wxa9.cfd/,200,Coming Soon,0,0,0,thin_page,,,0
mostbet-wxb3.cfd,https://mostbet-wxb3.cfd/,200,Coming Soon,0,0,0,thin_page,,,0
mostbet-wxc7.xyz,https://mostbet-wxc7.xyz/,200,Coming Soon,0,0,0,thin_page,,,0
mostbet-wxe4.cfd,https://mostbet-wxe4.cfd/,200,Coming Soon,0,0,0,thin_page,,,0
mostbet-wxe9.cfd,https://mostbet-wxe9.cfd/,200,Coming Soon,0,0,0,thin_page,,,0
mostbet-wxf2.xyz,https://mostbet-wxf2.xyz/,200,Coming Soon,0,0,0,thin_page,,,0
mostbet-wxf6.cfd,https://mostbet-wxf6.cfd/,200,Coming Soon,0,0,0,thin_page,,,0
mostbet-wxg3.cfd,https://mostbet-wxg3.cfd/,200,Coming Soon,0,0,0,thin_page,,,0
mostbet-wxg4.cfd,https://mostbet-wxg4.cfd/,200,Coming Soon,0,0,0,thin_page,,,0
mostbet-wxg7.cfd,https://mostbet-wxg7.cfd/,200,Coming Soon,0,0,0,thin_page,,,0
mostbet-wxg9.cfd,https://mostbet-wxg9.cfd/,200,Coming Soon,0,0,0,thin_page,,,0
mostbet-wxh5.cfd,https://mostbet-wxh5.cfd/,200,Coming Soon,0,0,0,thin_page,,,0
mostbet-wxh9.cfd,https://mostbet-wxh9.cfd/,200,Coming Soon,0,0,0,thin_page,,,0
mostbet-wxi2.cfd,https://mostbet-wxi2.cfd/,200,Coming Soon,0,0,0,thin_page,,,0
mostbet-wxj1.xyz,https://mostbet-wxj1.xyz/,200,Coming Soon,0,0,0,thin_page,,,0
mostbet-wxj8.xyz,https://mostbet-wxj8.xyz/,200,Coming Soon,0,0,0,thin_page,,,0
mostbet-wxk7.cfd,https://mostbet-wxk7.cfd/,200,Coming Soon,0,0,0,thin_page,,,0
mostbet-wxl1.cfd,https://mostbet-wxl1.cfd/,200,Coming Soon,0,0,0,thin_page,,,0
mostbet-wxm1.cfd,https://mostbet-wxm1.cfd/,200,Coming Soon,0,0,0,thin_page,,,0
mostbet-wxm4.cfd,https://mostbet-wxm4.cfd/,200,Coming Soon,0,0,0,thin_page,,,0
mostbet-wxm5.cfd,https://mostbet-wxm5.cfd/,200,Coming Soon,0,0,0,thin_page,,,0
mostbet-wxm7.cfd,https://mostbet-wxm7.cfd/,200,Coming Soon,0,0,0,thin_page,,,0
mostbet-wxn3.cfd,https://mostbet-wxn3.cfd/,200,Coming Soon,0,0,0,thin_page,,,0
mostbet-wxn4.cfd,https://mostbet-wxn4.cfd/,200,Coming Soon,0,0,0,thin_page,,,0
mostbet-wxo3.cfd,https://mostbet-wxo3.cfd/,200,Coming Soon,0,0,0,thin_page,,,0
mostbet-wxo7.cfd,https://mostbet-wxo7.cfd/,200,Coming Soon,0,0,0,thin_page,,,0
mostbet-wxp4.cfd,https://mostbet-wxp4.cfd/,200,Coming Soon,0,0,0,thin_page,,,0
mostbet-wxp9.cfd,https://mostbet-wxp9.cfd/,200,Coming Soon,0,0,0,thin_page,,,0
mostbet-wxq4.xyz,https://mostbet-wxq4.xyz/,200,Coming Soon,0,0,0,thin_page,,,0
mostbet-wxq5.cfd,https://mostbet-wxq5.cfd/,200,Coming Soon,0,0,0,thin_page,,,0
mostbet-wxr4.cfd,https://mostbet-wxr4.cfd/,200,Coming Soon,0,0,0,thin_page,,,0
mostbet-wxr8.xyz,https://mostbet-wxr8.xyz/,200,Coming Soon,0,0,0,thin_page,,,0
mostbet-wxs2.cfd,https://mostbet-wxs2.cfd/,200,Coming Soon,0,0,0,thin_page,,,0
mostbet-wxs7.cfd,https://mostbet-wxs7.cfd/,200,Coming Soon,0,0,0,thin_page,,,0
mostbet-wxt2.cfd,https://mostbet-wxt2.cfd/,200,Coming Soon,0,0,0,thin_page,,,0
mostbet-wxt6.xyz,https://mostbet-wxt6.xyz/,200,Coming Soon,0,0,0,thin_page,,,0
mostbet-wxu1.xyz,https://mostbet-wxu1.xyz/,200,Coming Soon,0,0,0,thin_page,,,0
mostbet-wxv3.xyz,https://mostbet-wxv3.xyz/,200,Coming Soon,0,0,0,thin_page,,,0
mostbet-wxv6.cfd,https://mostbet-wxv6.cfd/,200,Coming Soon,0,0,0,thin_page,,,0
mostbet-wxv8.cfd,https://mostbet-wxv8.cfd/,200,Coming Soon,0,0,0,thin_page,,,0
mostbet-wxv9.cfd,https://mostbet-wxv9.cfd/,200,Coming Soon,0,0,0,thin_page,,,0
mostbet-wxw1.cfd,https://mostbet-wxw1.cfd/,200,Coming Soon,0,0,0,thin_page,,,0
mostbet-wxw3.cfd,https://mostbet-wxw3.cfd/,200,Coming Soon,0,0,0,thin_page,,,0
mostbet-wxw4.cfd,https://mostbet-wxw4.cfd/,200,Coming Soon,0,0,0,thin_page,,,0
mostbet-wxw5.cfd,https://mostbet-wxw5.cfd/,200,Coming Soon,0,0,0,thin_page,,,0
mostbet-wxw7.cfd,https://mostbet-wxw7.cfd/,200,Coming Soon,0,0,0,thin_page,,,0
mostbet-wxx1.cfd,https://mostbet-wxx1.cfd/,200,Coming Soon,0,0,0,thin_page,,,0
mostbet-wxx4.cfd,https://mostbet-wxx4.cfd/,200,Coming Soon,0,0,0,thin_page,,,0
mostbet-wxx5.xyz,https://mostbet-wxx5.xyz/,200,Coming Soon,0,0,0,thin_page,,,0
mostbet-wxx6.cfd,https://mostbet-wxx6.cfd/,200,Coming Soon,0,0,0,thin_page,,,0
mostbet-wxx7.cfd,https://mostbet-wxx7.cfd/,200,Coming Soon,0,0,0,thin_page,,,0
mostbet-wxx9.cfd,https://mostbet-wxx9.cfd/,200,Coming Soon,0,0,0,thin_page,,,0
mostbet-wxy1.xyz,https://mostbet-wxy1.xyz/,200,Coming Soon,0,0,0,thin_page,,,0
mostbet-wxy3.xyz,https://mostbet-wxy3.xyz/,200,Coming Soon,0,0,0,thin_page,,,0
mostbet-wxy5.cfd,https://mostbet-wxy5.cfd/,200,Coming Soon,0,0,0,thin_page,,,0
mostbet-wxy6.cfd,https://mostbet-wxy6.cfd/,200,Coming Soon,0,0,0,thin_page,,,0
mostbet-wxy7.xyz,https://mostbet-wxy7.xyz/,200,Coming Soon,0,0,0,thin_page,,,0
mostbet-wxy8.cfd,https://mostbet-wxy8.cfd/,200,Coming Soon,0,0,0,thin_page,,,0
mostbet-wxy9.cfd,https://mostbet-wxy9.cfd/,200,Coming Soon,0,0,0,thin_page,,,0
mostbet-wxz1.cfd,https://mostbet-wxz1.cfd/,200,Coming Soon,0,0,0,thin_page,,,0
mostbet-wxz3.cfd,https://mostbet-wxz3.cfd/,200,Coming Soon,0,0,0,thin_page,,,0
mostbet-wy1.xyz,https://mostbet-wy1.xyz/,200,Coming Soon,0,0,0,thin_page,,,0
mostbet-wy4.xyz,https://mostbet-wy4.xyz/,200,Coming Soon,0,0,0,thin_page,,,0
mostbet-wy6.xyz,https://mostbet-wy6.xyz/,200,Coming Soon,0,0,0,thin_page,,,0
mostbet-wy7.xyz,https://mostbet-wy7.xyz/,200,Coming Soon,0,0,0,thin_page,,,0
mostbet-wy8.xyz,https://mostbet-wy8.xyz/,200,Coming Soon,0,0,0,thin_page,,,0
mostbet-wya3.cfd,https://mostbet-wya3.cfd/,200,Coming Soon,0,0,0,thin_page,,,0
mostbet-wya7.cfd,https://mostbet-wya7.cfd/,200,Coming Soon,0,0,0,thin_page,,,0
mostbet-wya8.cfd,https://mostbet-wya8.cfd/,200,Coming Soon,0,0,0,thin_page,,,0
mostbet-wyb2.cfd,https://mostbet-wyb2.cfd/,200,Coming Soon,0,0,0,thin_page,,,0
mostbet-wyc1.cfd,https://mostbet-wyc1.cfd/,200,Coming Soon,0,0,0,thin_page,,,0
mostbet-wyc6.cfd,https://mostbet-wyc6.cfd/,200,Coming Soon,0,0,0,thin_page,,,0
mostbet-wyc8.cfd,https://mostbet-wyc8.cfd/,200,Coming Soon,0,0,0,thin_page,,,0
mostbet-wyc9.cfd,https://mostbet-wyc9.cfd/,200,Coming Soon,0,0,0,thin_page,,,0
mostbet-wyd4.cfd,https://mostbet-wyd4.cfd/,200,Coming Soon,0,0,0,thin_page,,,0
mostbet-wyd9.cfd,https://mostbet-wyd9.cfd/,200,Coming Soon,0,0,0,thin_page,,,0
mostbet-wye3.cfd,https://mostbet-wye3.cfd/,200,Coming Soon,0,0,0,thin_page,,,0
mostbet-wye4.cfd,https://mostbet-wye4.cfd/,200,Coming Soon,0,0,0,thin_page,,,0
mostbet-wye5.cfd,https://mostbet-wye5.cfd/,200,Coming Soon,0,0,0,thin_page,,,0
mostbet-wye7.cfd,https://mostbet-wye7.cfd/,200,Coming Soon,0,0,0,thin_page,,,0
mostbet-wye8.cfd,https://mostbet-wye8.cfd/,200,Coming Soon,0,0,0,thin_page,,,0
mostbet-wyf5.cfd,https://mostbet-wyf5.cfd/,200,Coming Soon,0,0,0,thin_page,,,0
mostbet-wyf9.cfd,https://mostbet-wyf9.cfd/,200,Coming Soon,0,0,0,thin_page,,,0
mostbet-wyg3.cfd,https://mostbet-wyg3.cfd/,200,Coming Soon,0,0,0,thin_page,,,0
mostbet-wyg7.cfd,https://mostbet-wyg7.cfd/,200,Coming Soon,0,0,0,thin_page,,,0
mostbet-wyg9.cfd,https://mostbet-wyg9.cfd/,200,Coming Soon,0,0,0,thin_page,,,0
mostbet-wyh2.cfd,https://mostbet-wyh2.cfd/,200,Coming Soon,0,0,0,thin_page,,,0
mostbet-wyi5.top,https://mostbet-wyi5.top/,200,Coming Soon,0,0,0,thin_page,,,0
mostbet-wyj2.cfd,https://mostbet-wyj2.cfd/,200,Coming Soon,0,0,0,thin_page,,,0
mostbet-wyj3.cfd,https://mostbet-wyj3.cfd/,200,Coming Soon,0,0,0,thin_page,,,0
mostbet-wyk3.cfd,https://mostbet-wyk3.cfd/,200,Coming Soon,0,0,0,thin_page,,,0
mostbet-wyl3.cfd,https://mostbet-wyl3.cfd/,200,Coming Soon,0,0,0,thin_page,,,0
mostbet-wyl8.cfd,https://mostbet-wyl8.cfd/,200,Coming Soon,0,0,0,thin_page,,,0
mostbet-wym4.cfd,https://mostbet-wym4.cfd/,200,Coming Soon,0,0,0,thin_page,,,0
mostbet-wym6.cfd,https://mostbet-wym6.cfd/,200,Coming Soon,0,0,0,thin_page,,,0
mostbet-wyn6.cfd,https://mostbet-wyn6.cfd/,200,Coming Soon,0,0,0,thin_page,,,0
mostbet-wyn9.top,https://mostbet-wyn9.top/,200,Coming Soon,0,0,0,thin_page,,,0
mostbet-wyo4.cfd,https://mostbet-wyo4.cfd/,200,Coming Soon,0,0,0,thin_page,,,0
mostbet-wyo5.cfd,https://mostbet-wyo5.cfd/,200,Coming Soon,0,0,0,thin_page,,,0
mostbet-wyo8.cfd,https://mostbet-wyo8.cfd/,200,Coming Soon,0,0,0,thin_page,,,0
mostbet-wyp1.cfd,https://mostbet-wyp1.cfd/,200,Coming Soon,0,0,0,thin_page,,,0
mostbet-wyp6.cfd,https://mostbet-wyp6.cfd/,200,Coming Soon,0,0,0,thin_page,,,0
mostbet-wyq3.cfd,https://mostbet-wyq3.cfd/,200,Coming Soon,0,0,0,thin_page,,,0
mostbet-wyq4.cfd,https://mostbet-wyq4.cfd/,200,Coming Soon,0,0,0,thin_page,,,0
mostbet-wyr2.top,https://mostbet-wyr2.top/,200,Coming Soon,0,0,0,thin_page,,,0
mostbet-wyr6.cfd,https://mostbet-wyr6.cfd/,200,Coming Soon,0,0,0,thin_page,,,0
mostbet-wyr8.cfd,https://mostbet-wyr8.cfd/,200,Coming Soon,0,0,0,thin_page,,,0
mostbet-wys1.cfd,https://mostbet-wys1.cfd/,200,Coming Soon,0,0,0,thin_page,,,0
mostbet-wys6.cfd,https://mostbet-wys6.cfd/,200,Coming Soon,0,0,0,thin_page,,,0
mostbet-wys8.cfd,https://mostbet-wys8.cfd/,200,Coming Soon,0,0,0,thin_page,,,0
mostbet-wyt4.cfd,https://mostbet-wyt4.cfd/,200,Coming Soon,0,0,0,thin_page,,,0
mostbet-wyt6.cfd,https://mostbet-wyt6.cfd/,200,Coming Soon,0,0,0,thin_page,,,0
mostbet-wyt9.cfd,https://mostbet-wyt9.cfd/,200,Coming Soon,0,0,0,thin_page,,,0
mostbet-wyu3.cfd,https://mostbet-wyu3.cfd/,200,Coming Soon,0,0,0,thin_page,,,0
mostbet-wyu5.cfd,https://mostbet-wyu5.cfd/,200,Coming Soon,0,0,0,thin_page,,,0
mostbet-wyu7.cfd,https://mostbet-wyu7.cfd/,200,Coming Soon,0,0,0,thin_page,,,0
mostbet-wyu8.cfd,https://mostbet-wyu8.cfd/,200,Coming Soon,0,0,0,thin_page,,,0
mostbet-wyw7.cfd,https://mostbet-wyw7.cfd/,200,Coming Soon,0,0,0,thin_page,,,0
mostbet-wyx2.cfd,https://mostbet-wyx2.cfd/,200,Coming Soon,0,0,0,thin_page,,,0
mostbet-wyx3.cfd,https://mostbet-wyx3.cfd/,200,Coming Soon,0,0,0,thin_page,,,0
mostbet-wyx4.cfd,https://mostbet-wyx4.cfd/,200,Coming Soon,0,0,0,thin_page,,,0
mostbet-wyx5.cfd,https://mostbet-wyx5.cfd/,200,Coming Soon,0,0,0,thin_page,,,0
mostbet-wyx7.cfd,https://mostbet-wyx7.cfd/,200,Coming Soon,0,0,0,thin_page,,,0
mostbet-wyy1.cfd,https://mostbet-wyy1.cfd/,200,Coming Soon,0,0,0,thin_page,,,0
mostbet-wyy3.cfd,https://mostbet-wyy3.cfd/,200,Coming Soon,0,0,0,thin_page,,,0
mostbet-wyy4.cfd,https://mostbet-wyy4.cfd/,200,Coming Soon,0,0,0,thin_page,,,0
mostbet-wyy5.cfd,https://mostbet-wyy5.cfd/,200,Coming Soon,0,0,0,thin_page,,,0
mostbet-wyz2.cfd,https://mostbet-wyz2.cfd/,200,Coming Soon,0,0,0,thin_page,,,0
mostbet-wyz3.cfd,https://mostbet-wyz3.cfd/,200,Coming Soon,0,0,0,thin_page,,,0
mostbet-wyz6.top,https://mostbet-wyz6.top/,200,Coming Soon,0,0,0,thin_page,,,0
mostbet-wyz7.cfd,https://mostbet-wyz7.cfd/,200,Coming Soon,0,0,0,thin_page,,,0
mostbet-wyz9.cfd,https://mostbet-wyz9.cfd/,200,Coming Soon,0,0,0,thin_page,,,0
mostbet-wz1.xyz,https://mostbet-wz1.xyz/,200,Coming Soon,0,0,0,thin_page,,,0
mostbet-wz3.xyz,https://mostbet-wz3.xyz/,200,Coming Soon,0,0,0,thin_page,,,0
mostbet-wz5.xyz,https://mostbet-wz5.xyz/,200,Coming Soon,0,0,0,thin_page,,,0
mostbet-wz6.xyz,https://mostbet-wz6.xyz/,200,Coming Soon,0,0,0,thin_page,,,0
mostbet-wz8.xyz,https://mostbet-wz8.xyz/,200,Coming Soon,0,0,0,thin_page,,,0
mostbet-wza1.buzz,https://www.mostbet-wza1.buzz/,200,mostbet-wza1.buzz,10,5,2,,,,2
mostbet-wza2.cfd,https://mostbet-wza2.cfd/,200,Coming Soon,0,0,0,thin_page,,,0
mostbet-wza5.cfd,https://mostbet-wza5.cfd/,200,Coming Soon,0,0,0,thin_page,,,0
mostbet-wza6.cfd,https://mostbet-wza6.cfd/,200,Coming Soon,0,0,0,thin_page,,,0
mostbet-wza8.cfd,https://mostbet-wza8.cfd/,200,Coming Soon,0,0,0,thin_page,,,0
mostbet-wza9.cfd,https://mostbet-wza9.cfd/,200,Coming Soon,0,0,0,thin_page,,,0
mostbet-wzb2.cfd,https://mostbet-wzb2.cfd/,200,Coming Soon,0,0,0,thin_page,,,0
mostbet-wzb4.cfd,https://mostbet-wzb4.cfd/,200,Coming Soon,0,0,0,thin_page,,,0
mostbet-wzb6.xyz,https://mostbet-wzb6.xyz/,200,Мостбет Казино официальный сайт,55,1,1,,,,0
mostbet-wzb7.cfd,https://mostbet-wzb7.cfd/,200,Coming Soon,0,0,0,thin_page,,,0
mostbet-wzc2.cfd,https://mostbet-wzc2.cfd/,200,Coming Soon,0,0,0,thin_page,,,0
mostbet-wzc8.cfd,https://mostbet-wzc8.cfd/,200,Coming Soon,0,0,0,thin_page,,,0
mostbet-wzd1.cfd,https://mostbet-wzd1.cfd/,200,Coming Soon,0,0,0,thin_page,,,0
mostbet-wzd2.cfd,https://mostbet-wzd2.cfd/,200,Coming Soon,0,0,0,thin_page,,,0
mostbet-wzd3.cfd,https://mostbet-wzd3.cfd/,200,Coming Soon,0,0,0,thin_page,,,0
mostbet-wzd5.cfd,https://mostbet-wzd5.cfd/,200,Coming Soon,0,0,0,thin_page,,,0
mostbet-wzd6.cfd,https://mostbet-wzd6.cfd/,200,Coming Soon,0,0,0,thin_page,,,0
mostbet-wze1.cfd,https://mostbet-wze1.cfd/,200,Coming Soon,0,0,0,thin_page,,,0
mostbet-wze5.cfd,https://mostbet-wze5.cfd/,200,Coming Soon,0,0,0,thin_page,,,0
mostbet-wze7.cfd,https://mostbet-wze7.cfd/,200,Coming Soon,0,0,0,thin_page,,,0
mostbet-wze8.cfd,https://mostbet-wze8.cfd/,200,Coming Soon,0,0,0,thin_page,,,0
mostbet-wze9.cfd,https://mostbet-wze9.cfd/,200,Coming Soon,0,0,0,thin_page,,,0
mostbet-wzf1.cfd,https://mostbet-wzf1.cfd/,200,Coming Soon,0,0,0,thin_page,,,0
mostbet-wzf3.cfd,https://mostbet-wzf3.cfd/,200,Coming Soon,0,0,0,thin_page,,,0
mostbet-wzf5.cfd,https://mostbet-wzf5.cfd/,200,Coming Soon,0,0,0,thin_page,,,0
mostbet-wzf7.top,https://mostbet-wzf7.top/,200,Coming Soon,0,0,0,thin_page,,,0
mostbet-wzf8.cfd,https://mostbet-wzf8.cfd/,200,Coming Soon,0,0,0,thin_page,,,0
mostbet-wzg3.cfd,https://mostbet-wzg3.cfd/,200,Coming Soon,0,0,0,thin_page,,,0
mostbet-wzg7.cfd,https://mostbet-wzg7.cfd/,200,Coming Soon,0,0,0,thin_page,,,0
mostbet-wzg8.cfd,https://mostbet-wzg8.cfd/,200,Coming Soon,0,0,0,thin_page,,,0
mostbet-wzg9.cfd,https://mostbet-wzg9.cfd/,200,Coming Soon,0,0,0,thin_page,,,0
mostbet-wzh3.cfd,https://mostbet-wzh3.cfd/,200,Coming Soon,0,0,0,thin_page,,,0
mostbet-wzh8.cfd,https://mostbet-wzh8.cfd/,200,Coming Soon,0,0,0,thin_page,,,0
mostbet-wzi2.cfd,https://mostbet-wzi2.cfd/,200,Coming Soon,0,0,0,thin_page,,,0
mostbet-wzj3.cfd,https://mostbet-wzj3.cfd/,200,Coming Soon,0,0,0,thin_page,,,0
mostbet-wzj4.top,https://mostbet-wzj4.top/,200,Coming Soon,0,0,0,thin_page,,,0
mostbet-wzj7.cfd,https://mostbet-wzj7.cfd/,200,Coming Soon,0,0,0,thin_page,,,0
mostbet-wzj8.cfd,https://mostbet-wzj8.cfd/,200,Coming Soon,0,0,0,thin_page,,,0
mostbet-wzk6.cfd,https://mostbet-wzk6.cfd/,200,Coming Soon,0,0,0,thin_page,,,0
mostbet-wzk8.cfd,https://mostbet-wzk8.cfd/,200,Coming Soon,0,0,0,thin_page,,,0
mostbet-wzk9.cfd,https://mostbet-wzk9.cfd/,200,Coming Soon,0,0,0,thin_page,,,0
mostbet-wzl2.cfd,https://mostbet-wzl2.cfd/,200,Coming Soon,0,0,0,thin_page,,,0
mostbet-wzl3.cfd,https://mostbet-wzl3.cfd/,200,Coming Soon,0,0,0,thin_page,,,0
mostbet-wzl4.cfd,https://mostbet-wzl4.cfd/,200,Coming Soon,0,0,0,thin_page,,,0
mostbet-wzm6.cfd,https://mostbet-wzm6.cfd/,200,Coming Soon,0,0,0,thin_page,,,0
mostbet-wzm9.cfd,https://mostbet-wzm9.cfd/,200,Coming Soon,0,0,0,thin_page,,,0
mostbet-wzn9.cfd,https://mostbet-wzn9.cfd/,200,Coming Soon,0,0,0,thin_page,,,0
mostbet-wzo4.cfd,https://mostbet-wzo4.cfd/,200,Coming Soon,0,0,0,thin_page,,,0
mostbet-wzo6.cfd,https://mostbet-wzo6.cfd/,200,Coming Soon,0,0,0,thin_page,,,0
mostbet-wzo8.cfd,https://mostbet-wzo8.cfd/,200,Coming Soon,0,0,0,thin_page,,,0
mostbet-wzp2.cfd,https://mostbet-wzp2.cfd/,200,Coming Soon,0,0,0,thin_page,,,0
mostbet-wzp5.cfd,https://mostbet-wzp5.cfd/,200,Coming Soon,0,0,0,thin_page,,,0
mostbet-wzp7.cfd,https://mostbet-wzp7.cfd/,200,Coming Soon,0,0,0,thin_page,,,0
mostbet-wzq3.top,https://mostbet-wzq3.top/,200,Coming Soon,0,0,0,thin_page,,,0
mostbet-wzq6.cfd,https://mostbet-wzq6.cfd/,200,Coming Soon,0,0,0,thin_page,,,0
mostbet-wzr2.cfd,https://mostbet-wzr2.cfd/,200,Coming Soon,0,0,0,thin_page,,,0
mostbet-wzr7.cfd,https://mostbet-wzr7.cfd/,200,Coming Soon,0,0,0,thin_page,,,0
mostbet-wzs3.cfd,https://mostbet-wzs3.cfd/,200,Coming Soon,0,0,0,thin_page,,,0
mostbet-wzs4.cfd,https://mostbet-wzs4.cfd/,200,Coming Soon,0,0,0,thin_page,,,0
mostbet-wzs7.cfd,https://mostbet-wzs7.cfd/,200,Coming Soon,0,0,0,thin_page,,,0
mostbet-wzt1.cfd,https://mostbet-wzt1.cfd/,200,Coming Soon,0,0,0,thin_page,,,0
mostbet-wzt2.cfd,https://mostbet-wzt2.cfd/,200,Coming Soon,0,0,0,thin_page,,,0
mostbet-wzt6.cfd,https://mostbet-wzt6.cfd/,200,Coming Soon,0,0,0,thin_page,,,0
mostbet-wzt7.cfd,https://mostbet-wzt7.cfd/,200,Coming Soon,0,0,0,thin_page,,,0
mostbet-wzt9.cfd,https://mostbet-wzt9.cfd/,200,Coming Soon,0,0,0,thin_page,,,0
mostbet-wzu5.cfd,https://mostbet-wzu5.cfd/,200,Coming Soon,0,0,0,thin_page,,,0
mostbet-wzu6.cfd,https://mostbet-wzu6.cfd/,200,Coming Soon,0,0,0,thin_page,,,0
mostbet-wzu7.cfd,https://mostbet-wzu7.cfd/,200,Coming Soon,0,0,0,thin_page,,,0
mostbet-wzu9.cfd,https://mostbet-wzu9.cfd/,200,Coming Soon,0,0,0,thin_page,,,0
mostbet-wzv2.cfd,https://mostbet-wzv2.cfd/,200,Coming Soon,0,0,0,thin_page,,,0
mostbet-wzv4.cfd,https://mostbet-wzv4.cfd/,200,Coming Soon,0,0,0,thin_page,,,0
mostbet-wzv5.cfd,https://mostbet-wzv5.cfd/,200,Coming Soon,0,0,0,thin_page,,,0
mostbet-wzv7.top,https://mostbet-wzv7.top/,200,Coming Soon,0,0,0,thin_page,,,0
mostbet-wzw2.cfd,https://mostbet-wzw2.cfd/,200,Coming Soon,0,0,0,thin_page,,,0
mostbet-wzw3.cfd,https://mostbet-wzw3.cfd/,200,Coming Soon,0,0,0,thin_page,,,0
mostbet-wzw5.cfd,https://mostbet-wzw5.cfd/,200,Coming Soon,0,0,0,thin_page,,,0
mostbet-wzw6.cfd,https://mostbet-wzw6.cfd/,200,Coming Soon,0,0,0,thin_page,,,0
mostbet-wzw9.cfd,https://mostbet-wzw9.cfd/,200,Coming Soon,0,0,0,thin_page,,,0
mostbet-wzx2.cfd,https://mostbet-wzx2.cfd/,200,Coming Soon,0,0,0,thin_page,,,0
mostbet-wzx6.cfd,https://mostbet-wzx6.cfd/,200,Coming Soon,0,0,0,thin_page,,,0
mostbet-wzy2.cfd,https://mostbet-wzy2.cfd/,200,Coming Soon,0,0,0,thin_page,,,0
mostbet-wzy6.cfd,https://mostbet-wzy6.cfd/,200,Coming Soon,0,0,0,thin_page,,,0
mostbet-wzy7.cfd,https://mostbet-wzy7.cfd/,200,Coming Soon,0,0,0,thin_page,,,0
mostbet-wzy9.cfd,https://mostbet-wzy9.cfd/,200,Coming Soon,0,0,0,thin_page,,,0
mostbet-wzz2.cfd,https://mostbet-wzz2.cfd/,200,Coming Soon,0,0,0,thin_page,,,0
mostbet-wzz3.cfd,https://mostbet-wzz3.cfd/,200,Coming Soon,0,0,0,thin_page,,,0
mostbet-wzz4.cfd,https://mostbet-wzz4.cfd/,200,Coming Soon,0,0,0,thin_page,,,0
mostbet-xe4.xyz,https://mostbet-xe4.xyz/,200,Coming Soon,0,0,0,thin_page,,,0
mostbet-xv2w.top,http://mostbet-xv2w.top/,200,,0,0,8,,,,6
mostbet-xyj89.sbs,https://occlusometer-82.xyz/ryQCCs?sub_id_2=318,200,,0,0,0,thin_page,,,0
mostbet-yal78d6.buzz,https://www.mostbet-yal78d6.buzz/?from=@,200,,0,0,4,,,,2
mostbet-ybligg.top,https://mostbet-ybligg.top/,200,Website is ready. The content is to be added,0,0,0,thin_page,,,0
mostbet-ykdril.top,https://mostbet-ykdril.top/,200,Website is ready. The content is to be added,0,0,0,thin_page,,,0
mostbet-ypg9.buzz,https://www.mostbet-ypg9.buzz/?from=@,200,,0,0,4,,,,2
mostbet-yukle-az.org,https://mostbet-yukle-az.org/,200,Attention Required! | Cloudflare,1,0,1,,,,0
mostbet-yuklemek.net,https://mostbet-yuklemek.net/,200,Mostbet mərclər və kazino oyunları üzrə bələdçi,89,17,1,,,s4a8d2f7g.top,5
mostbet-yuklemek.org,https://mostbet-yuklemek.org/,200,Mostbet qumar saytında qeydiyyat və oyun təlimatı,84,17,1,,,,4
mostbet-zerkalo-a325.ru,https://mostbet-zerkalo-a325.ru/,200,"Купить мдма, Кокс, лирика 150 — всё как надо. Доступны также метамефтамин, Мефидрон, марихуана. Купить закладку, метадон, амфетамин, каннабис, лсд, альфа пвп, экстази",0,6,0,,,,0
mostbet-zerkalo-amp.top,https://mostbet-zerkalo-amp.top/,200,"Мостбет официальный сайт | Вход Mostbet Casino, бонусы, зеркало 2025",78,2,0,,,jvehktyqvk71.top,1
mostbet-zerkalo-casino.ru,https://klioz.com/,200,"Klioz – Des news, c'est tout",0,6,4,,,,3
mostbet-zerkalo1.com,https://mostbet-zerkalo1.com/,200,Success!,0,0,0,thin_page,,,0
mostbet-zerkalo2026.store,https://mostbet-zerkalo2026.store/,200,Домен не прилинкован ни к одной из директорий на сервере!,0,0,41,,,,10
mostbet-zerkalo777.online,https://www.mostbet-zerkalo777.online/,200,,0,0,4,,,,2
mostbet-zone.cfd,https://mostbet-zone.cfd/ru/ru/ru/ru/ru/ru/ru/ru/ru/ru/ru/ru/ru/ru/,200,Mostbet / Мостбет — регистрация аккаунта,83,1,6,,,dice-zone-use.com,6
mostbet.ar.it,https://mostbet.ar.it/,200,Мостбет ᐉ Mostbet ставки и бонусы для онлайн-игры,141,10,3,,,8umjh5xaqko.top,2
mostbet.asia,https://www.mostbet.asia/?from=@,200,,0,0,4,,,,2
mostbet.bd,https://mostbet.bd/,200,Account Suspended - mostbet.bd,2,0,0,thin_page,,,0
mostbet.bg,http://www.mostbet.bg,200,,1,2,1,thin_page,,,1
mostbet.biz,https://www.mostbet.biz/?from=@,200,,0,0,4,,,,2
mostbet.boo,https://mostbet.boo/,200,Mostbet Online Betting Platform Review and Guide,140,25,2,,,,3
mostbet.business,https://mostbet.business/,200,"Mostbet ᐉ Mostbet Casino Review, Bonuses and Cashouts",196,17,2,,,z8v3b6k2a.top,3
mostbet.casa,http://mostbet.casa/,200,,0,0,8,,,,6
mostbet.cfd,https://mostbet.cfd/,200,Coming Soon,1,0,0,thin_page,,,0
mostbet.ch,https://mostbet.ch/,200,Mostbet Schweiz - Offizielle Website | CHF400 Bonus + 250 FS,74,4,3,,,,3
mostbet.chat,https://mostbet.chat/,200,,0,1,0,thin_page,,,1
mostbet.co.com,https://mostbet.co.com/,200,MostBet Bangladesh Online Platform 🔥 Join Today for Exclusive Bonuses BD,31,7,1,,https://mostbet.co.com/sign-up,,2
mostbet.co.in,https://mostbet.co.in/,200,MostBet Bangladesh Website - Your Destination for Online Betting BD,31,7,1,,https://mostbet.co.in/sign-up,,2
mostbet.com.bo,https://mostbet.com.bo/,200,"Mostbet ᐉ Mostbet Casino Online: Bonos, Pagos y Deportes",200,14,2,,,u8q3z7r2a.top,3
mostbet.com.ec,http://www.mostbet.com.ec,200,,1,2,1,thin_page,,,1
mostbet.com.ng,http://www.mostbet.com.ng,200,,1,2,1,thin_page,,,1
mostbet.com.pa,https://mostbet.com.pa/,200,Mostbet ᐉ Mostbet Casino: Juegos y Apuestas Online,191,14,2,,,e2b8x4t7n.top,3
mostbet.com.se,https://www.mostbet.com.se/,200,,0,0,4,,,,2
mostbet.community,https://mostbet.community/,200,Домен не прилинкован ни к одной из директорий на сервере!,0,0,41,,,,10
mostbet.company,https://mostbet.company/,200,mail.mostbetmanager.com - mail UI,2,34,1,,,,1
mostbet.cr,https://mostbet.cr/,200,"Mostbet ᐉ Mostbet Casino, Juegos y Apuestas en Línea",189,14,2,,,g5m9k1v6p.top,3
mostbet.cx,https://www.mostbet.cx/,200,,0,0,4,,,,2
mostbet.dad,https://mostbet.dad/,200,Mostbet Online Casino and Sports Betting Platform,135,26,2,,,d9f4g1h7j.top,4
mostbet.day,https://www.mostbet.day/?from=@,200,,0,0,4,,,,2
mostbet.dev,https://pinupaviator.com/,200,KUY4D : Togel Casino Paling Keren di Bumi Nomor 1 Sedunia,0,11,148,,,,25
mostbet.direct,https://mostbet.direct/,200,"Mostbet ᐉ Mostbet Casino, Aviator, Sports and Account Tips",183,16,2,,,m6k2n8t3z.top,3
mostbet.dk,http://www.mostbet.dk,200,,1,2,1,thin_page,,,1
mostbet.expert,https://mostbet.expert/,200,"Mostbet ᐉ Mostbet Casino, Live Games and Secure Payments",200,16,2,,,x4r7p1q9d.top,3
mostbet.fit,https://bodymaster.fit/,200,Crackstreams - Live NFL Webcast & Methstreams Schedules,0,24,2,,,,0
mostbet.forum,https://mostbet.forum/,200,,4,0,54,,,,25
mostbet.futbol,https://mostbet.futbol/,200,Mostbet Review - Online Betting Platform Guide,147,26,2,,,,4
mostbet.golf,https://mostbet.golf/,200,Mostbet Online Betting Platform Review and Guide,135,26,2,,,,4
mostbet.gripe,https://mostbet.gripe/,200,Mostbet Online Casino and Sports Betting Platform,137,26,2,,,,3
mostbet.guide,https://mostbet.guide/,200,"Mostbet ᐉ Mostbet Casino, Sports Betting and Fast Access",190,16,2,,,k1m9x4n7r.top,3
mostbet.hair,https://mostbet.hair/,200,,6,0,64,,,,25
mostbet.hockey,http://mostbet.hockey/,200,Future home of mostbet.hockey,16,0,17,,,,14
mostbet.homes,http://mostbet.homes/,200,,0,0,8,,,,6
mostbet.hr,http://mostbet.hr/,200,Future home of mostbet.hr,16,0,17,,,,14
mostbet.im,https://mostbet.im/,200,Most Bet Bangladesh | স্পোর্টস বেটিং ও ক্যাসিনো প্ল্যাটফর্ম,2,17,1,,,,2
mostbet.ink,http://mostbet.ink/,200,,0,0,8,,,,6
mostbet.international,https://mostbet.international/,200,"Mostbet ᐉ Mostbet Casino, Games, Bonuses and Payment",200,18,2,,,g8p3v7t2d.top,3
mostbet.io.in,https://mostbet.io.in/,200,"Mostbet India Official Website | Login & Bonus up to ₹45,000",118,12,3,,,,2
mostbet.irish,http://mostbet.irish/,200,Parking Page,0,0,8,,,,7
mostbet.jetzt,http://mostbet.jetzt/,200,Parking Page,0,0,8,,,,7
mostbet.kim,https://mostbet.kim/,200,Mostbet Online Gambling Platform Review and Guide,147,26,2,,,d9f4g1h7j.top,4
mostbet.lat,https://www.mostbet.lat/?from=@,200,,0,0,4,,,,2
mostbet.li,https://mostbet.li/,200,Mostbet Online Casino and Sports Betting Platform Guide,141,20,2,,,,3
mostbet.lifestyle,https://mostbet.lifestyle/,200,,4,0,54,,,,25
mostbet.living,https://mostbet.living/,200,,4,0,54,,,,25
mostbet.men,https://www.mostbet.men/,200,,0,0,4,,,,2
mostbet.moscow,https://mostbet.moscow/login_up.php,200,gohost.kz - Панель Plesk,3,0,8,,,,4
mostbet.ne.ke,https://mostbet.ne.ke/,200,MostBet - Where the Result Comes From,27,13,2,,,,1
mostbet.org.kz,https://mostbet.org.kz:443/login_up.php,200,Plesk Obsidian 18.0.80,3,0,5,,,,1
mostbet.org.mx,https://www.mostbet.org.mx/?from=@,200,,0,0,4,,,,2
mostbet.pa,https://mostbet.pa/,200,Mostbet ᐉ Mostbet Casino con Apuestas y Juegos Online,184,14,2,,,o7d3r9q1a.top,3
mostbet.page,https://mostbet.page/,200,,0,0,0,thin_page,,,0
mostbet.pics,https://mostbet.pics/,200,,4,0,54,,,,25
mostbet.pt.it,https://mostbet.pt.it/,200,Mostbet Casino PT ▷ Login no Casino Most Bet Portugal [2026],35,1,0,,,777zxcqazw.top,1
mostbet.rest,https://mostbet.rest/,200,,4,0,54,,,,25
mostbet.rip,https://mostbet.rip/,200,Mostbet Online Casino and Sports Betting Platform Review,144,26,2,,,d9f4g1h7j.top,4
mostbet.si,http://www.mostbet.si,200,,1,2,1,thin_page,,,1
mostbet.so,https://www.mostbet.so/,200,,0,0,4,,,,2
mostbet.soccer,http://mostbet.soccer/,200,Future home of mostbet.soccer,16,0,17,,,,14
mostbet.sport.hu,https://mostbet.sport.hu/,200,,0,0,0,thin_page,,,0
mostbet.study,https://mostbet.study/,200,,4,0,54,,,,25
mostbet.surf,https://mostbet.surf/,200,,4,0,54,,,,25
mostbet.tel,https://mostbet.tel/,200,Mostbet Online Casino and Sports Betting Platform,147,26,2,,,d9f4g1h7j.top,4
mostbet.tv,http://mostbet.tv/,200,mostbet.tv,9,0,11,,,,10
mostbet.uy,http://www.mostbet.uy,200,,1,2,1,thin_page,,,1
mostbet.watch,https://mostbet.watch/,200,Mostbet — Privacy Policy,4,0,1,,,,1
mostbet.website,https://www.mostbet.website/?from=@,200,,0,0,4,,,,2
mostbet.wiki,https://mostbet.wiki/,200,mostbet.wiki —  Domain welcome page for,2,0,9,,,,9
mostbet.work,https://www.mostbet.work/?from=@,200,,0,0,4,,,,2
mostbet.zip,https://mostbet.zip/,200,Mostbet Online Casino and Sports Betting Platform Review,143,25,2,,,d9f4g1h7j.top,4
mostbet00.top,http://mostbet00.top/,200,Parking Page,0,0,3,,,,2
mostbet07.buzz,https://mostbet07.buzz/,200,Выкуп авто до 98% рыночной цены — оценка за 30 минут,0,1,15,,,,3
mostbet1-bd.net,https://mostbet1-bd.net/,200,"Mostbet Bangladesh 2026 | Claim a ৳25,000 Sign-Up Bonus",149,4,3,,,,2
mostbet1-casino.org,https://mostbet1-casino.org/,200,FASTPANEL,0,0,1,,,,1
mostbet1-cz-2026.cz,https://mostbet1-cz-2026.cz/,200,Success!,0,0,0,thin_page,,,0
mostbet1-gr.com,https://mostbet1-gr.com/,200,Beep Beep Casino – online kasino s bonusy a hrami,0,1,1,,,,1
mostbet1-kazino.org,https://mostbet1-kazino.org/,200,"Casino X - официальный сайт, зеркало, бонусы и игры в 2026 году",0,3,9,,,,3
mostbet1-uzb.eu.com,http://www.mostbet1-uzb.eu.com/,200,,0,0,4,,,,2
mostbet1.ci,https://mostbet1.ci/,200,Mostbet,6,1,0,,,findmyass.pro,1
mostbet1.co.in,https://www.mostbet1.co.in/,200,,0,0,4,,,,2
mostbet1.com.pk,https://mostbet1.com.pk/,200,,2,0,0,,,,0
mostbet1.com.pt,https://www.scarboroughjunction.org/,200,PAY77: Progress Tracker Platform Pay 77 Link Resmi 2026,0,114,135,,,,25
mostbet1.digital,https://mostbet1.digital/,200,,4,0,54,,,,25
mostbet1.ke,http://mostbet1.ke/,200,Future home of mostbet1.ke,16,0,17,,,,14
mostbet1.ng,http://mostbet1.ng/,200,Future home of mostbet1.ng,16,0,17,,,,14
mostbet1.org,https://www.mostbet1.org/?from=@,200,,0,0,4,,,,2
mostbet1.world,https://mostbet1.world/,200,,4,0,54,,,,25
mostbet11.top,http://mostbet11.top/,200,Parking Page,0,0,3,,,,2
mostbet1100.top,http://mostbet1100.top/,200,Parking Page,0,0,3,,,,2
mostbet11casino.top,https://ardasenova.ru/,200,Людмила Ардасенова — ICF Coach,0,6,2,,,,0
mostbet1265.casino,http://mostbet1265.casino/,200,Success!,0,0,0,thin_page,,,0
mostbet1724.casino,https://mostbet1724.casino/,200,FASTPANEL,0,0,1,,,,1
mostbet1995s.top,http://mostbet1995s.top/,200,Parking Page,0,0,3,,,,2
mostbet1998casino.top,http://mostbet1998casino.top/,200,Parking Page,0,0,3,,,,2
mostbet1998s.top,http://mostbet1998s.top/,200,Parking Page,0,0,3,,,,2
mostbet1998ss.top,http://mostbet1998ss.top/,200,Parking Page,0,0,3,,,,2
mostbet1999s.top,http://mostbet1999s.top/,200,Parking Page,0,0,3,,,,2
mostbet199s.top,http://mostbet199s.top/,200,Parking Page,0,0,3,,,,2
mostbet1amp.com,https://mostbet1amp.com/,200,Our new website is in progress,0,0,0,thin_page,,,0
mostbet2.online,http://mostbet2.online/,200,Parking Page,0,0,3,,,,3
mostbet2.ru,https://mostbet2.ru/login_up.php,200,gohost.kz - Панель Plesk,3,0,8,,,,4
mostbet2025.com,http://mostbet2025.com/,200,Домен не прилинкован ни к одной из директорий на сервере!,0,0,42,,,,11
mostbet21casino.best,https://ardasenova.ru/,200,Людмила Ардасенова — ICF Coach,0,6,2,,,,0
mostbet24.click,https://mostbet24.click/,200,Bonanza Party - Slot Machines,0,0,1,,,,0
mostbet247.com,https://www.mostbet247.com/?from=@,200,,0,0,4,,,,2
mostbet24amp.com,https://mostbet24amp.com/,200,Our new website is in progress,0,0,0,thin_page,,,0
mostbet265.casino,http://mostbet265.casino/,200,Success!,0,0,0,thin_page,,,0
mostbet26casino.com,https://ardasenova.ru/,200,Людмила Ардасенова — ICF Coach,0,6,2,,,,0
mostbet314.com,https://mostbet314.com/,200,Success!,0,0,0,thin_page,,,0
mostbet3222.top,http://mostbet3222.top/,200,Parking Page,0,0,3,,,,2
mostbet365.de,http://mostbet365.de/,200,Parked Domain name on Hostinger DNS system,0,0,6,,,,6
mostbet365casino.buzz,https://ardasenova.ru/,200,Людмила Ардасенова — ICF Coach,0,6,2,,,,0
mostbet369.top,http://mostbet369.top/,200,Parking Page,0,0,3,,,,2
mostbet40.buzz,https://betplay-569.bet/,200,OK8386 BETPLAY-569.BET🎖️Link Trang Chủ OK8386.COM 2026 Chính Thức Ưu Đãi VIP,0,36,29,,,,25
mostbet4003.ru,https://mostbet4003.ru/,200,"Где взять метадон? Заказ на A-PVP, мдма, LSD — быстро и без лишних слов. Купить альфа пвп, героин, гашиш, мефедрон, закладку, траву, лсд",0,15,0,,,,0
mostbet4004.ru,https://mostbet4004.ru/,200,"Где взять метадон? Заказ на A-PVP, мдма, LSD — быстро и без лишних слов. Купить альфа пвп, героин, гашиш, мефедрон, закладку, траву, лсд",0,15,0,,,,0
mostbet4013.ru,https://mostbet4013.ru/,200,"Купить лизергиновая кислота, Анаша, Мефедрон без ожиданий. Всё проверено, выдача моментальная. Купить героин, гашиш, мефедрон, закладку, траву, лсд",0,6,0,,,,0
mostbet41.buzz,https://betplay-569.bet/,200,OK8386 BETPLAY-569.BET🎖️Link Trang Chủ OK8386.COM 2026 Chính Thức Ưu Đãi VIP,0,36,29,,,,25
mostbet4137.best,http://mostbet4137.best/,200,Parking Page,0,0,3,,,,3
mostbet444.casino,https://mostbet444.casino/,200,Что за интернет — блог о сетях и технологиях,0,1,0,,,,0
mostbet447.site,http://mostbet447.site/,200,Parking Page,0,0,3,,,,3
mostbet4567.casino,http://mostbet4567.casino/,200,Success!,0,0,0,thin_page,,,0
mostbet4890.buzz,https://forrarbet.top/,200,UU88 - Link Đăng Ký Đăng Nhập UU88.COM Chính Thức 9/2026 FORRA,0,38,15,,,,10
mostbet5.com,https://mostbet5.com/,200,"mostbet - Discover the Ultimate Online Gaming Experience with MostBet: Play Anytime, Anywhere.",87,25,0,,,,6
mostbet51ml.top,http://mostbet51ml.top/,200,Parking Page,0,0,3,,,,2
mostbet538.lol,https://mostbet538.lol/,200,"Фабрика дверей «Калина» | Купить межкомнатные двери, порталы и плинтуса от производителя в Екатеринбурге",0,11,12,,,,2
mostbet6033.ru,https://play.google.com/store/apps/details?id=air.windjammerpoker,200,Windjammer Poker - Apps on Google Play,0,28,80,,,,25
mostbet6201.casino,http://mostbet6201.casino/,200,Success!,0,0,0,thin_page,,,0
mostbet6213.casino,http://mostbet6213.casino/,200,Success!,0,0,0,thin_page,,,0
mostbet682.pro,http://mostbet682.pro/,200,Parking Page,0,0,3,,,,3
mostbet69.buzz,https://mostbet69.buzz/,200,FASTPANEL,0,0,1,,,,1
mostbet7.cz,https://mostbet7.cz/,200,,0,0,0,thin_page,,,0
mostbet77.lol,https://mostbet77.lol/,200,Выкуп авто до 98% рыночной цены — оценка за 30 минут,0,1,15,,,,3
mostbet7717.online,https://mostbet7717.online/,200,FASTPANEL,0,0,1,,,,1
mostbet777-hu.eu,https://mostbet777-hu.eu/,200,Mostbet Casino Hivatalos Oldal Magyarországon,26,6,1,,,,4
mostbet777-win.store,http://mostbet777-win.store/,200,Истёк срок регистрации домена,0,0,8,,,,8
mostbet777.buzz,https://mostbet777.buzz/,200,Выкуп авто до 98% рыночной цены — оценка за 30 минут,0,1,15,,,,3
mostbet777.com,http://mostbet777.com/,200,Parking Page,0,0,8,,,,7
mostbet777.pl,https://mostbet777.pl/,200,Coming Soon,0,0,0,thin_page,,,0
mostbet777poland.com,https://mostbet777poland.com/,200,,0,0,42,,,,25
mostbet829.ru,https://vh452.timeweb.ru/parking/?ref=mostbet829.ru,200,Домен припаркован в Timeweb,0,2,40,,,timeweb.com,25
mostbet8694.ru,https://mostbet8694.ru/,200,"Mostbet — Официальный сайт Мостбет: Вход, Зеркало и Скачать на телефон",41,0,1,,,,0
mostbet9.com,https://www.mostbet9.com/,200,,0,0,4,,,,2
mostbet9281.top,http://mostbet9281.top/,200,Parking Page,0,0,3,,,,3
mostbet9614.buzz,http://mostbet9614.buzz/,200,Parking Page,0,0,3,,,,3
mostbet983.casino,http://mostbet983.casino/,200,Success!,0,0,0,thin_page,,,0
mostbeta.site,http://mostbeta.site/,200,A niggard afternoon without step-fathers is truly | Home Edition | North Journal,187,84,6,,,,5
mostbeta1.com,https://mostbeta1.com/,200,6666bet ❤️ Apostas Online Como Controlar seu Orçamento,23,5,2,,,,1
mostbetagents.com,https://www.mostbetagents.com/,200,,0,0,4,,,,2
mostbetallturkizz.com,https://www.mostbetallturkizz.com/?from=@,200,,0,0,4,,,,2
mostbetamp.kz,https://mostbetamp.kz/,200,Мостбет КЗ — казино и ставки на спорт с бонусом 2026,39,2,0,,,pdlinkfortysix.xyz,1
mostbetamp100.com,https://mostbetamp100.com/,200,Our new website is in progress,0,0,0,thin_page,,,0
mostbetamp2026.com,https://mostbetamp2026.com/,200,Our new website is in progress,0,0,0,thin_page,,,0
mostbetamp24.com,https://mostbetamp24.com/,200,Our new website is in progress,0,0,0,thin_page,,,0
mostbetamp39.site,http://mostbetamp39.site/,200,Parking Page,0,0,3,,,,2
mostbetamp40.site,http://mostbetamp40.site/,200,Parking Page,0,0,3,,,,2
mostbetamp777.com,https://mostbetamp777.com/,200,Our new website is in progress,0,0,0,thin_page,,,0
mostbetamp888.com,https://mostbetamp888.com/,200,Our new website is in progress,0,0,0,thin_page,,,0
mostbetamp99.com,https://mostbetamp99.com/,200,Our new website is in progress,0,0,0,thin_page,,,0
mostbetapjk.website,http://mostbetapjk.website/,200,,0,0,8,,,,6
mostbetapk-az.net,https://mostbetapk-az.net/,200,Mostbet mərc və kazino qaydaları və istifadəçi bələdçisi,84,17,1,,,s4a8d2f7g.top,5
mostbetapk-kz.net,http://mostbetapk-kz.net/,200,Parking Page,0,0,3,,,,2
mostbetapk-uz.app,https://mostbetapk-uz.app/,200,,0,0,0,thin_page,,,0
mostbetapk.app,https://www.mostbetapk.app/,200,,0,0,4,,,,2
mostbetapkapp.com,https://www.mostbetapkapp.com/?from=@,200,,0,0,4,,,,2
mostbetapkfree.com,https://mostbetapkfree.com/,200,Download app Mostbet,1,0,0,thin_page,,,0
mostbetapkkz.com,https://mostbetapkkz.com/,200,Download app Mostbet,2,0,0,thin_page,,,0
mostbetaplikacja.net.pl,https://mostbetaplikacja.net.pl/,200,Aftermarket.eu :: domain mostbetaplikacja.net.pl,4,0,13,,,,13
mostbetapp-apk.com,http://mostbetapp-apk.com/,200,Parking Page,0,0,3,,,,2
mostbetapp-az.net,https://mostbetapp-az.net/,200,Mostbet mərc platforması icmalı və istifadəçi rəyləri,94,17,1,,,s4a8d2f7g.top,5
mostbetapp-cz.com,https://mostbetapp-cz.com/,200,Welcome to nginx!,0,0,2,,,,2
mostbetapp.eu,https://mostbetapp.eu/,200,Parked Domain name on Hostinger DNS system,0,0,6,,,,6
mostbetapp.in,https://mostbetapp.in/,200,Mostbet for Android - Download the APK - Update 2026,158,5,1,,,,1
mostbetapp.ru,https://mostbetapp.ru/cgi-sys/suspendedpage.cgi,200,Account Suspended,2,0,0,thin_page,,,0
mostbetapp.top,https://karttech.in/,200,F168 Kart🎖️Link Trang Chủ Chính Thức F168.COM Mới Nhất T10/2026,0,29,27,,,,17
mostbetapp1.cz,https://mostbetapp1.cz/,200,Welcome,0,0,0,thin_page,,,0
mostbetappca.com,http://mostbetappca.com/,200,Parking Page,0,0,3,,,,2
mostbetappin.com,http://mostbetappin.com/,200,Parking Page,0,0,3,,,,2
mostbetapplication.com,https://www.mostbetapplication.com/?from=@,200,,0,0,4,,,,2
mostbetapponline.de,https://mostbetapponline.de/info.php,200,realtime.at - Domain catched,0,0,1,,,,1
mostbetargentina.net,https://mostbetargentina.net/,200,Mostbet Argentina 2026 🇦🇷 Bono 125% y Registro en 1 Clic,114,13,3,,,,2
mostbetaviator-az.click,https://mostbetaviator-az.click/,200,Business Listing Directory | Boost Your Online Presence,0,0,22,,,,21
mostbetaviator-az.top,https://mostbetaviator-az.top/,200,Your domain is expired,0,0,7,,,,7
mostbetaviator.cloud,https://mostbetaviator.cloud/,200,Parked Domain name on Hostinger DNS system,0,0,6,,,,6
mostbetaviator.net,http://mostbetaviator.net/,200,,0,0,8,,,,6
mostbetaviator.top,http://mostbetaviator.top/,200,Your domain is expired,0,0,7,,,,7
mostbetaviatoraz.top,https://mostbetaviatoraz.top/,200,404 - Page Not Found,0,0,0,thin_page,,,0
mostbetaviatorgame.com,https://mostbetaviatorgame.com/,200,,158,17,8,,,chicken-road-app.net,4
mostbetaz-play.site,http://mostbetaz-play.site/,200,,0,0,8,,,,6
mostbetaz.co.uk,https://www.mostbetaz.co.uk/,200,,0,0,4,,,,2
mostbetaz.com,https://mostbetaz.com/,200,"Mostbet AZ ᐉ Böyük uduşlar, yüksək əmsallar və real qələbələr səni gözləyir",68,3,1,,,findmyass.pro,1
mostbetaz.life,https://mostbetaz.life/,200,Big things will be here soon,0,0,0,thin_page,,,0
mostbetaz.tech,https://mostbetaz.tech/,200,Mostbet Azərbaycanda yüksək əmsallar və canlı mərc,86,20,1,,,,4
mostbetaz.us.com,https://mostbetaz.us.com/,200,Mostbet AZ rəsmi sayta giriş - onlayn kazino və idman mərcləri Mostbet Azerbaycan,82,1,4,,,,4
mostbetaz1com.cfd,https://mostbetaz1com.cfd/,200,"Mostbet Casino AZ – Rasmi sayt, qeydiyyat və APK icmalı Mostbet",76,1,0,,,d9f4g1h7j.top,1
mostbetaz45.info,http://mostbetaz45.info/,200,mostbetaz45.info — Coming Soon,4,0,2,,,,2
mostbetazc.com,http://mostbetazc.com/,200,Parking Page,0,0,3,,,,2
mostbetazcasino.com,https://mostbetazcasino.com/,200,Mostbet AZ - Rəsmi Saytı Mostbet Casino Giriş Azərbaycan,263,8,2,,https://mostbetazcasino.com/mostbet/ https://mostbetazcasino.com/assets/other/mostbet.apk,,2
mostbetazcasino.org,https://mostbetazcasino.org/,200,Mostbet mərc və kazino xidmətlərinin icmalı və qaydaları,78,16,1,,,s4a8d2f7g.top,5
mostbetazerba.com,http://mostbetazerba.com/,200,Parking Page,0,0,3,,,,2
mostbetazerbaijan.net,https://mostbetazerbaijan.net/,200,Mostbet rəsmi sayt bonuslar və yüksək əmsallar,89,21,2,,,,5
mostbetazerbaijan.site,https://mostbetazerbaijan.site/,200,Mostbet sürətli qeydiyyat yüksək bonuslar və ödənişlər,92,20,2,,,,6
mostbetazerbaijan.tech,https://mostbetazerbaijan.tech/,200,Mostbet — Azərbaycan üçün sürətli qeydiyyat və bonuslar,99,21,1,,,,5
mostbetazerbaijanbetnet.cfd,https://mostbetazerbaijanbetnet.cfd/,200,Mostbet AZ - Resmi Giris ve Qeydiyyat | Bonuslar ve Kazino,47,2,0,,,q7m1t8zb.top,1
mostbetazerbaijanbetnet427.cfd,https://mostbetazerbaijanbetnet427.cfd/,200,Mostbet AZ - Resmi Giris ve Qeydiyyat | Bonuslar ve Kazino,47,2,0,,,q7m1t8zb.top,1
mostbetazerbaijanbetnet591.cfd,https://mostbetazerbaijanbetnet591.cfd/,200,Mostbet AZ - Resmi Giris ve Qeydiyyat | Bonuslar ve Kazino,47,2,0,,,q7m1t8zb.top,1
mostbetazerbaijangamescom.cfd,https://mostbetazerbaijangamescom.cfd/,200,Mostbet ile Böyük Qələbələrə Hazır Olun,31,2,0,,,s4a8d2f7g.top,1
mostbetazerbaijangamescom243.cfd,https://mostbetazerbaijangamescom243.cfd/,200,Mostbet ile Böyük Qələbələrə Hazır Olun,31,2,0,,,s4a8d2f7g.top,1
mostbetazerbaijanonline.com,https://mostbetazerbaijanonline.com/,200,Mostbet qeydiyyat bonusu və yüksək əmsallar,96,20,2,,,,5
mostbetazerbaijanworld.com,https://mostbetazerbaijanworld.com/,200,Mostbet: Etibarlı Mərc və Oyun Təcrübəsi,97,21,1,,,,4
mostbetazerbaycan.online,http://mostbetazerbaycan.online/,200,Your domain is expired,0,0,7,,,,7
mostbetazerbaycanyukle.net,http://mostbetazerbaycanyukle.net/,200,,0,0,8,,,,6
mostbetazgirisonline.com,http://mostbetazgirisonline.com/,200,Parking Page,0,0,3,,,,2
mostbetazonline.net,https://mostbetazonline.net/,200,Mostbet ilə Böyük Qazanc Şansları,97,21,2,,,,6
mostbetazpro.net,https://mostbetazpro.net/,200,Mostbet ilə Qazancınzı Maksimum Edin,68,14,2,,,s4a8d2f7g.top,3
mostbetazpwclorg274.top,https://mostbetazpwclorg274.top/,200,Mostbet AZ | Rəsmi internet saytında giriş və qeydiyyat | Mostbet-az90,91,3,0,,,aos9d9e9g0o.top,1
mostbetazpwclorg300.top,https://mostbetazpwclorg300.top/,200,Mostbet AZ | Rəsmi internet saytında giriş və qeydiyyat | Mostbet-az90,91,3,0,,,aos9d9e9g0o.top,1
mostbetazpwclorg324.top,https://mostbetazpwclorg324.top/,200,Mostbet AZ | Rəsmi internet saytında giriş və qeydiyyat | Mostbet-az90,91,3,0,,,aos9d9e9g0o.top,1
mostbetazpwclorg337.top,https://mostbetazpwclorg337.top/,200,Mostbet AZ | Rəsmi internet saytında giriş və qeydiyyat | Mostbet-az90,91,3,0,,,aos9d9e9g0o.top,1
mostbetazpwclorg430.top,https://mostbetazpwclorg430.top/,200,Mostbet AZ | Rəsmi internet saytında giriş və qeydiyyat | Mostbet-az90,91,3,0,,,aos9d9e9g0o.top,1
mostbetazpwclorg445.top,https://mostbetazpwclorg445.top/,200,Mostbet AZ | Rəsmi internet saytında giriş və qeydiyyat | Mostbet-az90,91,3,0,,,aos9d9e9g0o.top,1
mostbetazpwclorg477.top,https://mostbetazpwclorg477.top/,200,Mostbet AZ | Rəsmi internet saytında giriş və qeydiyyat | Mostbet-az90,91,3,0,,,aos9d9e9g0o.top,1
mostbetazpwclorg584.top,https://mostbetazpwclorg584.top/,200,Mostbet AZ | Rəsmi internet saytında giriş və qeydiyyat | Mostbet-az90,91,3,0,,,aos9d9e9g0o.top,1
mostbetazpwclorg614.top,https://mostbetazpwclorg614.top/,200,Mostbet AZ | Rəsmi internet saytında giriş və qeydiyyat | Mostbet-az90,91,3,0,,,aos9d9e9g0o.top,1
mostbetazpwclorg692.top,https://mostbetazpwclorg692.top/,200,Mostbet AZ | Rəsmi internet saytında giriş və qeydiyyat | Mostbet-az90,91,3,0,,,aos9d9e9g0o.top,1
mostbetazpwclorg693.top,https://mostbetazpwclorg693.top/,200,Mostbet AZ | Rəsmi internet saytında giriş və qeydiyyat | Mostbet-az90,91,3,0,,,aos9d9e9g0o.top,1
mostbetazpwclorg706.top,https://mostbetazpwclorg706.top/,200,Mostbet AZ | Rəsmi internet saytında giriş və qeydiyyat | Mostbet-az90,91,3,0,,,aos9d9e9g0o.top,1
mostbetazpwclorg708.top,https://mostbetazpwclorg708.top/,200,Mostbet AZ | Rəsmi internet saytında giriş və qeydiyyat | Mostbet-az90,91,3,0,,,aos9d9e9g0o.top,1
mostbetazpwclorg730.top,https://mostbetazpwclorg730.top/,200,Mostbet AZ | Rəsmi internet saytında giriş və qeydiyyat | Mostbet-az90,91,3,0,,,aos9d9e9g0o.top,1
mostbetazpwclorg860.top,https://mostbetazpwclorg860.top/,200,Mostbet AZ | Rəsmi internet saytında giriş və qeydiyyat | Mostbet-az90,91,3,0,,,aos9d9e9g0o.top,1
mostbetazpwclorg884.top,https://mostbetazpwclorg884.top/,200,Mostbet AZ | Rəsmi internet saytında giriş və qeydiyyat | Mostbet-az90,91,3,0,,,aos9d9e9g0o.top,1
mostbetazpwclorg906.top,https://mostbetazpwclorg906.top/,200,Mostbet AZ | Rəsmi internet saytında giriş və qeydiyyat | Mostbet-az90,91,3,0,,,aos9d9e9g0o.top,1
mostbetazpwclorg915.top,https://mostbetazpwclorg915.top/,200,Mostbet AZ | Rəsmi internet saytında giriş və qeydiyyat | Mostbet-az90,91,3,0,,,aos9d9e9g0o.top,1
mostbetbahisleri2.com,https://mostbetbahisleri2.com/,200,,0,0,8,,,,6
mostbetbangladesh-en.com,https://mostbetbangladesh-en.com/,200,Mostbet Bangladesh 2026: Step-by-Step Review from Sign-Up to Payout,42,9,1,,,,0
mostbetbangladesh.bet,https://mostbetbangladesh.bet/,200,"Mostbet Bangladesh 2026 | 8,000+ Casino Games & ৳25,000 Offer",162,4,3,,,,2
mostbetbangladesh.casino,https://mostbetbangladesh.casino/,200,"Mostbet Bangladesh 2026 Review: BDT Cashier, Cricket and Casino Explained",43,9,1,,,,0
mostbetbangladesh.org,http://mostbetbangladesh.org/,200,Parking Page,0,0,3,,,,3
mostbetbangladeshi.com,http://mostbetbangladeshi.com/,200,Parking Page,0,0,3,,,,3
mostbetbd-online.com,https://mostbetbd-online.com/,200,"Mostbet in Bangladesh 2026 | ৳25,000 Bonus & 8,000+ Games",156,4,3,,,,2
mostbetbd.art,https://www.mostbetbd.art/?from=@,200,,0,0,4,,,,2
mostbetbd.info,https://www.mostbetbd.info/?from=@,200,,0,0,4,,,,2
mostbetbd3.com,https://www.mostbetbd3.com/?from=@,200,,0,0,4,,,,2
mostbetbd5.com,http://mostbetbd5.com/,200,Parking Page,0,0,8,,,,7
mostbetbdapp.org,https://mostbetbdapp.org/,200,,0,1,0,thin_page,,,1
mostbetbdappwin.com,http://mostbetbdappwin.com/,200,Parking Page,0,0,3,,,,2
mostbetbden.com,https://mostbetbden.com/,200,Mostbet Bangladesh 2026: Your Ultimate Guide to Sports Betting and Casino,187,5,3,,,,2
mostbetbdsite.com,https://mostbetbdsite.com/,200,Mostbet Bangladesh 2026 | Top Sportsbook & ৳25k Casino Bonus,148,4,3,,,,2
mostbetbengal.com,http://mostbetbengal.com/,200,Parking Page,0,0,3,,,,2
mostbetbet.co,https://xstory-fr.co/,200,H13 ✔️ Trang Chủ H13.COM Đăng Nhập/Đăng Ký Cập Nhật Tháng 9/2026,0,33,9,,,,10
mostbetbet.site,http://mostbetbet.site/,200,,0,0,8,,,,6
mostbetbg.bet,https://www.mostbetbg.bet/,200,,0,0,4,,,,2
mostbetbk.com,https://www.mostbetbk.com/,200,,0,0,4,,,,2
mostbetbk.pro,http://mostbetbk.pro/,200,Apache HTTP Server Test Page powered by CentOS,0,0,3,,,,3
mostbetbogota.info,http://mostbetbogota.info/,200,Future home of mostbetbogota.info,16,0,17,,,,14
mostbetbonus.best,http://mostbetbonus.best/,200,Parking Page,0,0,3,,,,3
mostbetbonus.biz,https://mostbetbonus.biz/,200,,0,0,54,,,,25
mostbetbonus.buzz,http://mostbetbonus.buzz/,200,Parking Page,0,0,3,,,,3
mostbetbonus.click,http://mostbetbonus.click/,200,Parking Page,0,0,3,,,,3
mostbetbonus.fun,http://mostbetbonus.fun/,200,Parking Page,0,0,3,,,,3
mostbetbonus.site,http://mostbetbonus.site/,200,Parking Page,0,0,3,,,,3
mostbetbonus.top,http://mostbetbonus.top/,200,Parking Page,0,0,3,,,,3
mostbetbonuses.best,http://mostbetbonuses.best/,200,Parking Page,0,0,3,,,,3
mostbetbonuses.click,http://mostbetbonuses.click/,200,Parking Page,0,0,3,,,,3
mostbetbonuses.fun,http://mostbetbonuses.fun/,200,Parking Page,0,0,3,,,,3
mostbetbonuses.online,http://mostbetbonuses.online/,200,Parking Page,0,0,3,,,,3
mostbetbonuses.site,http://mostbetbonuses.site/,200,Parking Page,0,0,3,,,,3
mostbetbonuses.top,http://mostbetbonuses.top/,200,Parking Page,0,0,3,,,,3
mostbetbonuses.xyz,http://mostbetbonuses.xyz/,200,Parking Page,0,0,3,,,,3
mostbetcas183.online,http://mostbetcas183.online/,200,,0,0,8,,,,6
mostbetcas310.top,http://mostbetcas310.top/,200,Parking Page,0,0,3,,,,2
mostbetcas322.top,http://mostbetcas322.top/,200,Parking Page,0,0,3,,,,2
mostbetcasa.com,http://mostbetcasa.com/,200,Parking Page,0,0,8,,,,7
mostbetcasin322.top,http://mostbetcasin322.top/,200,Parking Page,0,0,3,,,,2
mostbetcasino-app.co,https://mostbetcasino-app.co/,200,404 - Page Not Found,0,0,0,thin_page,,,0
mostbetcasino-cz.org,https://mostbetcasino-cz.org/,200,Welcome to nginx!,0,0,2,,,,2
mostbetcasino-france.com,http://mostbetcasino-france.com/,200,Parking Page,0,0,3,,,,3
mostbetcasino-georgia.com,http://mostbetcasino-georgia.com/,200,Registrant WHOIS contact information verification | Namecheap.com,0,0,9,,,,5
mostbetcasino-login.cz,https://mostbetcasino-login.cz/,200,Welcome to nginx!,0,0,2,,,,2
mostbetcasino-mobail.cfd,https://mostbetcasino-mobail.cfd/,200,Coming Soon,0,0,0,thin_page,,,0
mostbetcasino-pl.pl,https://www.mostbetcasino-pl.pl/,200,MostBet Casino – Oficjalny Przegląd dla Graczy z Polski,267,5,1,,,,0
mostbetcasino-play.click,https://mostbetcasino-play.click/,200,Success!,0,0,0,thin_page,,,0
mostbetcasino-registration.top,https://mostbetcasino-registration.top/,200,Coming Soon,0,0,0,thin_page,,,0
mostbetcasino.ci,http://www.mostbetcasino.ci,200,,1,2,1,thin_page,,,1
mostbetcasino.co.cz,https://mostbetcasino.co.cz/,200,Страница по умолчанию,0,0,1,,,,1
mostbetcasino.edu.pl,https://mostbetcasino.edu.pl/,200,MostBet Casino – Bonus do 125% na Start i 250 Darmowych Spinów,27,4,0,,,g-vektor.ru,1
mostbetcasino.ge,https://mostbetcasino.ge/,200,"Mostbet Casino ონლაინ თამაშები | მიიღეთ ₾1,000-მდე მისასალმებელი ჯილდოები",98,5,2,,,,2
mostbetcasino.me,https://www.therealstoriesofkarabakh.com/,200,Mostbet AZ: Azərbaycanda Mükəmməl Kazino və Mərc Platforması,62,0,1,,,,1
mostbetcasino.nu,https://mostbetcasino.nu/,200,Domain Registered at Safenames,0,0,1,,,,1
mostbetcasino.vip,https://mostbetcasino.vip/,200,"MostBet (Мостбет) — Офіційний сайт, Вхід, Реєстрація",59,3,9,,,prizegaming.top,8
mostbetcasino01.top,http://mostbetcasino01.top/,200,Parking Page,0,0,3,,,,2
mostbetcasino015.top,http://mostbetcasino015.top/,200,Parking Page,0,0,3,,,,2
mostbetcasino0483wi.top,https://mostbetcasino0483wi.top/,200,OKIOK — товары напрямую от самозанятых мастеров,0,25,2,,,,4
mostbetcasino1.pt,https://tritonslots.com.pl/,200,Triton Slots Polska – Niezawodna strona do gry w kasynie,0,6,3,,,,3
mostbetcasino11.top,http://mostbetcasino11.top/,200,Parking Page,0,0,3,,,,2
mostbetcasino2025.kz,https://mostbet-kazakhstan.mostbetcasino2025.kz/,200,Мостбет Казино ⚡️ Mostbet Официальный сайт Казахстан,74,1,0,,https://mostbet-kazakhstan.mostbetcasino2025.kz/mostbet/,,1
mostbetcasino401.top,http://mostbetcasino401.top/,200,Parking Page,0,0,3,,,,2
mostbetcasino7.pl,https://mostbetcasino7.pl/,200,Przekierowanie - Mostbet Casino,8,0,3,,,,1
mostbetcasino88.buzz,https://ardasenova.ru/,200,Людмила Ардасенова — ICF Coach,0,6,2,,,,0
mostbetcasinoazpwclorg271.top,https://mostbetcasinoazpwclorg271.top/,200,Mostbet AZ | Rəsmi internet saytında giriş və qeydiyyat | Mostbet-az90,91,3,0,,,aos9d9e9g0o.top,1
mostbetcasinoazpwclorg504.top,https://mostbetcasinoazpwclorg504.top/,200,Mostbet AZ | Rəsmi internet saytında giriş və qeydiyyat | Mostbet-az90,91,3,0,,,aos9d9e9g0o.top,1
mostbetcasinoazpwclorg527.top,https://mostbetcasinoazpwclorg527.top/,200,Mostbet AZ | Rəsmi internet saytında giriş və qeydiyyat | Mostbet-az90,91,3,0,,,aos9d9e9g0o.top,1
mostbetcasinoazpwclorg676.top,https://mostbetcasinoazpwclorg676.top/,200,Mostbet AZ | Rəsmi internet saytında giriş və qeydiyyat | Mostbet-az90,91,3,0,,,aos9d9e9g0o.top,1
mostbetcasinofrance.com,http://mostbetcasinofrance.com/,200,Parking Page,0,0,3,,,,3
mostbetcasinogamepwclorg527.top,https://mostbetcasinogamepwclorg527.top/,200,Mostbet AZ | Rəsmi internet saytında giriş və qeydiyyat | Mostbet-az90,91,3,0,,,aos9d9e9g0o.top,1
mostbetcasinogamepwclorg676.top,https://mostbetcasinogamepwclorg676.top/,200,Mostbet AZ | Rəsmi internet saytında giriş və qeydiyyat | Mostbet-az90,91,3,0,,,aos9d9e9g0o.top,1
mostbetcasinogeorgia.com,http://mostbetcasinogeorgia.com/,200,Registrant WHOIS contact information verification | Namecheap.com,0,0,9,,,,5
mostbetcasinopwclorg271.top,https://mostbetcasinopwclorg271.top/,200,Mostbet AZ | Rəsmi internet saytında giriş və qeydiyyat | Mostbet-az90,91,3,0,,,aos9d9e9g0o.top,1
mostbetcasinopwclorg445.top,https://mostbetcasinopwclorg445.top/,200,Mostbet AZ | Rəsmi internet saytında giriş və qeydiyyat | Mostbet-az90,91,3,0,,,aos9d9e9g0o.top,1
mostbetcasinopwclorg884.top,https://mostbetcasinopwclorg884.top/,200,Mostbet AZ | Rəsmi internet saytında giriş və qeydiyyat | Mostbet-az90,91,3,0,,,aos9d9e9g0o.top,1
mostbetcasinos-zerkalo.cfd,https://mostbetcasinos-zerkalo.cfd/,200,Coming Soon,0,0,0,thin_page,,,0
mostbetcasinos.biz,https://mostbetcasinos.biz/,200,Mostbet Casino - Official Site Online Casino,69,25,3,,,drgnn.lynmonkel.com promo-click.com,4
mostbetcasinos.casino,https://mostbetcasinos.casino/,200,Что за интернет — блог о сетях и технологиях,0,1,0,,,,0
mostbetcasinoshu.net,https://www.mostbetcasinoshu.net/,200,,0,0,4,,,,2
mostbetcasinoturkiye.com,https://mostbet-casino-uz.com/,200,Mostbet UZ ᐉ Mostbet bukmekerlik O'zbekistonda kirish [2024],98,11,17,,,sdakwoqp1azzzz.top,19
mostbetcasoffic.top,http://mostbetcasoffic.top/,200,Parking Page,0,0,3,,,,2
mostbetcazic1.site,http://mostbetcazic1.site/,200,Parking Page,0,0,3,,,,3
mostbetclub-bonus.com,http://mostbetclub-bonus.com/,200,Parking Page,0,0,3,,,,2
mostbetclub.top,https://pepe.it.com/,200,39BET pepe | Thương Hiệu 39BET.COM Uy Tín | Nhận 139K,0,40,13,,,,12
mostbetcluby.com,http://mostbetcluby.com/,200,Parking Page,0,0,3,,,,2
mostbetco-registro.pro,http://mostbetco-registro.pro/,200,Future home of mostbetco-registro.pro,16,0,17,,,,14
mostbetco.site,http://mostbetco.site/,200,,0,0,8,,,,6
mostbetcodebd.com,https://mostbetcodebd.com/,200,Mostbet promo code Bangladesh,53,0,1,,,,1
mostbetcom-azerbaycan.com,https://mostbet-casino-uz.com/,200,Mostbet UZ ᐉ Mostbet bukmekerlik O'zbekistonda kirish [2024],98,11,17,,,sdakwoqp1azzzz.top,19
mostbetcom-turkiye.com,https://mostbet-casino-uz.com/,200,Mostbet UZ ᐉ Mostbet bukmekerlik O'zbekistonda kirish [2024],98,11,17,,,sdakwoqp1azzzz.top,19
mostbetcr.com,https://mostbetcr.com/,200,,0,0,0,thin_page,,,0
mostbetcz.org,http://mostbetcz.org/,200,,0,0,8,,,,6
mostbetd.com,https://mostbetd.com/,200,7jogos ❤️ Como Controlar suas Apostas para Maximizar seus Resultados,26,7,2,,,,1
mostbetdownload-az.com,http://mostbetdownload-az.com/,200,,0,0,8,,,,6
mostbetdownload.ru,https://mostbetdownload.ru/cgi-sys/suspendedpage.cgi,200,Account Suspended,2,0,0,thin_page,,,0
mostbetdownloadbd.com,http://mostbetdownloadbd.com/,200,Registrant WHOIS contact information verification | Namecheap.com,0,0,9,,,,5
mostbete-br.com,http://mostbete-br.com/,200,Parking Page,0,0,3,,,,2
mostbete-redir.com,http://mostbete-redir.com/,200,,0,0,8,,,,6
mostbete-tr.com,http://mostbete-tr.com/,200,Parking Page,0,0,3,,,,2
mostbete.com,https://www.mostbete.com/?from=@,200,,0,0,4,,,,2
mostbeteg.net,https://www.mostbeteg.net/?from=@,200,,0,0,4,,,,2
mostbetespanol.com,https://www.mostbetespanol.com/?from=@,200,,0,0,4,,,,2
mostbetf.xyz,https://mostbetf.xyz/,200,Checking your browser...,0,0,0,,,,0
mostbetfi.net,http://mostbetfi.net/,200,,0,0,8,,,,6
mostbetfollower.com,https://mostbetfollower.com/,200,Activity Bot,3,0,1,,,,0
mostbetforu.best,https://mostbetforu.best/,200,,0,0,56,,,,25
mostbetfr.com,https://www.mostbetfr.com/,200,,0,0,4,,,,2
mostbetfrance.com,https://mostbetfrance.com/,200,"Mostbet France : Casino, Paris Sportifs et Bonus — Guide 2026",33,19,1,,,transferqoblin.com,5
mostbetfreeplay7.store,http://mostbetfreeplay7.store/,200,Истёк срок регистрации домена,0,0,8,,,,8
mostbetfun.com,https://www.mostbetfun.com/,200,,0,0,4,,,,2
mostbetgame.click,https://mostbetgame.click/,200,,6,0,64,,,,25
mostbetgame.com,http://mostbetgame.com/,200,mostbetgame.com,6,0,3,,,,3
mostbetgame.fun,https://mostbetgame.fun/,200,"Mostbet ᐉ Kaszinó, sportfogadás és bónuszok a játékosok számára",14,1,0,,,wcgki50.top,1
mostbetgame.store,https://mostbetgame.store/,200,,6,0,64,,,,25
mostbetgames.online,http://mostbetgames.online/,200,,0,0,8,,,,6
mostbetgamesbest.best,https://www.mostbetgamesbest.best/?from=@,200,,0,0,4,,,,2
mostbetgamesbest.xyz,https://mostbetgamesbest.xyz/,200,,0,0,56,,,,25
mostbetgeorgia.com,http://mostbetgeorgia.com/,200,Registrant WHOIS contact information verification | Namecheap.com,0,0,9,,,,5
mostbetgift.casa,https://mostbetgift.casa/,200,,0,0,54,,,,25
mostbetgiris-az.bet,http://mostbetgiris-az.bet/,200,Parking Page,0,0,8,,,,7
mostbetgiris.app,https://mostbetgiris.app/,200,,0,0,8,,,,6
mostbetgiris2024.com,http://mostbetgiris2024.com/,200,Parking Page,0,0,8,,,,7
mostbetgirisyap.com,https://mostbetgirisyap.com/,200,Coming Soon,1,0,0,thin_page,,,0
mostbetgp.site,http://mostbetgp.site/,200,Истёк срок регистрации домена,0,0,8,,,,8
mostbetgra.com,https://mostbetgra.com/,200,Download app Mostbet,2,0,0,thin_page,,,0
mostbetguncelgiris.link,https://mostbetguncelgiris.link/,200,Mostbet Giriş 2026 — Resmi Casino ve Spor Sitesi ✅ | Mostbet,169,59,8,,,,20
mostbethebest.xyz,https://mostbethebest.xyz/,200,Welcome,0,0,0,thin_page,,,0
mostbethu-casino.com,https://mostbethu-casino.com/,200,Az oldal nem elérhető,0,0,0,,,,0
mostbethu.biz,https://funa-o.com/20250123094936/mailto/,200,Mikototo ⚡️ Situs Togel Toto Singapore Resmi 2026,0,14,56,,,,25
mostbethungary1.com,https://mostbethungary1.com/,200,"Mostbet Hivatalos | Ft1,400 + 200 Ingyenes Pörgetés",92,3,3,,,,2
mostbetilovasi.ru,https://mostbetilovasi.ru/,200,,0,0,0,thin_page,,,0
mostbetin-hindi.com,http://mostbetin-hindi.com/,200,Parking Page,0,0,3,,,,2
mostbetin.ru,https://mostbetin.ru/,200,Browser verification,1,0,0,,,,0
mostbetin1.co,https://www.mostbetin1.co/,200,,0,0,4,,,,2
mostbetindians-site.com,http://mostbetindians-site.com/,200,Parking Page,0,0,3,,,,2
mostbetindians.com,http://mostbetindians.com/,200,Parking Page,0,0,3,,,,2
mostbeting-maroc.com,http://mostbeting-maroc.com/,200,Parking Page,0,0,3,,,,2
mostbetingplaypl.xyz,http://mostbetingplaypl.xyz/,200,,0,0,8,,,,6
mostbetjackpotslots.click,https://mostbetjackpotslots.click/,200,,0,0,47,,,,25
mostbetkasyno.buzz,https://golcasino.mom/,200,SC88 golcasino 🎖️ Trang Chủ Đăng Nhập SC88.Com ✔️ Uy Tín 2026,0,55,33,,,,17
mostbetkazakhstan1.com,https://mostbetkazakhstan1.com/,200,Site Under Construction,0,0,0,thin_page,,,0
mostbetkazino-az.org,https://mostbetkazino-az.org/,200,"Mostbet AZ: Rəsmi Kazino və Bukmeyker – Giriş, Yüklə (APK), Bonus 550 AZN",63,6,1,,,partnerprofitsource.com,3
mostbetkazino.com,http://mostbetkazino.com/,200,Parking Page,0,0,3,,,,3
mostbetkazinos-az.com,http://mostbetkazinos-az.com/,200,Parking Page,0,0,3,,,,2
mostbetkirish.net,https://mostbetkirish.net/,200,Mostbet UZ — rasmiy saytga kirish (2026) | mostbetkirish.net,68,21,2,,,,3
mostbetkirish.top,https://mostbetkirish.top/,200,Index of /,1,5,0,,,,0
mostbetkz.eu.com,http://www.mostbetkz.eu.com/,200,,0,0,4,,,,2
mostbetkzgames.best,https://www.mostbetkzgames.best/?from=@,200,,0,0,4,,,,2
mostbetkzn.com,https://mostbetkzn.com/,200,OK,0,0,0,thin_page,,,0
mostbetkzn.kz,https://mostbetkznkz.kz/,200,MostBet KZ казино 【170000KZT БОНУС 】 ✔️ и букмекерская контора МостБет КЗ официальный сайт,5,0,0,,,,0
mostbetkznkz.kz,https://mostbetkznkz.kz/,200,MostBet KZ казино 【170000KZT БОНУС 】 ✔️ и букмекерская контора МостБет КЗ официальный сайт,5,0,0,,,,0
mostbetkzslots.best,https://mostbetkzslots.best/,200,,0,0,54,,,,25
mostbetlive.org,https://super-olympus-gates.com/,200,Gates Of Olympus Super Scatter Schweiz - Spielen | Start,0,11,0,,,,0
mostbetlogin-az.com,https://mostbetlogin-az.com/,200,Mostbet mərc xidməti şərtləri və istifadəçi təcrübəsi,79,16,1,,,s4a8d2f7g.top,5
mostbetlogin-bd.com,https://mostbetlogin-bd.com/,200,Index of /,1,9,0,,,,0
mostbetlogin.ru,https://mostbetlogin.ru/cgi-sys/suspendedpage.cgi,200,Account Suspended,2,0,0,thin_page,,,0
mostbetloginpakistan.com,https://mostbetloginpakistan.com/,200,Index of /,1,9,0,,,,0
mostbetluck.xyz,https://mostbetluck.xyz/,200,,0,0,54,,,,25
mostbetm.site,http://mostbetm.site/,200,A sthenic mini-skirt without spots is truly | Home Edition | North Journal,187,84,3,,,,2
mostbetmaroc.org,http://www.mostbetmaroc.org/,200,,0,0,4,,,,2
mostbetmarocco.com,http://mostbetmarocco.com/,200,Parking Page,0,0,3,,,,2
mostbetmasterplay.com,https://www.mostbetmasterplay.com/,200,,0,0,4,,,,2
mostbetmd.site,https://mostbetmd.site/,200,Egg Tycoon: Idle Chicken Inc,0,2,2,,,,1
mostbetme.site,http://mostbetme.site/,200,,0,0,8,,,,6
mostbetmedia.com,https://mostbetmedia.com/,200,Mostbet Media — экосистема для инфлюенсеров и digital-креаторов,43,1,0,,,,0
mostbetmexican.com,https://www.mostbetmexican.com/?from=@,200,,0,0,4,,,,2
mostbetmexico.com,https://www.mostbetmexico.com/,200,,0,0,4,,,,2
mostbetmexico.mx,https://mostbetmexico.mx/,200,Mostbet Mexico,6,0,1,,,,1
mostbetmobil.net,https://mostbetmobil.net/,200,Parked Domain name on Hostinger DNS system,0,0,6,,,,6
mostbetmost.com,http://mostbetmost.com:8181/,200,域名到期-域名续费提醒,0,0,30,,,,25
mostbetn.buzz,https://mostbetn.buzz/,200,Website is ready. The content is to be added,0,0,0,thin_page,,,0
mostbetoffic.top,http://mostbetoffic.top/,200,Parking Page,0,0,3,,,,2
mostbetofficial-poland.pl,https://mostbetofficial-poland.pl/,200,"Mostbet Casino PL – oficjalna strona internetowa, rejestracja, bonusy i katalog gier",33,2,0,,https://mostbetofficial-poland.pl/go/,,1
mostbetofficial.pt,https://mostbetofficial.pt/,200,Mostbet Site Oficial | 200% até €1.000 + 300 Giros Grátis,91,3,3,,,,2
mostbetoficial.co,https://mostbetoficial.co/,200,404 - Page Not Found,0,0,0,thin_page,,,0
mostbetonlaynkazino.in.net,http://www.mostbetonlaynkazino.in.net/,200,,0,0,4,,,,2
mostbetonline.art,https://mostbetonline.art/,200,Mostbet Casino ᐉ Registo e login para jogadores portugueses no Most Bet,39,4,0,,https://mostbetonline.art/play,,1
mostbetonline.best,http://mostbetonline.best/,200,Parking Page,0,0,3,,,,3
mostbetonline.br.com,https://mostbetonline.br.com/,200,Welcome to nginx!,0,0,2,,,,2
mostbetonline.buzz,http://mostbetonline.buzz/,200,Parking Page,0,0,3,,,,3
mostbetonline.cfd,http://mostbetonline.cfd/,200,Parking Page,0,0,3,,,,3
mostbetonline.click,http://mostbetonline.click/,200,Parking Page,0,0,3,,,,3
mostbetonline.co,https://mostbetonline.co/,200,404 - Page Not Found,0,0,0,thin_page,,,0
mostbetonline.games,https://mostbetonline.games/,200,Mostbet Bangladesh 2026: A Usability and Risk Audit for Local Players,45,9,1,,,,0
mostbetonline.xyz,http://mostbetonline.xyz/,200,Parking Page,0,0,3,,,,3
mostbetonlineco.com,https://mostbetonlineco.com/,200,"Mostbet Casino Colombia | Sitio oficial, bono y tragamonedas",42,15,1,,,bridgemakvor.com,3
mostbetonlinede.com,https://mostbetonlinede.com/,200,Mostbet Casino Deutschland | Bonus Freispiele App & Login,132,18,3,,,startgogologauscentral.xyz,6
mostbetonlinekz.ru,https://mostbetonlinekz.ru/,200,Mostbet KZ: Официальный сайт Мостбет Казино в Казахстане,44,2,0,,,pdlinkfortysix.xyz,1
mostbetorg.com,https://mostbetorg.com/,200,MostBet - Your Gateway to Thrilling Online Betting Adventures and Exciting Casino Games,56,20,0,,,,0
mostbetpartner.bet,https://mostbetpartner.bet/,200,Parked Domain name on Hostinger DNS system,0,0,6,,,,6
mostbetpartners.store,https://mostbetpartners.store/,200,,0,2,0,thin_page,,,0
mostbetph.com,https://mostbetph.com/,200,mostbet - Engage in captivating games and betting experiences with Mostbet's diverse platform offerings.,86,25,0,,,,5
mostbetpk.site,https://mostbetpk.site/,200,Melbet Casino - تجربة ألعاب على الإنترنت ممتازة,0,0,6,,,,2
mostbetpkguide.com,https://mostbetpkguide.com/,200,"Mostbet PK Guide: App, Login, Bonus And Review Guide",20,6,1,,,,4
mostbetpl.buzz,https://mostbetpl.buzz/,200,"Viagra in the USA – Trusted Information, Real Results & Safe Online Sources",0,65,21,,,,9
mostbetpl.net.pl,http://mostbetpl.net.pl/,200,Parked Domain name on Hostinger DNS system,0,0,6,,,,6
mostbetpl.top,https://mostbetpl.top/,200,"Viagra in the USA – Trusted Information, Real Results & Safe Online Sources",0,65,21,,,,9
mostbetplay.best,http://mostbetplay.best/,200,Parking Page,0,0,3,,,,3
mostbetplay.buzz,http://mostbetplay.buzz/,200,Parking Page,0,0,3,,,,3
mostbetplay.cfd,http://mostbetplay.cfd/,200,Parking Page,0,0,3,,,,3
mostbetplay.click,http://mostbetplay.click/,200,Parking Page,0,0,3,,,,3
mostbetplay.co,https://mostbetplay.co/,200,"Mostbet Colombia — Casino, Apuestas Deportivas y Bono (Guía 2026)",39,21,1,,,bridgemakvor.com,6
mostbetplay.info,https://www.mostbetplay.info/,200,,0,0,4,,,,2
mostbetplay.online,http://mostbetplay.online/,200,,0,0,8,,,,6
mostbetplayonlinecom.cfd,https://mostbetplayonlinecom.cfd/,200,Mostbet mərc platforması icmalı və istifadəçi təhlili,57,1,0,,,s4a8d2f7g.top,1
mostbetplaytr.com,https://mostbetplaytr.com/,200,"Mostbet Türkiye Resmi | Güncel Giriş, Bahis ve Casino",28,12,1,,,veyrelanthos.com,4
mostbetplwin.org,http://mostbetplwin.org/,200,,0,0,8,,,,6
mostbetpolska.com.pl,https://mostbetpolska.com.pl/,200,Mostbet Casino w Polsce 2025 - Najlepsze Legalne Mostbet kasyno,98,7,3,,,,3
mostbetpolska.it.com,https://mostbetpolska.it.com/,200,Index of /,0,6,0,,,,0
mostbetportugal-online.com,http://mostbetportugal-online.com/,200,Parking Page,0,0,3,,,,2
mostbetpromocode.ru,https://mostbetpromocode.ru/cgi-sys/suspendedpage.cgi,200,Account Suspended,2,0,0,thin_page,,,0
mostbetpt-games.com,http://mostbetpt-games.com/,200,Parking Page,0,0,3,,,,2
mostbetpt-online.eu.com,http://www.mostbetpt-online.eu.com/,200,,0,0,4,,,,2
mostbetpt.org,http://mostbetpt.org/,200,,0,0,8,,,,6
mostbetptcasino.com,https://mostbetptcasino.com/,200,mostbetptcasino.com,2,0,2,,,,2
mostbetq.icu,https://mostbetq.icu/,200,,0,0,45,,,,25
mostbetrating.com,https://www.amalusa.org/program,200,WAZESLOT 🔥 Link Login Slot Online 4D Tempat Main Slot dengan Winrate Tinggi Banget,0,1,12,,,,11
mostbetregistration.cz,https://mostbetregistration.cz/,200,Maximalizujte své zisky s Mostbet,75,15,1,,,s4a8d2f7g.top,2
mostbetregistration.ru,https://mostbetregistration.ru/cgi-sys/suspendedpage.cgi,200,Account Suspended,2,0,0,thin_page,,,0
mostbetrejestracja.ink,https://mostbetrejestracja.ink/,200,Big things will be here soon,0,0,0,thin_page,,,0
mostbetreview.com,https://www.mostbetreview.com/?from=@,200,,0,0,4,,,,2
mostbetrk.com,https://mostbetrk.com/,200,mostbetrk.com,9,0,11,,,,10
mostbetroyale.com,https://www.mostbetroyale.com/,200,,0,0,4,,,,2
mostbetru-50.com,https://mostbetru-50.com/,200,,0,0,8,,,,6
mostbetru.net,https://monument-rzn.ru/,200,"Анлим — Unlim Casino | Официальный сайт, зеркало и быстрая регистрация 2026",0,4,2,,,,1
mostbets-apk-uz.com,http://mostbets-apk-uz.com/,200,Parking Page,0,0,3,,,,2
mostbets-app.in.net,https://mostbets-app.in.net/,200,Mostbet Mobile App — Download APK for Android and Install on iOS,120,13,3,,,,2
mostbets-ar.net,https://mostbets-ar.net/,200,Mostbet AR 2026 🏆 Bono hasta 300.000 ARS y Apuestas en Vivo,162,12,3,,,,2
mostbets-arab.com,http://mostbets-arab.com/,200,Parking Page,0,0,3,,,,2
mostbets-arg.com,http://mostbets-arg.com/,200,Parking Page,0,0,3,,,,2
mostbets-az.org,http://mostbets-az.org/,200,,0,0,8,,,,6
mostbets-az1.info,https://www.mostbets-az1.info/?from=@,200,,0,0,4,,,,2
mostbets-bets.com,http://mostbets-bets.com/,200,Parking Page,0,0,3,,,,2
mostbets-cesky.ink,https://mostbets-cesky.ink/,200,,0,1,0,thin_page,,,1
mostbets-cz.net,https://mostbets-cz.net/,200,"Mostbet CZ – kasino, přihlášení a oficiální stránky",95,5,0,,,cz.stat-umlead.com,1
mostbets-cz.org,http://mostbets-cz.org/,200,Parking Page,0,0,3,,,,2
mostbets-czech.com,http://mostbets-czech.com/,200,NameBright - Coming Soon,1,0,1,thin_page,,,1
mostbets-czech.cz,https://mostbets-czech.cz/,200,Mostbet Casino ✅ Oficiální webová stránka kasina MostBet CZ,147,9,1,,,serffigylqrdkh.help,1
mostbets-ecuador.com,http://www.mostbets-ecuador.com,200,,1,2,1,thin_page,,,1
mostbets-ecuador.ec,http://www.mostbets-ecuador.ec,200,,1,2,1,thin_page,,,1
mostbets-egp.com,https://mostbets-egp.com/,200,"Mostbet مصر – بونص ضخم يصل إلى 22,000 جنيه عند الانضمام",126,4,3,,,,2
mostbets-egypt-eg.com,http://mostbets-egypt-eg.com/,200,Parking Page,0,0,3,,,,2
mostbets-fabulous-site.webflow.io,https://mostbets-fabulous-site.webflow.io/,200,Business - Webflow HTML website template,16,6,1,,,,1
mostbets-games.com,http://mostbets-games.com/,200,Parking Page,0,0,3,,,,2
mostbets-hu.org,https://mostbets-hu.org/,200,Mostbet Hungary 2026 - Mostbet Bejelentkezés és Online Fogadások,107,6,0,,,hu.stat-umlead.com,4
mostbets-hun.com,https://mostbets-hun.com/,200,MostBet ✔️ regisztráció és bejelentkezés a hivatalos oldalon,90,10,2,,,serffigdmlzkrl.help,2
mostbets-in.net,http://mostbets-in.net/,200,Parking Page,0,0,3,,,,2
mostbets-india-login.com,https://mostbets-india-login.com/,200,"Mostbet India 2026 ⭐️ Official Site | Login & Bonus ₹45,000",122,12,3,,,,2
mostbets-india.net,https://mostbets-india.net/,200,"Mostbet India 2026: Official Site | Login & ₹45,000 Bonus",124,12,3,,,,2
mostbets-kasynopl.click,https://mostbets-kasynopl.click/,200,Welcome to nginx!,0,0,2,,,,2
mostbets-kasynopl.ink,https://mostbets-kasynopl.ink/,200,Welcome to nginx!,0,0,2,,,,2
mostbets-kasynopl.life,https://mostbets-kasynopl.life/,200,Welcome to nginx!,0,0,2,,,,2
mostbets-kasynopl.live,https://mostbets-kasynopl.live/,200,Welcome to nginx!,0,0,2,,,,2
mostbets-kaz.com,http://mostbets-kaz.com/,200,Parking Page,0,0,3,,,,2
mostbets-kz.org,http://mostbets-kz.org/,200,Parking Page,0,0,3,,,,2
mostbets-live.com,http://mostbets-live.com/,200,Parking Page,0,0,3,,,,2
mostbets-lk.com,http://mostbets-lk.com/,200,Parking Page,0,0,3,,,,2
mostbets-nl.com,http://mostbets-nl.com/,200,Parking Page,0,0,3,,,,2
mostbets-online.com,http://mostbets-online.com/,200,Parking Page,0,0,3,,,,2
mostbets-online.cz,https://mostbets-online.cz/,200,Mostbet CZ 2026 – oficiální stránky a přihlášení,79,5,0,,,cz.stat-umlead.com,2
mostbets-online.org,https://mostbets-online.org/,200,Mostbet Česká republika 2026 – přihlášení a oficiální stránky,61,5,1,,,cz.stat-umlead.com,2
mostbets-poland.com.pl,https://mostbets-poland.com.pl/,200,Mostbet Casino Polska 2025 - Casino Most bet logowanie,91,10,4,,,,3
mostbets-polska.com.pl,https://mostbets-polska.com.pl/,200,Mostbet Casino – szybka rejestracja i bezpieczne logowanie online,102,10,4,,,,3
mostbets-sa.com,http://mostbets-sa.com/,200,Parking Page,0,0,3,,,,2
mostbets-site.com,http://mostbets-site.com/,200,Parking Page,0,0,3,,,,2
mostbets-tr-new3.com,https://mostbets-tr-new3.com/,200,Welcome to nginx!,0,0,2,,,,2
mostbets-uz.com,https://brandburo.uz/,200,Site Not Found,0,0,0,thin_page,,,0
mostbets-uz.org,http://mostbets-uz.org/,200,Parking Page,0,0,3,,,,2
mostbets-uzb.org,http://mostbets-uzb.org/,200,Parking Page,0,0,3,,,,2
mostbets.biz,https://www.mostbets.biz/?from=@,200,,0,0,4,,,,2
mostbets.com.in,http://mostbets.com.in/,200,Parking Page,0,0,8,,,,7
mostbets.ec,http://www.mostbets.ec,200,,1,2,1,thin_page,,,1
mostbets.games,https://mostbets.games/,200,"Mostbet onlayn kazino: slotlar, canlı kazino və bonuslar",27,2,4,,,traffick-jumps.com,3
mostbets.info,http://www.mostbets.info,200,,1,2,1,thin_page,,,1
mostbets.online,https://mostbets.online/,200,"1win Casino ⭐ 500% + 300 ФС бонус для новых игроков, официальный вход",0,0,4,,,,1
mostbets.poker,https://mostbets.poker/,200,Mostbet onlayn kazino — oyunlar və bonuslar,32,2,4,,,traffick-jumps.com,3
mostbets.pt,https://mostbets.pt/,200,Mostbet Casino Portugal 2026,4,1,0,,https://mostbets.pt/go/,,1
mostbets.tech,https://mostbet-site.org/az/,200,"Mostbet AZ – qeydiyyat, giriş, bonuslar, tətbiqi yüklə & Aviator",73,1,5,,,,1
mostbets.vip,https://mostbets.vip/,200,mostbets.vip,2,1,1,,,,1
mostbets.world,https://mostbets.world/,200,,4,0,54,,,,25
mostbets15.site,https://mostbets15.site/,200,mostbets15.site,9,0,11,,,,10
mostbetsignup.casino,https://mostbetsignup.casino/,200,125% Bonus + 250 Free Spins - Mostbet Code 2026,113,32,5,,,,15
mostbetsind.com,http://mostbetsind.com/,200,Parking Page,0,0,3,,,,2
mostbetsindi.com,http://mostbetsindi.com/,200,Parking Page,0,0,3,,,,2
mostbetskz.com,https://olimpbetcasino.com/,200,"Олимп Казино: регистрация, игровой каталог и вывод средств для игроков из КЗ",0,10,5,,,thecasinoplayed.com,8
mostbetslot.best,http://mostbetslot.best/,200,Parking Page,0,0,3,,,,3
mostbetslot.buzz,http://mostbetslot.buzz/,200,Parking Page,0,0,3,,,,3
mostbetslot.cfd,http://mostbetslot.cfd/,200,Parking Page,0,0,3,,,,3
mostbetslot.site,http://mostbetslot.site/,200,Parking Page,0,0,3,,,,3
mostbetslots.best,http://mostbetslots.best/,200,Parking Page,0,0,3,,,,3
mostbetslots.buzz,http://mostbetslots.buzz/,200,Parking Page,0,0,3,,,,3
mostbetslots.cfd,http://mostbetslots.cfd/,200,Parking Page,0,0,3,,,,3
mostbetslots.fun,http://mostbetslots.fun/,200,Parking Page,0,0,3,,,,3
mostbetslots.site,http://mostbetslots.site/,200,Parking Page,0,0,3,,,,3
mostbetslots.top,https://myjr.my/,200,ON68 MYJR 🎖️ Cổng Game Cá Cược Uy Tín #1 Việt Nam 2026,0,39,27,,,,17
mostbetslots.xyz,http://mostbetslots.xyz/,200,Parking Page,0,0,3,,,,3
mostbetslotsnet.click,https://mostbetslotsnet.click/,200,Mostbet mərc və kazino xidmətləri üzrə icmal bələdçisi,40,1,0,,,s4a8d2f7g.top,1
mostbetslovakia.com,https://www.mostbetslovakia.com/,200,,0,0,4,,,,2
mostbetslovenske.com,https://mostbetslovenske.com/,200,Mostbet – Veľký uvítací bonus a bezpečné výplaty,160,9,1,,,vrsroute.com,3
mostbetslovensko.com,https://mostbetslovensko.com/,200,Parked Domain name on Hostinger DNS system,0,0,6,,,,6
mostbetso.site,https://mostbetso.site/,200,,0,0,8,,,,6
mostbetspins.com,http://mostbetspins.com/,200,,0,0,8,,,,6
mostbetsports-in.com,http://mostbetsports-in.com/,200,Parking Page,0,0,3,,,,2
mostbetspt.com,http://mostbetspt.com/,200,Parking Page,0,0,3,,,,2
mostbetstroy.ru,https://mostbetstroy.ru/index.html,200,Benvenuti all'inferno,0,0,0,,,,0
mostbetstudio.click,https://mostbetstudio.click/,200,,6,0,64,,,,25
mostbett-az.com,https://www.mostbett-az.com/?from=@,200,,0,0,4,,,,2
mostbett-br.com,https://www.mostbett-br.com/,200,,0,0,4,,,,2
mostbett-in.com,http://mostbett-in.com/,200,Parking Page,0,0,3,,,,2
mostbett-in.site,http://mostbett-in.site/,200,Parking Page,0,0,3,,,,2
mostbett-kasynopl.click,https://mostbett-kasynopl.click/,200,Welcome to nginx!,0,0,2,,,,2
mostbett-kasynopl.ink,https://mostbett-kasynopl.ink/,200,Welcome to nginx!,0,0,2,,,,2
mostbett-kasynopl.life,https://mostbett-kasynopl.life/,200,Welcome to nginx!,0,0,2,,,,2
mostbett-kasynopl.live,https://mostbett-kasynopl.live/,200,Welcome to nginx!,0,0,2,,,,2
mostbett-maroc.com,http://mostbett-maroc.com/,200,Parking Page,0,0,3,,,,2
mostbett-np.com,http://mostbett-np.com/,200,Parking Page,0,0,3,,,,2
mostbett-pl.com,https://www.mostbett-pl.com/,200,,0,0,4,,,,2
mostbett.app,https://www.mostbett.app/,200,,0,0,4,,,,2
mostbett.br.com,https://mostbett.br.com/,200,Mostbet | Um Cassino Que Traz Sucesso,136,10,7,,,,1
mostbett.ci,http://www.mostbett.ci,200,,1,2,1,thin_page,,,1
mostbett.com,https://mostbett.com/,200,mostbett.com for sale | Spaceship.com,17,1,5,,,,3
mostbett.fun,https://mostbett.fun/,200,Mostbest — Online Casino & Sports Betting | €500 Welcome Bonus + 250 FS,0,2,0,,,,0
mostbett.life,https://mostbett.life/,200,Mostbest — Online Casino & Sports Betting | €500 Welcome Bonus + 250 FS,0,2,0,,,,0
mostbett.us,https://mostbett.us/,200,,0,0,0,thin_page,,,0
mostbettbgd.com,http://mostbettbgd.com/,200,Parking Page,0,0,3,,,,2
mostbette.com,https://mostbette.com/,200,PK080 : PK080 پر کلاسیکی کیسینو کھیلوں کو الگ الگ جانیں اور کھیل شروع کرنے سے پہلے اہم شرائط سمجھیں,5,25,1,,,,0
mostbettech.com,https://mostbettech.com/,200,U638 - U638 کے تاش اور علاقائی میز کھیلوں کا تعارف پڑھیں تاکہ ہر نئے کھیل کی رفتار اور طریقہ واضح ہو,5,25,1,,,,0
mostbetteklif.com,https://pui68cenil.com/?content=register,200,PUI68 ~ Akses Masuk Game Online Super 2026,0,20,14,,,,13
mostbetting-in.com,http://mostbetting-in.com/,200,Parking Page,0,0,3,,,,2
mostbetting.casino,https://mostbetting.casino/,200,"Mostbet onlayn kazino, slotlar va jonli kazino",38,3,4,,,traffick-jumps.com,3
mostbetting.games,https://mostbetting.games/,200,"Mostbet onlayn kazino | rasmiy sayt, oʻyinlar va bonuslar",46,3,4,,,traffick-jumps.com,3
mostbetting.ltd,https://mostbetting.ltd/,200,Mostbet onlayn kazino — oʻyinlar va bonuslar,45,3,4,,,traffick-jumps.com,3
mostbettn1.com,https://mostbettn1.com/,200,Checking your browser...,0,0,0,,,,0
mostbettop.com,https://mostbettop.com/,200,Сайт заблокирован хостинг-провайдером,0,0,6,,,,5
mostbettor.com,https://mostbettor.com/,200,Mostbet onlayn kazino — slotlar va jonli kazino,37,3,4,,,traffick-jumps.com,3
mostbettor.games,https://mostbettor.games/,200,"Mostbet онлайн-казино: игры, бонусы и платежи",32,2,4,,,traffick-jumps.com,3
mostbettr.blog,https://mostbettr.blog/,200,"Viagra in the USA – Trusted Information, Real Results & Safe Online Sources",0,65,21,,,,9
mostbettr.icu,https://mostbettr.icu/,200,"Viagra in the USA – Trusted Information, Real Results & Safe Online Sources",0,65,21,,,,9
mostbettracker.top,http://mostbettracker.top/,200,Parking Page,0,0,8,,,,7
mostbettrcasino.in.net,http://mostbettrcasino.in.net/,200,Registrant WHOIS contact information verification | Namecheap.com,0,0,9,,,,5
mostbettrcasino.online,http://mostbettrcasino.online/,200,,0,0,8,,,,6
mostbetts-az.com,http://mostbetts-az.com/,200,Parking Page,0,0,3,,,,2
mostbetts.site,http://mostbetts.site/,200,Gum without also being | Home Edition | North Journal,187,84,2,,,,1
mostbettt.com,http://mostbettt.com/,200,Parking Page,0,0,3,,,,2
mostbetttr.com,https://www.mostbetttr.com/?from=@,200,,0,0,4,,,,2
mostbettur.top,https://poker-v.me/,200,UU88 - UU88.COM | Trang Chủ UU88.COM Chính Thức 2026,0,37,10,,,,5
mostbetua.net,http://mostbetua.net/,200,Parking Page,0,0,3,,,,2
mostbetuk.com,http://mostbetuk.com/,200,Parking Page,0,0,3,,,,2
mostbetur.com,http://mostbetur.com/,200,Parking Page,0,0,3,,,,2
mostbetuz-mostbet-uzbekistan.com,https://mostbetuz-mostbet-uzbekistan.com/,200,mostbetuz-mostbet-uzbekistan.com,2,0,0,thin_page,,,0
mostbetuz-officaial.com,http://mostbetuz-officaial.com/,200,Parking Page,0,0,3,,,,3
mostbetuz.biz,http://mostbetuz.biz/,200,Future home of mostbetuz.biz,16,0,17,,,,14
mostbetuz.casino,https://www.mostbetuz.casino/,200,,0,0,4,,,,2
mostbetuz.info,https://www.sootechestvenniki.uz/,200,Coming Soon,0,0,0,thin_page,,,0
mostbetuz.vip,https://mostbetuz.vip/,200,Mostbetuz — 2025 Yil uchun yangi kirish havolasi.,264,19,2,,https://mostbetuz.vip/recommends/reg/,,1
mostbetuz2.com,https://www.mostbetuz2.com/,200,,0,0,4,,,,2
mostbetuzbeks.com,http://mostbetuzbeks.com/,200,Parking Page,0,0,3,,,,2
mostbetuzbks.buzz,https://mostbetuzbks.buzz/,200,Mostbet Uz,10,1,0,,,,0
mostbetuzz.world,https://mostbetuzz.world/,200,,0,0,47,,,,25
mostbetv.com,http://mostbetv.com/,200,NameBright - Domain Expired,1,0,2,,,,2
mostbetvip-cz.top,http://mostbetvip-cz.top/,200,Success!,0,0,0,thin_page,,,0
mostbetvipaz.buzz,https://mostbetvipaz.buzz/,200,"Viagra in the USA – Trusted Information, Real Results & Safe Online Sources",0,65,21,,,,9
mostbetviptr.com,https://mostbetviptr.com/,200,Mostbet Türkiye Güncel Giriş Rehberi | Mostbet,34,12,1,,,puxendorala.com,4
mostbetwealth.icu,https://mostbetwealth.icu/,200,,0,0,54,,,,25
mostbetwin-in.com,http://mostbetwin-in.com/,200,Parking Page,0,0,3,,,,2
mostbetwin.click,https://mostbetwin.click/,200,,0,0,54,,,,25
mostbetwin.site,http://mostbetwin.site/,200,,0,0,8,,,,6
mostbetwins.com,https://www.mostbetwins.com/,200,,0,0,4,,,,2
mostbetwinturkey.com,https://mostbetwinturkey.com/,200,"Mostbet Türkiye — Güncel Giriş Adresi, Bonuslar ve Oyunlar (2026)",27,12,1,,,forwyxelith.com,4
mostbetxl.com,https://www.mostbetxl.com/,200,MostBet XL — Bet Smarter. Win Bigger. Play Bold.,20,24,1,,,,0
mostbetxofficial.world,http://mostbetxofficial.world/,200,,0,0,8,,,,6
mostbetxtr.com,https://www.mostbetxtr.com/?from=@,200,,0,0,4,,,,2
mostbety.site,https://drakemerch.store/,200,Site is created successfully!,0,0,0,,,,0
mostbety13.top,https://mostbety13.top/,200,Coming Soon,0,0,0,thin_page,,,0
mostbetyukle-az.com,http://mostbetyukle-az.com/,200,,0,0,8,,,,6
mostbetz-czech.cz,https://mostbetz-czech.cz/,200,MostBet Casino CZ - Oficiální přihlášení a exkluzivní bonusy,94,10,1,,,serffigylqrdkh.help,1
mostbetz-uz.com,https://brandburo.uz/,200,Site Not Found,0,0,0,thin_page,,,0
mostbetz-uzb.buzz,https://mostbetz-uzb.buzz/,200,Mostbet Uzbekistan yangi joriy kirish manzili 2025 yilda,29,1,0,,,,0
mostbetzenjec.com,https://mostbetzenjec.com/,200,HTTP Server Test Page powered by CentOS-WebPanel.com,0,0,2,,,,2
mostbetzerkaloru.ru,http://mostbetzerkaloru.ru/,200,Success!,0,0,0,thin_page,,,0
mostbt.in,https://mostbt.in/,200,Mostbet India Official Site - Online Sports Betting & Casino,184,12,3,,,,2
mostcot.com,https://mostcot.com/,200,,0,0,0,thin_page,,,0
mostgamesbet.best,https://mostgamesbet.best/,200,,0,0,56,,,,25
mostloyaltibetanmastiffs.com,https://mostloyaltibetanmastiffs.com/,200,"Most Loyal Tibetan Mastiffs – Offering PUREBRED, HIGH QUALITY 'Luxury' Canines",0,16,2,,,,4
mostlybetterdays.info,http://mostlybetterdays.info/,200,,0,1,12,,,,13
mostlybetterdays.org,http://mostlybetterdays.org/,200,,0,1,12,,,,13
mostlybetterdays.store,http://mostlybetterdays.store/,200,,0,1,12,,,,13
mostlyrwong.com,https://mostlyrwong.com/,200,mostly rwong — small software from Singapore,0,0,2,,,,2
mostmiraproject.org,https://www.mostmiraproject.org/,200,Mostbet Azərbaycan 🎖️ 2026 Bonusları və Ən Yaxşı Mərc Seçimləri,10,1,0,,,,0
mostpartnerstr.com,https://mostpartnerstr.com/,200,MostBet Partners,15,0,3,,,,1
mostplay-bd.bet,http://mostplay-bd.bet/,200,Parking Page,0,0,8,,,,7
mostplaybd-bet.com,https://mostplaybd-bet.com/,200,Mostplay Bangladesh APK: Your Gateway to Premium Betting Entertainment,0,10,8,,,mostbet-casino-now.com,9
mostplaybd.bet,https://mostplaybd.bet/,200,Mostplaybd – বাংলাদেশের সেরা অনলাইন বেটিং ও ক্যাসিনো প্ল্যাটফর্ম,0,23,1,,,,2
mostplaybet.app,https://mostplaybet.app/,200,Mostplay Bet – বাংলাদেশের সেরা অনলাইন বেটিং প্ল্যাটফর্ম,0,23,1,,,,2
mostplaybet.fun,https://mostplaybet.fun/,200,Mostplay Bet – বাংলাদেশের সেরা অনলাইন বেটিং প্ল্যাটফর্ম,0,17,0,,,,3
mostplaybet.id,https://mostplaybet.id/,200,Mostplay Bet – বাংলাদেশের সেরা অনলাইন বেটিং প্ল্যাটফর্ম,0,23,1,,,,2
mostplaybet.info,https://mostplaybet.info/,200,mostplay-mostplay - Best Online Gaming & Betting Platform,0,48,1,,,,2
mostplaybetgamlol.site,http://mostplaybetgamlol.site/,200,,0,0,8,,,,6
mostplinkobet.shop,http://mostplinkobet.shop/,200,,0,0,8,,,,6
mosttbet.casino,http://mosttbet.casino/,200,Что за интернет — блог о сетях и технологиях,0,1,0,,,,0
mostuzbet.world,https://play.google.com/store/apps/details?id=com.stucci.sudoku&hl=ru,200,Приложения в Google Play – SUDOKU Garden,0,26,65,,,,25
mostwinplay.world,https://mostwinplay.world/,200,,0,0,43,,,,25
mostyourbet.com,https://mostyourbet.com/,200,Home 1 - Most Your Bet,0,54,4,,,,5
motimahal.co.uk,https://motimahal.co.uk/,200,Best Betting Sites: Top New Online Bookmakers in the UK,0,22,23,,,,22
motorcity.pl,https://motorcity.pl/,200,Aftermarket.eu :: domain motorcity.pl,0,0,13,,,,13
motorevere.com,http://motorevere.com/,200,,0,0,8,,,,6
mountaintownantiques.com,https://mountaintownantiques.com/,200,Mostbet Azərbaycan 🎖️ 2026 Bonusları və Ən Yaxşı Mərc Seçimləri,10,1,0,,,,0
moveisvasco.pt,https://moveisvasco.pt/,200,Stake Brasil 2026 – Plataforma de Apostas e Cassino Online,6,12,3,,,,2
movenscforward.com,https://movenscforward.com/,200,Best Crypto Casino UK 2026: Top 10 Bitcoin Sites Ranked,0,33,10,,,clickfrbt-5.com,25
movieinfo.info,http://movieinfo.info/,200,Parking Page,0,0,3,,,,2
mozilla.org,https://www.mozilla.org/en-US/,200,"Mozilla - Internet for people, not profit (US)",0,31,49,,,,25
mr-bet-app.cc,https://mr-bet-app.cc/,200,Mr Bet - Most Trusted Mr Bet Official Online Game,0,16,0,,,redirect.kss22.com,4
mr-fortunee-nz.com,https://mr-fortunee-nz.com/,200,Mr Fortune Casino NEW ZEALAND 🔥 Welcome Bonus 【$2000 + 200 Free Spins】 Official Online Casino NZ 2026,0,19,1,,,og-le-uv.buzz,6
mrempreend.com.br,https://mrempreend.com.br/,200,,0,16,158,,,,25
mrqwt.com,https://mrqwt.com/,200,MrQ – Top Free Earning Games APK for Low End Mobile Pakistan 2026,0,37,5,,,,2
ms-kb.cz,https://ms-kb.cz/,200,,0,0,0,thin_page,,,0
msbetbd.com,http://msbetbd.com/,200,Срок регистрации домена msbetbd.com истёк,0,0,21,,,,18
mst-chikkorben.com,https://mst-chikkorben.com/,200,MostApp - Your Handyman in a Pocket,0,0,7,,,,2
mstbt-amp-forab.ru,https://mstbt-amp-forab.ru/,200,Официальный сайт Mostbet: Мобильная версия и бонусы,8,1,0,,,dashplay37.com,1
mstbt-amp-sibir.ru,https://mstbt-amp-sibir.ru/,200,Mostbet — Официальный сайт Мостбет для игроков из РФ,12,1,0,,,dashplay37.com,1
mstbt-amp-vesta.ru,https://mstbt-amp-vesta.ru/,200,Мостбет Официальный сайт Mostbet — Твой путь к победе!,15,1,0,,,dashplay37.com,1
msys.by,http://msys.by/,200,,0,1,0,thin_page,,,1
mtdtanacsado.hu,https://mtdtanacsado.hu/,200,,0,0,0,thin_page,,,0
mtf-apk.com,https://mtf-apk.com/,200,Download app Mostbet,2,0,0,thin_page,,,0
mtf-apk2.com,https://mtf-apk2.com/,200,Download app Mostbet,2,0,0,thin_page,,,0
mudoobjetos.com.ar,https://mudoobjetos.com.ar/,200,Casino Kun Aguero Oficial en Argentina ⭐,0,33,10,,,keitaro-zalupa.com,25
mujerversatil.com,https://www.mujerversatil.com/,200,,0,71,4,,,,4
multihot5.help,https://multihot5.help/,200,Multi Hot 5,11,1,4,,,,2
mumubull.vip,https://www.mumubull.vip/,200,,0,0,4,,,,2
museumantiquities.tj,https://museumantiquities.tj/,200,"Mostbet: воридшавӣ, слотҳо ва ҷекпотҳо! Мост Бет бонус инҷост!",207,27,1,,https://museumantiquities.tj/play,,1
musickent.com,https://musickent.com/,200,"Review of the Best Online Casinos: 1xBet, 1win, Betwinner, Melbet, Glory Casino",0,20,4,,,,4
musicwall.com.ua,https://musicwall.com.ua/,200,Stawki Bet промокод на фриспины — актуальные коды для польских игроков,0,4,4,,,,3
mxmelbet.mx,https://mxmelbet.mx/,200,Melbet Apuestas Deportivas en Línea México,0,11,2,,,refpa3665.com,4
mybook4u.com,https://mybook4u.com/,200,Success!,0,0,0,thin_page,,,0
mycapitoltaxes.com,https://mycapitoltaxes.com/,200,My Capitol Taxes – Tax Preparation Services in Miami,0,21,7,,,,7
mycell-bd.com,https://mycell-bd.com/,200,Mostbet Casino Official website in Bangladesh,9,11,3,,,,2
mycomfypad.com,https://mycomfypad.com/,200,Mostbet AZ rəsmi sayta giriş - onlayn kazino və idman mərcləri Mostbet Azerbaycan,82,1,4,,,,4
myluckyrealm.com,https://myluckyrealm.com/,200,Best Online Casino India 2026 | भारत गाइड,0,24,4,,,,2
mymatcha.in,https://www.mymatcha.in/,200,"Mostbet Pakistan 2026 Review | Login, Apps & 125% Bonus Guide",55,13,3,,,,2
myprofit365.org,https://myprofit365.org/,200,MyProfit365 - Best Cricket Betting ID | IPL 2026 | 1 Min Withdrawal,0,7,49,,,,25
myrmecos.net,https://myrmecos.net/,200,Mostbet,76,8,2,,,b2su3d2i.top,2
mysaginawhealth.org,https://mysaginawhealth.org/,200,My Saginaw Health,0,2,0,,,,0
mysepik.com,https://mysepik.com/,200,Mostbet | Casino & Sports - Real-Time Gaming Thrills,175,22,10,,,,3
mysipcalculator.co.in,https://mysipcalculator.co.in/,200,Mostbet IN⭐️Official Website in India⭐️₹45000 | Login⭐️,128,4,3,,,,2
mytriphoto.com,https://mytriphoto.com/,200,1xbet korea login 2026년 공식 사이트 접속 주소를 확인하고 지금 바로 시작하세요,0,8,8,,,mangeasy.com,8
n1bet-bet.com,https://n1bet-bet.com/,200,N1 Bet 🎰 Play 4500+ Games & Claim AU Bonuses Now,0,17,11,,,,3
n1betve.com,https://n1betve.com/,200,N1 Bet – Best Android Earning Games App in Pakistan 2026,0,37,5,,,,2
nagpurtoday.in,https://www.nagpurtoday.in/,200,"Nagpur Today - Latest Nagpur News, Vidarbha News, Breaking News & Live Updates",0,55,14,,,,4
nagybalatonkonyv.hu,https://nagybalatonkonyv.hu/,200,Mostbet Casino HU — Hivatalos Oldal & Regisztráció 2026,160,23,1,,https://nagybalatonkonyv.hu/go/play,,3
nam100xx.com,https://nam100xx.com/,200,恭喜，站点创建成功！,0,0,0,thin_page,,,0
namibiacom.com,https://www.namibiacom.com/,200,QH88 ⭐ Link Vào QH88 Mới Nhất 2026 | Trang Chủ Chính Thức,0,32,16,,,,5
nandigramlive.com,https://nandigramlive.com/,200,নন্দীগ্রাম লাইভ - সঠিক খবর সবার আগে,0,66,13,,,,15
napelem-online.hu,https://napelem-online.hu/,200,Legjobb sportfogadás online Magyarországon 2026 – Végső Útmutató | Napelem Online,2,26,1,,,partners-official.com,9
napirejtveny.hu,https://dsfl.hu/,200,dsfl.hu - Diannás Sufnituninggal Felturbózott Lapok,0,34,3,,,,2
naqus.net,https://naqus.net/,200,الرئيسية - Naqada & Kous,0,42,8,,,,4
naripadseva.org,https://naripadseva.org/,200,"Nari Pad Seva | Empowering Women, Serving Society",0,0,0,,,,0
naryn.kz,https://olimp-casino-kg.com/,200,Olimp casino - Бонус 40 000 KGS и 250 FS Олимп Казино,0,28,3,,,,10
naseseprivatehospital.com,https://naseseprivatehospital.com/,200,Nasese Private Hospital – Nasese Private Hospital,0,14,6,,,,2
nationalgeographic.com,https://www.nationalgeographic.com/,200,National Geographic,0,205,804,,,,25
naturalfoodzone.com,https://naturalfoodzone.com/,200,Natural Food Zone,0,17,2,,,,4
naturmedisineren.com,https://naturmedisineren.com/,200,Mostbet Bangladesh – Top Destination for Casino & Sports Bets,77,4,3,,,,2
naukaricareer.com,https://laventanavirtual.com/,200,INDOWD: Link Virtual Situs Toto Slot Gacor Hari Ini & Toto 4D Togel Online,0,37,5,,,,5
nauticalmileyc.org,https://nauticalmileyc.org/,200,Mostbet Mobile App | Casino Games & Sports Betting in BDT,59,4,3,,,,2
navoorbico.pl,https://navoorbico.pl/,200,"Energy Casino i Kasyno Energy – bonus powitalny, logowanie, FS",0,3,2,,,mio.novarao.com,1
nb41.com.br,https://www.nb41.com.br/,200,"NB41 Marketing Digital SEO, GEO, Otimização para ChatGPT e IA",0,19,10,,,,1
nbajjelogin.com,https://nbajjelogin.com/,200,NBAJJELOGIN - PLATAFORMA OFICIAL - 💝 - NBAJJELOGIN.COM,0,39,1,,,,1
nbalivestreams.net,https://nbalivestreams.net/,200,Free Online NBA Live Streams - NBA Live Streams,2,12,5,,,,5
nbazhibmfgkanzhibzaixwchaj.com.cn,https://nbazhibmfgkanzhibzaixwchaj.com.cn/,200,NBA直播免费观看_NBA在线直播无插件_NBA比赛高清直播平台,0,0,0,,,,0
nbcnews.com,https://www.nbcnews.com,200,"NBC News - Breaking Headlines and Video Reports on World, U.S. and Local Angles | NBC News",0,403,517,,,,25
nbcsports.com,https://www.nbcsports.com/,200,"NBC Sports - news, scores, stats, rumors, videos, and more",0,217,50,,,,25
ncaa.com,https://www.ncaa.com/,200,NCAA.com – The Official Website of NCAA Championships | NCAA.com,0,107,46,,,,25
neca.hu,https://www.neca.hu/,200,Nemzeti Cukorbeteg Alapítvány,0,29,16,,,,16
neealaakso.com,https://www.neealaakso.com/,200,W88 ⭐ Link Vào W88 Mới Nhất 2026 | Trang Chủ Chính Thức,0,44,16,,,,8
negaraqq.app,https://negaraqq.app/,200,negaraqq - Online Casino with DANA OVO for Indonesia,0,24,2,,,,4
nemesrally.hu,https://nemesrally.hu/,200,Mostbet Bónusz 2026: Legjobb Ajánlatok Magyar Játékosoknak,143,23,1,,https://nemesrally.hu/go/play,,3
neogeoworldtour.com,https://neogeoworldtour.com/,200,"MostBet Casino 2026: Bonusy, Automaty a Výplaty pro ČR hráče",50,1,0,,,,0
neospin-casino1-au.com,https://neospin-casino1-au.com/,200,Neospin Casino OFFICIAL 🔥 Best Online Casino Australia 2026 【$1500 Welcome Bonus + 150 Free Spins】,0,17,2,,,og-le-uv.buzz,6
netcraft.com,https://www.netcraft.com/,200,Next-Gen Digital Risk Protection | AI-powered Cybercrime Defense by Netcraft,0,65,17,,,,2
netpoulsafe.eu,https://www.netpoulsafe.eu/,200,MostBet Portugal — Casino Online e Apostas com Bónus,4,3,0,,,ujhnh8zb.top,1
neuro-converse.org,https://neuroconverse.org/index.php/journal,200,NeuroConverse,0,31,5,,,,8
new-wave-pattaya.com,http://new-wave-pattaya.com/,200,NameBright - Domain Expired,0,0,2,,,,2
newbossbdt.com,https://newbossbdt.com/,200,NewBoss BDT | Bangladesh Trusted iGaming & Marketing Agency -,0,7,4,,,,3
newegg.com,https://www.newegg.com/,200,"PC Parts, Computers, Workstations & AI PCs | Newegg",0,156,31,,,,20
newleansigmaforce.com,https://newleansigmaforce.com/,200,Home - Lean Sigma Force,0,58,5,,,,4
newlepnina.ru,https://newlepnina.ru/,200,"Мостбет зеркало и Мостбет Casino — рабочее зеркало, 100% бонус, FS",54,2,0,,,dashplay37.com,1
newrecipesforlife.com,https://newrecipesforlife.com/,200,Home Food - newrecipesforlife.com,0,49,4,,,,2
news-betting-mostbet.ru.com,https://orasia.co/,200,33WIN Oras - 33WIN.COM Trang Chủ Truy Cập Online Số 1 T9/2026,0,59,103,,,,25
news-parfums.com,https://www.news-parfums.com/en/,200,"News Parfums, Online Perfume Shop in France since 2006",0,296,6,,,,13
newsavia.com,https://newsavia.com/,200,Home - NewsAvia,0,220,12,,,,7
newscentermaine.com,https://www.newscentermaine.com/,200,"Maine's Leading Local News: Weather, Traffic, Sports and more | Maine | newscentermaine.com",0,98,22,,,,13
newsforb2b.com,https://www.newsforb2b.com/,200,Mostbet UZ — rasmiy sayt va online casino imkoniyatlari,152,25,2,,,8ewbp4jwxz.top,1
newtontechnologie.in,https://www.newtontechnologie.in/,200,Melbet India 2026: Registration & Bonuses,0,1,4,,,,1
newznav.co.uk,https://newznav.co.uk/,200,News Navigation -,2,36,5,,https://newznav.co.uk/link-factory-verification/ https://newznav.co.uk/category/casino/,,6
next.io,https://next.io/,200,NEXT.io - The World's iGaming Community,0,128,55,,,,25
nextcomp.ai,https://nextcomp.ai/,200,Home — nextComp,0,141,0,,,,0
nicktone.com,https://nicktone.com/,200,"Mostbet体育,Mostbet体育休闲游戏",13,3,60,,,,25
niedajsobiewcisnacreferendum.pl,https://niedajsobiewcisnacreferendum.pl/,200,Nie daj sobie wcisnąć referendum | 15 X,0,2,77,,,,25
nigerianports.org,https://nigerianports.org/,200,"Mostbet ᐉ Mostbet AZ giriş, rəsmi yükləmə və bonuslar",137,18,2,,,qogpnajqrf.top,1
nika-kosmetika.ru,https://nika-kosmetika.ru/,200,"Мостбет зеркало и Мостбет Casino – рабочее зеркало на сегодня, бонусы",53,1,0,,,dashplay37.com,1
nina-podolog.pl,https://bazaslowian.pl/,200,"Mostbet Polska ⭐ Kasyno Internetowe, Bonus i Logowanie",148,9,1,,,serffigrcqufssefv.help,1
njworkingfamilies.org,https://njworkingfamilies.org/,200,Njworkingfamilies - Welcome,2,19,2,,,,2
nlsdispatch.com,https://nlsdispatch.com/,200,"NextLevelStrategies, Your Trusted Dispatching Partner",0,4,21,,,,14
nmis.pk,https://nmis.pk/,200,Melbet Official Site Pakistan – Sports Betting & Casino Platform,0,9,3,,,,2
noangels.net,https://noangels.net/,200,"Wettanbieter ohne OASIS 2026 – Limits, Boni & Live-Wetten",0,14,0,,,btwst.vordyne.com catensualined.xyz go.afftrackio.com go.generousaffiliates.com go.route66.partners joker-promo.com mio.novarao.com tracker-pm2.fortunejackpartners.com trk.poundprtnrs.com twcs.joklora.com,11
nodeposit.org,https://www.nodeposit.org/,200,Best No Deposit Casinos 2026 | Exclusive Bonuses Updated Daily,0,208,40,,,,25
nodosele.cfd,https://nodosele.cfd/,200,"Mostbet Azərbaycan – Rəsmi sayt, Mostbet Casino və Online Bahis",152,2,0,,,pytmkzwu.top,1
nodosele.com,https://nodosele.com/,200,"Mostbet Azərbaycan – Rəsmi sayt, Mostbet Casino və Online Bahis",226,27,1,,https://nodosele.com/play,,1
nofleckturkiye.com,https://nofleckturkiye.com/,200,"Starzbet Güncel Giriş ᐉ Casino, Bahis ve Bonus 2026",0,4,1,,,partnerbcgame.com,2
noiz.io,https://noiz.io/,200,YouTube Video Summarizer AI | Noiz,0,97,20,,,,25
nomanslandftl.com,https://nomanslandftl.com/,200,"Mostbet — бонусы, ставки на спорт и казино онлайн",30,1,0,,https://nomanslandftl.com/mostbet/,,1
nonihungary.hu,https://nonihungary.hu/,200,Mostbet HU | Sportfogadás és Casino Bónuszok 2026-ban,165,23,1,,https://nonihungary.hu/go/play,,3
nonnauto.hu,https://nonnauto.hu/,200,Mostbet Bejelentkezés — Biztonságos Fogadás Magyarországon,147,23,1,,https://nonnauto.hu/go/play,,3
nord-kross.ru,https://nord-kross.ru/,200,Официальный сайт Мостбетᐈ игровые автоматы Mostbet играть онлайн,64,1,0,,,dashplay37.com,1
notaroja.cl,https://www.casasohiggins.cl/,200,Mejores casinos online Chile 2026: retiros reales en CLP,1,18,2,,,cl-globallink.com partners-official.com partnerscore-global.com,9
notaru.com,http://notaru.com/,200,米兰平台_米兰平台（中国）股份有限公司,0,41,11,,,,10
notino.at,https://www.notino.at/,200,Online-Parfumerie | Parfum online günstig kaufen | notino.at,0,660,210,,,,25
notino.be,https://www.notino.be/,200,Votre parfumerie en ligne notino.be - découvrez notre choix,0,618,212,,,,25
notino.cz,https://www.notino.cz/,200,"Parfumerie NOTINO | Parfémy, kosmetika, zdraví online",0,717,248,,,,25
notino.dk,https://www.notino.dk/,200,Skønhed og dufte online | Parfumer | notino.dk,0,605,213,,,,25
notino.gr,https://www.notino.gr/,200,Αρώματα & Καλλυντικά online | Notino,0,563,204,,,,25
notino.hr,https://www.notino.hr/,200,Parfemi i kozmetika online • Notino Hrvatska,0,578,214,,,,25
notino.it,https://www.notino.it/,200,Cosmetici e profumi online | Profumi Notino,0,639,214,,,,25
notino.pt,https://www.notino.pt/,200,Perfumes e cosméticos Online | Perfumaria Online Notino,0,606,216,,,,25
notino.ro,https://www.notino.ro/,200,Parfumuri Originale • Parfumeria Notino înainte Aoro,0,634,222,,,,25
notos.gr,https://www.notos.gr/,200,Homepage  | notos,0,429,466,,,,6
nouvelobs.com,https://www.nouvelobs.com/?_staled_=,200,Le Nouvel Obs - Actualités en France et dans le monde,0,137,29,,,,16
novadon.ru,https://novadon.ru/,200,Mostbet ᐉ Лучшее онлайн казино и БК | Официальный сайт,32,7,3,,,8umjh5xaqko.top,2
novaizol.cz,https://www.novaizol.cz/,200,Mostbet Casino Česká republika | Rychlé vklady od 100 Kč,60,5,3,,,,0
novelhotel.in,https://novelhotel.in/,200,Site Title,0,6,3,,,,2
noviput.org,https://noviput.org/,200,Novi Put,0,28,3,,,,3
novnify.com,https://esmtenerife.com,200,1xbet السعودية 2026: سجل حسابك وابدأ المراهنات الرياضية,0,8,8,,,mangeasy.com,8
npevolution.de,https://npevolution.de/,200,NPE – Just another WordPress site,26,0,736,,,,25
npr.org,https://www.npr.org/,200,"NPR - Breaking News, Analysis, Music, Arts & Podcasts : NPR",0,165,15,,,,7
nrgbetl.com,https://nrgbetl.com/,200,NRG Bet - ✨ لائیو اسپورٹس ویجرنگ اور وی آئی پی کیسینو انعامات,0,20,4,,,,7
nuggetslotsd.com,https://nuggetslotsd.com/,200,Nugget Slots - ❤ محفوظ کرکٹ رزلٹ ویجرنگ اور جدید لائیو کیسینو پاکستان,0,20,4,,,,7
nvcasino-magyar1.com,https://nvcasino-magyar1.com/,200,NV Casino | Hivatalos Oldal Magyarországon | Bónusz 100 000 HUF,0,29,6,,,,2
nwccpilatesyoga.net,https://nwccpilatesyoga.net/,200,How to Make the Most of Best Free Bet Offers From Bookmakers,0,6,4,,,,3
nyc2london.com,https://nyc2london.com/,200,My Blog – My WordPress Blog,49,21,3,,,,6
nyd-international.com,https://nyd-international.com/,200,NYD- INTERNATIONAL,0,14,10,,,,3
nyitottlovardak.hu,https://www.nyitottlovardak.hu/,200,Online kaszinó biztonsági kritériumok - magyar lista,0,4,3,,,,1
nypost.com,https://nypost.com/,200,"New York Post – Breaking News, Top Headlines, Photos & Videos",0,280,82,,,,25
nytimes.com,https://www.nytimes.com/,200,"The New York Times - Breaking News, US News, World News and Videos",0,193,232,,,,25
nz-yalta.ru,https://nz-yalta.ru/,200,Мостбет: Официальный сайт Mostbet Casino 🚀 Вход и бонусы,37,1,0,,,dashplay37.com,1
oakmapper.org,https://oakmapper.org/,200,Mostbet,330,43,2,,,b2su3d2i.top,2
obd2carsoft.com,https://obd2carsoft.com/,200,obd2carsoft.com,0,0,0,thin_page,,,0
obeliscohotel.com.ar,https://obeliscohotel.com.ar/,200,Casino Kun Aguero Oficial en Argentina ⭐,0,33,10,,,keitaro-zalupa.com,25
obilevar.com,https://obilevar.com/,200,ANA SAYFA -,0,32,6,,,,9
obleceni-4you.cz,https://www.obleceni-4you.cz/,200,"MostBet Casino 2026: Bonusy, Hry a Rychlé Výplaty",61,1,1,,,,0
obserwatorium.biz,https://obserwatorium.biz/,200,Obserwatorium.biz - tworzenie i wdrażanie strategii cyfrowych firm,0,22,8,,,,2
obudaegeszseg.hu,https://obudaegeszseg.hu/,200,,0,0,0,thin_page,,,0
obzor-casino-mostbet.online,http://obzor-casino-mostbet.online/,200,obzor-casino-mostbet.online,9,0,11,,,,10
ockitchenremodeling.com,https://ockitchenremodeling.com/,200,My Blog - My WordPress Blog,0,18,4,,,,0
oed.com,https://www.oed.com/?tl=true,200,Oxford English Dictionary,0,64,9,,,oup-sp.sams-sigma.com oup2-idp.sams-sigma.com,16
ofbirdandcagegame.com,https://ofbirdandcagegame.com/,200,Mostbet Kazino: Azərbaycanda Ən Yaxşı Onlayn Oyun Təcrübəsi,224,26,2,,https://ofbirdandcagegame.com/play,,1
ofekweb.com,https://ofekweb.com/,200,"מגזין הבריאות של אופק - טיפים, טיפולים, חוות דעת, רופאים ואיכות חיים",0,168,3,,,,2
offergoods.xyz,https://offergoods.xyz/,200,,0,0,0,thin_page,,,0
official-leon.net,https://official-leon.net/,200,Leon Казино — играть на официальной платформе ✅,0,2,0,,,partnerbcgame.com,1
official-mostbet-2025.cc,http://official-mostbet-2025.cc/,200,,0,0,8,,,,6
official-mostbet-kazino.cc,http://official-mostbet-kazino.cc/,200,,0,0,8,,,,6
official-mostbet-kazino.com,http://official-mostbet-kazino.com/,200,,0,0,8,,,,6
official-mostbet-kazino.ink,http://official-mostbet-kazino.ink/,200,,0,0,8,,,,6
official-mostbet-kazino.online,http://official-mostbet-kazino.online/,200,,0,0,8,,,,6
ohlook.in,https://www.ohlook.in/,200,MostBet Casino – Play Online in India with Bonuses MostBet,217,26,2,,https://www.ohlook.in/play,,1
ohsortelisboa.pt,https://ohsortelisboa.pt/,200,Spinboss Casino 2026 — Best Sites & Reviews,0,20,1,,,partners-official.com,3
oicf.top,http://oicf.top/,200,hacked by trenggalek6etar,0,21,13,,,,12
ojura.org,https://ojura.org/,200,Mostbet Portugal: Site Oficial ⚽ Login e Apostas Online,216,29,1,,https://ojura.org/play,,3
okehamptongc.co.uk,https://www.okehamptongc.co.uk/,200,Golf | The Most Popular Betting Markets to Bet on,0,3,1,,,,1
oksijenoran.com,https://movizprod.com/,200,Chicken Road Soldi Veri 🎖️ Chicken Road Casino Online,0,6,2,,,,0
olbg.com,https://www.olbg.com/,200,Online Betting Guide (OLBG) The Sports Betting Community,0,159,132,,,,25
oldvictoriannew.com,https://oldvictoriannew.com/,200,Cricket Betting Sites in India 2026 - Top Platforms Ranked & Reviewed,0,12,3,,,,2
oleyamen.com,https://oleyamen.com/es-es/,200,Artem Lyashanov: la fintech en 2026. 5 tendencias de las que todos hablan | LedgerPulse,0,13,10,,,,3
olg.ca,https://www.olg.ca/en/home.html,200,"OLG | Ontario's Online LOTTERY, CASINO & SPORTS 2026",0,138,16,,,,25
olln.org,https://olln.org/,200,MostBet BD – Play Online Casino in Bangladesh MostBet,202,27,2,,https://olln.org/play,,3
olx.com.br,https://www.olx.com.br/,200,OLX - O Maior Site de Compra e Venda do Brasil,0,507,31,,,,25
olx.com.pk,https://www.olx.com.pk/,200,OLX - Buy and Sell for free anywhere in Pakistan with OLX online classifieds,0,263,24,,,,25
omerlh.info,https://bajisbet.com/,200,Baji Live | Casino and Betting in Bangladesh [Login],0,25,9,,,,6
ometododochef.shop,https://ometododochef.shop/cgi-sys/suspendedpage.cgi,200,Site Suspenso,0,0,0,,,,0
ommurugacatering.in,https://ommurugacatering.in/,200,Mostbet India - Official Bookmaker and Online Casino Site 2026,227,4,3,,,,2
onefootball.com,https://onefootball.com/en/home,200,home | OneFootball,0,101,24,,,,25
online-amp-best263.cfd,https://online-amp-best263.cfd/,200,Mostbet AZ Giriş ᐉ Mostbet Azerbaycan Rəsmi Casino,135,2,7,,,cf2w2a827cgd.top,4
online-best-super159.cfd,https://online-best-super159.cfd/,200,Гама Казино (Gama Casino) регистрация и вход,2,0,1,,,,1
online-betting-sites.br.com,https://online-betting-sites.br.com/,200,Best Betting Sites: Top New Online Bookmakers in the UK,0,18,27,,,,23
online-betting-sites.uk.com,https://online-betting-sites.uk.com/,200,Best Betting Sites: Top New Online Bookmakers in the UK,0,18,27,,,,23
online-game-best529.cfd,https://online-game-best529.cfd/,200,Mostbet AZ | Rəsmi internet saytında giriş və qeydiyyat | Mostbet-az90,91,3,0,,,aos9d9e9g0o.top,1
online-game-top826.cfd,https://online-game-top826.cfd/,200,Mostbet AZ | Rəsmi internet saytında giriş və qeydiyyat | Mostbet-az90,91,3,0,,,aos9d9e9g0o.top,1
online-pin-up.gy,https://online-pin-up.gy/,200,Coming Soon,0,0,0,thin_page,,,0
online-super-bet316.cfd,https://online-super-bet316.cfd/,200,Гама Казино (Gama Casino) регистрация и вход,2,0,1,,,,1
online-super-game926.cfd,https://online-super-game926.cfd/,200,Mostbet AZ Giriş ᐉ Mostbet Azerbaycan Rəsmi Casino,135,2,7,,,cf2w2a827cgd.top,4
online-super-top482.cfd,https://online-super-top482.cfd/,200,Mostbet AZ Giriş ᐉ Mostbet Azerbaycan Rəsmi Casino,135,2,7,,,cf2w2a827cgd.top,4
online-top-best-29.cfd,https://online-top-best-29.cfd/,200,Mostbet AZ Giriş ᐉ Mostbet Azerbaycan Rəsmi Casino,135,2,7,,,cf2w2a827cgd.top,4
online-top-super860.cfd,https://online-top-super860.cfd/,200,Mostbet AZ Giriş ᐉ Mostbet Azerbaycan Rəsmi Casino,135,2,7,,,cf2w2a827cgd.top,4
online.casino,https://online.casino/,200,International Online Casinos | Your Guide To Global Casinos 2026,0,105,18,,,,25
onlinegamblingme.com,https://onlinegamblingme.com/,200,Best Online Gambling Sites for Real Money USA [Sep 2026],0,158,5,,,g7xp29klwq.com get.duckyluck.ag get.slotsandcasino.ag record.onlinecasinoshare.com record.revenuenetwork.com record.revmasters.com,25
onlinemania.in,https://www.onlinemania.in/,200,"Mostbet India | Official Bookmaker & 19,000+ Casino Games",112,4,3,,,,2
onlinemostbet.ink,https://onlinemostbet.ink/,200,Mostbet Casino – Najlepsze Kasyno Online w Polsce Mostbet,350,29,8,,https://onlinemostbet.ink/play,,7
onlystr8uplays.com,https://onlystr8uplays.com/,200,OnlyStr8Up — Straight To The Top | Premium Sports Picks & Parlays,0,5,0,,,,0
onnoshomoy.com,https://onnoshomoy.com/,200,অন্য সময় | Onno Shomoy | সৃজন ও বোধের উদ্যান - অন্য সময়,0,45,17,,,,15
onomo.net,https://onomo.net/,200,onomo,0,10,4,,,,7
onrent.org,https://onrent.org/,200,Melbet India: Bet on Cricket & Play Top Casino Slots,1,2,2,,,,0
onschool.in,https://onschool.in/,200,Mostbet Mobile App 2026 – Download for Android & iOS | Latest APK Guide,68,4,3,,,,2
onzetlenul.hu,https://onzetlenul.hu/,200,Mostbet Vélemény 2026 | Megbízható Fogadóiroda Magyaroknak,149,23,1,,https://onzetlenul.hu/go/play,,3
opacademy.ly,https://opacademy.ly/,200,أكاديمية الرواد الأمثل – للتدريب والتعليم والإستشارات,0,86,4,,,,12
openaltman.fun,https://www.openaltman.fun/,200,Open Altman — Meme Prediction Markets & Parlays,0,0,2,,,,1
opensea.io,https://opensea.io/,200,"OpenSea, exchange everything — token trading and NFT marketplace",0,146,504,,,,25
opera.com,https://www.opera.com/,200,"Opera Web Browser | Faster, Safer, Smarter | Opera",0,56,22,,,download3.operacdn.com,9
operencianinnen.hu,https://operencianinnen.hu/,200,Mostbet Regisztráció HU — Üdvözlő Bónusz Új Játékosoknak,155,22,1,,https://operencianinnen.hu/go/play,,3
opk-gorodu.ru,https://opk-gorodu.ru/,200,Мостбет официальный сайт — Mostbet зеркало и бонусы 2026,52,1,4,,,onxpromototal.com,3
optiheart.top,https://optiheart.top/,200,Optiheart.top - Welcome,2,23,2,,,,3
optimaempresarial.com,https://optimaempresarial.com/,200,WEB Server abcmicros21.com,0,0,0,thin_page,,,0
optimalwellnessliving.org,https://optimalwellnessliving.org/,200,,0,1,0,thin_page,,,1
optimistic-theatre.ru,https://optimistic-theatre.ru/,200,Mostbet UZ — rasmiy sayt va online casino imkoniyatlari,152,25,2,,,8ewbp4jwxz.top,1
orangecosmetics.ru,https://orangecosmetics.ru/,200,"Мостбет Казино (Mostbet) - официальный сайт, рабочее зеркало и вход",51,1,0,,,dashplay37.com,1
orangedreamz.com,https://www.orangedreamz.com/,200,ScoreBet Sports - Live Betting & Streaming|ScoreBet,0,25,0,,,,2
ordinace-hladikova.cz,https://www.ordinace-hladikova.cz/,200,Mostbet ᐉ Sportovní sázení a kasino v Česku 2026,144,9,2,,,serffigylqrdkh.help,2
ordkcmnrmb.com,http://ordkcmnrmb.com/,200,porkbun.com | expired domain,0,0,2,,,,2
orduvizyon52.com,https://orduvizyon52.com/,200,"Chicken Road Italia Guida al Gioco, Demo Gratis, RTP 98% e Strategie 2026",0,6,2,,,,0
oregonwomenshealthnetwork.com,https://www.oregonwomenshealthnetwork.com/,200,FUN88 Chính Thức 2026 ⭐ Link Vào & Thông Tin Mới Nhất,0,28,16,,,,6
organicislands.gr,https://organicislands.gr/,200,Wholesale Herbal Tea Suppliers: Oregano Essential Oil,0,35,27,,,,15
organikbeslenme.com.tr,https://organikbeslenme.com.tr/,200,Organik Beslenme – Organik Beslenme,2,74,3,,,,5
orient-watches.ru,https://orient-watches.ru/,200,"Мостбет зеркало, официальный сайт и казино Mostbet: рабочее зеркало 2024",57,1,0,,,dashplay37.com,1
ornamentalpeanut.com,https://ornamentalpeanut.com/,200,Sunset Specialty GroundcoverSunset Specialty Ground Cover - EcoTurf Ornamental Peanut Sod & Ground Covers,0,28,27,,,,25
ortodoncja-bronowice.pl,https://cmrdymek.pl/,200,"MostBet Kasyno PL 🎰 Logowanie, Apk & Bonus Code – Opinie Graczy",134,11,1,,,serffigrcqufssefv.help,1
osakapisosok.com.ar,https://osakapisosok.com.ar/,200,OSAKA – Pisos y revestimientos de diseño,0,25,4,,,,4
ostavkakh.com,http://www6.ostavkakh.com/,200,О ставках в букмекерских конторах,17,31,5,,,,5
osteopatiaamparoandres.com,https://osteopatiaamparoandres.com/,200,Centro de Osteopatía Spa Amparo Andrés - Paterna,0,67,21,,,,17
otilor-shop.ru,https://otilor-shop.ru/,200,Мостбет Казино (Mostbet Casino): вход на официальный сайт и бонусы 2026,61,1,4,,,onxpromototal.com,3
otterzone.one,https://otterzone.one/,200,OtterTown | Otter Casino & Gacha Bot for Discord,0,17,3,,,,3
otto.de,https://www.otto.de/,200,"OTTO - Mode, Möbel & Technik » Zum Online-Shop",0,520,6,,,,2
otulinablog.pl,https://otulinablog.pl/,200,Mostbet | Kasyno Online & Zakłady Sportowe 2025 - Polska,192,3,3,,https://otulinablog.pl/go/,,3
otwartedo.pl,https://otwartedo.pl/,200,Aftermarket.pl :: domena otwartedo.pl,0,0,11,,,,11
otzovik.com,https://otzovik.com/,200,"Отзовик - отзывы реальных покупателей, владельцев, сотрудников, пациентов, туристов и рейтинги лучших предложений!",0,175,1,,https://otzovik.com/away.php?url=https%3A%2F%2Fwww.takzdorovo.ru%2Fprofilaktika%2Fdispanserizatsiya%2F%3Futm_source%3Dotzovik-netw%26utm_medium%3Diri-social_cpm%26utm_campaign%3D892-43-02-01_sep-2026_na%26utm_content%3Dbanners_300-300_n1_na%26utm_term%3Dall_18-100_rf_na_all-all_na_na_na&iri_block=300x300&iri_rk=142,,3
otzyvru.com,https://www.otzyvru.com/,200,Первый независимый сайт отзывов России,0,331,1,,,,1
ousterhout.net,https://www.ousterhout.net/,200,Мостбет: зеркало казино Mostbet KZ - быстрый вход,42,8,2,,,byemsn714.top,1
outdoormoviehq.com,https://outdoormoviehq.com/,200,"Mostbet AZ – Rəsmi Mostbet Casino, Giriş və Qeydiyyat 2026🎰",195,28,1,,https://outdoormoviehq.com/play,,1
outdoorscult.com,https://www.outdoorscult.com/,200,,0,0,4,,,,2
ovationhomemedia.com,https://ovationhomemedia.com/,200,Mostbet Bangladesh | Top Sportsbook & Live Casino Games,52,11,3,,,,2
overframe.xyz,https://overframe.xyz/,200,Overframe,0,1,3,,,,0
ovo99sports.org,https://ovo99sports.org/,200,OVO99 - ovo99sports.org,0,26,61,,,,25
ozwin-casino-bet-au.com,https://ozwin-casino-bet-au.com/,200,Ozwin Casino Australia OFFICIAL 🔥 Best Online Casino Real Money 2026 【Licensed & Secure】 Premium Gaming Experience,0,21,1,,,og-le-uv.buzz,6
pacemakerinternational.org,https://pacemakerinternational.org/,200,PACEmaker International - Promoting Access to Community Education,1,66,10,,,,4
pacoperfumerias.com,https://www.pacoperfumerias.com/,200,Tienda de perfumes y cosmética · Mejor Precio - Paco Perfumerías,0,601,13,,,,25
paddockcup.fr,https://paddockcup.fr/,200,F1 Paddock — Free Formula 1 2026 prediction game,0,4,0,,,,2
padelhuechuraba.cl,https://www.casasohiggins.cl/,200,Mejores casinos online Chile 2026: retiros reales en CLP,1,18,2,,,cl-globallink.com partners-official.com partnerscore-global.com,9
padmavaticollegeaurangabad.in,https://padmavaticollegeaurangabad.in/,200,Mostbet App India: Download & Install Guide for Android and iOS,18,2,1,,,,0
padreisland78418.com,https://www.padreisland78418.com/,200,"Victoria Munt Rogers GRI Realtor – Beach. Bay. Canal. Real Estate Corpus Christi, TX 78418",0,36,8,,,,10
pairbet.org,https://pairbet.org/,200,Pairbet | Pairbet Pasangin Taruhan Kamu Dan Biarkan Cuan Ngalir,0,7,4,,,,3
pakbetguide.com,https://pakbetguide.com/,200,Best Betting Apps in Pakistan 2026 | PakBetGuide Official Website,53,22,2,,,,7
pakmedia.news,https://pakmedia.news/,200,Pak Media Group – Latest News and updates,2,33,21,,,,19
pakshomacenter.com,https://pakshomacenter.com/,200,ميتا العنوان: لعبة Tower Rush في مصر: النسخة الديمو، نسبة الـ RTP، والكازينوهات,0,10,2,,,,2
palauturf.com,https://palauturf.com/,200,Mostbet Bangladesh | Official Sports Bets & Casino Platform,44,11,3,,,,2
palerium.com.tr,https://palerium.com.tr/,200,Xturka Giriş 2026: Güncel Casino ve Online Bahis Adresi,0,23,4,,,tracker.xturkalink.com,3
paletyonline.cz,https://paletyonline.cz/,200,FIATOGEL - Gas Kejutan Terbanyak Game Online Digital Modern,0,238,24,,,,13
palomadelarica.com,https://palomadelarica.com/,200,Paloma de la Rica | Blog de ideas y recetas de cocina casera,0,67,162,,,,25
panacheplants.co.uk,https://panacheplants.co.uk/,200,Best Betting Sites: Top New Online Bookmakers in the UK,0,18,27,,,,23
panamera63detailing.ru,https://panamera63detailing.ru/,200,Мостбет зеркало — Mostbet Casino | Мостбет зеркало рабочее сегодня,53,1,0,,,dashplay37.com,1
pankajchaudhary.in,https://pankajchaudhary.in/,200,Mostbet Bangladesh – Online Betting and Online Casino in 2025,100,10,3,,,,2
panorist.com,https://panorist.com/,200,1xBet Sinhala 2026: ශ්‍රී ලංකාවෙන් ඔට්ටු අල්ලන්න,0,7,8,,,mangeasy.com,8
paolospizza.co.uk,https://paolospizza.co.uk/,200,Best Betting Sites: Top New Online Bookmakers in the UK,0,18,27,,,,23
papershootportugal.com,https://papershootportugal.com/,200,Mostbet Casino Portugal - Jogos Online e Apostas Desportivas,124,17,3,,https://papershootportugal.com/go/,,3
paradise8casinoa.com,https://paradise8casinoa.com/,200,Paradise 8 Casinoآن لائن-پاکستان میں ایوی ایٹر ریئل ٹیک آف میں بیٹنگ اور قابلِ اعتماد ملٹی پلائر اوڈز Paradise 8 Casino.com,0,20,4,,,,7
paradisecharterschool.org,http://paradisecharterschool.org/,200,,0,0,8,,,,6
parafiarytro.pl,https://parafiarytro.pl/,200,Aftermarket.eu :: domain parafiarytro.pl,0,0,13,,,,13
parafrikis.com,https://www.parafrikis.com/,200,"Tienda online de productos frikis, starwars, superman, funkos - TIENDA FRIKI ONLINE. Regalos originales y gadgets divertidos",0,201,34,,,,25
parakhdevelopments.com,https://www.parakhdevelopments.com/,200,Mostbet India - Official Site of the Bookmaker and Online Casino 2026,70,2,4,,,,2
parcelnovaexpress.com,https://parcelnovaexpress.com/,200,PARCEL NOVA EXPRESS – Best Courier Company for National and International Delivery,0,18,3,,,,4
parentingindia.in,https://parentingindia.in/,200,AWordPressSite – Just another WordPress site,31,11,4,,,,4
parfumdreams.at,https://www.parfumdreams.at/,200,Parfum und Kosmetik aus deiner Online-Parfumerie ❤️ | parfumdreams,0,915,38,,,,25
parfumdreams.ch,https://www.parfumdreams.ch/,200,Parfum und Kosmetik aus deiner Online-Parfumerie ❤️ | parfumdreams,0,913,25,,,,19
parfumdreams.de,https://www.parfumdreams.de/,200,Parfum und Kosmetik aus deiner Online-Parfumerie ❤️ | parfumdreams,0,934,25,,,,19
parfumdreams.dk,https://www.parfumdreams.dk/,200,Parfume og kosmetik fra dit online-parfumeri ❤️ | parfumdreams,0,901,27,,,,20
parfumdreams.nl,https://www.parfumdreams.nl/,200,Parfum en cosmetica van uw online parfumerie ❤️ | parfumdreams,0,930,24,,,,17
parfumdreams.pl,https://www.parfumdreams.pl/,200,Perfumy i kosmetyki z Twojej perfumerii internetowej ❤️ -20% z kodem DREAMS | parfumdreams,0,861,12,,,,5
parfumdreams.se,https://www.parfumdreams.se/,200,Parfym och kosmetik från din onlinebutik för skönhetsprodukter ❤️ | parfumdreams,0,792,11,,,,4
parfumerie.be,https://www.parfumerie.be/,200,"Parfum, make-up & verzorging online  | Parfumerie.be",0,135,15,,,,16
parfumerie.nl,https://www.parfumerie.nl/,200,"Parfum, make-up & verzorging online  | Parfumerie.nl",0,132,18,,,,11
paribook247.net,https://paribook247.net/,200,Online Casino & Sports Betting,0,0,6,,,,0
particula.ru,https://particula.ru/,200,"Обзор официального сайта Мостбет - казино, слоты и ставки на спорт",14,0,0,,,,0
partymania-krd.ru,https://partymania-krd.ru/,200,Мостбет официальный сайт: Mostbet Casino и рабочее зеркало,52,1,4,,,onxpromototal.com,3
partysocialsupply.com,https://partysocialsupply.com/,200,Party Social SupplyParty Social Supply,0,119,19,,,,14
parureparis.com,https://telecharger-melbet.net/,200,Télécharger Melbet APK Application pour Android et iOS pour paris sportifs,0,86,5,,,,3
pasacasino724.com,https://pasacasino724.com/,200,Pasacasino724 - Tạp Chí Nhà Cái Hàng Đầu Tại Châu Lục,0,41,4,,,,5
pasefiltrado.pe,https://pasefiltrado.pe/,200,Noticias del fútbol peruano | Pase Filtrado Perú,0,54,17,,,,3
pasjonisci.pl,https://www.passio.info.pl/,200,Zgromadzenie Męki Jezusa Chrystusa - Pasjoniści,0,32,21,,,,18
passivscience.com,https://passivscience.com/,200,passivscience.com - passivscience.com,5,7,8,,,,7
patentbetb.com,https://patentbetb.com/,200,Mil WinAPK-پاکستان میں ٹین پٹی ماسٹر پلیئر روم میں بیٹنگ اور متوازن کارڈ اوڈز Mil Win.com,0,20,4,,,,7
patriar.ru,https://patriar.ru/,200,"Mostbet Casino - Официальный сайт Мостбет Казино: регистрация, вход и игровые автоматы",54,1,0,,,dashplay37.com,1
patrickahokas.com,https://www.patrickahokas.com/,200,Patrick Ahokas – Just another baby blog,0,42,14,,,,14
pauseresume.com,https://pauseresume.com/,200,"Pause Resume – Pausing Life, Resuming Play",0,76,2,,,,3
pawslovegsd.in,https://pawslovegsd.in/,200,Mostbet Pakistan: Official Betting & Online Casino Site 2026,50,12,3,,,,2
pawtasticcuts.com,https://pawtasticcuts.com/,200,Mostbet Bangladesh 🇧🇩 | Online Casino & Sports Betting,112,13,3,,,,2
paywatches.net,https://foothillstorm.org/,200,Mostbet AZ – Onlayn Casino və Mərc | Giriş və Sərfəli Bonuslar,163,25,3,,,pahatcfx.top,2
paywatchesnet.cfd,https://paywatchesnet.cfd/,200,Mostbet AZ – Onlayn Casino və Mərc | Giriş və Sərfəli Bonuslar,113,2,0,,,pahatcfx.top,1
pbs.org,https://www.pbs.org/,200,PBS: Public Broadcasting Service,0,306,117,,,,25
pcbeachscotfestival.com,https://pcbeachscotfestival.com/,200,Onlayn Kazino Azərbaycan 🇦🇿 Ən Yaxşı Kazino Saytları AZ,7,34,2,,https://pcbeachscotfestival.com/play,zhyuxpvcbopr.top,5
pccchunggiaphat.com,https://pccchunggiaphat.com/,200,Home,0,42,6,,,,9
pchpoultry.com,https://www.pchpoultry.com/,200,E2BET ⭐ Link Vào E2BET Mới Nhất 2026 | Trang Chủ Chính Thức,0,42,16,,,,10
pcs-service.ru,https://pcs-service.ru/vpn/en/,200,"GreatFireVPN - Bypass Censorship in China, Russia, Iran, India",0,25,21,,,,7
pcusa.org,https://pcusa.org/,200,Presbyterian Church (U.S.A.),0,140,10,,,,5
peekaboo.cz,https://peekaboo.cz/,200,Mostbet CZ: 30 otočení zdarma za registraci + Bonus 15 000 Kč,42,6,6,,,,3
peixe-eletrico.com,https://www.peixe-eletrico.com/,200,MostBet Portugal — Casino Online e Apostas com Bónus,102,4,0,,,ujhnh8zb.top,2
peopleinmotion-costaction.org,https://www.peopleinmotion-costaction.org/,200,People In Motion,0,28,8,,,,13
peplax.pt,https://peplax.pt/,200,Peplax – Distribuição de Produtos de Higiene e Papeis,1,25,3,,,,4
peppymom.ru,https://peppymom.ru/,200,Мостбет Казино официальный сайт | Регистрация и вход в Mostbet,38,1,0,,,dashplay37.com,1
perdre-du-poids.org,https://perdre-du-poids.org/,200,"Perdre du poids naturellement | Régimes, recettes & sport",0,24,3,,,,2
perfect2perfection.in,https://perfect2perfection.in/,200,Perfect2Perfection - Your Blogging Website,0,95,6,,,,3
performancedieselmachine.com,https://www.performancedieselmachine.com/,200,Mega Cricket World Bangladesh | Top Betting Site & Casino Slots,0,11,3,,,,2
performances-recherche.ch,https://performances-recherche.ch/,200,Performances Recherche — Comprendre la recherche,0,13,1,,,,0
pergatsibali.org,https://pergatsibali.org/,200,pergatsibali.org,0,25,281,,,,25
periodicologos.org,https://periodicologos.org/,200,"Royal Reels 24 Australia 🎰 Login, Sign Up & Casino Bonus Chips",0,5,2,,,,0
permata555.com,https://permata555.com/,200,Permata555™ Ruang Game Digital dengan Nuansa Modern,0,103,137,,,,25
peronio.ar,https://peronio.ar/,200,Success!,0,0,0,thin_page,,,0
pescarulhoinar.com,https://www.pescarulhoinar.com/,200,Mostbet Casino: Przejmij Kontrolę Nad Swoją Grą,11,0,3,,,,1
peterspastabfv.hu,https://www.betlehemfigurak.hu/,200,MostBet ✔️ regisztráció és bejelentkezés a hivatalos oldalon,79,10,2,,,serffigdmlzkrl.help,2
petissimo.hu,https://www.petissimo.hu/,200,"Prémium kutyatáp, macskatáp, felszerelések - Petissimo",0,664,21,,,,18
pewterbank.com,https://www.pewterbank.com/,200,British Antique Pewter,0,73,16,,,,13
pgatour.com,https://www.pgatour.com/,200,PGATOUR.COM - Official Home of Golf and the FedExCup - PGA TOUR,0,103,2822,,,,25
pggrupp.ru,https://pggrupp.ru/,200,"Мостбет | Мостбет зеркало — официальный сайт Casino, рабочее зеркало, бонусы, вход, регистрация | Сегодня",55,1,0,,,dashplay37.com,1
ph01.bet,https://ph01.bet/pk,200,TOJAYS.BET-Best Real Money Online Casino In Pakistan 24/7,1,1,40,,,,21
ph010.bet,https://ph010.bet/pk,200,TOJAYS.BET-Best Real Money Online Casino In Pakistan 24/7,1,1,40,,,,21
ph011.bet,https://ph011.bet/pk,200,TOJAYS.BET-Best Real Money Online Casino In Pakistan 24/7,1,1,40,,,,21
ph012.bet,https://ph012.bet/pk,200,TOJAYS.BET-Best Real Money Online Casino In Pakistan 24/7,1,1,40,,,,21
ph013.bet,https://ph013.bet/pk,200,TOJAYS.BET-Best Real Money Online Casino In Pakistan 24/7,1,1,40,,,,21
ph014.bet,https://ph014.bet/pk,200,TOJAYS.BET-Best Real Money Online Casino In Pakistan 24/7,1,1,40,,,,21
ph015.bet,https://ph015.bet/pk,200,TOJAYS.BET-Best Real Money Online Casino In Pakistan 24/7,1,1,40,,,,21
ph016.bet,https://ph016.bet/pk,200,TOJAYS.BET-Best Real Money Online Casino In Pakistan 24/7,1,1,40,,,,21
ph017.bet,https://ph017.bet/pk,200,TOJAYS.BET-Best Real Money Online Casino In Pakistan 24/7,1,1,40,,,,21
ph018.bet,https://ph018.bet/pk,200,TOJAYS.BET-Best Real Money Online Casino In Pakistan 24/7,1,1,40,,,,21
ph019.bet,https://ph019.bet/pk,200,TOJAYS.BET-Best Real Money Online Casino In Pakistan 24/7,1,1,40,,,,21
ph02.bet,https://ph02.bet/pk,200,TOJAYS.BET-Best Real Money Online Casino In Pakistan 24/7,1,1,40,,,,21
ph03.bet,https://ph03.bet/pk,200,TOJAYS.BET-Best Real Money Online Casino In Pakistan 24/7,1,1,40,,,,21
ph04.bet,https://ph04.bet/pk,200,TOJAYS.BET-Best Real Money Online Casino In Pakistan 24/7,1,1,40,,,,21
ph05.bet,https://ph05.bet/pk,200,TOJAYS.BET-Best Real Money Online Casino In Pakistan 24/7,1,1,40,,,,21
ph06.bet,https://ph06.bet/pk,200,TOJAYS.BET-Best Real Money Online Casino In Pakistan 24/7,1,1,40,,,,21
ph07.bet,https://ph07.bet/pk,200,TOJAYS.BET-Best Real Money Online Casino In Pakistan 24/7,1,1,40,,,,21
ph08.bet,https://ph08.bet/pk,200,TOJAYS.BET-Best Real Money Online Casino In Pakistan 24/7,1,1,40,,,,21
ph09.bet,https://ph09.bet/pk,200,TOJAYS.BET-Best Real Money Online Casino In Pakistan 24/7,1,1,40,,,,21
pharmedicpharmacy.com,https://pharmedicpharmacy.com/,200,Pharmedic Pharmacy | Prescribing pharmacist Calgary | Pharmacy in Calgary,1,17,33,,,,25
phctoolkit.org,https://www.phctoolkit.org/,200,Mostbet Bangladesh 2026: Official Sports Betting & Casino,50,12,3,,,,2
photorism.ru,https://photorism.ru/,200,"Мостбет ✔️ Официальный сайт казино | Вход, зеркало Mostbet 🔗 Бонусы и регистрация 💰",60,1,0,,,dashplay37.com,1
phuketbesttriptravel.com,https://phuketbesttriptravel.com/,200,รถตู้ภูเก็ต เช่ารถตู้พร้อมคนขับนำเที่ยวภูเก็ต พังงา กระบี่,0,82,9,,,,9
phuonghongmarine.com,https://phuonghongmarine.com/,200,PHB – PHUONGHONG SHIP REPAIR AND MARINE SERVICE,0,39,6,,,,5
phusisrevue.com,https://phusisrevue.com/,200,Play Dragon Tiger Online India 🐉🐅 Live Dealers & UPI Payments,0,5,2,,,,0
pickswise.com,https://www.pickswise.com/,200,Pickswise - Expert Sports Picks & Predictions,0,423,29,,,,25
pilawadolna.pl,https://pilawadolna.pl/,200,,0,0,0,thin_page,,,0
pilkacv.pl,https://pilkacv.pl/,200,pilkacv.pl - PRZECHWYCONA,0,0,6,,,,6
pinarbasibelediyesi.com,https://pinarbasibelediyesi.com/,200,Play Dragon Tiger Online 🐉 in India with Live Dealers & UPI,0,5,2,,,,0
pinnkybet.com,https://pinnkybet.com/,200,Online Casino & Sports Betting,0,0,6,,,,0
pinokkio-kids.ru,https://pinokkio-kids.ru/,200,Срок регистрации pinokkio-kids.ru истек,0,0,8,,,,8
pinterest.com,https://www.pinterest.com/,200,Pinterest,0,4,712,,,,1
pinupbr.com,https://pinupbr.com/,200,Pin-Up Casino é uma popular plataforma de casino online fundada em 2016,0,7,8,,,,7
pirateparty.kz,https://pirateparty.kz/,200,Mostbet casino Kazakhstan — Откройте для себя спорт в сердце Евразии с Мостбет казино!,2,11,1,,,,1
pisa.com.pk,https://pisa.com.pk/,200,Mostbet Pakistan Official (2026) - Mostbet Login & Bet Online,44,12,2,,https://pisa.com.pk/play,,1
piscines-roche.com,https://piscines-roche.com/,200,Télécharger Melbet Apk (Android & iOS) | Gratuit 2026,0,12,3,,,,2
pittmanms.com,https://pittmanms.com/,200,Pittman Mine Service –,0,34,11,,,,9
pivotal-photography.com,https://www.pivotal-photography.com/,200,BK8 ⭐ Link Vào BK8 Mới Nhất 2026 | Trang Chủ Chính Thức,0,40,16,,,,8
pizzagallonero.cz,https://www.zatravnovacishop.cz/,200,MostBet Casino - Prémiové online kasino s nejlepšími bonusy v Česku,96,9,1,,,serffigylqrdkh.help,1
pizzagostyn.pl,https://pizzagostyn.pl/,200,Oficjalna Strona Happy Jokers Casino – Zagraj i Odbierz Bonus 2026,0,4,0,,,g-vektor.ru,1
pkall.cc,https://pkall.cc/pk,200,PKALL.CC-Best Real Money Online Casino In Pakistan 24/7,1,1,38,,,,19
pkasd.com,https://pkasd.com/pk,200,PKASD-Best Real Money Online Casino In Pakistan 24/7,1,1,38,,,,19
pkgameclub.com,https://pkgameclub.com/pk,200,TOJAYS.BET-Best Real Money Online Casino In Pakistan 24/7,1,1,40,,,,21
pkmost-bon.com,https://pkmost-bon.com/,200,,0,0,42,,,,25
pkrbetvipo.com,https://pkrbetvipo.com/,200,pkr bet vip - 🧧 پاکستان کے صارفین کیلئے لگژری اسپورٹس بک اور کیسینو,0,20,4,,,,7
pktik.kz,https://pktik.kz/,200,Мостбет Казино ⚡️ Mostbet Официальный сайт Казахстан,74,1,0,,https://pktik.kz/mostbet/,,1
pl-20-kotlas.ru,https://pl-20-kotlas.ru/,200,Мостбет зеркало | Вход на официальный сайт казино Mostbet,96,13,3,,https://pl-20-kotlas.ru/play,,4
pl-mostbet.com.pl,https://pl-mostbet.com.pl/,200,Mostbet Casino Online | Claim Welcome Bonus Up To $500 With Spins,78,5,2,,,,2
plaayadda.com,https://plaayadda.com/,200,Online Casino & Sports Betting,0,0,6,,,,0
placebetiocasinov.com,https://placebetiocasinov.com/,200,Placebet io Casinoڈاؤن لوڈز-پاکستان میں سلاٹ سپر جیک پوٹس میں بیٹنگ اور طاقتور بونس اوڈز Placebet io Casino.com,0,20,4,,,,7
plafinder.com,https://plafinder.com/,200,1xbet Lanka | 2026 දීමනා සමඟ අදම ලියාපදිංචි වන්න,0,7,8,,,mangeasy.com,8
planet-w.ru,https://planet-w.ru/,200,Срок регистрации planet-w.ru истек,0,0,8,,,,8
plavky-vyprodej.cz,https://plavky-vyprodej.cz/,200,"MostBet Casino 2026: Bonusy, Hry a Rychlé Výplaty",61,1,1,,,,0
play-game-best194.cfd,https://play-game-best194.cfd/,200,Mostbet AZ | Rəsmi internet saytında giriş və qeydiyyat | Mostbet-az90,91,3,0,,,aos9d9e9g0o.top,1
play-top-best237.cfd,https://play-top-best237.cfd/,200,"Mostbet ᐉ Mostbet AZ giriş, yükləmə və bonuslar",117,2,0,,,dmkqfzpjx.top,1
play-top-super572.cfd,https://play-top-super572.cfd/,200,Mostbet AZ | Rəsmi internet saytında giriş və qeydiyyat | Mostbet-az90,91,3,0,,,aos9d9e9g0o.top,1
play.google.com,https://play.google.com/store/games,200,Android Apps on Google Play,0,199,1409,,,,25
playalodge.com,https://playalodge.com/,200,La Playa Lodge – La Playa Lodge Hostería en Cojimies Manabí Ecuador,0,13,5,,,,4
playamo-casino-online-ca.com,https://playamo-casino-online-ca.com/,200,"PlayAmo Casino Canada — Login, Bonuses and Payouts",0,12,6,,,,4
playamo-casino0-au.com,https://playamo-casino0-au.com/,200,PlayAmo Casino Australia 🔥 ULTIMATE Gaming Destination 2026 【$1000+ Welcome Bonus】 Premium Slots & Live Games,0,16,1,,,og-le-uv.buzz,3
playamocasinoonline-au.com,https://playamocasinoonline-au.com/,200,"PlayAmo Casino Australia - Login, Bonuses and Payouts",0,13,8,,,,4
playbd.site,https://playbd.site/,200,"Best Betting Sites Bangladesh 2026 — Cricket, Aviator & 500% Bonus | PlayBD",0,8,4,,,,2
playfina-casino0-au.com,https://playfina-casino0-au.com/,200,Playfina Casino Australia OFFICIAL 🔥 Best Online Casino 2026 【Welcome Bonus + Free Spins】 Aussie Gaming,0,21,1,,,og-le-uv.buzz,8
playgame-mostbet-portugal.com,https://playgame-mostbet-portugal.com/,200,Mostbet Portugal — Apostas Casino Online Mostbet,342,28,2,,https://playgame-mostbet-portugal.com/play,,1
playgolfclub.pl,https://playgolfclub.pl/,200,"Play Golf Club – Poradniki golfowe, trening, strategia gry i sprzet dla graczy",0,16,3,,,,2
playmarket-mostbet.website,https://playmarket-mostbet.website/,200,MOST business,0,2,2,,,,0
playmeofficial.com,https://www.playmeofficial.com/,200,Play Me Official - Most accurate psychic readings,0,10,2,,,,1
playmostbetpl.com,http://www.playmostbetpl.com/,200,,0,0,4,,,,2
playmostbetpolska.vip,http://www.playmostbetpolska.vip/,200,,0,0,4,,,,2
playright.co.uk,https://playright.co.uk/,200,"UK's Top Guide to Online Casino, Betting, Bingo & Poker | PlayRight",0,126,5,,https://out.playright.co.uk/track/click/?pid=681840&page=/&position=1&dynamic_list=hp-casino&action=legal_text_top3_casino&internal=true&list_id=377,affiliate.midnite.com partners.affiliateempire.com record.lottomartaffiliates.com,25
playval.app,https://playval.app/,200,Playval — Real life is becoming rare. Sports make it easy.,0,3,0,,,,1
playwin321.co,https://playwin321.co/,200,Playwin321 - Official Cricket ID | Bet on IPL 2026 | 1 Min Withdrawal | 40% Bonus,0,7,49,,,,25
playzeecasinologinb.com,https://playzeecasinologinb.com/,200,playzee casino login - 🧧 محفوظ آن لائن گیمنگ ہب اور پریمیم ریئل ٹائم کیسینو انعامات پاکستان,0,20,4,,,,7
plick.se,https://plick.se/,200,Köp & Sälj Second Hand Kläder Online | Plick App & Web,0,256,32,,,,16
plombier-nice-06.com,https://telecharger-melbet.net/,200,Télécharger Melbet APK Application pour Android et iOS pour paris sportifs,0,86,5,,,,3
ploshka-ceramic.ru,https://ploshka-ceramic.ru/,200,"Мостбет (Mostbet) Официальный сайт ᐈ Мостбет онлайн казино | Зеркало, вход",61,1,0,,,dashplay37.com,1
plupstudio.com,https://plupstudio.com/,200,Plup! Studio Costa Rica - Arquitectura y Diseño,0,16,5,,,,4
plusbg.com,https://plusbg.com/,200,Mostbet Casino BG ⭐ 150% и 250 Безплатни Завъртания – Вход,61,14,1,,,,3
plusmaad.com,https://plusmaad.com/,200,سامانه نوبت دهی و مشاوره آنلاین از بهترین دکتر ها و روانشناس ها - پلاس ماد,0,58,10,,,,9
plywalniawitomino.pl,https://plywalniawitomino.pl/,200,Aftermarket.eu :: domain plywalniawitomino.pl,0,0,13,,,,13
pmujjwalayojana.net,https://pmujjwalayojana.net/,200,Mostbet Bangladesh (2026): A Premier Sports Betting and Casino Platform,79,5,3,,,,2
pngtc.com.vn,https://pngtc.com.vn/,200,Trang Chủ - CÔNG TY CP XÂY DỰNG & CÔNG NGHỆ PNG,0,62,15,,,,9
podkarpackie2oo.pl,http://www.telnet-ropczyce.home.pl/podkarpackie/,200,P2K - Forum Motocyklistów,0,101,4,,,,25
podmitrov.cz,https://podmitrov.cz/,200,Mostbet ᐉ Mosbet Casino & Online Bahis Rehberi – Kazanmanın Yolu,132,17,2,,,u1u2l1w0x0d6.top,1
podmitrovcz.cfd,https://podmitrovcz.cfd/,200,Mostbet ᐉ Mosbet Casino & Online Bahis Rehberi – Kazanmanın Yolu,116,2,0,,,u1u2l1w0x0d6.top,1
podmitrovcz1.cfd,https://podmitrovcz1.cfd/,200,Mostbet ᐉ Mosbet Casino & Online Bahis Rehberi – Kazanmanın Yolu,116,2,0,,,u1u2l1w0x0d6.top,1
podologkmv.ru,https://podologkmv.ru/,200,Мостбет (Mostbet) — официальный сайт и зеркало 💰 Вход и регистрация,53,1,0,,,dashplay37.com,1
poesiasub25.com,https://poesiasub25.com/,200,"Mostbet ᐉ Mostbet giriş, casino ve güncel bonuslar",140,15,2,,https://poesiasub25.com/play,,1
pointplastic.it,https://www.pointplastic.it/,200,Pointplastic,0,17,2,,,,2
poker-dom9.buzz,https://poker-dom9.buzz/,200,FASTPANEL,0,0,1,,,,1
pokrovborovsk.ru,https://pokrovborovsk.ru/,200,Храм Покрова Пресвятой Богородицы в Боровске | наш приходской сайт,0,18,7,,,,7
policromia.pt,http://policromia.pt/,200,policromia.pt,0,0,0,thin_page,,,0
polishpotterypassion.com,https://www.polishpotterypassion.com/,200,The 2026 Cricket Betting Edit: Top 3 Platforms Reviewed,0,11,3,,,,2
politico.eu,https://www.politico.eu/,200,"POLITICO – European Politics, Policy, Government News",0,168,29,,,,25
politiekcafepiment.nl,https://politiekcafepiment.nl/,200,politiekcafepiment.nl,0,15,15,,,,14
polskietaxi.pl,https://polskietaxi.pl/,200,Aftermarket.eu :: domain polskietaxi.pl,0,0,13,,,,13
pomostybetonowe.pl,http://www.pomostybetonowe.pl,200,Site en construction,0,0,5,,,,5
pornhub.com,https://www.pornhub.com/,200,"Free Porn Videos & Sex Movies - Porno, XXX, Porn Tube | Pornhub",0,399,68,,,,25
portalgracza.pl,http://portalgracza.pl/,200,Contact Verification Suspension Page,0,1,2,,,,2
portfelmaster.pl,https://portfelmaster.pl/,200,Daytona Spin Casino w Polsce - Jak dzisiaj wygrać wielką nagrodę,0,12,1,,,,2
portovyi.ru,https://portovyi.ru/,200,Мостбет Казино и Мостбет зеркало — рабочее зеркало Mostbet Casino на сегодня,46,1,0,,,dashplay37.com,1
posadadelarbol.com.ar,https://posadadelarbol.com.ar/,200,CAPILLA DEL MONTE ALOJAMIENTO POSADA DEL ARBOL  SIERRAS DE CORDOBA ARGENTINA,0,55,4,,,,2
poshmark.com,https://poshmark.com/,200,"Poshmark: Buy and sell fashion, home decor, beauty & more",0,212,11,,,,4
posterbakes.com,https://posterbakes.com/,200,posterbakes.com – 5 Kesalahan Umum Saat Main Slot dan Cara Menghindarinya,0,33,4,,,,5
posturion.com,https://posturion.com/,200,MostBet – bonuslar va MostBet UZ Online kazino imkoniyatlari,195,26,1,,https://posturion.com/play,,1
potworywozkowe.pl,https://potworywozkowe.pl/,200,Blog parentingowy | Potwory Wózkowe i ich rodzice!,0,25,3,,,,1
powerexch9.org,https://powerexch9.org/,200,PowerExch9 - Official Cricket ID | Bet on IPL 2026 | 1 Min Withdrawal | 55% Bonus,0,7,49,,,,25
powergardens.shop,https://powergardens.shop/,200,PowerGardens – Solar Panels and Installation Services in Spain by PowerGardens,20,14,2,,,,5
powerplay247.org,https://powerplay247.org/,200,Online Casino & Sports Betting,0,0,6,,,,0
powiatzgorzelecki.pl,https://powiatzgorzelecki.pl/,200,Starostwo Powiatowe w Zgorzelcu,1,111,65,,,,25
pozytywni-poznan.pl,https://pozytywni-poznan.pl/,200,Home - Pozytywni Poznań - Dla Zdrowia I Dobra Samopoczucia,0,105,3,,,,1
pp247.vip,https://pp247.vip/,200,Online Casino & Sports Betting,0,0,6,,,,0
predictivehomoeopathy.com,https://predictivehomoeopathy.com/,200,"Mostbet - spor ve casino bahisleri Türkiye'de: giriş, kayıt, indir",22,2,1,,https://predictivehomoeopathy.com/mostbet/,,1
prestigesauna.ru,https://prestigesauna.ru/,200,Мостбет официальный сайт – Регистрация и рабочее зеркало Mostbet Casino,53,1,0,,,dashplay37.com,1
previdencianapratica.com,https://previdencianapratica.com/,200,Previdência Na Prática – A prática previdenciária para quem deseja processos impossíveis de serem negados pelo INSS,81,14,3,,,,7
prezentikon.pl,https://kskrobia.pl/,200,Bonusy kasynowe: Przewodnik po promocjach w kasynie z bonusem,2,14,4,,,,7
prideofdetroit.com,https://www.prideofdetroit.com/,200,Pride Of Detroit,0,163,103,,,,25
prideofpoland.com,https://prideofpoland.com/,200,Mostbet: Logowanie i bonusy w kasynie Mostbet w Polsce,144,25,2,,https://prideofpoland.com/play,,1
primacinema.com,https://www.primacinema.com/,200,Mostbet AZ Giriş ᐉ Mostbet Azerbaycan Rəsmi Casino,143,12,6,,https://www.primacinema.com/play,,3
primacinemacom130.top,https://primacinemacom130.top/,200,Mostbet AZ Giriş ᐉ Mostbet Azerbaycan Rəsmi Casino,135,2,7,,,cf2w2a827cgd.top,4
primacinemacom140.top,https://primacinemacom140.top/,200,Mostbet AZ Giriş ᐉ Mostbet Azerbaycan Rəsmi Casino,135,2,7,,,cf2w2a827cgd.top,4
primacinemacom154.top,https://primacinemacom154.top/,200,Mostbet AZ Giriş ᐉ Mostbet Azerbaycan Rəsmi Casino,135,2,7,,,cf2w2a827cgd.top,4
primacinemacom165.top,https://primacinemacom165.top/,200,Mostbet AZ Giriş ᐉ Mostbet Azerbaycan Rəsmi Casino,135,2,7,,,cf2w2a827cgd.top,4
primacinemacom225.top,https://primacinemacom225.top/,200,Mostbet AZ Giriş ᐉ Mostbet Azerbaycan Rəsmi Casino,135,2,7,,,cf2w2a827cgd.top,4
primacinemacom228.top,https://primacinemacom228.top/,200,Mostbet AZ Giriş ᐉ Mostbet Azerbaycan Rəsmi Casino,135,2,7,,,cf2w2a827cgd.top,4
primacinemacom301.top,https://primacinemacom301.top/,200,Mostbet AZ Giriş ᐉ Mostbet Azerbaycan Rəsmi Casino,135,2,7,,,cf2w2a827cgd.top,4
primacinemacom308.top,https://primacinemacom308.top/,200,Mostbet AZ Giriş ᐉ Mostbet Azerbaycan Rəsmi Casino,135,2,7,,,cf2w2a827cgd.top,4
primacinemacom354.top,https://primacinemacom354.top/,200,Mostbet AZ Giriş ᐉ Mostbet Azerbaycan Rəsmi Casino,135,2,7,,,cf2w2a827cgd.top,4
primacinemacom387.top,https://primacinemacom387.top/,200,Mostbet AZ Giriş ᐉ Mostbet Azerbaycan Rəsmi Casino,135,2,7,,,cf2w2a827cgd.top,4
primacinemacom429.top,https://primacinemacom429.top/,200,Mostbet AZ Giriş ᐉ Mostbet Azerbaycan Rəsmi Casino,135,2,7,,,cf2w2a827cgd.top,4
primacinemacom434.top,https://primacinemacom434.top/,200,Mostbet AZ Giriş ᐉ Mostbet Azerbaycan Rəsmi Casino,135,2,7,,,cf2w2a827cgd.top,4
primacinemacom459.top,https://primacinemacom459.top/,200,Mostbet AZ Giriş ᐉ Mostbet Azerbaycan Rəsmi Casino,135,2,7,,,cf2w2a827cgd.top,4
primacinemacom620.top,https://primacinemacom620.top/,200,Mostbet AZ Giriş ᐉ Mostbet Azerbaycan Rəsmi Casino,135,2,7,,,cf2w2a827cgd.top,4
primacinemacom626.top,https://primacinemacom626.top/,200,Mostbet AZ Giriş ᐉ Mostbet Azerbaycan Rəsmi Casino,135,2,7,,,cf2w2a827cgd.top,4
primacinemacom662.top,https://primacinemacom662.top/,200,Mostbet AZ Giriş ᐉ Mostbet Azerbaycan Rəsmi Casino,135,2,7,,,cf2w2a827cgd.top,4
primacinemacom664.top,https://primacinemacom664.top/,200,Mostbet AZ Giriş ᐉ Mostbet Azerbaycan Rəsmi Casino,135,2,7,,,cf2w2a827cgd.top,4
primacinemacom667.top,https://primacinemacom667.top/,200,Mostbet AZ Giriş ᐉ Mostbet Azerbaycan Rəsmi Casino,135,2,7,,,cf2w2a827cgd.top,4
primacinemacom668.top,https://primacinemacom668.top/,200,Mostbet AZ Giriş ᐉ Mostbet Azerbaycan Rəsmi Casino,135,2,7,,,cf2w2a827cgd.top,4
primacinemacom678.top,https://primacinemacom678.top/,200,Mostbet AZ Giriş ᐉ Mostbet Azerbaycan Rəsmi Casino,135,2,7,,,cf2w2a827cgd.top,4
primacinemacom698.top,https://primacinemacom698.top/,200,Mostbet AZ Giriş ᐉ Mostbet Azerbaycan Rəsmi Casino,135,2,7,,,cf2w2a827cgd.top,4
primacinemacom708.top,https://primacinemacom708.top/,200,Mostbet AZ Giriş ᐉ Mostbet Azerbaycan Rəsmi Casino,135,2,7,,,cf2w2a827cgd.top,4
primacinemacom709.top,https://primacinemacom709.top/,200,Mostbet AZ Giriş ᐉ Mostbet Azerbaycan Rəsmi Casino,135,2,7,,,cf2w2a827cgd.top,4
primacinemacom710.top,https://primacinemacom710.top/,200,Mostbet AZ Giriş ᐉ Mostbet Azerbaycan Rəsmi Casino,135,2,7,,,cf2w2a827cgd.top,4
primacinemacom711.top,https://primacinemacom711.top/,200,Mostbet AZ Giriş ᐉ Mostbet Azerbaycan Rəsmi Casino,135,2,7,,,cf2w2a827cgd.top,4
primacinemacom712.top,https://primacinemacom712.top/,200,Mostbet AZ Giriş ᐉ Mostbet Azerbaycan Rəsmi Casino,135,2,7,,,cf2w2a827cgd.top,4
primacinemacom713.top,https://primacinemacom713.top/,200,Mostbet AZ Giriş ᐉ Mostbet Azerbaycan Rəsmi Casino,135,2,7,,,cf2w2a827cgd.top,4
primacinemacom724.top,https://primacinemacom724.top/,200,Mostbet AZ Giriş ᐉ Mostbet Azerbaycan Rəsmi Casino,135,2,7,,,cf2w2a827cgd.top,4
primacinemacom726.top,https://primacinemacom726.top/,200,Mostbet AZ Giriş ᐉ Mostbet Azerbaycan Rəsmi Casino,135,2,7,,,cf2w2a827cgd.top,4
primacinemacom737.top,https://primacinemacom737.top/,200,Mostbet AZ Giriş ᐉ Mostbet Azerbaycan Rəsmi Casino,135,2,7,,,cf2w2a827cgd.top,4
primacinemacom757.top,https://primacinemacom757.top/,200,Mostbet AZ Giriş ᐉ Mostbet Azerbaycan Rəsmi Casino,135,2,7,,,cf2w2a827cgd.top,4
primacinemacom843.top,https://primacinemacom843.top/,200,Mostbet AZ Giriş ᐉ Mostbet Azerbaycan Rəsmi Casino,135,2,7,,,cf2w2a827cgd.top,4
primacinemacom852.top,https://primacinemacom852.top/,200,Mostbet AZ Giriş ᐉ Mostbet Azerbaycan Rəsmi Casino,135,2,7,,,cf2w2a827cgd.top,4
primacinemacom875.top,https://primacinemacom875.top/,200,Mostbet AZ Giriş ᐉ Mostbet Azerbaycan Rəsmi Casino,135,2,7,,,cf2w2a827cgd.top,4
primacinemacom894.top,https://primacinemacom894.top/,200,Mostbet AZ Giriş ᐉ Mostbet Azerbaycan Rəsmi Casino,135,2,7,,,cf2w2a827cgd.top,4
primacinemacom899.top,https://primacinemacom899.top/,200,Mostbet AZ Giriş ᐉ Mostbet Azerbaycan Rəsmi Casino,135,2,7,,,cf2w2a827cgd.top,4
primacinemacom900.top,https://primacinemacom900.top/,200,Mostbet AZ Giriş ᐉ Mostbet Azerbaycan Rəsmi Casino,135,2,7,,,cf2w2a827cgd.top,4
primacinemacom914.top,https://primacinemacom914.top/,200,Mostbet AZ Giriş ᐉ Mostbet Azerbaycan Rəsmi Casino,135,2,7,,,cf2w2a827cgd.top,4
printerval.com,https://printerval.com/,200,"Printerval | Handmades, Personalized Custom Clothes & Gifts",0,163,43,,,,25
printio.ru,https://printio.ru/,200,Футболки с принтами 👕 в Москве: одежда с принтом 👚 в интернет-магазине Printio,0,415,4,,,,1
privacysavvy.com,https://privacysavvy.com/,200,"Privacy news, guides, VPN and other security software reviews - PrivacySavvy",0,107,9,,,,3
pro-finances.ru,https://pro-finances.ru/,200,Мостбет БК играть на официальном сайте | Mostbet,50,1,0,,,dashplay37.com,1
probabilities.cc,https://probabilities.cc/,200,Mostbet Casino - Mostbet Giriş - Güncel Adres 2025,229,1,7,,,,1
produkty43.ru,https://produkty43.ru/,200,"Мостбет зеркало, Мостбет Казино – рабочее зеркало Мостбет сегодня",67,1,0,,,dashplay37.com,1
profmedblog.ru,https://profmedblog.ru/,200,"Мостбет зеркало и Мостбет Casino — быстрый доступ, бонусы, FS, выплаты",55,1,0,,,dashplay37.com,1
profumeriemallardo.com,https://www.profumeriemallardo.com/shop/,200,Profumerie Mallardo Shop On Line - GPM S.r.l.,0,711,18,,,,19
project-sunrise.eu,https://project-sunrise.eu/,200,Mostbet casino — Oficjalna Strona w Polsce 2026,48,22,1,,,partners-official.com,3
project-veripage.com,https://www.project-veripage.com/,200,Мостбет зеркало | Вход на официальный сайт казино Mostbet,96,13,3,,,4hkpul44.top,4
projectrisefitness.com,https://projectrisefitness.com/,200,Mostbet AZ: Canlı İdman Mərcləri və Yüksək Əmsallar,85,11,3,,,,2
promodesi.com,https://promodesi.com/,200,No Deposit Bonus Betting 2026 | भारत गाइड,0,24,4,,,,2
promozplay.it,https://promozplay.it/,200,promozplay.it | Promozioni Zplay,20,19,2,,,,6
props.com,https://props.com/,200,"Sports Betting News, Sportsbook Reviews & Prop Betting Info",0,129,10,,,engagebetr.onelink.me go.chalkboard.io play.underdogfantasy.com sleeper.com,11
prosolchile.cl,https://prosolamerica.com/,200,Prosol América,0,59,7,,,,13
prrobo.com,https://prrobo.com/,200,Online Casino & Sports Betting,0,0,6,,,,0
pruss.biz,https://pruss.biz/,200,"Региональная общественная организация ""Королевская Гора""",0,11,7,,,,7
przeczytanewsieci.pl,https://przeczytanewsieci.pl/,200,"Wazamba Casino i Kasyno Wazamba — platforma gier, bonusy i szybkie wypłaty",0,3,2,,,mio.novarao.com,1
psg.fr,https://www.psg.fr/en,200,PSG.FR | Official site of Paris Saint-Germain,0,124,61,,,,25
psse-szamotuly.pl,https://psse-szamotuly.pl/,200,Mostbet Casino — Najlepsze Bonusy dla Nowych Graczy w Polsce,49,24,1,,,partners-official.com,3
psu.com,https://www.psu.com/,200,"PlayStation Universe - PS5, PS4, PSVR, PS Vita News and Reviews",0,123,3,,,,0
psyarabic.com,https://psyarabic.com/,200,الرئيسية - علم النفس بالعربي,0,81,7,,,,8
publitea.com,https://publitea.com/,200,Publitea.com,0,6,6,,,,3
pujcovna-minikaravanu.cz,https://www.ordinace-hladikova.cz/,200,Mostbet ᐉ Sportovní sázení a kasino v Česku 2026,144,9,2,,,serffigylqrdkh.help,2
pujcsiminibagr.cz,https://pujcsiminibagr.cz/,200,MostBet Casino 2026: Bonus 125% a 250 Otočení Zdarma ČR,38,0,4,,,,2
pumpdraft.fun,https://pumpdraft.fun/,200,PumpDraft — Pari-Mutuel Prediction Market on Robinhood Chain,0,7,0,,,,1
puritrip.in,https://puritrip.in/,200,Mostbet Pakistan: Apuestas Seguras con Easypaisa y JazzCash,71,13,3,,,,3
purorestaurante.pt,https://purorestaurante.pt/,200,Tower Rush 2026 : jouer à la démo gratuite du jeu crash Galaxsys,0,17,4,,,,3
pursueconsultancy.com,https://pursueconsultancy.com/,200,Pursue Consultancy - a new perspective to the way recruitment is done,0,25,9,,,,11
pwclorg105.top,https://pwclorg105.top/,200,Mostbet AZ | Rəsmi internet saytında giriş və qeydiyyat | Mostbet-az90,91,3,0,,,aos9d9e9g0o.top,1
pwclorg113.top,https://pwclorg113.top/,200,Mostbet AZ | Rəsmi internet saytında giriş və qeydiyyat | Mostbet-az90,91,3,0,,,aos9d9e9g0o.top,1
pwclorg186.top,https://pwclorg186.top/,200,Mostbet AZ | Rəsmi internet saytında giriş və qeydiyyat | Mostbet-az90,91,3,0,,,aos9d9e9g0o.top,1
pwclorg193.top,https://pwclorg193.top/,200,Mostbet AZ | Rəsmi internet saytında giriş və qeydiyyat | Mostbet-az90,91,3,0,,,aos9d9e9g0o.top,1
pwclorg243.top,https://pwclorg243.top/,200,Mostbet AZ | Rəsmi internet saytında giriş və qeydiyyat | Mostbet-az90,91,3,0,,,aos9d9e9g0o.top,1
pwclorg255.top,https://pwclorg255.top/,200,Mostbet AZ | Rəsmi internet saytında giriş və qeydiyyat | Mostbet-az90,91,3,0,,,aos9d9e9g0o.top,1
pwclorg329.top,https://pwclorg329.top/,200,Mostbet AZ | Rəsmi internet saytında giriş və qeydiyyat | Mostbet-az90,91,3,0,,,aos9d9e9g0o.top,1
pwclorg340.top,https://pwclorg340.top/,200,Mostbet AZ | Rəsmi internet saytında giriş və qeydiyyat | Mostbet-az90,91,3,0,,,aos9d9e9g0o.top,1
pwclorg353.top,https://pwclorg353.top/,200,Mostbet AZ | Rəsmi internet saytında giriş və qeydiyyat | Mostbet-az90,91,3,0,,,aos9d9e9g0o.top,1
pwclorg364.top,https://pwclorg364.top/,200,Mostbet AZ | Rəsmi internet saytında giriş və qeydiyyat | Mostbet-az90,91,3,0,,,aos9d9e9g0o.top,1
pwclorg371.top,https://pwclorg371.top/,200,Mostbet AZ | Rəsmi internet saytında giriş və qeydiyyat | Mostbet-az90,91,3,0,,,aos9d9e9g0o.top,1
pwclorg374.top,https://pwclorg374.top/,200,Mostbet AZ | Rəsmi internet saytında giriş və qeydiyyat | Mostbet-az90,91,3,0,,,aos9d9e9g0o.top,1
pwclorg395.top,https://pwclorg395.top/,200,Mostbet AZ | Rəsmi internet saytında giriş və qeydiyyat | Mostbet-az90,91,3,0,,,aos9d9e9g0o.top,1
pwclorg442.top,https://pwclorg442.top/,200,Mostbet AZ | Rəsmi internet saytında giriş və qeydiyyat | Mostbet-az90,91,3,0,,,aos9d9e9g0o.top,1
pwclorg456.top,https://pwclorg456.top/,200,Mostbet AZ | Rəsmi internet saytında giriş və qeydiyyat | Mostbet-az90,91,3,0,,,aos9d9e9g0o.top,1
pwclorg470.top,https://pwclorg470.top/,200,Mostbet AZ | Rəsmi internet saytında giriş və qeydiyyat | Mostbet-az90,91,3,0,,,aos9d9e9g0o.top,1
pwclorg556.top,https://pwclorg556.top/,200,Mostbet AZ | Rəsmi internet saytında giriş və qeydiyyat | Mostbet-az90,91,3,0,,,aos9d9e9g0o.top,1
pwclorg618.top,https://pwclorg618.top/,200,Mostbet AZ | Rəsmi internet saytında giriş və qeydiyyat | Mostbet-az90,91,3,0,,,aos9d9e9g0o.top,1
pwclorg624.top,https://pwclorg624.top/,200,Mostbet AZ | Rəsmi internet saytında giriş və qeydiyyat | Mostbet-az90,91,3,0,,,aos9d9e9g0o.top,1
pwclorg651.top,https://pwclorg651.top/,200,Mostbet AZ | Rəsmi internet saytında giriş və qeydiyyat | Mostbet-az90,91,3,0,,,aos9d9e9g0o.top,1
pwclorg718.top,https://pwclorg718.top/,200,Mostbet AZ | Rəsmi internet saytında giriş və qeydiyyat | Mostbet-az90,91,3,0,,,aos9d9e9g0o.top,1
pwclorg723.top,https://pwclorg723.top/,200,Mostbet AZ | Rəsmi internet saytında giriş və qeydiyyat | Mostbet-az90,91,3,0,,,aos9d9e9g0o.top,1
pwclorg740.top,https://pwclorg740.top/,200,Mostbet AZ | Rəsmi internet saytında giriş və qeydiyyat | Mostbet-az90,91,3,0,,,aos9d9e9g0o.top,1
pwclorg783.top,https://pwclorg783.top/,200,Mostbet AZ | Rəsmi internet saytında giriş və qeydiyyat | Mostbet-az90,91,3,0,,,aos9d9e9g0o.top,1
pwclorg880.top,https://pwclorg880.top/,200,Mostbet AZ | Rəsmi internet saytında giriş və qeydiyyat | Mostbet-az90,91,3,0,,,aos9d9e9g0o.top,1
pwclorg906.top,https://pwclorg906.top/,200,Mostbet AZ | Rəsmi internet saytında giriş və qeydiyyat | Mostbet-az90,91,3,0,,,aos9d9e9g0o.top,1
pwclorg915.top,https://pwclorg915.top/,200,Mostbet AZ | Rəsmi internet saytında giriş və qeydiyyat | Mostbet-az90,91,3,0,,,aos9d9e9g0o.top,1
pwclorg931.top,https://pwclorg931.top/,200,Mostbet AZ | Rəsmi internet saytında giriş və qeydiyyat | Mostbet-az90,91,3,0,,,aos9d9e9g0o.top,1
pwclorg946.top,https://pwclorg946.top/,200,Mostbet AZ | Rəsmi internet saytında giriş və qeydiyyat | Mostbet-az90,91,3,0,,,aos9d9e9g0o.top,1
pykka.org,https://pykka.org/,200,"Mostbet BD – Online Casino, Play & Betting in Bangladesh | Mostbet",213,26,1,,https://pykka.org/play,,3
qr77x1ps360.click,https://www.google.com/,200,Google,0,34,7,,,,10
quailhollowfarmcsa.com,https://quailhollowfarmcsa.com/,200,Magyar online kaszinók — Szakértői értékelések 2026,0,28,5,,,,4
quaintjaipur.in,https://www.quaintjaipur.in/,200,Mostbet India | Official Sportsbook & Online Casino 2026,142,5,3,,,,3
quants.co.za,https://quants.co.za/,200,Home - Quantum Actuaries,0,24,155,,,,25
quatro-casino0-nz.com,https://quatro-casino0-nz.com/,200,Quatro Casino New Zealand 🎰 Best Online Casino NZ 2026 【EXCLUSIVE BONUS】 Premium Games & Mobile,0,17,1,,,og-le-uv.buzz,4
quran-sunnahacademy.xyz,https://quran-sunnahacademy.xyz/,200,Quran Sunnah Academy,0,44,6,,,,7
r-haier-service.ru,https://r-haier-service.ru/,200,Мостбет Казино (Mostbet Casino) - зеркало официального сайта,44,1,0,,,dashplay37.com,1
r-opizza.com,http://www.r-opizza.com/,200,Mostbet Casino Azərbaycan giriş,11,1,0,,http://www.r-opizza.com/go/,,1
r88slotter1.xyz,https://r88slotter1.xyz/,200,R88SLOT - Akses Termudah Dalam Mendapat Kemenangan Abad ini,0,83,17,,,,21
rabbitblack.ru,https://rabbitblack.ru/,200,Blackrabbit - Клуб лояльности в Санкт-Петербурге,6,40,3,,,,4
rabota-kfc.ru,https://rabota-kfc.ru/,200,"Мостбет Casino и Мостбет зеркало рабочее: бонусы, вход, регистрация",53,1,0,,,dashplay37.com,1
radaronline.com,https://radaronline.com/,200,Latest Celebrity News & Entertainment News | RadarOnline,0,86,14,,,,8
radiantacademy.co.in,https://radiantacademy.co.in/,200,Mostbet Aviator Pakistan – Play in App for Real Money,58,11,3,,,,2
radiantd.ru,https://radiantd.ru/,200,"Мостбет зеркало, Mostbet Casino – рабочее зеркало Мостбет【2024】",50,1,0,,,dashplay37.com,1
radiostroi.ru,https://radiostroi.ru/,200,Lingwa — учи языки на живых словах,0,125,1,,,,9
radstudiouk.co.uk,https://radstudiouk.co.uk/,200,Best Betting Sites: Top New Online Bookmakers in the UK,0,18,27,,,,23
rahpubs.com,https://rahpubs.com/,200,Rahpubs,0,15,3,,,,2
rajabets-india.app,https://rajabets-india.app/,200,Rајаbеtѕ Αрр Dοwnlοаd fοr Αndrοіd (арk) аnd іОЅ (Lаtеѕt Vеrѕіοn),1,11,3,,,click.affiliaterajbet.com,6
rajeducations.com,https://rajeducations.com/,200,Home - Rajeducations,0,36,6,,,,8
rajmahaldundee.co.uk,https://rajmahaldundee.co.uk/,200,Best Betting Sites: Top New Online Bookmakers in the UK,0,18,27,,,,23
rakhoitvlive.com,https://rakhoitvlive.com/,200,Rakhoi – Nền tảng xem bóng đá trực tuyến miễn phí được yêu thích hàng đầu tại Việt Nam,0,26,14,,,,14
rakuten.co.jp,https://www.rakuten.co.jp/,200,,0,0,0,thin_page,,,0
rama123slot.com,https://rama123slot.com/,200,RAMA123 ~_~ Nyesel Rugi Kemarin The Worlds Best Online Game Site Released,0,10,5,,,,3
ramchaganti.com,https://ramchaganti.com/,200,ramchaganti.com,0,21,6,,,,5
ramsheadbarandgrill.com,https://ramsheadbarandgrill.com/,200,Mostbet Casino Azərbaycan giriş,11,1,0,,https://ramsheadbarandgrill.com/go/,,1
ramza.pk,https://ramza.pk/,200,Ramza Pakistan | Electric Scooters & AIMA EV Mobility,0,32,3,,,,6
randalltysinger.com,http://randalltysinger.com/,200,NameBright - Domain Expired,0,0,2,,,,2
rangersband.cz,https://rangersband.cz/,200,"Mostbet Česko, 2026: Špičkový portál pro sportovní sázky a online kasino",104,6,5,,,,4
raowaforum.org,https://raowaforum.org/,200,"Official Banger Casino | Bonus Up to BDT 27,000 + 250 FS",0,6,2,,,,0
raphaelapparel.com,https://raphaelapparel.com/,200,Raphael Apparel | Raphaelapparel,0,15,1,,,,5
rapidcasinogamet.com,https://rapidcasinogamet.com/,200,rapid casino game - 🍁 پاکستان کیلئے ہائی آڈز ویجرنگ اور لگژری وی آئی پی کیسینو انٹرٹینمنٹ,0,20,4,,,,7
rate-a-business.com,https://rate-a-business.com/,200,Cara Daftar 1xBet 2026: Buka Akun dan Mulai Main Hari Ini,0,8,8,,,mangeasy.com,8
rating-mostbet-casino10.top,https://rating-mostbet-casino11.top/,200,Мостбет официальный сайт ᐉ БК Mostbet зеркало рабочее | Вход и регистрация в казино,119,1,1,,,a8qbwd9m19.top,1
rating-mostbet-casino11.top,https://rating-mostbet-casino11.top/,200,Мостбет официальный сайт ᐉ БК Mostbet зеркало рабочее | Вход и регистрация в казино,119,1,1,,,a8qbwd9m19.top,1
rating-mostbet-casino7.top,https://rating-mostbet-casino11.top/,200,Мостбет официальный сайт ᐉ БК Mostbet зеркало рабочее | Вход и регистрация в казино,119,1,1,,,a8qbwd9m19.top,1
rating-mostbet-casino8.top,https://rating-mostbet-casino11.top/,200,Мостбет официальный сайт ᐉ БК Mostbet зеркало рабочее | Вход и регистрация в казино,119,1,1,,,a8qbwd9m19.top,1
rating-mostbet-casino9.top,https://rating-mostbet-casino11.top/,200,Мостбет официальный сайт ᐉ БК Mostbet зеркало рабочее | Вход и регистрация в казино,119,1,1,,,a8qbwd9m19.top,1
rawstory.com,https://www.rawstory.com/,200,Raw Story - Celebrating 20 Years of Independent Journalism,0,85,31,,,,17
razlan.net,https://razlan.net/,200,Andar Bahar IN⚡ Online Real Money,0,5,2,,,,0
razmnojenie.ru,https://razmnojenie.ru/,200,Мостбет: букмекерская контора и казино Mostbet на официальном сайте,93,1,4,,,onxpromototal.com,3
reactconsulting.org,https://reactconsulting.org/,200,Best Online Casinos in Bangladesh | Top 6 Sites for 2025,5,12,3,,,,2
recofficial.com,https://recofficial.com/,200,REC OFFICIAL – Record Label & Events,0,28,2,,,,3
red-stag-casino-us.com,https://red-stag-casino-us.com/,200,"Red Stag Casino OFFICIAL SITE 🔥 USA Players Welcome 【Exclusive Bonuses 2026】 RTG Slots, Banking & More",0,26,1,,,og-le-uv.buzz,3
refrihotel.com,https://refrihotel.com/,200,REFRIHOTEL,0,31,4,,,,4
registercompanyinnepal.com,https://registercompanyinnepal.com/,200,Mostbet Nepal Official: Online Sports Betting & Casino 2026,64,12,3,,,,2
registrationelite.com,https://registrationelite.com/,200,"Mostbet Azərbaycan: qeydiyyat, bonuslar və mobil mərclər",40,9,3,,,,2
rehabforcovid19.com,https://rehabforcovid19.com/,200,1xbet daftar akun baru 2026 dan klaim bonus deposit,0,8,8,,,mangeasy.com,8
reklamowka.net.pl,https://reklamowka.net.pl/,200,reklamowka.net.pl,0,0,3,,,,3
relfab.com,https://reliablefabricatorsllc.com,200,Reliable Fabricators L.L.C.,0,24,1,,,,2
renoserwis.pl,https://renoserwis.pl/,200,Katalog Firm - Reno Serwis,0,0,31,,,,25
reorgfelszamolo.hu,https://www.reorgfelszamolo.hu/,200,Magyar online kaszinó licenc és szabályozottság - top,0,2,3,,,,1
repsgympreston.com,https://docmanager.co.in/,200,LUCKYWIN - Nhà Cái Cá Cược Uy Tín Số #1 Việt Nam | Lucky Win +88K,0,37,22,,,,19
repswatch.com,https://repswatch.com/,200,Mostbet Portugal – Apostas e Jogos de Cassino com Bónus Generoso,72,3,1,,https://repswatch.com/go,,1
republicofpirates.net,https://republicofpirates.net/,200,Mostbet Casino | Kasyno Online Polska - Oficjalna Strona,17,1,14,,,xfx1363th.top,15
repuestosbechara.com.ar,https://repuestosbechara.com.ar/,200,Repuestos Bechara,0,8,0,,,,0
resilientdairylandscapes.com,https://thedroneadventure.com/,200,SULTAN88 ✈️ Putaran Keramat Sultan SLOT88 Pembawa Hoki Paling Gampang Maxwin,0,9,30,,,,7
ressourcerielevis.com,https://ressourcerielevis.com/,200,Mostbet Azərbaycan Kazinosu 2026 – Təhlükəsiz Onlayn Mərc və Casino Platforması,51,4,3,,,,2
restauraceletka.cz,https://restauraceletka.cz/,200,Restaurace Letka | Poctivá česká kuchyně a denní menu,2,14,5,,,,3
restauranteimprovavel.pt,https://restauranteimprovavel.pt/,200,Tower Rush 2026 : jouer au jeu crash Galaxsys démo gratuite,0,17,4,,,,3
restolwoodoil.co.uk,https://restolwoodoil.co.uk/,200,Best Betting Sites: Top New Online Bookmakers in the UK,0,18,27,,,,23
retaper.xyz,https://retaper.xyz/,200,恭喜，站点创建成功！,0,0,0,thin_page,,,0
retrobetcasinor.com,https://retrobetcasinor.com/,200,Retro Bet Casinoگیمز-پاکستان میں کریش گیم انسٹنٹ موڈ میں بیٹنگ اور اعلیٰ ریٹرن اوڈز Retro Bet Casino.com,0,20,4,,,,7
retrogamingcollector.com,http://retrogamingcollector.com/,200,NameBright - Domain Expired,0,0,2,,,,2
retrostyler.com,https://retrostyler.com/,200,Best Betting Sites: Top New Online Bookmakers in the UK,0,18,27,,,,23
revgroup.com,https://revgroup.com/,200,Home - REV Group,0,48,34,,,,25
reviewmostbet.online,http://reviewmostbet.online/,200,,0,0,8,,,,6
revistagep.org,https://www.revistagep.org/,200,"Mostbet ⇒ Bônus 1,700 BRL ⇒ Site oficial da Mostbet no Brasil",20,1,13,,,3kpdvpvl-sert.top,14
revolution-casinoonline.de,https://revolution-casinoonline.de/,200,"Revolution Casino Bewertung 2026: Bonus, Spiele und Auszahlung",0,10,1,,,spin4win.live,2
revolutioncasino.de.com,https://revolutioncasino.de.com/,200,Revolution Casino – Offizielles Online Casino,0,10,1,,,spin4win.live,2
rh-hostel.pl,https://rh-hostel.pl/,200,Pistolo Casino - Odkryj stoły z prawdziwymi krupierami i ciesz się ogromnymi nagrodami,0,13,2,,,,2
rhinobetv.com,https://rhinobetv.com/,200,Rhino bet - 💰 پاکستان میں ہائی رولر کرکٹ بیٹنگ اور پریمیم سلاٹ سروس,0,20,4,,,,7
richmondcold.com,https://www.richmondcold.com/,200,richmondcold.com,0,0,0,thin_page,,,0
ridetheborder.com,https://ridetheborder.com/,200,SINAR128 | Cahaya Kecil Buat Hari Tidak Redup,0,105,137,,,,25
ridingbitchblog.com,https://ridingbitchblog.com/,200,"House of Lifestyle, women and Relationship",0,123,170,,,,25
ringgitbet.net,https://ringgitbet.net/,200,RINGGITBET - Taklukkan Musuh Lewat Strategi Formasi Adaptif Terbaru,0,244,18,,,,13
riocoloradogolfcourse.com,https://riocoloradogolfcourse.com/,200,Mostbet Azərbaycan – Rəsmi Mərc və Kazino Saytı | 7000₺ Bonus + 250 FS,44,9,3,,,,2
riosoares.com,https://www.riosoares.com/,200,"Mostbet Portugal 2026: Login, App e Bónus de €1.800 | Review",48,13,3,,,,2
ritzo-casino-bonus-ceska.com,https://ritzo-casino-bonus-ceska.com/,200,Ritzo Bonus 2026 | 20 Free Spinů Bez Vkladu + €200,0,5,1,,,,0
ritzo-casino-bonus-cz.com,https://ritzo-casino-bonus-cz.com/,200,Ritzo Casino bonus až 75 000 CZK a free spiny,0,2,0,,https://ritzo-casino-bonus-cz.com/go/go.php,,1
riversedgepc.com,https://riversedgepc.com/,200,Rivers Edge Psychological Services – Rivers Edge Psychology,0,7,5,,,,4
rkyhospital.com,https://rkyhospital.com/,200,Mostbet Aviator: Experience the Thrill of High-Stakes Social Gaming,41,12,3,,,,2
rlifiles-1.cfd,https://rlifiles-1.cfd/,200,Mostbet AZ Giriş ᐉ Mostbet Azerbaycan Rəsmi Casino,135,2,7,,,cf2w2a827cgd.top,4
rlifiles-1.xyz,https://rlifiles-1.xyz/,200,Mostbet AZ Giriş ᐉ Mostbet Azerbaycan Rəsmi Casino,135,2,7,,,cf2w2a827cgd.top,4
rlifiles-10.cfd,https://rlifiles-10.cfd/,200,Mostbet AZ Giriş ᐉ Mostbet Azerbaycan Rəsmi Casino,135,2,7,,,cf2w2a827cgd.top,4
rlifiles-11.cfd,https://rlifiles-11.cfd/,200,Mostbet AZ Giriş ᐉ Mostbet Azerbaycan Rəsmi Casino,135,2,7,,,cf2w2a827cgd.top,4
rlifiles-12.cfd,https://rlifiles-12.cfd/,200,Mostbet AZ Giriş ᐉ Mostbet Azerbaycan Rəsmi Casino,135,2,7,,,cf2w2a827cgd.top,4
rlifiles-13.cfd,https://rlifiles-13.cfd/,200,Mostbet AZ Giriş ᐉ Mostbet Azerbaycan Rəsmi Casino,135,2,7,,,cf2w2a827cgd.top,4
rlifiles-2.cfd,https://rlifiles-2.cfd/,200,Mostbet AZ Giriş ᐉ Mostbet Azerbaycan Rəsmi Casino,135,2,7,,,cf2w2a827cgd.top,4
rlifiles-2.xyz,https://rlifiles-2.xyz/,200,Mostbet AZ Giriş ᐉ Mostbet Azerbaycan Rəsmi Casino,135,2,7,,,cf2w2a827cgd.top,4
rlifiles-3.cfd,https://rlifiles-3.cfd/,200,Mostbet AZ Giriş ᐉ Mostbet Azerbaycan Rəsmi Casino,135,2,7,,,cf2w2a827cgd.top,4
rlifiles-3.xyz,https://rlifiles-3.xyz/,200,Mostbet AZ Giriş ᐉ Mostbet Azerbaycan Rəsmi Casino,135,2,7,,,cf2w2a827cgd.top,4
rlifiles-4.cfd,https://rlifiles-4.cfd/,200,Mostbet AZ Giriş ᐉ Mostbet Azerbaycan Rəsmi Casino,135,2,7,,,cf2w2a827cgd.top,4
rlifiles-5.cfd,https://rlifiles-5.cfd/,200,Mostbet AZ Giriş ᐉ Mostbet Azerbaycan Rəsmi Casino,135,2,7,,,cf2w2a827cgd.top,4
rlifiles-6.cfd,https://rlifiles-6.cfd/,200,Mostbet AZ Giriş ᐉ Mostbet Azerbaycan Rəsmi Casino,135,2,7,,,cf2w2a827cgd.top,4
rlifiles-7.cfd,https://rlifiles-7.cfd/,200,Mostbet AZ Giriş ᐉ Mostbet Azerbaycan Rəsmi Casino,135,2,7,,,cf2w2a827cgd.top,4
rlifiles-8.cfd,https://rlifiles-8.cfd/,200,Mostbet AZ Giriş ᐉ Mostbet Azerbaycan Rəsmi Casino,135,2,7,,,cf2w2a827cgd.top,4
rlifiles-9.cfd,https://rlifiles-9.cfd/,200,Mostbet AZ Giriş ᐉ Mostbet Azerbaycan Rəsmi Casino,135,2,7,,,cf2w2a827cgd.top,4
rlifiles.cfd,https://rlifiles.cfd/,200,Mostbet AZ Giriş ᐉ Mostbet Azerbaycan Rəsmi Casino,135,2,7,,,cf2w2a827cgd.top,4
rlifiles.com,https://rlifiles.com/,200,Mostbet AZ Giriş ᐉ Mostbet Azerbaycan Rəsmi Casino,143,12,6,,,cf2w2a827cgd.top,3
rlifiles.xyz,https://rlifiles.xyz/,200,Mostbet AZ Giriş ᐉ Mostbet Azerbaycan Rəsmi Casino,135,2,7,,,cf2w2a827cgd.top,4
roastfoodrecipes.com,https://roastfoodrecipes.com/,200,Your domain is expired,0,0,7,,,,7
roblox.com,https://www.roblox.com/,200,Play Free Online Games on Roblox - Sign Up to Play! - Roblox,0,1,8,,,,1
rockbeaupre.com,https://www.rockbeaupre.com/,200,FUN88 ⭐ Link Vào FUN88 Mới Nhất 2026 | Trang Chủ Chính Thức,0,32,16,,,,7
rocroy-anciens.org,https://rocroy-anciens.org/,200,"Mostbet Bangladesh: Official Site & 25,000 BDT Bonus",69,12,3,,,,3
rodrockcuttinghorses.com,https://rodrockcuttinghorses.com/,200,"MostBet Portugal Oficial – Apostas Desportivas, Casino Online e Bónus Exclusivos",101,9,3,,,,2
roger.com,https://www.roger.com/,200,"Roger.com: Licensed UK Casinos, Slots & Bingo Sites Reviewed",0,156,11,,,ads.boylesports.com ads.slotstemple.com affiliate.midnite.com affiliates.pubcasino.co.uk affiliates.quickbet.co.uk media.bvgroupaffiliates.com media.casumoaffiliates.com online.thesunvegas.co.uk partners.affiliateempire.com peachygames.gogamepartners.com record.affiliatepark.com tracker.palatialaffiliates.com wlgamesysaffiliates.adsrv.eacdn.com,25
roja-bet-cl.pro,https://roja-bet-cl.pro/,200,Mejores casinos online Chile 2026: retiros reales en CLP,1,18,2,,,cl-globallink.com partners-official.com partnerscore-global.com,9
ronaldleedds.com,https://ronaldleedds.com/,200,Mostbet Polska 2026: Twoje Centrum Rozrywki i Zakładów Online | Ronaldleedds,243,20,2,,,partners-official.com,3
roomraidersescapegames.com,https://roomraidersescapegames.com/,200,Escape Rooms Near Me | Room Raiders Escape Games,0,14,5,,,,5
roperhallunc.org,https://roperhallunc.org/,200,Mostbet Onlayn Kazino: Ümumi İcmal,155,25,2,,,cvl36s4x15n.top,2
ross-juniors-football-club.co.uk,https://ross-juniors-football-club.co.uk/,200,Best Betting Sites: Top New Online Bookmakers in the UK,0,18,27,,,,23
rossiprofumi.it,https://www.rossiprofumi.it/,200,Profumeria Online e Cosmetici per la bellezza | Rossi Profumi,0,433,19,,,,25
rotaryonstamps.org,https://rotaryonstamps.org/,200,Website Maintenance | Rotary on Stamps Fellowship,0,0,0,thin_page,,,0
rotoballer.com,https://www.rotoballer.com/,200,"RotoBaller - Fantasy Football News, Rankings, Waiver Wire",0,655,39,,,,25
rotowire.com,https://www.rotowire.com/,200,"RotoWire Fantasy Football, Baseball, Basketball and More",0,354,93,,,,13
rownezresort.com,https://www.rownezresort.com/,200,Home - Luxury Hotel In Festac - Rownez Resort,0,22,20,,,,14
royal-ace-casino-us.com,https://royal-ace-casino-us.com/,200,Royal Ace Casino OFFICIAL SITE 🔥 Real Money Online Casino USA 【Welcome Bonus】 Play RTG Slots & Table Games in 2026,0,29,1,,,og-le-uv.buzz,5
royal-reels-casino1-au.com,https://royal-reels-casino1-au.com/,200,Royal Reels Casino 🔥 AUSTRALIA'S PREMIER Online Casino 【REAL MONEY GAMBLING】 Top Aussie Gaming Destination 2026,0,21,2,,,og-le-uv.buzz,4
royalclubxpk.com,https://royalclubxpk.com/pk,200,TOJAYS.BET-Best Real Money Online Casino In Pakistan 24/7,1,1,40,,,,21
royalenfieldshowroom.in,https://www.royalenfieldshowroom.in/,200,"Mostbet India Official Website 2026 | Login & Bonus ₹45,000",44,12,3,,,,2
royallondonballet.cz,https://royallondonballet.cz/,200,Casino Ranking Česko 2026,2,23,4,,,,5
royalmostbetcasino.com,https://www.royalmostbetcasino.com/,200,,0,0,4,,,,2
rs-resource.fr,https://rs-resource.fr/,200,Casino en ligne payant - top 5 des sites fiables,0,30,2,,,bs_09450394.cryptotrace.care bs_097f863c.cryptotrace.care bs_2d59d0d1.cryptotrace.care bs_3c122181.carebuy.care bs_43575d20.cryptotrace.care bs_44d663fd.cryptotrace.care bs_55df683c.cryptotrace.care bs_5fcb4cc3.cryptotrace.care bs_5ffa6c2f.carebuy.care bs_61c24f2d.carebuy.care bs_6b47c630.cryptotrace.care bs_706b78de.cryptotrace.care bs_71565f62.carebuy.care bs_743425f6.carebuy.care bs_84947923.cryptotrace.care bs_894e833b.cryptotrace.care bs_b3b1d3d8.cryptotrace.care bs_b84a8ad7.cryptotrace.care bs_bd4bc2bc.cryptotrace.care bs_bdc37464.carebuy.care bs_cd1d3b38.cryptotrace.care bs_e1bd5fb5.cryptotrace.care bs_f3a17967.cryptotrace.care bs_f9fac539.cryptotrace.care,24
rtassociates.co,https://www.rtassociates.co/,200,Mostbet — Ən Etibarlı Onlayn Kazino və Bukmeker Azərbaycanda,15,14,2,,,bncsmany.top,1
rtp-hoki.asia,https://rtp-hoki.asia/,200,BLOG RTP,0,1,2,,,,1
rtp1-hoki.asia,https://rtp1-hoki.asia/,200,BLOG RTP,0,1,2,,,,1
rtpwg4d.live,https://rtpwg4d.online/,200,WG4D | Info Bocoran RTP Live Slot Pragmatic Play Peluang Kemenangan Tertinggi,0,13,3,,,,1
rts.ch,https://www.rts.ch/,200,Radio Télévision Suisse | RTS,0,133,16,,,,25
ruboch.ru,https://ruboch.ru/,200,Мостбет Казино — вход на официальный сайт и рабочее зеркало Mostbet,41,1,0,,,dashplay37.com,1
rueducommerce.fr,https://www.rueducommerce.fr/,200,"Rue du Commerce - High-tech, jeux, électroménager et jardin",0,276,15,,,,25
ruemcvuwmb.com,http://ruemcvuwmb.com/,200,porkbun.com | expired domain,0,0,2,,,,2
ruralchallengepolicy.org,https://ruralchallengepolicy.org/,200,Mostbet Casino Polska 2026 ⭐️ oficjalna strona Most Bet Kasyno w Polsce,22,1,0,,,greatgame12.com,1
rustomjeeurbania-thane.in,https://www.rustomjeeurbania-thane.in/,200,Mostbet Pakistan: Your Ultimate Online Betting Platform,97,11,3,,,,2
ruten.com.tw,https://www.ruten.com.tw,200,露天市集 | 全台最大的網路購物市集,0,88,11,,,,10
rvrentalconnection.com,https://rvrentalconnection.com/,200,RV Rentals | Private Motorhome Rentals | Camper Rentals | Travel Trailer Rentals,0,51,9,,,,8
ryanhanrahan.com,https://ryanhanrahan.com/,200,Mostbet,9,1,13,,https://ryanhanrahan.com/go.php,,14
s5dworzysko-aleksandrowo.pl,https://www.s5dworzysko-aleksandrowo.pl/,200,Mostbet oficjalna strona: wejdź i wygrywaj w Mostbet Casino,98,18,2,,https://www.s5dworzysko-aleksandrowo.pl/play,,2
sabah.com.tr,https://www.sabah.com.tr/,200,"Sabah - Haberler, Son Dakika Haber, Güncel ve Gazete Haberleri",0,317,44,,,uyelik.tmgrup.com.tr www.hurriyet.com.tr,25
sad-rukzachok.ru,https://sad-rukzachok.ru/,200,Мостбет БК зеркало | Официальный сайт Mostbet Casino,48,1,0,,,dashplay37.com,1
safetydetectives.com,https://www.safetydetectives.com/,200,"10 Best Antivirus Software in 2026: Windows, Android, iOS, Mac",0,159,14,,,go.intego.com,18
sagdcorp.com,https://sagdcorp.com/,200,"Mostbet Casino BD Review 2026 — Bonus, App & Login",106,25,2,,https://sagdcorp.com/go/sagdcorp/,,2
saladandsequins.com,https://tentandtalk.com/,200,,0,0,0,thin_page,,,0
sallevezines.net,https://sallevezines.net/,200,Coming Soon,0,1,0,thin_page,https://sallevezines.net/LINK_TUJUAN,,1
salonkrasok.ru,https://salonkrasok.ru/,200,Mostbet Casino официальный сайт — бонусы 125% и зеркало Мостбет,54,1,4,,,onxpromototal.com,3
salonlaodika.ru,https://salonlaodika.ru/,200,Мостбет (Mostbet) — бонусы 125% и 250 FS на первый депозит,56,1,4,,,onxpromototal.com,3
salonsweet.ru,https://salonsweet.ru/,200,Salonsweet.ru,0,1,13,,,,11
salontori.ru,https://salontori.ru/,200,"Мостбет БК официальный сайт ᐉ Mostbet рабочее зеркало, регистрация",51,1,0,,,dashplay37.com,1
sam-sebe-psycholog.ru,https://sam-sebe-psycholog.ru/,200,Sam Sebe Psycholog,0,14,0,,,,0
samosahutandgrill.com,https://www.samosahutandgrill.com/,200,"Mostbet AZ | 5000+ Slot, Canlı Kazino və Başlanğıc Paketi",71,4,3,,,,2
sanitytradechallenge.org,https://sanitytradechallenge.org/,200,The Sanity Trade Challenge | Win $1M+ in the World's Most Grueling Endurance Event,0,5,7,,,,0
sanjungwaja.com,https://sanjungwaja.com/,200,Under construction - Awesome site in the making!,0,0,0,thin_page,,,0
sanotopleniemsk.ru,https://sanotopleniemsk.ru/,200,Срок регистрации sanotopleniemsk.ru истек,0,0,8,,,,8
santatil.com.br,https://www.santatil.com.br/,200,Santátil Tratamento de Feridas e Fisioterapia Vascular – Passo Fundo – RS – Santátil Tratamento de Feridas e Fisioterapia Vascular – Passo Fundo – RS,0,40,77,,,,25
sarahgallowayphotography.com,https://sarahgallowayphotography.com/,200,Sarah Galloway Photography - Murrieta family photographer,27,18,23,,,,21
sarahmarieliddle.com,https://www.sarahmarieliddle.com/,200,"1win Brasil | Site Oficial de Apostas, Cassino e eSports 2026",0,4,3,,,,2
sarangsbobet.io,https://sarangsbobet.io/,200,"SARANGSBOBET : Situs Game Online Resmi Paling Hits Terlengkap, Aman & Fairplay",0,23,45,,,,25
sarvadharma.org,https://sarvadharma.org/,200,Mostbet Casino Polska ⭐️ oficjalna strona Most Bet Kasyno,22,1,0,,,greatgame12.com,1
sashapushkina.ru,https://sashapushkina.ru/,200,Mostbet Casino - официальный сайт - зеркало и вход Мостбет Казино,38,1,0,,,dashplay37.com,1
sasthaartsandcrafts.co.in,https://sasthaartsandcrafts.co.in/,200,Mostbet India – Trusted Official Platform for Betting & Casino Entertainment,84,4,3,,,,2
satu.kz,https://satu.kz/,200,Satu.kz — маркетплейс Казахстана,0,124,21,,,,25
saude.gov.br,https://www.gov.br/saude/pt-br,200,Ministério da Saúde,0,217,18,,,,9
scalesmoundfire.org,https://scalesmoundfire.org/,200,DBbet Registration: Sign Up & Claim 200% Welcome Bonus,0,11,3,,,,2
scandinavian-museum.org,https://www.scandinavian-museum.org/,200,Mostbet AZ - Rəsmi sayt | Onlayn kazino Most Bet oynayın,10,1,0,,,0akma6p.top,1
scandinavianmuseumorg.click,https://scandinavianmuseumorg.click/,200,Mostbet,5,1,0,,,0akma6p.top,1
scarletiosapp.com,https://scarletiosapp.com/,200,Play Dragon Tiger Online India 🐉🐅 Live Dealers & UPI Payments,0,5,2,,,,0
scdrr.org,https://scdrr.org/,200,Mostbet Casino PL ⭐️ oficjalna strona Most Bet Kasyno w Polsce 2026,22,1,0,,,greatgame12.com,1
sch33-vn.ru,https://sch33-vn.ru/,200,Mostbet официальный сайт,16,1,0,,,dashplay37.com,1
schluesseldienst-sendenhorst24.de,https://schluesseldienst-sendenhorst24.de/,200,空知舎のねこんぶだし 500ml 3本セット,0,171,7,,https://schluesseldienst-sendenhorst24.de/odr/coupon/couponListView?target=2 https://schluesseldienst-sendenhorst24.de/odr/coupon/couponListView?target=1,,5
school6noyabrsk89.ru,https://school6noyabrsk89.ru/,200,Mostbet Casino – Официальный сайт Мостбет,62,1,0,,,dashplay37.com,1
scooterselectrico.cl,https://www.casasohiggins.cl/,200,Mejores casinos online Chile 2026: retiros reales en CLP,1,18,2,,,cl-globallink.com partners-official.com partnerscore-global.com,9
scsbacau.ro,https://scsbacau.ro/,200,Home - SCS,0,33,85,,,,25
sdb-przemysl.pl,https://sdb-przemysl.pl/,200,"Gambloria Casino 2026 – Gry na Żywo, Mobilne Kasyno i Bonusy",0,3,0,,,g-vektor.ru,1
sdmuhammadiyahboja.sch.id,https://sdmuhammadiyahboja.sch.id/,200,SD Muhammadiyah Boja — Website Resmi SD Muhammadiyah Boja,0,71,24,,,,12
sdotcarter.com,https://sdotcarter.com/cgi-sys/suspendedpage.cgi,200,Account Suspended,0,0,0,thin_page,,,0
sea2it4you.com,https://sea2it4you.com/,200,"Victoria Munt Rogers GRI Realtor – Beach. Bay. Canal. Real Estate Corpus Christi, TX 78418",0,0,44,,,,25
secscopellc.com,https://secscopellc.com/,200,Sarah Elizabeth Charles,0,0,17,,,,15
sedlarstvistudenec.cz,https://www.sedlarstvistudenec.cz/,200,Mostbet herna 2026: Zahraniční sportovní sázky a online kasino v ČR,90,13,3,,,,2
seekingalpha.com,https://seekingalpha.com/,200,Seeking Alpha | Stock Market Analysis & Tools for Investors,0,459,10,,,,6
selfpromotiondesigns.com,https://selfpromotiondesigns.com/,200,Mostbet UZ 2026: Ekspert Sharhi va 4 mln SO'M Bonusli Gid,36,13,3,,,,2
semar188.net,https://semar188.net/,200,Semar188™ Platform Hiburan Digital Modern dan Interaktif,0,103,137,,,,25
semicvetik-17.ru,https://semicvetik-17.ru/,200,Мостбет казино ⭐ Официальный сайт и зеркало Mostbet | Бонусы и ставки 🎰,41,1,0,,,dashplay37.com,1
semrush.com,https://www.semrush.com/,200,Semrush: Your Unfair Advantage for Growing Brand Visibility,0,122,17,,,,25
sensationprofumerie.it,https://www.sensationprofumerie.it:443/,200,"Profumeria online: Profumi, cosmetici e fragranze - Sensation Profumerie",0,307,24,,,,15
sentosa-villa.com,https://sentosa-villa.com/,200,"Chicken Road Italia Guida al Gioco, Demo Gratis, RTP 98% e Strategie 2026",0,6,2,,,,0
seo-optimieren.ch,https://seo-optimieren.ch/,200,SEO Agentur & Google Ads Schweiz | seo-optimieren.ch,0,12,2,,,,2
seoprotect.pl,https://www.seoprotect.pl/,200,Mostbet Aviator 2026 — Kompletny Przewodnik dla Graczy PL,306,25,2,,,partners-official.com,2
seoseed.ru,https://seoseed.ru/,200,Seoseed.ru | Отзывы и обзор,0,51,2,,,,1
sephora.com,https://www.sephora.com/,200,"Makeup, Skincare, Fragrance, Hair & Beauty Products | Sephora",0,146,64,,,,25
sephora.in,https://sephora.in/,200,Sephora India,0,184,19,,,,7
sereniteinteriors.com,https://sereniteinteriors.com/,200,Home Page | Serenité Interiors,0,20,12,,,,7
serpuhov-ovo.ru,https://serpuhov-ovo.ru/,200,Mostbet Casino официальный сайт с бонусами 150% и 250 FS,61,1,4,,,onxpromototal.com,3
serverworldmagazine.com,https://www.librerialasombra.com/,200,MostBet Portugal — Casino Online e Apostas com Bónus,100,4,0,,,ujhnh8zb.top,2
servis-uslug24.ru,https://servis-uslug24.ru/,200,"Мостбет зеркало и Мостбет Casino – рабочее зеркало на сегодня, бонусы",53,1,0,,,dashplay37.com,1
servishizmetlerias.com,http://servishizmetlerias.com/,200,,0,0,8,,,,6
servisinibul.org,https://www.servisinibul.org/,200,Mostbet Azərbaycan – Rəsmi Onlayn Mərc və Kazino Platforması,141,7,0,,,playlink.ink,5
sewtechkenya.com,https://sewtechkenya.com/,200,Meilleurs Casinos en Ligne France 2026 🇫🇷 | Top Casinos Fiables & Légaux,0,5,2,,,,0
sexybaccarat-casino.com,https://sexybaccarat-casino.com/,200,sexybaccarat-casino.com - Đẹp – Táo Bạo – Sang Trọng,0,47,5,,,,4
sgmenuz.com,https://sgmenuz.com/,200,Website For Food Menus and Prices in Singapore,1,29,40,,,,25
sh-crocus.ru,https://sh-crocus.ru/,200,Джойказино зеркало рабочее - Joycasino вход на официальный сайт,0,5,3,,,1764.swiftours.com,4
shahzadikone.com,https://www.shahzadikone.com/,200,789BET ⭐ Link Vào 789BET Mới Nhất 2026 | Trang Chủ Chính Thức,0,42,16,,,,9
shaktisportspune.com,https://shaktisportspune.com/,200,Shakti Sports & Fitness Pune,0,123,59,,,,25
shamail-kazan.ru,https://shamail-kazan.ru/,200,Мостбет зеркало на сегодня и вход в личный кабинет,31,1,0,,,dashplay37.com,1
shamanastro.ru,https://shamanastro.ru/,200,Мостбет зеркало рабочее ❤️ Вход на официальный сайт Mostbet,47,1,0,,,dashplay37.com,1
shantiwood.ru,https://shantiwood.ru/,200,Мостбет Казино официальный сайт | Регистрация и вход в Mostbet,38,1,0,,,dashplay37.com,1
share2j.com,https://share2j.com/pk,200,TOJAYS.BET-Best Real Money Online Casino In Pakistan 24/7,1,1,40,,,,21
sharpfootballanalysis.com,https://www.sharpfootballanalysis.com/,200,Sharp Football: Analysis & NFL Betting Tips from Warren Sharp,0,74,11,,,,9
shatgambujbarta.com,https://shatgambujbarta.com/,200,Mostbet বাংলাদেশ 2026 — সেরা অনলাইন ক্যাসিনো গাইড,213,26,2,,https://shatgambujbarta.com/go/shatgambujbarta/,,3
shauryahealthcare.com,https://shauryahealthcare.com/,200,Buy Ayurvedic & Healthcare Products Online | Shaurya Healthcare,0,54,7,,,,9
shavagrill.ru,https://shavagrill.ru/,200,Mostbet Casino (Мостбет Казино) 🎰 Официальный сайт и рабочее зеркало,40,1,0,,,dashplay37.com,1
shbkat.org,https://articles.shbkat.org/,200,شبكات,0,68,3,,,,2
sheiko-program.ru,https://sheiko-program.ru/,200,Mostbet - Играй в казино и делай ставки на спорт онлайн,160,25,2,,,kbqsn3g6i84.top,1
shellwood-gk.ru,https://shellwood-gk.ru/,200,"Мостбет казино ⭐ Официальный сайт | Вход, бонус Mostbet и рабочее зеркало 🔥",56,1,0,,,dashplay37.com,1
shieldsmiddleschool.org,https://shieldsmiddleschool.org/,200,Site Title,0,6,3,,,,2
shinebeautysa.com,https://tacteec.com/,200,أفضل مواقع مراهنات في مصر 2026 | دليل مواقع الرهان والعروض,0,15,2,,,,1
shiptatoo.ru,https://shiptatoo.ru/,200,Мостбет Казино – Официальное рабочее зеркало Mostbet Casino,58,1,0,,,dashplay37.com,1
shoaa1.com,https://madeinbrazilexpo.com/,200,أفضل مواقع مراهنات في مصر 2026 | دليل مواقع الرهان والعروض,0,15,2,,,,1
shobdonir.com,https://shobdonir.com/,200,Mostbet বাংলাদেশ ২০২৬ — সেরা অনলাইন ক্যাসিনো গাইড,209,25,2,,https://shobdonir.com/go/shobdonir/,,2
shockcasino.net,https://shockcasino.net/,200,Shock Casino — Crypto Casino with Instant Rakeback,0,11,13,,,,11
shooting-komi.ru,https://shooting-komi.ru/,200,Мостбет Казино (Mostbet) - быстрая регистрация и вход,53,1,0,,,dashplay37.com,1
shop-bears.ru,https://shop-bears.ru/,200,"Mostbet: официальный сайт и рабочее зеркало, казино Mostbet — ставки и бонусы 🎰🔗",32,2,1,,,dashplay37.com,1
shopbloomtastic.com,https://shopbloomtastic.com/,200,Mostbet Casino: Przejmij Kontrolę Nad Swoją Grą,11,0,3,,,,1
shopee.co.id,https://shopee.co.id/,200,,0,1,345,,,,6
shopee.co.th,https://shopee.co.th/,200,,0,1,345,,,,6
shopee.com.br,https://shopee.com.br/,200,,0,1,339,,,,6
shopee.com.my,https://shopee.com.my/,200,,0,1,346,,,,6
shopee.ph,https://shopee.ph/,200,,0,1,345,,,,6
shopee.sg,https://shopee.sg/,200,,0,1,345,,,,6
shopee.tw,https://shopee.tw/,200,,0,1,345,,,,6
shopee.vn,https://shopee.vn/,200,,0,1,345,,,,6
shopmollysonmain.com,https://shopmollysonmain.com/,200,Play Dragon Tiger Online India 🐉🐅 Live Dealers & UPI Payments,0,5,2,,,,0
shopquestmaster123.top,https://shopquestmaster123.top/,200,MOSTBET,3,0,0,thin_page,,,0
shoptheramu.com,https://shoptheramu.com/,200,"Royal Reels 24 Australia 🎰 Login, Sign Up & Casino Bonus Chips",0,5,2,,,,0
shreetambadijogeshwari.org,https://shreetambadijogeshwari.org/,200,Mostbet India - Official Site of the Bookmaker and Casino 2026,101,2,3,,,,1
shriyamhospital.in,https://shriyamhospital.in/,200,"Melbet India Sports Betting and Online Casino - Bonuses, Apps & Payments 2026",0,4,1,,,,0
shtabeler-pro.ru,https://shtabeler-pro.ru/,200,Мостбет: букмекерская контора и онлайн ставки на официальном сайте,65,1,4,,,onxpromototal.com,3
shtaket46.ru,https://shtaket46.ru/,200,"Мостбет зеркало, официальный сайт и казино Mostbet: рабочее зеркало 2024",57,1,0,,,dashplay37.com,1
shveya18.ru,https://shveya18.ru/,200,Мостбет официальный сайт Mostbet Casino | зеркало,50,1,0,,,dashplay37.com,1
si.com,https://www.si.com/,200,Sports Illustrated,0,600,698,,,,25
siberiacatcher.com,https://888-starz-uz.com/,200,"888Starz O'zbekiston: ilovani yuklab oling, bonusga ega bo'ling",0,25,5,,,tyeslnvd.com,10
sidelineswap.com,https://sidelineswap.com/,200,"SidelineSwap: Shop Used & Clearance Hockey, Baseball, Golf & More",0,684,20,,,,25
signshopbronx.com,https://www.signshopbronx.com/,200,Mostbet Casino Türkiye 2026 – Güvenilir Bahis ve Online Casino Deneyimi,78,4,3,,,,2
sikayetvar.com,https://www.sikayetvar.com/,200,Müşteri Memnuniyetinin Adresi - Şikayetvar,0,255,18,,,,17
silahlioyun.net,https://silahlioyun.net/,200,Alev Giriş | Güncel Giriş Adresi ve Casino,0,1,3,,,9behi4y9oh.com,2
silenceistanbul.com,http://www.silenceistanbul.com/,200,Mostbet Bahis Sitesi,5,1,0,,,,0
simalyemek.com.tr,https://simalyemek.com.tr/,200,Simal Yemek – Hizmet çağının yıldızı…,0,11,35,,,,25
similarweb.com,https://www.similarweb.com:443/,200,Similarweb: AI-Powered Digital Data Intelligence Solutions,0,179,73,,,,25
simivalleydaysfoundation.org,https://edufulus.com/,200,SLOT95 : Link Alternatif Login Resmi Terpercaya Se-Indonesia,0,2,3,,,,3
simpleonlinenotary.com,https://simpleonlinenotary.com/,200,Index of /,0,5,0,,,,0
siraj.co,https://www.siraj.co/,200,Mostbet Login Pakistan - sports betting casino | Bonus and download APK,185,20,1,,,w4sq2xb2k1x6.top,2
siroppfest.ru,https://siroppfest.ru/,200,"Mostbet casino официальный сайт букмекерской конторы, слоты, игровые аппараты",46,0,0,,,,0
site-mostbet-amp.top,https://site-mostbet-amp.top/,200,Mostbet Casino - Türkiye’de Online Bahis ve Kazanç Fırsatları,96,2,0,,,ik398vook0j.top,1
sitejabber.com,https://www.smartcustomer.com/,200,Find Real Business Reviews & Ratings | SmartCustomer,0,90,56,,,,25
sivamhospital.in,https://sivamhospital.in/,200,Mostbet India (2026): Top Sports Betting & Modern Casino,59,12,3,,,,2
skandaltv.ru,https://skandaltv.ru/,200,"Mostbet Casino (Мостбет) — официальный сайт онлайн-казино, букмекерской конторы",65,1,0,,,dashplay37.com,1
skarier.ru,https://skarier.ru/,200,"Mostbet казино и Мостбет — рабочее зеркало, сайт, бонусы ✔️",28,2,1,,,dashplay37.com,1
skatersfactory.ru,https://skatersfactory.ru/,200,Mostbet Casino (Мостбет): зеркало и бонусы на официальном сайте,62,2,4,,,onxpromototal.com,3
skelnik.pl,https://www.skelnik.pl/,200,skelnik.pl,0,109,27,,,,25
skladmonet.ru,https://skladmonet.ru/,200,888starz Ro'yxatdan O'tish - Tezlik va Soddalik — Reviews,0,9,5,,,,3
sklogos.ru,https://sklogos.ru/,200,"Mostbet, Мостбет казино – официальный сайт, рабочее зеркало 🎯",25,2,1,,,dashplay37.com,1
skola-omlazeni.cz,https://www.skola-omlazeni.cz/,200,Mostbet CZ Oficiální stránky ⚡ Bonus 8500 Kč + 250 FS pro hráče,55,12,3,,,,2
skroadtyre.com,https://skroadtyre.com/,200,Skroadtyre,0,32,5,,,,8
sky-cr0wn-casino-au.com,https://sky-cr0wn-casino-au.com/,200,SkyCrown Casino OFFICIAL SITE 🔥 Australia's Premier Online Casino 【TOP GAMES & BONUSES】 Play Pokies Live Casino 2026,0,18,2,,,og-le-uv.buzz,5
skydisc.ru,https://skydisc.ru/,200,Официальный сайт Мостбет ✔️  | Вход на Mostbet casino,45,1,0,,,dashplay37.com,1
skyrocket.co.in,https://skyrocket.co.in/,200,Mostbet App Download 2026 – Your Guide to Mobile Betting on Android & iOS,63,4,3,,,,2
slate.com,https://slate.com/,200,"Slate Magazine - Politics, Business, Technology, and the Arts",0,121,36,,,,16
slc-automation.pl,https://cecylaki.pl/,200,Kasyno Online ᐈ Najlepsze Kasyna Online w Polsce 2026,0,12,2,,,uwhxmy.tracker.gambeat.io,5
slingshotahead.com,https://www.slingshotahead.com/,200,Mostbet Pakistan - Official Betting Website | 125% Welcome Bonus,49,12,3,,,,2
slinkysneakers.com,https://www.slinkysneakers.com/,200,,0,0,0,thin_page,,,0
slot-starlight-princess.ru,https://slot-starlight-princess.ru/,200,Игровой автомат Starlight Princess от Pragmatic Play — играть бесплатно,0,1,1,,,getruvada.com,2
slot-sweet-bonanza-1000.ru,https://slot-sweet-bonanza-1000.ru/,200,"Игровой автомат Sweet Bonanza 1000 🍭 – демо игра, бонусы, фриспины",0,1,1,,,tracker.referevlinks.com,2
slot-sweet-bonanza.ru,https://slot-sweet-bonanza.ru/,200,Sweet Bonanza игровой автомат с бонусами от Pragmatic Play,0,1,1,,,fortuna-promo2.com,2
slot124.com,https://slot124.com/,200,SLOT124 % Kejutan Seru Dari Update Terbaru Bikin Kepala Geleng Saking Mantap,0,10,5,,,,3
slotsanimalcasinob.com,https://slotsanimalcasinob.com/,200,Slots Animal Casino - 🧧 محفوظ آفیشل اسپورٹس بک اور جدید ریئل ٹائم گیمنگ انٹرٹینمنٹ نیٹ ورک سسٹم پاکستان,0,20,4,,,,7
slupeckagramiejska.pl,https://www.slupeckagramiejska.pl/,200,II Słupecka Gra Miejska 2010,0,37,5,,,,4
smartbettingguide.com,https://smartbettingguide.com/,200,SmartBettingGuide - Your Guide to Online Sports Betting,2,100,95,,,,25
smartbuses.mx,https://smartbuses.mx/,200,Smart Buses,0,39,3,,,,6
smartnews13.ru,https://smartnews13.ru/,200,"Мостбет казино ▶️ Официальный сайт, рабочее зеркало Mostbet | Бонусы и вход",48,1,0,,,dashplay37.com,1
smeunso.ru,https://smeunso.ru/,200,888starz Pul Chiqarish - Eng Tez Usullar 2026 — Reviews,0,10,5,,,,3
smithcairnsmazda.com,https://smithcairnsmazda.com/,200,"Mazda Dealership in Yonkers, New York | Smith-Cairns Mazda",0,80,31,,,,18
smoszewo.pl,https://smoszewo.pl/,200,"CrazyTower Casino (2026) – Recenzja, Bonusy 500% i Blik",0,3,0,,,g-vektor.ru,1
smots.ru,https://smots.ru/,200,Monro Casino — лучшее онлайн казино с бонусными слотами | Монро Казино,0,1,1,,,,0
smseximenterprises.com,https://smseximenterprises.com/,200,SMS Exim – Enterprises,0,18,20,,,,20
smu4ufa.ru,https://smu4ufa.ru/,200,Срок регистрации smu4ufa.ru истек,0,0,8,,,,8
sn777.top,https://sn777.site/,200,Sn777.site - Premium Gaming Portal,0,0,3,,,,0
snakebd.com,https://www.snakebd.com/,200,Mostbet Bangladesh: App Download Guide for Android and iOS,30,11,3,,,,2
snowcrunch.com,https://snowcrunch.com/,200,Snowcrunch,0,0,0,thin_page,,,0
snowverb.com,https://www.snowverb.com/,200,Freestyle Ski & Snowboard Clothing | Streetwear Snow Gear | Snowverb,0,231,35,,,,25
snt-kasimovo-1.ru,https://snt-kasimovo-1.ru/,200,Мостбет: букмекерская контора и казино Mostbet на официальном сайте,93,1,4,,,onxpromototal.com,3
sobollubov.ru,https://sobollubov.ru/,200,Главная - Блог юриста Соболюбова — жильё и долги,0,30,5,,,,4
sobreargentina.com,https://sobreargentina.com/,200,"BC.GAME Argentina 2026 — Casino, Login y Bonos",0,2,0,,,partnerbcgame.com,1
soccorsostradaleoderzo.com,https://www.soccorsostradaleoderzo.com/,200,Sito web non rinnovato,0,0,1,,,,1
social-network-analysis.in,https://social-network-analysis.in/,200,"Mostbet Aviator India: Rules, Strategies, RTP & UPI Deposit Guide",33,11,3,,,,2
socialautomaticity.net,https://www.socialautomaticity.net/,200,Mega Cricket World - Top Cricket Betting Site in Bangladesh,0,62,6,,,,4
socialmediaclub.la,https://www.socialmediaclub.la/,200,Home - Social Media Club LA,0,11,7,,,,4
sodatdelaware.com,https://sodatdelaware.com/,200,Mostbet AZ 2026: Azərbaycanda Mərc və Kazino – Rəsmi Sayt,43,9,3,,,,2
sofialounge.com,https://sofialounge.com/,200,Ecpt_Home - Home,0,53,66,,,,9
softleathercompany.com,https://softleathercompany.com/,200,MostBet Portugal – Casino & Apostas Desportivas com Bónus 125%,67,4,3,,,,2
sohodigart.com,https://sohodigart.com/,200,Soho Digi Art,1,45,19,,,,23
sohodostavka.ru,https://sohodostavka.ru/,200,Мостбет зеркало рабочее ❤️ Вход на официальный сайт Mostbet,47,1,0,,,dashplay37.com,1
soi55.my,https://www.soi55.my/,200,Modern Thai Food Across Malaysia | SOI55 Thai Kitchen,0,33,11,,,,12
sokolhas.ru,https://sokolhas.ru/,200,Мостбет казино 🎰 Актуальное зеркало и бонусы сайта Mostbet Casino,106,11,2,,,aaamervix.top,2
solira-krd.ru,https://solira-krd.ru/,200,"Мостбет Казино: Mostbet официальный сайт | Игровые автоматы, букмекерская контора",60,1,0,,,dashplay37.com,1
solisnet.pl,https://solisnet.pl/,200,NV Casino | Kompleksowa oferta gier hazardowych w Polsce | Bonus powitalny 2 000 zł,0,1,0,,,mio.novarao.com,1
somaliembassydcnet183.top,https://somaliembassydcnet183.top/,200,Mostbet AZ | Rəsmi internet saytında giriş və qeydiyyat | Mostbet-az90,91,3,0,,,aos9d9e9g0o.top,1
somaliembassydcnet259.top,https://somaliembassydcnet259.top/,200,Mostbet AZ | Rəsmi internet saytında giriş və qeydiyyat | Mostbet-az90,91,3,0,,,aos9d9e9g0o.top,1
somaliembassydcnet321.top,https://somaliembassydcnet321.top/,200,Mostbet AZ | Rəsmi internet saytında giriş və qeydiyyat | Mostbet-az90,91,3,0,,,aos9d9e9g0o.top,1
somaliembassydcnet372.top,https://somaliembassydcnet372.top/,200,Mostbet AZ | Rəsmi internet saytında giriş və qeydiyyat | Mostbet-az90,91,3,0,,,aos9d9e9g0o.top,1
somaliembassydcnet520.top,https://somaliembassydcnet520.top/,200,Mostbet AZ | Rəsmi internet saytında giriş və qeydiyyat | Mostbet-az90,91,3,0,,,aos9d9e9g0o.top,1
somaliembassydcnet521.top,https://somaliembassydcnet521.top/,200,Mostbet AZ | Rəsmi internet saytında giriş və qeydiyyat | Mostbet-az90,91,3,0,,,aos9d9e9g0o.top,1
somaliembassydcnet561.top,https://somaliembassydcnet561.top/,200,Mostbet AZ | Rəsmi internet saytında giriş və qeydiyyat | Mostbet-az90,91,3,0,,,aos9d9e9g0o.top,1
somaliembassydcnet564.top,https://somaliembassydcnet564.top/,200,Mostbet AZ | Rəsmi internet saytında giriş və qeydiyyat | Mostbet-az90,91,3,0,,,aos9d9e9g0o.top,1
somaliembassydcnet668.top,https://somaliembassydcnet668.top/,200,Mostbet AZ | Rəsmi internet saytında giriş və qeydiyyat | Mostbet-az90,91,3,0,,,aos9d9e9g0o.top,1
somaliembassydcnet669.top,https://somaliembassydcnet669.top/,200,Mostbet AZ | Rəsmi internet saytında giriş və qeydiyyat | Mostbet-az90,91,3,0,,,aos9d9e9g0o.top,1
somaliembassydcnet670.top,https://somaliembassydcnet670.top/,200,Mostbet AZ | Rəsmi internet saytında giriş və qeydiyyat | Mostbet-az90,91,3,0,,,aos9d9e9g0o.top,1
somaliembassydcnet671.top,https://somaliembassydcnet671.top/,200,Mostbet AZ | Rəsmi internet saytında giriş və qeydiyyat | Mostbet-az90,91,3,0,,,aos9d9e9g0o.top,1
somaliembassydcnet672.top,https://somaliembassydcnet672.top/,200,Mostbet AZ | Rəsmi internet saytında giriş və qeydiyyat | Mostbet-az90,91,3,0,,,aos9d9e9g0o.top,1
somaliembassydcnet673.top,https://somaliembassydcnet673.top/,200,Mostbet AZ | Rəsmi internet saytında giriş və qeydiyyat | Mostbet-az90,91,3,0,,,aos9d9e9g0o.top,1
somaliembassydcnet673.xyz,https://somaliembassydcnet673.xyz/,200,Mostbet AZ | Rəsmi internet saytında giriş və qeydiyyat | Mostbet-az90,91,3,0,,,aos9d9e9g0o.top,1
somaliembassydcnet674.top,https://somaliembassydcnet674.top/,200,Mostbet AZ | Rəsmi internet saytında giriş və qeydiyyat | Mostbet-az90,91,3,0,,,aos9d9e9g0o.top,1
somaliembassydcnet675.cfd,https://somaliembassydcnet675.cfd/,200,Mostbet AZ | Rəsmi internet saytında giriş və qeydiyyat | Mostbet-az90,91,3,0,,,aos9d9e9g0o.top,1
somaliembassydcnet675.top,https://somaliembassydcnet675.top/,200,Mostbet AZ | Rəsmi internet saytında giriş və qeydiyyat | Mostbet-az90,91,3,0,,,aos9d9e9g0o.top,1
somaliembassydcnet676.cfd,https://somaliembassydcnet676.cfd/,200,Mostbet AZ | Rəsmi internet saytında giriş və qeydiyyat | Mostbet-az90,91,3,0,,,aos9d9e9g0o.top,1
somaliembassydcnet677.cfd,https://somaliembassydcnet677.cfd/,200,Mostbet AZ | Rəsmi internet saytında giriş və qeydiyyat | Mostbet-az90,91,3,0,,,aos9d9e9g0o.top,1
somaliembassydcnet678.cfd,https://somaliembassydcnet678.cfd/,200,Mostbet AZ | Rəsmi internet saytında giriş və qeydiyyat | Mostbet-az90,91,3,0,,,aos9d9e9g0o.top,1
somaliembassydcnet679.cfd,https://somaliembassydcnet679.cfd/,200,Mostbet AZ | Rəsmi internet saytında giriş və qeydiyyat | Mostbet-az90,91,3,0,,,aos9d9e9g0o.top,1
somaliembassydcnet680.cfd,https://somaliembassydcnet680.cfd/,200,Mostbet AZ | Rəsmi internet saytında giriş və qeydiyyat | Mostbet-az90,91,3,0,,,aos9d9e9g0o.top,1
somaliembassydcnet681.cfd,https://somaliembassydcnet681.cfd/,200,Mostbet AZ | Rəsmi internet saytında giriş və qeydiyyat | Mostbet-az90,91,3,0,,,aos9d9e9g0o.top,1
somaliembassydcnet682.cfd,https://somaliembassydcnet682.cfd/,200,Mostbet AZ | Rəsmi internet saytında giriş və qeydiyyat | Mostbet-az90,91,3,0,,,aos9d9e9g0o.top,1
somaliembassydcnet683.cfd,https://somaliembassydcnet683.cfd/,200,Mostbet AZ | Rəsmi internet saytında giriş və qeydiyyat | Mostbet-az90,91,3,0,,,aos9d9e9g0o.top,1
somaliembassydcnet684.cfd,https://somaliembassydcnet684.cfd/,200,Mostbet AZ | Rəsmi internet saytında giriş və qeydiyyat | Mostbet-az90,91,3,0,,,aos9d9e9g0o.top,1
somaliembassydcnet685.cfd,https://somaliembassydcnet685.cfd/,200,Mostbet AZ | Rəsmi internet saytında giriş və qeydiyyat | Mostbet-az90,91,3,0,,,aos9d9e9g0o.top,1
somaliembassydcnet686.cfd,https://somaliembassydcnet686.cfd/,200,Mostbet AZ | Rəsmi internet saytında giriş və qeydiyyat | Mostbet-az90,91,3,0,,,aos9d9e9g0o.top,1
somaliembassydcnet687.cfd,https://somaliembassydcnet687.cfd/,200,Mostbet AZ | Rəsmi internet saytında giriş və qeydiyyat | Mostbet-az90,91,3,0,,,aos9d9e9g0o.top,1
somaliembassydcnet688.cfd,https://somaliembassydcnet688.cfd/,200,Mostbet AZ | Rəsmi internet saytında giriş və qeydiyyat | Mostbet-az90,91,3,0,,,aos9d9e9g0o.top,1
somaliembassydcnet689.cfd,https://somaliembassydcnet689.cfd/,200,Mostbet AZ | Rəsmi internet saytında giriş və qeydiyyat | Mostbet-az90,91,3,0,,,aos9d9e9g0o.top,1
somaliembassydcnet690.cfd,https://somaliembassydcnet690.cfd/,200,Mostbet AZ | Rəsmi internet saytında giriş və qeydiyyat | Mostbet-az90,91,3,0,,,aos9d9e9g0o.top,1
somaliembassydcnet691.cfd,https://somaliembassydcnet691.cfd/,200,Mostbet AZ | Rəsmi internet saytında giriş və qeydiyyat | Mostbet-az90,91,3,0,,,aos9d9e9g0o.top,1
somaliembassydcnet692.cfd,https://somaliembassydcnet692.cfd/,200,Mostbet AZ | Rəsmi internet saytında giriş və qeydiyyat | Mostbet-az90,91,3,0,,,aos9d9e9g0o.top,1
somaliembassydcnet693.cfd,https://somaliembassydcnet693.cfd/,200,Mostbet AZ | Rəsmi internet saytında giriş və qeydiyyat | Mostbet-az90,91,3,0,,,aos9d9e9g0o.top,1
somaliembassydcnet694.cfd,https://somaliembassydcnet694.cfd/,200,Mostbet AZ | Rəsmi internet saytında giriş və qeydiyyat | Mostbet-az90,91,3,0,,,aos9d9e9g0o.top,1
somaliembassydcnet695.cfd,https://somaliembassydcnet695.cfd/,200,Mostbet AZ | Rəsmi internet saytında giriş və qeydiyyat | Mostbet-az90,91,3,0,,,aos9d9e9g0o.top,1
somaliembassydcnet699.top,https://somaliembassydcnet699.top/,200,Mostbet AZ | Rəsmi internet saytında giriş və qeydiyyat | Mostbet-az90,91,3,0,,,aos9d9e9g0o.top,1
somaliembassydcnet808.top,https://somaliembassydcnet808.top/,200,Mostbet AZ | Rəsmi internet saytında giriş və qeydiyyat | Mostbet-az90,91,3,0,,,aos9d9e9g0o.top,1
somaliembassydcnet810.top,https://somaliembassydcnet810.top/,200,Mostbet AZ | Rəsmi internet saytında giriş və qeydiyyat | Mostbet-az90,91,3,0,,,aos9d9e9g0o.top,1
somaliembassydcnet942.top,https://somaliembassydcnet942.top/,200,Mostbet AZ | Rəsmi internet saytında giriş və qeydiyyat | Mostbet-az90,91,3,0,,,aos9d9e9g0o.top,1
somaliwomenforum.so,https://somaliwomenforum.so/,200,,22,18,1,,,,1
songhaidesign.com,https://songhaidesign.com/,200,Songhai Design – Online store of unique and antique products,0,14,5,,,,4
sopockainicjatywa.org,http://sopockainicjatywa.org/,200,NameBright - Domain Expired,0,0,2,,,,2
sorrymama-lounge.ru,https://sorrymama-lounge.ru/,200,"Мостбет ✔️ Официальный сайт казино | Вход, зеркало Mostbet 🔗 Бонусы и регистрация 💰",60,1,0,,,dashplay37.com,1
sortal.io,https://sortal.io/,200,Sortal,0,8,12,,,,3
sosnovka.biz,https://sosnovka.biz/,200,Мостбет казино — официальный сайт Mostbet KZ,255,27,3,,https://sosnovka.biz/play,,2
sosnovkabiz.xyz,https://sosnovkabiz.xyz/,200,Мостбет казино — официальный сайт Mostbet KZ,180,2,0,,,nvbdjwbl73.top,1
sosnutrition.fr,https://sosnutrition.fr/,200,🔬 Retrait instantané casino : étude technique 2026,0,12,1,,,,0
sovas.ru,https://sovas.ru/,200,Этот домен продаётся,0,0,10,,,,10
sp-nowogrod.pl,https://sp-nowogrod.pl/,200,National Casino 2026 – Zagraj w Oficjalnym Kasynie Online PLN,0,3,0,,,g-vektor.ru,1
spahotel-pansionat.ru,https://spahotel-pansionat.ru/,200,"Мостбет зеркало, вход на официальный сайт | Mostbet казино и БК",76,2,4,,,onxpromototal.com,3
sparkinnovation.in,https://sparkinnovation.in/,200,Mostbet India - Official Bookmaker and Online Casino,297,12,3,,,,2
sparnok.ru,https://sparnok.ru/,200,"Мостбет Казино: Mostbet официальный сайт | Игровые автоматы, букмекерская контора",60,1,0,,,dashplay37.com,1
spas-extreme.ru,https://www.spas-extreme.ru/,200,Спас-Экстрим — портал детской безопасности МЧС России,0,58,1,,,,0
spbdelarte.ru,https://spbdelarte.ru/,200,Мостбет | Букмекерская контора Mostbet - официальное зеркало,65,1,4,,,onxpromototal.com,3
spbtourkit.ru,https://spbtourkit.ru/,200,"Порно каталог 2026 — трансы, оргазм, бабушки",0,4,6,,,,6
special99.org,https://special99.org/,200,SPECIAL99 # Ternyata Akun Baru Lebih Gampang Dapat Maxwin,0,5,14,,,,4
spectekhnika-ntagil.ru,https://spectekhnika-ntagil.ru/,200,"Mostbet Casino | Вход на официальный сайт Мостбет, рабочее зеркало на сегодня",49,1,0,,,dashplay37.com,1
spectrumfutures.org,https://togelsgphkhariini.com,200,Togel Hongkong - Togel Singapore - Toto Togel Online Hari Ini - Data Keluaran SGP HK Prize,0,18,75,,,,25
speedasia.tech,https://speedasia.tech/,200,Speed Asia - Blockchain Smart Contract Staking Platform,0,3,0,,,,1
speedaucasino.co,https://speedaucasino.co/,200,SpeedAU Casino | 50% Bonus in 2026 | Official Website,0,22,15,,,,3
speedtwitch.com,http://speedtwitch.com/,200,乐鱼（中国）体育官方网站,0,61,11,,,,11
spektr-samara.ru,https://spektr-samara.ru/,200,Мостбет официальный сайт | Рабочее зеркало Mostbet Casino на сегодня,51,1,0,,,dashplay37.com,1
spinbettercasinoa.com,https://spinbettercasinoa.com/,200,SpinBetter Casinoایپس-آن لائن کھیل میں کم سرمایہ بیٹنگ اور مضبوط اوڈز سسٹم SpinBetter Casino.com,0,20,4,,,,7
sport-aliance.com.ua,https://dkz.ck.ua/,200,Allwin UA (Олвін ЮА) - Ставки на спорт та казино на одній платформі,0,1,1,,,tds.kljhy.net,1
sport-news.uz,https://sport-news.uz/,200,sport-news.uz - Redemption period,0,3,4,,,,2
sportincard.com,https://sportincard.com/,200,RATU123 : SportIN Card Menggabungkan Permainan Kartu dan Latihan Kebugaran Secara Menyenangkan Interaktif,0,89,69,,https://sportincard.com/account/login https://SporTinCard.com/link-RATU123,,25
sportingbet.co.za,https://www.sportingbet.co.za/en/sports,200,sportingbet,0,5,19,,,,6
sportinglife.com,https://www.sportinglife.com/,200,Horse Racing Tips & Results | Football Scores & News - Sporting Life,0,144,39,,,,25
sportingnews.com,https://www.sportingnews.com/us,200,Sporting News - NFL | NBA | MLB | NCAA | Boxing | Soccer | NASCAR,0,458,31,,,,16
sportnadomy.ru,https://topbukmeker.ru/,200,"Рейтинг букмекеров России 2026 — обзоры БК, бонусы, отзывы",0,121,1,,,baltbet.ru betboom.ru betcity.ru bettery.ru fon.bet leon.ru marathonbet.ru melbet.ru pari.ru winline.ru,10
sportoutlet.no,https://sportoutlet.no/,200,Bare lave priser - Sport Outlet,0,3,5,,,,4
sportovnicentrumdecin.cz,https://sportovnicentrumdecin.cz/,200,MostBet 2026 Casino pro ČR: Bonusy a Rychlé Výplaty Kč 2026,50,1,0,,,,0
sportrg.ru,https://sportrg.ru/,200,Мостбет зеркало | Вход на официальный сайт казино Mostbet,96,13,3,,https://sportrg.ru/play,,4
sports-betting.website,http://sports-betting.website/,200,Истёк срок регистрации домена,0,0,8,,,,8
sports-king.com,https://sports-king.com/,200,"Sports King - Betting, Matchups, Free Picks, News and Odds",0,144,3,,,,3
sportsbetapp458.com,https://www.sportsbetapp458.com/,200,"Hướng Dẫn Đăng Ký 188BET Nhận 100K Miễn Phí Chỉ Trong 1 Phút|188BET Đăng Ký Nhanh<\/title>\r\n\r\n    <meta name=\""keywords\"" content=\""188BET đăng ký,đăng ký 188BET,tạo tài khoản 188BET,188BET đăng k",0,0,0,,,,0
sportsbetstories.com,https://sportsbetstories.com/,200,Sports Bet Stories - Most exciting betting stories & tips,0,22,8,,,,4
sportsbettingdime.com,https://www.sportsbettingdime.com/,200,"Sports Betting Dime: Expert Betting Analysis, Odds & News | SBD",0,283,27,,,,13
sportsbookreview.com,https://www.sportsbookreview.com/,200,Sportsbook Review | SBR - Sports Betting Experts since 1999,0,465,14,,,,25
sportsboom.com,https://www.sportsboom.com/,200,"Sports News, Interviews and Analysis",0,215,34,,,,25
sportsconference.in,https://sportsconference.in/,200,Betting on different types of sports in India,10,28,7,,,,7
sportsgrid.com,https://www.sportsgrid.com/,200,Live Sports Betting Coverage | Props Odds & Picks | SportsGrid,0,248,671,,,,25
sportshandle.com,https://sportshandle.com/,200,Legal U.S. Sports Betting Reporting And Information,0,134,18,,,,18
sportsline.com,https://www.sportsline.com,200,"Sports Picks, Vegas Odds, Betting Lines, and Expert Analysis - SportsLine.com",0,104,79,,,,25
sportsplays.com,https://www.sportsplays.com/,200,Sports Betting & Handicapping Contests + Streak Contests | SportsPlays,0,57,3,,https://www.sportsplays.com/site-map,,16
sportstiger.com,https://www.sportstiger.com/,200,"Sports Tiger - Fastest and Unique Sports News, Predictions, and Updates",0,39,11,,,,2
sportytrader.com,https://www.sportytrader.com/,200,"Paris Sportifs : Conseils Pronostics Expert, Bookmakers & Bonus - SportyTrader",0,225,24,,,,25
spozitiv.ru,https://spozitiv.ru/,200,"Mostbet 💰 Мостбет казино — рабочее зеркало, официальный сайт 2026 🎰",28,2,1,,,dashplay37.com,1
sppbharatnews.com,https://sppbharatnews.com/,200,SPP Bharat News – Latest News | Breaking News | Top News | Live News,0,70,14,,,,16
springgulchhorsetrials.com,https://springgulchhorsetrials.com/,200,Mostbet Sri Lanka | Top Sportsbook & Live Cricket Betting,100,4,3,,,,2
springmarketing.com.br,https://springmarketing.com.br/,200,Spring MKT DIGITAL – É tempo de Florescer,0,34,10,,,,15
sprzetbudowlany-wynajem.pl,https://curiosa.pl/,200,"MostBet Polska 🎲 Logowanie, Rejestracja, Bonusy & Promo Code",110,10,1,,,serffigrcqufssefv.help,1
sravniplus.ru,https://sravniplus.ru/,200,Мостбет Казино — вход на официальный сайт и рабочее зеркало Mostbet,41,1,0,,,dashplay37.com,1
srpskacycling.com,https://srpskacycling.com/,200,MostBet Portugal — Casino Online e Apostas com Bónus,102,5,0,,,ujhnh8zb.top,2
stacker.com,https://stacker.com/,200,Stacker | The First Distribution Platform Built for Earned Reach,0,39,7,,,,2
stadiumrant.com,https://www.stadiumrant.com/,200,Stadium Rant,0,101,22,,,,13
stake786.black,https://stake786.black/,200,Online Casino & Sports Betting,0,0,6,,,,0
stakee-casino-au.com,https://stakee-casino-au.com/,200,Stake Casino Australia 🔥 【OFFICIAL CRYPTO CASINO】 Legal Online Gambling with Bitcoin & Live Sports Betting,0,19,1,,,og-le-uv.buzz,6
stangaroneandassociates.com,https://stangaroneandassociates.com/,200,1xbet Sri Lanka 2026: වේගවත් ලියාපදිංචියෙන් ආරම්භ කරන්න,0,7,8,,,mangeasy.com,8
stankopil24.ru,https://stankopil24.ru/,200,Mostbet Casino — Официальный сайт Мостбет Казино в России,30,1,0,,,dashplay37.com,1
starauto.ae,https://starauto.ae/,200,Crescent Bay Advisory | Abu Dhabi Property for Sale,0,28,2,,,,1
starbailbonds.com,https://starbailbonds.com/,200,Star Bail Bonds — California Bail Bond Services | 24/7 Fast Release,0,32,1,,,,10
starlight-princess-1000.ru,https://starlight-princess-1000.ru/,200,Starlight Princess 1000 — видео слот от Pragmatic Play 🎰 играть онлайн,0,1,1,,,fortuna-promo2.com,2
starsignaturecity.in,https://starsignaturecity.in/,200,Melbet India Site 2026: Bonus & Payouts,0,1,4,,,,1
startmostbet.ws,http://startmostbet.ws/,200,WEBSITE.WS - Your Internet Address For Life™,3,0,0,thin_page,,,0
startupbet.co,https://startupbet.co/,200,StartupBet — I bet you can't generate $1K MRR in 8 weeks.,0,1,8,,,,6
stastnababiska.cz,https://stastnababiska.cz/,200,Casino Review Česko 2026 – Detailní Hodnocení Online Casin,2,19,4,,,,5
statewiderivers.com,https://statewiderivers.com/,200,Home - Statewide Rivers,0,36,8,,,,8
statista.com,https://www.statista.com/,200,"Statista - The Statistics Portal for Market Data, Market Research and Market Studies",0,193,17,,,,10
stavka-mostbet2.win,https://stavka-mostbet2.win/,200,Coming Soon,0,0,0,thin_page,,,0
stavkinasport.com,https://stavkinasport.com/,200,Ставки на спорт онлайн: букмекерские конторы и ставки на все виды спорта,0,254,6,,,betboom.ru click.lp-link.ru click.lrupartners.com clicks.af-ru2e2e.com mrthn.ru tennisi.bet tracker.partnersmelbet.ru,23
stay-casino1-au.com,https://stay-casino1-au.com/,200,Stay Casino Australia Official Website 🔥 Welcome Bonus Package 【$2000 + 200 Free Spins】 Best Online Casino Games,0,21,2,,,og-le-uv.buzz,7
staze.site,http://staze.site/,200,,0,0,8,,,,6
stctomsk.ru,https://stctomsk.ru/,200,"Мостбет: рабочее зеркало на сегодня, вход в Мостбет Казино, бонусы 【официально】",58,1,0,,,dashplay37.com,1
stefaniaklinika.hu,https://stefaniaklinika.hu/,200,Mostbet Hungary – Hivatalos Magyar Oldal | Fogadóiroda és Online Játékok 2026,56,1,0,,,hu.stat-umlead.com,1
stemguy.co.za,https://stemguy.co.za/,200,"STEM GUY — Master Cambridge Mathematics, Physics & Chemistry",0,10,2,,,,1
stendbest.ru,https://stendbest.ru/,200,"Mostbet Casino - Официальный сайт Мостбет Казино: регистрация, вход и игровые автоматы",54,1,0,,,dashplay37.com,1
stockswithgeeks.com,https://stockswithgeeks.com/,200,"StockswithGeeks – Get Latest Information of GMP of IPO, Stocks Forecast",0,46,4,,,,4
stokercon2017.org,https://stokercon2017.org/,200,stokercon2017.org - stokercon2017.org,7,9,7,,,,7
stomat-service.ru,https://stomat-service.ru/,200,Мостбет: официальный сайт букмекерской конторы и казино Mostbet,66,1,4,,,onxpromototal.com,3
stop-zapoi.ru,https://stop-zapoi.ru/,200,"Мостбет казино 🎰 Официальный сайт | Вход, рабочее зеркало Mostbet",58,2,1,,,dashplay37.com,1
stopnshop.co.nz,https://stopnshop.co.nz/,200,Homepage - Stop n Shop,0,109,58,,,,10
storenvy.com,https://www.storenvy.com/,200,Buy and sell on the world's most socially driven marketplace | Storenvy,0,157,10,,,,14
strafe.com,https://www.strafe.com/,200,Strafe Esports | Watch Esports Games Online | Esports Schedules,0,422,189,,,,25
strefamlodych.pl,https://strefamlodych.pl/,200,STREFA MŁODYCH - Portal Rzecznika Praw Dziecka        STREFA MŁODYCH         - Portal Rzecznika Praw Dziecka,0,30,2,,,,0
stroycomgarant.ru,https://stroycomgarant.ru/,200,БК Мостбет: официальный сайт и рабочее зеркало Mostbet,61,2,4,,,onxpromototal.com,3
stroyinvest64.ru,https://stroyinvest64.ru/,200,"Мостбет Казино — зеркало на сегодня, официальный сайт Mostbet",53,1,0,,,dashplay37.com,1
stroymaster-perm.ru,https://stroymaster-perm.ru/,200,Мостбет официальный сайт ᐉ Mostbet Casino Вход и рабочее зеркало,52,1,0,,,dashplay37.com,1
stsaves.pl,https://stsaves.pl/,200,Heats Casino Polska (2026) | Oficjalny Portal &amp;amp; Gorące Gier Hazardowe,0,3,0,,,g-vektor.ru,1
studia-krasota.ru,https://studia-krasota.ru/,200,Mostbet Casino 🎰 — Мостбет Казино: официальный сайт онлайн-казино с бонусами 💎,46,1,0,,,dashplay37.com,1
studombudsman.ru,https://sportswiki.ru/,200,"Википедия Спорта и результаты матчей онлайн. Турнирные таблицы, игроки, расписание и прогнозы — СпортсВики",0,475,1,,,,0
study-grier-school.ru,https://study-grier-school.ru/,200,Мостбет зеркало рабочее сегодня — официальный сайт Мостбет Casino,52,1,0,,,dashplay37.com,1
sud74.ru,https://sud74.ru/,200,Sud74.ru,11,10,6,,,,5
suebadeau.com,https://www.suebadeau.com/,200,1xSlots официальный | Рабочее 1хСлот зеркало 2026,0,1,0,,,f14abxgwq5k.top,1
sugarrush1000.ru,https://sugarrush1000.ru/,200,Игровой автомат Sugar Rush 1000 🎰 – играть бесплатно,0,1,1,,,tracker.referevlinks.com,2
suluj.org,https://suluj.org/,200,SULUJ – Savez udruženja likovnih umetnika Jugoslavije,0,36,7,,,,11
summerpeak26.com,https://summerpeak26.com/,200,MostBet Partners,6,1,1,,,,0
sunbridgenetwork.com,http://www.sunbridgenetwork.com/,200,"Mostbet - spor ve casino bahisleri Türkiye'de: giriş, kayıt, indir",22,2,1,,http://www.sunbridgenetwork.com/mostbet/,,1
suncarrentalmalta.com,https://suncarrentalmalta.com/,200,Welcome to nginx!,0,0,2,,,,2
sunglass.com.pl,https://sunglass.com.pl/,200,"Regalia Casino — Premium Online Casino with a 2,000 CAD Welcome Bonus",0,17,2,,,track.partner.example,4
sunglassescart.shop,https://www.sunglassescart.shop/,200,sunglassescart.in,1,22,8,,,,10
suning.com,https://www.suning.com/,200,苏宁易购(Suning.com)-换新到苏宁 省钱更省心！,0,154,12,,,,6
sunstripe.io,https://sunstripe.io/,200,Sunstripe – We build innovation,0,16,51,,,,14
super-best-online143.cfd,https://super-best-online143.cfd/,200,Mostbet Onlayn Kazino: Ümumi İcmal,101,2,0,,,cvl36s4x15n.top,1
super-best-top118.cfd,https://super-best-top118.cfd/,200,Mostbet AZ Giriş ᐉ Mostbet Azerbaycan Rəsmi Casino,135,2,7,,,cf2w2a827cgd.top,4
super-game-online675.click,https://super-game-online675.click/,200,Mostbet AZ | Rəsmi internet saytında giriş və qeydiyyat | Mostbet-az90,91,3,0,,,aos9d9e9g0o.top,1
super-online-top295.cfd,https://super-online-top295.cfd/,200,Mostbet AZ | Rəsmi internet saytında giriş və qeydiyyat | Mostbet-az90,91,3,0,,,aos9d9e9g0o.top,1
super-play-online173.cfd,https://super-play-online173.cfd/,200,Mostbet AZ Giriş ᐉ Mostbet Azerbaycan Rəsmi Casino,135,2,7,,,cf2w2a827cgd.top,4
superbitepdx.com,https://superbitepdx.com/,200,"Gems Bonanza Slot – Review, Demo & Real Play",2,2,7,,,,7
supermatryoshkas.com,https://supermatryoshkas.com/,200,888starz Uchun Muhtarij Strategiyalari va Maslahatlar,0,9,5,,,,3
superstar88slot.com,https://superstar88slot.com/,200,"SUPERSTAR88 > Puncak Promo Fantastis, Kejutan Hadir Berkala",0,103,137,,,,25
surfmusic.ru,https://surfmusic.ru/,200,"Mostbet казино и Мостбет: рабочее зеркало, бонусы, официальный сайт 🎰 🔗",30,2,1,,,dashplay37.com,1
sushruthospital.co.in,https://sushruthospital.co.in/,200,Mostbet in India Official Website | ₹45000 🎁 | Login & Registration,71,5,3,,,,2
svgair.com,https://www.svgair.com/,200,"Melbet Pakistan Official Site – Sports Betting & Casino | Get 30,000 PKR Bonus",0,13,3,,,,3
svipcasinob.com,https://svipcasinob.com/,200,Svip Casino – Most Downloaded Earning Games App Pakistan 2026,0,37,5,,,,2
swadbamechty.ru,https://swadbamechty.ru/,200,"Мостбет ᐉ Официальный сайт Казино Mostbet| Промокоды, бонусы",40,1,0,,,dashplay37.com,1
swamiji99.org,https://swamiji99.org/,200,Swamiji99 - Official Cricket ID | Bet on IPL 2026 | 1 Min Withdrawal | 50% Bonus,0,8,49,,,,25
sweetbonanza-az.top,https://sweetbonanza-az.top/,200,Sweet Bonanza Azərbaycan - 96.51% RTP Rəsmi Slot Oyunu | Pragmatic Play,32,4,2,,,click.maxtraffic.click,2
sweetbonanzakazan1.com,https://www.sweetbonanzakazan1.com/,200,Sweet Bonanza Demo Oyna ⚡️ Sweet Bonanza Giriş,2,5,0,,,,0
swimsmooth.cz,https://swimsmooth.cz/,200,Mostbet Česká republika: Bonus 15 000 Kč + 30 FS za registraci,51,14,3,,,,3
sworwa.pl,https://sworwa.pl/,200,"Mostbet Casino 🛡️ Oficjalna Strona | Bonusy, Gry i Recenzje",44,1,0,,,mio.novarao.com,1
synergymoney.com.au,https://synergymoney.com.au/,200,Home - Synergy Money Pty Ltd,0,29,26,,,,24
syntaxxcomm.com,https://syntaxxcomm.com/,200,Home - Syntaxx Communications,0,15,4,,,,5
systemhaus-boeblingen.de,https://www.systemhaus-boeblingen.de/,200,Systemhaus Böblingen - Systemhaus Böblingen,0,15,10,,,,8
szolnokkennelclub.hu,https://szolnokkennelclub.hu/,200,Mostbet Casino Hungary 2026 – Bejelentkezés és Bónuszok,177,25,2,,https://szolnokkennelclub.hu/go/szolnokkennelclub/,,2
sztarcafe.com,https://sztarcafe.com/,200,MostBet Magyarország – Hivatalos Kaszinó és Sportfogadás Oldal,167,27,2,,,mi67286a9cac.top,1
tabagieking.com,http://tabagieking.com/,200,,0,0,8,,,,6
tabarak-fiber.com,https://tabarak-fiber.com/,200,,0,0,0,thin_page,,,0
taj-mst-play.com,https://taj-mst-play.com/,200,MostApp - Your Ultimate Home Service Solution,0,0,7,,,,2
tajmigrant.com,https://tajmigrant.com/,200,Mostbet AZ Resmi Giriş | Mostbet Azerbaycan Casino,101,17,2,,,getwwsx.top,3
takabet-bd.net,https://takabet-bd.net/,200,"TakaBet Company Bangladesh: Safety, Login, App, Bonuses",0,19,7,,,,9
takeitawaypodcast.com,https://takeitawaypodcast.com/,200,Mostbet — Ən Etibarlı Onlayn Kazino və Bukmeker Azərbaycanda,21,14,2,,,bncsmany.top,1
talksport.com,https://talksport.com/,200,"Live Radio, Breaking Sports News, Opinion - talkSPORT",0,137,36,,,,25
tamosspace.kz,https://tamosspace.kz/,200,Мостбет ᐉ Официальный сайт и бонусы Mostbet,167,23,4,,https://tamosspace.kz/play,,4
tamosspacekz.cfd,https://tamosspacekz.cfd/,200,Мостбет ᐉ Официальный сайт и бонусы Mostbet,93,2,0,,,1448i2suo8i.top,1
tamsac.pe,https://www.tamsac.pe/,200,Constructora TAMSAC - Especialista en Mercados y Galerías - Perú,0,20,5,,,,3
taniesianie.net.pl,https://taniesianie.net.pl/,200,Aftermarket.eu :: domain taniesianie.net.pl,0,0,13,,,,13
tansik9ardens.com,https://www.tansik9ardens.com/,200,Mostbet Egypt | المراهنات الرياضية وألعاب الكازينو - مكافأة 5000 ج.م,54,13,3,,,,3
tanzaniaportal.com,https://tanzaniaportal.com/,200,Mostbet CZ: Komplexní průvodce sportovním sázením a online kasinem v České republice,90,3,5,,https://tanzaniaportal.com/go/,,4
tapadinha.pt,https://tapadinha.pt/,200,Spinboss Casino | Top Rated & Trusted Platforms 2026,0,20,1,,,partners-official.com,3
tapestrybrewery.com,https://www.tapestrybrewery.com/,200,Big things will be here soon,0,0,0,thin_page,,,0
tappy-bird-jogo.com,https://tappy-bird-jogo.com/,200,Tappy Bird - Jogue Agora e Receba Bónus Exclusivo,0,25,3,,,chickenpirate-link.com,3
tappy-bird-officiel.com,https://tappy-bird-officiel.com/,200,Tappy Bird - Casino en ligne officiel et gains rapides,0,23,3,,,chickenpirate-link.com,3
tappybird-cassino.com,https://tappybird-cassino.com/,200,Tappy Bird - registo rápido e acesso imediato 2026,0,28,3,,,chickenpirate-link.com,3
tappybird-enligne.com,https://tappybird-enligne.com/,200,Tappy Bird - Jouez maintenant et profitez de bonus exclusifs,0,19,3,,,chickenpirate-link.com,3
tappybird-jogo.com,https://tappybird-jogo.com/,200,Tappy Bird - Plataforma Oficial para Jogar Online,0,19,3,,,chickenpirate-link.com,3
tappybird-juego.com,https://tappybird-juego.com/,200,Tappy Bird - tragamonedas popular con premios reales,0,26,3,,,chickenpirate-link.com,3
tarahyd.in,https://tarahyd.in/,200,Mostbet PK Official: Betting & Casino | Login & Bonus,52,13,3,,,,2
target.com,https://www.target.com/,200,Target : Expect More. Pay Less.,0,83,207,,,,25
tarmpu.kz,https://tarmpu.kz/,200,Мостбет зеркало | Вход на официальный сайт казино Mostbet,96,13,3,,https://tarmpu.kz/play,,4
tarsolyosok.hu,https://www.tarsolyosok.hu/,200,NV Casino | Hivatalos Oldal Magyarországon | Bónusz 100 000 HUF,0,25,9,,,,2
tasptrio.org,https://tasptrio.org/,200,Mostbet Casino Official Site in Bangladesh,12,11,3,,,,2
tasteofhome.com,https://www.tasteofhome.com/,200,"Taste of Home: Find Recipes, Appetizers, Desserts, Holiday Recipes & Healthy Cooking Tips",0,182,49,,,,25
tastylive.ru,https://w03.tastylive.ru/,200,Главная - Tasty Live,0,37,5,,,,4
tatvikahospital.in,https://tatvikahospital.in/,200,Home - Tatvika Hospital Karimnagar,0,75,10,,,,4
taxfree-heinemann.dk,https://www.taxfree-heinemann.dk/en/cph/,200,Tax free online shop for passengers at Copenhagen airport | TAX FREE Shop,0,227,6,,,,9
tbcare1.org,http://tbcare1.org/,200,NameBright - Domain Expired,0,0,2,,,,2
tdedsportpool.com,https://www.tdedsportpool.com/,200,Mostbet Casino: Przejmij Kontrolę Nad Swoją Grą,11,0,3,,,,1
te4ever.com,https://te4ever.com/,200,,0,0,8,,,,6
teamesteemmethod.com,https://teamesteemmethod.com/,200,"Home - Team Esteem, LLC",0,24,15,,,,8
techcrunch.com,https://techcrunch.com/,200,TechCrunch | Startup and Technology News,0,162,24,,,,16
techgaming.pl,https://techgaming.pl/,200,"Energy Casino i Casino Energy – bonusy FS, szybka wypłata i aktualne linki",0,3,2,,,mio.novarao.com,1
technoinfra.in,https://www.technoinfra.in/,200,Mostbet India: Official Online Casino and Betting Platform,93,4,3,,,,2
techobserver.in,https://techobserver.in/,200,"Tech Observer Magazine – Tech News, AI, GovTech, Enterprise IT, Videos and Podcasts",0,203,30,,,,25
techyeco.com,https://techyeco.com/,200,TechyEco - Your Trusted Source for Tech Solutions,0,18,1,,,,0
tecnobi.it,https://www.tecnobi.it/,200,"TECNOBI, TECNO BI, tecnobi srl, TECNOBI Srl, TECNOBI modena, tecnobi emilia, tecnobi emilia romagna, TECNOBI TOSHIBA, TECNO BI TOSHIBA, inverter, Soft Starters, TOSHIBA, TOSHIBA partner, collaboratori",0,43,12,,,,7
tedslotc.com,https://tedslotc.com/,200,TED Slot – Best JazzCash Supported Earning Games Site Pakistan 2026,0,37,5,,,,2
teenspot58.com,https://teenspot58.com/,200,What Is Poker Online Cash Game 2026 | भारत गाइड,0,22,4,,,,2
tegco.vn,https://tegco.vn/,200,"Công Ty TNHH Dịch Vụ Thiết Bị Công Nghệ Nguyễn Gia TEG Co.,ltd",0,109,6,,,,2
tehamaconcertseries.org,https://www.tehamaconcertseries.org/,200,Mostbet App Download Bangladesh – Full Setup Guide for Android & iOS,56,4,3,,,,2
tehreg.ru,https://www.tehreg.ru/,200,Mostbet Kazino: Azərbaycanda Ən Yaxşı Onlayn Oyun Təcrübəsi,224,26,2,,https://www.tehreg.ru/play,,1
telse.org,https://www.telse.org/,200,Mostbet Casino: Przejmij Kontrolę Nad Swoją Grą,11,0,3,,,,1
tem40k.com,https://tem40k.com/,200,tem40k,0,8,5,,,,4
temperleygarage.com,https://alightmotion-pc.com/,200,All Yono Games Official APK Download (2026) | Real Cash Rummy & Slots,0,15,4,,,,1
temps-orages.pro,https://www.temps-orages.pro/,200,"Temps d'Orage Pro | Traquer l'orage, c'est un métier",0,26,30,,,,25
temucoalimentos.cl,https://www.casasohiggins.cl/,200,Mejores casinos online Chile 2026: retiros reales en CLP,1,18,2,,,cl-globallink.com partners-official.com partnerscore-global.com,9
tenereteam.com,https://www.tenereteam.com/,200,"TenereTeam - The Best Deals, Coupons, Promo Codes & Discounts",0,86,185,,,,25
termizibnsinojst.uz,https://termizibnsinojst.uz/,200,Mostbet O'zbekiston: Onlayn Kazino va Sport Tikish - Kirish va Bonuslar,51,12,3,,,,2
terresensorielle-institut.com,https://www.terresensorielle-institut.com/,200,Jeetwin Bangladesh – Premium Online Destination for Betting and Casino Games,0,6,4,,,,3
teslatogel.com,https://teslatoto77.com/,200,TESLATOTO: Forum Tesla Rekomendasi Situs Toto Slot Gacor dan Toto Macau 4d Online,0,104,157,,,,25
tf2lambent.com,https://www.tf2lambent.com/?from=@,200,,0,0,4,,,,2
the-best-betting-sites.uk.com,https://the-best-betting-sites.uk.com/,200,Best Betting Sites: Top New Online Bookmakers in the UK,0,18,27,,,,23
the-ecoin.com,https://the-ecoin.com/,200,The-Ecoin Home - The eCoin,0,240,23,,,,16
the-madmen.ru,https://the-madmen.ru/,200,Срок регистрации the-madmen.ru истек,0,0,8,,,,8
theaidahomeliving.com,https://theaidahomeliving.com/,200,MostBet Portugal — Casino Online e Apostas com Bónus,100,4,0,,,ujhnh8zb.top,2
theamazingbees.com,https://theamazingbees.com/,200,The Amazing Bees - From Bees To Better Buys,0,26,2,,,,2
thearrangementcompany.com,https://www.thearrangementcompany.com/,200,Türkiye Bahisçiler 2025: Bahis siteleri en iyi 10 site | Rehber,1,10,0,,,,0
thebigdoghouseslot.com,https://thebigdoghouseslot.com/,200,The Big Dog House Game Review RTP Free Spins and Features,0,2,1,,,r1wttde.life,2
thebigdoghouseslot.net,https://thebigdoghouseslot.net/,200,The Big Dog House Game Review Features Bonuses and Gameplay,0,2,1,,,r1wttde.life,2
thebiglead.com,https://www.thebiglead.com/,200,"The Big Lead - Sports, Media, News Coverage & More",0,80,12,,,,4
thebluediary.space,http://thebluediary.space/,200,Your domain is expired,0,0,7,,,,7
thecalculatorsite.com,https://www.thecalculatorsite.com/,200,The Calculator Site - Free Online Calculators,0,171,7,,,,2
thecarmelinn.com,https://thecarmelinn.com/,200,Mostbet Login Pakistan - sports betting casino | Bonus and download APK,179,4,15,,,w4sq2xb2k1x6.top,2
thecathedralfaribault.com,https://www.thecathedralfaribault.com/,200,Mostbet Polska – Oficjalna strona Mostbet Casino online,194,25,2,,,epcrbvpkrts.top,1
thechiquitachannel.com,https://thechiquitachannel.com/,200,CC Paschal,0,3,68,,,,8
theclayhut.com,https://theclayhut.com/,200,"Teen Patti Master APK Download 2026: Official Guide, Features & Installation",0,3,26,,,d1xnmpbmhjcemf.cloudfront.net,25
thecourtyardrotherfield.co.uk,https://thecourtyardrotherfield.co.uk/,200,Best Betting Sites: Top New Online Bookmakers in the UK,0,18,27,,,,23
thecraftstudio.in,https://www.thecraftstudio.in/,200,Mostbet India: Sports Betting & Online Casino Official Site,43,0,3,,,,1
thedentalroom.com.au,https://www.thedentalroom.com.au/,200,Cosmetic & Family Dentist Balwyn North | The Dental Room,0,44,8,,,,1
theeducon.in,https://theeducon.in/,200,Mostbet PK Official: Login & Register for 125% Welcome Bonus,49,11,3,,,,2
thefrontlinenews.in,http://thefrontlinenews.in/,200,Your domain is expired,0,0,7,,,,7
thegreencafe.ie,https://thegreencafe.ie/,200,The Green Cafe – in the rhythm of nature,0,11,2,,,,4
thegrilleatblackhawk.com,https://thegrilleatblackhawk.com/,200,Home | The Grille at Blackhawk,0,4,13,,,,9
theguardian.com,https://www.theguardian.com/europe,200,"Latest news, sport and opinion from the Guardian",0,264,23,,,,21
thelifestylerevive.com,https://thelifestylerevive.com/,200,"The Lifestyle Revive - Style, Inspire and Empower",0,90,10,,,,9
thelitenews.uk,https://thelitenews.uk/,200,The Lite News -,0,26,13,,https://thelitenews.uk/link-factory-verification/,,12
themikedenverband.com,https://themikedenverband.com/,200,"Mostbet ᐉ Mostbet giriş, casino ve güncel bonuslar",140,12,5,,,zuq07d.top,1
theoriginof.com,https://theoriginof.com/,200,The Origin of | Story Of Origin,0,107,0,,,,0
thepatiotaphouse.com,https://thepatiotaphouse.com/,200,HOME | The Patio Taphouse,0,7,65,,,,25
thepioneerwoman.com,https://www.thepioneerwoman.com/,200,"The Pioneer Woman – Recipes, Country Life and Style, Entertainment",0,216,146,,,,25
theplayoffs.news,https://theplayoffs.news/,200,Compartilhe a paixão por esportes e apostas 2026,0,225,25,,,,25
thepoolinator.com,https://thepoolinator.com/,200,Poolinator – Pool Cleaning and Maintenance,0,31,19,,,,14
therealdeal.com,https://therealdeal.com/,200,Real Estate News - The Real Deal,0,328,45,,,,25
therealstoriesofkarabakh.com,https://www.therealstoriesofkarabakh.com/index.html,200,Mostbet AZ: Azərbaycanda Mükəmməl Kazino və Mərc Platforması,62,0,1,,,,1
theringer.com,https://www.theringer.com,200,The Ringer,0,793,46,,,,25
thescore.com,https://www.thescore.com/,200,"Sports Scores, News & Schedules | theScore",0,231,60,,,,24
thespinachman.com,https://thespinachman.com/,200,Ingo Loge'  – The Spinach Man,0,16,24,,,,24
thespotforart.com,https://thespotforart.com/,200,The Spot by Voodo Fé,0,38,7,,,,4
thesuccessfulstudent.org,https://thesuccessfulstudent.org/,200,"Mostbet Nepal Official Website, Online Sports Betting & Casino | Login",90,11,3,,,,2
thesun.co.uk,https://www.thesun.co.uk/,200,"News, sport, celebrities and gossip | The Sun",0,278,26,,,,19
thetrainline.com,https://www.thetrainline.com/en-us,200,"Trainline | Search, Compare & Buy Cheap Train & Bus Tickets",0,230,34,,,,25
theunlikelypreacher.com,https://theunlikelypreacher.com/,200,1xBet mongolia 2026: Өнөөдөр спортын бооцоо тавиарай,0,7,8,,,mangeasy.com,8
theyellowpractice.co.uk,https://theyellowpractice.co.uk/,200,Best Betting Sites: Top New Online Bookmakers in the UK,0,18,27,,,,23
thorpesappliances.com,https://www.thorpesappliances.com/,200,Mostbet Casino: Przejmij Kontrolę Nad Swoją Grą,11,0,3,,,,1
thotharena.com,https://thotharena.com/,200,Thoth Arena — The arcade where you bet your skill,0,26,0,,,,1
thv11.com,https://www.thv11.com/,200,"Little Rock's Leading Local News: Weather, Traffic, Sports and more | Little Rock, Arkansas | thv11.com",0,91,19,,,,10
tianamusic.com,https://www.tianamusic.com/,200,WE88 ⭐ Link Vào WE88 Mới Nhất 2026 | Trang Chủ Chính Thức,0,44,16,,,,11
tiendanimal.es,https://www.tiendanimal.es/,200,Tienda online de productos para mascotas - Tiendanimal,0,478,22,,,,25
tigerxplay.vip,https://tigerxplay.vip/,200,Tigerexch – India’s Trusted Tiger Exchange Betting Platform,0,36,19,,,,10
tigre-sortudo-br.com,https://tigre-sortudo-br.com/,200,"Tigre Sortudo da Pragmatic Play: como jogar, estratégias e melhor horário para ganhar",2,11,0,,,sbtm.pro,2
tigres-sortudo.com,https://tigres-sortudo.com/,200,"Tigre Sortudo: descubra como jogar, quando rende mais e como ganhar no slot da Pragmatic Play",2,11,0,,,sbtm.pro,2
tigresortudo.io,https://tigresortudo.io/,200,"Apostas Esportivas, Slots e Cassino | Tigre Sortudo",0,26,1,,,aff.imphos.orgtigre-sortudo-login,1
timeformezze.co.uk,https://timeformezze.co.uk/,200,Best Betting Sites: Top New Online Bookmakers in the UK,0,18,27,,,,23
tinasimcic.si,https://tinasimcic.si/,200,Urejen dom veselja - Tina Simčič,0,44,11,,,,18
tinastudio.ru,https://tinastudio.ru/,200,Мостбет БК играть на официальном сайте | Mostbet,50,1,0,,,dashplay37.com,1
tinel-brand.de,https://tinel-brand.de/,200,Mostbet Casino Deutschland – Offizieller Testbericht 2026,28,1,0,,,toptraffgo.top,1
tipsvm.com,https://tipsvm.com/,200,Fotbolls VM 2026 Tipset,0,5,0,,,,0
titanicfactory.com,https://www.titanicfactory.com/,200,Soluciones e infraestructura de IA para empresas- Titanic Factory,1,24,15,,,,10
tjsmrzice.cz,https://tj-smrzice.cz/,200,TJ Smržice – Fotbalový klub od roku 1934,0,19,27,,,,15
tkd-gepard.ru,https://tkd-gepard.ru/,200,"Мостбет казино 🎯 Официальный сайт, вход и рабочее зеркало Mostbet",52,2,0,,,dashplay37.com,1
tmaudio.pl,https://tmaudio.pl/,200,Mostbet Polska Reviews 2026 — Experts Picks,135,20,1,,,partners-official.com,3
tobicon.jp,https://tobicon.jp/,200,トップ | トビコン,0,29,6,,,,3
today.com,https://www.today.com,200,"Latest News, Videos & Guest Interviews from the Today Show on NBC | TODAY",0,474,527,,,,25
todonfp.org,https://todonfp.org/,200,Mostbet Portugal — Casino Oficial e Milhares de Jogos,45,4,3,,,,2
tojay.bet,https://tojay.bet/pk,200,TOJAYS.BET-Best Real Money Online Casino In Pakistan 24/7,1,1,40,,,,21
tojay.co,https://tojay.co/pk,200,TOJAYS.BET-Best Real Money Online Casino In Pakistan 24/7,1,1,40,,,,21
tojay.io,https://tojay.io/pk,200,TOJAYS.BET-Best Real Money Online Casino In Pakistan 24/7,1,1,40,,,,21
tojay.org,https://tojay.org/pk,200,TOJAYS.BET-Best Real Money Online Casino In Pakistan 24/7,1,1,40,,,,21
tojays.bet,https://tojays.bet/pk,200,TOJAYS.BET-Best Real Money Online Casino In Pakistan 24/7,1,1,40,,,,21
tojays.net,https://tojays.net/pk,200,TOJAYS.BET-Best Real Money Online Casino In Pakistan 24/7,1,1,40,,,,21
tojays.org,https://tojays.org/pk,200,TOJAYS.BET-Best Real Money Online Casino In Pakistan 24/7,1,1,40,,,,21
toldostacoronte.com,https://toldostacoronte.com/,200,"toldostacoronte.com – Fabricantes de Toldos, Capotas y Estores",0,26,3,,,,4
tolridge.cz,https://tolridge.cz/,200,Mostbet Česká republika 2026: Jak získat a správně využít vstupní bonus v kasinu a na sázkách,75,12,3,,,,2
tomilpartsdpf.pl,https://tomilpartsdpf.pl/,200,Bison Casino Polska — platforma do gry — szybkie wypłaty BLIK,0,1,0,,,mio.novarao.com,1
toofan247.org,https://toofan247.org/,200,Toofan247 - Official Cricket ID | Bet on IPL 2026 | 1 Min Withdrawal | 40% Bonus,0,7,49,,,,25
tootle.co.in,https://tootle.co.in/,200,,0,0,7,,,,7
top-amp-best924.cfd,https://top-amp-best924.cfd/,200,Mostbet AZ | Rəsmi internet saytında giriş və qeydiyyat | Mostbet-az90,91,3,0,,,aos9d9e9g0o.top,1
top-best-game216.top,https://top-best-game216.top/,200,Mostbet AZ Giriş ᐉ Mostbet Azerbaycan Rəsmi Casino,135,2,7,,,cf2w2a827cgd.top,4
top-casino-uzbekistan.com,https://top-casino-uzbekistan.com/,200,Top kazino O'zbekiston 2026 — dosye va to'lov baholari,28,33,3,,,,7
top-game-online153.click,https://top-game-online153.click/,200,Mostbet AZ Giriş ᐉ Mostbet Azerbaycan Rəsmi Casino,135,2,7,,,cf2w2a827cgd.top,4
top-game-online153.top,https://top-game-online153.top/,200,Mostbet AZ Giriş ᐉ Mostbet Azerbaycan Rəsmi Casino,135,2,7,,,cf2w2a827cgd.top,4
top-game-online154.click,https://top-game-online154.click/,200,Mostbet AZ Giriş ᐉ Mostbet Azerbaycan Rəsmi Casino,135,2,7,,,cf2w2a827cgd.top,4
top-kolesa.ru,https://rf.ru/top-kolesa.ru,200,top-kolesa.ru,0,37,8,,,,5
top-online-game-72.cfd,https://top-online-game-72.cfd/,200,Mostbet Kazino: Azərbaycanda Ən Yaxşı Onlayn Oyun Təcrübəsi,162,2,0,,,lyasxozcwz.top,1
top-online-game-73.cfd,https://top-online-game-73.cfd/,200,Mostbet Kazino: Azərbaycanda Ən Yaxşı Onlayn Oyun Təcrübəsi,162,2,0,,,lyasxozcwz.top,1
top-site-game101.cfd,https://top-site-game101.cfd/,200,Mostbet Türkiye ⭐️ Yeni Giriş Linki ve Casino Deneyimi,51,2,0,,,onvnuqgsnlj.top,1
top-super-best318.cfd,https://top-super-best318.cfd/,200,Mostbet AZ Giriş ᐉ Mostbet Azerbaycan Rəsmi Casino,135,2,7,,,cf2w2a827cgd.top,4
top-super-best654.cfd,https://top-super-best654.cfd/,200,Mostbet AZ Giriş ᐉ Mostbet Azerbaycan Rəsmi Casino,135,2,7,,,cf2w2a827cgd.top,4
top-super-game240.cfd,https://top-super-game240.cfd/,200,Mostbet Onlayn Kazino: Ümumi İcmal,101,2,0,,,cvl36s4x15n.top,1
top-super-game572.cfd,https://top-super-game572.cfd/,200,Mostbet AZ | Rəsmi internet saytında giriş və qeydiyyat | Mostbet-az90,91,3,0,,,aos9d9e9g0o.top,1
top-super-game657.cfd,https://top-super-game657.cfd/,200,Mostbet AZ Giriş ᐉ Mostbet Azerbaycan Rəsmi Casino,135,2,7,,,cf2w2a827cgd.top,4
top10sportsbettingsites.co.uk,https://www.top10sportsbettingsites.co.uk/,200,Compare the Best Sports Betting Sites | Get Top Offers!,0,46,15,,,ads.boylesports.com ads.grosvenorcasinos.com affiliate.midnite.com affiliates.pubcasino.co.uk affiliates.quickbet.co.uk allbritishaffiliates.com mrq.rocks ntrfr.betmgm.co.uk priceduplinks.com quinnbet.click record.lottomartaffiliates.com spreadex.com track.matchbook-gaming.com tracker.36vegas.co.uk trk.eggaffiliates.com wl-nl.livescorebet.com,21
toppebrands.com,https://toppebrands.com/,200,Home - Toppebrands,0,38,7,,,,11
toprun.com.br,https://toprun.com.br/,200,,0,0,1,thin_page,,,1
topsafebet.com,https://topsafebet.com/,200,Betting App Download 2026 | भारत गाइड,2,23,4,,,,2
topstreams.fit,http://topstreams.fit/,200,,0,0,8,,,,6
totohelper.net,https://totohelper.net/,200,Python Package Analytics & Data Insights,0,75,3,,,,2
toulmengleuz.com,https://www.toulmengleuz.com/,200,"Mostbet Bangladesh | 125% Bonus up to BDT 25,000",108,4,3,,,,2
tour2023signup.eu,https://tour2023signup.eu/,200,Mostbet Polska – Oficjalna strona Mostbet Casino online,183,25,2,,,epcrbvpkrts.top,1
touristsecrets.ru,https://touristsecrets.ru/,200,Срок регистрации touristsecrets.ru истек,0,0,8,,,,8
tournament11.com,https://tournament11.com/,200,Mostbet Bangladesh 2026: Official Online Sports Betting & Casino,73,12,3,,,,2
tr-mostbet-login.com,https://tr-mostbet-login.com/,200,Success!,0,0,0,thin_page,,,0
tr-mostbet.mex.com,https://www.tr-mostbet.mex.com/,200,"Mostbet ᐉ Mostbet giriş, casino ve güncel bonuslar",185,13,5,,,zuq07d.top,2
tracxn.com,https://tracxn.com/,200,"Technology & Data for Venture Capital, Corp Dev, Investment Banks | Tracxn",0,400,22,,,,25
tradeindia.com,https://www.tradeindia.com/,200,"TradeIndia - B2B Marketplace for Top Manufacturers, Exporters, Suppliers",0,938,445,,,,25
tradera.com,https://www.tradera.com/,200,Tradera | Köp & sälj begagnat & second hand,0,276,147,,,,25
tradewheel.com,https://www.tradewheel.com/,200,Top Global B2B Marketplace | Best B2B eCommerce Platform | TradeWheel,0,507,13,,,,19
transfermarkt.com,https://www.transfermarkt.com/,200,"Football transfers, rumours, market values and news | Transfermarkt",0,209,18,,,,8
transmuller.com.br,https://transmuller.com.br/,200,Home - Transmuller,0,4,7,,,,4
transnacionalesdelafecom.xyz,https://transnacionalesdelafecom.xyz/,200,Mostbet AZ | ✦ 2026 Yeni Link | Canlı Kazino və İdman Mərcləri,81,2,0,,,hiljkfagyi.top,1
traveldarkly.com,https://traveldarkly.com/,200,Best Betting Sites: Top New Online Bookmakers in the UK,0,18,27,,,,23
travelroyworld.com,https://travelroyworld.com/,200,Travelroyworld – Travelling with fun,0,31,4,,,,1
treelinejournal.com,https://treelinejournal.com/,200,"Treeline Journal - News, opinion, and analysis on ultra running and outdoor lifestyle",0,15,7,,,,2
treeremovaljolietil.com,https://treeremovaljolietil.com/,200,Mostbet Polska 2026: Twoje Centrum Rozrywki i Zakładów Online | Treeremovaljolietil,510,20,2,,,partners-official.com,3
trendyol.com,https://www.trendyol.com/en,200,Trendyol | Shop for Latest Fashion Trends & Accessories,0,58,62,,,,25
tresfrancaise.com,https://www.tresfrancaise.com/,200,Mostbet BD Official Site: Online Betting & Casino in Taka (2026),74,12,5,,,,4
trezerestaurante.com,https://trezerestaurante.com/,200,TREZE Restaurante & Bar | Cocina de mercado en Madrid,0,18,9,,,,5
tribunaledisalerno-1.cfd,https://tribunaledisalerno-1.cfd/,200,Mostbet — Ən Etibarlı Onlayn Kazino və Bukmeker Azərbaycanda,127,2,0,,,bncsmany.top,1
tribunaledisalerno-2.cfd,https://tribunaledisalerno-2.cfd/,200,Mostbet — Ən Etibarlı Onlayn Kazino və Bukmeker Azərbaycanda,127,2,0,,,bncsmany.top,1
tribunaledisalerno.cfd,https://tribunaledisalerno.cfd/,200,Mostbet — Ən Etibarlı Onlayn Kazino və Bukmeker Azərbaycanda,127,2,0,,,bncsmany.top,1
tribunaledisalerno.net,https://tribunaledisalerno.net/,200,Mostbet — Ən Etibarlı Onlayn Kazino və Bukmeker Azərbaycanda,15,14,2,,,bncsmany.top,1
trinitycommonsfoundation.org,https://trinitycommonsfoundation.org/,200,Mostbet Azərbaycanda 2026 – Geniş Mərc Xətti və Canlı Kazino Platforması,62,4,3,,,,2
tripleogroup.com,https://tripleogroup.com/,200,"Home | Triple O Group | Construction – Landscaping – Facility Management : Laredo, TX",2,19,7,,,,8
triplettx.com,https://triplettx.com/,200,Мостбет зеркало | Вход на официальный сайт казино Mostbet,96,13,3,,https://triplettx.com/play,,4
triunfare.com.br,https://triunfare.com.br/,200,Aula Secreta,0,13,5,,,,6
tronbettingw.com,https://tronbettingw.com/,200,BRO444Download-گجرانوالہ میں بلیک جیک ہائی اسکور روم میں بیٹنگ اور درست فیصلہ کن اوڈز BRO444.com,0,20,4,,,,6
troskliwirodzice.com,http://troskliwirodzice.com/,200,Welcome to nginx!,0,0,2,,,,2
trotuarnaya-plitka61.ru,https://trotuarnaya-plitka61.ru/,200,"Мостбет зеркало и Мостбет Casino — рабочее зеркало, 100% бонус, FS",54,2,0,,,dashplay37.com,1
troupesdetheatre.com,https://www.troupesdetheatre.com/,200,Troupes de Théâtre: Casino Stage Australia · Where every bet is a performance — Australia’s most dramatic online casino blog,0,32,4,,,,8
trulysimplemeats.com,https://trulysimplemeats.com/,200,"Truly Simple Meats – Fully Cooked, 100% Grass-Fed Beef.",0,6,3,,,,1
trykingspot.com,https://trykingspot.com/,200,Rummy Circle App 2026 | भारत गाइड,0,24,4,,,,2
tsvetnadezhdy.ru,https://tsvetnadezhdy.ru/,200,"Мостбет | Мостбет зеркало — официальный сайт Casino, рабочее зеркало, бонусы, вход, регистрация | Сегодня",55,1,0,,,dashplay37.com,1
tucsondjservice.com,https://tucsondjservice.com/,200,,0,31,46,,,,25
turkiyepromotiongroup.com,https://turkiyepromotiongroup.com/,200,Mostbet Giriş 🔥 Türkiye 'de Casino ve Büyük Bonuslarla Kazan,26,1,14,,,2bsud5a.top,15
turnerenterprise.net,https://turnerenterprise.net/,200,Turner Enterprise,2,15,37,,,,25
tv20bangla.com,https://www.tv20bangla.com/,200,TV 20 Bangla - Breraking News Kolkata - সত্য যেখানে কথা বলে,0,86,67,,,,25
tvhindinews.com,https://tvhindinews.com/,200,"MCW Casino Bangladesh – Games, Sports, and a 100% Bonus",0,7,6,,,,5
tw.bid.yahoo.com,https://consent.yahoo.com/v2/collectConsent?sessionId=3_cc-session_34964dbb-4706-4a24-bfd4-d04476fa2a4e,200,Ваши избори у погледу приватности,0,6,0,,,legal.yahoo.com,3
twoj.bet,https://twoj.bet/pk,200,TOJAYS.BET-Best Real Money Online Casino In Pakistan 24/7,1,1,40,,,,21
twojay.bet,https://twojay.bet/pk,200,TOJAYS.BET-Best Real Money Online Casino In Pakistan 24/7,1,1,40,,,,21
twojays.bet,https://twojays.bet/pk,200,TOJAYS.BET-Best Real Money Online Casino In Pakistan 24/7,1,1,40,,,,21
twojjay.com,https://twojjay.com/pk,200,TOJAYS.BET-Best Real Money Online Casino In Pakistan 24/7,1,1,40,,,,21
twojjays.com,https://twojjays.com/pk,200,TOJAYS.BET-Best Real Money Online Casino In Pakistan 24/7,1,1,40,,,,21
twojs.bet,https://twojs.bet/pk,200,TOJAYS.BET-Best Real Money Online Casino In Pakistan 24/7,1,1,40,,,,21
twoleafdesign.com,https://twoleafdesign.com/,200,Two Leaf Design,2,15,10,,,,21
tworiverslodge.com,https://tworiverslodge.com/,200,NameBright - Coming Soon,0,0,1,thin_page,,,1
tycoon-win.com,https://tycoon-win.com/,200,"Tycoon Casino Review: Games, Bonuses & Payments",0,7,3,,,getruvada.com,3
tycoonwin-australia.com,https://tycoonwin-australia.com/,200,"Tycoon Casino Australia - Pokies, Live Games & Bonuses",0,7,3,,,getruvada.com,3
tycoonwin-canada.com,https://tycoonwin-canada.com/,200,"Tycoon Casino Review: Bonuses, Games & Payments",0,8,3,,,getruvada.com,3
tycoonwin-germany.com,https://tycoonwin-germany.com/,200,"Tycoon Casino Test: Boni, Spiele & Auszahlungen",0,7,3,,,getruvada.com,3
tycoonwin-kasyna.com,https://tycoonwin-kasyna.com/,200,"Tycoon Casino Online – Recenzja, Bonusy i Gry",0,7,3,,,getruvada.com,3
tycoonwins.org,https://tycoonwins.org/,200,"Tycoon Casino Review: Games, Bonuses & Payouts",0,7,3,,,getruvada.com,3
u0f52.com,https://u0f52.com/pk,200,DUA66.COM-Best Real Money Online Casino In Pakistan 24/7,1,1,39,,,,21
uae.dubizzle.com,https://uae.dubizzle.com/,200,Pardon Our Interruption,0,0,1,,,,1
ubgeneraltrading.com,https://ubgeneraltrading.com/,200,Welcome -,0,20,4,,,,3
uclpelangi.net,https://uclpelangi.net/,200,LIGA PELANGI - PLATFORM PERMAINAN DIGITAL TERPOPULER & TERLENGKAP TERBAIK DI INDONESIA,0,2,6,,,,7
uclpelangi.org,https://uclpelangi.org/,200,LIGA PELANGI - PLATFORM PERMAINAN DIGITAL TERPOPULER & TERLENGKAP TERBAIK DI INDONESIA,0,2,6,,,,7
udichi.in,https://udichi.in/,200,Mostbet Bangladesh 2025 – Best Online Betting & Casino Platform,92,10,3,,,,2
ufabettermostm4.com,https://ufabettermostm4.com/,200,Slotgacor - Pilihan Aman Untuk Pemain Memperluas Ruang Kemenangan Harian,0,11,8,,,,4
ufabettermostu.xyz,https://ufabettermostu.xyz/,200,บาคาร่าSA เว็บบาคาร่าที่น่าเชื่อถือที่สุดและดีที่สุดในเอเชีย,0,65,5,,,,3
ufabull.com,https://ufabull.com/,200,เว็บวัวชน เว็บตรงไม่ผ่านเอเย่นต์ -,0,18,3,,,,1
ufastom.com,https://ufastom.com/,200,888starz Samarali Stavka Joyish - Boshlang'ichlar Uchun,0,9,5,,,,3
ufrj.br,https://ufrj.br/en/,200,Universidade Federal do Rio de Janeiro – Universidade Federal do Rio de Janeiro,0,23,4,,,,5
ufrst.com,https://www.ufrst.com/,200,12BET ⭐ Link Vào 12BET Mới Nhất 2026 | Trang Chủ Chính Thức,0,32,16,,,,6
ufun168.com,https://ufun168.com/,200,"Welcome to SBOKH Online Casino in Cambodia Voted Best Casino Online in Cambodia: If you’re looking for the real online casino experience with a leading operator, then you’ve definitely come to the rig",0,3,399,,,,25
ufun168.net,https://ufun168.net/,200,"Welcome to SBOKH Online Casino in Cambodia Voted Best Casino Online in Cambodia: If you’re looking for the real online casino experience with a leading operator, then you’ve definitely come to the rig",0,0,403,,,,25
ufun568.com,https://ufun568.com/,200,"Welcome to SBOKH Online Casino in Cambodia Voted Best Casino Online in Cambodia: If you’re looking for the real online casino experience with a leading operator, then you’ve definitely come to the rig",0,1,401,,,,25
ufun568.net,https://ufun568.net/,200,"Welcome to SBOKH Online Casino in Cambodia Voted Best Casino Online in Cambodia: If you’re looking for the real online casino experience with a leading operator, then you’ve definitely come to the rig",0,0,402,,,,25
uk-betting-sites-list.co.uk,https://uk-betting-sites-list.co.uk/,200,Best Betting Sites: Top New Online Bookmakers in the UK,0,18,27,,,,23
uk-gazservice1.ru,https://uk-gazservice1.ru/,200,Mostbet (Мостбет) и БК: бонусы 100% и рабочее зеркало сайта,59,2,4,,,onxpromototal.com,3
ukenned.com,https://ukenned.com/,200,Ukenned – Renewable energy,0,12,5,,,,5
ukieducation.com,https://www.ukieducation.com/,200,Home - UKI Education,0,47,11,,,,10
ulltrawin.com,https://ulltrawin.com/,200,Online Casino & Sports Betting,0,0,6,,,,0
ultra4ukraine.com,https://ultra4ukraine.com/,200,Mostbet AZ - bukmeker ve kazino Mostbet 2025 Giriş rəsmi sayt,9,2,0,,,,0
ulysmedia.kz,https://ulysmedia.kz/,200,Ulysmedia.kz | Новости и аналитика в Казахстане,0,147,37,,,,20
umacooling.in,https://umacooling.in/,200,Uma Cooling,2,34,11,,,,7
umost-reg.com,https://umost-reg.com/,200,,0,0,42,,,,25
unaescuelasustentablecom.cfd,https://unaescuelasustentablecom.cfd/,200,Mostbet – Azərbaycanda etibarlı casino platforması,112,2,0,,,iuztogwza.top,1
unaescuelasustentablecom1.cfd,https://unaescuelasustentablecom1.cfd/,200,Mostbet – Azərbaycanda etibarlı casino platforması,112,2,0,,,iuztogwza.top,1
uncannyeditions.com,https://murah4dzux.com/,200,MURAH4D Main Slot Aman Santuy Referensi Terkini Rekomendasi Master !,0,33,129,,,,25
uncp.edu.pe,https://uncp.edu.pe/,200,UNCP – Somos del Centro Somos del Perú,0,153,25,,,,23
understandingadsense.com,https://understandingadsense.com/,200,Bónus Aviator Moçambique 🇲🇿 🎁💥 — Códigos Promocionais 🏷️ & Ofertas 🎰 | RTP ✅,0,5,3,,,,1
unionstreetplayers.com,https://www.unionstreetplayers.com/,200,"Mostbet Azərbaycan – Rəsmi sayt, Mostbet Casino və Online Bahis",228,28,1,,https://www.unionstreetplayers.com/play,,2
uniqueblog.site,https://uniqueblog.site/,200,Unique Blog,0,33,4,,,,3
unitedcombatsports.com,https://unitedcombatsports.com/,200,Welcome to United Combat Sports,3,10,5,,,,3
uns.ac.id,https://uns.ac.id/id/,200,Home - Universitas Sebelas Maret,0,82,18,,,,9
up-image.com,https://up-image.com/16214su19,200,Mostbet – Беҳтарин казино ва платформаи букмекерӣ дар Тоҷикистон,161,27,2,,,suydxrchi.top,2
up-space.ru,https://up-space.ru/,200,Mostbet Casino (Мостбет Казино) 🎰 Официальный сайт и рабочее зеркало,40,1,0,,,dashplay37.com,1
upbit.com,https://www.upbit.com/,200,업비트(Upbit),0,1,7,,,,1
upstreamdownstream.org,https://upstreamdownstream.org/,200,"Mostbet Casino Polska – Gry, Zakłady i Oficjalny Dostęp",68,25,2,,,d9f4g1h7j.top,5
uptodown.com,https://www.uptodown.com/,200,"Descarga de apps para Android - Descarga, descubre, comparte en Uptodown",0,466,18,,,,25
urbandictionary.com,https://www.urbandictionary.com/,200,"Urban Dictionary, September 28: leafers",0,109,15,,,urbandictionary.store,25
urbanofficearchitecture.com,https://urbanofficearchitecture.com/,200,Mostbet Casino PT ▷ Login no Casino Most Bet Portugal [2026],34,1,0,,,777zxcqazw.top,1
urofiztermalotel.com,https://urofiztermalotel.com/,200,Ürofiz Termal Otel Haymana – ANKARA,0,14,6,,,,5
urperm.ru,https://urperm.ru/,200,"Мостбет ᐉ Официальный сайт Казино Mostbet| Промокоды, бонусы",40,1,0,,,dashplay37.com,1
us-itf.com,https://us-itf.com/,200,1xBet 2026: Албан ёсны сайтад нэвтэрч бооцоо тавиарай,0,7,7,,,mangeasy.com,7
usacryptocoins.com,https://usacryptocoins.com/,200,Mostbet is coming soon,2,1,4,,,,2
usafreightdispatch.com,https://www.usafreightdispatch.com/,200,USA Freight Dispatch | 24/7 Truck Dispatch for Owner-Operators,0,16,1,,,,0
usatoday.com,https://www.usatoday.com/,200,USA TODAY - Breaking News and Latest News Today,0,148,48,,,,25
usd2cad.ca,https://usd2cad.ca/,200,USD to CAD — Live Bank of Canada Rate + Free Converter,0,41,4,,,,5
used-harley-davidsons.com,https://used-harley-davidsons.com/,200,Used Harley-Davidsons | Pre-Owned Motorcycles & Inventory,0,13,25,,,,25
userviz.com,https://www.userviz.com/,200,Home,0,0,0,,,,0
ushalf.com,https://www.ushalf.com/,200,"Mostbet AZ | Onlayn Kazino, İdman Mərcləri və 550 AZN Bonus",61,11,3,,,,2
uslubebe.pl,https://uslubebe.pl/,200,"Pelican Casino | legalność, licencja, bezpieczeństwo 2026 | bonus 2250 zł i spiny",0,1,0,,,mio.novarao.com,1
uspeschnay.ru,https://uspeschnay.ru/,200,Срок регистрации uspeschnay.ru истек,0,0,8,,,,8
uszynszyla.pl,https://uszynszyla.pl/,200,U Szynszyla – blog o szynszyli małej,0,198,77,,,,25
utfpr.curitiba.br,https://www.utfpr.edu.br/campus/curitiba/,200,Campus Curitiba,0,76,11,,,,8
uzbekmarket.ru,https://uzbekmarket.ru/,200,"Официальный сайт Мостбет | Mostbet casino — зеркало, вход и бонусы 💰",48,1,0,,,dashplay37.com,1
uzicontabilidade.com.br,https://uzicontabilidade.com.br/,200,Uzi Contabilidade l Contabilidade em Rio Preto-SP,2,6,13,,,,5
uzmost-b.com,https://uzmost-b.com/,200,,0,0,42,,,,25
uzmost-bk.club,https://uzmost-bk.club/,200,Magic Apple,2,0,0,,,,0
uzmost-bk.com,https://uzmost-bk.com/,200,,0,0,47,,,,25
vacancyconnect.in,http://vacancyconnect.in/,200,Your domain is expired,0,0,7,,,,7
vaishnavibuilders.in,https://www.vaishnavibuilders.in/,200,Melbet India Casino and Sports — Full 2026 Guide,0,1,4,,,,1
vangoghlife.ru,https://vangoghlife.ru/,200,"Мостбет Казино (Mostbet) - официальный сайт, рабочее зеркало и вход",51,1,0,,,dashplay37.com,1
vanguardempire.com,https://vanguardempire.com/,200,Vanguard Empire - Casino Partners,0,0,43,,,,11
vantagetechnology.com.au,https://vantagetechnology.com.au/,200,Vantage — Live Tracking and Safety for Teams in the Field | Vantage Technology,0,10,1,,,,1
vapeoffers.co.uk,https://vapeoffers.co.uk/,200,"Vape Offers | Shop top vape deals at Vape Offers. 3,000+ products incl. kits, nic salts & pods from Hayati, Elux & more. Enjoy free delivery on order over £30.",0,189,45,,,,25
variety.com,https://variety.com/,200,"Variety - Entertainment news, film reviews, awards, film festivals, box office, entertainment industry conferences",0,192,49,,,,25
vcelariceskybrod.cz,https://vcelariceskybrod.cz/,200,Hazardní hry a sázení s Mostbet v České republice pro rok 2026,82,12,3,,,,2
veda-inform.ru,https://veda-inform.ru/,200,Мостбет официальный сайт – Регистрация и рабочее зеркало Mostbet Casino,53,1,0,,,dashplay37.com,1
vedantaedu.in,https://vedantaedu.in/,200,Mostbet Bangladesh – Cloud Betting & Cloud Casino 2025,86,7,3,,,,2
veganationmtl.com,https://veganationmtl.com/,200,Mostbet giriş yaparak bonuslarla kazanmaya başla,105,17,2,,https://veganationmtl.com/play,,3
vegasherocasino-bet.com,https://vegasherocasino-bet.com/,200,"Vegas Hero 🎰 Explore 10,000+ Casino Games in AU!",0,15,2,,,,0
vegasinsider.com,https://www.vegasinsider.com/,200,"Vegas Odds, Sports Betting News & Prediction Markets for 2026",0,348,20,,,,23
vegasslotsonline.com,https://www.vegasslotsonline.com/,200,VegasSlotsOnline | Home of Online Slots,0,202,95,,,,15
veggo.cl,https://veggo.cl/,200,Mejores casinos online Chile 2026: retiros reales en CLP,1,18,2,,,cl-globallink.com partners-official.com partnerscore-global.com,9
velopolosa.ru,https://velopolosa.ru/,200,"Mostbet casino и Мостбет: официальный сайт, рабочее зеркало, бонусы 💰 ✔️",30,2,1,,,dashplay37.com,1
velosportbilina.cz,https://www.velosportbilina.cz/,200,"MostBet Casino 2026: Bonusy, Hry a Rychlé Výplaty",61,1,1,,,,0
vemsabernoticias.com.br,https://www.vemsabernoticias.com.br/,200,Blog | Vem Saber Noticias I noticias e lazer,0,13,85,,,,25
venusbiju.pt,https://venusbiju.pt/,200,Tower Rush APK 2026: instalar slot mobile e jogar online,0,17,4,,,,3
verdantgryphon.com,https://verdantgryphon.com/,200,Mostbet güncel giriş ⚡️ Türkiye'nin en iyi casino ve bahis sitesi,21,1,0,,https://verdantgryphon.com/mostbet/,,1
veriusgroup.com,https://veriusgroup.com/,200,1xbet Daftar: Buka Akun Taruhan Olahraga Resmi Tahun 2026,0,8,7,,,mangeasy.com,7
veronikakrejci.cz,https://gpstrenink.cz/,200,Mostbet Casino ✅ Oficiální webová stránka kasina MostBet CZ,137,9,1,,,serffigylqrdkh.help,1
verywellhealth.com,https://www.verywellhealth.com/,200,Verywell Health - Know More. Feel Better.,0,92,23,,,,13
vetlen.ru,https://www.aviasales.ru?erid=2Vtzqv74TQ6&marker=13684.Zz62d999bfc2f442c0a6105b3f-13684,200,Купить авиабилеты дёшево онлайн | Авиасейлс — поиск самых дешевых билетов на самолет,0,211,84,,,,25
vfw.org,https://vfw.org/,200,The Veterans of Foreign Wars of the U.S. - VFW,0,64,16,,,vfwauxiliary.org,13
vhaod3qmb.com,https://vhaod3qmb.com/-/login,200,Log in - Asana,0,2,13,,,asana.com,14
viaexpert.pl,https://www.viaexpert.pl/,200,Mostbet Casino – Najlepsze Kasyno Online w Polsce Mostbet,262,26,2,,https://www.viaexpert.pl/play,,1
vianagalleria.com,https://vianagalleria.com/,200,ميتا العنوان: لعبة Tower Rush في مصر: النسخة الديمو، نسبة الـ RTP، والكازينوهات,0,10,2,,,,2
viapublication.com,https://www.viapublication.com/,200,"MostBet — rəsmi vebsayt, kazino və Mostbet AZ-da bonuslar",233,28,2,,https://www.viapublication.com/play,,1
viapublicationcom.click,https://viapublicationcom.click/,200,"MostBet — rəsmi vebsayt, kazino və Mostbet AZ-da bonuslar",162,2,0,,,jp257eos00w3.top,1
vice.com,https://www.vice.com/,200,VICE - VICE is the definitive guide to enlightening information.,0,58,28,,,,13
victoria-ten.com.ua,https://victoria-ten.com.ua/under-construction.html,200,Техническая пауза,0,1,0,,,,0
vidaemprogresso.com,https://vidaemprogresso.com/,200,Home,0,47,2,,,,2
vidareal-rp-portugal.pt,https://www.vidareal-rp-portugal.pt/,200,Mostbet ᐉ Apostas Esportivas e Casino em Portugal 2026,111,5,1,,,serffigzysshxbspfq.help,1
vigvamkids.ru,https://vigvamkids.ru/,200,Мостбет казино зеркало ⭐ Официальный сайт Mostbet,54,1,0,,,dashplay37.com,1
vijayawada-car-travels.in,http://vijayawada-car-travels.in/,200,Parked Domain name on Hostinger DNS system,0,0,6,,,,6
villaggiovalleverde.it,https://villaggiovalleverde.it/,200,Maintenance,0,0,2,,,,2
villamarcopolo.com,https://villamarcopolo.com/,200,Site Title,0,6,3,,,,2
vincent-opticien.com,https://www.vincent-opticien.com/,200,Télécharger Melbet APK Application pour Android et iOS pour paris sportifs,0,86,5,,,,3
vinted.at,https://www.vinted.at/,200,"Vinted | Eine App, alles Secondhand",0,65,378,,,,25
vinted.be,https://www.vinted.be/,200,Vinted | Toute la seconde main dans une seule application,0,72,379,,,,25
vinted.co.uk,https://www.vinted.co.uk/,200,"Vinted | Sell and buy clothes, shoes and accessories",0,78,375,,,,25
vinted.com,https://www.vinted.com/,200,"Vinted | Sell and buy clothes, shoes and accessories",0,251,194,,,,25
vinted.cz,https://www.vinted.cz/,200,Vinted | Všechny věci z druhé ruky v jediné aplikaci,0,76,362,,,,25
vinted.de,https://www.vinted.de/,200,"Vinted | Eine App, alles Secondhand",0,83,363,,,,25
vinted.dk,https://www.vinted.dk/,200,"Vinted | Secondhand-appen, der har det hele",0,72,377,,,,25
vinted.es,https://www.vinted.es/,200,Vinted | La app para todas las cosas de segunda mano,0,79,367,,,,25
vinted.fi,https://www.vinted.fi/,200,Vinted | Monipuolisesti käytettyä – kaikki samasta paikasta,0,70,379,,,,25
vinted.fr,https://www.vinted.fr/,200,Vinted | Toute la seconde main dans une seule application,0,82,365,,,,25
vinted.gr,https://www.vinted.gr/,200,Vinted | Όλα τα μεταχειρισμένα είδη σε μια εφαρμογή,0,77,372,,,,25
vinted.hr,https://www.vinted.hr/,200,Vinted | Sve rabljeno u jednoj aplikaciji,0,69,382,,,,25
vinted.hu,https://www.vinted.hu/,200,"Vinted | Minden, ami használt – egy alkalmazásban",0,74,371,,,,25
vinted.ie,https://www.vinted.ie/,200,"Vinted | Sell and buy clothes, shoes and accessories",0,67,381,,,,25
vinted.it,https://www.vinted.it/,200,Vinted | Tutta la seconda mano in una sola app.,0,79,368,,,,25
vinted.lt,https://www.vinted.lt/,200,Vinted | Viena programėlė viskam iš antrų rankų,0,76,370,,,,25
vinted.lu,https://www.vinted.lu/,200,Vinted | Toute la seconde main dans une seule application,0,70,378,,,,25
vinted.nl,https://www.vinted.nl/,200,"Vinted | Eén app, alles tweedehands",0,80,368,,,,25
vinted.pl,https://www.vinted.pl/,200,Vinted | Wszystko z drugiej ręki w jednej aplikacji,0,77,376,,,,25
vinted.pt,https://www.vinted.pt/,200,Vinted | A app tudo-em-um para segunda mão,0,79,369,,,,25
vinted.ro,https://www.vinted.ro/,200,Vinted | Aplicația completă pentru second-hand,0,73,378,,,,25
vinted.se,https://www.vinted.se/,200,"Vinted | Allt du behöver för second hand, i en och samma app!",0,75,373,,,,25
vinted.sk,https://www.vinted.sk/,200,Vinted | Všetko v jednej secondhand apke,0,75,372,,,,25
vipadmin.net,https://vipadmin.net/,200,"KillBot user verification [109.245.145.47] [Mozilla/5.0 (Macintosh; Intel Mac OS X 10_15_7) AppleWebKit/537.36 (KHTML, like Gecko) Chrome/140.0.0.0 Safari/537.36]...",0,8,15,,,,10
vipmebelshop.ru,https://vipmebelshop.ru/,200,vipmebelshop.ru,0,0,11,,,,10
vipstav.ru,https://www.vipstav.ru/,200,Прематчевые ставки: линия до игры и проверка купона,0,0,2,,,,2
viralp0st.com,https://viralp0st.com/,200,Home - Viralp0st,4,36,2,,,,2
virendersinghwrestler.com,https://virendersinghwrestler.com/,200,Home | Virender Singh,0,17,60,,,,25
virginiabeachrockgym.com,https://virginiabeachrockgym.com/,200,"Mostbet Casino PL ♠️ Login w Most Bet Kasyno Online, Bonus bez depozytu, Opinie 2026",94,14,16,,,l0yxibd.top,24
visagehall.ru,https://visagehall.ru/,200,VISAGEHALL | Интернет-магазин косметики и парфюмерии,0,509,23,,,,17
visitbar.org,https://visitbar.org/,200,Mostbet AZ – Onlayn Casino və Mərc | Giriş və Sərfəli Bonuslar,161,24,3,,,pahatcfx.top,2
vista-honda.ru,https://vista-honda.ru/,200,Срок регистрации vista-honda.ru истек,0,0,8,,,,8
vistaviaje.com,https://vistaviaje.com/,200,Vista Viaje – Tour Travels India,2,31,11,,,,10
vitalmedicalalert.com,https://vitalmedicalalert.com/,200,Site is created successfully!,0,0,0,,,,0
vitaminsandsupplements365.com,https://www.vitaminsandsupplements365.com/,200,Vitamins & Supplements 365 - Expert Reviews and Top Supplements for Every Health Need.,0,78,4,,,,6
vitantis.ro,https://vitantis.ro/,200,"Vitantis Shopping Center - Outlet Bucuresti, Evenimente, Reduceri",0,47,7,,,,5
vitornevesfotografo.pt,https://vitornevesfotografo.pt/,200,Tower Rush 2026 : démo et jeu crash Galaxsys en ligne,0,17,4,,,,3
viva88net.vip,https://viva88net.vip/,200,viva88net,0,17,58,,,,25
vivantblanc.com.br,https://vivantblanc.com.br/,200,Vivant Blanc | Odontologia de Resultado em Curitiba,0,0,7,,,,0
vivasan-rus.ru,https://vivasan-rus.ru/,200,Официальный сайт Мостбет казино 🎯 Вход и рабочее зеркало Mostbet,50,1,0,,,dashplay37.com,1
vivicasinos.com,https://vivicasinos.com/,200,Vivi Casino Uz - O'zbekistondagi eng yaxshi onlayn kazino,2,6,4,,,,3
vkgk.kz,https://mst.vkgk.kz/under-construction.html,200,Техническая пауза,0,1,0,,,,0
vm-energy.ru,https://vm-energy.ru/,200,Мостбет зеркало — Mostbet Casino | Мостбет зеркало рабочее сегодня,53,1,0,,,dashplay37.com,1
vodkamostbet.cfd,https://vodkamostbet.cfd/,200,Coming Soon,0,0,0,thin_page,,,0
voronezh-haval.ru,https://voronezh-haval.ru/,200,"Мостбет зеркало и Мостбет Casino — быстрый доступ, бонусы, FS, выплаты",55,1,0,,,dashplay37.com,1
voskresenie.com.ua,https://voskresenie.com.ua/,200,Mostbet Казахстан - Ставки на спорт и онлайн-казино | Официальный сайт Мостбет,20,1,6,,,,1
votealexmayer.co.uk,https://votealexmayer.co.uk/,200,Best Betting Sites: Top New Online Bookmakers in the UK,0,18,27,,,,23
vozolpuffithalat.com,https://vozolpuffithalat.com/,200,Lewis-Clark Idaho Dental Society | 5th District Component of the Idaho State Dental Association,0,9,0,,,,0
vp-clinic.ru,https://vp-clinic.ru/,200,Mostbet Casino – Официальный сайт Мостбет,62,1,0,,,dashplay37.com,1
vromonbondhu.com,https://vromonbondhu.com/,200,বাংলাদেশে সেরা অনলাইন ক্যাসিনো ২০২৬ — Mostbet গাইড,211,26,2,,https://vromonbondhu.com/go/vromonbondhu/,,3
vse-znay.ru,https://vse-znay.ru/,200,Срок регистрации vse-znay.ru истек,0,0,8,,,,8
vsetkani.cfd,https://vsetkani.cfd/,200,Мостбет ᐉ Mostbet официальный сайт казино Казахстана,87,3,0,,,o2x88g48e7hn.top,1
vulmedkolonoskopia.pl,https://www.vulmedkolonoskopia.pl/,200,Mostbet PL 2026 – Najlepsze kasyna online w Polsce,80,20,2,,,partners-official.com,2
vv-talk.com,https://vv-talk.com/,200,VVトークのオンラインベトナム語 | VVレッスンの姉妹校,0,23,7,,,,4
vyugafur.ru,https://vyugafur.ru/,200,Срок регистрации vyugafur.ru истек,0,0,8,,,,8
wadeeservices.com,https://wadeeservices.com/,200,ميتا العنوان: لعبة Tower Rush في مصر: النسخة الديمو، نسبة الـ RTP، والكازينوهات,0,10,2,,,,2
wagonandhorseslancaster.co.uk,https://wagonandhorseslancaster.co.uk/,200,Best Betting Sites: Top New Online Bookmakers in the UK,0,18,27,,,,23
walibiworldmc.nl,https://walibiworldmc.nl/,200,WalibiWorldMC - HARDGAAN IN MINECRAFT,0,8,24,,,,19
wallapop.com,https://www.wallapop.com/,200,"Wallapop, Local Free Classified Ads",0,142,4,,,,25
walterfootball.com,https://walterfootball.com/,200,"WalterFootball - The most accurate NFL draft site in the world. NFL Football. The draft, picks and fantasy.",0,324,17,,,,12
warriorsteam.pl,https://warriorsteam.pl/,200,Mostbet Casino PL – oficjalna strona w Polsce,179,25,2,,,epcrbvpkrts.top,1
warsawdesignlab.pl,https://warsawdesignlab.pl/,200,Mostbet Polska — Expert Guide 2026 | PL,150,20,1,,,partners-official.com,3
wasp-inc.com,https://wasp-inc.com/,200,,0,0,0,thin_page,,,0
waterapps.net,https://waterapps.net/,200,"Mostbet Oficjalna Strona PL – Bonus, Gry i Logowanie",65,23,2,,,d9f4g1h7j.top,5
waterlichtradio.com,https://waterlichtradio.com/,200,Lewis-Clark Idaho Dental Society | 5th District Component of the Idaho State Dental Association,0,9,0,,,,0
waterpurifierbangalore.in,https://waterpurifierbangalore.in/,200,Mostbet India - Official Site of the Bookmaker and Casino 2026,195,4,3,,,,2
way2god.in,https://www.way2god.in/,200,WAY2GOD,0,71,26,,,,18
wcflcr2017.com,https://www.hungeractionnys.org/,200,Mostbet AZ Giriş ᐉ Mostbet Azerbaycan Rəsmi Casino,143,12,6,,,cf2w2a827cgd.top,3
weareearthcollective.com,https://weareearthcollective.com/,200,"MostBet Casino 2026 – Uvítací Bonus, Stovky Her a Mobilní Hra v CZK",48,3,1,,,,2
webdevelopmentcolorado.com,https://webdevelopmentcolorado.com/,200,Welcome | Just another WordPress site,0,42,5,,,,8
webetmost.hu,https://webetmost.hu/,200,Webetmost! – Jól működő weboldalt szeretnél? Akkor kérd a webetmost!,0,9,4,,,,1
webmd.com,https://www.webmd.com/,200,WebMD - Better information. Better health.,0,153,7,,,,6
websolutions.tech,https://websolutions.tech/,200,Web Solutions – We Help to Grow Your Brand Online,0,30,7,,,,7
wecarehomeservices.in,https://wecarehomeservices.in/,200,Take Flight and Win Big with The Aviator Game at Mostbet,54,12,3,,,,2
weirdcards.org,https://weirdcards.org/,200,Mostbet AZ: Azərbaycanda Onlayn Kazino və Mərc Saytı 2026,52,9,3,,,,2
wellingtonmd.com,https://wellingtonmd.com/,200,Mens Wellness Testosterone Therapy | Male Rejuvenation | WellingtonMD,0,33,8,,,,4
westavenue.co.in,https://westavenue.co.in/,200,Mostbet India – Official Betting & Online Casino Platform,176,4,3,,,,2
westcapitalnational.com,http://westcapitalnational.com/,200,Success!,0,0,0,thin_page,,,0
westchesterphotoclub.org,https://westchesterphotoclub.org/,200,West Chester Photo Club,0,2,0,,,,0
westfalia.org,https://westfalia.org/,200,MOSTBET,36,11,16,,,,25
wet-redlowo.pl,https://wet-redlowo.pl/,200,Energy Casino (Energy Kasyno) – oferta gier i bonusy dla graczy z Polski,0,1,0,,,,0
wfix.biz,https://wfix.biz/,200,Online Casino & Sports Betting,0,0,6,,,,0
wfix.fun,https://wfix.fun/,200,Online Casino & Sports Betting,0,0,6,,,,0
wholeheartdaily.com,https://wholeheartdaily.com/,200,Whole Heart Daily – Your go-to for stories in the ever-changing health and personal development landscape,0,27,3,,,,6
wholesalepackingtape.com,https://www.wholesalepackingtape.com/,200,Wholesale Packing Tape – Custom Printed Tape – Lowest Prices,0,19,21,,,,17
wikihow.com,https://www.wikihow.com/Main-Page,200,wikiHow: How-to instructions you can trust.,0,202,17,,,,14
wikipedia.org,https://www.wikipedia.org/,200,Wikipedia,0,349,19,,,,18
wikivoyage.org,https://www.wikivoyage.org/,200,Wikivoyage,0,28,16,,,,16
wiktionary.org,https://www.wiktionary.org/,200,Wiktionary,0,175,16,,,,16
wild-west-gold-slot.ru,https://wild-west-gold-slot.ru/,200,Игровой автомат Wild West Gold 🎰 — видео слот от Pragmatic Play,0,1,1,,,tracker.referevlinks.com,2
wild-west-gold.ru,https://wild-west-gold.ru/,200,Wild West Gold — слот с заносом до 2 000x | Pragmatic Play,6,12,3,,,zeusvshades-test99999.pro,4
wildhorsewebworks.com,https://wildhorsewebworks.com/,200,Mostbet Portugal — Apostas Casino Online Mostbet,256,28,2,,https://wildhorsewebworks.com/play,,1
wildz-casino-online.de,https://wildz-casino-online.de/,200,Wildz Casino Test 2026: Erfahrungen & Bewertung,0,18,1,,,spin4win.live,3
wildzcasino-online.de,https://wildzcasino-online.de/,200,"Wildz Casino – Spiele, Boni und mehr für unsere Kunden",0,10,1,,,spin4win.live,2
wilhelmus.ca,http://www.wilhelmus.ca/,200,William Bakker's Destination Marketing blog,45,247,26,,,,25
wilibet55.shop,https://wilibet55.shop/,200,WILIBET55 $ Jelajahi Informasi Game Tercanggih Top Dunia,0,89,10,,https://wilibet55.shop/casino/category/top https://wilibet55.shop/play/casino/sicbo-dice/1230 https://wilibet55.shop/play/casino/24dspin/1232 https://wilibet55.shop/play/casino/baccarat-4/1843 https://wilibet55.shop/play/casino/blackjack-vip/1848 https://wilibet55.shop/play/casino/m-andar-bahar/8935 https://wilibet55.shop/play/casino/baccarat-d02/8947 https://wilibet55.shop/play/casino/lucky-6-roulette/10979 https://wilibet55.shop/play/casino/prive-lounge-blackjack-10/10981 https://wilibet55.shop/play/casino/mega-baccarat/10995 https://wilibet55.shop/play/casino/sweet-bonanza-candyland/11014 https://wilibet55.shop/play/casino/baccarat-2/11077 https://wilibet55.shop/play/casino/indonesia-speed-baccarat-1/11084,,20
wilneida.com,https://wilneida.com/,200,Dr. Wilneida Negrón,11,20,12,,,,9
win-masters.com,https://win-masters.com/,200,"Win Masters - The Best Soccer Predictions | Soccervista , predictz , zulubet , adibet , forebet , liobet , solopredict , statarea , betensured , vitibet , soccer vista, fixed matches 100 sure, free fi",0,26,24,,,,22
win79ios.app,https://win79ios.app/,200,win79ios,0,10,6,,,,7
winbeatzletsgo.xyz,https://winbeatzletsgo.xyz/,200,WINBEATZ CASINO,0,0,0,,,,0
winbet88ss.com,https://winbet88ss.com/,200,brb7 ❤️ Como Apostar nas Máquinas de Slot e Ganhar de Forma Inteligente,0,13,3,,,0700beta.com,6
winbig21-casino-uk.com,https://winbig21-casino-uk.com/,200,Winbig21 Casino Official Website Ultimate Gaming Destination UK Players 2026 Premium Slots & Live Games,0,10,2,,,og-le-uv.buzz,5
winerow.ru,https://winerow.ru/,200,winerow.ru,0,0,11,,,,10
winity-poland.com,https://winity-poland.com/,200,"Recenzja Kasyna Winity 2025 | Bonusy, Gry i Opinie dla Graczy z Polski",1,6,3,,,tracker.referiqwlinks.com,3
winitykasyno.com,https://winitykasyno.com/,200,"Recenzja Kasyna Winity 2025 | Bonusy, Gry i Opinie dla Graczy z Polski",1,6,3,,,tracker.referiqwlinks.com,3
winline.kz,https://winline.kz/,200,Онлайн ставки на спорт в Казахстане на официальном сайте букмекерской компании Винлайн,0,52,5,,,,11
winmostbet.site,https://winmostbet.site/,200,MOST business,0,2,1,,,,0
winnbet247.online,https://winnbet247.online/,200,Online Casino & Sports Betting,0,0,6,,,,0
winnervrk.pics,https://winnervrk.pics/,200,Zazino: Win & Spin,0,0,3,,,,2
winramps.com,https://winramps.com/,200,🌟 Join WinningPlus today and unlock a world of gaming possibilities! 🎮🌟💰,0,0,1,,,,1
winrisex.com,https://winrisex.com/,200,🌟 Join WinningPlus today and unlock a world of gaming possibilities! 🎮🌟💰,0,0,1,,,,1
winroars.com,https://winroars.com/,200,🌟 Join WinningPlus today and unlock a world of gaming possibilities! 🎮🌟💰,0,0,1,,,,1
winsurgex.com,https://winsurgex.com/,200,🌟 Join WinningPlus today and unlock a world of gaming possibilities! 🎮🌟💰,0,0,1,,,,1
winterhockeygames.com,https://www.hungeractionnys.org/,200,Mostbet AZ Giriş ᐉ Mostbet Azerbaycan Rəsmi Casino,143,12,6,,,cf2w2a827cgd.top,3
winversex.com,https://winversex.com/,200,🌟 Join WinningPlus today and unlock a world of gaming possibilities! 🎮🌟💰,0,0,1,,,,1
winvibesx.com,https://winvibesx.com/,200,🌟 Join WinningPlus today and unlock a world of gaming possibilities! 🎮🌟💰,0,0,1,,,,1
wisdom-trade.com,https://www.wisdom-trade.com/,200,Mostbet Bangladesh – Play Online Casino & Bet on Sports,62,12,3,,,,3
wisdomwednesdays.xyz,https://wisdomwednesdays.xyz/,200,Wisdom Wednesdays – For the Land Surveying Profession,0,17,6,,,,6
wise.com,https://wise.com/,200,Wise: The international account | Money without borders | Wise Latvia,0,194,47,,,,25
wisecars.pt,https://wisecars.pt/,200,"MostBet Portugal 🇵🇹 | Login, App, Casino Online e Bónus",121,9,1,,,serffigzysshxbspfq.help,1
wish.com,https://www.wish.com/,200,Wish | Shop and Save,0,43,12,,,,5
wisnutoto.org,https://wisnutoto.org/,200,WISNUTOTO >.< Trik Menghindari Kesalahan Fatal yang Merusak Modal Taruhan Slot,0,5,14,,,,4
wizcabin.com,https://wizcabin.com/,200,"Build, Launch & Grow Your Online Academy | Wizcabin",0,23,10,,,,11
wmchat.ru,https://wmchat.ru/,200,Pin Up Casino Qeydiyyat: AZE üçün Ən Sərfəli Təkliflər,0,10,5,,,,3
wolf-winner-casino1-au.com,https://wolf-winner-casino1-au.com/,200,Wolf Winner Casino Australia OFFICIAL REVIEW 🔥 Complete 2026 Analysis + Bonuses 【BEST ONLINE CASINO】,0,20,1,,,og-le-uv.buzz,4
wolfpack-branding.com,https://wolfpack-branding.com/,200,Mostbet Bangladesh | Official Casino & Sports Betting Site,45,4,3,,,,2
womenneedtoclimbmountains.com,https://www.womenneedtoclimbmountains.com/,200,Why Women Need to Climb Mountains | On a journey through the life and vision of Dr. Gerda Lerner,0,24,14,,,,13
wonam.pl,https://wonam.pl/,200,Mostbet PL 2026 – Recenzja kasyna online dla Polaków,167,26,2,,,partners-official.com,3
woo-casino-bonus-cz.com,https://woo-casino-bonus-cz.com/,200,Woo casino bonus 2026 - aktuální nabídky vyžadují pozornost,0,5,1,,,,1
woo-casino0-au.com,https://woo-casino0-au.com/,200,WooCasino Australia OFFICIAL SITE 🔥 Welcome Bonus 【100% + 200 Free Spins】 Online Casino Registration & Games 2026,0,15,1,,,og-le-uv.buzz,5
woodtouch.co.il,https://woodtouch.co.il/,200,Wood Touch – Tel: +972-542290898,0,33,3,,,,3
wordpress.com,https://wordpress.com/,200,WordPress.com: Everything You Need to Build Your Website,0,166,37,,,,25
workandconnect.net,https://workandconnect.net/,200,Home - Work and Connect - You Co-Working space,0,39,13,,,,6
workstudyeng.ru,https://workstudyeng.ru/,200,Workstudyeng.ru,0,1,13,,,,11
worldofphotos.ru,https://worldofphotos.ru/,200,"Мостбет (Mostbet) Официальный сайт ᐈ Мостбет онлайн казино | Зеркало, вход",61,1,0,,,dashplay37.com,1
worldwithouttorture.org,http://worldwithouttorture.org/,200,,0,0,8,,,,6
wowbetlogin.com,https://wowbetlogin.com/,200,WowBet Login | New accounts receive bonuses up to 214000 BDT with 150 free spins,0,23,2,,,,0
wowuzmostbet.click,https://wowuzmostbet.click/,200,,0,0,56,,,,25
wrftransportes.com.br,https://wrftransportes.com.br/,200,WRF Transportes – Transportes WRF – 11 98514-7974,0,18,7,,,,4
write-boards.com,https://write-boards.com/,200,Mostbet Bangladesh | Official Sports Betting & Casino,47,4,3,,,,2
writereader.com,https://www.writereader.com,200,WriteReader – Book Creating Tool to Increase Students' Literacy Skills,0,2,3,,,,0
wsn.com,https://www.wsn.com/,200,WSN.com - #1 for Sports Betting & Online Gambling,0,238,25,,,,25
wsvjanvanketel.nl,https://wsvjanvanketel.nl/,200,W.S.V. Jan van Ketel | Jachthaven & watersportvereniging Schagen,0,20,2,,,,0
wszkipz.pl,https://wszkipz.pl/,200,"Atefia Casino Online w 2026: Oficjalna Platforma, Promocje i Gry w Egipskim Klimacie",0,3,0,,,g-vektor.ru,1
wtg.pt,https://www.wtg.pt/,200,"MostBet Portugal 🇵🇹 | Casino Online, Login Seguro, App e APK",120,9,4,,,serffigzysshxbspfq.help,1
wtop.com,https://wtop.com/,200,WTOP News – News Happens Here,0,133,51,,,,25
wwd.com,https://wwd.com/,200,"WWD – Women's Wear Daily brings you breaking news about the fashion industry, designers, celebrity trend setters, and extensive coverage of fashion week.",0,198,83,,,,25
www-mostbet.com.pk,https://www-mostbet.com.pk/,200,Slot Spotlights and Mobile Insights | UNOSYETE Online Casino,0,0,13,,,,11
wwwantigeliru.top,https://wwwantigeliru.top/,200,Mostbet - Играй в казино и делай ставки на спорт онлайн,104,2,0,,,kbqsn3g6i84.top,1
wwwnbspolicyplatformorg.top,https://wwwnbspolicyplatformorg.top/,200,Mostbet AZ Giriş | Mərc və kazino Mostbet Azərbaycan 2025,9,2,0,,,jdj8skeeb0.top,1
wwwtehregru.cfd,https://wwwtehregru.cfd/,200,Mostbet Kazino: Azərbaycanda Ən Yaxşı Onlayn Oyun Təcrübəsi,162,2,0,,,lyasxozcwz.top,1
wwwtehregru1.cfd,https://wwwtehregru1.cfd/,200,Mostbet Kazino: Azərbaycanda Ən Yaxşı Onlayn Oyun Təcrübəsi,162,2,0,,,lyasxozcwz.top,1
wwwtehregru2.cfd,https://wwwtehregru2.cfd/,200,Mostbet Kazino: Azərbaycanda Ən Yaxşı Onlayn Oyun Təcrübəsi,162,2,0,,,lyasxozcwz.top,1
wwwtelepartypro.xyz,https://wwwtelepartypro.xyz/,200,Mostbet Türkiye ⭐️ Yeni Giriş Linki ve Casino Deneyimi,51,2,0,,,onvnuqgsnlj.top,1
x.com,https://x.com/,200,X. It’s what’s happening / X,0,14,2,,,,4
xe.com,https://www.xe.com:443/,200,Xe: Currency Exchange Rates and International Money Transfers,0,91,20,,,,16
xgrowlaundry.com,https://xgrowlaundry.com/,200,Pulse Of The Blogosphere,0,7,5,,,,2
xn-----1000-qggs6ai0aoybt0aij3ao.xn--p1ai,https://xn-----1000-qggs6ai0aoybt0aij3ao.xn--p1ai/,200,Gates of Olympus 1000 слот от Pragmatic Play – играть онлайн,0,1,1,,,tracker.referevlinks.com,2
xn-----glcirdqjoboqieyj.xn--p1ai,https://xn-----glcirdqjoboqieyj.xn--p1ai/,200,Игровой автомат Gates of Olympus от Pragmatic Play | Бесплатно играть онлайн,0,1,1,,,getruvada.com,2
xn----7sbahc2cgere2bd.xn--p1ai,https://xn----7sbahc2cgere2bd.xn--p1ai/,200,"Wolf Gold — слот от Pragmatic Play: играть онлайн, демо режим",0,1,1,,,fortuna-promo2.com,2
xn----7sbajchefi3c5abkjc2d4i.xn--p1ai,https://xn----7sbajchefi3c5abkjc2d4i.xn--p1ai/,200,Mostbet Casino: Официальный сайт Мостбет - Вывод на карту,55,1,0,,,dashplay37.com,1
xn----7sbbj0ebq3bh.xn--p1ai,https://xn----7sbbj0ebq3bh.xn--p1ai/,200,Игровой автомат Sugar Rush 🎰 – популярный слот от Pragmatic Play,0,1,1,,,fortuna-promo2.com,2
xn----7sbcoscelqng2a5f.xn--p1ai,https://xn----7sbcoscelqng2a5f.xn--p1ai/,200,"The Dog House игровой автомат 🐕 – играть бесплатно, фриспины",0,1,1,,,fortuna-promo2.com,2
xn----7sblece8bdveh9l.xn--p1ai,https://xn----7sblece8bdveh9l.xn--p1ai/,200,"Mostbet — официальный сайт БК Мостбет, рабочее зеркало, бонусы ⏩",56,1,0,,,dashplay37.com,1
xn----7sbqgez1bcecc.xn--p1ai,https://xn----7sbqgez1bcecc.xn--p1ai/,200,Мостбет зеркало | Вход на официальный сайт казино Mostbet,96,13,3,,https://xn----7sbqgez1bcecc.xn--p1ai/play,,4
xn----8sba7blnqd3a.xn--p1ai,https://xn----8sba7blnqd3a.xn--p1ai/,200,"Mostbet — официальный сайт БК Мостбет, рабочее зеркало, бонусы ⏩",56,1,0,,,dashplay37.com,1
xn----ctbbmvm0c3a2c.xn--p1ai,https://xn----ctbbmvm0c3a2c.xn--p1ai/,200,Мостбет казино — официальный сайт Mostbet: зеркала и бонусы для игроков,61,1,0,,,dashplay37.com,1
xn----dtbfea6a0akik4e6a9a.xn--p1ai,https://xn----dtbfea6a0akik4e6a9a.xn--p1ai/,200,Mostbet Casino: Официальный сайт Мостбет - Вывод на карту,55,1,0,,,dashplay37.com,1
xn----htbdbjblcejo1d6j.xn--p1ai,https://xn----htbdbjblcejo1d6j.xn--p1ai/,200,Book of Ra Deluxe онлайн — игровой автомат Novomatic,0,1,1,,,getruvada.com,2
xn----p2db5ch4dxf1at.com,https://xn----p2db5ch4dxf1at.com/,200,Mostbet | Casino & Sports - Real-Time Gaming Thrills,175,23,10,,,,3
xn--80aaafc1cbfokf6ap0k7b.xn--p1ai,https://xn--80aaafc1cbfokf6ap0k7b.xn--p1ai/,200,Bollywood Casino зеркало 2026 - официальный сайт Болливуд Казино вход,0,6,3,,,currentbonanza.top,4
xn--80aaah0dhi.xn--p1ai,https://xn--80aaah0dhi.xn--p1ai/,200,Мостбет (Mostbet) — официальный сайт и зеркало 💰 Вход и регистрация,53,1,0,,,dashplay37.com,1
xn--80aabbgg8aaod1ahg0k3e.xn--p1ai,https://xn--80aabbgg8aaod1ahg0k3e.xn--p1ai/,200,"Мостбет — Зеркало Мостбет рабочее сегодня | Мостбет Casino, официальный сайт, бонусы",58,1,0,,,dashplay37.com,1
xn--80aantbewsr.xn--p1ai,https://xn--80aantbewsr.xn--p1ai/,200,Игровой автомат Cleocatra 🎰 играть онлайн бесплатно,0,1,1,,,fortuna-promo2.com,2
xn--80abcf9dqr.xn--p1ai,https://xn--80abcf9dqr.xn--p1ai/,200,"Мостбет БК официальный сайт ᐉ Mostbet рабочее зеркало, регистрация",51,1,0,,,dashplay37.com,1
xn--80adeukqag.xn--p1ai,https://xn--80adeukqag.xn--p1ai/,200,Site Under Construction,0,0,0,thin_page,,,0
xn--80agcqcb4acrjdi.xn--p1ai,https://xn--80agcqcb4acrjdi.xn--p1ai/,200,Мостбет | Букмекерская контора Mostbet - официальное зеркало,65,1,4,,https://xn--80agcqcb4acrjdi.xn--p1ai/play.html,,3
xn--80ahbnxidcjb.xn--p1ai,https://xn--80ahbnxidcjb.xn--p1ai/,200,Мостбет официальный сайт ᐉ Mostbet Casino Вход и рабочее зеркало,52,1,0,,,dashplay37.com,1
xn--80ahklijc.xn--p1ai,https://xn--80ahklijc.xn--p1ai/,200,Мостбет казино — официальный сайт Mostbet: зеркала и бонусы для игроков,61,1,0,,,dashplay37.com,1
xn--90ahpcrbldgh1j.xn--p1ai,https://xn--90ahpcrbldgh1j.xn--p1ai/,200,"Мостбет — Мостбет зеркало 🔵 Рабочее зеркало Мостбет, Casino и бонусы",52,1,0,,,dashplay37.com,1
xn--90avgmg9d.xn--p1ai,https://xn--90avgmg9d.xn--p1ai/,200,Мосбэт онлайн казино | Официальный сайт России mostbet,17,0,1,,,,0
xn--mostbet-kaszin-yob.com,http://xn--mostbet-kaszin-yob.com/,200,Parking Page,0,0,3,,,,3
xn--mstbet-bya.com,http://xn--mstbet-bya.com/,200,,0,0,8,,,,6
xn--mstbet-hu-07a.com,http://xn--mstbet-hu-07a.com/,200,,0,0,8,,,,6
xn--mstbet-hungary-vpb.com,http://xn--mstbet-hungary-vpb.com/,200,,0,0,8,,,,6
xn--mstbet-ixa.com,http://xn--mstbet-ixa.com/,200,,0,0,8,,,,6
xn--mstbet-wxa.com,http://xn--mstbet-wxa.com/,200,,0,0,8,,,,6
xn--mstbet-wxa.org,http://xn--mstbet-wxa.org/,200,,0,0,8,,,,6
xoaipmang.com,https://xoaipmang.com/,200,Tool Xoá Mã Ẩn Nhà Cái | Kích Hoạt RTP & Tắt Theo Dõi IP,0,1,1,,,,0
xpkroyalclub.com,https://xpkroyalclub.com/pk,200,TOJAYS.BET-Best Real Money Online Casino In Pakistan 24/7,1,1,40,,,,21
xpkwinclubs.com,https://xpkwinclubs.com/pk,200,TOJAYS.BET-Best Real Money Online Casino In Pakistan 24/7,1,1,40,,,,21
y444betf.com,https://y444betf.com/,200,y444 bet – Top Games to Earn Money Every Day in Pakistan 2026,0,37,5,,,,2
yaga.co.za,https://www.yaga.co.za:443/,200,Yaga - marketplace for preloved fashion,0,307,105,,,,25
yahoo.com,https://consent.yahoo.com/v2/collectConsent?sessionId=3_cc-session_7d6cd311-ef1f-4994-8763-a29148ea3b3b,200,Ваши избори у погледу приватности,0,6,0,,,legal.yahoo.com,3
yandex.com.tr,https://yandex.com.tr/,200,Yandex — hızlı İnternet araması,0,143,12,,,,25
yandex.kz,https://yandex.kz/,200,Яндекс — быстрый поиск в интернете,0,77,76,,,,25
yanevestachita.ru,https://yanevestachita.ru/,200,Mostbet Casino (Мостбет Казино) – Рабочий сайт и бонус за первый депозит,29,1,0,,,dashplay37.com,1
yardbarker.com,https://www.yardbarker.com/,200,"Sports Rumors, News & Videos | Yardbarker.com",0,339,30,,,,19
yatego.com,https://www.yatego.com/,200,"yatego - Dein Online-Marktplatz aus dem Schwarzwald, seit 2003",0,221,9,,,,8
yatharthgeeta.com,https://yatharthgeeta.com/,200,Srimad Bhagavad Gita | Yatharth Geeta,0,42,31,,,,15
ydawnictwoc2.pl,https://www.ydawnictwoc2.pl/,200,Mostbet Aviator 2026 — Kompletny Przewodnik dla Graczy PL,268,25,2,,,partners-official.com,2
yeahstub.com,https://yeahstub.com/,200,Mostbet – A legjobb online kaszinó Magyarországon a Mostbet,177,27,2,,https://yeahstub.com/play,,2
yellowpagesnepal.com,https://www.yellowpagesnepal.com/,200,"Yellowpages Nepal, Business Directory of Nepal",0,83,7,,,,5
yi-fighting.ru,https://yi-fighting.ru/,200,Мостбет Казино (Mostbet) - быстрая регистрация и вход,53,1,0,,,dashplay37.com,1
yoheim-eda.ru,https://yoheim-eda.ru/,200,"Mostbet Casino | Вход на официальный сайт Мостбет, рабочее зеркало на сегодня",49,1,0,,,dashplay37.com,1
yojana.today,https://www.yojana.today/,200,WordPress Site 61cb22,0,18,13,,,,13
yojanagyan.com,https://yojanagyan.com/,200,Yojana Gyan,0,89,3,,https://yojanagyan.com/category/casino/,,4
yolo247.top,https://affmanager.net/,200,,0,3,0,,,,1
yosports.net,https://yosports.net/,200,Mostbet UZ Kirish 2026: Kazino va Sport Tikish Sharhi,49,12,3,,,,2
youlooklikeaman.com,https://youlooklikeaman.com/,200,,0,0,8,,,,6
youporn.com,https://www.youporn.com/,200,Free Porn Videos - HD Porno Tube & XXX Sex Videos | YouPorn,0,299,28,,,,15
youtube.com,https://www.youtube.com/,200,YouTube,0,24,12,,,,8
yuliafotoskazka.ru,https://yuliafotoskazka.ru/,200,"Мостбет — Зеркало Мостбет рабочее сегодня | Мостбет Casino, официальный сайт, бонусы",58,1,0,,,dashplay37.com,1
yumey-brand.ru,https://yumey-brand.ru/,200,Мостбет официальный сайт — Mostbet зеркало и бонусы 2026,52,1,4,,,onxpromototal.com,3
yummfully.com,https://yummfully.com/,200,Yummy and fully -,0,40,4,,,,17
yunghsing.com.tw,https://www.yunghsing-machinery.com/tw/index.html,200,永續創新 詠興機械｜台灣資源回收機械製造專家｜高效破碎機,0,46,7,,,,6
yw8gv.com,https://yw8gv.com/pk,200,DUA66.COM-Best Real Money Online Casino In Pakistan 24/7,1,1,39,,,,21
z-o-m.com,https://z-o-m.com/,200,Top game nổ hũ đổi thưởng – Slot nổ hũ ăn tiền thật | Fun88,0,26,16,,,,4
zagorodnii-mir.ru,https://zagorodnii-mir.ru/,200,Мостбет БК зеркало | Официальный сайт Mostbet Casino,48,1,0,,,dashplay37.com,1
zakladybukmacherskie.net.pl,http://zakladybukmacherskie.net.pl/,200,Parked Domain name on Hostinger DNS system,0,0,6,,,,6
zappgum.com,https://zappgum.com/,200,Mostbet,41,12,2,,,adtx422n.top,1
zaridakci.cz,https://zaridakci.cz/,200,Mostbet Czech - nejlepší online kasino 🎲 Stažení aplikace Mostbet,167,10,4,,,serffigylqrdkh.help,1
zarzadzanieit.com,https://zarzadzanieit.com/,200,Mostbet Polska – Kasyno Online i Zakłady Sportowe 2025,176,26,8,,,9sirdkkxj8w.top,7
zatravnovacishop.cz,https://www.zatravnovacishop.cz/,200,MostBet Casino - Prémiové online kasino s nejlepšími bonusy v Česku,96,9,1,,,serffigylqrdkh.help,1
zedtours.pk,https://zedtours.pk/,200,Mostbet Pakistan 2026 - Sports Betting & Casino Site,67,11,3,,,,2
zeedflowpartners.com,https://zeedflow.com/,200,Zeedflow - Private Routing Firm,0,11,2,,,,3
zemskypivovar.cz,https://zemskypivovar.cz/,200,,0,0,0,thin_page,,,0
zeng.com.uy,https://zeng.com.uy/new/,200,ZENG S.A. – LABORATORIO MICROBIOLÓGICO,0,21,2,,,,5
zenlawgroup.com,https://zenlawgroup.com/,200,Family Law Services | Zen Law Group,0,46,8,,,,5
zerkalomostbet10.ru,https://zerkalomostbet10.ru/,200,,0,0,0,thin_page,,,0
zerkalomostbet11new.ru,https://zerkalomostbet11new.ru/,200,Мостбет зеркало рабочее на сегодня прямо сейчас вход,25,0,1,,,,0
zermixa.com,https://zermixa.com/,200,Hacked by Trenggalek6etar - Hacked by Trenggalek6etar - JATIM4U,0,7,0,,,,0
zero1aovivo.com,https://zero1aovivo.com/,200,ZERO1,0,14,2,,,,2
zeus-vs-hades-play.ru,https://zeus-vs-hades-play.ru/,200,"Zeus vs Hades — полный разбор, RTP, механики и бонусы",3,16,3,,,zeusvshades-testxyz123.pro,4
zhasprojectkaragandakostanaikz.cfd,https://zhasprojectkaragandakostanaikz.cfd/,200,Мостбет ᐉ Mostbet официальный доступ,101,2,0,,,b8ogrnyhkviq.top,1
zhivika-apteka.ru,https://zhivika-apteka.ru/,200,Срок регистрации zhivika-apteka.ru истек,0,0,8,,,,8
zipzpackaging.com,https://zipzpackaging.com/,200,Bonus bez vkladu 2026 v Mostbet Casino CZ | Návod,119,22,2,,https://zipzpackaging.com/go/zipzpackaging/,,2
znaki.fm,https://znaki.fm/,200,All news - the latest and fresh topics of the day in 2026 - Znaki FM,0,83,0,,,,1
znanie100.ru,https://znanie100.ru/,200,Мостбет зеркало — Mostbet Casino | Мостбет зеркало рабочее сегодня,53,1,0,,,dashplay37.com,1
zone-air.ru,https://zone-air.ru/,200,Срок регистрации zone-air.ru истек,0,0,8,,,,8
zoneathleticapparel.com,https://www.zoneathleticapparel.com/,200,Mostbet Polska 2026: Twoja Brama do Świata Zakładów i Kasyna Online | Zoneathleticapparel,180,20,2,,,partners-official.com,3
zoome-casino0-au.com,https://zoome-casino0-au.com/,200,Zoome Casino OFFICIAL REVIEW 🎰 【Complete 2026 Guide】 Australia Online Casino Ratings & Expert Analysis,0,21,1,,,og-le-uv.buzz,6
zorgboerderijdehorst.nl,https://zorgboerderijdehorst.nl/,200,Dagbesteding voor ouderen in Mill | Zorgboerderij De Horst,0,19,6,,,,6
zovkuchnie.pl,https://zovkuchnie.pl/,200,zovkuchnie.pl -,0,4,4,,,,3
zpndbr.info,https://zpndbr.info/,200,Website nationalcasinoswitzerland.com is ready. The content is to be added,0,0,1,,,,1
zstad.top,https://zstad.top/,200,404 Not Found,0,0,0,thin_page,,,0
zstui.top,https://zstui.top/,200,404 Not Found,0,0,0,thin_page,,,0
