domain,priority,referer
1-mostbet.club,1,https://www.google.com/
111-mostbet.top,1,https://www.google.com/
1anelan.com,1,
1most.bet,1,
1mostbet-2m.club,1,https://www.google.com/
1mostbet-com.ru,1,https://www.google.com/
1mostbet-com.top,1,https://www.google.com/
1mostbet-pl.com,1,
1mostbet.club,1,https://www.google.com/
1mostbet.xyz,1,https://www.google.com/
1mostbet2m.club,1,https://www.google.com/
1mostbet54.ru,1,https://www.google.com/
1mostbet54.top,1,https://www.google.com/
20milecrossfit.com,1,
312ankarainsaat.com,1,https://www.google.com/
3alnasya.org,1,https://www.google.com/
abtaknews.com,1,
aciklastikci.com.tr,1,https://www.google.com/
actal.in,1,
afinabul.cz,1,
afyoresel.com,1,https://www.google.com/
ag1616g.com,1,
antimder.org.tr,1,
apk-mostbet.pt,1,
apk-mostbets.com,1,
apkcs.cz,1,
apkmostbetfile.site,1,https://www.google.com/
aplaceforart.org,1,
apmexreview.com,1,
appleservice.am,1,https://www.google.com/
artscafe.cz,1,
aspirasincables.com,1,
aspirenapoj.cz,1,
assassin-brno.cz,1,
ateliera3b.cz,1,
atlanticyardswatch.net,1,https://www.google.com/
auto-shop-online.cz,1,
autodkn.cz,1,
autohifishop.cz,1,
awadablog.com,1,
az-most-bet.com,1,
az-mostbet-aviator.com,1,
az-mostbet-download.com,1,
az-mostbet-registration.com,1,
az-mostbetdownload.com,1,
az-mostbetonline.com,1,
az-mostbetregistration.com,1,
azart-mostbet7497.ru,1,https://www.google.com/
azepoxyfloor.com,1,https://www.google.com/
azmostbet-casino.com,1,
azmostbet-casino.info,1,
azmostbet-online.com,1,
azmostbetgiris.com,1,
azmostbetindir.com,1,
baharmatematik.com,1,
balabanlar.com.tr,1,https://www.google.com/
balustradachrudim.cz,1,
beachathleticfund.com,1,https://www.google.com/
bearsstavern.com,1,https://www.google.com/
betmostbet.com,1,
biopharm-research-institute.cz,1,
bk-mostbet-official.fun,1,https://www.google.com/
bk-mostbet.fun,1,https://www.google.com/
bk-mostbet1.ru,1,https://www.google.com/
blastske.pics,1,
bluemosque.co,1,
boboqfresh.cz,1,
bodylinestudio.cz,1,
boisegutters.org,1,https://www.google.com/
bolsainmobiliaria.pe,1,https://www.google.com/
bonusplay-mostbet389.ru,1,https://www.google.com/
bonussmostbet.ru,1,https://www.google.com/
bortaskawebaruhaz.hu,1,
botonline.pics,1,
bryle-polaroid.cz,1,
budapestsightseeing.org,1,
bukmeker-mostbet.xyz,1,https://www.google.com/
carodejnyobchod.cz,1,
casino-mostbet-download.ru,1,https://www.google.com/
casino-mostbet-download.top,1,https://www.google.com/
casino-mostbet-hu.com,1,
casino-mostbet-hungary.com,1,
casino-mostbet-online.top,1,https://www.google.com/
casino-mostbet-slots-1.top,1,https://www.google.com/
casino-mostbet-slots-2.top,1,https://www.google.com/
casino-mostbet-slots-3.top,1,https://www.google.com/
casino-mostbet-slots.top,1,https://www.google.com/
casino-mostbet.top,1,https://www.google.com/
casino-uz-mostbet.com,1,
casinoarcade.org,1,
casinomostbet-az.com,1,
casinomostbet.co,1,
casinomostbet.info,1,https://www.google.com/
casinomostbet.online,1,https://www.google.com/
casinomostbet.org,1,
casinos-mostbet.com,1,
cazino-mostbet-games.ru,1,https://www.google.com/
cazinomostbet.ru,1,https://www.google.com/
cerstvasvaca.cz,1,
chistka-star.ru,1,
citronlimette.com,1,
connellyforsheriff.com,1,https://www.google.com/
consultant-e.ru,1,
cordesign.cz,1,
cortes-pelocorto.com,1,
coursecrown.com,1,
cybermostbet-725.ru,1,https://www.google.com/
cybersecuritystation.org,1,
czmostbet.com,1,
dcwdarmstadt.de,1,
de-mostbet.casino,1,
dekoratifdogaltas.net,1,https://www.google.com/
dekra.com.tr,1,https://www.google.com/
dental-scout.com,1,https://www.google.com/
dgmup.in,1,
dieetit.com,1,
djanata.com,1,
dlbcoakpark.org,1,
dobegolf-shop.cz,1,
donwongphoto.com,1,
door-closer.in,1,
download-casino-mostbet.ru,1,https://www.google.com/
downloadmostbetapp.com,1,
eatsofficial.com,1,https://www.google.com/
eduemirates.com,1,https://www.google.com/
elecprous.com,1,
elitebot.pics,1,
ericdjacksonestatesales.com,1,
factorycucine.com,1,https://www.google.com/
faqmostbet.ru,1,https://www.google.com/
filmocracy.in,1,
findara.co,1,https://www.google.com/
firat-muhendislik.com.tr,1,https://www.google.com/
firstmeds.in,1,
flexcraze.in,1,
fonstyle.ru,1,
force3.in,1,
formation-formateur-grenoble.com,1,https://www.google.com/
fragilexohio.org,1,
freejobalertin.in,1,
freeskill.in,1,
freevashikaran.in,1,
freshscape.in,1,
frybrid.com,1,
funseasonal.in,1,
gacecommerce.in,1,
gbkmostbet.ru,1,https://www.google.com/
gfds-inc.com,1,https://www.google.com/
glawmag.ru,1,
globalwave26.com,1,
govy40.com,1,https://www.google.com/
gsmplan.com,1,
haciendalabodega.cz,1,
hanjeux.com,1,
happinesspossible.in,1,
hausofcarslv.com,1,https://www.google.com/
helpwithbowling.com,1,https://www.google.com/
hepatica.cz,1,
hilosangeles.org,1,
hindinibandh.in,1,
hitmobile.pk,1,https://www.google.com/
hungarianmostbet.com,1,https://www.google.com/
hungarymostbet.com,1,https://www.google.com/
imosc.org,1,
imostbet.ru,1,https://www.google.com/
in-mostbet.com,1,
india-mostbet.com,1,
inekooptik.cz,1,
infomostbet.ru,1,https://www.google.com/
inter-okna.cz,1,
iqkeysupply.com,1,https://www.google.com/
it-college.kh.ua,1,
ita7a.net,1,https://www.google.com/
jakip-bramy.pl,1,
jarosek-mutenice.cz,1,
jipemania.com,1,
kamgorod.ru,1,
kassinomostbet-158.ru,1,https://www.google.com/
kazino-mostbet-az.ink,1,
klubak.cz,1,
knmii.kg,1,
konyvis.com,1,
kosumberkfest.cz,1,
kovovyroba-krivanek.cz,1,
lekarnamikulas.cz,1,
lescheminsdemusique.org,1,https://www.google.com/
lionhartbrassware.com,1,https://www.google.com/
lk-mostbet.com,1,
lownfoundation.org,1,https://www.google.com/
luidoor.ru,1,
lukashanke.cz,1,
magyarmostbet.com,1,https://www.google.com/
magyarvistasocialclub.hu,1,
marathipsychology.in,1,
mastermicrofinance.com,1,https://www.google.com/
mbc-agent.com,1,
mbdscorewell.in,1,
mbet-bd.com,1,
mbet-br.net,1,
mbet-in.com,1,
mbet-pl.com,1,
mbet-ru.com,1,
mbet-tr.com,1,
mbsnaturopathy.in,1,https://www.google.com/
medshipp.mx,1,
menlohomes.in,1,https://www.google.com/
mexico-mostbet.com,1,https://www.google.com/
mhhajnice.cz,1,
mojkarmnik.pl,1,
moravianstudiosouth.com,1,
mos.bet,1,
mosbet-freespin.com,1,
mosbet-game.com,1,
mosbet-grand.com,1,
mosbet-offer.com,1,
mosbet-oyuna.com,1,
mosbet.bet,1,
mosbetcasino.com,1,
moscow-mostbet5500.ru,1,https://www.google.com/
most-bet-az.com,1,
most-bet-az.top,1,
most-bet-casino-hu.com,1,
most-bet-casino.app,1,
most-bet-casino.org.kz,1,
most-bet-czech.com,1,
most-bet-game.com,1,
most-bet-online.com,1,https://www.google.com/
most-bet-ozbekistonin.com,1,https://www.google.com/
most-bet-ru.ru,1,https://www.google.com/
most-bet-uz.bet,1,
most-bet.co.za,1,
most-bet.com.ru,1,https://www.google.com/
most-bet.com.ua,1,
most-bet.games,1,
most-bet.ma,1,
most-bets.mx,1,
most-betting-cz.com,1,
mostbet-0.online,1,
mostbet-0.ru,1,
mostbet-007.xyz,1,https://www.google.com/
mostbet-04qwh84.cam,1,https://www.google.com/
mostbet-060h.xyz,1,https://www.google.com/
mostbet-07qr.xyz,1,https://www.google.com/
mostbet-090.xyz,1,https://www.google.com/
mostbet-0a89rg5.top,1,https://www.google.com/
mostbet-0c77.xyz,1,https://www.google.com/
mostbet-0cre.top,1,https://www.google.com/
mostbet-0fz7.xyz,1,https://www.google.com/
mostbet-0ki.top,1,https://www.google.com/
mostbet-0l4i.xyz,1,https://www.google.com/
mostbet-0lez608.top,1,https://www.google.com/
mostbet-0tq.top,1,https://www.google.com/
mostbet-0uc.top,1,https://www.google.com/
mostbet-0zu.top,1,https://www.google.com/
mostbet-0zz.top,1,https://www.google.com/
mostbet-1.club,1,https://www.google.com/
mostbet-10-24.ru,1,https://www.google.com/
mostbet-10-24.top,1,https://www.google.com/
mostbet-10.ru,1,https://www.google.com/
mostbet-105.xyz,1,https://www.google.com/
mostbet-10zy.top,1,https://www.google.com/
mostbet-11zy.top,1,https://www.google.com/
mostbet-12-24.ru,1,https://www.google.com/
mostbet-123.top,1,https://www.google.com/
mostbet-1306.xyz,1,https://www.google.com/
mostbet-1ae.top,1,https://www.google.com/
mostbet-1c.xyz,1,https://www.google.com/
mostbet-1cre.top,1,https://www.google.com/
mostbet-1d49.xyz,1,https://www.google.com/
mostbet-1hnv6xg.top,1,https://www.google.com/
mostbet-1p2.xyz,1,https://www.google.com/
mostbet-1ta.xyz,1,https://www.google.com/
mostbet-1tzko6m.buzz,1,https://www.google.com/
mostbet-1wl4knt.buzz,1,https://www.google.com/
mostbet-1xy.top,1,https://www.google.com/
mostbet-1zy.top,1,https://www.google.com/
mostbet-1zz.top,1,https://www.google.com/
mostbet-20.online,1,
mostbet-20.ru,1,
mostbet-200.xyz,1,https://www.google.com/
mostbet-2000.xyz,1,https://www.google.com/
mostbet-2023-4.ru,1,https://www.google.com/
mostbet-2023-4.top,1,https://www.google.com/
mostbet-2023.top,1,
mostbet-2024.top,1,https://www.google.com/
mostbet-20jo.xyz,1,https://www.google.com/
mostbet-21.online,1,
mostbet-21.ru,1,
mostbet-210z.xyz,1,https://www.google.com/
mostbet-23.online,1,
mostbet-23.ru,1,
mostbet-25.com,1,https://www.google.com/
mostbet-25.online,1,
mostbet-25.ru,1,
mostbet-25.top,1,
mostbet-269e.xyz,1,https://www.google.com/
mostbet-2by.top,1,https://www.google.com/
mostbet-2cre.top,1,https://www.google.com/
mostbet-2egzw1p.cam,1,https://www.google.com/
mostbet-2fvvh9w.top,1,https://www.google.com/
mostbet-2le.xyz,1,https://www.google.com/
mostbet-2zz.top,1,https://www.google.com/
mostbet-3.top,1,
mostbet-31.ru,1,https://www.google.com/
mostbet-32.top,1,https://www.google.com/
mostbet-3614.xyz,1,https://www.google.com/
mostbet-3a.xyz,1,https://www.google.com/
mostbet-3aw6vw2.top,1,https://www.google.com/
mostbet-3by.top,1,https://www.google.com/
mostbet-3erkalo.ru,1,https://www.google.com/
mostbet-3erkalo.top,1,https://www.google.com/
mostbet-3i.xyz,1,https://www.google.com/
mostbet-3ji.top,1,https://www.google.com/
mostbet-3ol.top,1,https://www.google.com/
mostbet-3p4f.xyz,1,https://www.google.com/
mostbet-3zy.top,1,https://www.google.com/
mostbet-3zz.top,1,https://www.google.com/
mostbet-40nf.xyz,1,https://www.google.com/
mostbet-42.online,1,
mostbet-42.ru,1,
mostbet-45405km.top,1,https://www.google.com/
mostbet-46xc.xyz,1,https://www.google.com/
mostbet-4by.top,1,https://www.google.com/
mostbet-4d1q.xyz,1,https://www.google.com/
mostbet-4lg.top,1,
mostbet-4qp7.xyz,1,https://www.google.com/
mostbet-4qv60gi.top,1,https://www.google.com/
mostbet-4rlu.xyz,1,https://www.google.com/
mostbet-4tak.xyz,1,https://www.google.com/
mostbet-4uo8.xyz,1,https://www.google.com/
mostbet-4zy.top,1,https://www.google.com/
mostbet-5a.xyz,1,https://www.google.com/
mostbet-5by.top,1,https://www.google.com/
mostbet-5i.xyz,1,https://www.google.com/
mostbet-5roh.buzz,1,https://www.google.com/
mostbet-5s93eb5.cam,1,https://www.google.com/
mostbet-5zy.top,1,https://www.google.com/
mostbet-6j7ukvj.top,1,https://www.google.com/
mostbet-6zy.top,1,https://www.google.com/
mostbet-71k3.xyz,1,https://www.google.com/
mostbet-777.com,1,
mostbet-77717.top,1,https://www.google.com/
mostbet-79.online,1,
mostbet-79.ru,1,
mostbet-7ul9.xyz,1,https://www.google.com/
mostbet-7zy.top,1,https://www.google.com/
mostbet-808.top,1,https://www.google.com/
mostbet-82ce7ge.cam,1,https://www.google.com/
mostbet-879.xyz,1,https://www.google.com/
mostbet-8zu.top,1,https://www.google.com/
mostbet-8zy.top,1,https://www.google.com/
mostbet-93.online,1,
mostbet-93.ru,1,
mostbet-94.online,1,
mostbet-94.ru,1,
mostbet-9eii.xyz,1,https://www.google.com/
mostbet-9fvhtic.buzz,1,https://www.google.com/
mostbet-9lv6.xyz,1,https://www.google.com/
mostbet-9mg7ar6.cam,1,https://www.google.com/
mostbet-9o6c.xyz,1,https://www.google.com/
mostbet-9qp.top,1,https://www.google.com/
mostbet-9xtx.xyz,1,https://www.google.com/
mostbet-9zu.top,1,https://www.google.com/
mostbet-9zy.top,1,https://www.google.com/
mostbet-a3x.ru,1,https://www.google.com/
mostbet-a6w.ru,1,https://www.google.com/
mostbet-a93.top,1,
mostbet-aab97.cam,1,https://www.google.com/
mostbet-abi89.cam,1,https://www.google.com/
mostbet-abm61.cam,1,https://www.google.com/
mostbet-abo68.cam,1,https://www.google.com/
mostbet-abw63.cam,1,https://www.google.com/
mostbet-ace9.top,1,https://www.google.com/
mostbet-acf11.top,1,https://www.google.com/
mostbet-acm87.cam,1,https://www.google.com/
mostbet-acm93.cam,1,https://www.google.com/
mostbet-acx81.buzz,1,https://www.google.com/
mostbet-ads64.cam,1,https://www.google.com/
mostbet-adu28.sbs,1,https://www.google.com/
mostbet-afj23.buzz,1,https://www.google.com/
mostbet-afq53.top,1,https://www.google.com/
mostbet-afx71.cam,1,https://www.google.com/
mostbet-afx99.cam,1,https://www.google.com/
mostbet-ag5dk.xyz,1,https://www.google.com/
mostbet-agl49.cam,1,https://www.google.com/
mostbet-agp12.cam,1,https://www.google.com/
mostbet-agr69.sbs,1,https://www.google.com/
mostbet-aif66.top,1,https://www.google.com/
mostbet-aiw81.buzz,1,https://www.google.com/
mostbet-aiy62wv.cfd,1,https://www.google.com/
mostbet-akc68.top,1,https://www.google.com/
mostbet-ako25.buzz,1,https://www.google.com/
mostbet-alv68.cam,1,https://www.google.com/
mostbet-aly11.sbs,1,https://www.google.com/
mostbet-am5.top,1,https://www.google.com/
mostbet-ama28.cfd,1,https://www.google.com/
mostbet-amp10.online,1,https://www.google.com/
mostbet-amp2.online,1,https://www.google.com/
mostbet-amp3.online,1,https://www.google.com/
mostbet-amp4.online,1,https://www.google.com/
mostbet-amp5.online,1,https://www.google.com/
mostbet-amp6.online,1,https://www.google.com/
mostbet-amp8.online,1,https://www.google.com/
mostbet-aog7.buzz,1,https://www.google.com/
mostbet-aop19.buzz,1,https://www.google.com/
mostbet-ap.online,1,
mostbet-ap.ru,1,
mostbet-ap.top,1,https://www.google.com/
mostbet-apk-hu.com,1,https://www.google.com/
mostbet-apk-nepal.com,1,https://www.google.com/
mostbet-apk-skachat.ru,1,https://www.google.com/
mostbet-apk.online,1,https://www.google.com/
mostbet-apk.top,1,
mostbet-apkdownload.com,1,
mostbet-apo84.sbs,1,https://www.google.com/
mostbet-app-android.ru,1,https://www.google.com/
mostbet-app-apk.ru,1,https://www.google.com/
mostbet-app.co.cz,1,
mostbet-app.net,1,https://www.google.com/
mostbet-app64.cam,1,https://www.google.com/
mostbet-appdownload.com,1,
mostbet-aps.site,1,https://www.google.com/
mostbet-apt.lol,1,https://www.google.com/
mostbet-apu.top,1,https://www.google.com/
mostbet-arena.com,1,
mostbet-arena17.top,1,https://www.google.com/
mostbet-aru18.top,1,https://www.google.com/
mostbet-arx36.sbs,1,https://www.google.com/
mostbet-as88.xyz,1,https://www.google.com/
mostbet-asc67.sbs,1,https://www.google.com/
mostbet-asd71qd.cam,1,https://www.google.com/
mostbet-ateh50b.top,1,https://www.google.com/
mostbet-atye.top,1,
mostbet-aui98.sbs,1,https://www.google.com/
mostbet-aviator-oyna.com,1,
mostbet-aviator.buzz,1,https://www.google.com/
mostbet-aviator.com.in,1,https://www.google.com/
mostbet-avq99.buzz,1,https://www.google.com/
mostbet-axa.top,1,
mostbet-axe65.cfd,1,https://www.google.com/
mostbet-axkvtc6.cam,1,https://www.google.com/
mostbet-ayc25wl.cfd,1,https://www.google.com/
mostbet-az-casino.net,1,https://www.google.com/
mostbet-az-giris-2025.com,1,https://www.google.com/
mostbet-az-giris-guncel.com,1,
mostbet-az-giris.info,1,https://www.google.com/
mostbet-az-monsbet.com,1,
mostbet-az.gold,1,https://www.google.com/
mostbet-az2026-kazinos.ink,1,
mostbet-az2026-kazinos.online,1,
mostbet-az2026-kazinos.site,1,
mostbet-az91.online,1,https://www.google.com/
mostbet-aze-casino.com,1,
mostbet-azerbaijan-bet.net,1,
mostbet-azerbaijan-pro.org,1,
mostbet-azerbaycan.club,1,https://www.google.com/
mostbet-azl68.sbs,1,https://www.google.com/
mostbet-azn-casino.com,1,
mostbet-azonline.com,1,
mostbet-azs3.cam,1,https://www.google.com/
mostbet-azyukle.com,1,
mostbet-b6j.top,1,https://www.google.com/
mostbet-b9n.ru,1,https://www.google.com/
mostbet-bahis-giris.com,1,https://www.google.com/
mostbet-bahis.com,1,https://www.google.com/
mostbet-bahisleri.com,1,https://www.google.com/
mostbet-bai84.cfd,1,https://www.google.com/
mostbet-banglades.com,1,
mostbet-bat85.sbs,1,https://www.google.com/
mostbet-bb.online,1,
mostbet-bb.ru,1,
mostbet-bbc.top,1,https://www.google.com/
mostbet-bbn11.top,1,https://www.google.com/
mostbet-bcj18.buzz,1,https://www.google.com/
mostbet-bcu5.cam,1,https://www.google.com/
mostbet-bd-app.net,1,https://www.google.com/
mostbet-bd-online.com,1,
mostbet-bds12.sbs,1,https://www.google.com/
mostbet-bdv79kl.cam,1,https://www.google.com/
mostbet-bdy26.sbs,1,https://www.google.com/
mostbet-best3.top,1,
mostbet-bet-1.xyz,1,https://www.google.com/
mostbet-bet-15.xyz,1,https://www.google.com/
mostbet-bet-casino.ru,1,https://www.google.com/
mostbet-beting.cz,1,
mostbet-beting.ru,1,https://www.google.com/
mostbet-bets.com,1,
mostbet-betting.club,1,https://www.google.com/
mostbet-bez95.cfd,1,https://www.google.com/
mostbet-bfc78.sbs,1,https://www.google.com/
mostbet-bgd63.sbs,1,https://www.google.com/
mostbet-bgl97.top,1,https://www.google.com/
mostbet-bgm13.cfd,1,https://www.google.com/
mostbet-bgr67.cfd,1,https://www.google.com/
mostbet-bha28.sbs,1,https://www.google.com/
mostbet-bhku.xyz,1,https://www.google.com/
mostbet-bhw26.cam,1,https://www.google.com/
mostbet-bhx11.cam,1,https://www.google.com/
mostbet-bii21.top,1,https://www.google.com/
mostbet-bj.online,1,
mostbet-bj.ru,1,
mostbet-bjw5.cam,1,https://www.google.com/
mostbet-bjx17.cam,1,https://www.google.com/
mostbet-bk-2win.xyz,1,https://www.google.com/
mostbet-bk-casino-1.top,1,https://www.google.com/
mostbet-bk-casino-3.top,1,https://www.google.com/
mostbet-bk-casino.top,1,https://www.google.com/
mostbet-bk-zerkalo1.xyz,1,https://www.google.com/
mostbet-bk.su,1,https://www.google.com/
mostbet-bk11win.xyz,1,https://www.google.com/
mostbet-bk2.top,1,https://www.google.com/
mostbet-bk2020.ru,1,https://www.google.com/
mostbet-bk3.top,1,https://www.google.com/
mostbet-bk4.top,1,https://www.google.com/
mostbet-bk5.top,1,https://www.google.com/
mostbet-bk5.xyz,1,https://www.google.com/
mostbet-bk6.top,1,https://www.google.com/
mostbet-bkj27.cfd,1,https://www.google.com/
mostbet-bkj5.top,1,
mostbet-blw85.buzz,1,https://www.google.com/
mostbet-bmb23.top,1,https://www.google.com/
mostbet-bmn84.buzz,1,https://www.google.com/
mostbet-bmy76.cfd,1,https://www.google.com/
mostbet-bnb98.cam,1,https://www.google.com/
mostbet-bnc56.top,1,https://www.google.com/
mostbet-bnn.cam,1,https://www.google.com/
mostbet-bno91.cfd,1,https://www.google.com/
mostbet-bns79.cam,1,https://www.google.com/
mostbet-boh55.buzz,1,https://www.google.com/
mostbet-bonus-pt.com,1,https://www.google.com/
mostbet-boost17.top,1,https://www.google.com/
mostbet-boost18.top,1,https://www.google.com/
mostbet-boun.xyz,1,https://www.google.com/
mostbet-boz71.sbs,1,https://www.google.com/
mostbet-bp.online,1,
mostbet-bp.ru,1,
mostbet-bqfq4py.buzz,1,https://www.google.com/
mostbet-bqi74.cfd,1,https://www.google.com/
mostbet-br-brasil.com,1,
mostbet-brq48.cfd,1,https://www.google.com/
mostbet-brr12.top,1,https://www.google.com/
mostbet-brr4.xyz,1,https://www.google.com/
mostbet-bru41.cfd,1,https://www.google.com/
mostbet-bry0.cam,1,https://www.google.com/
mostbet-bsh35.cfd,1,https://www.google.com/
mostbet-bsi95.buzz,1,https://www.google.com/
mostbet-bsk95.sbs,1,https://www.google.com/
mostbet-bsq7.top,1,https://www.google.com/
mostbet-bss86.sbs,1,https://www.google.com/
mostbet-btc97.sbs,1,https://www.google.com/
mostbet-btg49.top,1,https://www.google.com/
mostbet-btk86.cfd,1,https://www.google.com/
mostbet-btn94.buzz,1,https://www.google.com/
mostbet-bua8qzx.buzz,1,https://www.google.com/
mostbet-bukmeker.ru,1,https://www.google.com/
mostbet-bva72.buzz,1,https://www.google.com/
mostbet-bvo21.sbs,1,https://www.google.com/
mostbet-bvp87.sbs,1,https://www.google.com/
mostbet-bxc64.top,1,https://www.google.com/
mostbet-bxu48.buzz,1,https://www.google.com/
mostbet-bxx86.cfd,1,https://www.google.com/
mostbet-bxz17.buzz,1,https://www.google.com/
mostbet-bya21.top,1,https://www.google.com/
mostbet-byb16.cfd,1,https://www.google.com/
mostbet-byu.buzz,1,https://www.google.com/
mostbet-bzv27.sbs,1,https://www.google.com/
mostbet-c1.xyz,1,https://www.google.com/
mostbet-c2.xyz,1,https://www.google.com/
mostbet-cai65.buzz,1,https://www.google.com/
mostbet-cal44.top,1,https://www.google.com/
mostbet-cash17.top,1,https://www.google.com/
mostbet-cash18.top,1,https://www.google.com/
mostbet-cash702.ru,1,https://www.google.com/
mostbet-casin3.top,1,https://www.google.com/
mostbet-casino-0ol.top,1,https://www.google.com/
mostbet-casino-0uc.top,1,https://www.google.com/
mostbet-casino-0xy.top,1,https://www.google.com/
mostbet-casino-0zi.top,1,https://www.google.com/
mostbet-casino-0zy.top,1,https://www.google.com/
mostbet-casino-11.online,1,https://www.google.com/
mostbet-casino-24.top,1,https://www.google.com/
mostbet-casino-az.com,1,
mostbet-casino-azerbaycan.com,1,
mostbet-casino-b0n.ru,1,https://www.google.com/
mostbet-casino-bet.com,1,
mostbet-casino-bk9.ru,1,
mostbet-casino-e0s.top,1,https://www.google.com/
mostbet-casino-game.ru,1,https://www.google.com/
mostbet-casino-game.top,1,https://www.google.com/
mostbet-casino-games.ru,1,https://www.google.com/
mostbet-casino-games.top,1,https://www.google.com/
mostbet-casino-go0na.top,1,
mostbet-casino-go23n.top,1,
mostbet-casino-go368.top,1,
mostbet-casino-go36e.top,1,
mostbet-casino-go3gn.top,1,
mostbet-casino-go3qx.top,1,
mostbet-casino-go7nj.top,1,
mostbet-casino-go850.top,1,
mostbet-casino-go87s.top,1,
mostbet-casino-go8jv.top,1,
mostbet-casino-go90h.top,1,
mostbet-casino-go9n5.top,1,
mostbet-casino-goam4.top,1,
mostbet-casino-goath.top,1,
mostbet-casino-godix.top,1,
mostbet-casino-gogbt.top,1,
mostbet-casino-gognf.top,1,
mostbet-casino-gogpj.top,1,
mostbet-casino-gogz1.top,1,
mostbet-casino-goi6s.top,1,
mostbet-casino-goj15.top,1,
mostbet-casino-gok1r.top,1,
mostbet-casino-gokdz.top,1,
mostbet-casino-gokhj.top,1,
mostbet-casino-gol2a.top,1,
mostbet-casino-goo40.top,1,
mostbet-casino-gouwg.top,1,
mostbet-casino-goxte.top,1,
mostbet-casino-goy3d.top,1,
mostbet-casino-goyi2.top,1,
mostbet-casino-hu.net,1,https://www.google.com/
mostbet-casino-j0v.top,1,https://www.google.com/
mostbet-casino-j1v.top,1,https://www.google.com/
mostbet-casino-klg1.online,1,
mostbet-casino-kz.com,1,
mostbet-casino-kz.eu.com,1,https://www.google.com/
mostbet-casino-lkg1.ru,1,
mostbet-casino-lkg2.ru,1,
mostbet-casino-mirror.top,1,https://www.google.com/
mostbet-casino-of9.ru,1,
mostbet-casino-officia1.top,1,https://www.google.com/
mostbet-casino-officia2.top,1,https://www.google.com/
mostbet-casino-official.ru,1,https://www.google.com/
mostbet-casino-online.ru,1,https://www.google.com/
mostbet-casino-online1.ru,1,https://www.google.com/
mostbet-casino-play.com,1,
mostbet-casino-play7.top,1,
mostbet-casino-pol.com,1,
mostbet-casino-poland.pl,1,
mostbet-casino-qg9.ru,1,
mostbet-casino-site.com,1,
mostbet-casino-skachat.ru,1,https://www.google.com/
mostbet-casino-t0q.ru,1,https://www.google.com/
mostbet-casino-tajikistan.com,1,https://www.google.com/
mostbet-casino-top.ru,1,https://www.google.com/
mostbet-casino-tr4.ru,1,
mostbet-casino-tz9.ru,1,
mostbet-casino-w0f.top,1,https://www.google.com/
mostbet-casino-wa2.ru,1,
mostbet-casino-win7.top,1,
mostbet-casino-wn1.ru,1,
mostbet-casino-yt1.top,1,https://www.google.com/
mostbet-casino-yt2.top,1,https://www.google.com/
mostbet-casino-ze0.top,1,https://www.google.com/
mostbet-casino.biz,1,https://www.google.com/
mostbet-casino.cfd,1,https://www.google.com/
mostbet-casino.in,1,
mostbet-casino.org.uk,1,
mostbet-casino.ru,1,https://www.google.com/
mostbet-casino2024.online,1,https://www.google.com/
mostbet-casino2026-0.top,1,https://www.google.com/
mostbet-casino24x7.top,1,https://www.google.com/
mostbet-casino24x7a.top,1,https://www.google.com/
mostbet-casinokz.com,1,https://www.google.com/
mostbet-casinoonline.cz,1,
mostbet-casinoplay.ru,1,https://www.google.com/
mostbet-casinoplay.top,1,https://www.google.com/
mostbet-casinopolska.pl,1,
mostbet-casinoru.com,1,
mostbet-casinos-slot.ru,1,https://www.google.com/
mostbet-casinos-slots.pw,1,https://www.google.com/
mostbet-casinos.cz,1,
mostbet-casinos.top,1,https://www.google.com/
mostbet-casinospinn.pro,1,https://www.google.com/
mostbet-cassino367.ru,1,https://www.google.com/
mostbet-caz1.top,1,https://www.google.com/
mostbet-cazino-game.ru,1,https://www.google.com/
mostbet-cazino-online.com,1,
mostbet-cazino.com,1,
mostbet-cazino.kz,1,
mostbet-cazino.pw,1,https://www.google.com/
mostbet-cazzino6370.ru,1,https://www.google.com/
mostbet-cbf57.cfd,1,https://www.google.com/
mostbet-cbg23.sbs,1,https://www.google.com/
mostbet-cdk12.top,1,https://www.google.com/
mostbet-cdt36.top,1,https://www.google.com/
mostbet-cdt54as.top,1,https://www.google.com/
mostbet-cfj45.sbs,1,https://www.google.com/
mostbet-cgi17.buzz,1,https://www.google.com/
mostbet-cherry5939.ru,1,https://www.google.com/
mostbet-cht83.cfd,1,https://www.google.com/
mostbet-chv84.cfd,1,https://www.google.com/
mostbet-cid48.buzz,1,https://www.google.com/
mostbet-cig2.xyz,1,https://www.google.com/
mostbet-cix96.buzz,1,https://www.google.com/
mostbet-ckachat.com,1,
mostbet-ckw8.top,1,https://www.google.com/
mostbet-ckx48.cam,1,https://www.google.com/
mostbet-club649.ru,1,https://www.google.com/
mostbet-cmc61.buzz,1,https://www.google.com/
mostbet-cmr86.sbs,1,https://www.google.com/
mostbet-cnk63.cam,1,https://www.google.com/
mostbet-cnt84.cam,1,https://www.google.com/
mostbet-colombia-co.com,1,
mostbet-com.kz,1,
mostbet-com.xyz,1,https://www.google.com/
mostbet-con81.top,1,https://www.google.com/
mostbet-cosino.top,1,
mostbet-cpix.xyz,1,https://www.google.com/
mostbet-cpt36.sbs,1,https://www.google.com/
mostbet-cql31.top,1,https://www.google.com/
mostbet-cqp13.top,1,https://www.google.com/
mostbet-cre.top,1,https://www.google.com/
mostbet-cri27.cam,1,https://www.google.com/
mostbet-crs83.buzz,1,https://www.google.com/
mostbet-crx94.cam,1,https://www.google.com/
mostbet-csi7.top,1,https://www.google.com/
mostbet-ct7.top,1,https://www.google.com/
mostbet-ctk9.top,1,https://www.google.com/
mostbet-ctv8.cam,1,https://www.google.com/
mostbet-cua74.sbs,1,https://www.google.com/
mostbet-cuf87.buzz,1,https://www.google.com/
mostbet-cuy63.cam,1,https://www.google.com/
mostbet-cv.online,1,
mostbet-cv.ru,1,
mostbet-cvd98.sbs,1,https://www.google.com/
mostbet-cvn27.top,1,https://www.google.com/
mostbet-cvr.top,1,https://www.google.com/
mostbet-cwc41.sbs,1,https://www.google.com/
mostbet-cwj93.sbs,1,https://www.google.com/
mostbet-cwn49.top,1,https://www.google.com/
mostbet-cwq.cam,1,https://www.google.com/
mostbet-cwt38.cfd,1,https://www.google.com/
mostbet-cx.ru,1,
mostbet-cxo87.top,1,https://www.google.com/
mostbet-cyb89.cam,1,https://www.google.com/
mostbet-cyc87.top,1,https://www.google.com/
mostbet-cyd75.cfd,1,https://www.google.com/
mostbet-cye58.top,1,https://www.google.com/
mostbet-cyn64.sbs,1,https://www.google.com/
mostbet-cyy76.top,1,https://www.google.com/
mostbet-d1h.top,1,https://www.google.com/
mostbet-d8b.ru,1,https://www.google.com/
mostbet-daa19.sbs,1,https://www.google.com/
mostbet-daj65.sbs,1,https://www.google.com/
mostbet-daw8.cam,1,https://www.google.com/
mostbet-dbl49.cfd,1,https://www.google.com/
mostbet-dcg64.cam,1,https://www.google.com/
mostbet-dcl18.buzz,1,https://www.google.com/
mostbet-ddd7.xyz,1,https://www.google.com/
mostbet-ddq61.buzz,1,https://www.google.com/
mostbet-deb12.top,1,https://www.google.com/
mostbet-deo.lol,1,https://www.google.com/
mostbet-dfg36.buzz,1,https://www.google.com/
mostbet-dfy89.sbs,1,https://www.google.com/
mostbet-dgc71ur.top,1,https://www.google.com/
mostbet-dgg62.top,1,https://www.google.com/
mostbet-dgj29.buzz,1,https://www.google.com/
mostbet-dh.top,1,https://www.google.com/
mostbet-dhs27.cam,1,https://www.google.com/
mostbet-diamond.xyz,1,https://www.google.com/
mostbet-dig96.buzz,1,https://www.google.com/
mostbet-dig98.cfd,1,https://www.google.com/
mostbet-dit93.cfd,1,https://www.google.com/
mostbet-dja.lol,1,https://www.google.com/
mostbet-dji.buzz,1,https://www.google.com/
mostbet-djo59.sbs,1,https://www.google.com/
mostbet-djr77.top,1,https://www.google.com/
mostbet-djs53.cam,1,https://www.google.com/
mostbet-dkl52.top,1,https://www.google.com/
mostbet-dlw81.sbs,1,https://www.google.com/
mostbet-dlz13.buzz,1,https://www.google.com/
mostbet-dmq23.top,1,https://www.google.com/
mostbet-dmv35.cam,1,https://www.google.com/
mostbet-dmw94.cfd,1,https://www.google.com/
mostbet-dnj.top,1,
mostbet-doc.xyz,1,https://www.google.com/
mostbet-dor84.cam,1,https://www.google.com/
mostbet-dostup.club,1,
mostbet-dpa11.top,1,https://www.google.com/
mostbet-dpb47.buzz,1,https://www.google.com/
mostbet-dpc13.cam,1,https://www.google.com/
mostbet-dpl19.cfd,1,https://www.google.com/
mostbet-dpq2.buzz,1,https://www.google.com/
mostbet-dqs93.sbs,1,https://www.google.com/
mostbet-dqu44.sbs,1,https://www.google.com/
mostbet-dro.cam,1,https://www.google.com/
mostbet-drq57fa.cam,1,https://www.google.com/
mostbet-drx27.cfd,1,https://www.google.com/
mostbet-dry69.cam,1,https://www.google.com/
mostbet-dsf58.sbs,1,https://www.google.com/
mostbet-dsk41.cfd,1,https://www.google.com/
mostbet-dsl96.buzz,1,https://www.google.com/
mostbet-dsn82.cfd,1,https://www.google.com/
mostbet-dsp19.top,1,https://www.google.com/
mostbet-dui84.cam,1,https://www.google.com/
mostbet-dvc78.cfd,1,https://www.google.com/
mostbet-dvk75.buzz,1,https://www.google.com/
mostbet-dvp.cam,1,https://www.google.com/
mostbet-dvs26.top,1,https://www.google.com/
mostbet-dwb52.sbs,1,https://www.google.com/
mostbet-dwv58.buzz,1,https://www.google.com/
mostbet-dx60.xyz,1,https://www.google.com/
mostbet-dxm43.buzz,1,https://www.google.com/
mostbet-dxq36.cam,1,https://www.google.com/
mostbet-dxv81.buzz,1,https://www.google.com/
mostbet-dye23.cam,1,https://www.google.com/
mostbet-dyi83.cam,1,https://www.google.com/
mostbet-dzj14.top,1,https://www.google.com/
mostbet-e.online,1,
mostbet-e.ru,1,
mostbet-e5s.ru,1,https://www.google.com/
mostbet-e6q2.xyz,1,https://www.google.com/
mostbet-eax21.cfd,1,https://www.google.com/
mostbet-eax99.cfd,1,https://www.google.com/
mostbet-eb0ck.top,1,https://www.google.com/
mostbet-eca71.cfd,1,https://www.google.com/
mostbet-ecd12.cam,1,https://www.google.com/
mostbet-edm41.cam,1,https://www.google.com/
mostbet-edo87.buzz,1,https://www.google.com/
mostbet-eds32.sbs,1,https://www.google.com/
mostbet-ee5j87v.top,1,https://www.google.com/
mostbet-eej91.top,1,https://www.google.com/
mostbet-efe18.sbs,1,https://www.google.com/
mostbet-efw58zh.sbs,1,https://www.google.com/
mostbet-eg.net,1,
mostbet-egyptian.com,1,https://www.google.com/
mostbet-ehe47.sbs,1,https://www.google.com/
mostbet-ehq65.cfd,1,https://www.google.com/
mostbet-eid14.cam,1,https://www.google.com/
mostbet-eir64.cam,1,https://www.google.com/
mostbet-eix36uz.buzz,1,https://www.google.com/
mostbet-eja8.top,1,https://www.google.com/
mostbet-ejx14.top,1,https://www.google.com/
mostbet-ejx32.cam,1,https://www.google.com/
mostbet-ekc73.buzz,1,https://www.google.com/
mostbet-ekj49.cfd,1,https://www.google.com/
mostbet-eku27.top,1,https://www.google.com/
mostbet-elc84.cfd,1,https://www.google.com/
mostbet-elq75.top,1,https://www.google.com/
mostbet-elq96.sbs,1,https://www.google.com/
mostbet-emf12.cam,1,https://www.google.com/
mostbet-enhtkh8.top,1,https://www.google.com/
mostbet-eoj71.top,1,https://www.google.com/
mostbet-eos48.buzz,1,https://www.google.com/
mostbet-epv2.cam,1,https://www.google.com/
mostbet-epw42.cfd,1,https://www.google.com/
mostbet-erz11.sbs,1,https://www.google.com/
mostbet-et.com,1,
mostbet-ete24.top,1,https://www.google.com/
mostbet-etn57.sbs,1,https://www.google.com/
mostbet-etz69.sbs,1,https://www.google.com/
mostbet-eve99.cfd,1,https://www.google.com/
mostbet-evn78.cam,1,https://www.google.com/
mostbet-ew.xyz,1,
mostbet-ewa24.buzz,1,https://www.google.com/
mostbet-ewd77we.cfd,1,https://www.google.com/
mostbet-ewk83.cfd,1,https://www.google.com/
mostbet-ews51wl.cfd,1,https://www.google.com/
mostbet-ews63.top,1,https://www.google.com/
mostbet-ex.online,1,
mostbet-ex.ru,1,
mostbet-exa7.cam,1,https://www.google.com/
mostbet-exo27.cam,1,https://www.google.com/
mostbet-extra.ru,1,https://www.google.com/
mostbet-eyl52.cfd,1,https://www.google.com/
mostbet-ezo94.sbs,1,https://www.google.com/
mostbet-f.xyz,1,https://www.google.com/
mostbet-f10n.top,1,https://www.google.com/
mostbet-f13u.xyz,1,https://www.google.com/
mostbet-f9n.ru,1,https://www.google.com/
mostbet-fa.online,1,
mostbet-fa.ru,1,
mostbet-faf44.top,1,https://www.google.com/
mostbet-fastgame17.top,1,https://www.google.com/
mostbet-fastwin17.top,1,https://www.google.com/
mostbet-fastwin18.top,1,https://www.google.com/
mostbet-fastwin19.top,1,https://www.google.com/
mostbet-fastwin20.top,1,https://www.google.com/
mostbet-fat56.cam,1,https://www.google.com/
mostbet-fbf79.buzz,1,https://www.google.com/
mostbet-fbs59.cfd,1,https://www.google.com/
mostbet-fcj9.top,1,https://www.google.com/
mostbet-fdh62.cam,1,https://www.google.com/
mostbet-fdv93.cfd,1,https://www.google.com/
mostbet-ffs24.cfd,1,https://www.google.com/
mostbet-fgh62.cfd,1,https://www.google.com/
mostbet-fgy54.cam,1,https://www.google.com/
mostbet-fhz66.cam,1,https://www.google.com/
mostbet-fid4.top,1,https://www.google.com/
mostbet-figd.xyz,1,https://www.google.com/
mostbet-fim96.top,1,https://www.google.com/
mostbet-fiw77.top,1,https://www.google.com/
mostbet-fjk51.sbs,1,https://www.google.com/
mostbet-fkc94.cfd,1,https://www.google.com/
mostbet-fkf4.top,1,https://www.google.com/
mostbet-flg59wf.buzz,1,https://www.google.com/
mostbet-fmg16.cfd,1,https://www.google.com/
mostbet-fmp21.top,1,https://www.google.com/
mostbet-fna27.cam,1,https://www.google.com/
mostbet-fnn51.cfd,1,https://www.google.com/
mostbet-fny71.buzz,1,https://www.google.com/
mostbet-fog24.sbs,1,https://www.google.com/
mostbet-foq31.cam,1,https://www.google.com/
mostbet-fox.top,1,
mostbet-fp.online,1,
mostbet-fp.ru,1,
mostbet-fpj.buzz,1,https://www.google.com/
mostbet-fpu32.top,1,https://www.google.com/
mostbet-fpu57.buzz,1,https://www.google.com/
mostbet-fpv66.buzz,1,https://www.google.com/
mostbet-fpw33.top,1,https://www.google.com/
mostbet-fpzw.xyz,1,https://www.google.com/
mostbet-frj97.sbs,1,https://www.google.com/
mostbet-frog45.xyz,1,https://www.google.com/
mostbet-frp85.sbs,1,https://www.google.com/
mostbet-fss17.top,1,https://www.google.com/
mostbet-fsz44.buzz,1,https://www.google.com/
mostbet-fto18.sbs,1,https://www.google.com/
mostbet-ftq61.top,1,https://www.google.com/
mostbet-ftv.cam,1,https://www.google.com/
mostbet-fu.online,1,
mostbet-fu.ru,1,
mostbet-fuf17.cfd,1,https://www.google.com/
mostbet-ful87.cam,1,https://www.google.com/
mostbet-fvp27.sbs,1,https://www.google.com/
mostbet-fwf55.top,1,https://www.google.com/
mostbet-fye99.buzz,1,https://www.google.com/
mostbet-fyk66.cam,1,https://www.google.com/
mostbet-fysz.xyz,1,https://www.google.com/
mostbet-fze2.cam,1,https://www.google.com/
mostbet-fzi92.cfd,1,https://www.google.com/
mostbet-g.online,1,
mostbet-g.ru,1,
mostbet-g5r.ru,1,https://www.google.com/
mostbet-game.in,1,
mostbet-games.de,1,
mostbet-gbr67.sbs,1,https://www.google.com/
mostbet-gcj82hv.buzz,1,https://www.google.com/
mostbet-gdu82.cfd,1,https://www.google.com/
mostbet-gf.top,1,
mostbet-gfv75.buzz,1,https://www.google.com/
mostbet-gfw22.cfd,1,https://www.google.com/
mostbet-ggj37.top,1,https://www.google.com/
mostbet-gie43.buzz,1,https://www.google.com/
mostbet-gig63.cam,1,https://www.google.com/
mostbet-giris-az24.com,1,https://www.google.com/
mostbet-giris-aze.com,1,https://www.google.com/
mostbet-giris.top,1,https://www.google.com/
mostbet-giris1.com,1,https://www.google.com/
mostbet-girisc.com,1,
mostbet-gjh95.buzz,1,https://www.google.com/
mostbet-glk1.cam,1,https://www.google.com/
mostbet-gln63.top,1,https://www.google.com/
mostbet-global.net,1,
mostbet-glr12.sbs,1,https://www.google.com/
mostbet-gmd81.buzz,1,https://www.google.com/
mostbet-gml73.top,1,https://www.google.com/
mostbet-gmm4.cam,1,https://www.google.com/
mostbet-gmv11.buzz,1,https://www.google.com/
mostbet-gnh85.sbs,1,https://www.google.com/
mostbet-go2417.top,1,https://www.google.com/
mostbet-go8bxcj.cam,1,https://www.google.com/
mostbet-goh25.buzz,1,https://www.google.com/
mostbet-goh25.top,1,https://www.google.com/
mostbet-gpg38.cam,1,https://www.google.com/
mostbet-gpl55.buzz,1,https://www.google.com/
mostbet-gqc36.buzz,1,https://www.google.com/
mostbet-grand17.top,1,https://www.google.com/
mostbet-grand18.top,1,https://www.google.com/
mostbet-grb37.cfd,1,https://www.google.com/
mostbet-grb87.cam,1,https://www.google.com/
mostbet-grl48.sbs,1,https://www.google.com/
mostbet-grs89.top,1,https://www.google.com/
mostbet-grt.top,1,https://www.google.com/
mostbet-grt1.top,1,https://www.google.com/
mostbet-gsp63.cfd,1,https://www.google.com/
mostbet-gsq73.top,1,https://www.google.com/
mostbet-gtq17.cfd,1,https://www.google.com/
mostbet-gtr.xyz,1,https://www.google.com/
mostbet-guide.com,1,https://www.google.com/
mostbet-guncel-giris.com,1,https://www.google.com/
mostbet-guncelgiris.com,1,https://www.google.com/
mostbet-gus57ya.buzz,1,https://www.google.com/
mostbet-gut25.sbs,1,https://www.google.com/
mostbet-gvq45.sbs,1,https://www.google.com/
mostbet-gxr76.cam,1,https://www.google.com/
mostbet-gym65.cam,1,https://www.google.com/
mostbet-gyy51.top,1,https://www.google.com/
mostbet-gzr77.buzz,1,https://www.google.com/
mostbet-h1d.ru,1,https://www.google.com/
mostbet-h4d.top,1,https://www.google.com/
mostbet-har.lol,1,https://www.google.com/
mostbet-hba93.buzz,1,https://www.google.com/
mostbet-hbq82.sbs,1,https://www.google.com/
mostbet-hbt56.buzz,1,https://www.google.com/
mostbet-hcu23.cfd,1,https://www.google.com/
mostbet-hcv93.buzz,1,https://www.google.com/
mostbet-hdc24.buzz,1,https://www.google.com/
mostbet-hdk36.sbs,1,https://www.google.com/
mostbet-hdov.top,1,
mostbet-heh57.cam,1,https://www.google.com/
mostbet-her55.cfd,1,https://www.google.com/
mostbet-hfr86.cfd,1,https://www.google.com/
mostbet-hgd1ytv.buzz,1,https://www.google.com/
mostbet-hgg85.buzz,1,https://www.google.com/
mostbet-hha49.buzz,1,https://www.google.com/
mostbet-hho77.cfd,1,https://www.google.com/
mostbet-hib4.cam,1,https://www.google.com/
mostbet-hma6.cam,1,https://www.google.com/
mostbet-hmb62ta.top,1,https://www.google.com/
mostbet-hn.top,1,https://www.google.com/
mostbet-hnb48.cfd,1,https://www.google.com/
mostbet-hnc48.cam,1,https://www.google.com/
mostbet-hne21.top,1,https://www.google.com/
mostbet-hngr.com,1,https://www.google.com/
mostbet-hot17.top,1,https://www.google.com/
mostbet-hot18.top,1,https://www.google.com/
mostbet-hot19.top,1,https://www.google.com/
mostbet-hpc59.cam,1,https://www.google.com/
mostbet-hpe42.cfd,1,https://www.google.com/
mostbet-hqk74.cfd,1,https://www.google.com/
mostbet-hqo48.sbs,1,https://www.google.com/
mostbet-hra.com,1,
mostbet-hrfl.top,1,
mostbet-hsb84.cfd,1,https://www.google.com/
mostbet-hsl77qv.cfd,1,https://www.google.com/
mostbet-hso32.top,1,https://www.google.com/
mostbet-ht.top,1,https://www.google.com/
mostbet-ht7d.xyz,1,https://www.google.com/
mostbet-htr77.cfd,1,https://www.google.com/
mostbet-hu-casino.com,1,https://www.google.com/
mostbet-hub.com,1,
mostbet-hucasino.com,1,
mostbet-hung.com,1,https://www.google.com/
mostbet-hungary-casino.com,1,https://www.google.com/
mostbet-hvl57.top,1,https://www.google.com/
mostbet-hw.online,1,
mostbet-hw.ru,1,
mostbet-hw81ux1.buzz,1,https://www.google.com/
mostbet-hwl6.buzz,1,https://www.google.com/
mostbet-hwo24.buzz,1,https://www.google.com/
mostbet-hxg.top,1,
mostbet-hxx57.sbs,1,https://www.google.com/
mostbet-hxy94.buzz,1,https://www.google.com/
mostbet-hyo55.top,1,https://www.google.com/
mostbet-hys87.top,1,https://www.google.com/
mostbet-hzb82.buzz,1,https://www.google.com/
mostbet-hzf37.buzz,1,https://www.google.com/
mostbet-hzx83.cam,1,https://www.google.com/
mostbet-hzz92.cam,1,https://www.google.com/
mostbet-i.online,1,
mostbet-i.ru,1,
mostbet-i7l.top,1,https://www.google.com/
mostbet-i7z.top,1,https://www.google.com/
mostbet-iad52.cam,1,https://www.google.com/
mostbet-icj11.cam,1,https://www.google.com/
mostbet-ics4.xyz,1,https://www.google.com/
mostbet-icw58.cam,1,https://www.google.com/
mostbet-ida58.cam,1,https://www.google.com/
mostbet-ide33gu.buzz,1,https://www.google.com/
mostbet-idg25.sbs,1,https://www.google.com/
mostbet-iej29.buzz,1,https://www.google.com/
mostbet-iet71.sbs,1,https://www.google.com/
mostbet-ifb44.sbs,1,https://www.google.com/
mostbet-ifp66.cfd,1,https://www.google.com/
mostbet-igaming.com,1,
mostbet-iho55.top,1,https://www.google.com/
mostbet-ihp95.top,1,https://www.google.com/
mostbet-iig1.buzz,1,https://www.google.com/
mostbet-iik24.cfd,1,https://www.google.com/
mostbet-iio66.top,1,https://www.google.com/
mostbet-ijv47.cam,1,https://www.google.com/
mostbet-ik.online,1,
mostbet-ik.ru,1,
mostbet-ikh46.sbs,1,https://www.google.com/
mostbet-iko37.buzz,1,https://www.google.com/
mostbet-ilr97.top,1,https://www.google.com/
mostbet-imqy.xyz,1,https://www.google.com/
mostbet-in-india.com,1,
mostbet-in.com,1,https://www.google.com/
mostbet-in.net,1,
mostbet-indir-turkey.com,1,https://www.google.com/
mostbet-indir.org,1,https://www.google.com/
mostbet-indir.site,1,https://www.google.com/
mostbet-indir.vip,1,https://www.google.com/
mostbet-indirandroid.com,1,
mostbet-ine11.buzz,1,https://www.google.com/
mostbet-info-bk.ru,1,https://www.google.com/
mostbet-info-bk.top,1,https://www.google.com/
mostbet-inrf.top,1,https://www.google.com/
mostbet-inz6.cam,1,https://www.google.com/
mostbet-ios71.cfd,1,https://www.google.com/
mostbet-ipa85.sbs,1,https://www.google.com/
mostbet-ipm78.cam,1,https://www.google.com/
mostbet-iql76.buzz,1,https://www.google.com/
mostbet-iqr86.sbs,1,https://www.google.com/
mostbet-irf71.cam,1,https://www.google.com/
mostbet-irg58.top,1,https://www.google.com/
mostbet-irh51.cam,1,https://www.google.com/
mostbet-irv28.cam,1,https://www.google.com/
mostbet-isk14jf.sbs,1,https://www.google.com/
mostbet-isqbo4j.buzz,1,https://www.google.com/
mostbet-isz68.buzz,1,https://www.google.com/
mostbet-ita98.cam,1,https://www.google.com/
mostbet-itk54.cfd,1,https://www.google.com/
mostbet-iue93.cfd,1,https://www.google.com/
mostbet-ium66.buzz,1,https://www.google.com/
mostbet-ivc73.cfd,1,https://www.google.com/
mostbet-ivorycoast.com,1,
mostbet-iwe25.sbs,1,https://www.google.com/
mostbet-iwo49.cfd,1,https://www.google.com/
mostbet-iwx39.top,1,https://www.google.com/
mostbet-ixm83.buzz,1,https://www.google.com/
mostbet-ixs22.buzz,1,https://www.google.com/
mostbet-iyk98.cam,1,https://www.google.com/
mostbet-izb78.top,1,https://www.google.com/
mostbet-izc79.cam,1,https://www.google.com/
mostbet-izp91.cfd,1,https://www.google.com/
mostbet-j0e4.xyz,1,https://www.google.com/
mostbet-j0v.ru,1,https://www.google.com/
mostbet-j0v.top,1,https://www.google.com/
mostbet-j1.top,1,https://www.google.com/
mostbet-j1v.top,1,https://www.google.com/
mostbet-j2.top,1,https://www.google.com/
mostbet-j3.top,1,https://www.google.com/
mostbet-j3q.top,1,https://www.google.com/
mostbet-j4.top,1,https://www.google.com/
mostbet-j6b.ru,1,https://www.google.com/
mostbet-j7n1.xyz,1,https://www.google.com/
mostbet-ja.top,1,https://www.google.com/
mostbet-jai31.sbs,1,https://www.google.com/
mostbet-jaon.xyz,1,https://www.google.com/
mostbet-jaw86.cfd,1,https://www.google.com/
mostbet-jbs21.top,1,https://www.google.com/
mostbet-je1n.xyz,1,https://www.google.com/
mostbet-jeckpot.com,1,
mostbet-jeh3.top,1,https://www.google.com/
mostbet-jek15.cfd,1,https://www.google.com/
mostbet-jet.ru,1,https://www.google.com/
mostbet-jfr15.cam,1,https://www.google.com/
mostbet-jfv53.cfd,1,https://www.google.com/
mostbet-jgv94.cfd,1,https://www.google.com/
mostbet-jhd99.cfd,1,https://www.google.com/
mostbet-jht94.buzz,1,https://www.google.com/
mostbet-ji.online,1,
mostbet-ji.ru,1,
mostbet-jjd41.buzz,1,https://www.google.com/
mostbet-jje.xyz,1,https://www.google.com/
mostbet-jjr86.buzz,1,https://www.google.com/
mostbet-jjz56.cam,1,https://www.google.com/
mostbet-jlf86.sbs,1,https://www.google.com/
mostbet-jmo.lol,1,https://www.google.com/
mostbet-jmu74.buzz,1,https://www.google.com/
mostbet-jmw23.cam,1,https://www.google.com/
mostbet-jna2.cam,1,https://www.google.com/
mostbet-jnc62.sbs,1,https://www.google.com/
mostbet-jnj89.sbs,1,https://www.google.com/
mostbet-job.top,1,https://www.google.com/
mostbet-joo.lol,1,https://www.google.com/
mostbet-jow18xz.buzz,1,https://www.google.com/
mostbet-joy.top,1,https://www.google.com/
mostbet-jpc62.top,1,https://www.google.com/
mostbet-jpc78.top,1,https://www.google.com/
mostbet-jpn32.sbs,1,https://www.google.com/
mostbet-jqc39.sbs,1,https://www.google.com/
mostbet-jqf86.buzz,1,https://www.google.com/
mostbet-jqr73.sbs,1,https://www.google.com/
mostbet-jrg85.sbs,1,https://www.google.com/
mostbet-jrl53.buzz,1,https://www.google.com/
mostbet-jrw48.buzz,1,https://www.google.com/
mostbet-jsm66.buzz,1,https://www.google.com/
mostbet-jsz13.buzz,1,https://www.google.com/
mostbet-jtb35.sbs,1,https://www.google.com/
mostbet-jtq64.top,1,https://www.google.com/
mostbet-jtx66.cam,1,https://www.google.com/
mostbet-ju.online,1,
mostbet-ju.ru,1,
mostbet-juk88.cfd,1,https://www.google.com/
mostbet-jun25.sbs,1,https://www.google.com/
mostbet-juo19.cam,1,https://www.google.com/
mostbet-juu29.cfd,1,https://www.google.com/
mostbet-jwb27.cam,1,https://www.google.com/
mostbet-jwd3.top,1,https://www.google.com/
mostbet-jwt1.buzz,1,https://www.google.com/
mostbet-jxf84.sbs,1,https://www.google.com/
mostbet-jxl79.top,1,https://www.google.com/
mostbet-jxs19.sbs,1,https://www.google.com/
mostbet-jyj79.cfd,1,https://www.google.com/
mostbet-jyt35.cam,1,https://www.google.com/
mostbet-jyw96.sbs,1,https://www.google.com/
mostbet-jyz54.cam,1,https://www.google.com/
mostbet-jyz67.cfd,1,https://www.google.com/
mostbet-jzy92.cam,1,https://www.google.com/
mostbet-jzz71.cam,1,https://www.google.com/
mostbet-k1.top,1,https://www.google.com/
mostbet-k2.top,1,https://www.google.com/
mostbet-k2m.top,1,https://www.google.com/
mostbet-k3.top,1,https://www.google.com/
mostbet-k3m.top,1,https://www.google.com/
mostbet-k4.top,1,https://www.google.com/
mostbet-k4m.top,1,https://www.google.com/
mostbet-k4n.top,1,https://www.google.com/
mostbet-k4qa.xyz,1,https://www.google.com/
mostbet-k4vl.xyz,1,https://www.google.com/
mostbet-k8.top,1,https://www.google.com/
mostbet-ka.top,1,https://www.google.com/
mostbet-kak28.top,1,https://www.google.com/
mostbet-kasino.ru,1,https://www.google.com/
mostbet-kasyno.net.pl,1,
mostbet-kasyno1.vip,1,
mostbet-kaw45.buzz,1,https://www.google.com/
mostbet-kaz74.cfd,1,https://www.google.com/
mostbet-kazackstan.kz,1,https://www.google.com/
mostbet-kazacstan.kz,1,https://www.google.com/
mostbet-kazakhstan-casino.com,1,https://www.google.com/
mostbet-kazakhstan-kz.com,1,https://www.google.com/
mostbet-kazakhstan-log.com,1,https://www.google.com/
mostbet-kazakhstan-mosbet.com,1,https://www.google.com/
mostbet-kazakhstan-reg.com,1,https://www.google.com/
mostbet-kazakhstan-site.com,1,https://www.google.com/
mostbet-kazakhstan024.top,1,https://www.google.com/
mostbet-kazino-rf.ru,1,https://www.google.com/
mostbet-kazino452.ru,1,https://www.google.com/
mostbet-kazino453.top,1,https://www.google.com/
mostbet-kazinoplay.com,1,
mostbet-kazinos.ru,1,https://www.google.com/
mostbet-kazyno-polska.net.pl,1,
mostbet-kbd87.sbs,1,https://www.google.com/
mostbet-kbv61.sbs,1,https://www.google.com/
mostbet-kcgh.xyz,1,https://www.google.com/
mostbet-kcl61.top,1,https://www.google.com/
mostbet-kdj17.cam,1,https://www.google.com/
mostbet-kdr.lol,1,https://www.google.com/
mostbet-kea58.buzz,1,https://www.google.com/
mostbet-kep17.top,1,https://www.google.com/
mostbet-kgl8.buzz,1,https://www.google.com/
mostbet-kh.online,1,
mostbet-kh.ru,1,
mostbet-kh.top,1,https://www.google.com/
mostbet-khy85.cfd,1,https://www.google.com/
mostbet-ki.online,1,
mostbet-ki.ru,1,
mostbet-kii51.buzz,1,https://www.google.com/
mostbet-king-kong.xyz,1,https://www.google.com/
mostbet-king.xyz,1,https://www.google.com/
mostbet-kjc43.buzz,1,https://www.google.com/
mostbet-kje39.sbs,1,https://www.google.com/
mostbet-kjh31ph.cfd,1,https://www.google.com/
mostbet-kjm12.buzz,1,https://www.google.com/
mostbet-kjy65.cfd,1,https://www.google.com/
mostbet-kk.online,1,
mostbet-kk.ru,1,
mostbet-kkd64md.cfd,1,https://www.google.com/
mostbet-kkl61.cam,1,https://www.google.com/
mostbet-klf32.cam,1,https://www.google.com/
mostbet-klm48.sbs,1,https://www.google.com/
mostbet-klq25.cfd,1,https://www.google.com/
mostbet-knl53.cfd,1,https://www.google.com/
mostbet-knz6.cam,1,https://www.google.com/
mostbet-kom.ru,1,https://www.google.com/
mostbet-kom17.buzz,1,https://www.google.com/
mostbet-kq.online,1,
mostbet-kq.ru,1,
mostbet-kqd92.cfd,1,https://www.google.com/
mostbet-kqr96.buzz,1,https://www.google.com/
mostbet-kr.online,1,
mostbet-kr.ru,1,
mostbet-krb14.top,1,https://www.google.com/
mostbet-krl11.cfd,1,https://www.google.com/
mostbet-krot.top,1,https://www.google.com/
mostbet-ksl66.top,1,https://www.google.com/
mostbet-ksp.cam,1,https://www.google.com/
mostbet-ksx13.buzz,1,https://www.google.com/
mostbet-ktn1.top,1,https://www.google.com/
mostbet-kty69.cam,1,https://www.google.com/
mostbet-kun58xg.cam,1,https://www.google.com/
mostbet-kuq81.cam,1,https://www.google.com/
mostbet-kuv24.cfd,1,https://www.google.com/
mostbet-kvf39.cam,1,https://www.google.com/
mostbet-kvh22.buzz,1,https://www.google.com/
mostbet-kxw75.cfd,1,https://www.google.com/
mostbet-kxz61.sbs,1,https://www.google.com/
mostbet-kz-bets.com,1,
mostbet-kz-casino.online,1,https://www.google.com/
mostbet-kz-cazino.com,1,
mostbet-kz-doorway.com,1,
mostbet-kz-mosbet.com,1,
mostbet-kz-slots.com,1,
mostbet-kz.bet,1,https://www.google.com/
mostbet-kz.biz,1,
mostbet-l2t.ru,1,https://www.google.com/
mostbet-l3t.top,1,https://www.google.com/
mostbet-l4t.top,1,https://www.google.com/
mostbet-l5t.top,1,https://www.google.com/
mostbet-l6t.top,1,https://www.google.com/
mostbet-l7t.top,1,https://www.google.com/
mostbet-l8dl.xyz,1,https://www.google.com/
mostbet-l9y5.xyz,1,https://www.google.com/
mostbet-laj65.sbs,1,https://www.google.com/
mostbet-lbl33.cam,1,https://www.google.com/
mostbet-lde37.buzz,1,https://www.google.com/
mostbet-lde99.cam,1,https://www.google.com/
mostbet-ldj8.buzz,1,https://www.google.com/
mostbet-lek96.top,1,https://www.google.com/
mostbet-lfb83xf.cfd,1,https://www.google.com/
mostbet-lfl4.buzz,1,https://www.google.com/
mostbet-lfx13.top,1,https://www.google.com/
mostbet-lfx6.top,1,https://www.google.com/
mostbet-lge27kc.sbs,1,https://www.google.com/
mostbet-lge97.buzz,1,https://www.google.com/
mostbet-lgi91.sbs,1,https://www.google.com/
mostbet-lgq53.buzz,1,https://www.google.com/
mostbet-lhm89.sbs,1,https://www.google.com/
mostbet-life20.site,1,https://www.google.com/
mostbet-life22.site,1,https://www.google.com/
mostbet-links-12.top,1,https://www.google.com/
mostbet-links-4.top,1,https://www.google.com/
mostbet-live-casino.com,1,
mostbet-livebet17.top,1,https://www.google.com/
mostbet-ljo35.cfd,1,https://www.google.com/
mostbet-lkb61.cfd,1,https://www.google.com/
mostbet-lkm61.cam,1,https://www.google.com/
mostbet-lldfloi.top,1,https://www.google.com/
mostbet-llg29.top,1,https://www.google.com/
mostbet-llx36.buzz,1,https://www.google.com/
mostbet-lmm0.cam,1,https://www.google.com/
mostbet-login-egypt.com,1,https://www.google.com/
mostbet-login1.com,1,https://www.google.com/
mostbet-login2.com,1,https://www.google.com/
mostbet-loy36tq.buzz,1,https://www.google.com/
mostbet-lqk14.cfd,1,https://www.google.com/
mostbet-lqk46.sbs,1,https://www.google.com/
mostbet-lqm96.buzz,1,https://www.google.com/
mostbet-lqq49.top,1,https://www.google.com/
mostbet-lr.online,1,
mostbet-lr.ru,1,
mostbet-lrg52.cam,1,https://www.google.com/
mostbet-lrz23.cfd,1,https://www.google.com/
mostbet-lta81.top,1,https://www.google.com/
mostbet-ltb6.buzz,1,https://www.google.com/
mostbet-ltf87.top,1,https://www.google.com/
mostbet-lucky17.top,1,https://www.google.com/
mostbet-luckyjet.com,1,
mostbet-ludoman.ru,1,https://www.google.com/
mostbet-lvm26.buzz,1,https://www.google.com/
mostbet-lw.online,1,
mostbet-lw.ru,1,
mostbet-lx.online,1,
mostbet-lx.ru,1,
mostbet-lyd53.top,1,https://www.google.com/
mostbet-lyg51.cam,1,https://www.google.com/
mostbet-lyh79.cam,1,https://www.google.com/
mostbet-lyu81.top,1,https://www.google.com/
mostbet-lyz99.cfd,1,https://www.google.com/
mostbet-lzc21.cfd,1,https://www.google.com/
mostbet-lzu61.cfd,1,https://www.google.com/
mostbet-m.online,1,
mostbet-m.ru,1,
mostbet-m2k.top,1,https://www.google.com/
mostbet-m341.xyz,1,https://www.google.com/
mostbet-m3x.ru,1,https://www.google.com/
mostbet-magyar.hu,1,https://www.google.com/
mostbet-maj98.top,1,https://www.google.com/
mostbet-maroc-mosbet.com,1,
mostbet-maxwin17.top,1,https://www.google.com/
mostbet-maxwin18.top,1,https://www.google.com/
mostbet-mbu72.cam,1,https://www.google.com/
mostbet-mdp52.top,1,https://www.google.com/
mostbet-mes76.cfd,1,https://www.google.com/
mostbet-mfh6.top,1,https://www.google.com/
mostbet-mfn35.top,1,https://www.google.com/
mostbet-mfz.lol,1,https://www.google.com/
mostbet-mgt8.buzz,1,https://www.google.com/
mostbet-mgx11.top,1,https://www.google.com/
mostbet-mij42.sbs,1,https://www.google.com/
mostbet-mirror1.shop,1,https://www.google.com/
mostbet-mirror5.ru,1,https://www.google.com/
mostbet-mirror5.top,1,https://www.google.com/
mostbet-mirror6.top,1,https://www.google.com/
mostbet-mis23.cam,1,https://www.google.com/
mostbet-mjp41.cam,1,https://www.google.com/
mostbet-mkfy1.top,1,https://www.google.com/
mostbet-mkx47.cam,1,https://www.google.com/
mostbet-ml6w.xyz,1,https://www.google.com/
mostbet-mmlg.xyz,1,https://www.google.com/
mostbet-mmq34.cam,1,https://www.google.com/
mostbet-mmu85.cfd,1,https://www.google.com/
mostbet-mmx64rs.cam,1,https://www.google.com/
mostbet-mnm61.buzz,1,https://www.google.com/
mostbet-mobile.ru,1,https://www.google.com/
mostbet-mobile.store,1,https://www.google.com/
mostbet-mobilegiris.com,1,https://www.google.com/
mostbet-mobileindir.com,1,https://www.google.com/
mostbet-mobilesite.com,1,https://www.google.com/
mostbet-mod.xyz,1,https://www.google.com/
mostbet-mod6.top,1,https://www.google.com/
mostbet-mod79.sbs,1,https://www.google.com/
mostbet-moe97.sbs,1,https://www.google.com/
mostbet-mog39ws.cam,1,https://www.google.com/
mostbet-mos95.top,1,https://www.google.com/
mostbet-mosbet-az-giris.com,1,
mostbet-mosbet-az.com,1,
mostbet-mosbet-bg.com,1,
mostbet-mosbet-br.com,1,
mostbet-mosbet-colombia.com,1,
mostbet-mosbet-egypt.com,1,
mostbet-mosbet-ma.com,1,
mostbet-mosbet-nepal.com,1,
mostbet-mosbet-np.com,1,
mostbet-mosbet-online.com,1,https://www.google.com/
mostbet-mosbet-pk.com,1,
mostbet-mosbet-polska.com,1,
mostbet-mosbet-sk.com,1,
mostbet-mosbet-tj.com,1,
mostbet-mosbet-uz-com.com,1,
mostbet-mosbet-uz-online.com,1,
mostbet-mosbet-uz.com,1,
mostbet-mosbet-uzb-kirish.com,1,
mostbet-mosbet-uzb.com,1,
mostbet-mosbet.com,1,
mostbet-mosbet.de,1,
mostbet-mosbet.pl,1,
mostbet-mowu.xyz,1,https://www.google.com/
mostbet-mpk89.cfd,1,https://www.google.com/
mostbet-mqw26.buzz,1,https://www.google.com/
mostbet-mrm77.sbs,1,https://www.google.com/
mostbet-mrp65.cam,1,https://www.google.com/
mostbet-mrp73.sbs,1,https://www.google.com/
mostbet-msu27fk.sbs,1,https://www.google.com/
mostbet-msw22.buzz,1,https://www.google.com/
mostbet-mtf55.cam,1,https://www.google.com/
mostbet-mtn9.cam,1,https://www.google.com/
mostbet-mub84.cam,1,https://www.google.com/
mostbet-mux3.xyz,1,https://www.google.com/
mostbet-mvh93.top,1,https://www.google.com/
mostbet-mvk99.cfd,1,https://www.google.com/
mostbet-mvu16.cfd,1,https://www.google.com/
mostbet-mvy28.sbs,1,https://www.google.com/
mostbet-mwy68.top,1,https://www.google.com/
mostbet-mxa23.cam,1,https://www.google.com/
mostbet-mxq28.cfd,1,https://www.google.com/
mostbet-my.online,1,
mostbet-my.ru,1,
mostbet-mze42.cam,1,https://www.google.com/
mostbet-mzs93.buzz,1,https://www.google.com/
mostbet-mzy43.sbs,1,https://www.google.com/
mostbet-n1cj.xyz,1,https://www.google.com/
mostbet-n2k.ru,1,https://www.google.com/
mostbet-n7m.ru,1,https://www.google.com/
mostbet-n8m.top,1,https://www.google.com/
mostbet-nai86yf.top,1,https://www.google.com/
mostbet-nc.online,1,
mostbet-nc.ru,1,
mostbet-ndb37.top,1,https://www.google.com/
mostbet-nee.cam,1,https://www.google.com/
mostbet-neo4372.ru,1,https://www.google.com/
mostbet-neq46.cam,1,https://www.google.com/
mostbet-new-zerkalo.ru,1,https://www.google.com/
mostbet-new-zerkalo1.top,1,https://www.google.com/
mostbet-new-zerkalo2.top,1,https://www.google.com/
mostbet-new25.cam,1,https://www.google.com/
mostbet-newgeneration.ru,1,https://www.google.com/
mostbet-newwin17.top,1,https://www.google.com/
mostbet-nfc96.top,1,https://www.google.com/
mostbet-nfl83.top,1,https://www.google.com/
mostbet-nfm89.cfd,1,https://www.google.com/
mostbet-nfp51.top,1,https://www.google.com/
mostbet-ngo57.buzz,1,https://www.google.com/
mostbet-nhe98.buzz,1,https://www.google.com/
mostbet-nht96.cam,1,https://www.google.com/
mostbet-nhx2.xyz,1,https://www.google.com/
mostbet-nhz89.cam,1,https://www.google.com/
mostbet-ni.online,1,
mostbet-ni.ru,1,
mostbet-nid29.top,1,https://www.google.com/
mostbet-nit63.top,1,https://www.google.com/
mostbet-njw15.buzz,1,https://www.google.com/
mostbet-nkb88.cfd,1,https://www.google.com/
mostbet-nkg37ga.cam,1,https://www.google.com/
mostbet-nks36.cfd,1,https://www.google.com/
mostbet-nl.net,1,
mostbet-nla69.cam,1,https://www.google.com/
mostbet-nmf4.top,1,https://www.google.com/
mostbet-nmg57.buzz,1,https://www.google.com/
mostbet-nnb74.cfd,1,https://www.google.com/
mostbet-nnc83.top,1,https://www.google.com/
mostbet-nnj.lol,1,https://www.google.com/
mostbet-nnr61.buzz,1,https://www.google.com/
mostbet-nov73.buzz,1,https://www.google.com/
mostbet-npq18.buzz,1,https://www.google.com/
mostbet-nqh73.top,1,https://www.google.com/
mostbet-nsy.lol,1,https://www.google.com/
mostbet-ntc68.cam,1,https://www.google.com/
mostbet-nug68.sbs,1,https://www.google.com/
mostbet-nus32.buzz,1,https://www.google.com/
mostbet-nvg16.buzz,1,https://www.google.com/
mostbet-nvq12.sbs,1,https://www.google.com/
mostbet-nvx57.buzz,1,https://www.google.com/
mostbet-nwb15.cfd,1,https://www.google.com/
mostbet-nwx37.cfd,1,https://www.google.com/
mostbet-nxd23.buzz,1,https://www.google.com/
mostbet-nxr96.top,1,https://www.google.com/
mostbet-nxy2.cam,1,https://www.google.com/
mostbet-nyt63.cfd,1,https://www.google.com/
mostbet-nyz4.buzz,1,https://www.google.com/
mostbet-nzu73.sbs,1,https://www.google.com/
mostbet-obw96.sbs,1,https://www.google.com/
mostbet-obx1.cam,1,https://www.google.com/
mostbet-ocj15.top,1,https://www.google.com/
mostbet-oco2.buzz,1,https://www.google.com/
mostbet-odb73.cfd,1,https://www.google.com/
mostbet-odc69.buzz,1,https://www.google.com/
mostbet-odw25.cam,1,https://www.google.com/
mostbet-oes38.top,1,https://www.google.com/
mostbet-of.online,1,
mostbet-of.ru,1,
mostbet-of1i5t0.top,1,https://www.google.com/
mostbet-ofcl-site.ru,1,https://www.google.com/
mostbet-ofcl.ru,1,https://www.google.com/
mostbet-off.ru,1,https://www.google.com/
mostbet-official-kz.it.com,1,https://www.google.com/
mostbet-official.club,1,https://www.google.com/
mostbet-official.org,1,https://www.google.com/
mostbet-official1.xyz,1,https://www.google.com/
mostbet-official3.xyz,1,https://www.google.com/
mostbet-official4.xyz,1,https://www.google.com/
mostbet-officials.club,1,https://www.google.com/
mostbet-ofo9.buzz,1,https://www.google.com/
mostbet-ogh.top,1,https://www.google.com/
mostbet-ogq5.buzz,1,https://www.google.com/
mostbet-oho14.top,1,https://www.google.com/
mostbet-oht31.sbs,1,https://www.google.com/
mostbet-oiw71.sbs,1,https://www.google.com/
mostbet-ok9q77l.cam,1,https://www.google.com/
mostbet-olfnv.top,1,https://www.google.com/
mostbet-oli3.cam,1,https://www.google.com/
mostbet-olp44.top,1,https://www.google.com/
mostbet-omd19.sbs,1,https://www.google.com/
mostbet-omj59.sbs,1,https://www.google.com/
mostbet-omq77kz.top,1,https://www.google.com/
mostbet-one.xyz,1,https://www.google.com/
mostbet-online-br.com,1,
mostbet-online-casino.com,1,https://www.google.com/
mostbet-online-cazino.com,1,
mostbet-online-now.ru,1,https://www.google.com/
mostbet-online.ca,1,
mostbet-online.com,1,
mostbet-online.com.mx,1,
mostbet-online.com.pl,1,
mostbet-online.pe,1,
mostbet-online1.ru,1,https://www.google.com/
mostbet-onlines.ru,1,https://www.google.com/
mostbet-oo.online,1,
mostbet-oo.ru,1,
mostbet-ooa96.cam,1,https://www.google.com/
mostbet-oob84.sbs,1,https://www.google.com/
mostbet-oopt174.site,1,https://www.google.com/
mostbet-ooqc.xyz,1,https://www.google.com/
mostbet-oot37.buzz,1,https://www.google.com/
mostbet-ope27.sbs,1,https://www.google.com/
mostbet-oqk14.cfd,1,https://www.google.com/
mostbet-orf13.cam,1,https://www.google.com/
mostbet-org97.cfd,1,https://www.google.com/
mostbet-orh52.top,1,https://www.google.com/
mostbet-orv7.cam,1,https://www.google.com/
mostbet-ory28.buzz,1,https://www.google.com/
mostbet-ose47.cam,1,https://www.google.com/
mostbet-osv88.sbs,1,https://www.google.com/
mostbet-otc79.cam,1,https://www.google.com/
mostbet-ote39.cam,1,https://www.google.com/
mostbet-otu74.cfd,1,https://www.google.com/
mostbet-oua94.top,1,https://www.google.com/
mostbet-oue39.top,1,https://www.google.com/
mostbet-oun66.cam,1,https://www.google.com/
mostbet-our47.sbs,1,https://www.google.com/
mostbet-ouv47.top,1,https://www.google.com/
mostbet-ovk88.cam,1,https://www.google.com/
mostbet-ovn8.top,1,https://www.google.com/
mostbet-ovy36.sbs,1,https://www.google.com/
mostbet-owz42.cam,1,https://www.google.com/
mostbet-oxm78iv.cam,1,https://www.google.com/
mostbet-oxy25bk.cam,1,https://www.google.com/
mostbet-oxy47.top,1,https://www.google.com/
mostbet-oyin.com,1,
mostbet-oyn75.sbs,1,https://www.google.com/
mostbet-oyna-giris.com,1,https://www.google.com/
mostbet-oynay.com,1,
mostbet-oyunu.com,1,
mostbet-ozbekistan.com,1,
mostbet-ozbekiston.com,1,
mostbet-p0k.top,1,https://www.google.com/
mostbet-p1k.ru,1,https://www.google.com/
mostbet-p1k.top,1,https://www.google.com/
mostbet-p2k.top,1,https://www.google.com/
mostbet-p7ss.xyz,1,https://www.google.com/
mostbet-pantagestheatre.com,1,https://www.google.com/
mostbet-partner-affiliate.com,1,
mostbet-partner.org,1,
mostbet-partners.com,1,
mostbet-pat7.top,1,https://www.google.com/
mostbet-pbk43.cfd,1,https://www.google.com/
mostbet-pbo42.cam,1,https://www.google.com/
mostbet-pbs92.cfd,1,https://www.google.com/
mostbet-pbx89.cfd,1,https://www.google.com/
mostbet-pci48.cam,1,https://www.google.com/
mostbet-pcp93.buzz,1,https://www.google.com/
mostbet-pcr32.cam,1,https://www.google.com/
mostbet-pcu.lol,1,https://www.google.com/
mostbet-pdp4.cam,1,https://www.google.com/
mostbet-pe.online,1,
mostbet-pe.pe,1,
mostbet-pe.ru,1,
mostbet-peru-mosbet.com,1,
mostbet-pfj95.cam,1,https://www.google.com/
mostbet-pga84.buzz,1,https://www.google.com/
mostbet-pgi88ei.top,1,https://www.google.com/
mostbet-phe81.buzz,1,https://www.google.com/
mostbet-php13.sbs,1,https://www.google.com/
mostbet-piy77.cfd,1,https://www.google.com/
mostbet-pjs72.buzz,1,https://www.google.com/
mostbet-pjt.xyz,1,https://www.google.com/
mostbet-pjv72ut.cam,1,https://www.google.com/
mostbet-pkd81.cam,1,https://www.google.com/
mostbet-pkn93.cfd,1,https://www.google.com/
mostbet-pku32.sbs,1,https://www.google.com/
mostbet-platinum17.top,1,https://www.google.com/
mostbet-platinum326.ru,1,https://www.google.com/
mostbet-play-casino.com,1,
mostbet-play.online,1,
mostbet-playzone17.top,1,https://www.google.com/
mostbet-playzone18.top,1,https://www.google.com/
mostbet-playzone19.top,1,https://www.google.com/
mostbet-plk48.top,1,https://www.google.com/
mostbet-plm7.ru,1,https://www.google.com/
mostbet-plw.store,1,https://www.google.com/
mostbet-pmj45.cam,1,https://www.google.com/
mostbet-pnj97.top,1,https://www.google.com/
mostbet-pns72.top,1,https://www.google.com/
mostbet-pol.pl,1,
mostbet-poland-casino.com,1,https://www.google.com/
mostbet-por39.cam,1,https://www.google.com/
mostbet-portugal-pt.com,1,
mostbet-ppi39.cam,1,https://www.google.com/
mostbet-pqp43.buzz,1,https://www.google.com/
mostbet-pr0gdrk.cam,1,https://www.google.com/
mostbet-prb99.buzz,1,https://www.google.com/
mostbet-prf.top,1,https://www.google.com/
mostbet-prime18.top,1,https://www.google.com/
mostbet-probet17.top,1,https://www.google.com/
mostbet-probet18.top,1,https://www.google.com/
mostbet-promocode.com,1,
mostbet-promokodi.ru,1,https://www.google.com/
mostbet-psf28gl.cfd,1,https://www.google.com/
mostbet-psp1.cam,1,https://www.google.com/
mostbet-pt.com,1,
mostbet-pt.eu.com,1,
mostbet-pte43.cfd,1,https://www.google.com/
mostbet-ptv28.top,1,https://www.google.com/
mostbet-pv.online,1,
mostbet-pv.ru,1,
mostbet-pvt16.buzz,1,https://www.google.com/
mostbet-pwv26.sbs,1,https://www.google.com/
mostbet-pxo64.sbs,1,https://www.google.com/
mostbet-pxw88.buzz,1,https://www.google.com/
mostbet-pye61.cfd,1,https://www.google.com/
mostbet-pyh22.top,1,https://www.google.com/
mostbet-pyo75.buzz,1,https://www.google.com/
mostbet-pyq39.sbs,1,https://www.google.com/
mostbet-pyr0dpp.top,1,https://www.google.com/
mostbet-pzs98.cfd,1,https://www.google.com/
mostbet-qa.buzz,1,https://www.google.com/
mostbet-qa.online,1,
mostbet-qa.ru,1,
mostbet-qac51.buzz,1,https://www.google.com/
mostbet-qaf56.cfd,1,https://www.google.com/
mostbet-qaj44.buzz,1,https://www.google.com/
mostbet-qb.buzz,1,https://www.google.com/
mostbet-qbd35nq.top,1,https://www.google.com/
mostbet-qbq85.sbs,1,https://www.google.com/
mostbet-qc.buzz,1,https://www.google.com/
mostbet-qc9u.xyz,1,https://www.google.com/
mostbet-qcm85.top,1,https://www.google.com/
mostbet-qd.buzz,1,https://www.google.com/
mostbet-qdo77.top,1,https://www.google.com/
mostbet-qe.buzz,1,https://www.google.com/
mostbet-qeu65.buzz,1,https://www.google.com/
mostbet-qeu68.cfd,1,https://www.google.com/
mostbet-qew14.top,1,https://www.google.com/
mostbet-qfn22.top,1,https://www.google.com/
mostbet-qfo27.top,1,https://www.google.com/
mostbet-qft18.buzz,1,https://www.google.com/
mostbet-qfw17.sbs,1,https://www.google.com/
mostbet-qfw78.cfd,1,https://www.google.com/
mostbet-qg.buzz,1,https://www.google.com/
mostbet-qgg16.top,1,https://www.google.com/
mostbet-qgg36ag.sbs,1,https://www.google.com/
mostbet-qgg73sk.sbs,1,https://www.google.com/
mostbet-qgr79.cfd,1,https://www.google.com/
mostbet-qh0p.xyz,1,https://www.google.com/
mostbet-qhs73.sbs,1,https://www.google.com/
mostbet-qil29.top,1,https://www.google.com/
mostbet-qipy.xyz,1,https://www.google.com/
mostbet-qix83.buzz,1,https://www.google.com/
mostbet-qjb98.sbs,1,https://www.google.com/
mostbet-qk4z.xyz,1,https://www.google.com/
mostbet-qka91.sbs,1,https://www.google.com/
mostbet-qls86.cam,1,https://www.google.com/
mostbet-qm.buzz,1,https://www.google.com/
mostbet-qmq86.buzz,1,https://www.google.com/
mostbet-qn.buzz,1,https://www.google.com/
mostbet-qn.online,1,
mostbet-qn.ru,1,
mostbet-qna91.sbs,1,https://www.google.com/
mostbet-qnm75.cam,1,https://www.google.com/
mostbet-qnm88.top,1,https://www.google.com/
mostbet-qoi97.cfd,1,https://www.google.com/
mostbet-qp.buzz,1,https://www.google.com/
mostbet-qph41.top,1,https://www.google.com/
mostbet-qpi5.top,1,https://www.google.com/
mostbet-qpj21.top,1,https://www.google.com/
mostbet-qpx16.sbs,1,https://www.google.com/
mostbet-qq.online,1,
mostbet-qq.ru,1,
mostbet-qq1m.xyz,1,https://www.google.com/
mostbet-qqe27.buzz,1,https://www.google.com/
mostbet-qqm11.top,1,https://www.google.com/
mostbet-qqm65.sbs,1,https://www.google.com/
mostbet-qqp4.top,1,https://www.google.com/
mostbet-qqw.top,1,https://www.google.com/
mostbet-qrg96.buzz,1,https://www.google.com/
mostbet-qrt49.top,1,https://www.google.com/
mostbet-qs.buzz,1,https://www.google.com/
mostbet-qs.online,1,
mostbet-qs.ru,1,
mostbet-qsv97.cam,1,https://www.google.com/
mostbet-qth57.top,1,https://www.google.com/
mostbet-qtq.top,1,https://www.google.com/
mostbet-qts54.top,1,https://www.google.com/
mostbet-qu.buzz,1,https://www.google.com/
mostbet-quq66.cfd,1,https://www.google.com/
mostbet-qux66.sbs,1,https://www.google.com/
mostbet-qvk15.sbs,1,https://www.google.com/
mostbet-qvn79.buzz,1,https://www.google.com/
mostbet-qwl13.buzz,1,https://www.google.com/
mostbet-qwp82.cam,1,https://www.google.com/
mostbet-qxl24.buzz,1,https://www.google.com/
mostbet-qxn.online,1,https://www.google.com/
mostbet-qy.buzz,1,https://www.google.com/
mostbet-qya18.top,1,https://www.google.com/
mostbet-qyj86.sbs,1,https://www.google.com/
mostbet-qyz17.top,1,https://www.google.com/
mostbet-qz.buzz,1,https://www.google.com/
mostbet-qzm72.cam,1,https://www.google.com/
mostbet-r8q.ru,1,https://www.google.com/
mostbet-r9q.top,1,https://www.google.com/
mostbet-rabochee.top,1,
mostbet-rak89wf.sbs,1,https://www.google.com/
mostbet-ral58ho.top,1,https://www.google.com/
mostbet-rasmiy-sayt.com,1,https://www.google.com/
mostbet-rating-casino.top,1,https://www.google.com/
mostbet-rating-casino1.top,1,https://www.google.com/
mostbet-rating-casino2.top,1,https://www.google.com/
mostbet-rating-casino3.top,1,https://www.google.com/
mostbet-rbz71.cam,1,https://www.google.com/
mostbet-rch47.cam,1,https://www.google.com/
mostbet-rcl88.top,1,https://www.google.com/
mostbet-rcm37.buzz,1,https://www.google.com/
mostbet-rcn36.buzz,1,https://www.google.com/
mostbet-rdm87.sbs,1,https://www.google.com/
mostbet-rdn37.cfd,1,https://www.google.com/
mostbet-rdo54.top,1,https://www.google.com/
mostbet-re.online,1,
mostbet-re.ru,1,
mostbet-red.club,1,https://www.google.com/
mostbet-red.space,1,https://www.google.com/
mostbet-reward.com,1,
mostbet-rf.online,1,
mostbet-rf.ru,1,
mostbet-rf3.ru,1,https://www.google.com/
mostbet-rfm83.cam,1,https://www.google.com/
mostbet-rfru.buzz,1,https://www.google.com/
mostbet-rg2.xyz,1,https://www.google.com/
mostbet-rgd32ig.sbs,1,https://www.google.com/
mostbet-rhf15.buzz,1,https://www.google.com/
mostbet-rhy95.buzz,1,https://www.google.com/
mostbet-ri.online,1,
mostbet-ri.ru,1,
mostbet-rib77.cfd,1,https://www.google.com/
mostbet-rid.xyz,1,https://www.google.com/
mostbet-rje13.cfd,1,https://www.google.com/
mostbet-rjpfm70.cam,1,https://www.google.com/
mostbet-rjw18gk.sbs,1,https://www.google.com/
mostbet-rk.online,1,
mostbet-rk.ru,1,
mostbet-rkj39.cfd,1,https://www.google.com/
mostbet-rkw58.cam,1,https://www.google.com/
mostbet-rm.online,1,
mostbet-rm.ru,1,
mostbet-rma28.cam,1,https://www.google.com/
mostbet-rmh66.cam,1,https://www.google.com/
mostbet-rmi19.cam,1,https://www.google.com/
mostbet-rmu.top,1,https://www.google.com/
mostbet-rnk16.cfd,1,https://www.google.com/
mostbet-roa86.sbs,1,https://www.google.com/
mostbet-rocket17.top,1,https://www.google.com/
mostbet-rocket18.top,1,https://www.google.com/
mostbet-rox.ru,1,https://www.google.com/
mostbet-royaii-new3.xyz,1,https://www.google.com/
mostbet-royal-new1.xyz,1,https://www.google.com/
mostbet-royal-new2.xyz,1,https://www.google.com/
mostbet-rpr.lol,1,https://www.google.com/
mostbet-rpv58.cfd,1,https://www.google.com/
mostbet-rqn51.top,1,https://www.google.com/
mostbet-rqv34.top,1,https://www.google.com/
mostbet-rrz18.sbs,1,https://www.google.com/
mostbet-rsc28.cfd,1,https://www.google.com/
mostbet-rsi.buzz,1,https://www.google.com/
mostbet-rsq36.top,1,https://www.google.com/
mostbet-rte66.cam,1,https://www.google.com/
mostbet-rtg84.cfd,1,https://www.google.com/
mostbet-rtm23.top,1,https://www.google.com/
mostbet-rtq74.top,1,https://www.google.com/
mostbet-rty35.cfd,1,https://www.google.com/
mostbet-ru-site.ru,1,https://www.google.com/
mostbet-ru.life,1,https://www.google.com/
mostbet-ru2024.buzz,1,https://www.google.com/
mostbet-ruc27.top,1,https://www.google.com/
mostbet-ruo11.buzz,1,https://www.google.com/
mostbet-rus-site.ru,1,https://www.google.com/
mostbet-rus2.club,1,https://www.google.com/
mostbet-rus27.top,1,https://www.google.com/
mostbet-rus3.club,1,https://www.google.com/
mostbet-rush17.top,1,https://www.google.com/
mostbet-rush18.top,1,https://www.google.com/
mostbet-russ.com,1,
mostbet-russ.ru,1,https://www.google.com/
mostbet-rv.top,1,
mostbet-rv.xyz,1,https://www.google.com/
mostbet-rvl82.top,1,https://www.google.com/
mostbet-rvs94.cam,1,https://www.google.com/
mostbet-rw7ixzm.buzz,1,https://www.google.com/
mostbet-rwm13.sbs,1,https://www.google.com/
mostbet-rww98.cfd,1,https://www.google.com/
mostbet-rwy2.cam,1,https://www.google.com/
mostbet-rxk57.top,1,https://www.google.com/
mostbet-rym66ib.buzz,1,https://www.google.com/
mostbet-ryp29.top,1,https://www.google.com/
mostbet-ryr28hl.sbs,1,https://www.google.com/
mostbet-ryr49.cfd,1,https://www.google.com/
mostbet-ryt7.top,1,https://www.google.com/
mostbet-rzf85.sbs,1,https://www.google.com/
mostbet-s6nv.xyz,1,https://www.google.com/
mostbet-sak89.cam,1,https://www.google.com/
mostbet-sam45.top,1,https://www.google.com/
mostbet-san36ju.buzz,1,https://www.google.com/
mostbet-sas78.cfd,1,https://www.google.com/
mostbet-sbk37.cam,1,https://www.google.com/
mostbet-sbm42.cfd,1,https://www.google.com/
mostbet-sc.online,1,
mostbet-sc.ru,1,
mostbet-scl41sw.cfd,1,https://www.google.com/
mostbet-scm33.buzz,1,https://www.google.com/
mostbet-sdb35.sbs,1,https://www.google.com/
mostbet-seo99.cfd,1,https://www.google.com/
mostbet-sf.online,1,
mostbet-sf.ru,1,
mostbet-sfc97.top,1,https://www.google.com/
mostbet-sfn44.buzz,1,https://www.google.com/
mostbet-sfs26.cfd,1,https://www.google.com/
mostbet-sg.ru,1,
mostbet-sgp24.sbs,1,https://www.google.com/
mostbet-sh.online,1,
mostbet-sh.ru,1,
mostbet-shark.ru,1,https://www.google.com/
mostbet-shr32.buzz,1,https://www.google.com/
mostbet-site-review.ru,1,https://www.google.com/
mostbet-site-review.top,1,https://www.google.com/
mostbet-site.pl,1,
mostbet-site.ru,1,https://www.google.com/
mostbet-site.xyz,1,https://www.google.com/
mostbet-site1.top,1,https://www.google.com/
mostbet-sja74.buzz,1,https://www.google.com/
mostbet-sjf64.cfd,1,https://www.google.com/
mostbet-sjj39.buzz,1,https://www.google.com/
mostbet-sjl16.cam,1,https://www.google.com/
mostbet-sju42.sbs,1,https://www.google.com/
mostbet-sjx36.buzz,1,https://www.google.com/
mostbet-skachat.top,1,https://www.google.com/
mostbet-skm97.cam,1,https://www.google.com/
mostbet-sld48.sbs,1,https://www.google.com/
mostbet-slm13.sbs,1,https://www.google.com/
mostbet-slot-casino.com,1,
mostbet-slot-casino.ru,1,https://www.google.com/
mostbet-slot.in,1,
mostbet-slot.ru,1,https://www.google.com/
mostbet-slots-casino.com,1,
mostbet-slots.com,1,
mostbet-sloty.top,1,https://www.google.com/
mostbet-smc85.cfd,1,https://www.google.com/
mostbet-sml63.buzz,1,https://www.google.com/
mostbet-smw32.cfd,1,https://www.google.com/
mostbet-snm46.cam,1,https://www.google.com/
mostbet-snm78.cam,1,https://www.google.com/
mostbet-sob28.cam,1,https://www.google.com/
mostbet-sonic.ru,1,https://www.google.com/
mostbet-sp.online,1,
mostbet-sp.ru,1,
mostbet-spin17.top,1,https://www.google.com/
mostbet-spinup17.top,1,https://www.google.com/
mostbet-spo28.buzz,1,https://www.google.com/
mostbet-sport-topsport.ru,1,https://www.google.com/
mostbet-sport-topsport1.top,1,https://www.google.com/
mostbet-sport-topsport2.top,1,https://www.google.com/
mostbet-spw6.cam,1,https://www.google.com/
mostbet-sqa58.top,1,https://www.google.com/
mostbet-sqd73.top,1,https://www.google.com/
mostbet-sqt56.sbs,1,https://www.google.com/
mostbet-srg84.cfd,1,https://www.google.com/
mostbet-srj43.buzz,1,https://www.google.com/
mostbet-stake.com,1,
mostbet-stavim.ru,1,https://www.google.com/
mostbet-stavim.top,1,https://www.google.com/
mostbet-stavki1.ru,1,https://www.google.com/
mostbet-std7.buzz,1,https://www.google.com/
mostbet-stf88.cfd,1,https://www.google.com/
mostbet-sto9.cam,1,https://www.google.com/
mostbet-stq94lr.cfd,1,https://www.google.com/
mostbet-stz41.cfd,1,https://www.google.com/
mostbet-sug.top,1,https://www.google.com/
mostbet-sug4.buzz,1,https://www.google.com/
mostbet-sui51.cfd,1,https://www.google.com/
mostbet-svi34.sbs,1,https://www.google.com/
mostbet-svw24.cam,1,https://www.google.com/
mostbet-swb46.cfd,1,https://www.google.com/
mostbet-swg39.cfd,1,https://www.google.com/
mostbet-swr91.buzz,1,https://www.google.com/
mostbet-swz18.buzz,1,https://www.google.com/
mostbet-sx0iyru.buzz,1,https://www.google.com/
mostbet-sxh72.buzz,1,https://www.google.com/
mostbet-sxw67.top,1,https://www.google.com/
mostbet-sxy0142.buzz,1,https://www.google.com/
mostbet-sxz16.buzz,1,https://www.google.com/
mostbet-szo33kv.cfd,1,https://www.google.com/
mostbet-szp63.cfd,1,https://www.google.com/
mostbet-t1xb.xyz,1,https://www.google.com/
mostbet-t2q.ru,1,https://www.google.com/
mostbet-t3n6b90.top,1,https://www.google.com/
mostbet-t3o9.xyz,1,https://www.google.com/
mostbet-t4xj2gg.buzz,1,https://www.google.com/
mostbet-t7q.ru,1,https://www.google.com/
mostbet-tar.xyz,1,https://www.google.com/
mostbet-tas37.top,1,https://www.google.com/
mostbet-tav66.cam,1,https://www.google.com/
mostbet-tbd64.top,1,https://www.google.com/
mostbet-tbk37.buzz,1,https://www.google.com/
mostbet-tbrxa1p.buzz,1,https://www.google.com/
mostbet-tc.online,1,
mostbet-tc.ru,1,
mostbet-tcj35.sbs,1,https://www.google.com/
mostbet-tcv83.cam,1,https://www.google.com/
mostbet-tdg41.cfd,1,https://www.google.com/
mostbet-tdj6.buzz,1,https://www.google.com/
mostbet-tdk.cam,1,https://www.google.com/
mostbet-tdm46sf.cfd,1,https://www.google.com/
mostbet-tdw56.sbs,1,https://www.google.com/
mostbet-ted31.cam,1,https://www.google.com/
mostbet-tek27.cfd,1,https://www.google.com/
mostbet-tes35.cam,1,https://www.google.com/
mostbet-tex.top,1,
mostbet-tfe91.cam,1,https://www.google.com/
mostbet-tfm57.buzz,1,https://www.google.com/
mostbet-tfr48.cfd,1,https://www.google.com/
mostbet-tgk54.cam,1,https://www.google.com/
mostbet-tgn92.cam,1,https://www.google.com/
mostbet-tgt98.cam,1,https://www.google.com/
mostbet-thy53.buzz,1,https://www.google.com/
mostbet-tik65.top,1,https://www.google.com/
mostbet-tin68.cfd,1,https://www.google.com/
mostbet-tjc85.top,1,https://www.google.com/
mostbet-tko58.sbs,1,https://www.google.com/
mostbet-tkz81.sbs,1,https://www.google.com/
mostbet-tld.top,1,https://www.google.com/
mostbet-tlo54.buzz,1,https://www.google.com/
mostbet-tni5.cam,1,https://www.google.com/
mostbet-tnx75.buzz,1,https://www.google.com/
mostbet-tnz.xyz,1,https://www.google.com/
mostbet-to.top,1,
mostbet-today.ru,1,https://www.google.com/
mostbet-tol81.cfd,1,https://www.google.com/
mostbet-tom47.cam,1,https://www.google.com/
mostbet-ton36.cfd,1,https://www.google.com/
mostbet-top-bet.ru,1,https://www.google.com/
mostbet-top.top,1,https://www.google.com/
mostbet-top1.ru,1,https://www.google.com/
mostbet-top1.top,1,https://www.google.com/
mostbet-top2.top,1,https://www.google.com/
mostbet-top3.top,1,https://www.google.com/
mostbet-top405.com,1,https://www.google.com/
mostbet-top406.com,1,https://www.google.com/
mostbet-top408.com,1,https://www.google.com/
mostbet-tp.online,1,
mostbet-tp.ru,1,
mostbet-tpg0.top,1,https://www.google.com/
mostbet-tqb91.buzz,1,https://www.google.com/
mostbet-tqr71.top,1,https://www.google.com/
mostbet-tr-casino.life,1,
mostbet-tr-turkiye.com,1,https://www.google.com/
mostbet-tr1.ru,1,https://www.google.com/
mostbet-trg5.buzz,1,https://www.google.com/
mostbet-trg93.cfd,1,https://www.google.com/
mostbet-trm14.top,1,https://www.google.com/
mostbet-trm15.top,1,https://www.google.com/
mostbet-trm16.top,1,https://www.google.com/
mostbet-trm17.top,1,https://www.google.com/
mostbet-tter1.top,1,https://www.google.com/
mostbet-ttm21.buzz,1,https://www.google.com/
mostbet-ttm79.top,1,https://www.google.com/
mostbet-ttr.xyz,1,https://www.google.com/
mostbet-ttu26.buzz,1,https://www.google.com/
mostbet-tu.online,1,
mostbet-tu.ru,1,
mostbet-turbo17.top,1,https://www.google.com/
mostbet-turbo18.top,1,https://www.google.com/
mostbet-turbo19.top,1,https://www.google.com/
mostbet-turbo20.top,1,https://www.google.com/
mostbet-turkey2.com,1,https://www.google.com/
mostbet-turkey4.com,1,https://www.google.com/
mostbet-turkiye-casino.com,1,https://www.google.com/
mostbet-turkiye777.com,1,https://www.google.com/
mostbet-turks.com,1,
mostbet-tuw28.cfd,1,https://www.google.com/
mostbet-twj51.buzz,1,https://www.google.com/
mostbet-two7.top,1,https://www.google.com/
mostbet-twv69.buzz,1,https://www.google.com/
mostbet-tww81.sbs,1,https://www.google.com/
mostbet-txc8.cam,1,https://www.google.com/
mostbet-txm0.buzz,1,https://www.google.com/
mostbet-ty2.top,1,https://www.google.com/
mostbet-tya1.buzz,1,https://www.google.com/
mostbet-tyk33.top,1,https://www.google.com/
mostbet-tz.online,1,
mostbet-tz.ru,1,
mostbet-tza.xyz,1,https://www.google.com/
mostbet-tzb92.cfd,1,https://www.google.com/
mostbet-tzo82yy.buzz,1,https://www.google.com/
mostbet-tzw92.sbs,1,https://www.google.com/
mostbet-u9c.ru,1,https://www.google.com/
mostbet-ucc0.top,1,https://www.google.com/
mostbet-ucd6.buzz,1,https://www.google.com/
mostbet-ucg94gr.cam,1,https://www.google.com/
mostbet-ucl14.buzz,1,https://www.google.com/
mostbet-ucxwfbp.top,1,https://www.google.com/
mostbet-udk12.buzz,1,https://www.google.com/
mostbet-udk37.buzz,1,https://www.google.com/
mostbet-udu86.cam,1,https://www.google.com/
mostbet-ued14.buzz,1,https://www.google.com/
mostbet-uew1.top,1,https://www.google.com/
mostbet-ufd73.sbs,1,https://www.google.com/
mostbet-ugs84.cam,1,https://www.google.com/
mostbet-ui.online,1,
mostbet-ui.ru,1,
mostbet-ujd5.cam,1,https://www.google.com/
mostbet-ujx16.cfd,1,https://www.google.com/
mostbet-uk.net,1,
mostbet-ukl56.cam,1,https://www.google.com/
mostbet-ulc34.cam,1,https://www.google.com/
mostbet-ulf46.sbs,1,https://www.google.com/
mostbet-ull33.cfd,1,https://www.google.com/
mostbet-unj69.sbs,1,https://www.google.com/
mostbet-uo.online,1,
mostbet-uo.ru,1,
mostbet-uoe95rg.cfd,1,https://www.google.com/
mostbet-uov29xb.cam,1,https://www.google.com/
mostbet-uox41.top,1,https://www.google.com/
mostbet-upd37.sbs,1,https://www.google.com/
mostbet-upg56.buzz,1,https://www.google.com/
mostbet-uqc49.buzz,1,https://www.google.com/
mostbet-uqf8icj.cam,1,https://www.google.com/
mostbet-uqp15.top,1,https://www.google.com/
mostbet-uqt.xyz,1,https://www.google.com/
mostbet-uri41.cfd,1,https://www.google.com/
mostbet-usn89.sbs,1,https://www.google.com/
mostbet-usu.site,1,https://www.google.com/
mostbet-utg.cam,1,https://www.google.com/
mostbet-utg35.top,1,https://www.google.com/
mostbet-uup0.xyz,1,https://www.google.com/
mostbet-uus76.buzz,1,https://www.google.com/
mostbet-uvb82.cam,1,https://www.google.com/
mostbet-uvk32.sbs,1,https://www.google.com/
mostbet-uvt56.top,1,https://www.google.com/
mostbet-uwa57.cam,1,https://www.google.com/
mostbet-uxy35.top,1,https://www.google.com/
mostbet-uyo24.cfd,1,https://www.google.com/
mostbet-uyu66yi.top,1,https://www.google.com/
mostbet-uz-24.com,1,https://www.google.com/
mostbet-uz-com-online1.com,1,
mostbet-uz-kirish.com,1,
mostbet-uz.eu.com,1,https://www.google.com/
mostbet-uz90.com,1,
mostbet-uzb.com,1,
mostbet-uzb.net,1,https://www.google.com/
mostbet-uzb.xyz,1,https://www.google.com/
mostbet-uzbek2024.com,1,https://www.google.com/
mostbet-uzbeke.com,1,https://www.google.com/
mostbet-uzbekistan-casino.com,1,
mostbet-uzbekistan-ckachat.com,1,
mostbet-uzbekistan-online.com,1,
mostbet-uzbekiston.com,1,
mostbet-uzbet.com,1,
mostbet-uzc42.top,1,https://www.google.com/
mostbet-uzkirish.com,1,https://www.google.com/
mostbet-v0h.ru,1,https://www.google.com/
mostbet-v1h.top,1,https://www.google.com/
mostbet-v2h.top,1,https://www.google.com/
mostbet-v3h.top,1,https://www.google.com/
mostbet-v3li.xyz,1,https://www.google.com/
mostbet-v4h.top,1,https://www.google.com/
mostbet-v605.xyz,1,https://www.google.com/
mostbet-vb.online,1,
mostbet-vb.ru,1,
mostbet-vba.top,1,https://www.google.com/
mostbet-vbc79.cfd,1,https://www.google.com/
mostbet-vbd81.buzz,1,https://www.google.com/
mostbet-vbu41.cam,1,https://www.google.com/
mostbet-vcbt.xyz,1,https://www.google.com/
mostbet-vcs81.buzz,1,https://www.google.com/
mostbet-vel0.cam,1,https://www.google.com/
mostbet-vg.online,1,
mostbet-vg.ru,1,
mostbet-vgz96.buzz,1,https://www.google.com/
mostbet-vhi67.cam,1,https://www.google.com/
mostbet-vhod.casino,1,
mostbet-vhod.com,1,https://www.google.com/
mostbet-vhod.pro,1,https://www.google.com/
mostbet-victory17.top,1,https://www.google.com/
mostbet-victory18.top,1,https://www.google.com/
mostbet-victory19.top,1,https://www.google.com/
mostbet-victory20.top,1,https://www.google.com/
mostbet-vjd67.sbs,1,https://www.google.com/
mostbet-vji65.cam,1,https://www.google.com/
mostbet-vjw77.top,1,https://www.google.com/
mostbet-vkd56.cam,1,https://www.google.com/
mostbet-vko29.top,1,https://www.google.com/
mostbet-vkp26.buzz,1,https://www.google.com/
mostbet-vla89.top,1,https://www.google.com/
mostbet-vlr82.sbs,1,https://www.google.com/
mostbet-vmr85.buzz,1,https://www.google.com/
mostbet-vmu89.sbs,1,https://www.google.com/
mostbet-vmw62.buzz,1,https://www.google.com/
mostbet-vmx33.cam,1,https://www.google.com/
mostbet-vnu49.buzz,1,https://www.google.com/
mostbet-vnx48.top,1,https://www.google.com/
mostbet-voj56.top,1,https://www.google.com/
mostbet-vor19.cam,1,https://www.google.com/
mostbet-vov2.cam,1,https://www.google.com/
mostbet-vpj41.top,1,https://www.google.com/
mostbet-vpp59.buzz,1,https://www.google.com/
mostbet-vpy48.sbs,1,https://www.google.com/
mostbet-vq.online,1,
mostbet-vq.ru,1,
mostbet-vq.top,1,https://www.google.com/
mostbet-vqg1.top,1,https://www.google.com/
mostbet-vqq62hw.cam,1,https://www.google.com/
mostbet-vqu91.buzz,1,https://www.google.com/
mostbet-vr.xyz,1,https://www.google.com/
mostbet-vro58.cfd,1,https://www.google.com/
mostbet-vrr63.cam,1,https://www.google.com/
mostbet-vsa26.sbs,1,https://www.google.com/
mostbet-vsk15.buzz,1,https://www.google.com/
mostbet-vsn36.buzz,1,https://www.google.com/
mostbet-vso75.top,1,https://www.google.com/
mostbet-vsv29.sbs,1,https://www.google.com/
mostbet-vtc13.sbs,1,https://www.google.com/
mostbet-vtv17.sbs,1,https://www.google.com/
mostbet-vuy68.top,1,https://www.google.com/
mostbet-vvc12.cam,1,https://www.google.com/
mostbet-vwt.xyz,1,https://www.google.com/
mostbet-vwz65.cam,1,https://www.google.com/
mostbet-vyr29.sbs,1,https://www.google.com/
mostbet-vyw.top,1,https://www.google.com/
mostbet-vz.online,1,
mostbet-vz.ru,1,
mostbet-vzi39.buzz,1,https://www.google.com/
mostbet-w.online,1,
mostbet-w.ru,1,
mostbet-w10s.top,1,https://www.google.com/
mostbet-w2s.xyz,1,https://www.google.com/
mostbet-w4f.ru,1,https://www.google.com/
mostbet-w7wojmp.top,1,https://www.google.com/
mostbet-w8s.ru,1,https://www.google.com/
mostbet-w9s.top,1,https://www.google.com/
mostbet-waa1.top,1,https://www.google.com/
mostbet-waa2.xyz,1,https://www.google.com/
mostbet-wad4.top,1,https://www.google.com/
mostbet-wae5.xyz,1,https://www.google.com/
mostbet-wah7.top,1,
mostbet-wai3.top,1,
mostbet-waj8.xyz,1,https://www.google.com/
mostbet-wak36.top,1,https://www.google.com/
mostbet-wap1.top,1,https://www.google.com/
mostbet-wav8.xyz,1,https://www.google.com/
mostbet-waz3.top,1,https://www.google.com/
mostbet-waz5.xyz,1,https://www.google.com/
mostbet-wba57.cfd,1,https://www.google.com/
mostbet-wbf51.buzz,1,https://www.google.com/
mostbet-wbh5.xyz,1,https://www.google.com/
mostbet-wbi5.top,1,https://www.google.com/
mostbet-wbl4.top,1,https://www.google.com/
mostbet-wbo1.top,1,https://www.google.com/
mostbet-wbt3.top,1,https://www.google.com/
mostbet-wbu68.cfd,1,https://www.google.com/
mostbet-wbx5.top,1,https://www.google.com/
mostbet-wcb1.xyz,1,https://www.google.com/
mostbet-wci2.top,1,https://www.google.com/
mostbet-wcn9.xyz,1,https://www.google.com/
mostbet-wco28.top,1,https://www.google.com/
mostbet-wco7.top,1,https://www.google.com/
mostbet-wct6.xyz,1,https://www.google.com/
mostbet-wcx98.top,1,https://www.google.com/
mostbet-wcy9.xyz,1,https://www.google.com/
mostbet-wcz1.top,1,https://www.google.com/
mostbet-wdm2.xyz,1,https://www.google.com/
mostbet-wdn43.top,1,https://www.google.com/
mostbet-wdo5.top,1,https://www.google.com/
mostbet-wds7.xyz,1,https://www.google.com/
mostbet-wdt9.top,1,https://www.google.com/
mostbet-wdu1.top,1,https://www.google.com/
mostbet-we8p.xyz,1,https://www.google.com/
mostbet-web4.xyz,1,https://www.google.com/
mostbet-wej8.top,1,https://www.google.com/
mostbet-wel7.top,1,https://www.google.com/
mostbet-wel73.top,1,https://www.google.com/
mostbet-wel8.top,1,https://www.google.com/
mostbet-wet8.top,1,https://www.google.com/
mostbet-wev8.xyz,1,https://www.google.com/
mostbet-wey7.top,1,https://www.google.com/
mostbet-wfe4.xyz,1,https://www.google.com/
mostbet-wfe8.top,1,https://www.google.com/
mostbet-wfl56.cfd,1,https://www.google.com/
mostbet-wfn1.xyz,1,https://www.google.com/
mostbet-wfo7.top,1,https://www.google.com/
mostbet-wft3.top,1,https://www.google.com/
mostbet-wfx3.top,1,https://www.google.com/
mostbet-wfz1.xyz,1,https://www.google.com/
mostbet-wfz8.top,1,https://www.google.com/
mostbet-wgc3.top,1,https://www.google.com/
mostbet-wgg22.buzz,1,https://www.google.com/
mostbet-wgn4.top,1,https://www.google.com/
mostbet-wgp9.top,1,https://www.google.com/
mostbet-wgr4.xyz,1,https://www.google.com/
mostbet-wgs49.sbs,1,https://www.google.com/
mostbet-wgt81cy.cfd,1,https://www.google.com/
mostbet-wgu8.top,1,
mostbet-wgu9.top,1,
mostbet-wgv4.top,1,
mostbet-wgz7.top,1,
mostbet-wh.buzz,1,https://www.google.com/
mostbet-wha6.top,1,
mostbet-whd3.top,1,
mostbet-whd4.top,1,
mostbet-whe9.top,1,
mostbet-whf62.cfd,1,https://www.google.com/
mostbet-whl6.top,1,https://www.google.com/
mostbet-whm4.top,1,https://www.google.com/
mostbet-whm8.top,1,
mostbet-who6.xyz,1,https://www.google.com/
mostbet-whq5.xyz,1,https://www.google.com/
mostbet-whr1.top,1,
mostbet-whr3.top,1,
mostbet-whs2.top,1,
mostbet-wht95.cfd,1,https://www.google.com/
mostbet-whu8.top,1,
mostbet-whu9.top,1,https://www.google.com/
mostbet-whv3.xyz,1,https://www.google.com/
mostbet-whz3.xyz,1,https://www.google.com/
mostbet-wi.buzz,1,https://www.google.com/
mostbet-wid8.xyz,1,https://www.google.com/
mostbet-wie.lol,1,https://www.google.com/
mostbet-wih8.xyz,1,https://www.google.com/
mostbet-wil1.xyz,1,https://www.google.com/
mostbet-win1.lol,1,https://www.google.com/
mostbet-winner.website,1,https://www.google.com/
mostbet-wiq4.top,1,https://www.google.com/
mostbet-wit2.top,1,https://www.google.com/
mostbet-withdrawal.fun,1,https://www.google.com/
mostbet-wiy3.xyz,1,https://www.google.com/
mostbet-wiy7.top,1,https://www.google.com/
mostbet-wjb7.top,1,https://www.google.com/
mostbet-wjg9.top,1,https://www.google.com/
mostbet-wjm8.top,1,https://www.google.com/
mostbet-wjo4.top,1,https://www.google.com/
mostbet-wjq57.cfd,1,https://www.google.com/
mostbet-wjx8.xyz,1,https://www.google.com/
mostbet-wjy6.top,1,https://www.google.com/
mostbet-wjz4.xyz,1,https://www.google.com/
mostbet-wka2.top,1,https://www.google.com/
mostbet-wka8.top,1,https://www.google.com/
mostbet-wkb1.xyz,1,https://www.google.com/
mostbet-wke8.top,1,https://www.google.com/
mostbet-wkg17.cfd,1,https://www.google.com/
mostbet-wkl28.top,1,https://www.google.com/
mostbet-wkl7.top,1,https://www.google.com/
mostbet-wkm8.top,1,https://www.google.com/
mostbet-wkn9.top,1,https://www.google.com/
mostbet-wkp5.top,1,https://www.google.com/
mostbet-wkq9.top,1,https://www.google.com/
mostbet-wkw8.top,1,https://www.google.com/
mostbet-wla7.top,1,https://www.google.com/
mostbet-wlh7.xyz,1,https://www.google.com/
mostbet-wlp5.top,1,https://www.google.com/
mostbet-wls2.xyz,1,https://www.google.com/
mostbet-wly8.top,1,https://www.google.com/
mostbet-wmr9.top,1,https://www.google.com/
mostbet-wmw36.top,1,https://www.google.com/
mostbet-wn.online,1,
mostbet-wn.ru,1,
mostbet-wnb4.xyz,1,https://www.google.com/
mostbet-wnc6.top,1,https://www.google.com/
mostbet-wnk8.xyz,1,https://www.google.com/
mostbet-wnq8.xyz,1,https://www.google.com/
mostbet-wnr2.top,1,https://www.google.com/
mostbet-wns5.xyz,1,https://www.google.com/
mostbet-wnu81.sbs,1,https://www.google.com/
mostbet-wnw4.top,1,https://www.google.com/
mostbet-wnx5.top,1,https://www.google.com/
mostbet-wnz3.top,1,https://www.google.com/
mostbet-wnz36.cam,1,https://www.google.com/
mostbet-wof38qs.sbs,1,https://www.google.com/
mostbet-woj5.top,1,https://www.google.com/
mostbet-woq11.top,1,https://www.google.com/
mostbet-world.com,1,
mostbet-wow61.cfd,1,https://www.google.com/
mostbet-wow7.xyz,1,https://www.google.com/
mostbet-wpb7.top,1,https://www.google.com/
mostbet-wpc5.top,1,https://www.google.com/
mostbet-wpc8.top,1,https://www.google.com/
mostbet-wpd8.xyz,1,https://www.google.com/
mostbet-wpe49.top,1,https://www.google.com/
mostbet-wpf95.buzz,1,https://www.google.com/
mostbet-wpn23.cam,1,https://www.google.com/
mostbet-wpv3.top,1,https://www.google.com/
mostbet-wpw89xx.sbs,1,https://www.google.com/
mostbet-wpy5.top,1,https://www.google.com/
mostbet-wq.buzz,1,https://www.google.com/
mostbet-wqb5.top,1,https://www.google.com/
mostbet-wqe69.buzz,1,https://www.google.com/
mostbet-wqf7.top,1,https://www.google.com/
mostbet-wqj51.buzz,1,https://www.google.com/
mostbet-wqm77.cfd,1,https://www.google.com/
mostbet-wqr36.cfd,1,https://www.google.com/
mostbet-wqw57.top,1,https://www.google.com/
mostbet-wra5.top,1,https://www.google.com/
mostbet-wrb6.top,1,https://www.google.com/
mostbet-wrc9.xyz,1,https://www.google.com/
mostbet-wrp9.top,1,https://www.google.com/
mostbet-wrq8.top,1,https://www.google.com/
mostbet-wrw7.top,1,https://www.google.com/
mostbet-wrz2.xyz,1,
mostbet-wse2.top,1,https://www.google.com/
mostbet-wse6.top,1,https://www.google.com/
mostbet-wsg1.top,1,https://www.google.com/
mostbet-wsj2.top,1,https://www.google.com/
mostbet-wsl3.xyz,1,https://www.google.com/
mostbet-wsn1.top,1,https://www.google.com/
mostbet-wsq46qk.cam,1,https://www.google.com/
mostbet-wsr2.xyz,1,https://www.google.com/
mostbet-wsr3.top,1,https://www.google.com/
mostbet-wst4.top,1,https://www.google.com/
mostbet-wsz8.xyz,1,https://www.google.com/
mostbet-wt.buzz,1,https://www.google.com/
mostbet-wt.online,1,
mostbet-wt.ru,1,
mostbet-wte6.top,1,https://www.google.com/
mostbet-wtg66.top,1,https://www.google.com/
mostbet-wtj5.xyz,1,https://www.google.com/
mostbet-wtk37.cam,1,https://www.google.com/
mostbet-wto6.xyz,1,https://www.google.com/
mostbet-wtp42.cam,1,https://www.google.com/
mostbet-wts27.cfd,1,https://www.google.com/
mostbet-wts3.xyz,1,https://www.google.com/
mostbet-wtx71.top,1,https://www.google.com/
mostbet-wud3.top,1,https://www.google.com/
mostbet-wuh1.xyz,1,https://www.google.com/
mostbet-wuj6.top,1,https://www.google.com/
mostbet-wuj9.top,1,https://www.google.com/
mostbet-wum7.top,1,https://www.google.com/
mostbet-wuq2.xyz,1,https://www.google.com/
mostbet-wuq6.top,1,https://www.google.com/
mostbet-wuq8.top,1,https://www.google.com/
mostbet-wva4.top,1,https://www.google.com/
mostbet-wvd.lol,1,https://www.google.com/
mostbet-wvj9.top,1,https://www.google.com/
mostbet-wvp3.top,1,https://www.google.com/
mostbet-wvp7.xyz,1,https://www.google.com/
mostbet-wvq2.top,1,https://www.google.com/
mostbet-wvq7.buzz,1,https://www.google.com/
mostbet-wvr51.cfd,1,https://www.google.com/
mostbet-wvu81.sbs,1,https://www.google.com/
mostbet-wvv7.top,1,https://www.google.com/
mostbet-wvx8.top,1,https://www.google.com/
mostbet-wvz.xyz,1,https://www.google.com/
mostbet-wvz1.top,1,https://www.google.com/
mostbet-wwa7.top,1,https://www.google.com/
mostbet-wwb1.xyz,1,https://www.google.com/
mostbet-wwb8.top,1,https://www.google.com/
mostbet-wwc5.top,1,https://www.google.com/
mostbet-wwj9.xyz,1,https://www.google.com/
mostbet-wwv5.xyz,1,https://www.google.com/
mostbet-wxd44.cam,1,https://www.google.com/
mostbet-wxg6.top,1,https://www.google.com/
mostbet-wxh39.buzz,1,https://www.google.com/
mostbet-wxi1.top,1,https://www.google.com/
mostbet-wxm2.xyz,1,https://www.google.com/
mostbet-wxm6.xyz,1,https://www.google.com/
mostbet-wyd3.top,1,https://www.google.com/
mostbet-wyj4.xyz,1,https://www.google.com/
mostbet-wyt9.top,1,https://www.google.com/
mostbet-wyu72.cfd,1,https://www.google.com/
mostbet-wzi8.top,1,https://www.google.com/
mostbet-wzj9.xyz,1,https://www.google.com/
mostbet-wzv3.top,1,
mostbet-wzx3.top,1,
mostbet-wzx4.top,1,https://www.google.com/
mostbet-wzx9.top,1,https://www.google.com/
mostbet-wzy3.top,1,
mostbet-wzy5.top,1,
mostbet-wzz8.top,1,https://www.google.com/
mostbet-x0v.ru,1,https://www.google.com/
mostbet-x1.site,1,https://www.google.com/
mostbet-x1v.top,1,https://www.google.com/
mostbet-x2v.top,1,https://www.google.com/
mostbet-x3v.top,1,https://www.google.com/
mostbet-x4p.ru,1,https://www.google.com/
mostbet-x5p.top,1,https://www.google.com/
mostbet-x6p.top,1,https://www.google.com/
mostbet-x7p.top,1,https://www.google.com/
mostbet-x8p.top,1,https://www.google.com/
mostbet-x9io8qn.top,1,https://www.google.com/
mostbet-x9p.top,1,https://www.google.com/
mostbet-xao73.buzz,1,https://www.google.com/
mostbet-xaz76.cfd,1,https://www.google.com/
mostbet-xba39.cfd,1,https://www.google.com/
mostbet-xbet17.top,1,https://www.google.com/
mostbet-xbm6.cam,1,https://www.google.com/
mostbet-xbz98.cfd,1,https://www.google.com/
mostbet-xce72.sbs,1,https://www.google.com/
mostbet-xci41.cfd,1,https://www.google.com/
mostbet-xck72.cfd,1,https://www.google.com/
mostbet-xcx21.top,1,https://www.google.com/
mostbet-xdn42.cfd,1,https://www.google.com/
mostbet-xdq22.top,1,https://www.google.com/
mostbet-xea52.cfd,1,https://www.google.com/
mostbet-xer53.buzz,1,https://www.google.com/
mostbet-xet49.sbs,1,https://www.google.com/
mostbet-xfh36.cfd,1,https://www.google.com/
mostbet-xfk87.buzz,1,https://www.google.com/
mostbet-xfn2.buzz,1,https://www.google.com/
mostbet-xfx65.buzz,1,https://www.google.com/
mostbet-xgs98.sbs,1,https://www.google.com/
mostbet-xgv7.buzz,1,https://www.google.com/
mostbet-xgw87.cam,1,https://www.google.com/
mostbet-xht26ib.cam,1,https://www.google.com/
mostbet-xix38.buzz,1,https://www.google.com/
mostbet-xix9.top,1,https://www.google.com/
mostbet-xjf32.cfd,1,https://www.google.com/
mostbet-xjx63.sbs,1,https://www.google.com/
mostbet-xkb45.sbs,1,https://www.google.com/
mostbet-xkg27.sbs,1,https://www.google.com/
mostbet-xlh94.cam,1,https://www.google.com/
mostbet-xlo9.xyz,1,https://www.google.com/
mostbet-xlq.store,1,https://www.google.com/
mostbet-xlt67.cam,1,https://www.google.com/
mostbet-xlz15.buzz,1,https://www.google.com/
mostbet-xmq65.cam,1,https://www.google.com/
mostbet-xms26.cam,1,https://www.google.com/
mostbet-xng27.sbs,1,https://www.google.com/
mostbet-xod86as.buzz,1,https://www.google.com/
mostbet-xou87.cam,1,https://www.google.com/
mostbet-xpi76nn.cfd,1,https://www.google.com/
mostbet-xpkx.xyz,1,https://www.google.com/
mostbet-xqb59.buzz,1,https://www.google.com/
mostbet-xrg36.cam,1,https://www.google.com/
mostbet-xsj59.buzz,1,https://www.google.com/
mostbet-xss.lol,1,https://www.google.com/
mostbet-xss0.top,1,https://www.google.com/
mostbet-xsw.top,1,https://www.google.com/
mostbet-xsw1.top,1,https://www.google.com/
mostbet-xto77.cam,1,https://www.google.com/
mostbet-xtreme17.top,1,https://www.google.com/
mostbet-xv.online,1,
mostbet-xv.ru,1,
mostbet-xvd63.cam,1,https://www.google.com/
mostbet-xvi4.cam,1,https://www.google.com/
mostbet-xwc75.buzz,1,https://www.google.com/
mostbet-xwf52.cfd,1,https://www.google.com/
mostbet-xx2.xyz,1,https://www.google.com/
mostbet-xya9.top,1,https://www.google.com/
mostbet-xzo52.buzz,1,https://www.google.com/
mostbet-y95be1m.top,1,https://www.google.com/
mostbet-yah48.sbs,1,https://www.google.com/
mostbet-ybf61.sbs,1,https://www.google.com/
mostbet-ybg37.top,1,https://www.google.com/
mostbet-ybh72.cfd,1,https://www.google.com/
mostbet-yci51.cam,1,https://www.google.com/
mostbet-ycmhp.top,1,https://www.google.com/
mostbet-yct27.cfd,1,https://www.google.com/
mostbet-ydi67.cam,1,https://www.google.com/
mostbet-yee25.cam,1,https://www.google.com/
mostbet-yef79.cam,1,https://www.google.com/
mostbet-yez65.cam,1,https://www.google.com/
mostbet-yfc87.top,1,https://www.google.com/
mostbet-yh.top,1,
mostbet-yji.lol,1,https://www.google.com/
mostbet-yjwajvk.top,1,https://www.google.com/
mostbet-yk.online,1,
mostbet-yk.ru,1,
mostbet-yk10.buzz,1,https://www.google.com/
mostbet-ykg73.cam,1,https://www.google.com/
mostbet-ykz72.buzz,1,https://www.google.com/
mostbet-ylr69.sbs,1,https://www.google.com/
mostbet-yng92.top,1,https://www.google.com/
mostbet-ynk13.cam,1,https://www.google.com/
mostbet-yns41.buzz,1,https://www.google.com/
mostbet-yqm29.cfd,1,https://www.google.com/
mostbet-yqq91.top,1,https://www.google.com/
mostbet-ysb57.cfd,1,https://www.google.com/
mostbet-yso85.cfd,1,https://www.google.com/
mostbet-ysx78.cfd,1,https://www.google.com/
mostbet-yt0.top,1,https://www.google.com/
mostbet-yt1.top,1,https://www.google.com/
mostbet-yts.top,1,https://www.google.com/
mostbet-ytyglz9.top,1,https://www.google.com/
mostbet-ytz53.buzz,1,https://www.google.com/
mostbet-yuklabolish.com,1,
mostbet-yvj86.top,1,https://www.google.com/
mostbet-yvm47.top,1,https://www.google.com/
mostbet-yvs27.buzz,1,https://www.google.com/
mostbet-ywd59.top,1,https://www.google.com/
mostbet-ywd93.top,1,https://www.google.com/
mostbet-ywg16.cam,1,https://www.google.com/
mostbet-yxp8.buzz,1,https://www.google.com/
mostbet-yxu5.cam,1,https://www.google.com/
mostbet-yyb64.buzz,1,https://www.google.com/
mostbet-yyf1.buzz,1,https://www.google.com/
mostbet-yyw77.cam,1,https://www.google.com/
mostbet-yyy94.cam,1,https://www.google.com/
mostbet-yz.online,1,
mostbet-yz.ru,1,
mostbet-yzd46.sbs,1,https://www.google.com/
mostbet-yzh51.cam,1,https://www.google.com/
mostbet-yzp51.cfd,1,https://www.google.com/
mostbet-yzq24.cam,1,https://www.google.com/
mostbet-yzx26.cfd,1,https://www.google.com/
mostbet-z10i.top,1,https://www.google.com/
mostbet-z11i.top,1,https://www.google.com/
mostbet-z12i.top,1,https://www.google.com/
mostbet-z13i.top,1,https://www.google.com/
mostbet-z480.xyz,1,https://www.google.com/
mostbet-z5r.ru,1,https://www.google.com/
mostbet-z5r.top,1,https://www.google.com/
mostbet-z6r.top,1,https://www.google.com/
mostbet-z7i.top,1,https://www.google.com/
mostbet-z8i.top,1,https://www.google.com/
mostbet-z9i.top,1,https://www.google.com/
mostbet-za.online,1,
mostbet-za.ru,1,
mostbet-zb.online,1,
mostbet-zb.ru,1,
mostbet-zbx28.cam,1,https://www.google.com/
mostbet-zbx45.cfd,1,https://www.google.com/
mostbet-zcv1.cam,1,https://www.google.com/
mostbet-zdh1.buzz,1,https://www.google.com/
mostbet-ze1.top,1,https://www.google.com/
mostbet-ze2.top,1,https://www.google.com/
mostbet-ze6a1wb.cam,1,https://www.google.com/
mostbet-zej.top,1,https://www.google.com/
mostbet-zerk.xyz,1,https://www.google.com/
mostbet-zerk1.xyz,1,https://www.google.com/
mostbet-zerk21.xyz,1,https://www.google.com/
mostbet-zerkalo-10.xyz,1,https://www.google.com/
mostbet-zerkalo-13.xyz,1,https://www.google.com/
mostbet-zerkalo-4.xyz,1,https://www.google.com/
mostbet-zerkalo-9.xyz,1,https://www.google.com/
mostbet-zerkalo-krot1.xyz,1,https://www.google.com/
mostbet-zerkalo-officialsite.top,1,https://www.google.com/
mostbet-zerkalo-online.ru,1,https://www.google.com/
mostbet-zerkalo-online1.top,1,https://www.google.com/
mostbet-zerkalo-ru.com,1,https://www.google.com/
mostbet-zerkalo-ru.ru,1,https://www.google.com/
mostbet-zerkalo-ru1.ru,1,https://www.google.com/
mostbet-zerkalo-sitekrots.top,1,https://www.google.com/
mostbet-zerkalo-siteofficial.top,1,https://www.google.com/
mostbet-zerkalo-top.ru,1,https://www.google.com/
mostbet-zerkalo-vhod.com,1,https://www.google.com/
mostbet-zerkalo-vhod.ru,1,https://www.google.com/
mostbet-zerkalo-zxa.xyz,1,https://www.google.com/
mostbet-zerkalo.biz,1,https://www.google.com/
mostbet-zerkalo0.ru,1,https://www.google.com/
mostbet-zerkalo3.site,1,https://www.google.com/
mostbet-zerkalotop.online,1,https://www.google.com/
mostbet-zfa26.buzz,1,https://www.google.com/
mostbet-zfo84.buzz,1,https://www.google.com/
mostbet-zge89.cfd,1,https://www.google.com/
mostbet-zhf99.sbs,1,https://www.google.com/
mostbet-zia1.top,1,https://www.google.com/
mostbet-zic59.cam,1,https://www.google.com/
mostbet-zip64.buzz,1,https://www.google.com/
mostbet-zj.online,1,
mostbet-zj.ru,1,
mostbet-zjp7.top,1,https://www.google.com/
mostbet-zjv.cam,1,https://www.google.com/
mostbet-zk.online,1,
mostbet-zk.ru,1,
mostbet-zlu41.cam,1,https://www.google.com/
mostbet-zmh78.top,1,https://www.google.com/
mostbet-zmj48.cfd,1,https://www.google.com/
mostbet-zms96.sbs,1,https://www.google.com/
mostbet-zmz34.buzz,1,https://www.google.com/
mostbet-zne47.top,1,https://www.google.com/
mostbet-znj99.sbs,1,https://www.google.com/
mostbet-zns53.cfd,1,https://www.google.com/
mostbet-zob35.top,1,https://www.google.com/
mostbet-zoi1.top,1,https://www.google.com/
mostbet-zoji.top,1,
mostbet-zonebet17.top,1,https://www.google.com/
mostbet-zpi.xyz,1,https://www.google.com/
mostbet-zpk15.cfd,1,https://www.google.com/
mostbet-zps96.buzz,1,https://www.google.com/
mostbet-zqe11.top,1,https://www.google.com/
mostbet-zqj46.buzz,1,https://www.google.com/
mostbet-zry55.cam,1,https://www.google.com/
mostbet-zsh92.buzz,1,https://www.google.com/
mostbet-zso94.sbs,1,https://www.google.com/
mostbet-zss7.top,1,https://www.google.com/
mostbet-zti42.cam,1,https://www.google.com/
mostbet-zts65.cam,1,https://www.google.com/
mostbet-zws28qi.top,1,https://www.google.com/
mostbet-zx.online,1,
mostbet-zx.ru,1,
mostbet-zxj3.cam,1,https://www.google.com/
mostbet-zy0.top,1,https://www.google.com/
mostbet-zy1.top,1,https://www.google.com/
mostbet-zy2.top,1,https://www.google.com/
mostbet-zy3.top,1,https://www.google.com/
mostbet-zy4.top,1,https://www.google.com/
mostbet-zz.online,1,
mostbet-zz.ru,1,
mostbet-zzc1.buzz,1,https://www.google.com/
mostbet.ae,1,
mostbet.biz.in,1,
mostbet.ch,1,
mostbet.co.com,1,
mostbet.co.in,1,
mostbet.co.tz,1,
mostbet.com.bj,1,
mostbet.com.pl,1,
mostbet.reviews,1,
mostbet.stream,1,
mostbet.szczecin.pl,1,https://www.google.com/
mostbet.watch,1,
mostbet.website.yandexcloud.net,1,
mostbet.wiki,1,
mostbet008.com,1,https://www.google.com/
mostbet02.online,1,https://www.google.com/
mostbet1-sport.ru,1,https://www.google.com/
mostbet1.buzz,1,https://www.google.com/
mostbet1.club,1,https://www.google.com/
mostbet1.co,1,
mostbet11.com,1,
mostbet12345.com,1,https://www.google.com/
mostbet15.site,1,https://www.google.com/
mostbet1ttrussia19.xyz,1,https://www.google.com/
mostbet1ttrussia57.xyz,1,https://www.google.com/
mostbet2.top,1,https://www.google.com/
mostbet200.com,1,
mostbet2018.ru,1,https://www.google.com/
mostbet2025az.com,1,https://www.google.com/
mostbet24.ru,1,https://www.google.com/
mostbet250fs.com,1,
mostbet276-x.ru,1,https://www.google.com/
mostbet3.ru,1,https://www.google.com/
mostbet300.casino,1,
mostbet3061-ru.ru,1,https://www.google.com/
mostbet3062-ru.top,1,https://www.google.com/
mostbet32.online,1,
mostbet32.ru,1,
mostbet32.top,1,
mostbet34.com,1,https://www.google.com/
mostbet35.com,1,https://www.google.com/
mostbet3900.buzz,1,https://www.google.com/
mostbet4.top,1,
mostbet416.ru,1,https://www.google.com/
mostbet456.ru,1,https://www.google.com/
mostbet46.online,1,
mostbet46.ru,1,
mostbet50.ru,1,https://www.google.com/
mostbet51.top,1,https://www.google.com/
mostbet55.top,1,https://www.google.com/
mostbet633.ru,1,https://www.google.com/
mostbet666.ru,1,https://www.google.com/
mostbet750.ru,1,https://www.google.com/
mostbet77.ru,1,https://www.google.com/
mostbet777b82onus.xyz,1,https://www.google.com/
mostbet777boy1nus.xyz,1,https://www.google.com/
mostbet789.com,1,https://www.google.com/
mostbet7975.buzz,1,https://www.google.com/
mostbet85.online,1,
mostbet85.ru,1,
mostbet86.ru,1,https://www.google.com/
mostbet86.top,1,https://www.google.com/
mostbet893-rox.ru,1,https://www.google.com/
mostbet894-rox.top,1,https://www.google.com/
mostbet984-cazzino.ru,1,https://www.google.com/
mostbet999.com,1,https://www.google.com/
mostbeta10.top,1,https://www.google.com/
mostbeta12.top,1,https://www.google.com/
mostbeta9.xyz,1,https://www.google.com/
mostbetaa.online,1,
mostbetaa.ru,1,
mostbetaffiliate.com,1,
mostbetagent.com,1,
mostbetamp1.xyz,1,https://www.google.com/
mostbetamp10.xyz,1,https://www.google.com/
mostbetamp2.xyz,1,https://www.google.com/
mostbetamp3.xyz,1,https://www.google.com/
mostbetamp5.xyz,1,https://www.google.com/
mostbetamp6.xyz,1,https://www.google.com/
mostbetamp7.xyz,1,https://www.google.com/
mostbetamp8.xyz,1,https://www.google.com/
mostbetamp9.xyz,1,https://www.google.com/
mostbetandroid.com,1,
mostbetapk-kz.com,1,
mostbetapkazonline.com,1,
mostbetapknepal.com,1,
mostbetaplikacja.com.pl,1,
mostbetaplikacja.net.pl,1,
mostbetapp.co.cz,1,
mostbetapp.kz,1,https://www.google.com/
mostbetapp.pk,1,https://www.google.com/
mostbetappdownload.com,1,https://www.google.com/
mostbetappdownload.in,1,
mostbetappdownloadnepal.com,1,
mostbetappnepal.com,1,
mostbetaviator-oyna.com,1,
mostbetaz-90.com,1,
mostbetaz-giris-2025.com,1,https://www.google.com/
mostbetaz-giris-adresi24.com,1,https://www.google.com/
mostbetaz-giris-guncel.com,1,https://www.google.com/
mostbetaz-giris-guncel1.com,1,
mostbetaz-giris2025.com,1,https://www.google.com/
mostbetaz-sayt.com,1,https://www.google.com/
mostbetaz.org,1,
mostbetaz2025.com,1,https://www.google.com/
mostbetaz24.com,1,
mostbetazcasinoonline.com,1,
mostbetaze45.com,1,
mostbetazerbaijan.top,1,
mostbetazerbaijanonline.com,1,
mostbetazerbaycan24.com,1,
mostbetazerbaycancasino.com,1,
mostbetazerbaycanda24.com,1,
mostbetazerbaycanonline.com,1,
mostbetazeturk.com,1,
mostbetazonline.com,1,
mostbetazonlinecasino.com,1,
mostbetazoyun.com,1,
mostbetaztop.com,1,
mostbetbad.ru,1,https://www.google.com/
mostbetbad.top,1,https://www.google.com/
mostbetbahis-turkiye.com,1,https://www.google.com/
mostbetbahis.com,1,https://www.google.com/
mostbetbahis1.com,1,https://www.google.com/
mostbetbahis11.com,1,https://www.google.com/
mostbetbahis2.com,1,https://www.google.com/
mostbetbaking-reg.ru,1,https://www.google.com/
mostbetbd.games,1,
mostbetblackfriday.com,1,
mostbetbonusbezdepozytu.com,1,
mostbetbonuss.ru,1,https://www.google.com/
mostbetbonuss1.top,1,https://www.google.com/
mostbetbr.br.com,1,https://www.google.com/
mostbetbr.com.br,1,https://www.google.com/
mostbetbs.online,1,
mostbetbs.ru,1,
mostbetbuk.ru,1,https://www.google.com/
mostbetc.buzz,1,https://www.google.com/
mostbetcanada.com,1,
mostbetcasino-fun.ru,1,https://www.google.com/
mostbetcasino-mobail.fun,1,https://www.google.com/
mostbetcasino-online.ru,1,https://www.google.com/
mostbetcasino-play.ru,1,https://www.google.com/
mostbetcasino-play.top,1,https://www.google.com/
mostbetcasino-play1.top,1,https://www.google.com/
mostbetcasino-polska.pl,1,
mostbetcasino-tr.com,1,https://www.google.com/
mostbetcasino-wins.ru,1,https://www.google.com/
mostbetcasino-wins.top,1,https://www.google.com/
mostbetcasino.md,1,
mostbetcasino.net.gr,1,https://www.google.com/
mostbetcasino1.mx,1,
mostbetcasino1.ru,1,
mostbetcasino2.xyz,1,https://www.google.com/
mostbetcasino681.com,1,https://www.google.com/
mostbetcasino686.com,1,https://www.google.com/
mostbetcasinohungary.com,1,
mostbetcasinohungary.org,1,
mostbetcasinokz.com.kz,1,https://www.google.com/
mostbetcasinonepal.com,1,
mostbetcasinoplay-fun.ru,1,https://www.google.com/
mostbetcasinoplay.ru,1,https://www.google.com/
mostbetcasinoreview.com,1,
mostbetcasinos-fun.ru,1,https://www.google.com/
mostbetcasinos-slots.xyz,1,https://www.google.com/
mostbetcasinos.co,1,
mostbetcasinosplay.ru,1,https://www.google.com/
mostbetcazino-fun.ru,1,https://www.google.com/
mostbetcazino-funs.ru,1,https://www.google.com/
mostbetcazino-funs.top,1,https://www.google.com/
mostbetcazino-online.ru,1,https://www.google.com/
mostbetcazino-win.ru,1,https://www.google.com/
mostbetcazino-win.top,1,https://www.google.com/
mostbetcazino.pro,1,https://www.google.com/
mostbetcazinobet.ru,1,https://www.google.com/
mostbetcazinobet.top,1,https://www.google.com/
mostbetcazinoplay.ru,1,https://www.google.com/
mostbetcazinos-fun.ru,1,https://www.google.com/
mostbetcazinos.ru,1,https://www.google.com/
mostbetcazinoslots.ru,1,https://www.google.com/
mostbetcazinosplay.ru,1,https://www.google.com/
mostbetcentr.ru,1,https://www.google.com/
mostbetcf.online,1,
mostbetcf.ru,1,
mostbetchile.com,1,https://www.google.com/
mostbetclb.club,1,https://www.google.com/
mostbetclb.vip,1,https://www.google.com/
mostbetclick.ru,1,https://www.google.com/
mostbetclicker.ru,1,https://www.google.com/
mostbetco.online,1,
mostbetco.ru,1,
mostbetcodebd.com,1,
mostbetcom.com,1,
mostbetcv.online,1,
mostbetcv.ru,1,
mostbetcw.online,1,
mostbetcw.ru,1,
mostbetds.online,1,
mostbetds.ru,1,
mostbeter.ru,1,https://www.google.com/
mostbetextra.ru,1,https://www.google.com/
mostbetfan2.xyz,1,https://www.google.com/
mostbetfans4.xyz,1,https://www.google.com/
mostbetff.online,1,
mostbetff.ru,1,
mostbetfk.online,1,
mostbetfk.ru,1,
mostbetforum.ru,1,https://www.google.com/
mostbetfq.online,1,
mostbetfq.ru,1,
mostbetfreespin.com,1,
mostbetfx.online,1,
mostbetfx.ru,1,
mostbetgi.online,1,
mostbetgi.ru,1,
mostbetgiris-az.com,1,https://www.google.com/
mostbetgiris.site,1,https://www.google.com/
mostbetgiris11.com,1,https://www.google.com/
mostbetgirisaz.com,1,
mostbetgirisc.com,1,
mostbetgirisi.net,1,
mostbethi.online,1,
mostbethi.ru,1,
mostbethj.online,1,
mostbethj.ru,1,
mostbethu.net,1,https://www.google.com/
mostbethucasino.com,1,
mostbethuf.bet,1,
mostbethungary.app,1,
mostbetib.online,1,
mostbetib.ru,1,
mostbetie.eu,1,
mostbetij.online,1,
mostbetij.ru,1,
mostbetindia.org,1,https://www.google.com/
mostbetindirandroid.com,1,
mostbetindiraz.com,1,
mostbetinfo.com,1,https://www.google.com/
mostbetit.ru,1,https://www.google.com/
mostbetj.online,1,
mostbetj.ru,1,
mostbetji.online,1,
mostbetji.ru,1,
mostbetjj.online,1,
mostbetjj.ru,1,
mostbetjoy.ru,1,https://www.google.com/
mostbetjw.online,1,
mostbetjw.ru,1,
mostbetjx.online,1,
mostbetjx.ru,1,
mostbetjz.online,1,
mostbetjz.ru,1,
mostbetkayit.com,1,https://www.google.com/
mostbetkazackstan.kz,1,https://www.google.com/
mostbetkazacstan.kz,1,https://www.google.com/
mostbetkazakhstan.com,1,
mostbetkazakhstan.kz,1,https://www.google.com/
mostbetkazinoskachat.space,1,https://www.google.com/
mostbetkd.online,1,
mostbetkd.ru,1,
mostbetkenya.com,1,https://www.google.com/
mostbetkk.online,1,
mostbetkk.ru,1,
mostbetkm.online,1,
mostbetkm.ru,1,
mostbetku.online,1,
mostbetku.ru,1,
mostbetkz-online.com,1,
mostbetkzvhod.com,1,https://www.google.com/
mostbetlogin.co,1,
mostbetlogin.pro,1,https://www.google.com/
mostbetloginnepal.com,1,
mostbetm.ru,1,https://www.google.com/
mostbetma.online,1,
mostbetma.ru,1,
mostbetma1.bet,1,
mostbetmagyarcasino.com,1,
mostbetmagyarorszag.com,1,https://www.google.com/
mostbetmexico.com.mx,1,
mostbetmexico.mx,1,
mostbetmirror.com,1,https://www.google.com/
mostbetmobilsite.com,1,https://www.google.com/
mostbetmw.online,1,
mostbetmw.ru,1,
mostbetmx.online,1,
mostbetmx.ru,1,
mostbetnew.ru,1,https://www.google.com/
mostbetnew.site,1,https://www.google.com/
mostbetnew1.top,1,https://www.google.com/
mostbetnf.online,1,
mostbetnf.ru,1,
mostbetnigeria.ng,1,
mostbetnj.online,1,
mostbetnj.ru,1,
mostbetnow.ru,1,https://www.google.com/
mostbetns.online,1,
mostbetns.ru,1,
mostbetofficial.net,1,
mostbetofficial.ru,1,https://www.google.com/
mostbetofficialsite.top,1,https://www.google.com/
mostbetoffline.com,1,
mostbeton24.ru,1,https://www.google.com/
mostbetonline.hu,1,https://www.google.com/
mostbetonlineazerbaycan.com,1,
mostbetoyna.ru,1,https://www.google.com/
mostbetoynamaq.com,1,
mostbetoyunlar1.com,1,https://www.google.com/
mostbetp.online,1,
mostbetp.ru,1,
mostbetpatnersbd.com,1,
mostbetph.online,1,
mostbetph.ru,1,
mostbetphilippines.ph,1,
mostbetpkguide.com,1,
mostbetpl.eu.com,1,
mostbetplus.ru,1,https://www.google.com/
mostbetplus1.ru,1,https://www.google.com/
mostbetplus1.top,1,https://www.google.com/
mostbetpn.online,1,
mostbetpn.ru,1,
mostbetpol.pl,1,
mostbetpolska.com.pl,1,
mostbetpolska.net,1,
mostbetpolska.org,1,https://www.google.com/
mostbetprilend33.xyz,1,https://www.google.com/
mostbetprilend69.xyz,1,https://www.google.com/
mostbetpro.site,1,https://www.google.com/
mostbetqu.online,1,
mostbetqu.ru,1,
mostbetr.xyz,1,https://www.google.com/
mostbetrt.online,1,
mostbetrt.ru,1,
mostbetru130.ru,1,https://www.google.com/
mostbetru130.top,1,https://www.google.com/
mostbetru131.top,1,https://www.google.com/
mostbetrus.club,1,https://www.google.com/
mostbets-az2.info,1,https://www.google.com/
mostbets-bahis.com,1,
mostbets-bk.online,1,https://www.google.com/
mostbets-casino.pl,1,
mostbets-kzt.com,1,
mostbets-poland.com.pl,1,
mostbets-polska.com.pl,1,
mostbets.pt,1,
mostbets.wiki,1,
mostbets17.site,1,https://www.google.com/
mostbets247.com,1,https://www.google.com/
mostbets3.site,1,https://www.google.com/
mostbets777.com,1,
mostbetscasino.cz,1,https://www.google.com/
mostbetscasino.mx,1,
mostbetsg.online,1,
mostbetsg.ru,1,
mostbetshop.ai,1,
mostbetshop.com,1,
mostbetsite.pro,1,https://www.google.com/
mostbetsitesi10.com,1,https://www.google.com/
mostbetskachat.com,1,https://www.google.com/
mostbetskachat.online,1,https://www.google.com/
mostbetsky.ru,1,https://www.google.com/
mostbetspin.pl,1,
mostbetspl.com,1,
mostbetsq.online,1,
mostbetsq.ru,1,
mostbetss.top,1,https://www.google.com/
mostbetst.com,1,
mostbetsz.online,1,
mostbetsz.ru,1,
mostbett-bd.com,1,
mostbett-kg.com,1,https://www.google.com/
mostbett-ru.com,1,https://www.google.com/
mostbett.buzz,1,https://www.google.com/
mostbett.it,1,
mostbett1.ru,1,https://www.google.com/
mostbett11.site,1,https://www.google.com/
mostbett17.site,1,https://www.google.com/
mostbett18.site,1,https://www.google.com/
mostbettaz.ru,1,https://www.google.com/
mostbettaz1.top,1,https://www.google.com/
mostbettbahis.com,1,https://www.google.com/
mostbettc.online,1,
mostbettc.ru,1,
mostbettcasino.com,1,
mostbettcz.com,1,
mostbetter.site,1,https://www.google.com/
mostbetters.ru,1,https://www.google.com/
mostbetth.online,1,
mostbetth.ru,1,
mostbetting.world,1,https://www.google.com/
mostbetttrussia149.xyz,1,https://www.google.com/
mostbetttrussia83.xyz,1,https://www.google.com/
mostbetturk.net,1,https://www.google.com/
mostbetturkiye1.com,1,
mostbetturkiye41.com,1,https://www.google.com/
mostbetturkiyegiris.com,1,https://www.google.com/
mostbetturkiyeoyna.com,1,https://www.google.com/
mostbettw.online,1,
mostbettw.ru,1,
mostbetu.ru,1,https://www.google.com/
mostbetuc.online,1,
mostbetuc.ru,1,
mostbetud.online,1,
mostbetud.ru,1,
mostbetuf.online,1,
mostbetuf.ru,1,
mostbeturkiye.com,1,https://www.google.com/
mostbetus.online,1,
mostbetus.ru,1,
mostbetuy.online,1,
mostbetuy.ru,1,
mostbetuz-aviator.com,1,
mostbetuz-com.com,1,
mostbetuz24.com,1,
mostbetuzbets.com,1,
mostbetuzkirish.ru,1,https://www.google.com/
mostbetuzme.com,1,https://www.google.com/
mostbetuzonline.com,1,
mostbetuzs.casino,1,https://www.google.com/
mostbetuztop1.com,1,https://www.google.com/
mostbetv-zerkalo.ru,1,https://www.google.com/
mostbetv-zerkalo.top,1,https://www.google.com/
mostbetv.com,1,
mostbetvn.online,1,
mostbetvn.ru,1,
mostbetvq.online,1,
mostbetvq.ru,1,
mostbetwin2.site,1,https://www.google.com/
mostbetwj.online,1,
mostbetwj.ru,1,
mostbetxg.online,1,
mostbetxg.ru,1,
mostbetxo.online,1,
mostbetxo.ru,1,
mostbetxq.online,1,
mostbetxq.ru,1,
mostbetxr.online,1,
mostbetxr.ru,1,
mostbety.ru,1,https://www.google.com/
mostbety1.top,1,https://www.google.com/
mostbetyi.online,1,
mostbetyi.ru,1,
mostbetyw.online,1,
mostbetyw.ru,1,
mostbetzd.online,1,
mostbetzd.ru,1,
mostbetzerkalo-ru.com,1,https://www.google.com/
mostbetzerkalo.pro,1,https://www.google.com/
mostbetzerkalo10.ru,1,https://www.google.com/
mostbetzerkalo15.ru,1,https://www.google.com/
mostbetzerkalo2.ru,1,https://www.google.com/
mostbetzerkalo3.ru,1,https://www.google.com/
mostbetzerkaloadress.com,1,https://www.google.com/
mostbetzerkalotopw.online,1,https://www.google.com/
mostbetzh.online,1,
mostbetzh.ru,1,
mostbetzl.online,1,
mostbetzl.ru,1,
mostbetzm.online,1,
mostbetzm.ru,1,
mostbetzo.online,1,
mostbetzo.ru,1,
mostbetzt.online,1,
mostbetzt.ru,1,
mostbetzy.ru,1,https://www.google.com/
motorenlared.com,1,
mustfact.com,1,
mususc51.ru,1,
naputca.hu,1,
nemontessori.org,1,https://www.google.com/
nepal-mostbet.com,1,
nepalmostbet.com,1,
nflwholesalejerseys.com,1,
nicktone.com,1,
nicolascollection.com,1,https://www.google.com/
nmostbet.ru,1,https://www.google.com/
nshsa.org,1,https://www.google.com/
ntic.cz,1,
omegasports.kz,1,https://www.google.com/
online-mostbet-slots1.top,1,https://www.google.com/
onlinemostbetazcasino.com,1,
onlinemostbetazerbaycan.com,1,
onlinesite-mostbet969.ru,1,https://www.google.com/
orelzlinst.cz,1,
original-mostbet367.ru,1,https://www.google.com/
osf.org.pl,1,
otzyvy-mostbet-vip.ru,1,https://www.google.com/
pakbetguide.com,1,
panotour.ge,1,https://www.google.com/
parakhdevelopments.com,1,
peklocertovka.cz,1,
peru-mostbet.com,1,
pik-art.com,1,
pincake.ge,1,https://www.google.com/
pizzamariano.pl,1,
pk-mostbet.com,1,
placecjv.pics,1,
play-mostbet.top,1,https://www.google.com/
playgame-mostbet-portugal.com,1,
potapenikucera.cz,1,
prace-ve-svete.cz,1,
prakashbalbhartipublicschool.in,1,
pro-base.eu,1,
pro-mostbettop-info2.ru,1,https://www.google.com/
probabilities.cc,1,
projekt3v.cz,1,
puffonline.pt,1,
pujcsiminibagr.cz,1,
purealohasurf.com,1,https://www.google.com/
pyatnishko.kz,1,
queensac.com,1,https://www.google.com/
rating-mostbet-casino1.top,1,https://www.google.com/
rating-mostbet-casino2.top,1,https://www.google.com/
redev.com.tr,1,https://www.google.com/
reference57.com,1,
registermostbet-436.ru,1,https://www.google.com/
rentacarpd.com,1,
revistagueto.com,1,
rsuj-moot.ru,1,
rubytanwork.com,1,
russian-mostbet.com,1,
ryanhanrahan.com,1,
sajtwebaruhaz.hu,1,
salonroyal.cz,1,
silverimage.cz,1,
skachatmostbet.com,1,https://www.google.com/
skachatmostbet.fun,1,https://www.google.com/
slots-mostbet-casino1.top,1,https://www.google.com/
slots-mostbet-casino2.top,1,https://www.google.com/
spindlmaxcard.cz,1,
stavka-mostbet.win,1,https://www.google.com/
stavka-mostbet3.site,1,https://www.google.com/
stcamillusca.org,1,https://www.google.com/
suchovkraji.cz,1,
swagg.pk,1,https://www.google.com/
sweetsonastickfrisco.com,1,https://www.google.com/
t-voice.net,1,
taohualuo98.com,1,
tenisz-open.hu,1,
thepointbarandgrill.com,1,https://www.google.com/
timburtonpraha.cz,1,
tirelire-original.com,1,https://www.google.com/
trains21.org,1,https://www.google.com/
tribecahotel.ge,1,https://www.google.com/
unanihealth.in,1,
unitycollege.in,1,
uz-casino-mostbet.com,1,
uz-mostbet-apk.com,1,
uz-mostbet-app.com,1,
uz-mostbet-kirish.com,1,
uz-mostbet-skachat.com,1,
uz-mostbetskachat.com,1,
uzmostbet-apk.com,1,
uzmostbet-app.com,1,
uzmostbet-kirish.com,1,
uzmostbetskachat.com,1,
vashclimate.kg,1,
vipmostbet.ru,1,https://www.google.com/
viralfeedbee.com,1,
vizitkov.cz,1,
voiture-bordeaux-rc-motors.com,1,https://www.google.com/
westfalia.org,1,
wilmingtonnctaxicab.com,1,https://www.google.com/
wordel.in,1,
www-mostbet-online.ru,1,https://www.google.com/
www-mostbet-online.top,1,https://www.google.com/
www-mostbet-zerkalo-com.ru,1,https://www.google.com/
wwwmostbet.com,1,
xn--mostbet-z24-r7a.com,1,https://www.google.com/
xn--mostbetgiri-az-5zc.com,1,https://www.google.com/
yirmibirkebap.com,1,https://www.google.com/
youngenterpriseprogram.com,1,https://www.google.com/
zazijfosku.cz,1,
zkrasnedoliny.cz,1,
24mostbet.click,2,
anahnu.club,2,
az-mostbet-az.com,2,
azmostappka.website,2,
azmosttopgamesslts.world,2,
azplaystore.club,2,
bafkingdom.pics,2,
bonus-app.fun,2,
bonushow.top,2,
bonushwd.top,2,https://www.google.com/
bonusspins.xyz,2,
buffaloo.xyz,2,
cbsnews.com,2,
centershc.pics,2,
centertkr.pics,2,
cormaster.pics,2,
directjdf.pics,2,
directskx.pics,2,https://www.google.com/
dkcwinner.top,2,
dlildirect.pics,2,https://www.google.com/
elitecbj.pics,2,https://www.google.com/
fjcexpress.pics,2,
fkcultra.pics,2,https://www.google.com/
flashske.pics,2,
fonbet.kz,2,
fortuneboy.pics,2,
fovmaster.pics,2,https://www.google.com/
fruit-dash-tropical-drop.help,2,
fruitboom777.site,2,
galabavaqti.online,2,
getmsotapk.com,2,
goldassiagames.com,2,
goldenfortuneuz.xyz,2,
gpstore.site,2,
hobrealm.top,2,https://www.google.com/
holygame.icu,2,
htfinstant.pics,2,
icefishingmostbet.ink,2,
indiamart.com,2,
instantbvk.pics,2,
kingdomdkc.top,2,
kingplay.world,2,
kofikingston.site,2,
landtvd.top,2,
look.casa,2,
loungedka.top,2,
luckway.net,2,
m0stbets.website,2,https://www.google.com/
maroc-telecharger-mostbet-apk.com,2,
megaboom.space,2,
mmmostbet.online,2,
most-app.online,2,
most-bet-cz-casino.com,2,
most-bet.bar,2,
most-kz.website,2,
mostapp.site,2,
mostapp.uno,2,
mostbet-app.vip,2,
mostbet-aunt.top,2,
mostbet-brasil-cassino.com,2,
mostbet-brasil-top.com,2,
mostbet-brasil-win.com,2,
mostbet-casino-go1nr.top,2,
mostbet-casino-go262.top,2,
mostbet-casino-go28d.top,2,
mostbet-casino-go2tu.top,2,
mostbet-casino-go356.top,2,
mostbet-casino-go5lp.top,2,
mostbet-casino-go871.top,2,
mostbet-casino-go8dj.top,2,
mostbet-casino-goae4.top,2,
mostbet-casino-gobxi.top,2,
mostbet-casino-gocoz.top,2,
mostbet-casino-godlb.top,2,
mostbet-casino-goj5d.top,2,
mostbet-casino-gok1m.top,2,
mostbet-casino-gokzk.top,2,
mostbet-casino-gonfr.top,2,
mostbet-casino-gopo3.top,2,
mostbet-casino-goqji.top,2,
mostbet-casino-goqn7.top,2,
mostbet-casino-gorci.top,2,
mostbet-casino-gorlm.top,2,
mostbet-casino-gorrm.top,2,
mostbet-casino-gorxf.top,2,
mostbet-casino-gosjw.top,2,
mostbet-casino-gouo7.top,2,
mostbet-casino-play1se.top,2,
mostbet-casino-play56i.top,2,
mostbet-casino-play5bt.top,2,
mostbet-casino-play8r7.top,2,
mostbet-casino-play9fi.top,2,
mostbet-casino-playa6m.top,2,
mostbet-casino-playbkx.top,2,
mostbet-casino-playbm3.top,2,
mostbet-casino-playbmu.top,2,
mostbet-casino-playcr0.top,2,
mostbet-casino-playe3c.top,2,
mostbet-casino-playe9p.top,2,
mostbet-casino-playh97.top,2,
mostbet-casino-playi72.top,2,
mostbet-casino-playim2.top,2,
mostbet-casino-playldk.top,2,
mostbet-casino-playlj7.top,2,
mostbet-casino-playlrg.top,2,
mostbet-casino-playmvp.top,2,
mostbet-casino-playni2.top,2,
mostbet-casino-playnyg.top,2,
mostbet-casino-playqzj.top,2,
mostbet-casino-playrah.top,2,
mostbet-casino-playrat.top,2,
mostbet-casino-playrz4.top,2,
mostbet-casino-playtm4.top,2,
mostbet-casino-playuyd.top,2,
mostbet-casino-playw2p.top,2,
mostbet-casino-playx7u.top,2,
mostbet-casino-playx9j.top,2,
mostbet-casino-playxhs.top,2,
mostbet-casino-playxl4.top,2,
mostbet-casino-playxxv.top,2,
mostbet-casino-playz6y.top,2,
mostbet-casino-playzgl.top,2,
mostbet-casino-playzhp.top,2,
mostbet-casinokz.kz,2,
mostbet-cz.co,2,
mostbet-dk7u.top,2,
mostbet-kasyno-strona-pl.com,2,
mostbet-kazino.website,2,https://www.google.com/
mostbet-maroc.org,2,
mostbet-site3.top,2,
mostbet-uz.website,2,https://www.google.com/
mostbet-wai2.top,2,
mostbet-war9.top,2,
mostbet-whn8.top,2,
mostbet-who.top,2,
mostbet-win.site,2,
mostbet-wzt5.top,2,
mostbet.forum,2,
mostbet.hair,2,
mostbet.lifestyle,2,
mostbet.living,2,
mostbet.pics,2,
mostbet.quest,2,https://www.google.com/
mostbet.rest,2,
mostbet.study,2,
mostbet.surf,2,
mostbet1.digital,2,
mostbet1.life,2,
mostbet1.win,2,
mostbet1.world,2,
mostbet24.click,2,
mostbet777poland.com,2,
mostbetaz.shop,2,
mostbetbonus.biz,2,
mostbetcasino-poland.pl,2,
mostbetcasslots.xyz,2,
mostbetforu.best,2,
mostbetgame.click,2,
mostbetgame.store,2,
mostbetgamesbest.xyz,2,
mostbetgift.casa,2,
mostbetgroup.club,2,
mostbetgroup.guru,2,
mostbetgroup.life,2,https://www.google.com/
mostbethelp.com,2,
mostbetjackpotslots.click,2,
mostbetke.online,2,
mostbetkz.life,2,
mostbetkzslots.best,2,
mostbetluck.xyz,2,
mostbetpl.site,2,
mostbetq.icu,2,
mostbets.life,2,
mostbets.world,2,
mostbetstudio.click,2,
mostbetuzz.world,2,
mostbetwealth.icu,2,
mostbetwin.click,2,
mostbetwin.win,2,
mostgamesbet.best,2,
mostgameskz.xyz,2,
mostwinplay.world,2,
mst-chikkorben.com,2,
multihot5.help,2,
nsglounge.pics,2,
oinabet.kz,2,
oinupgg.icu,2,
olympora.space,2,
parabet-promo.store,2,https://www.google.com/
pkmost-bon.com,2,
playmania456.top,2,
playradarapp.com,2,
premiumbaf.pics,2,
primeoob.top,2,
quickrbf.pics,2,
royalgib.pics,2,
royalkbr.pics,2,https://www.google.com/
royalmostbetjoker.space,2,https://www.google.com/
rozetka.com.ua,2,
saksfifthavenue.com,2,
sashagray.site,2,
skcchampion.pics,2,
skrkingdom.pics,2,
slate.com,2,
smartnvr.top,2,
sn777.top,2,
spacebbt.pics,2,
spindlil.pics,2,
spingkgs.com,2,
sportstiger.com,2,
sternwheel.sbs,2,
taj-mst-play.com,2,
telecharger-mostbet-apk-maroc.com,2,
tgktoday.top,2,
tonybet.com,2,
tower-mostbet.com,2,
towerr.club,2,
tvd101.top,2,
ultradbf.pics,2,https://www.google.com/
umost-reg.com,2,
ursvibes.pics,2,
usafreightdispatch.com,2,
uz-game.com,2,
uzmost-b.com,2,
uzmost-bk.club,2,
uzmost-bk.com,2,
uzmostbet.lat,2,https://www.google.com/
uzmostbonus.life,2,
uzslotsmostslot.xyz,2,
wbofortune.top,2,
winbeatzletsgo.xyz,2,
winnervrk.pics,2,
winpartners.pro,2,
wksonline.pics,2,
worldrwk.pics,2,
wowuzmostbet.click,2,
xwfprime.top,2,
010oblako.ru,3,
0blog.ru,3,
1-mostbet.com.kz,3,
1-mostbet.kz,3,
100poklevok.ru,3,
1441.uz,3,
15levels.com,3,
1640.kz,3,
199kargo.ru,3,
19ruk66.ru,3,
1abebe12.ru,3,
1csdytfgf.ru,3,
1mm.com.tr,3,
1mostbet-bd.com,3,
1mostbet.com,3,https://www.google.com/
1mostbet.pk,3,
1mostbettr.com,3,https://www.google.com/
1renovatio.info,3,
1sirius.com,3,
1stgswtp.com,3,
1stusinfantry.org,3,
1tk74.ru,3,
1win-gabon.com,3,
1wins-kz.com,3,
200s.ru,3,
2021yks.com,3,
2026-resmi-giris.ink,3,
22psikiyatri.org,3,
24haberler.com,3,
24x5.ru,3,
2b-med.ru,3,
2elearning.com,3,
2promile.cz,3,
2zbelgelendirme.com.tr,3,
32mirvari.com,3,
3711beachside.com,3,
38geo.ru,3,
3elma.com.tr,3,
3fortyseven.com,3,
3minreads.com,3,
3zsberoun.com,3,
42dnia.ru,3,
5forumkierownikowdlm.pl,3,
666tuning.cz,3,
75entegre.com.tr,3,
a-port.kz,3,
aafcentro.com,3,
aatmx-az.org,3,
abacifiltre.com,3,
abalico.cz,3,
abanfund.vc,3,
abc4dc.org,3,
abglassmirror.com,3,
abhaberajansi.com,3,
abigailsloanemusic.com,3,
about-nokia.com,3,
abpaint-az.com,3,
abrelok.ru,3,
ac-el.com,3,
acc-chemicals.net,3,
accountant24.org,3,
accs-inventory.com,3,
ackrentals.net,3,
acqa-az.com,3,
actioncenter.com.tr,3,
actionsolidaritetiersmonde.org,3,
actualbuh.ru,3,
adabaris.com.tr,3,
adahidrolik.com,3,
adalethanim.com,3,
adana-emlak.com,3,
adanabosnadernegi.org,3,
adanahaber1.com,3,
adbluenedir.com.tr,3,
addemedya.com,3,
addim.net,3,
ademdisci.com.tr,3,
adenbt.com.tr,3,
admiral-mb.com,3,
adolphapetsfor.net,3,
advaict.com,3,
adventuresinrediscovery.com,3,
advokatidetem.cz,3,
aegee-eskisehir.org,3,
afetveaciltip2015.org,3,
aforjet.cz,3,
agemodels.cz,3,
agencetbi.com,3,
agency-culture.ru,3,
agnessnft.com,3,
agrida-sanat.com.tr,3,
agrihortieducation.com,3,
agroeurasia.com,3,
agtmed-congress.com,3,
ah-grup.com,3,
ahag2015.org,3,
ahmedalidesign.com,3,
ahmetgocen.com,3,
ahsastone.com.tr,3,
aidetectorhumanize.com,3,
aimsa.com.tr,3,
ainippa.ru,3,
aipsk.ru,3,
aiquantstudio.com,3,
air-stream.ru,3,
airfitsamara.com,3,
akantusemprenye.com,3,
akasyakizyurdu.com,3,
akcay-giyim.com,3,
akceplnamiska.cz,3,
akhaber33.com,3,
akhisarseyahat.com.tr,3,
akincihukukdanismanlik.com,3,
akoptik.com.tr,3,
aksehiryapi.com.tr,3,
akspackova.cz,3,
akva-produkt.ru,3,
akvarel-dance.uz,3,
al-usur.com,3,
alagemi.com,3,
alana93.com,3,
alarmca.ru,3,
aleksandarjovanovic.com,3,
alex-ns.pl,3,
alexandraudzenija.cz,3,
alexeypraprin.com,3,
alexprofoto.com,3,
alfayiz.kz,3,
alicornspb.com,3,
alifeducation.uz,3,
alima.com.tr,3,
alishech-vmc.com,3,
alkorhlp.ru,3,
allacoustics-com.ru,3,
allnewgovtjobs.in,3,
almaniyadamualice.com,3,
almaz46.ru,3,
alo103.com,3,
alohadesign.eu,3,
alwe7daclub.com,3,
alysewarren.com,3,
amar-info1.com,3,
amaryllisdejesusmoleski.com,3,
amasraapartpansiyon.com,3,
amer-bud.com.pl,3,https://www.google.com/
ametistdanismanlik.com,3,
aminov.net,3,
amphib-alaska.com,3,
anadoluinsaatas.com,3,
analikuzulu.com,3,
analistsaha.com.tr,3,
anatoliaartstudio.com,3,
anatomikisgunleri.com.tr,3,
andiranelektronik.com.tr,3,
andmi.uz,3,
angel-university.cz,3,
animal-s.net,3,
animateh.ru,3,
anizoa.net,3,
ankarafbd.org,3,
annapm.ru,3,
anogolfu.cz,3,
another.by,3,
antalyakongre2018.com,3,
antenna-hqcleartv.ru,3,
antretl.ru,3,
apart-gorka.ru,3,
apc-motors.ru,3,
apg2011.org,3,
apk-mostbet.net,3,
aplikacjamostbet.pl,3,
app-mostbet-az.com,3,
appstrata.io,3,
april.kg,3,
aquacan.com.tr,3,
aquavita-az.com,3,
aran-ihrm.org,3,
archamon.com,3,
ardoff.net,3,
arikansaat.com.tr,3,
arinouchkine.com,3,
arjursum.com.tr,3,
arkerobox.com.tr,3,
arkudatx.com,3,
armodamobilya.com,3,
arselinsaat.net,3,
art-exchanges.net,3,
art-vostok33.ru,3,
arteng.pro,3,
arti-cool.com,3,
artistacarpintero.pl,3,
artonbillboard.ru,3,
artparkmoscow.com,3,
aruabutik.com,3,
asemuseo.com,3,
asghukukdanismanlik.com,3,
ashleymoorefurniture.com,3,
ashtangayogarussiafareast.com,3,
asi-conferences.com,3,
asi-hk.cz,3,
asismimarlik.com.tr,3,
asmi.kg,3,
asmonur.uz,3,
asoiustudents.com,3,
asrr.cz,3,
atasehirnews.com,3,
atlantafreedomtrail.com,3,
atlastfarmcsa.com,3,
atrendingstory.com,3,
aubakirov.com,3,
audiomed-az.com,3,
audiquattro.net,3,
aukce-movita.cz,3,
aupair-nemecko.cz,3,
autoalarm-trade.ru,3,
autobazar-doudleby.cz,3,
autoelektron.pl,3,
autofascynacja.pl,3,
automytipraha5.cz,3,
autonew-novosibirsk.ru,3,
autoopravyfm.cz,3,
autoprogagnon.com,3,
avangard-jobs.ru,3,
avangard-karelia.ru,3,
avanosogretmenevi.com.tr,3,
avebijoux.cz,3,
avianetworksummit.com,3,
aviator-mostbet.org,3,
aviatormostbet.in,3,
avilonfm.ru,3,
avis-v.ru,3,
avlfest.com,3,
avocadonsk.ru,3,
avonaz.com,3,
avtoplastiks.ru,3,
ay-mar.com,3,
aydemirmakina.com.tr,3,
aydgroup.com.tr,3,
aykutgurel.com.tr,3,
az-dekorjinal.com,3,
az-mostbet.org,3,
az-translation.info,3,
azart-mostbet7498.top,3,https://www.google.com/
azerbaycan-mostbet-casino.com,3,
azerbmedjournal.com,3,
azerivideo.net,3,
azmostbet90.com,3,
b-effective.cz,3,
babushkinsad.ru,3,
babygearguidance.com,3,
backo2000.com,3,
badboybar.ru,3,
badkubeh.com,3,https://www.google.com/
bagaimanabertaruh.com,3,
bahaokaraozgurluk.com,3,
baharisyancidir.com,3,
bakikarliga.com,3,
bakuinfo.net,3,
ball-barbie.ru,3,
banexclusive.com,3,
banglasylhet.com,3,
bantuantaruhananda.com,3,
banuset.com,3,
banzai-bet-uz.bet,3,
barin-smetanin.ru,3,
basaktermalotel.net,3,
basaveshwaracollege.org.in,3,
baskentankarakosusu.com,3,
basketbank.net,3,
bayan24.web.tr,3,https://www.google.com/
baysidebark.com,3,
bazastroek.kz,3,
bazis-energy.ru,3,
bcm-oil.ru,3,
beardguru.cz,3,
beginningway.ru,3,
bekeskeramia.hu,3,
belenkovsv.ru,3,
belgorod-kredit.ru,3,
bella-sardegna.cz,3,
bellamed.cz,3,
bemarry.ru,3,
bentacos.com,3,
berdetv.info,3,
berst59.ru,3,
besemineri.org,3,
besiktashaberajansi.com,3,
best-sportsbet.com,3,
best-topcasino.com,3,
bestbookit.net,3,
bestofx.org,3,
bestshayari.org,3,
bet-insurance.com,3,
bets-mostbet.com,3,
betting-help.com,3,
betting-mostbet.org,3,
bettingmsaada.com,3,
betwinner-online.in,3,
beysehirpansiyon.com,3,
beytarimltd.com,3,
bharatdarshika.com,3,
biblionight.moscow,3,
bigbendtravelplaza.com,3,https://www.google.com/
biistatistik.com,3,
bike-travel.cz,3,
bilgefil.com.tr,3,
bilgintek.com.tr,3,
bineqedi.info,3,
biodiversityresearchinstitute.org.pl,3,
biotech-usa.cz,3,
bireyselhedef.com.tr,3,
birtebessumbirumid.com,3,
birtutamsevgi.com,3,
biyoistkongre2015.com,3,
biyoyakit2016.org,3,
bizbuyukbiraileyiz.com,3,
bizimsesimiz.info,3,
bizkids.kz,3,
bjvideos.net,3,
bk-mostbet2020.ru,3,https://www.google.com/
blendbaku.com,3,
blizejnatury.net,3,https://www.google.com/
blogarkasi.com,3,
bloomberkeley.com,3,
blossomwordgame2.com,3,https://www.google.com/
blueridgefloral.com,3,
bmsece.in,3,
boedder.org,3,
bonjurparti.com.tr,3,https://www.google.com/
bonus-mostbet.org,3,
bonus1-mostbet.com,3,
bonussmostbet1.top,3,https://www.google.com/
bookfever.ru,3,
bordasabah.com.tr,3,
boschtools.cz,3,
bosim.uz,3,
bowdenfarmfreshchicken.com,3,
box-shop.kz,3,
brdkimya.com,3,
breadandbutter.com.tr,3,
britneyspearsmedia.ru,3,
brooklyncountrymusic.com,3,
bsanc.org,3,
bugatti-automobiles.com,3,
bukmekeruzb.com,3,
burakaykurt.com.tr,3,https://www.google.com/
bursafotografyarismasi.com.tr,3,
buyukcekmecebasketbolsk.com,3,
bydog.org,3,
bykatie.pl,3,
bzob.com.tr,3,
c-society.ru,3,
caffeteriahardy.cz,3,
caginerhastanesi.com.tr,3,
caglarcabuk.com.tr,3,
caglarcocuktiyatrosu.com,3,
cakmaktepeenerji.com.tr,3,
camelbackkids.com,3,
canakkalevoleybol.com,3,
canino.cz,3,
cansukimya.com,3,
capar.org,3,
carlostrujillo.info,3,
cashforlandinflorida.com,3,
casino-azerbaycan.ink,3,
casino-giris-resmi.ink,3,
casino-mostbet-cz.com,3,
casino-mostbet-download1.top,3,https://www.google.com/
casino-mostbet.com.kz,3,
casino-resmi-giris.ink,3,
casino-zeus.ar,3,
casinomostbet.com.de,3,
casinomostbet.in,3,
cat-bag.pl,3,https://www.google.com/
cazino-mostbet-games1.top,3,https://www.google.com/
cazinomostbet.top,3,https://www.google.com/
cchaa.org,3,
ccigenclikfonu.com,3,
cdek-dogovor.kz,3,
cdterachi.com,3,
celemans.com,3,
cemrepetrol.com,3,
centralasia-biz.com,3,https://www.google.com/
centrumse.hu,3,
cepadlab.cz,3,
ceskymarias.cz,3,
chamundaengineering.in,3,
chinesehospital.pk,3,https://www.google.com/
chomutovskakrasa.cz,3,
chromeheartbracelets.com,3,
chrysalismag.by,3,
churchhistory.in,3,
cialimed.com,3,
ciimails.in,3,
cinehook.com,3,
cistenikobercu-ostrava.cz,3,
citroenracingtrophy.cz,3,
citymostbet-340.ru,3,https://www.google.com/
clandestinacuba.com,3,
clarencespady.com,3,
clicknputt.com,3,
client-cs.ru,3,
clinifyhealth.com,3,
clsi-covid-19.org,3,
clublavigne-capferret.net,3,
cmichaelkorsoutlet.com,3,
cnr-imoya.com,3,
coconutstrategy.com,3,
cocorestaurante.com,3,
code-casino-br3.top,3,
coffeespecialist.cz,3,
comertkadinsagligi.com,3,
comforttravel.info,3,
communityoftheresurrection.com,3,
compatiblenetworksolutions.com,3,
conpics.org,3,
contentmarketing2024.cz,3,
control-press.ru,3,
cookfish.info,3,
coolanddope.com,3,
cornerstonefarmaustin.com,3,
corroflamenco.cz,3,
corsicabikes.com,3,
covernotion.com,3,
crazycars.me,3,
crazycattle3donline.org,3,
crazytimemostbet.com,3,
crdroughttaskforce.com,3,
creative-az.com,3,
creativespecialties.net,3,
cribsieawards.com,3,https://www.google.com/
cricketbettingbd.top,3,
cs-mordownia.pl,3,
ctownwings.com,3,
ctstranslation.com,3,
cumbus77.com,3,
cuppajoebreckenridge.com,3,
cuttinupacademy.com,3,
cvetopt24.ru,3,
cybertitan.us,3,
czechro.net,3,
d3cmww.com,3,
dailyprothomalo.com,3,https://www.google.com/
daimat.net,3,
daisukecares.com,3,
dandelin.io,3,
daniiiil112.ru,3,
darkyrucnivyroby.cz,3,
darling-tin.ru,3,
davidubeda.com,3,
dayennefoodblog.com,3,
dcci.cz,3,
dedeshemshir.com,3,
deep-end.com,3,
dekkim.org,3,
del-kniga.ru,3,
dengemoraterapi.com,3,
denislobkov.ru,3,
denizemlak33.com,3,
denizlievdeneve.org,3,
denizlimeydan.com,3,
dermotoleary.net,3,https://www.google.com/
designices.com,3,
designpartart.com,3,
desktop-pictures.ru,3,
detalshop.info,3,
detroit-autoparts.com,3,
detsad-schkola-ridder.kz,3,
diamondgallerry.com,3,
dicto.cz,3,
digicenturion.com,3,
digiuth.com,3,
dincerbicer.com,3,
disk-averi.ru,3,
displaybery.ru,3,
diyarbakirservisi-tr.com,3,
djem21.ru,3,
dla-tebya.ru,3,
dminorics.com,3,
dobroetaxi.ru,3,
dogayakelebeketkisi.com,3,
doktorkenan.com,3,
dominikvrsansky.cz,3,
dominionvalleypark.net,3,
donotwant.ru,3,
donpotreb.ru,3,
donusumteknikhavuz.com,3,
dostavka-lekarstv.kz,3,
downloadmostbet.com,3,
dribling67.ro,3,
drivingnorte.com,3,
drlisznyai.com,3,
dronesdecarreras.com,3,
droneyecz.cz,3,
drupalka.ru,3,
dryingforfreedom.com,3,
drzewka-rejman.pl,3,
dunaonline.com,3,
duncaninn.com,3,
dundeegangshow.com,3,
duniataruhanolahraga.com,3,
dvere-bahnik.cz,3,
dylan95.com,3,
e-mekteb.info,3,
e-motherbaby.com,3,
ealmaty.kz,3,
eamedya.org,3,
easypnrstatus.in,3,
ebeliktarihikongresi2023.com,3,
ecidlovesyou.com,3,https://www.google.com/
eclipsepc.com,3,
edapplications.com,3,
edu-gov2.kz,3,
eduvet.org,3,
eglenje.com,3,
ek-moto.ru,3,
el-q.com.pl,3,
elastone-ecoflex.com,3,
electronicmart.com.ng,3,
eli-kerim.net,3,
eli-rza-xelefli.net,3,
eliasunglasses.com,3,
eliminator-mtb.com,3,
ellajones.org,3,
elsongrp.com,3,
emekligundemi.com,3,
emer2gent.org,3,
emeraldislenorthcarolina.org,3,
eminkafkas.com.tr,3,
emka-studio.net,3,
empirehotelbaku.com,3,
en-mostbet.com,3,
energetykrow.rybnik.pl,3,
energy-system.uz,3,https://www.google.com/
enerji-elster.com,3,
engelsizegirdir.com,3,
engelsizmekanizma.org,3,
ensaioscooperativos.net,3,
epicskhoolcenter.com,3,
epinrmnv.com,3,
epok2014.org,3,
erbaaninsesi.com,3,
erbakanodulleri.org,3,
ergast.com,3,
erzetsteel.cz,3,
es-mostbet.app,3,
escaperoadcity.net,3,
eskortebi.link,3,https://www.google.com/
esonyx.cz,3,
esrakaraol.com,3,
estafasbitcoin.com,3,
eu-mostbet.com,3,
eurasianstudies3.com,3,
euromostbet.com,3,
evbetarim.com,3,
evildread.com,3,
evimizosmanlimutfagi.com,3,
evlsn.org,3,
evrimbilimdegildir.com,3,
exo-moscow.com,3,
extraxeber.com,3,
extremsport-siofok.hu,3,
exzotic.kz,3,
f3k-ech2024.pl,3,
faberka.cz,3,
faboosh.in,3,
fagorcnagroup.cz,3,
familalmammadov.com,3,
fans-edge.info,3,
fantasyportal.hu,3,
faredealspot.com,3,
farfaraway.hu,3,
farmiafood.cz,3,
fashionsurgery.ru,3,
faustus-consulting.com,3,
fbbilgiislem.com,3,
fbhc2025.com,3,
feminkitchen.org,3,
fenomlab.com,3,
ferforje.gen.tr,3,https://www.google.com/
feyzoglu.com.tr,3,
fikrat.uz,3,
filmovepakarny.cz,3,
finearts.uz,3,https://www.google.com/
fintexsummit.com,3,
fio.kz,3,
fishfestival.cz,3,
fissare.kz,3,
fitbazar.kz,3,
fivelittlewords.net,3,
flatcoated.cz,3,
flavin-vitamin.hu,3,
flipbook.hu,3,
florahostelbaku.com,3,
folkartmo.ru,3,
folkloretnoqrafiya.com,3,
foodandtravelportugal.pt,3,
foodshot.org,3,
fordofnelliston.net,3,
forlove.uz,3,https://www.google.com/
forma-uspeha.ru,3,
fot-film.pl,3,
fotbalky.net,3,
foxnewspoint.com,3,
freechanysheva.com,3,
freestylo.ru,3,
frenchtechtour-russia.com,3,
fridaynightfunkin2.com,3,
froth-pak.hu,3,
fsts-gov.com,3,
fuji-care-reform.com,3,
fumevapeflavors.org,3,
funny-tomato.com,3,
furcoats.info,3,
ga-k9.com,3,
gako.org.kz,3,
galeriekomnata.cz,3,
gamavet.cz,3,
gamelynx.gg,3,
gamesonline-go.com,3,
ganar-dinero-apuestas.com,3,
gaziantepgunlukkiralikdaire.com,3,
gbkmostbet1.top,3,https://www.google.com/
gcf.kg,3,
gence-teatr.org,3,
german-soccer.ru,3,
get-mobdrovip.com,3,
getyeti.co,3,
giannis-antetokounmpo-az.org,3,
gianpierofusco.com,3,
giresunguncel.com.tr,3,
giris-mostbet-resmi.ink,3,
giris-resmi-kazino.ink,3,
giris-resmi.ink,3,
giris-resmi.vip,3,
giris1.ink,3,
glencarrignursinghome.com,3,
glendaforedmonds.com,3,
glenelgmaryland.com,3,
globalbusinessmailer.com,3,
glory-casino1.com,3,
gmedia.kz,3,
gmssskaimbwala.in,3,
gojav-hd.com,3,
goldconstruction2020.com,3,
goldenrocktravel.com,3,
goldstarminerals.com,3,
golfmaplehills.com,3,
golignews.com.tr,3,
gomrukcuism.com,3,
gonzoaviation.com,3,
goodfoodstore.cz,3,
goodwinauctionco.com,3,
goodwrite.pl,3,
goodygoody.cz,3,
gradient-gliders.com,3,
grandpalmsmn.com,3,
grandprix-valdys.com,3,
gratitudradio.com,3,
greek-mostbet.com,3,https://www.google.com/
growingforchange.org,3,
growingyoungthebook.com,3,
growshala.com,3,
gruppaluxe.com,3,
grupvizyon.com,3,
gruzchikisochi.com,3,
grzybowo.biz,3,
grzymalkow.pl,3,
guides-chartreuse-gresivaudan.com,3,
guinebissaurepublic.com,3,
gyongyvilla.hu,3,
halkhaberler.com,3,
happybabies-az.com,3,
happydranch.com,3,
hasbahceozelegitim.com,3,
havacilarasm.com,3,
havadurumu15gunluk.info.tr,3,
hazratnavoi.uz,3,https://www.google.com/
headstart-international.com,3,
healthful.buzz,3,
healthygirlslove.com,3,
hedef14.org,3,
hellomynameisicecream.com,3,
helpaman.org,3,
hibatulla.kz,3,
higganumvillagemarket.com,3,
himbyherschool.org,3,
hinatora.com,3,
history-russian.com,3,
hminers.com,3,
hochpustertal-run.com,3,
holandgyogymasszazs.hu,3,
holderiecokeaccountable.com,3,
holkyubatche.cz,3,
homecidermaking.com,3,
hommein.com,3,
hongha-nowasol.pl,3,
horizonspeakers.com,3,
hortarent.com,3,
hotdogetcie.com,3,
hotelrangrez.com,3,
hotmostbet-105.ru,3,https://www.google.com/
houstonagainsthate.org,3,
humostbet.com,3,
hungarianbaptistchurchnyc.org,3,
hunormagazin.hu,3,
huntmartinhallsmcm.com,3,
hvorostovsky.net,3,
hydrografikadp.cz,3,
hypnosisfirst.com,3,https://www.google.com/
hysteria-objects.com,3,
hzmuhammedingunlugu.com,3,
i-value.eu,3,
iamfruitful.org,3,
iapd-russia.com,3,
ias-azerbaijan.org,3,
ic-az.net,3,
icebergaqua.com,3,
icpscollege.com,3,
ideannisa.com,3,
ifmr-cdf.in,3,
iimmpune.in,3,
imitaceroubenek.cz,3,
impcent.org,3,
imperatorxali.com,3,
improve-az.com,3,
in-mostbet-casino.com,3,
in-mostbet.org,3,
inamft.org,3,
incredibox-mustard.com,3,
indirlivex.com.tr,3,
indirmostbet.com,3,
indoorrowing.cz,3,
infinitzwebdesign.com,3,
infoik.net.kg,3,
informasiya-press.com,3,
ingush-energo.ru,3,
instgame.pro,3,
institut-hradiste.cz,3,
intessar.cz,3,
intex-best.kz,3,
introglobal.com.tr,3,
invicta-watches.cz,3,
iowacitynilclub.com,3,
ipekyoluib.com,3,
iradetsrfid.com,3,
irevan-press.com,3,
irishdruidnetwork.org,3,
islerburada.com,3,
istanbuldersanesi.org,3,
istedad21.com,3,
italyweek.ru,3,
itv-asia.com,3,
jabonesmonkeypom.com,3,
jackysbeautyhairsalon.com,3,
jakbydletdoma.cz,3,
jan-smetana.cz,3,
jandjspring.com,3,
janmartinik.com,3,
jaroslavbastaprezident.cz,3,
jaspers-europa-info.org,3,
jaxuso.org,3,
jedemevpivu.cz,3,
jeunesseglobal-russia.ru,3,
jidelnazlin.cz,3,
jlhconstructionanddesign.com,3,
jltshop.in,3,
jointservicesupport.org,3,
jojomama.com.tr,3,https://www.google.com/
judgesteveharveycasting.com,3,
judyqueen.tw,3,
jurnalistika.info,3,
kadamjay.kg,3,
kado-express.com,3,
kahviklubi.com,3,
kairalikalakendram.in,3,
kamikazeabq.com,3,
karabakhrealities.com,3,
karat-az.com,3,
karczma-antolka.pl,3,
karczma-przemysl.pl,3,
kardenhavuz.com.tr,3,
karuselsport.com,3,
karvan-art-gallery.com,3,
karyeraaze.com,3,
kassinomostbet-159.top,3,https://www.google.com/
kasyno-mostbet.pl,3,
kayserilukshaliyikama.com,3,
kazino-az.ink,3,
kazino-mostbet.com,3,
keralaplants.in,3,
keremsedef.com,3,
kg-mostbet.com,3,
kg-mostbet.org,3,
kg-mostbets.com,3,
kge-corp.com,3,
khojalycontest.com,3,
khosruchowdhury.com,3,
kidkameleon.com,3,
kinetekor.com,3,
kingsboroughpictures.com,3,
kitchencouture.net,3,
kknop.com,3,
kksgranicaketrzyn.pl,3,
kleksnazywo.pl,3,
klig.pl,3,
klubsms.cz,3,
knocknshop.pk,3,
kobieceodbicie.pl,3,
kobietymedycyny.org,3,
kofemashina.net,3,
kohotozajima.cz,3,
kolachekrave.com,3,
kon-lay.com,3,
konfrans.net,3,
kongresmp.cz,3,
konnektim.ru,3,
konupara.com,3,
kornismontaj.com,3,
kosuyolukonaklari.com,3,
kozabaku.com,3,
kralovnafengsuej.cz,3,
krcmapraha.cz,3,
kris-rekord.pl,3,
krsutduts.ru,3,
ksijudo.hu,3,
ktmcetin.com.tr,3,
kultegin.kz,3,
kulturcafe.eu,3,
kumasalimsatim.com,3,
kuu.kg,3,
kyrgyzstan1-mostbet.com,3,
kz-mostbett.com,3,
laleta.com.tr,3,
lancers-gun.com,3,
lapps.asia,3,
larissamobilya.com,3,
larryjohnson2.com,3,
lauraatwoodstudio.com,3,
lcgb.ru,3,
leandromartinezcoach.net,3,
lecarnetdemaurine.com,3,
letovicka24h.cz,3,
levitralab.com,3,
levneparkovaniletiste.cz,3,
lgbtsewi.org,3,
life-az.net,3,
lilithcamping.com,3,
linex-az.com,3,
literalubicyfre.pl,3,
livaglutensiz.com.tr,3,https://www.google.com/
lmanet.com,3,
loanpersonal.in,3,
localrevivallifestyle.com,3,
login-cz.ink,3,
login-mostbet.club,3,
login1-mostbet.com,3,
logindewa89.com,3,
logo-company.com,3,
logopedakedzierzyn.pl,3,
logopedzond.kz,3,
logosquotes.org,3,
lokalnamena.sk,3,
lol-hungary.hu,3,
longboardsguide.com,3,
lookmi.ru,3,
lopienka.pl,3,
lotniskoparkingwroclaw.pl,3,
lovekamchatka41.ru,3,
lsbuhgalteria.kz,3,
ltc.kz,3,
luckymostbet-282.ru,3,https://www.google.com/
luckyparicasinouz.com,3,
luckystar.com.pl,3,
lumfa.ru,3,
luncats.com,3,
lyricsoundtrack.com,3,https://www.google.com/
macan.kz,3,
maconnerie-krawiec.com,3,
madagascarweather.com,3,
madeineighty.com,3,
madelinesempanadas.com,3,
maharashtra-archives.org,3,
mahari.cz,3,
maillage-kogus.com,3,
maindomain.click,3,
malatyahabernet.com,3,
mammalucianas.net,3,
mamtil.kg,3,
manjackalglogow.pl,3,
mansfieldtxfarmersmarket.com,3,
mansumibrahimov.com,3,
mapatomichezokupiga.com,3,
maralfm.kg,3,
marcinabsalon.pl,3,
marcusapp.cz,3,
margauxinteriorslimited.com,3,
mariafranciscoandassoc.com,3,
marketologrussia.com,3,
marmarisogretmenevi.com.tr,3,
master-omsk-55.ru,3,
masterescape.cz,3,
mathiques.com,3,
mattforva.com,3,
mchalecz.cz,3,
mcw-casino-world-bd.com,3,
medunica.info,3,
mehrnamrastegari.com,3,
memarss.net,3,
mepost.kz,3,
meritlist.com.pk,3,
merrickbanklogins.com,3,
mesteretterem.hu,3,
mexanikitemir.com,3,
mexika.cz,3,
mezopotamyatv.com,3,
mgedata.com,3,
mgmteh.ru,3,
mhklicey5.ru,3,
midreamhomes.com,3,
midtaperfade.com,3,
mikrobus-minibusostrava.cz,3,
milikmusportsbetting.com,3,
milionovastranka.net,3,
millioncoin.io,3,
minbir-gece.com,3,
minecamp.ru,3,
minimilitiaapkmod-mostbet.in.net,3,https://www.google.com/
minimilitiaapkmod.net,3,https://www.google.com/
minzdrav.org,3,
mirror-bet.ru,3,
mirrors-bet.com,3,
mister-clean.info,3,
mitsitin.org,3,
miuz.org,3,
mobilemostbet-757.ru,3,https://www.google.com/
modasiesta.com,3,
moe-mostbet-zerkalo.ru,3,https://www.google.com/
mojoestrailsidecoffee.com,3,
mokemusic.com,3,
monadministratif.com,3,
montclairartsclub.com,3,
mortysdelicatessen1.com,3,
mos-t-bet-org.com,3,
mosbet-aze.com,3,
mosbet-azerbaycan.com,3,
mosbet-azn.com,3,
mosbet-bahis.com,3,
mosbet-club.com,3,
mosbet-free.com,3,
mosbet-freespins.com,3,
mosbet-games.com,3,
mosbet-oyun.com,3,
mosbet-oyunu.com,3,
mosbet-website.com,3,
mosbet.kg,3,
mosbet.pk,3,
mosbeteg.com,3,
moscowmigrant.ru,3,
mosst-bet.cz,3,
mosstbet-slots.com,3,
most-az-amp1.com,3,
most-az-amper.com,3,
most-az-amps.com,3,
most-azamps.com,3,
most-bet-2026.ink,3,
most-bet-app.cz,3,
most-bet-bahis.com,3,
most-bet-br.com,3,
most-bet-casino.com,3,
most-bet-casino.top,3,
most-bet-cesko.com,3,
most-bet-cesko.cz,3,
most-bet-czechia.cz,3,
most-bet-de.com,3,
most-bet-hu.net,3,
most-bet-hu.org,3,
most-bet-max.top,3,
most-bet-nepal.bet,3,
most-bet-np.com,3,
most-bet-online.cz,3,
most-bet-online.mx,3,
most-bet-pl.net.pl,3,
most-bet-ua.cz,3,
most-bet-uz.asia,3,
most-bet-uz.com,3,
most-bet-uz.org,3,
most-bet.com.pk,3,
most-bet.de.com,3,
most-bet.net.pk,3,
most-bet.online,3,
most-bet.site,3,
most-bets.org,3,
most-bets.pl,3,
most-betting.cz,3,
most-betturkey.com,3,
most-vhod-kz.xyz,3,
most1betbd.com,3,
most2026bet.ink,3,
mostampkz.com,3,
mostbat-bd.com,3,
mostbbet.com,3,https://www.google.com/
mostbet-0nline.top,3,https://www.google.com/
mostbet-10-25.top,3,https://www.google.com/
mostbet-12-25.top,3,https://www.google.com/
mostbet-12zy.top,3,https://www.google.com/
mostbet-1az.com,3,
mostbet-1e.ru,3,https://www.google.com/
mostbet-1q.ru,3,https://www.google.com/
mostbet-1uy.top,3,https://www.google.com/
mostbet-1vip.ru,3,https://www.google.com/
mostbet-1w.ru,3,https://www.google.com/
mostbet-1zu.top,3,https://www.google.com/
mostbet-2026-az.in.net,3,
mostbet-2026.com.pl,3,
mostbet-2026.in.net,3,
mostbet-203.cz,3,
mostbet-24.pl,3,
mostbet-276-de.com,3,
mostbet-2btc.top,3,
mostbet-2zy.top,3,https://www.google.com/
mostbet-3.ru,3,
mostbet-315.net,3,
mostbet-3cre.top,3,https://www.google.com/
mostbet-4.ru,3,
mostbet-4erkalo.top,3,https://www.google.com/
mostbet-4zz.top,3,https://www.google.com/
mostbet-5.ru,3,
mostbet-6by.top,3,https://www.google.com/
mostbet-90az.com,3,
mostbet-abc.com.kg,3,
mostbet-agent.com,3,
mostbet-alpha17.top,3,https://www.google.com/
mostbet-amp-24.site,3,
mostbet-amp-25.site,3,
mostbet-amp-28.site,3,
mostbet-amp-29.site,3,
mostbet-android-kz.com,3,
mostbet-apk-azerbaycan.com,3,
mostbet-apk-azerbaycan.net,3,https://www.google.com/
mostbet-apk-gr.com,3,https://www.google.com/
mostbet-apk-kz.com,3,
mostbet-apk-skachat.com,3,
mostbet-apk-yukle.org,3,
mostbet-apk.co,3,
mostbet-apk.com,3,
mostbet-apk.in,3,https://www.google.com/
mostbet-apk.net,3,
mostbet-apk.pk,3,https://www.google.com/
mostbet-aplikacja.com,3,
mostbet-app-az1.com,3,
mostbet-app-cz.cz,3,
mostbet-app-download-nepal.com,3,
mostbet-app-download-uz.com,3,
mostbet-app-download.com,3,
mostbet-app-ind.com,3,
mostbet-app-ua.com,3,
mostbet-app.ca,3,
mostbet-app.com.br,3,
mostbet-app.com.in,3,
mostbet-app.com.pk,3,
mostbet-app.in,3,
mostbet-app.net.pl,3,
mostbet-app.top,3,https://www.google.com/
mostbet-apps.cz,3,
mostbet-ar-mosbet.com,3,
mostbet-arena18.top,3,https://www.google.com/
mostbet-asia.net,3,
mostbet-austria.com,3,
mostbet-austria1.com,3,
mostbet-aviator-game.com,3,
mostbet-aviator-new.com,3,
mostbet-aviatorx.com,3,
mostbet-az-314.net,3,
mostbet-az-45.net,3,
mostbet-az-casino24.top,3,https://www.google.com/
mostbet-az-com-giris.com,3,
mostbet-az-com.com,3,
mostbet-az-giris1.com,3,https://www.google.com/
mostbet-az-official.com,3,
mostbet-az1-2026.com,3,
mostbet-az22.org,3,
mostbet-az42.com,3,
mostbet-az45.com,3,
mostbet-az5.org,3,
mostbet-az90.org,3,
mostbet-aze.ae.org,3,
mostbet-aze90.com,3,
mostbet-azer-casino.ink,3,
mostbet-azerbaijan-win.org,3,
mostbet-azerbaijan.ink,3,
mostbet-azerbaycan-casino.org,3,
mostbet-azerbaycan-giris.org,3,
mostbet-azerbaycan.top,3,
mostbet-azerbaycan.vip,3,
mostbet-azerbayjan1.com,3,
mostbet-azgiris.com,3,
mostbet-azreview.com,3,
mostbet-azz-casino.ink,3,
mostbet-band.ru,3,https://www.google.com/
mostbet-bangladesh-online-bd.com,3,
mostbet-bangladesh.app,3,
mostbet-bangladesh1.com,3,
mostbet-bcr.com.kg,3,
mostbet-bd-1.com,3,
mostbet-bd-3.net,3,
mostbet-bd-41.net,3,
mostbet-bd-bangla.com,3,
mostbet-bd-bangladesh.com,3,
mostbet-bd.casino,3,
mostbet-bd.com,3,
mostbet-bd.us.com,3,
mostbet-bd3.com,3,https://www.google.com/
mostbet-bengali.com,3,
mostbet-benin.net,3,
mostbet-bet-az.fun,3,
mostbet-bet-eg.com,3,
mostbet-bet-uz.com,3,
mostbet-bet.br.com,3,
mostbet-beting.com,3,
mostbet-betking17.top,3,https://www.google.com/
mostbet-betnow17.top,3,https://www.google.com/
mostbet-bets.de,3,
mostbet-betting-egypt.com,3,
mostbet-betting.pk,3,
mostbet-bg.bet,3,
mostbet-bhu.com.kg,3,
mostbet-bk.cz,3,
mostbet-bk7.top,3,https://www.google.com/
mostbet-black256.ru,3,https://www.google.com/
mostbet-blog.com,3,
mostbet-blog.org,3,
mostbet-bonus-hu.org,3,
mostbet-bonus.cz,3,
mostbet-bonus.in,3,
mostbet-bonus1.com,3,
mostbet-bonus777.com,3,
mostbet-bonusi.com,3,
mostbet-bonuslar.com,3,
mostbet-bookmaker-guide.com,3,
mostbet-boost19.top,3,https://www.google.com/
mostbet-br-casino.com,3,
mostbet-br.net,3,
mostbet-brasil.org,3,
mostbet-brsl.com,3,
mostbet-bulgariya.com,3,
mostbet-c6m.ru,3,https://www.google.com/
mostbet-ca-club.com,3,
mostbet-cash.com,3,
mostbet-cash19.top,3,https://www.google.com/
mostbet-casin4.top,3,https://www.google.com/
mostbet-casino-0tq.top,3,https://www.google.com/
mostbet-casino-1ol.top,3,https://www.google.com/
mostbet-casino-1uc.top,3,https://www.google.com/
mostbet-casino-1xy.top,3,https://www.google.com/
mostbet-casino-1zi.top,3,https://www.google.com/
mostbet-casino-1zy.top,3,https://www.google.com/
mostbet-casino-a0w.top,3,https://www.google.com/
mostbet-casino-a0x.ru,3,https://www.google.com/
mostbet-casino-b1n.top,3,https://www.google.com/
mostbet-casino-b7j.top,3,https://www.google.com/
mostbet-casino-bahis.com,3,
mostbet-casino-canada.com,3,
mostbet-casino-canada.net,3,
mostbet-casino-com.kz,3,
mostbet-casino-cvr.top,3,https://www.google.com/
mostbet-casino-cz.ink,3,
mostbet-casino-e1s.top,3,https://www.google.com/
mostbet-casino-er0.ru,3,
mostbet-casino-game1.top,3,https://www.google.com/
mostbet-casino-games1.top,3,https://www.google.com/
mostbet-casino-ghw1.online,3,
mostbet-casino-graj.pl,3,
mostbet-casino-greece.com,3,https://www.google.com/
mostbet-casino-h0d.top,3,https://www.google.com/
mostbet-casino-hhs1.ru,3,
mostbet-casino-hu.com,3,
mostbet-casino-hu.org,3,
mostbet-casino-j2v.top,3,https://www.google.com/
mostbet-casino-k0.top,3,https://www.google.com/
mostbet-casino-k0n.top,3,https://www.google.com/
mostbet-casino-kz.net,3,
mostbet-casino-new.com,3,
mostbet-casino-np.com,3,
mostbet-casino-official.ink,3,
mostbet-casino-online.com.pt,3,
mostbet-casino-online.cz,3,
mostbet-casino-online.pl,3,
mostbet-casino-online1.top,3,https://www.google.com/
mostbet-casino-pg1.ru,3,
mostbet-casino-pk.com,3,
mostbet-casino-pl.us.com,3,
mostbet-casino-polska.it.com,3,
mostbet-casino-polska.net,3,
mostbet-casino-polska.org,3,
mostbet-casino-polska1.com,3,
mostbet-casino-portugal.com.pt,3,
mostbet-casino-portugal.in.net,3,
mostbet-casino-pt.com,3,
mostbet-casino-qvr2.ru,3,
mostbet-casino-t1q.top,3,https://www.google.com/
mostbet-casino-top.top,3,https://www.google.com/
mostbet-casino-tr-tr.com,3,
mostbet-casino-uzbek.com,3,
mostbet-casino-w1f.top,3,https://www.google.com/
mostbet-casino-world.com,3,
mostbet-casino-xs7.ru,3,
mostbet-casino-yt3.top,3,https://www.google.com/
mostbet-casino-z0r.top,3,https://www.google.com/
mostbet-casino-ze1.top,3,https://www.google.com/
mostbet-casino.asia,3,
mostbet-casino.gb.net,3,
mostbet-casino.net.pl,3,
mostbet-casino.online,3,
mostbet-casino1.ca,3,
mostbet-casino2026-1.top,3,https://www.google.com/
mostbet-casinohungary.com,3,
mostbet-casinoin.org,3,
mostbet-casinoindia.org,3,
mostbet-casinoofficial.help,3,
mostbet-casinos.ca,3,
mostbet-casinos.co.cz,3,
mostbet-casinos.net,3,
mostbet-cassino.mex.com,3,
mostbet-caz.club,3,
mostbet-caz2.top,3,https://www.google.com/
mostbet-cazino-game.top,3,https://www.google.com/
mostbet-cesko-online.cz,3,
mostbet-cesky.com,3,
mostbet-cesky.ink,3,
mostbet-cherry531.ru,3,https://www.google.com/
mostbet-chile.com,3,
mostbet-ci-login.com,3,
mostbet-ckr.com.kg,3,
mostbet-club-world.pk,3,
mostbet-club.cz,3,
mostbet-club.su,3,https://www.google.com/
mostbet-colombia-com.co,3,
mostbet-com-ru.ru,3,https://www.google.com/
mostbet-com.cz,3,
mostbet-com.kg,3,
mostbet-com.top,3,https://www.google.com/
mostbet-cote-d-ivoire.com,3,
mostbet-crash.com,3,
mostbet-cricket.com,3,
mostbet-cs-cz.ink,3,
mostbet-cs.cz,3,
mostbet-cwg.com.kg,3,
mostbet-cz-casino.cz,3,
mostbet-cz-online.com,3,
mostbet-cz-online.cz,3,
mostbet-cz.app,3,
mostbet-cz.art,3,
mostbet-cz.cfd,3,
mostbet-cz.click,3,
mostbet-cz.cz,3,
mostbet-cz.eu.com,3,
mostbet-cz.fit,3,
mostbet-cz.info,3,
mostbet-cz.ink,3,
mostbet-cz.jp.net,3,
mostbet-cz.net,3,
mostbet-cz.org.uk,3,
mostbet-cze.cz,3,
mostbet-czech-prihlaseni.cz,3,
mostbet-czech-republic.cz,3,
mostbet-czechk.com,3,
mostbet-czk.cz,3,
mostbet-danmark.com,3,
mostbet-de.app,3,
mostbet-de.casino,3,
mostbet-de.de,3,
mostbet-de.net,3,
mostbet-de1.de,3,
mostbet-denmark1.com,3,
mostbet-descargar.com,3,
mostbet-deu-de.com,3,
mostbet-deutsch-de.com,3,
mostbet-deutschland-de.com,3,
mostbet-deutschland.help,3,
mostbet-deutschland.net,3,
mostbet-download-app-kz.com,3,
mostbet-download-gry.pl,3,
mostbet-download-uz.com,3,
mostbet-download.app,3,
mostbet-download.org,3,
mostbet-download.website,3,
mostbet-e9h.ru,3,https://www.google.com/
mostbet-egy.com,3,
mostbet-egypt-casino.com,3,
mostbet-egypt-club.com,3,
mostbet-egypt.com,3,
mostbet-egypt.net,3,
mostbet-en-in.com,3,
mostbet-en27-bd.com,3,
mostbet-espana.es,3,https://www.google.com/
mostbet-f11n.top,3,https://www.google.com/
mostbet-fastgame18.top,3,https://www.google.com/
mostbet-fastwin21.top,3,https://www.google.com/
mostbet-finland.com,3,
mostbet-fol.xyz,3,
mostbet-forever.com,3,
mostbet-fortune17.top,3,https://www.google.com/
mostbet-fpj.com.kg,3,
mostbet-fqm.com.kg,3,
mostbet-free.com,3,
mostbet-freespins.com,3,
mostbet-fun.pl,3,
mostbet-gamehu.com,3,
mostbet-games-slots.top,3,https://www.google.com/
mostbet-games.cz,3,
mostbet-gamestr.com,3,https://www.google.com/
mostbet-germany-de.com,3,
mostbet-ghana.com,3,
mostbet-giris-24tr.com,3,https://www.google.com/
mostbet-giris-25tr.com,3,https://www.google.com/
mostbet-giris-az777.org,3,
mostbet-giris-azn.com,3,
mostbet-giris-official.ink,3,
mostbet-giris-resmi.ink,3,
mostbet-giris-tr-tr.com,3,
mostbet-giris-tr.org,3,
mostbet-giris.click,3,
mostbet-giris.eu.com,3,https://www.google.com/
mostbet-giris.fun,3,
mostbet-giris24.com,3,
mostbet-giris24tr.com,3,https://www.google.com/
mostbet-gkj.com.kg,3,
mostbet-gl.com,3,
mostbet-global-partners.site,3,
mostbet-gmt.com.kg,3,
mostbet-go2418.top,3,https://www.google.com/
mostbet-gold17.top,3,https://www.google.com/
mostbet-gr-casino.com,3,https://www.google.com/
mostbet-graj-online.pl,3,
mostbet-graj-stawki.pl,3,
mostbet-grand19.top,3,https://www.google.com/
mostbet-grc.com,3,https://www.google.com/
mostbet-greek.com,3,https://www.google.com/
mostbet-grt2.top,3,https://www.google.com/
mostbet-guideir.com,3,
mostbet-guncel-giris-tr.com,3,
mostbet-guncel-giris-tr.net,3,
mostbet-hero17.top,3,https://www.google.com/
mostbet-hi.com,3,
mostbet-hindi1.com,3,
mostbet-hnv.com.kg,3,
mostbet-hot20.top,3,https://www.google.com/
mostbet-hrl.com.kg,3,
mostbet-hu-casino.org,3,
mostbet-hu.eu.com,3,
mostbet-hu.in.net,3,
mostbet-hu.ink,3,
mostbet-hu.jp.net,3,
mostbet-hu.org.uk,3,
mostbet-hu1.com,3,
mostbet-hugary.info,3,
mostbet-hungary-hu.com,3,
mostbet-hungary.ink,3,
mostbet-hungary.top,3,
mostbet-hungary.us.com,3,
mostbet-hungary1.org,3,
mostbet-hungarycasino.com,3,
mostbet-hungry.com,3,
mostbet-in-kz.com,3,
mostbet-in-login1.com,3,
mostbet-in-nepal.com,3,
mostbet-in.app,3,
mostbet-in.uk.com,3,
mostbet-in1.in,3,
mostbet-ind.in,3,
mostbet-india-official.com,3,
mostbet-india.app,3,
mostbet-india.de.com,3,
mostbet-india.org,3,
mostbet-india.uk.com,3,
mostbet-india1.com,3,
mostbet-indians.com,3,
mostbet-indiax.com,3,
mostbet-indir-az.org,3,https://www.google.com/
mostbet-indir-tr.net,3,
mostbet-indir-tr.org,3,
mostbet-indir.com,3,
mostbet-indir.ink,3,
mostbet-info-bk1.top,3,https://www.google.com/
mostbet-info-kz.com,3,
mostbet-install.com,3,
mostbet-ios.vip,3,
mostbet-italia.it,3,
mostbet-j7.top,3,https://www.google.com/
mostbet-jackpot.ink,3,
mostbet-jdl.com.kg,3,
mostbet-jet17.top,3,https://www.google.com/
mostbet-jxc.com.kg,3,
mostbet-k5m.top,3,https://www.google.com/
mostbet-k7x.ru,3,https://www.google.com/
mostbet-kasakhstan.kz,3,
mostbet-kasino-online.cz,3,
mostbet-kasyno-login.pl,3,
mostbet-kasyno-online.pl,3,
mostbet-kasyno.pl,3,
mostbet-kasyno.xyz,3,
mostbet-kasynos.com.pl,3,
mostbet-kaszinohu.com,3,
mostbet-kazakhstan.ink,3,
mostbet-kazakhstan1.com,3,
mostbet-kazino-oyna.com,3,
mostbet-kazino-oynay.com,3,
mostbet-kazino-uz.net,3,
mostbet-kenya.ke,3,
mostbet-kenya.org,3,
mostbet-kg-mosbet-online.com,3,
mostbet-kg-online.com,3,
mostbet-kg.casino,3,
mostbet-kg.co,3,
mostbet-kg.com.kg,3,
mostbet-kg.de.com,3,
mostbet-kg.eu.com,3,
mostbet-kg.it.com,3,
mostbet-kg.mobi,3,
mostbet-kg.net,3,
mostbet-kgs.kg,3,
mostbet-kontora.ru,3,https://www.google.com/
mostbet-kvd.com.kg,3,
mostbet-kz-2025.org,3,
mostbet-kz-app.com,3,
mostbet-kz-betting.org,3,
mostbet-kz-casino-kz.com,3,
mostbet-kz-casino.it.com,3,
mostbet-kz-casino.one,3,
mostbet-kz-download-app.com,3,https://www.google.com/
mostbet-kz-info.com,3,
mostbet-kz-online-kz.com,3,
mostbet-kz-online.com,3,
mostbet-kz-online.it.com,3,
mostbet-kz.buzz,3,
mostbet-kz.de.com,3,
mostbet-kz.icu,3,
mostbet-l1k.ru,3,https://www.google.com/
mostbet-l8t.top,3,https://www.google.com/
mostbet-line.com,3,
mostbet-links-15.top,3,
mostbet-links-8.top,3,
mostbet-live.ink,3,
mostbet-livebet18.top,3,https://www.google.com/
mostbet-lk.co,3,
mostbet-login-india.com,3,
mostbet-login-pk.com,3,
mostbet-login-pl.pl,3,
mostbet-login.click,3,
mostbet-login.in.net,3,
mostbet-login.ink,3,
mostbet-login3.com,3,
mostbet-lpb.com.kg,3,
mostbet-ludoman.top,3,https://www.google.com/
mostbet-lxi.com.kg,3,
mostbet-m.cc,3,
mostbet-m.org,3,
mostbet-ma.ma,3,
mostbet-ma24.com,3,
mostbet-magyar-hu.com,3,
mostbet-malaysia.net,3,
mostbet-malaysia1.com,3,
mostbet-maroc-apk.com,3,
mostbet-maroc1.com,3,
mostbet-marocc.com,3,
mostbet-max.top,3,
mostbet-maxwin19.top,3,https://www.google.com/
mostbet-md-mosbet.com,3,
mostbet-md.app,3,
mostbet-md.org,3,
mostbet-mdf.com.kg,3,
mostbet-megawin.com,3,
mostbet-melhores.com,3,
mostbet-mercler.com,3,
mostbet-mexico-casino.com,3,
mostbet-mexico-online.com,3,
mostbet-mirror-uz.com,3,https://www.google.com/
mostbet-mirror7.top,3,https://www.google.com/
mostbet-mobversion.com,3,
mostbet-moldova.org,3,
mostbet-moldova1.com,3,
mostbet-montenegro.com,3,
mostbet-montenegro.org,3,
mostbet-morocco1.com,3,
mostbet-mosbet-cesky.com,3,
mostbet-mosbet-cote-d-ivoire.com,3,
mostbet-mosbet-cz-online.com,3,
mostbet-mosbet-cz.com,3,
mostbet-mosbet-hungary-online.com,3,
mostbet-mosbet-hungary.com,3,
mostbet-mosbet-india.com,3,
mostbet-mosbet-kg.com,3,
mostbet-mosbet-kirish-uz.com,3,
mostbet-mosbet-kz.com,3,
mostbet-mosbet-pakistan.com,3,
mostbet-mosbet-pl.com,3,
mostbet-mosbet-portugal.com,3,
mostbet-mosbet-sri-lanka.com,3,
mostbet-mosbet-tj-tch.com,3,
mostbet-mosbet-tm.com,3,
mostbet-mosbet-turkmenistan.com,3,
mostbet-mosbet-uz-kirish.com,3,https://www.google.com/
mostbet-mosbet-uz.us.com,3,https://www.google.com/
mostbet-mosbet-uz1.com,3,
mostbet-mosbet-uzbekistan.com,3,
mostbet-mosbet.com.kg,3,
mostbet-mosbet.cz,3,
mostbet-mosbet.hu,3,
mostbet-mosbet.pe,3,
mostbet-moscow.ru,3,https://www.google.com/
mostbet-mostbetr.com,3,
mostbet-mozambique.org,3,
mostbet-mozambique1.com,3,
mostbet-mpl.com.kg,3,
mostbet-mqn.com.kg,3,
mostbet-mwongozo.co.ke,3,
mostbet-my.org,3,
mostbet-mz.com,3,
mostbet-n9m.top,3,https://www.google.com/
mostbet-nepal-np.com,3,
mostbet-nepal.app,3,
mostbet-nepal.help,3,
mostbet-nepal.pro,3,
mostbet-nepl.com,3,
mostbet-new.com,3,
mostbet-newgeneration1.top,3,https://www.google.com/
mostbet-news.com,3,
mostbet-newwin18.top,3,https://www.google.com/
mostbet-nht.com.kg,3,
mostbet-nigeria.ng,3,
mostbet-norway.net,3,
mostbet-norway1.com,3,
mostbet-np.co,3,
mostbet-nrf.com.kg,3,
mostbet-nsw.com.kg,3,
mostbet-official-bp.ru,3,https://www.google.com/
mostbet-official-bp1.top,3,https://www.google.com/
mostbet-official-bp2.top,3,https://www.google.com/
mostbet-official-eb.ru,3,https://www.google.com/
mostbet-official-eb1.top,3,https://www.google.com/
mostbet-official-eb2.top,3,https://www.google.com/
mostbet-official-kirish.com,3,
mostbet-official-ot.ru,3,https://www.google.com/
mostbet-official-ot1.top,3,https://www.google.com/
mostbet-official-ot2.top,3,https://www.google.com/
mostbet-official-pk.com,3,
mostbet-official-website.com,3,
mostbet-official.co.in,3,
mostbet-official.net,3,https://www.google.com/
mostbet-official25.com,3,https://www.google.com/
mostbet-officialfq.ru,3,https://www.google.com/
mostbet-officialfq1.top,3,https://www.google.com/
mostbet-officialfq2.top,3,https://www.google.com/
mostbet-officialgk.ru,3,https://www.google.com/
mostbet-officialgk1.top,3,https://www.google.com/
mostbet-officialgk2.top,3,https://www.google.com/
mostbet-officialhu.com,3,
mostbet-officialjq.ru,3,https://www.google.com/
mostbet-officialjq1.top,3,https://www.google.com/
mostbet-officialjq2.top,3,https://www.google.com/
mostbet-officialuv.ru,3,https://www.google.com/
mostbet-officialuv1.top,3,https://www.google.com/
mostbet-officialuv2.top,3,https://www.google.com/
mostbet-oficjalna-strona.pl,3,
mostbet-onlayn.ink,3,
mostbet-online-casino-ua.com,3,
mostbet-online-casino.bet,3,
mostbet-online-casino.pl,3,
mostbet-online-com.com,3,
mostbet-online-cz.ink,3,
mostbet-online-kasyno.pl,3,
mostbet-online-now1.top,3,https://www.google.com/
mostbet-online-pl.pl,3,
mostbet-online-ua.com,3,
mostbet-online-uz.net,3,
mostbet-online-uz.org,3,
mostbet-online-zaklady.pl,3,
mostbet-online.casino,3,
mostbet-online.org,3,
mostbet-online.pk,3,https://www.google.com/
mostbet-online1.com,3,
mostbet-onlineaz.com,3,
mostbet-onlineuz.com,3,
mostbet-onlineuz1.com,3,
mostbet-original600.ru,3,https://www.google.com/
mostbet-otw.com.kg,3,
mostbet-oyna.org,3,
mostbet-oynash.com,3,
mostbet-oyuny.com,3,
mostbet-p3k.top,3,https://www.google.com/
mostbet-pak.pk,3,
mostbet-pakistan-online.com,3,
mostbet-pakistan.app,3,
mostbet-pakistan.pk,3,
mostbet-pakistan1.com,3,
mostbet-partners-uz.com,3,
mostbet-pe.com.pe,3,
mostbet-pk-now.com,3,
mostbet-pk-online.com,3,
mostbet-pk.app,3,
mostbet-pl-casino.pl,3,https://www.google.com/
mostbet-pl-com.pl,3,
mostbet-pl-gra.ink,3,
mostbet-pl-kasyno.pl,3,
mostbet-pl-mosbet.com,3,
mostbet-pl-polska.com,3,
mostbet-pl-polska.ink,3,
mostbet-pl.eu.com,3,
mostbet-pl.pl,3,
mostbet-pl.top,3,
mostbet-platinum18.top,3,https://www.google.com/
mostbet-play-az.ink,3,
mostbet-playzone20.top,3,https://www.google.com/
mostbet-plm8.top,3,https://www.google.com/
mostbet-poland.com,3,
mostbet-poland.fit,3,
mostbet-poland.pl,3,
mostbet-polska-official.ink,3,
mostbet-polska-online.ink,3,
mostbet-polska.blog,3,
mostbet-polska.eu,3,
mostbet-polska.one,3,
mostbet-polska.top,3,
mostbet-polskay.com,3,
mostbet-polski.pl,3,
mostbet-portugal-2025.com,3,
mostbet-portugal.xyz,3,
mostbet-prihlaseni.co.cz,3,
mostbet-prihlaseni.org,3,
mostbet-prime19.top,3,https://www.google.com/
mostbet-probet19.top,3,https://www.google.com/
mostbet-profit.com,3,
mostbet-promo1.com,3,
mostbet-promo777.com,3,
mostbet-psa.com.kg,3,
mostbet-pt1.net,3,
mostbet-pt1.org,3,
mostbet-pxs.com.kg,3,
mostbet-q8m.ru,3,https://www.google.com/
mostbet-qap.com.kg,3,
mostbet-qazaqstan.top,3,https://www.google.com/
mostbet-qeydiyyat.com,3,https://www.google.com/
mostbet-qyd.com.kg,3,
mostbet-r10q.top,3,https://www.google.com/
mostbet-r6d.ru,3,https://www.google.com/
mostbet-recenze.com,3,
mostbet-registration-uz.com,3,
mostbet-registration.com,3,
mostbet-resmi-giris3.ink,3,
mostbet-resmi-giris5.ink,3,
mostbet-resmi-sayt.com,3,
mostbet-review.com,3,
mostbet-rf4.ru,3,
mostbet-rfd.com.kg,3,
mostbet-rich.com,3,
mostbet-rocket19.top,3,https://www.google.com/
mostbet-royxat-uz.com,3,https://www.google.com/
mostbet-ru-casino.games,3,
mostbet-ru-casino.org,3,
mostbet-ru.net,3,
mostbet-ru.org,3,
mostbet-rus-bonus.com,3,
mostbet-rush19.top,3,https://www.google.com/
mostbet-rusite1.top,3,
mostbet-ryo.com.kg,3,
mostbet-rzh.com.kg,3,
mostbet-s4z.ru,3,https://www.google.com/
mostbet-sae.com.kg,3,
mostbet-saudi-arabia.com,3,
mostbet-siria.com,3,
mostbet-site-links247.ru,3,https://www.google.com/
mostbet-site-review1.top,3,https://www.google.com/
mostbet-skachat-apk-uz.com,3,
mostbet-skachat-besplatno.com,3,
mostbet-skachat-uz.com,3,
mostbet-skachat.com,3,
mostbet-skachat.one,3,
mostbet-skachat.ru,3,https://www.google.com/
mostbet-skachatuz.com,3,https://www.google.com/
mostbet-sloti.com,3,
mostbet-slots.com.kz,3,
mostbet-slots1.com,3,
mostbet-slots1.com.kz,3,
mostbet-slots1.kz,3,
mostbet-slotss.com,3,
mostbet-slovakia.org,3,
mostbet-slovakia1.com,3,
mostbet-slovensko.com,3,
mostbet-south-africa-casino.com,3,
mostbet-sp1.top,3,https://www.google.com/
mostbet-spin18.top,3,https://www.google.com/
mostbet-sport-top.ru,3,https://www.google.com/
mostbet-sports.com,3,
mostbet-sportslk.com,3,
mostbet-sri-lanka.net,3,
mostbet-srilanka.com,3,
mostbet-stan.com,3,
mostbet-stavim1.top,3,https://www.google.com/
mostbet-stawki-graj.pl,3,
mostbet-store.com,3,
mostbet-sverige.com,3,
mostbet-sweden.org,3,
mostbet-tajikistan-tj.com,3,
mostbet-tanzania.com,3,
mostbet-tbc.com.kg,3,
mostbet-tk.com,3,https://www.google.com/
mostbet-tko.pl,3,
mostbet-top.pl,3,
mostbet-top4.top,3,https://www.google.com/
mostbet-tr-tr.com,3,
mostbet-tr-tr.net,3,
mostbet-tr-tr.org,3,
mostbet-tr.biz,3,
mostbet-tr.online,3,
mostbet-tr2025.com,3,https://www.google.com/
mostbet-trgirs.com,3,https://www.google.com/
mostbet-trgirs1.com,3,https://www.google.com/
mostbet-trm18.top,3,https://www.google.com/
mostbet-tue.com.kg,3,
mostbet-turbo21.top,3,https://www.google.com/
mostbet-turk.com,3,https://www.google.com/
mostbet-turk1.com,3,https://www.google.com/
mostbet-turkey-tr.com,3,
mostbet-turkey.online,3,
mostbet-turkeys.com,3,https://www.google.com/
mostbet-turkiye-giris.com,3,
mostbet-turkiye.bet,3,
mostbet-turkiyegir.com,3,https://www.google.com/
mostbet-turkiyegr1.com,3,https://www.google.com/
mostbet-turks-giris.com,3,https://www.google.com/
mostbet-turks-giris1.com,3,https://www.google.com/
mostbet-turks1.com,3,https://www.google.com/
mostbet-turks2.com,3,https://www.google.com/
mostbet-turky.com,3,https://www.google.com/
mostbet-turky1.com,3,https://www.google.com/
mostbet-turky2.com,3,
mostbet-ua-login.com,3,
mostbet-ua.cz,3,
mostbet-uix.com.kg,3,
mostbet-ukraina.com,3,
mostbet-uz-2026.ink,3,
mostbet-uz-67.com,3,
mostbet-uz-apk.com,3,
mostbet-uz-bet.ink,3,
mostbet-uz-casino.org,3,
mostbet-uz-com-online.com,3,
mostbet-uz-kirish.net,3,
mostbet-uz-login.com,3,
mostbet-uz-now.com,3,
mostbet-uz-oyin.com,3,https://www.google.com/
mostbet-uz-two.rest,3,
mostbet-uz.com,3,
mostbet-uz.fyi,3,
mostbet-uzb-mosbet-kirish.com,3,
mostbet-uzb-online.com,3,
mostbet-uzbek.net,3,https://www.google.com/
mostbet-uzbekistan-ftripodi.buzz,3,https://www.google.com/
mostbet-uzbekistan.cc,3,
mostbet-uzbekistan.com,3,
mostbet-uzbekistons.com,3,
mostbet-uzn-casino.com,3,
mostbet-uzn.com,3,
mostbet-uzuz.com,3,
mostbet-uzuzb.com,3,
mostbet-uzuzbekistan.com,3,
mostbet-v5h.top,3,https://www.google.com/
mostbet-vbh13.top,3,https://www.google.com/
mostbet-victory.com,3,
mostbet-victory21.top,3,https://www.google.com/
mostbet-vietnamese.com,3,
mostbet-vijgrishi.com,3,
mostbet-vip.com,3,
mostbet-vly.com.kg,3,
mostbet-vnm.com,3,
mostbet-vze.com.kg,3,
mostbet-w11s.top,3,https://www.google.com/
mostbet-wbq4.top,3,
mostbet-wbq5.top,3,
mostbet-website.com,3,
mostbet-website.ru,3,https://www.google.com/
mostbet-welcome.cz,3,
mostbet-win.com.co,3,
mostbet-winner.com,3,
mostbet-wins.com,3,https://www.google.com/
mostbet-wins.net,3,https://www.google.com/
mostbet-wjf.com.kg,3,
mostbet-wvs.com.kg,3,
mostbet-x10p.top,3,https://www.google.com/
mostbet-x4v.top,3,https://www.google.com/
mostbet-xbet18.top,3,https://www.google.com/
mostbet-xline17.top,3,https://www.google.com/
mostbet-xplay18.top,3,https://www.google.com/
mostbet-xqz.com.kg,3,
mostbet-xsw2.top,3,https://www.google.com/
mostbet-xsw3.top,3,https://www.google.com/
mostbet-y3p.ru,3,https://www.google.com/
mostbet-yeni-azerbaycan.ink,3,
mostbet-yuklab-olish-uz.com,3,
mostbet-yukle-app.com,3,
mostbet-yukle-az.art,3,
mostbet-yukle-az.org,3,https://www.google.com/
mostbet-yukle-azerbaycan.com,3,
mostbet-yukle.art,3,
mostbet-yukle.fun,3,
mostbet-yuklemek.com,3,https://www.google.com/
mostbet-z14i.top,3,https://www.google.com/
mostbet-z1r.ru,3,https://www.google.com/
mostbet-zerkala-bets.ru,3,https://www.google.com/
mostbet-zerkalo-official.ru,3,https://www.google.com/
mostbet-zone2417.top,3,https://www.google.com/
mostbet-zonebet18.top,3,https://www.google.com/
mostbet-zxy.com.kg,3,
mostbet-zy5.top,3,https://www.google.com/
mostbet.ac.pk,3,
mostbet.bydgoszcz.pl,3,https://www.google.com/
mostbet.cc,3,
mostbet.cn.in,3,
mostbet.co,3,
mostbet.com.ci,3,
mostbet.com.kg,3,
mostbet.company,3,
mostbet.fi,3,
mostbet.gr,3,
mostbet.in.net,3,
mostbet.is,3,
mostbet.ml,3,
mostbet.mobile,3,
mostbet.money,3,
mostbet.net.pk,3,
mostbet.news,3,
mostbet.ng,3,
mostbet.nl,3,
mostbet.now,3,
mostbet.org,3,
mostbet.org.kg,3,
mostbet.org.ph,3,https://www.google.com/
mostbet.pp.ua,3,
mostbet.rodeo,3,
mostbet.sk,3,
mostbet.sn,3,
mostbet.studio,3,
mostbet.today,3,
mostbet.tz,3,
mostbet.waw.pl,3,
mostbet.web.pk,3,
mostbet01859.help,3,
mostbet02606.online,3,
mostbet02759.help,3,
mostbet02894.help,3,
mostbet03253.online,3,
mostbet05741.help,3,
mostbet05859.online,3,
mostbet06093.online,3,
mostbet06394.help,3,
mostbet06693.help,3,
mostbet07482.help,3,
mostbet07493.help,3,
mostbet07541.help,3,
mostbet09486.help,3,
mostbet09654.help,3,
mostbet1-az-2026.com,3,
mostbet1-de.com,3,
mostbet1-hu.com,3,
mostbet1-online-cz.com,3,
mostbet1.biz.pk,3,
mostbet1.ca,3,
mostbet1.lu,3,
mostbet1.mx,3,
mostbet1.net.pk,3,
mostbet1.org.pk,3,
mostbet1.web.pk,3,
mostbet10.com,3,
mostbet10206.help,3,
mostbet10605.online,3,
mostbet10832.help,3,
mostbet11-24.ru,3,https://www.google.com/
mostbet11.kz,3,
mostbet112.ru,3,https://www.google.com/
mostbet1121.help,3,
mostbet113.ru,3,https://www.google.com/
mostbet11366.icu,3,
mostbet114.top,3,https://www.google.com/
mostbet12061.help,3,
mostbet12087.online,3,
mostbet13829.help,3,
mostbet14.com,3,
mostbet14793.help,3,
mostbet15.com,3,
mostbet15106.help,3,
mostbet15252.icu,3,
mostbet15298.online,3,
mostbet15384.help,3,
mostbet15599.help,3,
mostbet16.com,3,
mostbet16082.help,3,
mostbet16114.help,3,
mostbet16895.help,3,
mostbet17206.online,3,
mostbet18061.help,3,
mostbet18296.help,3,
mostbet18305.help,3,
mostbet18361.online,3,
mostbet18401.help,3,
mostbet18555.shop,3,
mostbet19345.help,3,
mostbet19382.help,3,
mostbet19438.help,3,
mostbet19635.shop,3,
mostbet1kz.top,3,
mostbet2.net.pl,3,
mostbet2.pl,3,
mostbet20005.ru,3,https://www.google.com/
mostbet20006.ru,3,https://www.google.com/
mostbet20006.top,3,https://www.google.com/
mostbet20007.top,3,https://www.google.com/
mostbet2001.help,3,
mostbet2002.help,3,
mostbet2003.help,3,
mostbet2004.help,3,
mostbet2005.help,3,
mostbet2006.help,3,
mostbet2007.help,3,
mostbet2008.help,3,
mostbet2009.help,3,
mostbet2010.help,3,
mostbet2011.help,3,
mostbet2012.help,3,
mostbet2013.help,3,
mostbet2014.help,3,
mostbet2015.help,3,
mostbet2021.help,3,
mostbet2022.help,3,
mostbet2023.help,3,
mostbet2024.help,3,
mostbet2025.help,3,
mostbet2026-az.ink,3,
mostbet2026.net.pl,3,https://www.google.com/
mostbet2036.help,3,
mostbet2037.help,3,
mostbet2038.help,3,
mostbet2039.help,3,
mostbet2040.help,3,
mostbet2041.help,3,
mostbet2042.help,3,
mostbet2043.help,3,
mostbet2044.help,3,
mostbet2045.help,3,
mostbet2046.help,3,
mostbet2047.help,3,
mostbet2048.help,3,
mostbet2049.help,3,
mostbet2050.help,3,
mostbet20505.help,3,
mostbet2056.help,3,
mostbet2057.help,3,
mostbet2058.help,3,
mostbet2059.help,3,
mostbet2060.help,3,
mostbet20601.online,3,
mostbet20748.help,3,
mostbet21.com,3,
mostbet21067.help,3,
mostbet21477.help,3,
mostbet21746.help,3,
mostbet22239.online,3,
mostbet22253.help,3,
mostbet22508.help,3,
mostbet23319.help,3,
mostbet23342.help,3,
mostbet23377.help,3,
mostbet23713.help,3,
mostbet24.com,3,
mostbet24.live,3,https://www.google.com/
mostbet24063.help,3,
mostbet24618.help,3,
mostbet24687.shop,3,
mostbet24939.online,3,
mostbet25-09.ru,3,https://www.google.com/
mostbet25-10.top,3,https://www.google.com/
mostbet25-11.ru,3,https://www.google.com/
mostbet25-11.top,3,https://www.google.com/
mostbet25-12.top,3,https://www.google.com/
mostbet25-13.top,3,https://www.google.com/
mostbet25863.help,3,
mostbet26443.shop,3,
mostbet26540.help,3,
mostbet26549.help,3,
mostbet2675.shop,3,
mostbet26814.help,3,
mostbet26815.help,3,
mostbet26826.help,3,
mostbet26849.help,3,
mostbet27541.help,3,
mostbet27880.online,3,
mostbet28014.help,3,
mostbet28283.help,3,
mostbet28461.help,3,
mostbet28611.shop,3,
mostbet28849.help,3,
mostbet29551.online,3,
mostbet29665.online,3,
mostbet29714.help,3,
mostbet3.kz,3,
mostbet3002.ru,3,https://www.google.com/
mostbet3003.ru,3,https://www.google.com/
mostbet3003.top,3,https://www.google.com/
mostbet3004.ru,3,https://www.google.com/
mostbet3004.top,3,https://www.google.com/
mostbet3005.top,3,https://www.google.com/
mostbet3006.ru,3,https://www.google.com/
mostbet3007.top,3,https://www.google.com/
mostbet3021.ru,3,https://www.google.com/
mostbet3022.top,3,https://www.google.com/
mostbet3024.ru,3,https://www.google.com/
mostbet3025.ru,3,https://www.google.com/
mostbet3025.top,3,https://www.google.com/
mostbet3026.top,3,https://www.google.com/
mostbet3027.ru,3,https://www.google.com/
mostbet3028.top,3,https://www.google.com/
mostbet3030.ru,3,https://www.google.com/
mostbet3031.ru,3,https://www.google.com/
mostbet3031.top,3,https://www.google.com/
mostbet3032.top,3,https://www.google.com/
mostbet3036.ru,3,https://www.google.com/
mostbet3038.ru,3,https://www.google.com/
mostbet3038.top,3,https://www.google.com/
mostbet3039.top,3,https://www.google.com/
mostbet3042.ru,3,https://www.google.com/
mostbet3043.ru,3,https://www.google.com/
mostbet3043.top,3,https://www.google.com/
mostbet3044.ru,3,https://www.google.com/
mostbet3044.top,3,https://www.google.com/
mostbet3045.ru,3,https://www.google.com/
mostbet3045.top,3,https://www.google.com/
mostbet3046.top,3,https://www.google.com/
mostbet3049.ru,3,https://www.google.com/
mostbet3050.top,3,https://www.google.com/
mostbet3053.ru,3,https://www.google.com/
mostbet3054.ru,3,https://www.google.com/
mostbet31517.help,3,
mostbet316-space.ru,3,https://www.google.com/
mostbet31744.online,3,
mostbet31890.help,3,
mostbet32251.help,3,
mostbet32648.help,3,
mostbet32915.help,3,
mostbet33001.ru,3,https://www.google.com/
mostbet33002.ru,3,https://www.google.com/
mostbet33002.top,3,https://www.google.com/
mostbet33003.top,3,https://www.google.com/
mostbet33044.online,3,
mostbet33927.online,3,
mostbet33996.help,3,
mostbet34153.icu,3,
mostbet34656.icu,3,
mostbet34850.help,3,
mostbet35-playgame.ru,3,https://www.google.com/
mostbet35198.help,3,
mostbet35906.help,3,
mostbet36014.help,3,
mostbet36041.help,3,
mostbet3654.help,3,
mostbet36602.help,3,
mostbet36912.help,3,
mostbet37090.help,3,
mostbet37150.help,3,
mostbet3822.help,3,
mostbet38356.help,3,
mostbet38506.help,3,
mostbet38678.icu,3,
mostbet38684.help,3,
mostbet4.com,3,
mostbet4.site,3,
mostbet40086.online,3,
mostbet40596.help,3,
mostbet40796.help,3,
mostbet40827.help,3,
mostbet40854.icu,3,
mostbet41079.help,3,
mostbet41319.help,3,
mostbet4165.online,3,
mostbet41774.help,3,
mostbet41791.shop,3,
mostbet41926.help,3,
mostbet41979.help,3,
mostbet42387.help,3,
mostbet42517.help,3,
mostbet42672.help,3,
mostbet42873.help,3,
mostbet43247.help,3,
mostbet43248.help,3,
mostbet43287.help,3,
mostbet43759.help,3,
mostbet43926.help,3,
mostbet44034.help,3,
mostbet44187.help,3,
mostbet44364.online,3,
mostbet44600.online,3,
mostbet44945.help,3,
mostbet45311.online,3,
mostbet45631.help,3,
mostbet47152.help,3,
mostbet47296.help,3,
mostbet48209.online,3,
mostbet48426.help,3,
mostbet48518.help,3,
mostbet48941.help,3,
mostbet49108.online,3,
mostbet49349.help,3,
mostbet49799.shop,3,
mostbet49984.help,3,
mostbet5.site,3,
mostbet5003.ru,3,https://www.google.com/
mostbet5004.ru,3,https://www.google.com/
mostbet5004.top,3,https://www.google.com/
mostbet5005.top,3,https://www.google.com/
mostbet5006.ru,3,https://www.google.com/
mostbet5006.top,3,https://www.google.com/
mostbet5007.ru,3,https://www.google.com/
mostbet5007.top,3,https://www.google.com/
mostbet5008.ru,3,https://www.google.com/
mostbet5009.ru,3,https://www.google.com/
mostbet5009.top,3,https://www.google.com/
mostbet5010.ru,3,https://www.google.com/
mostbet5010.top,3,https://www.google.com/
mostbet5011.top,3,https://www.google.com/
mostbet50191.help,3,
mostbet5021.ru,3,https://www.google.com/
mostbet5022.top,3,https://www.google.com/
mostbet50472.help,3,
mostbet50579.icu,3,
mostbet51307.help,3,
mostbet52024.help,3,
mostbet52850.icu,3,
mostbet53.top,3,https://www.google.com/
mostbet53160.help,3,
mostbet53589.help,3,
mostbet53655.online,3,
mostbet54831.help,3,
mostbet55099.help,3,
mostbet55191.help,3,
mostbet55340.online,3,
mostbet56.top,3,https://www.google.com/
mostbet56730.help,3,
mostbet56934.help,3,
mostbet57111.help,3,
mostbet5759.help,3,
mostbet57648.help,3,
mostbet58127.help,3,
mostbet59068.help,3,
mostbet59371.help,3,
mostbet59898.online,3,
mostbet60.com,3,
mostbet60008.online,3,
mostbet60038.shop,3,
mostbet6005.ru,3,https://www.google.com/
mostbet60059.help,3,
mostbet6006.top,3,https://www.google.com/
mostbet6014.ru,3,https://www.google.com/
mostbet6015.top,3,https://www.google.com/
mostbet60172.help,3,
mostbet6036.ru,3,https://www.google.com/
mostbet6037.top,3,https://www.google.com/
mostbet6039.ru,3,https://www.google.com/
mostbet60398.help,3,
mostbet6040.ru,3,https://www.google.com/
mostbet6040.top,3,https://www.google.com/
mostbet6041.ru,3,https://www.google.com/
mostbet6041.top,3,https://www.google.com/
mostbet6042.ru,3,https://www.google.com/
mostbet6042.top,3,https://www.google.com/
mostbet61024.help,3,
mostbet61046.shop,3,
mostbet62135.shop,3,
mostbet62194.online,3,
mostbet62477.help,3,
mostbet62494.icu,3,
mostbet62590.help,3,
mostbet62741.help,3,
mostbet62761.online,3,
mostbet63218.help,3,
mostbet63247.help,3,
mostbet63740.help,3,
mostbet64008.icu,3,
mostbet66734.help,3,
mostbet67254.help,3,
mostbet67807.icu,3,
mostbet68155.help,3,
mostbet68214.help,3,
mostbet68324.help,3,
mostbet68850.online,3,
mostbet69343.help,3,
mostbet69573.help,3,
mostbet69963.online,3,
mostbet7001.ru,3,https://www.google.com/
mostbet7002.ru,3,https://www.google.com/
mostbet7003.ru,3,https://www.google.com/
mostbet7003.top,3,https://www.google.com/
mostbet7004.ru,3,https://www.google.com/
mostbet7005.top,3,https://www.google.com/
mostbet7006.ru,3,https://www.google.com/
mostbet7007.ru,3,https://www.google.com/
mostbet7007.top,3,https://www.google.com/
mostbet7008.top,3,https://www.google.com/
mostbet7015.help,3,
mostbet70829.help,3,
mostbet71143.online,3,
mostbet71530.help,3,
mostbet71812.help,3,
mostbet71852.help,3,
mostbet71905.help,3,
mostbet71927.shop,3,
mostbet72483.help,3,
mostbet72563.shop,3,
mostbet72681.help,3,
mostbet72797.help,3,
mostbet73048.shop,3,
mostbet74029.online,3,
mostbet74039.help,3,
mostbet74081.help,3,
mostbet74159.icu,3,
mostbet74183.help,3,
mostbet7429.help,3,
mostbet7437.help,3,
mostbet7445.shop,3,
mostbet75153.help,3,
mostbet75295.online,3,
mostbet75302.help,3,
mostbet75678.online,3,
mostbet75930.help,3,
mostbet75979.help,3,
mostbet77431.icu,3,
mostbet78053.help,3,
mostbet78658.help,3,
mostbet79257.shop,3,
mostbet8001.ru,3,https://www.google.com/
mostbet8002.ru,3,https://www.google.com/
mostbet8002.top,3,https://www.google.com/
mostbet8003.ru,3,https://www.google.com/
mostbet8003.top,3,https://www.google.com/
mostbet8004.top,3,https://www.google.com/
mostbet8006.ru,3,https://www.google.com/
mostbet8007.top,3,https://www.google.com/
mostbet80257.shop,3,
mostbet80398.online,3,
mostbet80573.help,3,
mostbet80695.help,3,
mostbet81183.help,3,
mostbet8146.icu,3,
mostbet81720.shop,3,
mostbet81921.online,3,
mostbet82043.help,3,
mostbet82175.help,3,
mostbet82208.help,3,
mostbet8225.help,3,
mostbet82441.help,3,
mostbet8314.help,3,
mostbet83462.online,3,
mostbet83798.help,3,
mostbet83907.help,3,
mostbet84045.help,3,
mostbet84517.help,3,
mostbet84629.help,3,
mostbet84891.online,3,
mostbet85159.help,3,
mostbet85289.help,3,
mostbet85803.icu,3,
mostbet85953.shop,3,
mostbet86491.online,3,
mostbet86749.shop,3,
mostbet87.top,3,https://www.google.com/
mostbet8712.help,3,
mostbet87342.help,3,
mostbet87880.help,3,
mostbet8792.help,3,
mostbet88088.online,3,
mostbet88089.help,3,
mostbet88394.online,3,
mostbet88806.help,3,
mostbet89142.online,3,
mostbet89276.help,3,
mostbet895-rox.top,3,https://www.google.com/
mostbet89577.help,3,
mostbet90.com,3,
mostbet90359.online,3,
mostbet90518.help,3,
mostbet90525.shop,3,
mostbet90617.help,3,
mostbet90969.help,3,
mostbet90az.com,3,
mostbet91325.help,3,
mostbet91409.help,3,
mostbet91763.help,3,
mostbet93268.help,3,
mostbet93547.help,3,
mostbet94241.help,3,
mostbet94451.icu,3,
mostbet94459.icu,3,
mostbet94673.help,3,
mostbet94827.help,3,
mostbet95163.help,3,
mostbet95345.shop,3,
mostbet95447.help,3,
mostbet95774.help,3,
mostbet96150.help,3,
mostbet96967.online,3,
mostbet97048.help,3,
mostbet97062.help,3,
mostbet97872.shop,3,
mostbet98249.help,3,
mostbet98458.help,3,
mostbet98669.shop,3,
mostbet99204.online,3,
mostbet99270.help,3,
mostbet993-golden.ru,3,https://www.google.com/
mostbet99526.help,3,
mostbeta.kz,3,
mostbetagentapp.com,3,https://www.google.com/
mostbetapk-hu.com,3,
mostbetapk-uz.com,3,
mostbetapk.asia,3,
mostbetapk.co,3,
mostbetapk.com,3,
mostbetapk.com.in,3,
mostbetapk.de,3,
mostbetapk.eu,3,
mostbetapk.int.in,3,
mostbetapk.kz,3,
mostbetapk.ltd,3,
mostbetapk.pk,3,
mostbetapk.pl,3,
mostbetapk.tj,3,
mostbetapkbd.com,3,
mostbetapkdownload.com,3,
mostbetapkdownload.pt,3,
mostbetapkmaroc.com,3,
mostbetapkpl.com,3,
mostbetapkreview.com,3,
mostbetapktj.com,3,
mostbetapkyukle.com,3,
mostbetaplikacja.pl,3,
mostbetapp-az.com,3,
mostbetapp.int.in,3,
mostbetapp.io,3,
mostbetapp.net,3,
mostbetapp.pl,3,
mostbetapp.xyz,3,
mostbetappaz.com,3,
mostbetappbd.com,3,
mostbetappcanada.com,3,
mostbetappdownload.cz,3,
mostbetapps.cz,3,
mostbetappyukle.com,3,
mostbetaps.mobi,3,
mostbetar.info,3,
mostbetargentina.com,3,
mostbetaviator.co,3,
mostbetaviator.pk,3,
mostbetaviatorgame.in,3,
mostbetaz-16.com,3,
mostbetaz-2.com,3,
mostbetaz-2026.com,3,
mostbetaz-casino.net,3,
mostbetaz-giris.site,3,https://www.google.com/
mostbetaz-giris1.com,3,https://www.google.com/
mostbetaz-online.com,3,
mostbetaz2024.com,3,https://www.google.com/
mostbetaz45.com,3,
mostbetaz90.top,3,
mostbetazapkreview.com,3,
mostbetazerbaycan.info,3,https://www.google.com/
mostbetazerbaycansayt.com,3,
mostbetazerbaycansayt1.com,3,
mostbetazerbaycanyukle.com,3,
mostbetazkazino.com,3,
mostbetazplay.ru,3,https://www.google.com/
mostbetazz1.com,3,
mostbetazzz.com,3,
mostbetbad1.top,3,https://www.google.com/
mostbetbahissitesi.com,3,https://www.google.com/
mostbetbaking-reg.top,3,https://www.google.com/
mostbetbangladesh.app,3,
mostbetbasket.ru,3,https://www.google.com/
mostbetbd-app.com,3,
mostbetbd.live,3,
mostbetbd.site,3,
mostbetbd.top,3,
mostbetbd2-login.com,3,https://www.google.com/
mostbetbd2.com,3,https://www.google.com/
mostbetbdapk.com,3,
mostbetbdapp.com,3,
mostbetbdapps.com,3,
mostbetbdcricket.com,3,
mostbetbddownload.com,3,
mostbetbest.ru,3,https://www.google.com/
mostbetbet.pl,3,
mostbetblog.com,3,
mostbetblog.org,3,
mostbetbn.com,3,
mostbetbonus.ink,3,
mostbetbonus.it,3,
mostbetbonuss2.top,3,https://www.google.com/
mostbetbr1.bet,3,
mostbetbrasil.lat,3,
mostbetcasino-2026.ink,3,https://www.google.com/
mostbetcasino-ar.net,3,
mostbetcasino-bd.com,3,
mostbetcasino-br.com,3,
mostbetcasino-br.top,3,
mostbetcasino-club.cz,3,
mostbetcasino-cz.com,3,
mostbetcasino-cz.fit,3,
mostbetcasino-cz.ink,3,
mostbetcasino-cz.net,3,
mostbetcasino-de.com,3,
mostbetcasino-greece.com,3,https://www.google.com/
mostbetcasino-hu.org,3,
mostbetcasino-italy.com,3,
mostbetcasino-play2.top,3,https://www.google.com/
mostbetcasino-polska.net,3,
mostbetcasino-review.com,3,
mostbetcasino-top.ru,3,
mostbetcasino-wins1.top,3,https://www.google.com/
mostbetcasino.biz.pl,3,
mostbetcasino.com.in,3,
mostbetcasino.com.pl,3,
mostbetcasino.com.pt,3,
mostbetcasino.info.pl,3,
mostbetcasino.mx,3,
mostbetcasino.org.pl,3,
mostbetcasino.pt,3,
mostbetcasino.tj,3,
mostbetcasino.win,3,
mostbetcasino1.cz,3,
mostbetcasino14.ru,3,https://www.google.com/
mostbetcasino15.top,3,https://www.google.com/
mostbetcasino16.top,3,https://www.google.com/
mostbetcasino17.top,3,https://www.google.com/
mostbetcasino18.top,3,https://www.google.com/
mostbetcasino24.pl,3,
mostbetcasino24.ru,3,https://www.google.com/
mostbetcasino26.ink,3,https://www.google.com/
mostbetcasino26.net.pl,3,https://www.google.com/
mostbetcasinobd.com,3,
mostbetcasinoclub.cz,3,
mostbetcasinocolombia.com,3,
mostbetcasinocz.com,3,
mostbetcasinohu.com,3,
mostbetcasinohu.net,3,
mostbetcasinoin.com,3,
mostbetcasinokz.kz,3,
mostbetcasinoonline.com,3,
mostbetcasinopl.com,3,
mostbetcasinoplay-fun.top,3,https://www.google.com/
mostbetcasinoplay.com,3,
mostbetcasinoru.top,3,
mostbetcasinos-fun.top,3,https://www.google.com/
mostbetcasinos-pt.com,3,
mostbetcasinos.ca,3,
mostbetcasinos.com.pl,3,
mostbetcasinos.online,3,
mostbetcasinosite.com,3,
mostbetcasinosplay.top,3,https://www.google.com/
mostbetcasinoturkiye.info,3,
mostbetcasinoz.com,3,https://www.google.com/
mostbetcazino-funs1.top,3,https://www.google.com/
mostbetcazino-win1.top,3,https://www.google.com/
mostbetcazino.ru,3,
mostbetcazinoplay.top,3,https://www.google.com/
mostbetcazinoslots.top,3,https://www.google.com/
mostbetcazinosplay.top,3,https://www.google.com/
mostbetceska.cz,3,
mostbetceske.cz,3,
mostbetcesko.com,3,
mostbetchile.net,3,
mostbetclicker1.top,3,https://www.google.com/
mostbetcolombia-es.com,3,
mostbetcolombian.co,3,
mostbetcom.kz,3,
mostbetcs.cz,3,
mostbetcz-registr.com,3,
mostbetcz.it.com,3,
mostbetcz.top,3,
mostbetczapp.top,3,
mostbetczcasino.com,3,
mostbetcze.com,3,
mostbetcze.cz,3,
mostbetczech-club.cz,3,
mostbetczk-aplikace.cz,3,
mostbetczk.cz,3,
mostbetczofficial.com,3,
mostbetczplay.com,3,
mostbetdeutschland.bet,3,
mostbetdownload.app,3,
mostbetdownload.org,3,
mostbete-cz.cz,3,
mostbetegiris.com,3,
mostbeter.com,3,https://www.google.com/
mostbeteuro2026.com,3,
mostbetextra1.top,3,https://www.google.com/
mostbetez.top,3,
mostbetforum1.top,3,https://www.google.com/
mostbetgames.com,3,
mostbetgiris-mobi.com,3,https://www.google.com/
mostbetgiris.mobi,3,https://www.google.com/
mostbetgiris.net,3,
mostbetgiris2025.com,3,
mostbetgiriss.com,3,
mostbetguncelgiris.com,3,https://www.google.com/
mostbetguncelgiris.link,3,
mostbethu.info,3,
mostbethu.org,3,
mostbethub.com,3,
mostbethung.com,3,
mostbetin.in,3,
mostbetin.org,3,
mostbetinallturkey.com,3,
mostbetinbangladesh.com,3,
mostbetincolombia.com,3,
mostbetind.com,3,
mostbetind.net,3,
mostbetindia.app,3,
mostbetindirapk.com,3,
mostbetindonesia.com,3,
mostbetka.kz,3,
mostbetkasahstan.kz,3,
mostbetkasakhstan.kz,3,
mostbetkasino.org,3,
mostbetkasyno.net,3,
mostbetkasynopl.pl,3,
mostbetkaszino-hu.com,3,
mostbetkaszinohu.com,3,
mostbetkaz.com,3,
mostbetkaz1.com,3,
mostbetkazah.com,3,
mostbetkazakhstan.org,3,
mostbetkazino-top.ru,3,
mostbetkazinorf.ru,3,https://www.google.com/
mostbetkazinorf1.top,3,https://www.google.com/
mostbetkazinotop.ru,3,
mostbetkazinouz.info,3,
mostbetkg.org,3,
mostbetkirishsayti.com,3,https://www.google.com/
mostbetkirishuz.org,3,
mostbetkodpromocyjny.com,3,
mostbetkz-mobile.kz,3,
mostbetkz.icu,3,
mostbetkz.info,3,
mostbetkzlogin.com,3,
mostbetkzlogin.info,3,
mostbetkztop.com,3,
mostbetlegal.com,3,
mostbetlegalny.com.pl,3,
mostbetlegalny.pl,3,
mostbetlink.com,3,
mostbetlivecasino.com,3,
mostbetlivecrazytime.com,3,
mostbetlogin-in.com,3,
mostbetlogin.ink,3,
mostbetlogin.kz,3,
mostbetlogin.pk,3,
mostbetlogin2024.in,3,https://www.google.com/
mostbetloginbd.com,3,https://www.google.com/
mostbetloginindia.com,3,
mostbetloginuz.xyz,3,https://www.google.com/
mostbetlogowanie.ink,3,
mostbetmagyar.com,3,
mostbetmarocofficial.com,3,
mostbetmobileapp.com,3,
mostbetmobileapp.cz,3,
mostbetmx.casino,3,
mostbetmx.com.mx,3,
mostbetnederland.com,3,
mostbetnepal.bet,3,
mostbetnepal.casino,3,
mostbetnepal.com,3,
mostbetnew.com,3,
mostbetnow1.top,3,https://www.google.com/
mostbetnp.casino,3,
mostbetofficial-pl.ink,3,
mostbetofficial.com.co,3,
mostbetofficial.pl,3,
mostbetofficialapp.com,3,
mostbetofficialbd.com,3,
mostbetofficialeg.com,3,
mostbetofficialhu.com,3,
mostbetofficialkg.com,3,
mostbetofficialsite.cz,3,
mostbetofficialwebsite.cz,3,
mostbetoffiziell.com,3,
mostbetoficial.pt,3,
mostbetoficialpt.com,3,
mostbetomad.com,3,
mostbetonline-bd.com,3,
mostbetonline-cz.ink,3,
mostbetonline-de.com,3,
mostbetonline-pk.pk,3,
mostbetonline-tr.com,3,
mostbetonline-tr.net,3,
mostbetonline-uzb.com,3,
mostbetonline.com.pl,3,
mostbetonlinebet.com,3,
mostbetonlinecz.com,3,
mostbetonlinekirish.com,3,
mostbetoyna.com,3,
mostbetoyna.top,3,https://www.google.com/
mostbetoynash.com,3,https://www.google.com/
mostbetpakistan.pk,3,
mostbetpakistan.run,3,
mostbetperu.com,3,
mostbetphilippines.com,3,
mostbetpk.net,3,
mostbetpl-poland.com,3,
mostbetpl.it.com,3,
mostbetpl.mex.com,3,
mostbetpl2026.ink,3,https://www.google.com/
mostbetplay-az.com,3,
mostbetplay.pl,3,
mostbetplayaz.com,3,
mostbetplaywin-795.top,3,
mostbetplbet.com,3,
mostbetplcasino.com,3,
mostbetplus1new.ru,3,
mostbetpolak.com,3,
mostbetpoland.art,3,
mostbetpolska-online.pl,3,
mostbetpolska.app,3,
mostbetpolska.com,3,
mostbetpolska.mex.com,3,
mostbetpolska.net.pl,3,https://www.google.com/
mostbetportugal-app.com,3,
mostbetportugal.casino,3,
mostbetpromocode.in,3,
mostbetpt.com,3,
mostbetr.com,3,
mostbetr.ru,3,https://www.google.com/
mostbetrabocheezerkalo.ru,3,https://www.google.com/
mostbetreferral.com,3,
mostbetregistration.com,3,
mostbetregistration.org,3,
mostbetru01.ru,3,https://www.google.com/
mostbetru03.ru,3,https://www.google.com/
mostbetru101.ru,3,https://www.google.com/
mostbetru132.top,3,https://www.google.com/
mostbetru58newtop.ru,3,
mostbetrus.ru,3,https://www.google.com/
mostbetrus1.top,3,https://www.google.com/
mostbetrus2.top,3,https://www.google.com/
mostbetrus3.top,3,https://www.google.com/
mostbetrus4.top,3,https://www.google.com/
mostbetrus5.top,3,https://www.google.com/
mostbets-apk.cz,3,
mostbets-apk.org,3,
mostbets-ar.com,3,
mostbets-azerbaycan.com,3,
mostbets-bet.it.com,3,
mostbets-bet.pk,3,
mostbets-bonus.cz,3,
mostbets-casinos.it.com,3,
mostbets-ci.com,3,
mostbets-colomb.co,3,
mostbets-colombia.com,3,
mostbets-de.de,3,
mostbets-gr.com,3,https://www.google.com/
mostbets-greece.com,3,https://www.google.com/
mostbets-hu.com,3,
mostbets-hu.net,3,
mostbets-hungary.org,3,
mostbets-hungr.com,3,
mostbets-ireland.com,3,
mostbets-kasyno-poland.pl,3,
mostbets-kasyno.ink,3,
mostbets-kazyno.pl,3,
mostbets-maroc.com,3,
mostbets-md.com,3,
mostbets-pl.pl,3,
mostbets-polska-2026.ink,3,
mostbets-polska.best,3,
mostbets-polska.click,3,
mostbets-polska.com,3,
mostbets-polska.top,3,
mostbets-promo2.com,3,
mostbets-qeydiyyat.com,3,
mostbets-tr.com,3,
mostbets-turkey.com,3,
mostbets-turkiye.com,3,
mostbets-uzbekistan.com,3,
mostbets.bet,3,
mostbets.br.com,3,
mostbets.com.co,3,
mostbets.com.pl,3,
mostbets.com.ua,3,
mostbets.gr,3,
mostbets.ink,3,
mostbets.kg,3,
mostbets.net.in,3,
mostbets.su,3,https://www.google.com/
mostbets2026.ink,3,
mostbets2026.online,3,
mostbetsayti-uz.com,3,
mostbetsbangladesh.com,3,
mostbetscasino.com,3,
mostbetscz.top,3,
mostbetsczech.top,3,
mostbetsgiris.com,3,
mostbetshu.com,3,
mostbetsindia.net,3,
mostbetsite.net,3,
mostbetsitez.com,3,
mostbetskachat-kz.org,3,
mostbetskg.com,3,
mostbetslk.com,3,
mostbetsmar.ma,3,
mostbetsnepal.com,3,
mostbetspakistan.com,3,
mostbetspin7.ru,3,https://www.google.com/
mostbetspin8.top,3,https://www.google.com/
mostbetspin9.top,3,https://www.google.com/
mostbetspk.com,3,
mostbetspolska.com,3,
mostbetsport.pl,3,
mostbetsports.com,3,
mostbetsportuz.com,3,
mostbetsss.net.pl,3,
mostbetsuz.com,3,
mostbett-argentina.com,3,
mostbett-com.pl,3,
mostbett-hu.com,3,
mostbett-nepal.com,3,
mostbett-polska.com,3,
mostbett-uz.com,3,https://www.google.com/
mostbettaz2.com,3,
mostbetter03.ru,3,https://www.google.com/
mostbetthailand.com,3,
mostbetthailand.top,3,
mostbettjk.com,3,
mostbettpl.com,3,
mostbettpl.net,3,
mostbettpolska.com,3,
mostbettr-online.com,3,
mostbettr.com,3,
mostbettr.net,3,
mostbettr.online,3,
mostbettr.org,3,https://www.google.com/
mostbetts.co,3,
mostbetturkey.app,3,
mostbetturkey.bet,3,
mostbetturkey.net,3,
mostbetturkey.online,3,
mostbetturkey.org,3,
mostbetturkey.vip,3,
mostbeturkey.com,3,
mostbetuyukleazerbaycan.com,3,
mostbetuz-apk.com,3,
mostbetuz-app.com,3,
mostbetuz-kirishga.com,3,
mostbetuz-uz.net,3,
mostbetuz-uzb.com,3,
mostbetuz-uzbekistan.com,3,
mostbetuz.co,3,
mostbetuz.net,3,
mostbetuz.one,3,
mostbetuzb.com,3,
mostbetuzbe.com,3,
mostbetuzbe.net,3,
mostbetuzbek.org,3,
mostbetuzbeki.com,3,
mostbetuzbekis.com,3,
mostbetuzbekist.com,3,
mostbetuzbekistanuz.com,3,
mostbetuzbekiston.com,3,
mostbetuzbekistons.com,3,
mostbetuzbkirish.com,3,https://www.google.com/
mostbetuzbn.buzz,3,
mostbetuzbs.com,3,
mostbetuzk.com,3,
mostbetuzuz.com,3,
mostbetuzuzbekistan.com,3,
mostbetuzx.com,3,
mostbetworld.info,3,
mostbetworld.net,3,
mostbetworld.org,3,
mostbetworld.top,3,
mostbetworld.vip,3,
mostbetx.net,3,
mostbetyuklabolish-uz.com,3,
mostbetyukleaz.com,3,
mostbetyukleazerbaycan.com,3,
mostbetyuklemek.com,3,https://www.google.com/
mostbetz-np.com,3,
mostbetz-pl.com,3,
mostbetzaklady.com,3,
mostbetzerkalo15.top,3,https://www.google.com/
mostbetzerkalo7.ru,3,https://www.google.com/
mostbetzerkalo9.ru,3,https://www.google.com/
mostbetzuzb.com,3,
mostccnis.online,3,
mostgiris.com,3,
mostkzamp.site,3,
mostkzamp1.site,3,
mostkzamp3.site,3,
mostowi.pl,3,
motelhiiservice.com,3,
moto-szlifiernia.pl,3,
motorospark.hu,3,
mountvillemanali.com,3,
moztbet.kz,3,
mpstudiodesign.pl,3,
ms-mmc.com,3,
muchogaming.com,3,
muntaqa.info,3,
murmanskiceswimming.ru,3,
muromtseva.com,3,
musicatsaintalbans.org,3,
musikaly.ru,3,
muslife.net,3,
muzblue.net,3,
muzycznybeatfm.pl,3,
my-atomy.info,3,
my-mostbet-uz.com,3,https://www.google.com/
myforexnews.com,3,
mypsyedu.ru,3,
mzerkalorabocheemostbet.ru,3,https://www.google.com/
nacmconference.org,3,
nagymamahazikoja.hu,3,
najmiddinmavlyanov.com,3,
nakhchivantourinfo.com,3,
nakhichevanmonuments.com,3,
nakhitsolutions.com,3,
narexpha.cz,3,
nasizz.hu,3,
nataliecartertalksfitness.com,3,https://www.google.com/
nauvoo.net,3,
navat.com.kz,3,
navijaky.net,3,
nctva.org,3,
ndsegfellowships.org,3,
nedeli.org,3,
neekazar.com,3,
nemanex.pl,3,
nepalvpn.net,3,
newlookhydrographics.com,3,
news4land.com,3,
newstartactors.com,3,
nggi.uz,3,
nicetoeatyou.es,3,
niekasyno.pl,3,
niewidzialnygdansk.pl,3,
nisabeautysalon.com,3,
nm-masters.com,3,
nobullswipe.net,3,
notbankrotspb.ru,3,
noticiasdonordeste.pt,3,
novadotnet.com,3,
novaksbar.com,3,
novostigyandji.com,3,
nownessmoscow.com,3,
nuhun.net,3,
nurtobe.com,3,
nutridom.ru,3,
obaykale.ru,3,
obyektivxeber.com,3,
ocalausa.com,3,
ocdswaw.org,3,
ocni-cocky.cz,3,
ojaja.kz,3,
okeeffe-shoes.com,3,
okosekszer.hu,3,
okulyk-edu.kz,3,
oldtennentchurch.org,3,
oleads.in,3,
omegasport.kg,3,
ondrejsynek.cz,3,
oneidamusic.com,3,
online-giris-resmi.ink,3,
online-mostbet.cz,3,
online-resmi-giris.ink,3,
onlinefilm-obzor.com,3,
oooliberty25.ru,3,
opolearoundiceland.pl,3,
opus-praha.cz,3,
opusmakina.com,3,
oqtoshdon.uz,3,https://www.google.com/
oranjbooks.com,3,
orayin.org,3,
orduolay.com.tr,3,
originalni-samolepky.cz,3,
oryoldlc.org,3,
osavosa.cz,3,
oscarfurs.com,3,
osgrrr.com,3,
ostrov-grad.ru,3,
ozabet.org,3,
p1ay-mostbet.top,3,https://www.google.com/
pa-partners.org,3,
pagnific.com,3,
paitosydneywarna.org,3,
pakistan-casinos.com,3,
pakistan-mostbet1.com,3,
pakistan-mostbet2.com,3,
pakistansuperleague.com.pk,3,
paleopaparazzi.com,3,
panaigialeiosfc.com,3,
papirusstudio.com,3,
paradosik-handmade.ru,3,
parahacker.com,3,
parent2parentnj.org,3,
parimatchukraine.cz,3,
partners.org.kz,3,
partnerskawbet.com,3,
paularpie.com,3,
pekguzelsozler.com,3,
penghasilanjudiolahraga.com,3,
pensacolanavydays.com,3,
peoplespint.com,3,https://www.google.com/
perlaacademy.com,3,
perlysumavy.cz,3,
pestabetcantik.com,3,
pfmlogin.org,3,
pharmacotherapyjournal.org,3,
pioro.ru,3,
pit-2012.pl,3,
piter-maydan.ru,3,
pivoaslzy.cz,3,
piyasabeklenti.com,3,
pl-most-bet.com,3,
pl-mostbet.com,3,
play-mostbet.com,3,
playmostbet.com,3,
plmostbet.com,3,
plmostbetpolska.com,3,
pobedamostbet-9.ru,3,https://www.google.com/
podari-yspeh.ru,3,
podarokzaberytut.ru,3,
polska-mostbet.com,3,
polskamostbet.com,3,
polski-mostbet.pl,3,
pooldeckspalmbeach.com,3,
portshop.pl,3,
portugalmostbet.com,3,
poslaniecantoniego.pl,3,
postrnistibos.cz,3,
ppcervenak.cz,3,
ppi.net.ua,3,
praguesoft.cz,3,
prazdnik.info,3,
prehled.net,3,
presidentjobs.info,3,
pressdent.net,3,
pretorianshop.cz,3,
prezidentblanik.cz,3,
priemnaya.info,3,
prima-center.net,3,
primemallsivas.com.tr,3,
printhouse64.com,3,
prirodnimedicinabrno.cz,3,
prizecorrect.ru,3,
pro-remont-kotlov.kz,3,
pro8.kz,3,
proalabaev.ru,3,
productivefitness.com,3,
profiambau.cz,3,
promo1-mostbet.com,3,
promocode-mostbet.com,3,
promocodemostbet.com,3,
promotous.ru,3,
pronajembytu-praha.cz,3,
propiska-v-schools.online,3,
propochtabank.com,3,
proryazan.com,3,
prouddinosaurs.com,3,
proverka.kg,3,
przepisnaszycie.pl,3,
psbkvest.ru,3,
psi-kocky.cz,3,
pspmakosy.pl,3,
ptpo2023.pl,3,
pumpaspb.ru,3,
pustibari.com,3,
qmcreativefest.kz,3,
qualityautosalesalaska.com,3,
quanticdespert.com,3,
raenshop.ru,3,
ramsgatemaritimemuseum.org,3,
rating-mostbet-casino58.ru,3,https://www.google.com/
rating-mostbet-casino59.top,3,https://www.google.com/
rating-mostbet-casinohc.ru,3,https://www.google.com/
rating-mostbet-casinohc1.top,3,https://www.google.com/
rating-mostbet-casinohc2.top,3,https://www.google.com/
rating-mostbet-casinokp.ru,3,https://www.google.com/
rating-mostbet-casinokp1.top,3,https://www.google.com/
rating-mostbet-casinokp2.top,3,https://www.google.com/
rating-mostbet-casinook.ru,3,https://www.google.com/
rating-mostbet-casinook1.top,3,https://www.google.com/
rating-mostbet-casinook2.top,3,https://www.google.com/
rating-mostbet-casinooo.ru,3,https://www.google.com/
rating-mostbet-casinooo1.top,3,https://www.google.com/
rating-mostbet-casinooo2.top,3,https://www.google.com/
rating-mostbet-casinopi.ru,3,https://www.google.com/
rating-mostbet-casinopi1.top,3,https://www.google.com/
rating-mostbet-casinopi2.top,3,https://www.google.com/
rating-mostbet-casinovg.ru,3,https://www.google.com/
rating-mostbet-casinovg1.top,3,https://www.google.com/
rating-mostbet-casinovg2.top,3,https://www.google.com/
rating-mostbet-casinowh.ru,3,https://www.google.com/
rating-mostbet-casinowh1.top,3,https://www.google.com/
rating-mostbet-casinowh2.top,3,https://www.google.com/
rating-mostbet-casinowo.ru,3,https://www.google.com/
rating-mostbet-casinowo1.top,3,https://www.google.com/
rating-mostbet-casinowo2.top,3,https://www.google.com/
rating-mostbet-casinowr.ru,3,https://www.google.com/
rating-mostbet-casinowr1.top,3,https://www.google.com/
rating-mostbet-casinowr2.top,3,https://www.google.com/
rating-mostbet-casinoxd.ru,3,https://www.google.com/
rating-mostbet-casinoxd1.top,3,https://www.google.com/
rating-mostbet-casinozj.ru,3,https://www.google.com/
rating-mostbet-casinozj1.top,3,https://www.google.com/
razormaid.com,3,
readbd.com,3,
realmanrussia.com,3,
rebekahlowrillewelyn.com,3,
renevalneo.cz,3,
resmi-casino.ink,3,
resmi-giris-az.ink,3,
resmi-giris-yap.art,3,
resmi-giris-yap.org,3,
resmi-giris-yap1.org,3,
resmi-giris.art,3,
resmi-giris.ink,3,
resmi-mostbet-giris.ink,3,
restauraceart.cz,3,
restauracjapiast.pl,3,
retrotechno.ru,3,
reviewsrevues.com,3,
revive275.org,3,
rezepter.eu,3,
rfs21.ru,3,
rgmprice.com,3,
rightmantra.com,3,
rivaelmasburnuplajservisi.com,3,
rmclinica.ru,3,
rms-moto.cz,3,
rockymountainbaking.com,3,
rokoko.org.pl,3,
rollermart.ru,3,
romanticallyyoursbookcon.com,3,
rostnp.ru,3,
rostov-kassa.com,3,
rostovcomtrans.ru,3,
roswellrods.com,3,
rotaryamur.ru,3,
royaofficial.com,3,
rsbf.org,3,
rsuddepatihamzah.com,3,
rublix.site,3,
rumostbet.com,3,
runningbyrdteacompany.com,3,
rus-mostbet.com,3,
russia-mostbet.com,3,
russiaga.com,3,
russkie-seriali.com,3,
sabaktar.kz,3,
saintclassified.pk,3,
salonclea.cz,3,
samaragtech.com,3,
samtelemaster.ru,3,
sandjamfest.com,3,
sanmarglive.com,3,
sanskrutiprakashan.com,3,
sapporosushikingston.com,3,
saraconca.com,3,
sarasoz.kz,3,
sattakingbid.com,3,
saulmafreitas.com.br,3,
sbmrb.com,3,
schoolchess.uz,3,
scienceresearch.uz,3,https://www.google.com/
scottsdalemicrobladingstudio.com,3,
se.kg,3,
seattlebbqandgrillingschool.com,3,
secret-room-clothes.ru,3,
sedratalasafeer.com,3,
semeyairport.kz,3,
seoprofessor.in,3,
seotehnologia.ru,3,
seoulgardentogo.com,3,
setodetools.ir,3,
sevakmusic.ru,3,
sevvenkucuk.com,3,
sg-trenink.cz,3,
sgforum.cz,3,
shar-23.ru,3,
shashlikyug.ru,3,
sherlockseries.ru,3,
shreeganeshrealestate.co.in,3,
signslate.com,3,
silvermostbet-739.ru,3,https://www.google.com/
simon-chasseloup.com,3,
simplyfree.ru,3,
sirinbabykids.com,3,
sishome.cz,3,
siyamder.org,3,
skazka-orsk.ru,3,
skinkeen.ru,3,
slovarik.org,3,
smartcityscale.com,3,
smartsports-betting.com,3,
smarttomsk.com,3,
smirnov-as.ru,3,
snbnso.ru,3,
sneakerside.kz,3,
sochilestoriya.ru,3,
sok-raduga.ru,3,
solaramendi.com,3,
solcellerdalarna.net,3,
somaliembassyuae.com,3,
sosnovayaroscha.com,3,
sosses-ufa.ru,3,
sottoterraatthesanctuary.com,3,
soundforsage.ru,3,
sovereignurgentcare.com,3,
spartanstabletennisclub.com,3,
speakergideon.com,3,
specialsport.cz,3,
spoonfulofflour.com,3,
sport-betting-world.com,3,
sport-mostbet.org,3,
sport-na-donu.ru,3,
sportbetting-world.com,3,
sportbettingsstrategy.com,3,
sportegyfutures.cz,3,
sportpref.ru,3,
sportsbettingstrategy.fr,3,
sportsbettingstrategyke.com,3,
sportssite.ru,3,https://www.google.com/
sposobynachrapanie.pl,3,
srilankanrestaurant.cz,3,
ssm-rostov.ru,3,
stabilniydoxod.ru,3,
stafbul.com,3,
stareczarnowo.org,3,
starpublictrans.com,3,
stavby-dvorak.cz,3,
stavimlinux.ru,3,
stelizabethchurch.org,3,
step2america.com,3,
stepfestival.cz,3,
stevenpittassociates.com,3,
sticonline.in,3,
stilno.info,3,
stoljar.ru,3,
strat.cz,3,
stropygruz.ru,3,
studbirga.info,3,
studiostilesandtotalfitness.com,3,
stulya-tualety.ru,3,
sulfatodecobre.org,3,
sunmonstudio.com,3,
svatbyjuliana.cz,3,
swaggerofthievesfilm.com,3,
swspeedmotors.com,3,
symbolicsdomainsltd.pl,3,
szallas-lista.hu,3,
szegybp.org,3,
szkitiarock.hu,3,
sztchacrylic.com,3,
tagid.ru,3,
takecareinfo.com,3,
taksi-na-vokzal.ru,3,
tamericsdc.org,3,
tana-rus.ru,3,
tanyavolkova.ru,3,
taobao-kz.kz,3,
taquierotaco.com,3,
tarbush-my.com,3,
taruhanolahraga-pintar.com,3,
taruhanterbaik.com,3,
taxiairportvnukovo.ru,3,
teamsidorova.ru,3,
tedxbeu.com,3,
tedxyouthprague.cz,3,
teknolojio.com.tr,3,https://www.google.com/
tekoplast.net,3,
telegram-region.com,3,
teniszfuzfo.hu,3,
teplovoy-service.ru,3,
terlannovxani.info,3,
teslacountry.com,3,
test-cisticek-vzduchu.cz,3,
texascampcompany.com,3,
thabetviet.com,3,
thebridges.ru,3,
thebudgetelectric.com,3,
thecoffeeshopatthegreenhouse.com,3,
theenclaveatpalmira.org,3,
thehairco440.com,3,
themongomcmichaels.com,3,
themostbetuz.com,3,https://www.google.com/
thenailspas.net,3,
think-renewable.com,3,
tilgroup.ru,3,
timecpd.net,3,
tjikko.co.in,3,
tl-topline.ru,3,
toearnsportsbetting.com,3,
tofiq-haciyev.com,3,
tohoku-magnet-inst.com,3,
tolgatemel.com,3,
tomorrowrest.ru,3,
too-ashuu.kg,3,
topolowka.pl,3,
topsitestreaming.net,3,
torunlarmermer.com.tr,3,https://www.google.com/
tr-mostbet.com,3,
train-sim.cz,3,
transenergo.kz,3,
trattoriarest.ru,3,
travelbeautifulindia.com,3,
trmilkandhoneyatl.com,3,
trojmezi.info,3,
trollbeadscz.com,3,
tropicpark.ru,3,
trtprague.cz,3,
truckaccidentlawyerhenderson.com,3,
truhlarstvijezek.cz,3,
tsgdom23.ru,3,
tuddmeg.hu,3,
turkdunyasi.kz,3,
turkiye-resmi-giris.ink,3,
turkmenelicephesi.com,3,
twojenowinki.pl,3,
twt-logistics.com,3,
ufahockey.ru,3,
ugandavpn.net,3,
ukkostutkat.com,3,https://www.google.com/
uklidimesos.cz,3,
ultra-ecodez.ru,3,
un-plasticcollective.in,3,
undv2025vietnam.com,3,
unitedclubsofwaco.org,3,
uralvideo.ru,3,
urdu.kz,3,
usavisasonline.com,3,
usibalu.cz,3,
ussr.to,3,
utro.cz,3,
uz-mostbet-live.com,3,
uz-mostbet-online.com,3,
uzbekistan-mostbet.net,3,https://www.google.com/
uzbekistanmostbet.com,3,https://www.google.com/
uzbekiston-mostbet.com,3,
uzbekiston-mostbet1.com,3,
uzbekiston-mostbet2.com,3,
uzbekskoe.org,3,
vaptos.cz,3,
vatsap-plus.com,3,https://www.google.com/
vdamos.cz,3,
vdvkids.ru,3,
vekarta.com,3,
vektor-avto.ru,3,
velic.io,3,
verajourova.cz,3,
victorhabbick.com,3,
vistadeishelties.com,3,
vital-france.com,3,
vitrocsa-fenetre-minimale.com,3,
vivocb.cz,3,
vmedcollege-emily.kz,3,
vogacode.com,3,
vorota-shymkent.kz,3,
vpksport.ru,3,
vprognoze365.ru,3,
vsevologsk.com,3,
vtb-meetup.ru,3,
vynesimozg.com,3,
wastetargetsreview.eu,3,
webchutney.pk,3,
webmart.com.pl,3,
websketches.ru,3,
wedigmetaldetectors.net,3,
wedme.cz,3,
weeklyadthisweek.com,3,
wesoleosemki.pl,3,
whitelineczech.com,3,
whoami-center.ru,3,
wholemelt-extracts.com,3,
wildproduction.ru,3,
williesbrewnquethehill.com,3,
wiltonmarketcork.com,3,
winterland.pk,3,
wizico.kz,3,
wocreator.com,3,
wolontariatschroniskozamosc.pl,3,
workindoor.com,3,
workstarmanpower.com,3,
worldhopeaz.org,3,
wpacracker.com,3,
wubi-installer.org,3,
wulingbekasi.com,3,
www-mostbet-android.ru,3,https://www.google.com/
www-mostbet-casino.ru,3,https://www.google.com/
www-mostbet-mostbet.ru,3,https://www.google.com/
www-mostbet-registration.ru,3,https://www.google.com/
www-mostbet-site.ru,3,https://www.google.com/
www-mostbet-skachat.ru,3,https://www.google.com/
www-mostbet-zerkalo-ru.ru,3,https://www.google.com/
www-mostbet-zerkalo.ru,3,https://www.google.com/
www-mostbet.ru,3,https://www.google.com/
www-mostbet1.ru,3,https://www.google.com/
xezer.info,3,
xn----7sbaabac0fxa0c4cpb8g.xn--p1ai,3,
xn----8sbabu5akq1adhcf2e0d.kz,3,
xn----8sbbqmglmqci1anc.kz,3,
xn----9sbeic4boewkc2b.kz,3,
xn----ptbgcd.xn--p1ai,3,
xn--80-9kcmeb3dh.xn--p1ai,3,
xn--80afc4bal.xn--d1acj3b,3,
xn--b1aepenedp0a2f.xn--p1ai,3,
xn--mostbetgiri-1gc.com,3,https://www.google.com/
xn--mostbetz-fza.com,3,https://www.google.com/
xn--mostbt-fva.com,3,
xn--motbet-4ib.com,3,
xn--motbet-ckb.com,3,
xn--ngbdb7a3fsar.com,3,
yalovabasin.com,3,
yaraticilik.org,3,
yasam-finans.com,3,
yasamajans.org,3,
yaxta.info,3,
yedekanahtarci.com,3,
yegetsin.com,3,
yeni-giris.ink,3,
yeni.ink,3,
yenigelecek.com.tr,3,
yeninesilprefabrik.com,3,
yomorganik.com.tr,3,https://www.google.com/
yorkmini.ru,3,
yourbettinghelp.com,3,
yoursleepstory.ru,3,
yovicat.cz,3,
yqbyyoplait.com,3,https://www.google.com/
yukle-mostbet-az.com,3,
yuklemostbet.com,3,https://www.google.com/
z-esthetic.pl,3,
zadumka-samara.ru,3,
zakaz.kg,3,
zakochajsiewkolorze.pl,3,
zaman.kg,3,
zbeadwork.com,3,
zbexsol.com,3,
zemskypivovar.cz,3,
zerkalo-mostbet-w1.ru,3,https://www.google.com/
zerkalo-mostbet.com,3,
zerkalo1-mostbet.com,3,
zerozero.com.tr,3,
zhilstroyresurs.org,3,
zinexo.xyz,3,
zlaptaxi.pl,3,
zonaspace.ru,3,
zoomstudio.cz,3,
zverado.cz,3,
