domain,category,title,final_url
101poisk.ru,unrelated,101poisk.ru - отзывы о сайтах и онлайн-сервисах,https://101poisk.ru/
111bet.vu,other_gambling,111bet - Slot nổ hũ tặng free spin hôm mượt hơn,https://111bet.vu/
11mau777.com,unrelated,Attention Required! | Cloudflare,https://11mau777.com/
12-bet.top,unrelated,12Bet Verified Entry 2026 | Official Portal First India,https://12-bet.top/
120under40.org,unrelated,120 Under 40,https://120under40.org/
16-bet-app.com,other_gambling,Avaliação de Usabilidade 16bet | Plataforma Rápida 16bet,https://16-bet-app.com/
1canticonuevo.com,other_gambling,All Yono Games Official APK Download (2026) | Real Cash Rummy & Slots,https://alightmotion-pc.com/
1pkbet.com,other_gambling,1PK.BET | Best Online Casino in Pakistan 24/7,https://1pkbet.com/p2451/index.html
1serbajp.com,other_gambling,Partner Resmi Mix Parlay Sbobet88 Piala Dunia FIFA 2026 - SERBAJP,https://1serbajp.com/
1vyn.club,other_gambling,1VYN | Best Trusted Online Entertainment & Casino Company in Malaysia Since 2015,https://1vyn.club/my
1win-argentina-casino.com,other_gambling,"1Win Argentina | casino, apuestas y acceso oficial",https://1win-argentina-casino.com/
1win-az.com,other_gambling,1Win Azərbaycan – İdman Mərcləri və Caisno portalı. Bonus əldə etmək üçün daxil olun.,https://1win-promo-azerbajan.com/
1xaviator-kg.com,unrelated,Istanbul Eskort Bayan,https://tatlikizlar.lol/
1xbet.com,other_gambling,Online Sport Bookmaker Serbia 1xBet,https://1xbet.rs/en
1xbetpromostavka.ru,other_gambling,"1xCasino — официальный сайт, рабочее зеркало, регистрация и бонусы | Полный гид",https://1xbetpromostavka5.top/
20-bet-game.com,other_gambling,Melhores Jogos 20Bet | Avaliação 20Bet para Brazil,https://20-bet-game.com/
200pajaktoto.co,other_gambling,NOHU90 PAJA - Trang Chủ NOHU90.COM Uy Tín Không Chặn 2026,https://200pajaktoto.co/
21bit-casino-game-au.com,other_gambling,21bit Casino Australia OFFICIAL 🔥 Trusted Crypto Casino Review 2026 【VERIFIED SECURE】 Best Online Casino,https://21bit-casino-game-au.com/
222j.net,other_gambling,2J.BET | Best Online Casino in Pakistan 24/7,https://222j.net/p2469/index.html
23-bet.cc,other_gambling,23Bet Acesso PC 2026 | Link Oficial & Portal 23Bet,https://23-bet.cc/
247sports.com,other_gambling,College Sports News and Recruiting,https://247sports.com/
24karat-20744.com,unrelated,Home - 24Karat,https://24karat-20744.com/
25newsnow.com,other_gambling,WEEK | 25 News Now,https://www.25newsnow.com:443/
288com.net,other_gambling,288com - Join Verified Mobile Casino for Welcome Bonus,https://288com.net/
298pkr.net,other_gambling,298pkr - Verified Jackpot Slots Deals with PKR Bonus Deals,https://298pkr.net/
29x777.net,other_gambling,29x777 - Discover Pro Online Casino Bonus Offers,https://29x777.net/
2tech.net,other_gambling,Home - 2Tech App,https://2tech.net/
333bet-app.cc,other_gambling,333bet Acesso PC 2026 | Link Oficial & Portal 333bet,https://333bet-app.cc/
355-bet-app.com,other_gambling,355Bet Mobile 2026 | Acesso Seguro & Portal Oficial 355Bet,https://355-bet-app.com/
356cuci.net,other_gambling,356cuci - Unlock Mobile Casino and Claim Smooth Mobile Play,https://356cuci.net/
3777cb.net,other_gambling,3777cb - Spin PK Slots to Unlock Daily Promo Rewards,https://3777cb.net/
399pk.net,other_gambling,399pk - Discover Safe PK Casino with Daily Bonus Rewards,https://399pk.net/
3pitt.net,other_gambling,3pitt - Join Pro Jackpot Slots for Hot Rewards,https://3pitt.net/
4466bet1m.com,other_gambling,4466 Bet - Plataforma Oficial -4466Bet.Com,https://4466bet1m.com/
4777sx.net,other_gambling,4777sx - Online Slots App with Free Spin Rewards,https://4777sx.net/
4boss.ru,unrelated,4boss.ru,https://4boss.ru/
4d2ulived.com,unrelated,4D2U Live – Top No Virus Earning Games APK Download Pakistan 2026,https://4d2ulived.com/
4dbeli.app,other_gambling,4dbeli - Top MY Safe Casino with Exclusive Promo Deals,https://4dbeli.app/
4sarangsbobet.com,other_gambling,SARANGSBOBET | Join Langsung Disini Tanpa Perlu Ribet Dan Lama Klik Daftar Terus Login,https://4sarangsbobet.com/
555lottery.app,other_gambling,The World’s Best Online Lottery – Win the Biggest Bitcoin Jackpot - 555 lottery,https://555lottery.app/
5rgame.co,other_gambling,5rgame - Grab Hot Slots and Claim Safe PKR Rewards,https://5rgame.co/
666-br.com,other_gambling,666BET | Bet Responsibly with England's Most Exciting Online Gaming Platform,https://666-br.com/
6abc.com,other_gambling,"6abc Action News - WPVI Philadelphia, Pennsylvania, New Jersey and Delaware News",https://6abc.com/
6ters.com,unrelated,Andar Bahar – andar bahar online game अनुभव भारत के खिलाड़ियों के लिए,https://6ters.com/
777olimp.asia,other_gambling,777 Olimp Kazino - Azərbaycanda 🇦🇿 ən etibarlı və ən maraqlı kazino 🤟🏻,https://777olimp.asia/
777olimp.land,other_gambling,777 Olimp Kazino - Azərbaycanda 🇦🇿 ən etibarlı və ən maraqlı kazino 🤟🏻,https://777olimp.land/
777olimp.link,other_gambling,777 Olimp Kazino - Azərbaycanda 🇦🇿 ən etibarlı və ən maraqlı kazino 🤟🏻,https://777olimp.link/
777pk.co,other_gambling,777pk - Official Online Slots Deals with Mobile Reward Deals,https://777pk.co/
77bzbet.com,other_gambling,BZBET -the most exclusive online slots gaming platform BZ BET,https://77bzbet.com/
786win.net,other_gambling,786win - Try Safe Mobile Slots with Daily Cash Bonuses,https://786win.net/
790pub.co,other_gambling,790pub - Fresh PH Slots App with New Player Bonus Offers,https://790pub.co/
7pk365.net,other_gambling,7pk365 - Leading PK Casino Deals with Bonus Spins Today,https://7pk365.net/
7sarangsbobet.com,unrelated,SARANGSBOBET | Link Daftar Terpercaya Situs Games Online Terbaik Layanan 24 Jam,https://7sarangsbobet.com/
7starbet.com,other_gambling,7Starbet,https://7starbet.com/sport/dgt/Home?openedModals=%2Fsign-up
7starbet.org,other_gambling,7Starbet,https://7starbet.org/sport/dgt/Home?openedModals=%2Fsign-up
868-bet-app.com,other_gambling,"Verdade sobre 868Bet 2026 | Reclamações, Saque PIX e Link 868Bet",https://868-bet-app.com/
877-bet.pk,other_gambling,Bet877 Game Review 2026 | Best Online Betting Site & Casino with Bonus - 877bet,https://877-bet.pk/
888sport.com,other_gambling,Important Notice | 888.com™,https://www.888.com/regulation/restricted/
889-bet.cc,other_gambling,889Bet Saque PIX 2026 | Avaliação de Pagamento & Portal 889Bet,https://889-bet.cc/
88bzbet.com,other_gambling,BZBET -the most exclusive online slots gaming platform BZ BET,https://88bzbet.com/
8ballroofing.com,other_gambling,8Ball Roofing Solutions: High quality roofing work in Arkansas & Oklahoma,https://8ballroofing.com/
8kbdgame.com,other_gambling,8KBD – Bangladesh's #1 Online Casino & Betting,https://8kbdgame.com/
918kiss.org.uk,other_gambling,"918Kiss Malaysia: Online Casino, Slots, App & Bonuses",https://918kiss.org.uk/
918kissbet.online,unrelated,dailytimes24 dashboard,https://918kissbet.online/
92dado.net,other_gambling,92dado - Visit Casino Games to Unlock Quick Bonus Picks,https://92dado.net/
92foundationmuktagacha.org,other_gambling,My Blog,https://92foundationmuktagacha.org/
92pjr.net,other_gambling,92pjr - Grab Top Online Casino and Win Casino Rewards,https://92pjr.net/
92pka.net,other_gambling,92pka - Enter Pro Hot Slots with Bonus Spins Today,https://92pka.net/
92prk.net,other_gambling,92prk - Claim Casino Rewards on Hot Mobile Casino,https://92prk.net/
999bv.net,other_gambling,999bv - Claim Online Casino to Unlock Fresh Bonus Offers,https://999bv.net/
999pkr.net,other_gambling,999pkr - Slot Games App with First Deposit Bonus,https://999pkr.net/
99garage.pl,other_gambling,1Win AZ Rəsmi Giriş | Onlayn kazinolar və İdman mərcləri,https://99garage.pl/
99ply.net,other_gambling,99ply - Fast Slots Login with Welcome Bonus Deals,https://99ply.net/
99x666.net,other_gambling,99x666 - Play Pro Jackpot Slots for Bonus Spins Today,https://99x666.net/
9dbetweb.com,other_gambling,"9D BET O cassino mais confiável do Brasil, um operador certificado pela IBIA.⚡ | Discover Brazil's Most Trusted Gambling Experience Online Today",https://9dbetweb.com/
abakus24.pl,unrelated,abakus24.pl - Domena na sprzedaż - GetName.pl | GetName.pl,https://getname.pl/domain/abakus24.pl
abc10.com,other_gambling,"Sacramento's Leading Local News: Weather, Traffic, Sports and more | Sacramento, California | abc10.com",https://www.abc10.com/
abc7news.com,unrelated,ABC7 Bay Area and San Francisco | KGO Eyewitness News,https://abc7news.com/
abeille22.fr,other_gambling,Syndicat Apicole l'Abeille Bretonne 22,http://abeille22.fr/
abigcandyk.com,other_gambling,A Big Candyڈاؤن لوڈز-پاکستان میں رولیٹ شارپ وہیل پلے میں بیٹنگ اور مضبوط جیتنے والے اوڈز A Big Candy.com,https://abigcandyk.com/
ablfoods.com.tr,unrelated,ABL FOODS,https://ablfoods.com.tr/
about.google,other_gambling,"About Google: Our products, technology and company information - About Google",https://about.google/
aboveallmaintenance.com.au,other_gambling,Above All Maintenance -,https://aboveallmaintenance.com.au/
acacialanedolls.com,other_gambling,Best Betting Sites: Top New Online Bookmakers in the UK,https://acacialanedolls.com/
academia13razones.com,other_gambling,Academia 13 Razones – Patronaje y Confección en A Coruña,https://academia13razones.com/
academybaby.com,other_gambling,B9Casino ⭐ Link Vào B9Casino Mới Nhất 2026 | Trang Chủ Chính Thức,https://www.academybaby.com/
acn2i823mb.com,unrelated,Attention Required! | Cloudflare,https://acn2i823mb.com/
actionnetwork.com,other_gambling,"Action Network: Sports Betting Odds, News & Analysis",https://www.actionnetwork.com/
acuteceramic.com,other_gambling,Türkiye Bahisçiler 2025: Bahis siteleri en iyi 10 site | Rehber,https://acuteceramic.com/
adaniexch.co,unrelated,Adaniexch.co,https://www.adaniexch.co
adivchem.com,other_gambling,Home - Adiv Chemicals Private Limited,https://adivchem.com/
adventistasvillanorte.com,other_gambling,Mi blog – Sólo otro sitio de WordPress,https://adventistasvillanorte.com/
adventuregamers.com,other_gambling,Adventure Gamers - Trusted Adventure Game Reviews,https://adventuregamers.com/
advntgsports.com.au,unrelated,ADVNTG SPORTS | Premium Football Gear & Training Solutions,https://www.advntgsports.com.au/
aerltd.uk,other_gambling,Best Betting Sites: Top New Online Bookmakers in the UK,https://aerltd.uk/
affpapa.com,other_gambling,AffPapa - iGaming directory for Affiliates and Operators,https://affpapa.com/
affpaying.com,other_gambling,"Reviews of CPA Networks, Affiliate Programs and Ad Networks - Affpaying",https://www.affpaying.com/
agenolx.com,other_gambling,AGENOLX - SITUS SLOT ONLINE PALING GACOR DAN TERPERCAYA,https://agenolx.com/
agenolx.net,other_gambling,AGENOLX - SITUS SLOT ONLINE PALING GACOR DAN TERPERCAYA,https://agenolx.net/
agenolx7.com,other_gambling,AGENOLX - SITUS SLOT ONLINE PALING GACOR DAN TERPERCAYA,https://agenolx7.com/
agenolxbel.com,other_gambling,AGENOLX - SITUS SLOT ONLINE PALING GACOR DAN TERPERCAYA,https://agenolxbel.com/
agenolxbold.info,other_gambling,AGENOLX - SITUS SLOT ONLINE PALING GACOR DAN TERPERCAYA,https://agenolxbold.info/
agenolxcong.com,other_gambling,AGENOLX - SITUS SLOT ONLINE PALING GACOR DAN TERPERCAYA,https://agenolxwowo.com/
agenolxinbox.net,other_gambling,AGENOLX - SITUS SLOT ONLINE PALING GACOR DAN TERPERCAYA,https://agenolxinbox.net/
agenolxjule.net,other_gambling,AGENOLX - SITUS SLOT ONLINE PALING GACOR DAN TERPERCAYA,https://agenolxjule.net/
agenolxking.com,other_gambling,AGENOLX - SITUS SLOT ONLINE PALING GACOR DAN TERPERCAYA,https://agenolxking.com/
agenolxkun.com,other_gambling,AGENOLX - SITUS SLOT ONLINE PALING GACOR DAN TERPERCAYA,https://agenolxkun.com/
agenolxlae.net,other_gambling,AGENOLX - SITUS SLOT ONLINE PALING GACOR DAN TERPERCAYA,https://agenolxlae.net/
agenolxlai.com,other_gambling,AGENOLX - SITUS SLOT ONLINE PALING GACOR DAN TERPERCAYA,https://agenolxlai.com/
agenolxlay.com,other_gambling,AGENOLX - SITUS SLOT ONLINE PALING GACOR DAN TERPERCAYA,https://agenolxlay.com/
agenolxloro.com,other_gambling,AGENOLX - SITUS SLOT ONLINE PALING GACOR DAN TERPERCAYA,https://agenolxloro.com/
agenolxnyai.com,other_gambling,AGENOLX - SITUS SLOT ONLINE PALING GACOR DAN TERPERCAYA,https://agenolxnyai.com/
agenolxpov.com,other_gambling,AGENOLX - SITUS SLOT ONLINE PALING GACOR DAN TERPERCAYA,https://agenolxpov.com/
agenolxset.com,other_gambling,AGENOLX - SITUS SLOT ONLINE PALING GACOR DAN TERPERCAYA,https://agenolxset.com/
agenolxsms.net,other_gambling,AGENOLX - SITUS SLOT ONLINE PALING GACOR DAN TERPERCAYA,https://agenolxsms.net/
agenolxsoka.net,other_gambling,AGENOLX - SITUS SLOT ONLINE PALING GACOR DAN TERPERCAYA,https://agenolxsoka.net/
agenolxtayo.com,other_gambling,AGENOLX - SITUS SLOT ONLINE PALING GACOR DAN TERPERCAYA,https://agenolxtayo.com/
agenolxup.com,other_gambling,AGENOLX - SITUS SLOT ONLINE PALING GACOR DAN TERPERCAYA,https://agenolxup.com/
agenolxwon.info,other_gambling,AGENOLX - SITUS SLOT ONLINE PALING GACOR DAN TERPERCAYA,https://agenolxwon.info/
agenolxwowo.com,other_gambling,AGENOLX - SITUS SLOT ONLINE PALING GACOR DAN TERPERCAYA,https://agenolxwowo.com/
agenolxzero.info,other_gambling,AGENOLX - SITUS SLOT ONLINE PALING GACOR DAN TERPERCAYA,https://agenolxzero.info/
agorapaparazzi.com.br,unrelated,Agora Paparazzi - Tudo sobre saúde e bem star,https://agorapaparazzi.com.br/
agrar.uz,unrelated,Attention Required! | Cloudflare,https://agrar.uz/
aha.video,unrelated,"Watch Movies, Web Series, TV Shows, Live TV Channels - aha",https://www.aha.video:443/
ahlens.se,unrelated,Åhléns - Online & Varuhus,https://www.ahlens.se/
aiadstore.com,other_gambling,أفضل مواقع مراهنات في مصر 2026 | دليل مواقع الرهان والعروض,https://aiadstore.com/
ainoveltranslation.com,unrelated,AI Novel Translation: The best translations at 100x speed and 1% the cost,https://www.ainoveltranslation.com/
airport-tashkent.uz,unrelated,Attention Required! | Cloudflare,https://airport-tashkent.uz/
ajaib8.net,other_gambling,AJAIB8 | Kelas Sultan Nikmati Aksi Bola Dunia Dengan Keuntungan Besar,https://ajaib8.net/
akademiayna.com,other_gambling,"Chicken Road Italia Guida al Gioco, Demo Gratis, RTP 98% e Strategie 2026",https://akademiayna.com/
akmo.kz,unrelated,Akmo - Новости Астаны и Акмолинской области,https://akmo.kz/
al.com,unrelated,"Alabama Local News, Breaking News, Sports & Weather",https://www.al.com:443/
alainlea.com,unrelated,Alain Lea Ministries,https://alainlea.com/
alergologia-murawska.pl,other_gambling,Realz Casino Opinie – Czy To Bezpieczne Kasyno w PL?,https://alergologia-murawska.pl/
alfagiannakidis.gr,unrelated,Πυροσβεστικά είδη - Alfa Giannakidis,https://alfagiannakidis.gr/
algorithmsteps.site,unrelated,ALGORITHM STEPS | Quantum Decryption Matrix,https://algorithmsteps.site/
algorithmsteps.space,unrelated,A L G O R I T H M steps,https://algorithmsteps.space/
alibaba.com,unrelated,"Alibaba.com: Manufacturers, Suppliers, Exporters & Importers from the world's largest online B2B marketplace",https://www.alibaba.com/
alina-cosmetics.com,unrelated,Alina Cosmetics - deine Online-Parfumerie ❤️ | Alina Cosmetics,https://alina-cosmetics.com/
allbetsnews.net,other_gambling,Bets on eSports - How to bet on eSports. The best strategies for eSports. Reviews of the most popular eSports games.,https://allbetsnews.net/
allclimbing.com,unrelated,All Climbing,https://allclimbing.com/
allegropackage.com,unrelated,Lewis-Clark Idaho Dental Society | 5th District Component of the Idaho State Dental Association,https://allegropackage.com/
allrecipes.com,unrelated,"Allrecipes | Recipes, How-Tos, Videos and More",https://www.allrecipes.com/
allsaintsmoda.net,unrelated,Attention Required! | Cloudflare,https://naga138.net/
almanac.com,unrelated,"The Old Farmer’s Almanac: Gardening, Weather, Moon, Calendar",https://www.almanac.com/
alpanahabib.com,other_gambling,Melbet App for Bangladesh – Android Download and iOS Setup,https://alpanahabib.com/
alphabet777.org,other_gambling,ALPHABET777 : ALPHA BET 777 Most Complete Platform Feature,https://alphabet777.org/
alphaelectrical.in,other_gambling,Melbet India 2026: Registration & Bonuses,https://www.alphaelectrical.in/
alptech.ru,unrelated,Attention Required! | Cloudflare,https://alptech.ru/
alsayeghevents.com,unrelated,Alsayegh,http://alsayegh.com
alsi-ft.ru,unrelated,"Фармацевтическое и лабораторное оборудование, насосы | АЛСИ-ФТ",https://alsi-ft.ru/
alsiexpress.com,other_gambling,Start > ALSI Express | Eastern Europe Logistics,https://alsiexpress.com/
alwaysprofessionalpm.com,other_gambling,SHBET SAWYER ⚜️ Link Vào Chính Thức Top 1 ✔️ SHBET.COM,https://sawyer.farm/
amazon.ca,unrelated,Amazon.ca: Low Prices – Fast Shipping – Millions of Items,https://www.amazon.ca/
amazon.co.jp,unrelated,"Amazon | 本, ファッション, 家電から食品まで | アマゾン",https://www.amazon.co.jp/
amazon.co.uk,unrelated,"Amazon.co.uk: Low Prices in Electronics, Books, Sports Equipment & more",https://www.amazon.co.uk/
amazon.co.za,unrelated,"Amazon.co.za: Low Prices in Electronics, Books, Sports Equipment & more",https://www.amazon.co.za/
amazon.com,unrelated,Amazon.com. Spend less. Smile more.,https://www.amazon.com/
amazon.com.au,unrelated,"Amazon.com.au: Shop online for Electronics, Apparel, Toys, Books, DVDs & more",https://www.amazon.com.au/
amazon.com.be,unrelated,"Amazon.com.be: livres, jeux vidéo, musique, high-tech, informatique, jouets, vêtements, chaussures, sport, bricolage, maison, beauté, puériculture, épicerie et plus encore",https://www.amazon.com.be/
amazon.com.br,unrelated,"Amazon.com.br | Tudo pra você, de A a Z.",https://www.amazon.com.br/
amazon.com.mx,unrelated,Amazon.com.mx: Precios bajos - Envío rápido - Millones de productos,https://www.amazon.com.mx/
amazon.com.tr,unrelated,"Amazon.com.tr: Elektronik, bilgisayar, akıllı telefon, kitap, oyuncak, yapı market, ev, mutfak, oyun konsolları ürünleri ve daha fazlası için internet alışveriş sitesi",https://www.amazon.com.tr/
amazon.de,unrelated,"Amazon.de: Günstige Preise für Elektronik & Foto, Filme, Musik, Bücher, Games, Spielzeug & mehr",https://www.amazon.de/
amazon.es,unrelated,"Amazon.es: compra online de electrónica, libros, deporte, hogar, moda y mucho más.",https://www.amazon.es/
amazon.fr,unrelated,"Amazon.fr : livres, DVD, jeux vidéo, musique, high-tech, informatique, jouets, vêtements, chaussures, sport, bricolage, maison, beauté, puériculture, épicerie et plus encore !",https://www.amazon.fr/
amazon.it,unrelated,"Amazon.it: elettronica, libri, musica, fashion, videogiochi, DVD e tanto altro",https://www.amazon.it/
amazon.pl,unrelated,"Amazon.pl: zakupy internetowe elektroniki, odzieży, komputerów, książek, płyt DVD i innych",https://www.amazon.pl/
amazon.sa,unrelated,أمازون السعودية: تسوق أونلاين | أسعار مخفضة على الإلكترونيات، الأزياء، الجوالات، البقالة والمزيد,https://www.amazon.sa/
amazon.se,unrelated,"Amazon.se: Låga priser på Elektronik, Böcker, Sportutrustning & mer",https://www.amazon.se/
amazon.sg,unrelated,"Amazon.sg: Shop Online for Electronics, Computers, Books, Toys, DVDs, Baby, Grocery, & more",https://www.amazon.sg:443/
amazonaws.com,unrelated,Cloud Computing Services - Amazon Web Services (AWS),https://aws.amazon.com:443/
ambridgeevents.com,other_gambling,Fansport – Onlayn Kazino va Sport Tikish 2026,https://ambridgeevents.com/
amcerconsulting.com.au,unrelated,Amcer Consulting,https://amcerconsulting.com.au/
americanas.com.br,unrelated,Americanas - Tudo que você ama,https://www.americanas.com.br/
americanbaseball2020.com,other_gambling,How to bet on baseball - the most cheated sport in history,https://americanbaseball2020.com/
americanbenefitprogramme.com,unrelated,American Benefits Program,https://americanbenefitprogramme.com/
americasgreatsurvivalgear.com,unrelated,Welcome to Our New Website!,https://www.americasgreatsurvivalgear.com/
americataxsolvers.com,unrelated,America Tax Solvers,https://americataxsolvers.com/
amexcar.sk,other_gambling,VulkanVegas Kasina – aktuálny výber hier a bonusov 2026,https://amexcar.sk/
amineradi.com,unrelated,"Amine Radi
 – Shop Amine Radi",https://amineradi.com/
amistadisrael.com,other_gambling,Bienvenido a Bet365 Chile 2026 – Apuestas Deportivas y Casino en Vivo,https://amistadisrael.com/
amorettiprofumi.com,unrelated,Profumeria On Line | Cosmetica e MakeUp| Amoretti Profumi,https://amorettiprofumi.com/
amostradiinho.bet,unrelated,LiveJasmin.com - Hot Live Sex Shows!,https://amostradiinho.bet/
amp-eliktipark.online,unrelated,Attention Required! | Cloudflare,https://amp-eliktipark.online/
amp-eliktipark.site,unrelated,Attention Required! | Cloudflare,https://amp-eliktipark.site/
amp-login-kzsite.online,unrelated,Attention Required! | Cloudflare,https://amp-login-kzsite.online/
amp-new-login2026.online,unrelated,Attention Required! | Cloudflare,https://amp-new-login2026.online/
ampclub123.top,unrelated,Attention Required! | Cloudflare,https://ampclub123.top/
ampeliktipark.online,unrelated,Attention Required! | Cloudflare,https://ampeliktipark.online/
ampkz.online,unrelated,Attention Required! | Cloudflare,https://ampkz.online/
ampkz.site,unrelated,Attention Required! | Cloudflare,https://ampkz.site/
ampkzphone.top,unrelated,Attention Required! | Cloudflare,https://ampkzphone.top/
ampmob-kz.top,unrelated,Attention Required! | Cloudflare,https://ampmob-kz.top/
ampmobile-kz.top,unrelated,Attention Required! | Cloudflare,https://ampmobile-kz.top/
ampp-mtf.top,unrelated,Attention Required! | Cloudflare,https://ampp-mtf.top/
ampphone-kz.top,unrelated,Attention Required! | Cloudflare,https://ampphone-kz.top/
amppmtf.top,unrelated,Attention Required! | Cloudflare,https://amppmtf.top/
ampz9.top,unrelated,Attention Required! | Cloudflare,https://ampz9.top/
amunra-caino-au.com,other_gambling,AmunRa Casino Australia 🔥 OFFICIAL Online Casino Games 【Real Money Slots + Welcome Bonus】 Play Now 2026,https://amunra-caino-au.com/
anatoliancommunity.com.au,other_gambling,Anatolian Community Services | Leading the way forward for the Auburn community,https://anatoliancommunity.com.au/
androidp1.com,unrelated,"ANDROID™ PLUS 1 - Скачать бесплатно апк игры и программы, читать последние новости",https://www.androidp1.com/
androidzor.com,other_gambling,Link vào nhà cái – Truy cập nhà cái uy tín không bị chặn | 12BET,https://androidzor.com/
anekatrip.com,other_gambling,AnekaTrip - Marketplace Travel dan Informasi Tempat Wisata Terbaik,https://anekatrip.com/
anne-kern.fr,other_gambling,Casino en Ligne sans Vérification 2026 🎖️ Top 5 sans KYC Testés,https://anne-kern.fr/
answers.com,other_gambling,Answers - The Most Trusted Place for Answering Life's Questions,https://www.answers.com/
aol.com,other_gambling,"News, Politics, Sports, Mail & Latest Headlines - AOL.com",https://www.aol.com:443/
aot-electronics.com,unrelated,AOT Electronics official website - Jordan Agent,https://aot-electronics.com/
ap77.live,other_gambling,AP77 | Australia #1 Online Pokies | 澳洲顶级娱乐平台 | 多种优惠让您满意 | 转台奖金高达388AUD,https://www.ap77.live/en-au
ap77.win,other_gambling,AP77 | Australia #1 Online Pokies | 澳洲顶级娱乐平台 | 多种优惠让您满意 | 转台奖金高达388AUD,https://www.ap77.win/en-au
apkpure.net,unrelated,Free APK & App Download on Android - APKPure Lite,https://apkpure.net/
apnews.com,unrelated,"Associated Press News: Breaking News, Latest Headlines and Videos | AP News",https://apnews.com/
apple.com,unrelated,Apple,https://www.apple.com/
appleteam.kz,unrelated,Attention Required! | Cloudflare,https://appleteam.kz/
appmarsh.com,other_gambling,android root iphone jailbreak free app | appmarsh.com,https://appmarsh.com/
apppage.net,unrelated,Create a Free Website for Your Mobile App - AppPage.net,https://apppage.net/
apps.apple.com,unrelated,‎Today for iPhone - App Store,https://apps.apple.com/us/iphone/today
aprenderjuridico.com,other_gambling,Casa Chinesa Importada: Guia de Compra e Preços BR,https://aprenderjuridico.com/
aptekadobra.ru,unrelated,Attention Required! | Cloudflare,https://aptekadobra.ru/
aquablu.it,other_gambling,Home: New - Aqua Blu,https://aquablu.it/
arahaberi.com,unrelated,ceptv.com.tr,https://arahaberi.com/
arballoon.net,other_gambling,ARBALLOON - PLATAFORMA OFICIAL - 🎰 - ARBALLOON.COM,https://arballoon.net/
archlinexp.com,unrelated,Architectural design software | ARCHLine.XP,https://www.archlinexp.com/
ardahanhudut.com,other_gambling,"Chicken Road Italia Guida al Gioco, Demo Gratis, RTP 98% e Strategie 2026",https://ardahanhudut.com/
argentinaopentennis.com,other_gambling,IEB+ Argentina Open 6-14 Febrero 2027,https://iebmasargentinaopen.com/
arnotts.ie,unrelated,"Arnotts | Homeware, Beauty, Furniture, Designer Fashion & Gifts",https://www.arnotts.ie/
arowaisiofficial.com,unrelated,Allama Abdul Rasheed  Owaisi Owaisi – Illuminating Hearts through Knowledge.,https://arowaisiofficial.com/
asdrojalese.it,unrelated,ASD Rojalese - Pallavolo Reana del Rojale - Volley Udine,https://asdrojalese.it/
asianstargroup.com,unrelated,"Certified Natural & Polished Diamond Dealers - GIA, IGI, HRD Certified Diamonds | Asian Star",https://www.asianstargroup.com/
asiawave24.com,other_gambling,Xalqaro  sheriklik dasturining O'zbekistondagi rasmiy sayti,https://asiawave24.com/
askgamblers.com,other_gambling,AskGamblers® - Get the Truth. Then Play.,https://www.askgamblers.com/
asspirine.pl,unrelated,Asspirine -,https://asspirine.pl/
astanapremiertech.com,other_gambling,Home - Astana - Premier Tech,https://astanapremiertech.com/
astronaut.io.in,other_gambling,Astronaut Game Slot in India - Play Online Now,https://astronaut.io.in/
aswanasuithotel.com,unrelated,Attention Required! | Cloudflare,https://aswanasuithotel.com/
asyacard.com.tr,unrelated,Attention Required! | Cloudflare,https://www.esrefatabey.com.tr/
atas99.app,other_gambling,atas99 - Safe MY Online Casino with Mobile Reward Deals,https://atas99.app/
atlantic-brosserie.fr,unrelated,Accueil - Atlantic Brosserie,https://atlantic-brosserie.fr/
atletismo-estatistica.pt,unrelated,"Estatísticas do Atletismo Português, criado por Manuel Arons de Carvalho",https://atletismo-estatistica.pt/
atyourserviceph.com,other_gambling,Concierge - atyourservicesph,https://atyourserviceph.com/
aubethermostatmanual.com,unrelated,Aube Thermostat User Manual_Aube Thermostat Guide,https://aubethermostatmanual.com/
auchan.fr,unrelated,"Auchan. Promos, infos drives et magasins, courses en ligne livrées à domicile.",https://www.auchan.fr/
auchan.pt,other_gambling,Auchan Online | O seu supermercado online,https://www.auchan.pt/
aucrownplay.net,other_gambling,AUCROWNPLAY - PLATAFORMA OFICIAL - 💎 - AUCROWNPLAY.COM,https://aucrownplay.net/
aucsdq.top,unrelated,תחזית מחירי המניות החזקה ביותר של בינה מלאכותית לשנת 2025,https://aucsdq.top/
auctions.yahoo.co.jp,other_gambling,Yahoo!オークション - 日本最大級のネットオークション・フリマアプリ,https://auctions.yahoo.co.jp/
auditionform.in,other_gambling,AuditionForm – Entertainment Content and Auditions News,https://www.auditionform.in/
aukro.cz,unrelated,Aukro.cz - největší online bazar s aukcemi,https://aukro.cz/
auth.gr,unrelated,ΑΡΙΣΤΟΤΕΛΕΙΟ ΠΑΝΕΠΙΣΤΗΜΙΟ ΘΕΣΣΑΛΟΝΙΚΗΣ,https://www.auth.gr/
autolendpro.com,unrelated,Auto Lend Pro -,https://autolendpro.com/
autotalkz.com,other_gambling,INDOWD: Link Situs Toto Slot Gacor Hari Ini & Toto 4D Togel Online,https://horecaadviesgroningen.com/
auw.com.tr,unrelated,auw | Bizim İçimiz Çok Rahat...,https://auw.com.tr/
avdrs.com,unrelated,AV Doctors,https://avdrs.com/
aviator-uzb.com,unrelated,Istanbul Eskort Bayan,https://tatlikizlar.lol/
aviatorcasino.pk,other_gambling,Aviator Game Online in Pakistan – Join and Play Today,https://aviatorcasino.pk/
aviatorpredictorpro.com,other_gambling,Aviator Predictor Pro v4.0 APK Download for Android/iOS,https://aviatorpredictorpro.com/
aviatrixkenya.co.ke,other_gambling,Aviatrix Kenya – #1 Crash Game | Play & Win KES 2026,https://aviatrixkenya.co.ke/
avito.ru,unrelated,Авито — Объявления на сайте Авито,https://www.avito.ru/
avrotros.nl,unrelated,Homepage AVROTROS | AVROTROS,https://www.avrotros.nl/
avtolineshop.ru,unrelated,Attention Required! | Cloudflare,https://avtolineshop.ru/
axios.com,other_gambling,"Axios - Breaking news, U.S. news and politics, and local news",https://www.axios.com/
azimut-kms.ru,other_gambling,"Норм Казино — регистрация, рабочее зеркало Norm Casino",https://azimut-kms.ru/
azmosttopgamesslts.world,other_gambling,Vegas Craze Casino,https://azmosttopgamesslts.world/
azproduction.ru,unrelated,Attention Required! | Cloudflare,https://azproduction.ru/
aztecgemsslot.ru,other_gambling,Игровой автомат Aztek Gems 🎰 играть бесплатно: обзор слота от Pragmatic Play,https://aztecgemsslot.ru/
azthuoc.com,other_gambling,"AZ Thuoc – AZThuoc chuyên trang thông tin thuốc, phòng khám, bệnh viện, y dược",https://azthuoc.com/
b72betwin.com,other_gambling,b72bet - Plataforma Oficial -b72bet.com,https://b72betwin.com/
back2gaming.com,unrelated,Back2Gaming - Back2Gaming,https://www.back2gaming.com/
baguz.info,unrelated,Sharing is Amazing | Baguz InfoMedia,https://baguz.info/
bajigar11.club,other_gambling,Bajigar11 - Official Cricket ID | Bet on IPL 2026 | 1 Min Withdrawal | 50% Bonus,https://bajigar11.club/
baloncestobase.com,other_gambling,1xbet mongolia 2026 онд албан ёсны сайтад бүртгүүлээрэй,https://baloncestobase.com/
baltimoresun.com,unrelated,"Baltimore Sun – Baltimore Sun: Your source for Baltimore breaking news, sports, business, entertainment, weather and traffic",https://www.baltimoresun.com/
banarasicraftbazaar.com,unrelated,Home - Banarasi Craft Bazaar,https://banarasicraftbazaar.com/
band-bet-app.com,other_gambling,"BandBet Apostas Análise | Odds, Cassino e Bônus R$ no BandBet",https://band-bet-app.com/
bangladesh-bank.org,unrelated,Attention Required! | Cloudflare,http://bangladesh-bank.org/
bankofcanada.ca,unrelated,Bank of Canada,https://www.bankofcanada.ca/
bantamamarket.com,unrelated,Bantama Supermarket – Bantama Supermarket,https://bantamamarket.com/
barcelonaopenbancsabadell.com,unrelated,Home | Barcelona | Tennis,https://www.barcelonaopenbancsabadell.com/es
bariqs.com,unrelated,Bariq,https://bariqs.com/
basketballinsiders.org,other_gambling,Basketball Insiders - Get The Latest NBA News & Rumors 2026,https://www.basketballinsiders.com/
bat393.net,other_gambling,bat393 - Explore Mobile Casino Slots Bonus Offers,https://bat393.net/
batikartbarbados.com,other_gambling,Royal Reels Casino Australia ᐉ Official Website 2026,https://lakeareanursery.com/
batpk.net,other_gambling,batpk - Spin Premium Mobile Slots and Grab Bonus Spins Today,https://batpk.net/
battery-bet.org,other_gambling,Battery bet - Most Trusted Battery bet Official Online Game,https://battery-bet.org/
bauelement.ru,other_gambling,Bauelement — Системы безопасности и инфраструктура,https://bauelement.ru/
bayar44.co,other_gambling,bayar44 - Claim Mobile Casino with Safe Casino Rewards,https://bayar44.co/
bazar.bg,unrelated,"Безплатни обяви от Bazar.bg – обяви за работа, имоти, коли, услуги..",https://bazar.bg/
bazos.sk,unrelated,"Bazos.sk - Inzercia, bazár",https://www.bazos.sk
bb-sh.com,other_gambling,Best Bet Sports Handicapping,https://bb-sh.com/
bb1.bet,other_gambling,Slots Ouro - caça-níqueis – Apps no Google Play - BB1.BET Melhor Cassino Online do Brasil 24/7,https://bb1.bet/
bbc.co.uk,other_gambling,BBC - Home,https://www.bbc.co.uk/
bbc.com,other_gambling,"BBC Home - Breaking News, World News, US News, Sports, Business, Innovation, Climate, Culture, Travel, Video & Audio",https://www.bbc.com/
bbcnewsbd.com,unrelated,BBC NEWS BD | News Agency and Online News Portal,https://www.bbcnewsbd.com/
bbfashionslz.com,other_gambling,Casa de aposta chinesa: 8 melhores opções testadas BR,https://bbfashionslz.com/
bbr-bet.cc,other_gambling,BBRBET Nota de Confiança 2026 | Avaliação & Portal Seguro BBRBET,https://bbr-bet.cc/
bbsandbgs.com,unrelated,The BBS and BGS,https://bbsandbgs.org.uk
bbttbeth5.com,other_gambling,"BBTT BET O cassino mais confiável do Brasil, um operador certificado pela IBIA.💸 - BBTT BET: Brazil's Most Trusted Casino, Certified by IBIA",https://bbttbeth5.com/
bcb88b.app,other_gambling,bcb88b - Fast Live Casino Login with Exclusive Promo Deals,https://bcb88b.app/
bdutyfree.com,unrelated,Bahrain duty free,https://bdutyfree.com/
be-leader.it,other_gambling,Home - Be Leader,https://be-leader.it/
beaddangledesign.com,unrelated,"""One-of-a-Kind Artisan Beaded Jewelry Made in USA | Bead Dangle Design",https://beaddangledesign.com/
beardedky.cz,unrelated,,https://www.beardedky.cz/
beaufortrestaurant.com,unrelated,Emily's Restaurant & Tapas Bar | Beaufort South Carolina,https://beaufortrestaurant.com/
beauty-star.it,unrelated,Beauty Star | Tutto il beauty che ami,https://beauty-star.it/
beautyline.com.cy,unrelated,Homepage | Copyright © 2025 Beauty Line,https://beautyline.com.cy/
beef-casino24.de,other_gambling,"Beef Casino Deutschland – Bonus, Spiele & Auszahlung",https://beef-casino24.de/
beefcasino-app.de,other_gambling,"Beef Casino Deutschland – Bonus, Spiele & App",https://beefcasino-app.de/
beincrypto.com,unrelated,Unbiased Crypto News - BeInCrypto,https://beincrypto.com/
belleparis.pl,other_gambling,Kasyno Online BLIK dla polskich użytkowników,https://belleparis.pl/
bento-aesthetics.nl,unrelated,Bento Aesthetics | Home,https://www.bento-aesthetics.nl/
bergdorfgoodman.com,unrelated,Bergdorf Goodman | The Iconic Luxury Department Store,https://www.bergdorfgoodman.com/
beruangplayboy.com,other_gambling,BERUANGPLAY : Login Slot Gacor Alternatif Link Slot777 Terbaru Tahun 2026,https://naogaonpoura.com
best-betting-sites-uk.br.com,other_gambling,Best Betting Sites: Top New Online Bookmakers in the UK,https://best-betting-sites-uk.br.com/
best-betting-sites.co.uk,other_gambling,Best Betting Sites: Top New Online Bookmakers in the UK,https://best-betting-sites.co.uk/
best-parimatch-tza.com,other_gambling,Parimatch betting Tanzania ← The most diverse Parimatch bet TZ,https://best-parimatch-tza.com/
best-sports-betting-sites.uk.com,other_gambling,Best Betting Sites: Top New Online Bookmakers in the UK,https://best-sports-betting-sites.uk.com/
bestcardwin.com,other_gambling,Teen Patti Real Money 2026 | भारत गाइड,https://bestcardwin.com/
bester-zahnarzt.com,unrelated,Attention Required! | Cloudflare,https://bester-zahnarzt.com/
bet-10-app.com,other_gambling,Melhores Jogos Bet10 | Avaliação Bet10 para Brazil,https://bet-10-app.com/
bet-3333.cc,other_gambling,Bet3333 Dados de Saque 2026 | Opiniões & Portal Seguro Bet3333,https://bet-3333.cc/
bet-4-app.com,other_gambling,Bet 4 Saque Fim de Semana | Teste PIX Bet 4 e Avaliação,https://bet-4-app.com/
bet-4.cc,other_gambling,Bet4 Paga de Verdade? Análise de Slots & Retirada PIX Bet4,https://bet-4.cc/
bet-andreas-az.com,other_gambling,Betandreas Giris AZ Onlayn Kazino 🎖 Rəsmi Sayt və Mobil Tətbiq,https://motorsikletekspertizci.com/
bet-elmost3ml.com,unrelated,Home - بيت المستعمل لشراء الأثاث المستعمل بالرياض 0530914138,https://bet-elmost3ml.com/
bet-midrash.org,other_gambling,"Bet Midrash - Bet Midrash House of Learning, Study House. One of the most effective learning techniques has been a part of Jewish culture for centuries.",https://bet-midrash.org/
bet-on-it.net,other_gambling,Bet On It - Professional Betting Tips - Most accurate free and premium sport tips on market,https://bet-on-it.net/
bet-visa-game.com,unrelated,BetVisa Reputation 2026 | Brand Roundup India,https://bet-visa-game.com/
bet-web-app.com,other_gambling,Bet Web Link Oficial Seguro | Evite Golpes com a Análise Bet Web,https://bet-web-app.com/
bet345pk.net,unrelated,Bet345PK -,https://bet345pk.net/
bet66.vu,other_gambling,bet66 - Safe MY Trusted Casino with New Player Bonus,https://bet66.vu/
betalchemist.com,other_gambling,BetAlchemist | 14 Years Of Proven Horse Racing Tips,https://www.betalchemist.com/
betamost.cz,unrelated,BETAMOST - INŽENÝRINK s.r.o.,https://www.betamost.cz/
betandreas-azerbaijan-play.com,other_gambling,Betandreas ilə Qalibiyyətin Dadına Baxın,https://betandreas-azerbaijan-play.com/
betandskill.com,other_gambling,Best Gambling Sites 2026 | UK & Worldwide | Bet&Skill,https://www.betandskill.com/
betbetcasinox.com,other_gambling,Bet Bet Casino - ❤ محفوظ آن لائن اسپورٹس بک اور ایچ ڈی لائیو ڈیلر کیسینو انٹرٹینمنٹ پاکستان,https://betbetcasinox.com/
betbra.cc,other_gambling,Bet Bra Guia Iniciante 2026 | Começo Seguro & Portal Bet Bra,https://betbra.cc/
betdaq.com,other_gambling,BETDAQ Online Betting Exchange | UK's Lowest Commission,https://www.betdaq.com
betexchange-app.com,other_gambling,Bet Exchange - Most Trusted Bet Exchange Official Online Game,https://betexchange-app.com/
bethemost2025.com,unrelated,Derek Most and Lina Quinones' Wedding Website,https://www.zola.com/wedding/derekandlina
betmarket.com.cy,other_gambling,Στοιχηματικές Εταιρείες με νόμιμη άδεια στην Κύπρο,https://www.betmarket.com.cy/
betonarna-k-most.cz,unrelated,ALV BETON s.r.o.,https://www.betonarna-k-most.cz/
betonline88.org,other_gambling,BETONLINE88 | Panduan Lengkap Taruhan Genap Ganjil Slot Online Resmi,https://betonline88.org/
betonpokerf.com,other_gambling,Bet On Poker – Top Snooker Earning Games in Pakistan 2026,https://betonpokerf.com/
betpack.com,other_gambling,Best Betting Sites | Online Betting Sites | Betpack,https://www.betpack.com/
betprk.net,other_gambling,betprk - Unlock Official Casino Games with PKR Bonus Deals,https://betprk.net/
betql.co,other_gambling,BetQL - Trending Sports Betting Tips & Daily Expert Tips,https://betql.co/
betrating.org,other_gambling,Рейтинг букмекеров и онлайн-казино 2026 | BET RATING,https://betrating.org/
betreuungszentrum-ostschweiz.ch,unrelated,"Hello, this domain has been purchased at Hostpoint",https://betreuungszentrum-ostschweiz.ch/
better-thermostat.org,unrelated,Welcome to Better Thermostat | Better Thermostat,https://better-thermostat.org/
betterthanmost.app,unrelated,Better Than Most – Fantasy Golf App for PGA Tour Picks,https://www.betterthanmost.app/
betterthanmostco.com,unrelated,Cloudflare Registrar,https://betterthanmostco.com/
betterthanmostthings.com,unrelated,BTMT - Better Than Most Things - PODCAST,https://betterthanmostthings.com/
betterthanmostwatersports.com,unrelated,Water sports - Better then anything,https://betterthanmostwatersports.com/
betting-matches.com,other_gambling,"Soccervista , predictz , zulubet , adibet , forebet , liobet , solopredict , statarea , betensured , vitibet , soccer vista, fixed matches 100 sure, free fixed matches predictions, free fixed match od",https://betting-matches.com/
bettingpros.com,other_gambling,"BettingPros — Free Sports Betting Picks, Odds & Expert Analysis",https://www.bettingpros.com/
bettingtools.com,other_gambling,BettingTools | The Essential Tools To Help You Bet Better,https://bettingtools.com/
bettorthanmost.com,unrelated,bettorthanmost.com,https://bettorthanmost.com/
bettybetcasinoq.com,other_gambling,betty bet casino - 🔥 محفوظ آفیشل اسپورٹس بک اور جدید بلیک جیک اور رولیٹ کیسینو پاکستان,https://bettybetcasinoq.com/
betum.com.ng,other_gambling,Mobile Casino & Sports Betting | Betum,https://betum.com/
betum.ke,other_gambling,Mobile Casino & Sports Betting | Betum,https://betum.com/
betum.mn,other_gambling,Mobile Casino & Sports Betting | Betum,https://betum.com/
betum.pk,other_gambling,Mobile Casino & Sports Betting | Betum,https://betum.com/
betway.mw,other_gambling,Betway,https://www.betway.mw/
beykozegitimedestek.org.tr,other_gambling,"Beykoz Eğitim Desteği - Eğitim, Burs ve Öğrenci Destekleri",https://beykozegitimedestek.org.tr/
beyondconviction.com,unrelated,Beyond Conviction: Victims Confront Offenders in Restorative Justice,https://beyondconviction.com/
bgconfidential.ae,other_gambling,MAXSLOT88: Situs Link Slot Jackpot Agen 888 Slots Resmi SLOT88 Terpercaya,https://www.pyctes.com.ar/
bhaiplay.org,other_gambling,Bhaiplay - Official Cricket ID | Bet on IPL 2026 | 1 Min Withdrawal | 45% Bonus,https://bhaiplay.org/
bhavbazarr.org,other_gambling,Bhavbazarr - Official Cricket ID | Bet on IPL 2026 | 1 Min Withdrawal | 50% Bonus,https://bhavbazarr.org/
big-bass-bonanza-slot.ru,other_gambling,"Big Bass Bonanza 🎣 игровой автомат от Pragmatic Play: играть бесплатно, демо, бонусы, фриспины",https://big-bass-bonanza-slot.ru/
big-bass-splash-game.ru,other_gambling,Big Bass Splash 🎣 игровой автомат – слот от Pragmatic Play,https://big-bass-splash-game.ru/
bigsaver.dk,unrelated,Deals - BigSaver.dk - Shop til 50-90% nedsatte priser,https://bigsaver.dk/
bikepackinghungary.com,other_gambling,"Plinko si vince veramente? Bonus, RTP e opinioni in Italia",https://bikepackinghungary.com/
bilnot.com,other_gambling,Bilişim Notları – Bilişim Haberleri,https://bilnot.com/
binarioweek.com,other_gambling,Casa de aposta chinesa confiável: 9 plataformas selecionadas,https://binarioweek.com/
bingox.io,other_gambling,Bingo,https://bingox.io/en
binzaeim.com,unrelated,BinZaeim | Analysis,https://binzaeim.com/
bioegypt.net,unrelated,Home - Bio Egypt,https://bioegypt.net/
biossys.com,unrelated,Home - BSFZELLC,https://biossys.com/
biotechnutrainc.com,unrelated,Sports Nutrition & Supplements Online Store,https://biotechnutrainc.com/
bison-trail.org,other_gambling,"Royal Reels 24 Australia 🎰 Login, Sign Up & Casino Bonus Chips",https://bison-trail.org/
bitcoinist.com,other_gambling,"Bitcoin News, Recent Updates, Price and Analysis – Bitcoinist",https://bitcoinist.com/
bitus.pl,other_gambling,Lamabet | Gry Kasynowe na Żywo i Szybkie Wypłaty,https://bitus.pl/
bk8malaysia.bet,other_gambling,BK8 Malaysia | Trusted Online Casino | Sports Betting & Live Casino,https://bk8malaysia.net/
blackjackinfo.com,other_gambling,"Blackjack - Learn the Rules, Strategy and more at BlackjackInfo",https://www.blackjackinfo.com/
blackpanther777slotv.com,other_gambling,black panther 777 slot – Top Earning Games Hub for Pakistani Users 2026,https://blackpanther777slotv.com/
bleacherreport.com,unrelated,Bleacher Report | Sports. Highlights. News. Now.,https://bleacherreport.com/
blibli.com,unrelated,"Blibli: Belanja Online ✔ Pasti ORI, Aman & Terpercaya",https://www.blibli.com/
blitzbetcasinoh.com,other_gambling,blitz bet casino - 🧧 جدید موبائل اسپورٹس ویجرنگ انجن اور وی آئی پی کیسینو رومز پاکستان,https://blitzbetcasinoh.com/
blitzbetg.com,other_gambling,blitz bet - ✨ پاکستان کے صارفین کیلئے موبائل فرینڈلی کیسینو اور ہائی آڈز بیٹنگ سروس,https://blitzbetg.com/
blog.google,unrelated,News from Google | Google Product and Technology News and Stories,https://blog.google/
blog.youtube,unrelated,Official YouTube Blog for Latest YouTube News & Insights,https://blog.youtube/
bloomberg.com,unrelated,Bloomberg Europe,https://www.bloomberg.com/europe
bloomberglaw.com,unrelated,Bloomberg Law - Product Log In,https://www.bloomberglaw.com/login?target=https%3A%2F%2Fwww.bloomberglaw.com%2Fstart
bloomingdales.ae,unrelated,"Bloomingdale's UAE | Shop Luxury Fashion, Beauty & More",https://bloomingdales.ae/
bloomingdales.com.kw,unrelated,بلومينغديلز الكويت | تسوق أزياء، منتجات الجمال والمنزل,https://bloomingdales.com.kw/
bluewatt.pl,other_gambling,WatchMeWin Casino Polska - Bonus 100% do 2250 zł dla graczy,https://bluewatt.pl/
bmbeth.com,other_gambling,bm bet - ⭐ آن لائن کرکٹ بیٹنگ اور خصوصی کیسینو بونس آفرز,https://bmbeth.com/
bmcparts.co.uk,other_gambling,Best Betting Sites: Top New Online Bookmakers in the UK,https://bmcparts.co.uk/
boaboa-bonus-cz.com,other_gambling,BoaBoa Casino Bonus: Uvítací bonus 100% až €500 + 200 FS,https://boaboa-bonus-cz.com/
boaboa-casino-bonus-cz.com,other_gambling,Boaboa bonus až 12 500 CZK a 200 free spinů,https://boaboa-casino-bonus-cz.com/
bobatoto12oi.site,other_gambling,BOBATOTO12 Login | Platform Bandar Slot Online dan Slot Gampang Menang Mudah Menang,https://bobatoto12oi.site/
bobatoto22j.site,other_gambling,BOBATOTO22 Penyedia Slot Maxwin serta Slot Mahjong Terpercaya,https://bobatoto22j.site/
bobatoto87g.site,other_gambling,BOBATOTO87: Slot Mahjong Anti Rungkad Resmi Hari Ini,https://bobatoto87g.site/
bobatoto87gh.site,other_gambling,Situs Togel Online dan Slot Gacor Pragmatic Terpercaya - BOBATOTO87,https://bobatoto87gh.site/
bobatoto88dj.site,other_gambling,Situs Bandar Slot Online dan Slot Maxwin Terpercaya - BOBATOTO88,https://bobatoto88dj.site/
bobatoto88sa.live,other_gambling,Daftar BOBATOTO88 - Akses Bandar Slot Online & Slot Online Resmi,https://bobatoto88sa.live/
bogazicikimyevi.com,unrelated,Boğaziçi Kimyevi,https://www.bogazicikimyevi.com/
bohemiagoldlove.cz,unrelated,Chovatelská stanice CHODSKÝCH PSŮ – Chovatelská stanice CHODSKÝCH PSŮ,https://bohemiagoldlove.cz/
boho-casino0-au.com,other_gambling,Boho Casino Australia Official 🎰 Welcome Bonus 【$2000 + 150 Free Spins】 Best Online Casino Games 2026,https://boho-casino0-au.com/
bohsociety.org,other_gambling,Tin Tức H19 – Cập Nhật Thông Tin Mới Nhất,https://www.bohsociety.org/
bol.de,unrelated,bücher.de Online Shop: Bücher bestellen bei bücher.de,https://www.buecher.de/#bol
bolly4u.pink,unrelated,Bolly4u | The Official Home of Bolly4u.org Movies,https://bolly4uas.com/
bones-game.online,other_gambling,Gates of Olympus Super Scatter demo uchun qo‘llanma,https://bones-game.online/
bonusuri.md,other_gambling,Taskuri simple și recompense în Moldova,https://www.bonusuri.md/
bookiespk.com,other_gambling,Best Online Betting Sites and Apps to Download in Pakistan 2026,https://www.bookiespk.com/
bookmakers.bet,other_gambling,Bookmakers.bet | The Top 100+ Trusted Online Bookies (September 2026),https://www.bookmakers.bet/
boots.com,unrelated,Pardon Our Interruption,https://www.boots.com/
boringmarket.xyz,unrelated,boring market,https://www.boringmarket.xyz/
borneo198.com,other_gambling,Borneo198™ Ruang Gaming Digital untuk Gamers Modern,https://borneo198.com/
boston.com,other_gambling,"Boston.com: Local breaking news, sports, weather, and things to do",https://www.boston.com/
bouillot-lino.com,other_gambling,Télécharger Melbet APK Application pour Android et iOS pour paris sportifs,https://www.bouillot-lino.com/
boussole-en-forez.fr,unrelated,La course d'orientation dans le Forez,https://boussole-en-forez.fr/
boutique.az,unrelated,Attention Required! | Cloudflare,https://boutique.az/
bovbettgiris.com,other_gambling,Bovbet'e hızlı ve güvenli giriş yapın. Güncel link burada - Bovbet Giriş – Güvenilir ve Hızlı Erişim Adresi,https://bovbettgiris.com/
bowade.pl,other_gambling,Slottica Casino 🛡️Logowanie Slottica Online PL i bonus 500 zł + 125FS,https://tutu4littleprincess.pl/
boydsbets.com,other_gambling,Free Daily Sports Picks & Expert Handicappers: BoydsBets.com,https://www.boydsbets.com/
bprowallet.com,other_gambling,Login - Bpexch BetPro Wallet Pakistan | Bpexch Login | JazzCash & Easypaisa Deposits,https://bprowallet.com/login
brawijayapost.com,other_gambling,Beranda - Brawijayapost.com - Akurat Tajam Terpecaya,https://brawijayapost.com/
breuninger.com,unrelated,"BREUNINGER | Luxus, Fashion & Beauty online shoppen",https://www.breuninger.com/de/
bristoltravel.co.uk,other_gambling,Best Betting Sites: Top New Online Bookmakers in the UK,https://bristoltravel.co.uk/
britishhatguild.co.uk,other_gambling,Bet88 | Nhà Cái Uy Tín Đẳng Cấp Top 1 Châu Á Cho Cược Thủ,https://cyh.uk.com/
britishrealbettingsites.com,other_gambling,British Real Betting Sites – Top UK Sportsbooks Ranked 2026,https://www.britishrealbettingsites.com/
brocard.ua,unrelated,BROCARD у Київ - інтернет-магазин оригінальної парфумерії та косметики в Україні,https://brocard.ua/
btgortp818.com,other_gambling,btgbet: Understanding RTP in Slot Games and How It Enhances Your Gaming Experience,https://btgortp818.com/
budgetbravely.com,other_gambling,Budget Bravely,https://budgetbravely.com/
buffalokingslot.ru,other_gambling,Buffalo King игровой автомат 🎰 от Pragmatic Play — играть онлайн бесплатно,https://buffalokingslot.ru/
buglama.com.ua,unrelated,Attention Required! | Cloudflare,https://buglama.com.ua/
bushbet.co,other_gambling,BushBet — Australia's Premier Betting Platform,https://bushbet.co/
business-standard.com,unrelated,"Business News, Finance News, India News, Stock Markets BSE/NSE News, SENSEX, NIFTY,  Personal Finance News",https://www.business-standard.com/
businessofapps.com,other_gambling,Business of Apps - Connecting the app industry,https://www.businessofapps.com/
businessofcollegesports.com,other_gambling,Business of College Sports® - The latest news and original analysis on the business of college sports...,https://businessofcollegesports.com/
buyma.com,unrelated,世界を買える 海外ブランド・ファッション通販【BUYMA】,https://www.buyma.com/
bvmsports.com,unrelated,Your home for local sports and favorites - BVM Sports,https://bvmsports.com/
bwin-casino-belgique.buzz,other_gambling,Bwin Casino UK 2026 | Premium Online Casino & Sportsbook,https://bwin-casino-belgique.buzz/
bwinvu.com,other_gambling,Bwin – Top Rated Money Earning Games App for Pakistani Users 2026,https://bwinvu.com/
c444g.net,other_gambling,c444g - Safe Casino Games Deals with Exclusive Casino Offers,https://c444g.net/
cafe.naver.com,unrelated,네이버 카페,https://section.cafe.naver.com/ca-fe/
cafecarnegie.co.uk,other_gambling,Best Betting Sites: Top New Online Bookmakers in the UK,https://cafecarnegie.co.uk/
cagchandigarh.in,unrelated,Citizens Awareness Group – FOR FINANCIAL LITERACY & INVESTMENT PROBLEMS,https://cagchandigarh.in/
cala-di-cupabia.com,other_gambling,Mega Cricket World Bangladesh 2026: Most Trusted Betting & Mobile Casino App,https://www.cala-di-cupabia.com/
calhounpress.net,other_gambling,GBO4D LINK RESMI TOGEL TERBAIK,https://calhounpress.net/
candyland-casino0-uk.com,other_gambling,Candyland Casino OFFICIAL SITE 🎰 Expert Review 【UK Licensed】 Bonuses & Games Analysis 2026,https://candyland-casino0-uk.com/
candypalace.ru,other_gambling,Candy Palace игровой автомат от Amusnet 🍭 играть бесплатно,https://candypalace.ru/
canesinsight.com,unrelated,CanesInSight,https://canesinsight.com/
canterburymassage.com.au,unrelated,Home - Yan Massage Republic - Canterbury Massage,https://www.canterburymassage.com.au/
capitalone.com,other_gambling,"Capital One | Credit Cards, Checking, Savings & Auto Loans",https://www.capitalone.com/
capitalontap.com,unrelated,Credit Cards Built for Small Businesses | Capital on Tap,https://www.capitalontap.com/en
caputosf.com,unrelated,Caputosf Center,https://www.caputosf.com/
carahockingphotography.com,other_gambling,Game bài đổi thưởng uy tín – Top cổng game bài hot nhất 2026 | 12BET,https://carahockingphotography.com/
carbonfreeuk.co.uk,other_gambling,Carbon Free UK,https://carbonfreeuk.co.uk/
cardplayer.com,other_gambling,Card Player: The #1 Resource for All Things Poker and Gambling,https://www.cardplayer.com/
carebridgeteam.com,unrelated,Landing - Care Bridge Medical Staffing,https://www.carebridgeteam.com/
cartus-engelke.de,other_gambling,HTTPS Not Available,https://cartus-engelke.de/
cashstorm777w.com,unrelated,Cash Storm 777 – Download Best Earning Games App in Pakistan 2026,https://cashstorm777w.com/
casino-brango0-au.com,other_gambling,Casino Brango Australia 🔥 OFFICIAL ONLINE CASINO 【Best Games & Bonuses 2026】 Premium Gaming Experience,https://casino-brango0-au.com/
casino-fortune-wins-us.com,other_gambling,Fortune Wins Casino 🔥 OFFICIAL US Online Casino Review 2026 【Best Real Money Casino USA】 Play & WIN,https://casino-fortune-wins-us.com/
casino-kingdom-au.com,other_gambling,"Casino Kingdom Australia OFFICIAL 🔥 Complete 2026 Review 【Licensed & Trusted】 Bonuses, Games & Registration Guide",https://casino-kingdom-au.com/
casino-malt.com,unrelated,Attention Required! | Cloudflare,https://casino-malt.com/
casino-mate1-au.com,other_gambling,Casino Mate Australia 🔥 Real Money Pokies Online OFFICIAL SITE 【$1000 WELCOME BONUS】 Secure Gaming 2026,https://casino-mate1-au.com/
casino-melbet.mx,other_gambling,Melbet Apuestas Deportivas y Casino en México,https://casino-melbet.mx/
casino-most-bet.ru.com,unrelated,Attention Required! | Cloudflare,https://bancadoithuong.observer/
casino-official.com,other_gambling,Номад Казино Казахстан: Бону до 150 000 KZT на Депозит! 🔥,https://1nomadkz.casino-official.com/
casino-planet-7-us.com,other_gambling,Planet 7 Casino 🔥 BEST Online Casino USA 2026 【Welcome Bonus + Free Chips】 Sign Up & Play Real Money Games,https://casino-planet-7-us.com/
casino-yabby-us.com,other_gambling,"Yabby Casino USA 2026: Bonus, Games, Crypto & Review",https://casino-yabby-us.com/
casino.guru,other_gambling,Casino Guru – The Ultimate Guide to The Online Casino World,https://casino.guru/
casino.org,other_gambling,Trusted Casino Gambling Guide for 30+ Years - Casino.org,https://www.casino.org/
casinobarcelonav.com,other_gambling,Casino Barcelona – Top Earning Games Website with Customer Support Pakistan 2026,https://casinobarcelonav.com/
casinobeats.com,other_gambling,CasinoBeats – Latest news from online & land-based casino gaming industry,https://casinobeats.com/
casinobloke.com,other_gambling,"Casino Bloke - #1 Online Casinos, Bonuses, Games and Tips",https://www.casinobloke.com/
casinoorg-india.com,other_gambling,Trusted Casino Gambling Guide for 30+ Years - Casino.org,https://www.casinoorg-india.com/
casinoreview.click,other_gambling,Slot Reviews Backed by Real Session Data | CasinoReview.Click,https://casinoreview.click/
casinoscores.com,other_gambling,CasinoScores | No. 1 Live stats & Live Stream Casino Game Shows,https://www.casino.org/casinoscores/
castlekeybusiness.com,unrelated,Lewis-Clark Idaho Dental Society | 5th District Component of the Idaho State Dental Association,https://castlekeybusiness.com/
catchbetcasinod.com,other_gambling,Catch bet Casino - 🎁 محفوظ آفیشل آن لائن اسپورٹس ویجرنگ اور جدید کیسینو سلاٹ سسٹم پاکستان,https://catchbetcasinod.com/
catcountryutah.com,other_gambling,Cat Country 107.3 and 94.9 - Utah's New Country,https://catcountryutah.com/
cb7777.net,other_gambling,cb7777 - Claim Hot PK Slots and Grab Safe PKR Rewards,https://cb7777.net/
cbcmanisesquart.es,other_gambling,DINGDONG77 - Layanan Digital Modern Dengan Tampilan Praktis dan Nyaman,https://cbcmanisesquart.es/
cbsnews.com,other_gambling,"CBS News | Breaking news, top stories & today's latest headlines",https://www.cbsnews.com/
cbssports.com,other_gambling,"CBS Sports - News, Live Scores, Schedules, Fantasy Games, Video and more. - CBS Sports",https://www.cbssports.com/
cct777.net,other_gambling,cct777 - Claim Mobile Casino and Get Exclusive Casino Offers,https://cct777.net/
cdiscount.com,unrelated,Cdiscount : des prix bas qui ont de la voix !,https://www.cdiscount.com/
cdon.dk,other_gambling,Ting til livet | CDON,https://cdon.dk/
cdon.fi,unrelated,Välineet elämää varten | CDON,https://cdon.fi/
cdon.no,unrelated,Ting for livet | CDON,https://cdon.no/
cdon.se,unrelated,Förvänta dig allt | CDON,https://cdon.se/
cellphones.com.vn,other_gambling,"CellphoneS - Điện thoại, laptop, tablet, phụ kiện chính hãng",https://cellphones.com.vn/
cgeci.com,unrelated,Accueil - CGECI,https://cgeci.com/
chariotent.com,other_gambling,chariotent – entertainment company,https://chariotent.com/
chaskaasianstreetfood.com,unrelated,"Chaska Asian Street Food - Order Online, Delivery Available",https://chaskaasianstreetfood.com/
chatasmrekovica.sk,other_gambling,Chata Smrekovica - Chata Smrekovica,https://chatasmrekovica.sk/
chateau-de-bresse-sur-grosne.fr,other_gambling,Casino en Ligne Retrait Immédiat en France 2026 🎖️ Top 5 Sélectionnés,https://chateau-de-bresse-sur-grosne.fr/
chatix.online,other_gambling,Hacked by Trenggalek6etar — Hacked by Trenggalek6etar — JATIM4U,https://chatix.online/
check-results.co.in,other_gambling,4rabet India: Sports Betting & Online Casino Site (2026) | Login,https://rajuarts.in/
chelnovosti.ru,unrelated,"Википедия Спорта и результаты матчей онлайн. Турнирные таблицы, игроки, расписание и прогнозы — СпортсВики",https://sportswiki.ru/
chicagotribune.com,unrelated,"Chicago Tribune - Chicago News, Sports, Weather, Business & Things to Do",https://www.chicagotribune.com/
chicodating.com,other_gambling,TOP 10+ NHÀ CÁI UY TÍN NHẤT VIỆT NAM 2025 – 2026 | 7m,https://chicodating.com/
chile-melbet.cl,other_gambling,Melbet Casino Chile Con Apuestas Y Bonos Online,https://chile-melbet.cl/
china.makepolo.com,other_gambling,马可波罗网主站,http://china.makepolo.com/
chrisandsusanthemovie.com,unrelated,Chris And Susan Beesley | Our Story,https://chrisandsusanthemovie.com/
christophersecolo.com,unrelated,,https://christophersecolo.com/
cibidex.pl,other_gambling,"Vox Casino – bonusy, gry i płatności",https://cibidex.pl/
cilli88.net,other_gambling,cilli88 - Malaysia Online Slots with Free Spin Offers,https://cilli88.net/
ck-bet-app.com,other_gambling,CKBet Taxa de Saque | É Golpe? Análise CKBet e Teste PIX,https://ck-bet-app.com/
clankyzpravy.cz,unrelated,Články zprávy,https://clankyzpravy.cz/
claudiacivilleri.com,other_gambling,Pinco Casino Türkiye Giriş Yap | Güncel Adres ve Bonuslar,https://www.claudiacivilleri.com/
cleanix-service.de,other_gambling,Cleanix-Service,https://cleanix-service.de/
clearbridgetech.com,unrelated,ClearBridge Technology - IT Consulting & Technology Solutions,https://clearbridgetech.com/
cleatz.com,other_gambling,CLEATZ - Following The Money,https://cleatz.com/
clevercrow.co.uk,other_gambling,Best Betting Sites: Top New Online Bookmakers in the UK,https://clevercrow.co.uk/
clickbetexch1.live,unrelated,clickbetexch1,https://www.clickbetexch1.live
clickbetexch1.site,unrelated,clickbetexch1,https://www.clickbetexch1.site
clickbetexch1.vip,unrelated,clickbetexch1,https://www.clickbetexch1.vip
clickhive345.top,unrelated,Gioco Almora Darkosen RPG,https://clickhive345.top/
clicksudd.biz,unrelated,ゴルフ ダンロップ XXIO 10 CRAFT Model 9.5度 ツアーAD VR-5 Sフレックス ドライバー  ゴルフドゥ！新大宮バイパス浦和店【最短即日発送】,https://clicksudd.biz/
clinicasgetsmile.pt,other_gambling,Tower Rush 2026 : jeu casino Galaxsys avec démo gratuite,https://clinicasgetsmile.pt/
clojurescript.io,unrelated,Replumb REPL,https://clojurescript.io/
closingdatediary.com,unrelated,HATÁRIDŐ NAPLÓ – CLOSING DATE DIARY – VÉGSŐ DÁTUM – FINAL DATE,https://closingdatediary.com/
cloudautomations.org,unrelated,Home - Cloud Automation,https://cloudautomations.org/
cloudwards.net,other_gambling,Cloudwards.net | Software & Online Security Tools Reviewed,https://www.cloudwards.net/
clutchpoints.com,unrelated,"ClutchPoints - Sports News, Rumors, & Information",https://clutchpoints.com/
cm-vn.pt,other_gambling,Spinboss Casino — Expert Guide 2026 | PT,https://cm-vn.pt/
cnbc.com,unrelated,"International Business, World News & Global Stock Market Analysis",https://www.cnbc.com/world/?region=world
cncbet-app.cc,other_gambling,CNCbet Novidades 2026 | Opiniões & Portal Seguro CNCbet,https://cncbet-app.cc/
cnn.com,other_gambling,"Breaking News, Latest News and Videos | CNN",https://edition.cnn.com/
cnnibn7.in,unrelated,Home - CNN NEWS BHARAT,https://cnnibn7.in/
cnnturk.com,unrelated,CNN TÜRK Haber - Son Dakika Haberler,https://www.cnnturk.com/
coach4me.co,other_gambling,TOP 10+ NHÀ CÁI UY TÍN NHẤT VIỆT NAM 2025 – 2026 | 7m,https://coach4me.co/
cocktail-kitchen.com,other_gambling,Cara Daftar 1xBet 2026: Buat Akun Baru Sekarang Juga,https://cocktail-kitchen.com/
cococannalife.com,other_gambling,1xBet mongolia 2026: Спортын бооцоо болон казино тоглох,https://cococannalife.com/
codexandcapital.com,unrelated,Codex & Capital — The business of building,https://codexandcapital.com/
coevalchicago.com,unrelated,,https://coevalchicago.com/
coi77.com,other_gambling,"Coi77: Momentum Gacor Muncul, Tren Cuan Ikut Memanas",https://coi77.com/
coinbets777nz.com,other_gambling,Coinbets777 Casino NZ Access Portal | Next-Gen Crypto Pokies,https://coinbets777nz.com/
coindesk.com,other_gambling,"CoinDesk: Bitcoin, Ethereum, XRP, Crypto News and Price Data",https://www.coindesk.com/
coinedition.com,other_gambling,"Breaking News on Crypto, Blockchain, and More - Coin Edition",https://coinedition.com/
coinlive.com,unrelated,Coinlive - Your Top Source for All Things Blockchain,https://www.coinlive.com/
coisalab.com,other_gambling,Melhor Casa Chinesa 2026: Top 5 Modelos Recomendados,https://coisalab.com/
colorcasinot.com,other_gambling,3 Patti HotLogin-پاکستان میں بلیک جیک ریئل ڈیلر میں بیٹنگ اور پیش گوئی قابل اوڈز 3 Patti Hot.com,https://colorcasinot.com/
combobets.com,other_gambling,ComboBets • expert football predictions - soccer accumulators - system bets,https://combobets.com/
comicplaycasinop.com,other_gambling,ComicPlay Casinoڈاؤن لوڈز-پشاور میں اینڈر بہار تیز راؤنڈز میں بیٹنگ اور شفاف اسکور اوڈز ComicPlay Casino.com,https://comicplaycasinop.com/
company-information.service.gov.uk,unrelated,Search the register - Find and update company information - GOV.UK,https://company-information.service.gov.uk/
contabeis.com.br,unrelated,Portal Contábeis - A maior comunidade de contabilidade da Internet Brasileira.,https://www.contabeis.com.br/
controlpanelwindows10.com,unrelated,How to Easily Open the Control Panel in Windows 10,https://controlpanelwindows10.com/
cosmeprogramme.org,other_gambling,लाइव अंदर बाहर 🎲 ऑनलाइन असली पैसे के लिए खेलें,https://cosmeprogramme.org/
courier-journal.com,other_gambling,"Louisville News, Louisville Sports | Courier-Journal",https://www.courier-journal.com/
courseware.cloud,unrelated,Courseware.Cloud,https://courseware.cloud/
covermymeds.com,unrelated,CoverMyMeds,https://external-us.covermymeds.health/
covidchildcarecolorado.com,unrelated,Attention Required! | Cloudflare,https://covidchildcarecolorado.com/
cpaguru.ru,unrelated,This page is blocked by service provider.,https://cpaguru.ru/
crazyfansofnovel.com,unrelated,Urdu Novels - Crazy Fans of Novels - Readers Are Leaders,https://crazyfansofnovel.com/
cric247.games,unrelated,cric247,https://www.cric247.games
cricketconnected.com,unrelated,"Cricketconnected.com: Cricket Updates, Information, Stats, Records and More",https://cricketconnected.com/
crisanbenedettodeltronto.it,unrelated,Comitato di San Benedetto del Tronto - Comitato di San Benedetto del Tronto,https://crisanbenedettodeltronto.it/
crowderscarpetcleaning.com,unrelated,"Carpet Cleaning in Suffolk, VA | Crowder’s Carpet Cleaning",https://crowderscarpetcleaning.com/
crownplayy-casino-au.com,other_gambling,CrownPlay Casino OFFICIAL WEBSITE 🔥 Welcome Bonus 【200% + 500FS】 Best Online Casino Australia 2026,https://crownplayy-casino-au.com/
crunchbase.com,unrelated,Crunchbase | Private Company Data & Predictive Intelligence,https://www.crunchbase.com/
crypto-casino-de.net,other_gambling,Best Crypto Casinos 2026 — SlotRave & Granawin Reviewed,https://crypto-casino-de.net/
cryptobriefing.com,unrelated,"Crypto Briefing - Bitcoin, Ethereum and the future of finance",https://cryptobriefing.com/
csment.ru,other_gambling,"Казино Битц официальный онлайн сайт. Вход, регистрация, игровые автоматы. Зеркало Bitz",https://csment.ru/
ctfosteradopt.com,other_gambling,Pembukaan Situs Resmi Terpercaya Kemenangan Mudah KINGZEUS88.,https://plano-towing.com/
culinary-imports.com,other_gambling,แนะนำเว็บโป๊กเกอร์ออนไลน์จ่ายเงินจริง 2026,https://mexicanpharmacy1st.shop/
culturaldaily.com,unrelated,"Cultural Daily - Independent Voices, New Perspectives",https://culturaldaily.com/
currency.wiki,unrelated,"Live Exchange Rates, Charts & Rate Alerts | Currency.Wiki",https://currency.wiki/
currenttrendassam.com,unrelated,"TOKYO404 | Portal Informasi Aktual, Berita Modern, dan Tren Terkini - assam-currenttrendassam.com",https://currenttrendassam.com/
cutngrow.com,unrelated,Social Media Agency,https://cutngrow.com/
cz7777.vip,other_gambling,cz7777 - Grab Free Spins from Fast Online Casino,https://cz7777.vip/
czarnykarzel.pl,other_gambling,Aftermarket.eu :: domain czarnykarzel.pl,https://czarnykarzel.pl/
dafaxbet.live,unrelated,DafaxBet,https://www.dafaxbet.live/
dailyplay7.org,other_gambling,Dailyplay7 - Official Cricket ID | Bet on IPL 2026 | 1 Min Withdrawal | 60% Bonus,https://dailyplay7.org/
damu-komek.kz,other_gambling,Web Server's Default Page,http://damu-komek.kz/
danbubanygolf.com,unrelated,Golf Lessons Tucson | PGA Golf Coach Dan Bubany,https://danbubanygolf.com/
dandylocks.com,other_gambling,敦義五金股份有限公司 - 五金門鎖｜電子鎖｜客製化門鎖｜ODM,https://dandylocks.com/
dangkylapmang.vn,unrelated,Trang chủ - Đăng ký mạng FPT,https://dangkylapmang.vn/
danielies.com,unrelated,INICIO - Dani elies,https://www.danielies.com/
danslamarmitedarmelle.fr,unrelated,Dans la marmite d'Armelle,https://danslamarmitedarmelle.fr/
daraz.com.bd,unrelated,Online Shopping in Bangladesh: Order Now from Daraz.com.bd,https://www.daraz.com.bd/
daraz.com.np,unrelated,"Online Shopping in Nepal: Best Deals, Prices & Discounts - Daraz.com.np",https://www.daraz.com.np/
daraz.lk,unrelated,"Online Shopping Sri Lanka: Clothes, Electronics & Phones - Daraz.lk",https://www.daraz.lk/
daraz.pk,unrelated,"Online Shopping in Pakistan: Fashion, Electronics & Groceries - Daraz.pk",https://www.daraz.pk/
daringgourmet.com,unrelated,Travel The World Through Your Taste Buds! - The Daring Gourmet,https://www.daringgourmet.com/
dashbetcasinoe.com,other_gambling,Dash Bet Casino - ❤ محفوظ آفیشل موبائل کرکٹ ویجرنگ اور ریئل کیش انٹرٹینمنٹ نیٹ ورک سروس پاکستان,https://dashbetcasinoe.com/
datainsights.uk,other_gambling,Best Betting Sites: Top New Online Bookmakers in the UK,https://datainsights.uk/
dataxis.net,other_gambling,원엑스벳 2026년 공식 접속 주소를 확인하고 신규 가입 혜택과 빠른 출금 서비스를 이용하세요,https://dataxis.net/
davidcfranciscoattorney.com,other_gambling,Султан Казино — Официальный Сайт Sultan Casino Казахстан,https://www.davidcfranciscoattorney.com/
davidjones.com,unrelated,Pardon Our Interruption,https://www.davidjones.com/
db-bet.cc,unrelated,DBbet Home Overview 2026 | Full Site Map India,https://db-bet.cc/
dd-bet.cc,other_gambling,DDBet Review 2026 | Confiável ou Golpe? DDBet Portal Seguro,https://dd-bet.cc/
ddgi.uz,other_gambling,Melbet UZ - 120% bonusli bukmeker va kazino | Kirish,https://melbet-uzb.com/
ddizi.im,unrelated,"Ddizi, dizi izle, dizi seyret, dizi, canlı dizi, ddizi.im",https://www.ddizi.im/
ddw99.com,other_gambling,"DDW99 | AUSTRALIA PREMIUM GAMING, ANYTIME, ANYWHERE 🌐ACCESS A FULL RANGE OF HIGH-QUALITY ENTERTAINMENT INCLUDING SLOTS I LIVE GAMING I SPORT I FISHING–WITH A PLATFORM DESIGNED FOR PERFORMANCE AND TRUS",https://ddw99.com/
deciencia.net,other_gambling,"Royal Reels 24 Australia 🎰 Login, Sign Up & Casino Bonus Chips",https://duckbatterysystems.com/
dekitta.com,unrelated,"DEKITTA — Votre site en 24h, c'est fait.",https://dekitta.com/
dellwindowsreinstallationguide.com,other_gambling,华体会官网首页登录入口_华体会（中国）,http://dellwindowsreinstallationguide.com/
delt.bet,other_gambling,delt — Honest gambling & bet tracker | Know your real edge,https://www.delt.bet/
deluxecasinobonus.net,other_gambling,A legjobb online kaszinó oldalak magyar játékosoknak - Deluxe Casino Bonus,https://www.deluxecasinobonus.net/
depop.com,unrelated,"Depop - buy, sell, discover unique fashion",https://www.depop.com/
dermostudioar.com,unrelated,Dermo Studio – Centro de Estética,https://dermostudioar.com/
descontosbrasileiro.com,other_gambling,Casa Chinesa para Cães: Comparativo de Marcas 2026,https://descontosbrasileiro.com/
desitales2.com,other_gambling,Desi tales - Indian sex stories,https://www.desitales2.com/
detroitfarmandgarden.com,other_gambling,Experience Sports Like Never Before - Detroit Farm & Garden,https://detroitfarmandgarden.com/
deutsch2014-2015.ru,unrelated,deutsch2014-2015.ru,https://deutsch2014-2015.ru/
devman07.com,other_gambling,"DevMan07 | Best Casino Games Online | Play Crash, Chicken, JetX & Win Real Money",https://devman07.com/
dgpress.info,other_gambling,"Tophillbet | Tophillbet Giriş – Canlı Bahis, Casino ve Hızlı Üyelik",https://dgpress.info/
diabetologie-am-ostkreuz.de,other_gambling,Diabetologie am Ostkreuz,https://www.diabetologie-am-ostkreuz.de/
dial4bet.com.in,other_gambling,Dial4bet | Dial 4bet | Dial4 bet | Dial 4 bet | Dial4bet.com | www.dial4bet.com,https://dial4bet.com.in/
diamanti.com,unrelated,Diamanti – Hybrid Cloud Kubernetes,https://diamanti.com/
diariodechaves.pt,other_gambling,diariodechaves.pt está disponível para aquisição,https://diariodechaves.pt/
dietamix.pl,unrelated,DietaMIX,https://dietamix.pl/
digikala.com,unrelated,فروشگاه اینترنتی دیجی‌کالا,https://www.digikala.com/
disabilityservicesadelaide.com.au,unrelated,Disability Services Adelaide,https://disabilityservicesadelaide.com.au/
divxland.org,unrelated,تنزيل متجر بلاي Google Play APK التطبيقات لـ Android - Divxland,https://www.divxland.org/
djspizzaandsteakhouse.com,unrelated,"DJ's Pizza & Steak House - Best Pizza Restaurant in Woodbury, TN | Fresh Homemade Food",https://djspizzaandsteakhouse.com/
dmp-eo.com,unrelated,Event Organizer Jakarta | Jasa Event Organizer,https://www.dmp-eo.com/
dmtxk03fmb.com,unrelated,Attention Required! | Cloudflare,https://dmtxk03fmb.com/
dobryart.pl,unrelated,nicsell: RGP domain backorder service for .de & .eu & .at domains,https://nicsell.com/en
doctorone.hu,other_gambling,Mióta és hogyan alakítják át a mezőgazdasági drónok a termelést? - Pontmagazin,https://pontmagazin.hu/miota-es-hogyan-alakitjak-at-a-mezogazdasagi-dronok-a-termelest/
doctorplusapteka.kz,unrelated,Attention Required! | Cloudflare,https://doctorplusapteka.kz/
dolcevitahsvillage.com,unrelated,Home - DOLCE VITA RESTAURANT,https://dolcevitahsvillage.com/
dolphday.org,unrelated,Dolph Day,https://www.dolphday.org/
dolphinarium.ru,unrelated,Большой Сочинский дельфинарий - Дельфинарий,https://dolphinarium.ru/
domaluxprofessional.pl,unrelated,Domalux Professional – Blog o zdrowiu,https://domaluxprofessional.pl/
dominos-casino-au.com,other_gambling,Dominos Casino Australia OFFICIAL 🔥 Premier Online Gaming Experience 【LICENSED & SECURE】 Play Pokies & Live Games 2026,https://dominos-casino-au.com/
dotykmaroka.pl,other_gambling,"Energy Casino i Casino Energy – metody wpłat, bonusy, szybkie wypłaty",https://dotykmaroka.pl/
draftcountdown.com,unrelated,NFL Draft Countdown,https://www.draftcountdown.com/
dragoncourt.net,other_gambling,THE ANCIENT AND SOVEREIGN DRAGONCOURT AND ORDER,http://www.dragoncourt.net/
drbetcasinou.com,other_gambling,Dr Bet Casino - 💰 آفیشل اسپورٹس بک اور جدید ریئل کیش لائیو ڈیلر انٹرٹینمنٹ پلیٹ فارم پاکستان,https://drbetcasinou.com/
dream-vegas-casino-uk.com,other_gambling,Dream Vegas Casino OFFICIAL SITE 🔥 UK's Leading Online Casino 【Welcome Bonus 2026】 Premium Games & Mobile App,https://dream-vegas-casino-uk.com/
dreambetcasinot.com,other_gambling,Dream bet Casino - 🧧 پاکستان میں جدید آن لائن اسپورٹس ویجرنگ اور کیسینو سروس,https://dreambetcasinot.com/
dreamroyales.com,other_gambling,Bet and Gamble in the Smoothest and Most Fun Way Possible at Dream Royale Casino!,https://dreamroyales.com/
drinkinggamezone.com,other_gambling,Drinking Game Zone - The Alcohol Drinking Games Encyclopedia,https://drinkinggamezone.com/
drkmedicalcentre.com,unrelated,乐动网站网页版-乐动online（中国）,http://www.drkmedicalcentre.com/
droolrecipes.com,unrelated,Welcome to Drool Recipes,https://droolrecipes.com/
dropshopnederland.nl,unrelated,Home - Dropshopnederland,https://www.dropshopnederland.nl/
drsledereva.hu,other_gambling,Diéta kalauz nőknek,https://noinapozo.hu/dieta-kalauz-noknek-utmutato-az-egeszseges-eletmodhoz-es-a-tartos-fogyashoz/
dsfhof.com,unrelated,Index of /,https://dsfhof.com/
dubizzle.com.eg,unrelated,دوبيزل (OLX) - بيع وشراء السيارات والعقارات والمزيد في مصر,https://www.dubizzle.com.eg/
duckbatterysystems.com,other_gambling,"Royal Reels 24 Australia 🎰 Login, Sign Up & Casino Bonus Chips",https://duckbatterysystems.com/
duckdynastyslotmachinex.com,other_gambling,Duck Dynasty Slot Machine – Best Ludo Earning Game App in Pakistan 2026,https://duckdynastyslotmachinex.com/
dzen.ru,other_gambling,"Дзен — главная новостная информационная платформа, которая помогает миллионам людей узнавать, что происходит в мире.",https://sso.passport.yandex.ru/push?uuid=940b632e-844a-4f4e-b113-f850fc9e0d16&retpath=https%3A%2F%2Fdzen.ru%2F%3Fis_autologin_ya%3Dtrue
e-biblioteka.rzeszow.pl,unrelated,Dotacje z Urzędu Pracy od A do Z,https://biznesplany24.pl
e.leclerc,unrelated,E.Leclerc : Défendre tout ce qui compte pour vous,https://www.e.leclerc/
easy-tensorflow.com,other_gambling,Chicken Road Spiel - Chicken Cross the Road Game Deutschland,https://easy-tensorflow.com/
easy13.app,other_gambling,easy13 - Try Mobile Casino and Claim MYR Bonus Rewards,https://easy13.app/
easyreadernews.com,unrelated,Easy Reader & Peninsula — South Bay Beach Cities News,https://easyreadernews.com/
eatingwithkirby.com,other_gambling,"Eating with Kirby | Effortless Eats, Expertly Curated",https://eatingwithkirby.com/
ec21.com,unrelated,"EC21, Global B2B Marketplace - Connecting Global Buyers with Manufacturers, Suppliers, Exporters worldwide",https://www.ec21.com/
ecole-communale-dottignies.be,unrelated,Informations - Ecole communale de Dottignies,https://ecole-communale-dottignies.be/
ecrivains-voyageurs.net,unrelated,Ecrivains voyageurs et r�cits de voyages,https://ecrivains-voyageurs.net/
ecuabetregistrobono.com,other_gambling,ECUABETREGISTROBONO - PLATAFORMA OFICIAL - 🎁 - ECUABETREGISTROBONO.COM,https://ecuabetregistrobono.com/
ecycle.com.br,unrelated,eCycle: Sustentabilidade para todos,https://www.ecycle.com.br/
ed7com.com,other_gambling,"ED7 BET O cassino mais confiável do Brasil, um operador certificado pela IBIA.⚡ | Discover Brazil's Most Trusted Casino: ED7 BET Certified by IBIA",https://ed7com.com/
edgars.co.za,unrelated,icon-X,https://www.edgars.co.za/
edgeatlasai.com,other_gambling,"EdgeAtlas AI | Betting Intelligence, Not Betting Hype",https://edgeatlasai.com/
editorialge.com,unrelated,"Editorialge | Tech, AI, SaaS, EdTech & Digital Marketing",https://editorialge.com/
edsonfaiolli.com,other_gambling,Casa Chinesa Barata: Qual Escolher? Análise Completa,https://edsonfaiolli.com/
ef7777.net,other_gambling,ef7777 - Start Top Mobile Casino and Grab VIP Bonus Offers,https://ef7777.net/
efirbet.com,other_gambling,Efirbet.com ᐉ Класация на Най-Добрите Онлайн Букмейкъри 🎖️,https://efirbet.com/
egamersworld.com,unrelated,"Esports games. Tournaments, Matches, News, Predictions",https://egamersworld.com/
eggtuck.com,unrelated,Egg Tuck | Egg tuck Chicago | Best Breakfast Sandwich in LA,https://www.eggtuck.com
egoventure.it,other_gambling,EGO Venture – Investing in radical innovation,https://egoventure.it/
egr.global,unrelated,Home - EGR Intel,https://www.egr.global/intel/
ejesanabria.org,unrelated,Inicio - Plataforma EjeSanabria,https://www.ejesanabria.org/
eksystems.ru,other_gambling,"Ставка с форой: плюсовая, минусовая и возврат",https://www.eksystems.ru/
elabetitalia.com,other_gambling,ElaBet Casino⚡️: Gioca Online con Bonus di Benvenuto,https://elabetitalia.com/
eliktipark-ampkz.site,unrelated,Attention Required! | Cloudflare,https://eliktipark-ampkz.site/
eliktipark-kzamp.site,unrelated,Attention Required! | Cloudflare,https://eliktipark-kzamp.site/
eliktipark.kz,unrelated,Attention Required! | Cloudflare,https://eliktipark.kz/
elisa-bet.cc,other_gambling,Elisa bet Fraude ou Confiável? Lendo as Reclamações do Elisa bet,https://elisa-bet.cc/
elixrapp.com,unrelated,elixrapp - Softwares&Apps Review,https://elixrapp.com/
elizabethmostyn.com,unrelated,Home Page - Elizabeth Mostyn where science meets story Home Page,https://elizabethmostyn.com/
elmeda.net,other_gambling,1xbet مصر: الموقع العربي رقم 1 للمراهنات الرياضية والكازينو,https://elmeda.net/
elochic.com,other_gambling,Casas Chinesas Premium: Ranking dos Melhores Modelos,https://elochic.com/
elpalaciodehierro.com,unrelated,Noches Palacio: 50% Adicional en Monedas con Tarjeta Palacio,https://www.elpalaciodehierro.com/
elriograndemexican.com,other_gambling,Australian Betting Apps Reviewed: Compare Top Picks 2026,https://elriograndemexican.com/
em.com.br,unrelated,"Estado de Minas: notícias e análises de MG, Brasil e do mundo",https://www.em.com.br/
emag.bg,other_gambling,eMAG.bg - Широка гама продукти,https://www.emag.bg/
emag.hu,other_gambling,eMAG.hu - Találj rá a keresés örömére,https://www.emag.hu/
emag.ro,other_gambling,eMAG.ro - Căutarea nu se oprește niciodată,https://www.emag.ro/
emelhorcontartudo.com,other_gambling,Casa Chinesa Barata: Melhor Custo-Benefício BR 2026,https://emelhorcontartudo.com/
emmatengineeringltd.com,unrelated,"EMMAT ENGINEERING LTD – Electromechanical, Installation & Maintenance of Generating Set, Logistic Contractor, Telecommunication (Power & Transmission)",https://emmatengineeringltd.com/
empik.com,unrelated,Empik.com | 10 000 000 produktów i pomysłów na prezent | Dostawa za 0 zł z Empik Premium,https://www.empik.com/
enigmaplay.asia,other_gambling,EnigmaPlay | All-In-One Solution for Online Casino Needs,https://enigmaplay.asia/
enostech.com,unrelated,EnosTech.com - Innovate - Explore - Enjoy,https://www.enostech.com/
entaingroup.com,unrelated,Entain,https://www.entaingroup.com/
environmentaldaily.com,other_gambling,Environmental Daily,https://environmentaldaily.com/
eonline.com,other_gambling,"E! News: Celebrity News, Photos and Video",https://www.eonline.com/
eorconstruction.com,unrelated,Home - EOR Construction,https://eorconstruction.com/
epston.xyz,unrelated,Epston Files | Predict the Truth,https://www.epston.xyz/
eqpb.hu,other_gambling,Online kaszinó mobil alkalmazások - magyar játékosoknak,https://www.utazoflamingo.hu/
erd.gov.bd,other_gambling,হোম | অর্থনৈতিক সম্পর্ক বিভাগ,https://erd.gov.bd/
erzurumprefabrik.com.tr,unrelated,Attention Required! | Cloudflare,https://erzurumprefabrik.com.tr/
espace-etincelle.com,other_gambling,Mega Cricket World App Bangladesh - Best Betting & Casino App 2026,https://espace-etincelle.com/
espn.co.uk,other_gambling,ESPN United Kingdom - Serving Sports Fans. Anytime. Anywhere.,https://www.espn.co.uk/
espn.com,unrelated,ESPN - Serving Sports Fans. Anytime. Anywhere.,https://www.espn.com/
espn.com.sg,other_gambling,ESPN Singapore - Serving Sports Fans. Anytime. Anywhere.,https://www.espn.com.sg/
esportsinsider.com,other_gambling,"Esports Insider - Esports News, Betting Odds & Matches",https://esportsinsider.com/
esquizofrenia24x7.pt,other_gambling,Saúde Mental Portugal: Blog sobre Psicologia e Apoio ao Jogador,https://esquizofrenia24x7.pt/
esrefruya.com,unrelated,Ana Sayfa | Eşref Rüya,https://www.esrefruya.com
essepiutech.com,unrelated,Essepiutech – SP+ Tech – Consulenza e Innovazione,https://essepiutech.com/
estillo76.com,other_gambling,Casas Chinesas Pequenas: Modelos Compactos Recomendados,https://estillo76.com/
etcarian.com,unrelated,ETCARE | Start Your Own Business | Beauty Products,https://etcarian.com/
eu.com,unrelated,EU.COM | The Smart Domain Choice for Expanding into Europe,https://eu.com/
eurocir.com,unrelated,Eurocir – Circuitos impresos,https://www.eurocir.com/
euronews.com,unrelated,Latest breaking news available as free video on demand | Euronews,https://www.euronews.com:443/
europeangaming.eu,unrelated,European Gaming: iGaming news and analysis for B2B,https://europeangaming.eu/portal/
evertrek.com.pl,unrelated,"EverTrek Sklep sportowy - Kurtka puchowa 4F, buty trekkingowe i zimowe, softshell, bluzy 4fsklep",https://evertrek.com.pl/
ex5vbeszmb.com,unrelated,ex5vbeszmb.com - Login,https://ex5vbeszmb.com/ServiceCenter/CentralizedLogin_AuthCodeFlow_CodePart.aspx?OriginalURL=%24MSQxMDAw%24m4hm4WoWVb63SY6Q3wOlJw%3d%3dE6GWBZsOuKTkoHk8MdkfBATe0DYVwgOQZEDp41XZimSPww5iX1UppDQEyFWriLP7k67sMg8SvWubxrLeGvfcJSUOOs3%2bsNDluxnCit0FAH5BmizP1EmMFplel4XVAps2dapx%2bdCzhyt8s8%2fo5mMkbjXRelRDXmH9w0i%2fBL31BonWKX5sl0WAkg333pdQ6kAX&ToolName=%24MSQxMDAw%24mMAocNukgljqKFxG%2fIGaKw%3d%3dFOtacUnfdmLDwZkCs%2fj%2bXTlNTewHwICLcPXbtYTIgw0bA7Kvrb%2fzlM8OuUjRjfWS&IsITApp=True
expatria.pl,other_gambling,"Bison Casino: Automaty Online, Zakłady i Bonusy 2026",https://www.expatria.pl/
extime.com,unrelated,Extime.com | Official online store of Paris Aeroport® ✈️,https://www.extime.com/en/paris
extour-shop.ru,other_gambling,ExTour Shop,https://extour-shop.ru/
ezsport.bet,other_gambling,SPORT - ezsport.bet,https://ezsport.bet/
f168ct.com,other_gambling,9ggt ❤️ Como Apostar nas Apostas de Slot e Garantir Sucesso,https://f168ct.com/
facebook.com,unrelated,Facebook,https://www.facebook.com/
facemusic.pl,other_gambling,Slottica Casino 🛡️Logowanie Slottica Online PL i bonus 500 zł + 125FS,https://facemusic.pl/
faire.com,unrelated,Your one-stop shop for wholesale - Faire,https://www.faire.com/
faithmatterstoday.org,other_gambling,"Faith Congregational Church – ""Where Faith Matters Today…and Always!""",https://faithmatterstoday.org/
falabella.com.co,unrelated,Falabella.com | Lo último primero en Falabella,https://falabella.com.co/
falabella.com.pe,other_gambling,Falabella.com | Lo último primero en Falabella,https://falabella.com.pe/
fallacepeda.es,other_gambling,Falla Rodriguez de Cepeda – L. Palmireno,https://fallacepeda.es/
famups.com,unrelated,Famups - Social Media Marketing Service,https://www.famups.com/
fanduel.com,other_gambling,"Prediction Markets, Online Sportsbook, Casino & Daily Fantasy Sports | FanDuel",https://www.fanduel.com/
fann.sk,unrelated,Parfémy | Voňavky | Kozmetika a poradenstvo | FAnn parfumerie,https://www.fann.sk/
fantasypros.com,other_gambling,"Fantasy Football Rankings, 2026 Projections, Fantasy Baseball Cheat Sheets | FantasyPros",https://www.fantasypros.com/
faress.com,unrelated,Faress - Specialisti nello sport - Sportstore24 srl,https://www.faress.com/
farmerfriend.in,other_gambling,Melbet India – Sports Betting Platform & Online Casino,https://farmerfriend.in/
fastpay29.com,other_gambling,"FASTPAY9 | Aussie Most Trusted Online Casino Play Slots, Bet on Sports, Try Live Casino, and Win Big!!!",https://fastpay29.com/
fastpay9.com,other_gambling,"FASTPAY9 | Aussie Most Trusted Online Casino Play Slots, Bet on Sports, Try Live Casino, and Win Big!!!",https://fastpay9.com/
fasttrac.org,unrelated,Kauffman FastTrac – Your idea. Your business. Your way.,https://www.fasttrac.org/
faz1-bet.com,other_gambling,Faz1bet Promo Real? 2026 | Análise & Portal Oficial Faz1bet,https://faz1-bet.com/
fb.com,unrelated,Facebook,https://www.facebook.com/
fbcdn.net,unrelated,Facebook,https://www.facebook.com/
fefundinfo.com,unrelated,FE fundinfo | Navigating Complexity with Confidence,https://www.fefundinfo.com/
femalecricket.com,other_gambling,"Female Cricket - Women's Cricket Live Scores, Match updates, Women's Fixtures, Results, News, Articles, Interviews and more",https://femalecricket.com/
fensterjalousien.de,other_gambling,drempeltuer.de,http://fensterjalousien.de/
fermented-nutrition.com,unrelated,Fermented Nutrition CorporationFermented Nutrition Corporation,https://fermented-nutrition.com/
fezacelikkapi.com.tr,other_gambling,Hititbet Güncel Giriş: Resmi Yeni Giriş Adresi ve Bonus Anında,https://fezacelikkapi.com.tr/
fidanemlakercis.com,other_gambling,"Royal Reels 24 Australia 🎰 Login, Sign Up & Casino Bonus Chips",https://shoptheramu.com/
fifaworldcuplivestreamfree.blogspot.com,unrelated,FIFA WORLD CUP LIVE STREAM FREE,https://fifaworldcuplivestreamfree.blogspot.com/
fifthstrategy.com,other_gambling,My Blog – My WordPress Blog,https://fifthstrategy.com/
filipmartinek.cz,other_gambling,"Filip Martínek – ""Už to není, co to bývalo… je to mnohem lepší!""",https://www.filipmartinek.cz/
fillyourkart.com,unrelated,Ayush -,https://fillyourkart.com/
filmedica.pl,unrelated,Attention Required! | Cloudflare,https://filmedica.pl/
financiarveiculo.com,unrelated,financiarveiculo -,https://financiarveiculo.com/
fipfaworldcup.org,other_gambling,Bison Casino Online 2026 ⭐ Bonus do 2500 PLN i 100 Spinów,https://fipfaworldcup.org/
firestoneriverfront.com,other_gambling,404 Not Found,https://getara.co/vi-vn/
first-newsmedia.com,unrelated,Accueil - FIRST-NEWS MEDIA,https://www.first-newsmedia.com/
firsthamster.com,unrelated,First Hamster – All about hamsters,https://firsthamster.com/
firstlightacquisition.com,unrelated,First Light Acquisition Group | Dual-Use Technology & Defense Acquisition,https://firstlightacquisition.com/
fish-co.com.ph,other_gambling,Fish and Company,https://www.fish-co.com.ph/
fit4good.hu,other_gambling,Online kaszinó mobil alkalmazások - magyar játékosoknak,https://www.utazoflamingo.hu/
fitelo.co.in,other_gambling,Finding the Most Popular Sports to Bet On in India - fitelo.co.in,https://fitelo.co.in/
fitpraktyka.pl,unrelated,Fitpraktyka – ABC witaminy D3,https://fitpraktyka.pl/
fivereasonssports.com,unrelated,South Florida Front Page – Five Reasons Sports Network,https://www.fivereasonssports.com/
flappy-bird-game.com,other_gambling,Flappy Bird - official online platform with secure access,https://flappy-bird-game.com/
flashscore.com,other_gambling,"Football Live Scores, Latest Football Results | Flashscore.com",https://www.flashscore.com/
flay99.com,other_gambling,flay99 - Malaysia Safe Casino with New Player Bonus,https://flay99.com/
flexywearpremium.com.tr,unrelated,FlexyWear Premium,https://flexywearpremium.com.tr/
fliptheswitch.com,other_gambling,Home - Flip The Switch,https://fliptheswitch.com/
flograte.com,unrelated,Empower Your Business with Custom Integration Services - Flograte,https://flograte.com/
floristeriaslogrono.es,unrelated,Floristerias Logroño. Envio de flores a domicilio en Logroño.,https://floristeriaslogrono.es/
flourishforums.com,unrelated,"Flourish Forums – Community Discussions, Lifestyle, Growth and Ideas",https://www.flourishforums.com/
folhabv.com.br,unrelated,"Folha BV - Notícias, opinião, política, esporte, cultura de Roraima",https://www.folhabv.com.br/
fonbet.kz,other_gambling,Ставки на спорт онлайн в Казахстане на официальном сайте букмекерской конторы - Фонбет КЗ,https://fonbet.kz/
fonteam.kz,unrelated,Fonteam,https://fonteam.kz/
fool.com,unrelated,Stock Market News & Investing Research | The Motley Fool,https://www.fool.com/
footballbetsexplained.co.uk,other_gambling,Football Bets Explained - Football Bets Explained,https://www.footballbetsexplained.co.uk/
fortune-wheelz-casino-us.com,other_gambling,Fortune Wheelz Casino 🔥 OFFICIAL Review & Welcome Bonus 【USA Players 2026】 Real Money Online Casino,https://fortune-wheelz-casino-us.com/
fortuneofgizaslot.ru,other_gambling,"Игровой автомат Fortune of Giza: демо режим, бесплатная игра",https://fortuneofgizaslot.ru/
forum-maquettes-spatiales.com,other_gambling,"Mega Cricket World (Bangladesh, 2026): Premium mobile sports betting and casino platform.",https://forum-maquettes-spatiales.com/
fourjandals.com,other_gambling,Adventure Travel Blog For Adventurous Couples | Four Jandals,https://www.fourjandals.com/
fox5ny.com,unrelated,"FOX 5 New York | Local News, Weather, and Live Streams | WNYW",https://www.fox5ny.com/
fox5vegas.com,unrelated,FOX5 Vegas,https://www.fox5vegas.com:443/
foxbusiness.com,other_gambling,Fox Business | Business News & Stock Quotes - Saving & Investing,https://www.foxbusiness.com/
foxnews.com,unrelated,Fox News - Breaking News Updates | Latest News Headlines | Photos & News Videos,https://www.foxnews.com/
foxsports.com,other_gambling,"FOX Sports News, Scores, Schedules, Odds, Shows, Streams & Videos | FOX Sports",https://www.foxsports.com/
fr.shopping.rakuten.com,unrelated,"Rakuten - Achat et vente neuf, occasion et reconditionné",https://fr.shopping.rakuten.com/
franceinfo.fr,unrelated,franceinfo - Actualités en temps réel et info en direct,https://www.franceinfo.fr/
francky-bike.com,other_gambling,Mega Cricket World Bangladesh – Feel Dhaka’s Street Vibe in Online Betting,https://francky-bike.com/
fredrikoglouisa.no,other_gambling,"Fredrik & Louisa - Hudpleie, makeup og parfyme på nett",https://fredrikoglouisa.no/
freeapk.mobi,unrelated,Android app APKs - free downloads,https://freeapk.mobi/
freescripthub.org,other_gambling,Beste Casino Zonder Cruks in Nederland 2026🎖️Top 10 & Reviews,https://freescripthub.org/
freshnetworth.com,unrelated,Fresh Net Worth - Discover the Secrets of All-Famous Person Wealths,https://freshnetworth.com/
fril.jp,unrelated,楽天ラクマ（旧フリル） | 楽天のフリマアプリ - 中古/未使用品がお得！,https://fril.jp/
frontofficesports.com,other_gambling,Front Office Sports,https://frontofficesports.com/
fruitslot777loginh.com,other_gambling,fruit slot 777 login - 🍁 پاکستان کے صارفین کیلئے ریئل ٹائم اسپورٹس ویجرنگ اور جیک پاٹ انعامات,https://fruitslot777loginh.com/
fruugo.be,unrelated,Home | Fruugo BE,https://www.fruugo.be/
fruugo.ca,unrelated,Home | Fruugo CA,https://www.fruugo.ca/
fruugo.co.il,unrelated,בית | Fruugo IL,https://www.fruugo.co.il/
fruugo.co.nz,unrelated,Home | Fruugo NZ,https://www.fruugo.co.nz/
fruugo.co.uk,unrelated,Home | Fruugo UK,https://www.fruugo.co.uk/
fruugo.co.za,unrelated,Home | Fruugo ZA,https://www.fruugo.co.za/
fruugo.com.tr,unrelated,Ev | Fruugo TR,https://www.fruugo.com.tr/
fruugo.cz,unrelated,Domů | Fruugo CZ,https://www.fruugo.cz/
fruugo.de,unrelated,Startseite | Fruugo DE,https://www.fruugo.de/
fruugo.eg,unrelated,منزل | Fruugo EG,https://www.fruugo.eg/
fruugo.gr,unrelated,Αρχική Σελίδα | Fruugo GR,https://www.fruugo.gr/
fruugo.hu,unrelated,Főoldal | Fruugo HU,https://www.fruugo.hu/
fruugo.ie,unrelated,Home | Fruugo IE,https://www.fruugo.ie/
fruugo.lu,unrelated,Startseite | Fruugo LU,https://www.fruugo.lu/
fruugo.ro,unrelated,Pagina principală | Fruugo RO,https://www.fruugo.ro/
fruugo.se,unrelated,Hem | Fruugo SE,https://www.fruugo.se/
fruugo.sk,unrelated,Domov | Fruugo SK,https://www.fruugo.sk/
fruugo.us,unrelated,Home | Fruugo US,https://www.fruugo.us/
fruugobahrain.com,unrelated,منزل | Fruugo BH,https://www.fruugobahrain.com/
fruugoindia.com,unrelated,होम | Fruugo IN,https://www.fruugoindia.com/
fs-mce.pt,other_gambling,FS-MCE,https://fs-mce.pt/
fuelforsuccess.org,other_gambling,Home - Sgt Bike - Bicycle Billboard Advertising in Los Angeles,https://fuelforsuccess.org/
fukushimaresponse.org,other_gambling,Online Casinos in the US: 10 Sites Compared on Payouts,https://fukushimaresponse.org/
fun88be.com,unrelated,DropCatch.com,https://www.DropCatch.com/domain/fun88be.com
gadflyonline.com,other_gambling,Gadfly ONLINE – Culture that Matters.,https://gadflyonline.com/home/
gadgetarenashop.com,unrelated,Lewis-Clark Idaho Dental Society | 5th District Component of the Idaho State Dental Association,https://gadgetarenashop.com/
galeriamalta.pl,other_gambling,"Flagman Casino 2026 – bonusy, BLIK i szybkie wypłaty",https://galeriamalta.pl/
galeriaportoriental.com,other_gambling,"Royspins Casino — Play Together, Win Together | 3800+ Games & Tournaments",https://galeriaportoriental.com/
gama-game-mir4.cfd,other_gambling,Гама Казино (Gama Casino) регистрация и вход,https://gama-game-mir4.cfd/
gambling911.com,other_gambling,Home,https://gambling911.com/
gamblinginsider.com,other_gambling,"Gambling Insider | Independent Gambling News, Analysis & Reviews",https://www.gamblinginsider.com/
gameofthrones-grfans.com,unrelated,Ζήστε την περιπέτεια στα φανταστικά RPG και eSports,https://gameofthrones-grfans.com/
gameplayapp.app,other_gambling,gameplay app – Trusted Online Casino in the Philippines,https://gameplayapp.app/
gamepop.games,unrelated,"Game Pop — Play, Compete & Win Real Rewards",https://gamepop.games/
gamingtoday.com,other_gambling,America's Top Source for Online Gambling Sites & iGaming News,https://gamingtoday.com/
gampak99.net,other_gambling,gampak99 - Safe MY Safe Casino with Exclusive Promo Deals,https://gampak99.net/
gantt.hu,other_gambling,Online kaszinó mobil alkalmazások - magyar játékosoknak,https://www.utazoflamingo.hu/
garantevidros.com.br,unrelated,"Fabricante de Vidros Temperados e Laminados – Vidros no atacado para Indústrias, Revendedores, Especificadores e Grandes Obras",https://garantevidros.com.br/
garcomexec.com,other_gambling,My Blog – My WordPress Blog,https://garcomexec.com/
gardenoflove.pl,other_gambling,1Win AZ Rəsmi Giriş | Onlayn kazinolar və İdman mərcləri,https://gardenoflove.pl/
gbwa.cc,unrelated,GBWhatsApp APK v18.80 Download 2026 | New Version,https://gbwa.cc/
geekgoodies.in,other_gambling,4Rabet India 2026 – Premier Sports & Casino Hub,https://www.geekgoodies.in/
getinternetprovider.com,unrelated,Home - Get Internet Provider,https://getinternetprovider.com/
getmycabs.in,other_gambling,"Odds96 India — Sports Betting, Online Casino & 500% Bonus (2025)",https://getmycabs.in/
getmyvapes.com,other_gambling,Our Story - getmyvapes.com,https://getmyvapes.com/
gettransfer.com,unrelated,"Transfers, rides, and delivery in all countries | GetTransfer.com",https://gettransfer.com/en
ghanasoccernet.com,other_gambling,"Ghana Latest Football News, Live Scores, Results - GHANAsoccernet",https://ghanasoccernet.com/
ghiyasicoin.com,unrelated,بورس سکه قیاسی,https://ghiyasicoin.com/
giadecor.com.vn,unrelated,Gia Decor,https://giadecor.com.vn/
gibglue.xyz,unrelated,Gluniverse — a persistent browser MMO,https://www.gibglue.xyz/
gigisflairemporium.com,unrelated,Gigi's Flair Emporium 🔮,https://gigisflairemporium.com/
gipsyteam.com,other_gambling,"Best Poker Rooms, Bonuses & News | GipsyTeam.Com",https://www.gipsyteam.com/
gipsyteam.ru,other_gambling,"Покер онлайн — лучшие покер-румы, бонусы и фрироллы | GipsyTeam.Ru",https://www.gipsyteam.ru/
github.com,unrelated,GitHub · Change is constant. GitHub keeps you ahead. · GitHub,https://github.com/
givenforum.org,unrelated,Attention Required! | Cloudflare,https://givenforum.org/
glampoutnepal.com,unrelated,"Glampout Kotdanda | Luxury Glamping Near Kathmandu, Nepal",https://glampout.com.np/
glankler.com,unrelated,Glankler Brown Law Firm,https://glankler.com/
glasslabyrinth.com,other_gambling,Glass Labyrinth,https://glasslabyrinth.com/
globaljgs.org,unrelated,Global Jewish Genealogy Society,https://globaljgs.org/
globalpaypulse.org,unrelated,Global PayPulse,https://globalpaypulse.org/
globaltradeplaza.com,unrelated,"Global B2B Marketplace, B2B Website India, Import Export Portal, Wholesale B2B Portal",https://globaltradeplaza.com/
globo.com,other_gambling,"globo.com - Absolutamente tudo sobre notícias, esportes e entretenimento",https://www.globo.com/
gloucesterplace.com,unrelated,JO777 | Essex Cottage at Gloucester Place - Resor Tropical Eco-Tourism Tobago,https://www.gloucesterplace.com/
go.com,other_gambling,Go.com | The Walt Disney Company,https://www.go.com/
goal.com,other_gambling,"Football News, Live Scores, Results & Transfers | Goal.com",https://www.goal.com/en
goha.ru,unrelated,"GoHa.Ru - Новости компьютерных игр: свежие игровые новости, обзоры, видео, прохождение новых игр",https://www.goha.ru/
golden1x2.com,other_gambling,"Fixed Matches HT/FT, best football tips, Fixed Matches HT FT, best tips football, the best football tips, the best tips for football, football best tips, best football tips for tomorrow, best football",https://golden1x2.com/
golfrohan.cz,unrelated,REGBU.COM -,https://golfrohan.cz/
google.co.kr,unrelated,Google,https://www.google.com/
google.com,unrelated,Google,https://www.google.com/
goplayvibe.com,other_gambling,Official Ace2Three 2026 | भारत गाइड,https://goplayvibe.com/
gorkha777.com,other_gambling,Online Betting Nepal | Best eSewa & Khalti Casino 2026 | GorkhaBooks,https://gorkha777.com/
goslotspot.com,other_gambling,Mines Game India 2026 | भारत गाइड,https://goslotspot.com/
gransino-bonus-cz.com,other_gambling,Gransino Casino Bonus 2026 – Všechny Akce a Nabídky,https://gransino-bonus-cz.com/
gravierhouse.com,unrelated,Home Gravier Press - Gravier House,https://gravierhouse.com/
greatlakesoutpost.com,unrelated,Home Page | Great Lakes Outpost,https://www.greatlakesoutpost.com:443
greececonfidential.gr,other_gambling,Home - Greece Confidential,https://greececonfidential.gr/
groupeindustrielbarsatech.com,unrelated,"CIV-Barsatech | Centre International de Valve | Réparation et remise à neuf de valves industrielles et de
    pompes.",https://www.civbarsatech.ca/
grupo-insys.com,unrelated,Grupo INSYS — Del instrumento al dato certificado,https://grupo-insys.com/
grupoaguinaga.es,other_gambling,Mercedes-Benz Aguinaga | Tus concesionarios de confianza en Vizcaya,https://grupoaguinaga.es/
gsxshoes.com,other_gambling,cassino com pix 2026 — Os Mais Seguros para Depositar Dinheiro Real no Brasil,https://gsxshoes.com/
guiajeanswear.com.br,unrelated,Portal da Moda Jeans | Guia Jeans Wear,https://guiajeanswear.com.br/
guidorestaurant.com.ar,other_gambling,Stake Casino Argentina Juega y Gana Dinero Real,https://guidorestaurant.com.ar/
gullybet.com,unrelated,Attention Required! | Cloudflare,https://gullybet.com/
gullybetlogin.com,other_gambling,Home - GullyBet Login – Join Gully Bet on Most Trusted Casino Site,https://gullybetlogin.com/
guttertogulf.com,other_gambling,Pin Up Casino Azərbaycanda: Top Kazino Seçimi 2026,https://guttertogulf.com/
gyanvihar.org,unrelated,Suresh Gyan Vihar University Jaipur | NAAC A+ | Admissions Open,https://www.gyanvihar.org/
h2020sustenance.eu,unrelated,SUSTAINABLE ENERGY SYSTEM⚡? - H2020 Sustenance Project,https://h2020sustenance.eu/
hairnews.ru,unrelated,hairnews.ru,https://hairnews.ru/
hampayam.ir,unrelated,Ultimate Blogging Championship,https://hampayam.ir/
hanotech.com.vn,other_gambling,Trang chủ - Điện Máy HANOTECH,https://hanotech.com.vn/
hanwha-phasor.com,other_gambling,Best Betting Sites: Top New Online Bookmakers in the UK,https://hanwha-phasor.com/
happybee7.com,other_gambling,Luckybee – Apps en Google Play - Luckybee7.com Mejor Casino Online de México 24/7,https://happybee7.com/
hardikoncocare.com,unrelated,Hardik Onco Care | Home,https://hardikoncocare.com/
hardrock.bet,other_gambling,Hard Rock Bet | Online Sportsbook & Casino,https://www.hardrock.bet/
havokjournal.com,unrelated,"The Havok Journal | Military & Veteran News, Commentary, Culture • The Voice of the Veteran Community",https://havokjournal.com/
hcpneus.blog.br,other_gambling,HC Pneus – Blog,https://hcpneus.blog.br/
hdautomatisation.fr,unrelated,Solutions D’automatisation IA | HD Automatisation,https://hdautomatisation.fr/
headhearthandsengagement.com,other_gambling,Top casinos en ligne France 2026 | Bonus et promotions,https://headhearthandsengagement.com/
health-weekly.com,other_gambling,Home - Health Weekly,https://health-weekly.com/
healthline.com,unrelated,Healthline: Medical information and health advice you can trust.,https://www.healthline.com/
healthwebcart.com,unrelated,HeAlTH wEb CArt - 100% Safe And Natural Products,https://healthwebcart.com/
hee777.net,other_gambling,hee777 - Spin Slot Games and Get Safe PKR Rewards,https://hee777.net/
hefazasazan.com,other_gambling,Tower rush – تجربة مجانية أونلاين | دليل المبتدئين,https://hefazasazan.com/
hehe-555.bet,other_gambling,HEHE555 BET - Most secure casino website in Bangladesh,https://hehe-555.bet/
helikimelman.com,unrelated,עמוד הבית - חלי קמלמן,https://helikimelman.com/
hellspin-casino-top-au.com,other_gambling,HellSpin Casino Australia OFFICIAL 🔥 【Premium Online Casino 2026】 EXCLUSIVE Welcome Bonus + Best Pokies,https://hellspin-casino-top-au.com/
hepsiburada.com,unrelated,Türkiye'nin En Çok Tavsiye Edilen E-ticaret Markası Hepsiburada,https://www.hepsiburada.com/
hglher.com,other_gambling,MM88 ⭐ Link Vào MM88 Mới Nhất 2026 | Trang Chủ Chính Thức,https://www.hglher.com/
hi68.casino,other_gambling,"HI68 – Play, Bet, and Win on the Most Trusted Casino Platform",https://hi68.casino/
hibourecordings.com,other_gambling,Home - Hibou Recordings,https://www.hibourecordings.com/
highlyratedprofessional.com,unrelated,My Website,https://highlyratedprofessional.com/
highrollercasinoh.com,other_gambling,Highroller Casino - 🧧 تیز کیش آؤٹ آن لائن اسپورٹس بک اور جدید رولیٹ گیمز پاکستان,https://highrollercasinoh.com/
highrollery.com,other_gambling,Highrollerآن لائن-آن لائن کھیل میں ڈیلی بیٹنگ اور بہترین کامیابی والے اوڈز Highroller.com,https://highrollery.com/
hikingdenver.net,other_gambling,"Blog for Denver, Colorado – Culture, Society & Business",https://hikingdenver.net/
hindubet.com.in,other_gambling,Hindu Bet - Most Trusted Hindu Bet Official Online Game,https://hindubet.com.in/
hipotesisrosario.com.ar,other_gambling,Stake Casino Argentina Juega y Gana Dinero Real,https://hipotesisrosario.com.ar/
hirett.co.uk,other_gambling,Best Betting Sites: Top New Online Bookmakers in the UK,https://hirett.co.uk/
hltv.org,other_gambling,Counter-Strike News & Coverage | HLTV.org,https://www.hltv.org/
hoachatninhbinh.com,other_gambling,HÓA CHẤT NINH BÌNH™ | NAM ĐỊNH | VMCGROUP,https://hoachatninhbinh.com/
hofapp.com,other_gambling,HOF App | Make smarter bets,https://hofapp.com/
holygame.icu,other_gambling,Ultimate Fire Link™ Slots,https://holygame.icu/
homemaxmanning.com,unrelated,Mobile Homes Manning SC Manufactured Mobile Homes | HomeMax,https://homemaxmanning.com/
homespaclinicdrquyen.com,unrelated,Suspend homespaclinicdrquyen.com,http://homespaclinicdrquyen.com/
honoris.net,unrelated,Honoris United Universities - The 1st Pan-African private higher education network,https://honoris.net/
horncastleanglingcentre.co.uk,other_gambling,Best Betting Sites: Top New Online Bookmakers in the UK,https://horncastleanglingcentre.co.uk/
hot-fiesta.ru,other_gambling,"Hot Fiesta слот от Pragmatic Play: бесплатная демо игра, фриспины",https://hot-fiesta.ru/
hotelsinalleppey.co.in,other_gambling,"Melbet India Site 2026: Login, App & 760% Bonus",https://www.hotelsinalleppey.co.in/
hotlineru.ru,other_gambling,Водка Казино: официальный сайт Vodka Casino | зеркало,https://hotlineru.ru/
houzarts.com,other_gambling,Home - houzarts Interiors,https://houzarts.com/
howrahnews24.com,unrelated,Home - Howrahnews24,https://www.howrahnews24.com/
howstuffworks.com,unrelated,HowStuffWorks - Learn How Everything Works!,https://howstuffworks.com/
hurriyet.com.tr,unrelated,"Hürriyet - Haber, Son Dakika Haberler, Güncel Gazete Haberleri",https://www.hurriyet.com.tr/
hvpenguins.com,other_gambling,Tham Gia Casino Trực Tuyến TK88 Trải Nghiệm Đỉnh Cao|TK88 Casino Royal,https://www.hvpenguins.com/
hypestat.com,unrelated,Web Statistics and Analysis | HypeStat,https://hypestat.com/
hyundai-ngocan.vn,unrelated,Hyundai Ngọc An - Đại lý Hyundai lớn nhất Miền Nam,https://hyundai-ngocan.vn/
i-cdek.kz,other_gambling,Договор СДЭК для бизнеса в Казахстане. Заключить онлайн – i-cdek.kz,https://i-cdek.kz/
i1m88.app,other_gambling,i1m88 - Safe MY Trusted Casino with Free Spins,https://i1m88.app/
i2motors.com,unrelated,"Motors - Car Dealer, Listing Wordpress Theme",https://i2motors.com/
iainsbyrnephotography.com,other_gambling,IBP Media - Jobs & Studies,https://www.iainsbyrnephotography.com/
ibs.it,unrelated,"Libreria IBS: Libri, DVD, Blu-ray, CD, eBook, Games, eReader, Giocattoli",https://www.ibs.it/
iccbetinfo.com,other_gambling,MostPlay App - Top Online Casino & Crickex Exchange App BD | Iccbetinfo,https://iccbetinfo.com/
icddongnai.com,other_gambling,ICD Đồng Nai – ICD Đồng Nai,https://icddongnai.com/
ice-casino-online.de.com,other_gambling,"ICE Casino Deutschland: Spiele, Zahlungen & Support",https://ice-casino-online.de.com/
iceage.ru,unrelated,Attention Required! | Cloudflare,https://iceage.ru/
ideabellezza.it,unrelated,Idea Bellezza Profumerie - Idea Bellezza,https://www.ideabellezza.it/
idealbor.com.br,unrelated,Home | Ideal Artefatos de Borrachas,https://idealbor.com.br/
ifaw.org,unrelated,International Fund for Animal Welfare |  IFAW,https://www.ifaw.org/international
ifpmm.org,other_gambling,"Султан Казино – бонусы, фриспины и промокоды в Sultan Casino",https://www.ifpmm.org/
ikshana.co.in,other_gambling,Melbet India – Sportsbook and Casino Games Online,https://ikshana.co.in/
ilimanowa.pl,unrelated,Lokalny portal informacyjny Limanowej i okolic - ilimanowa.pl,https://ilimanowa.pl/
imagi-soft.com,other_gambling,Cá Cược Bóng Đá Tại TK88 Tỷ Lệ Kèo Cao Nhất|TK88 Bóng Đá Pro,https://www.imagi-soft.com/
imaginationhairstudio.com,other_gambling,Como Jogar Aviator em Moçambique✈️ — Regras Dicas 💡 & RTP,https://imaginationhairstudio.com/
imamalmahdi.com,unrelated,...:: WWW.IMAMALMAHDI.COM ::...,https://www.imamalmahdi.com/
imdb.com,unrelated,"IMDb: Ratings, Reviews, and Where to Watch the Best Movies & TV Shows",https://www.imdb.com/
inchcalculator.com,unrelated,Inch Calculator - Thousands of Free Calculators,https://www.inchcalculator.com/
inconvenientvote.com,other_gambling,Home | Inconvenient Voting,https://www.inconvenientvote.com/
independent.co.uk,unrelated,News | The Independent | Today's headlines and latest breaking news,https://www.independent.co.uk/
indiabet.app,unrelated,Indbet Also Known As 2026 | Other Name India,https://indiabet.app/
indiamart.com,unrelated,"IndiaMART - Indian Manufacturers Suppliers Exporters Directory, India Exporter Manufacturer",https://www.indiamart.com/
indiatimes.com,unrelated,"Indiatimes: Latest in Lifestyle, Health, Fashion, and Wellness",https://www.indiatimes.com/
indibetpartners.com,other_gambling,Indibet Partners - Premier Affiliate Program for Betting,https://www.indibetpartners.com/
indwin7-login-india.com,other_gambling,"IndWin India Review: Login, App, Games & Payments",https://indwin7-login-india.com/
infilinktechnologies.com,unrelated,Infilink Technologies – Infilink Technologies,https://infilinktechnologies.com/
infogamemaster123.info,unrelated,Gioco Almora Darkosen RPG,https://infogamemaster123.info/
infor-creances.com,other_gambling,Infor-Créances | Debt collection since 1988,https://infor-creances.com/en/
infospa.org,other_gambling,Pagamentos Aviator Moçambique ⬇️ M-Pesa ✅ Depósitos & Levantamentos | RTP,https://infospa.org/
infotecplus.com,unrelated,"Computers, Networking, Mobiles Accessories Store - INFOTEC eStore",https://infotecplus.com/
inhunghungthinh.com,unrelated,In Hưng Hưng Thịnh,https://inhunghungthinh.com/
injuryvictim.com,unrelated,Attorney Referrals for Injuries & Losses | InjuryVictim,https://injuryvictim.com/
inmobiliariarabat.com,other_gambling,أفضل مواقع مراهنات في مصر 2026 | دليل مواقع الرهان والعروض,https://madeinbrazilexpo.com/
innovatedevelopment.org,other_gambling,MADAMTOTO : Mentor Pilihan Utama Untuk Temukan Ragam Referensi Angka,https://jenkelchner.com/
innoxchain.com,other_gambling,Mongolian Casino 2026 – Найдвартай тоглоомд нэгдээрэй,https://onlinecasinomongolia.com
inosolar.com.tr,unrelated,Anasayfa,https://inosolar.com.tr/tr/
insightsforchange.co.uk,other_gambling,Best Betting Sites: Top New Online Bookmakers in the UK,https://insightsforchange.co.uk/
inspectmygadget.com,unrelated,ルイヴィトンスピーディ30ダミエ【ブランド公式通販】,https://inspectmygadget.com/
inspireuplift.com,unrelated,Shop For Products & Gifts By Small Businesses | Inspire Uplift,https://inspireuplift.com/
install.in.ua,other_gambling,ALLWIN - Казино з топовими іграми онлайн та ставками на спорт,https://install.in.ua/
insurancepe.com,other_gambling,insurancepe | Home,https://insurancepe.com/
inventips.in,other_gambling,My Blog – My WordPress Blog,https://inventips.in/
investopedia.com,unrelated,Investopedia,https://www.investopedia.com/
investors.com,other_gambling,Investor’s Business Daily | Stock News and Stock Market Analysis - IBD,https://www.investors.com:443/
ipem.org.br,unrelated,Home - IPEM,https://ipem.org.br/
isihara-office.com,other_gambling,Isihara Office – Designing Productive Environments,https://www.isihara-office.com/
islandofpets.ee,unrelated,Island of Pets,https://islandofpets.ee/
isport88.co,other_gambling,isport88 - Malaysian Mobile Casino with Fresh Casino Promos,https://isport88.co/
istockphoto.com,unrelated,"Stock Images, Royalty-Free Images, Illustrations, Vectors and Videos - iStock",https://www.istockphoto.com/
isuzubushungary.hu,other_gambling,Isuzu Bus Hungary,https://isuzubushungary.hu/
isz-stroy.ru,unrelated,"ИСЗ-Строй предлагает двери, лестницы, каркасные дома, окна деревянные",https://isz-stroy.ru/
it.com,unrelated,IT.COM,https://get.it.com
itcbet5v2k9.com,other_gambling,"ITCBET: Link Situs Judi Bola Resmi SABA Sports, Maxbet, IBCBET",https://q8q3ob.itcbet5v2k9.com/
itmaker.uz,unrelated,IT Dodasi — разработка сайтов и IT-услуги в Ташкенте,https://itdodasi.uz/
itsmotul.edu.mx,unrelated,TecNM Campus Motul – Para una gran persona ¡un gran Tecnológico!,https://itsmotul.edu.mx/
ittfwbc.com,other_gambling,1xbet registration 2026: Buka Akun Taruhan Anda Hari Ini,https://ittfwbc.com/
ivcpl.com.pk,unrelated,International Visa Consultants - International Visa Consultants (Private) Limited,https://ivcpl.com.pk/
ivtextil-opt.ru,unrelated,Ivory Textiles,https://ivtextil-opt.ru/
ixar-sa.com,unrelated,IXAR,https://ixar-sa.com/
j1777.net,other_gambling,j1777 - Claim New Player Bonus on Pro Slot Games,https://j1777.net/
j1999.net,other_gambling,j1999 - Join Online Casino and Claim Safe PKR Rewards,https://j1999.net/
jackpot-jill-casino0-au.com,other_gambling,Jackpot Jill Casino OFFICIAL SITE 🎰 Australia's Premier【Real Money Pokies】Online Casino Games 2026,https://jackpot-jill-casino0-au.com/
jahodyondracek.cz,other_gambling,KAISAR328 | Gerbang Penjelajah Dunia Gaming yang Modern dan Praktis,https://jahodyondracek.cz/
jalebel7abeb.com,other_gambling,الشيخة ميمونة – لجلب الحبيب-فك السحر-رد المطلقة-زواج العانس-وجلب الرزق,https://www.jalebel7abeb.com/
jalti.in,other_gambling,Melbet App Download for Android (APK) & iOS | Free in India 2026,https://jalti.in/
jamaatmedia.com,unrelated,বাংলাদেশ জামায়াতে ইসলামী ময়মনসিংহ মহানগর – চলো একসাথে গড়ি বাংলাদেশ,https://www.jamaatmedia.com/
jamiekimak.com,other_gambling,H19 Có Đáng Tin Cậy Không? Đánh Giá 2026,https://www.jamiekimak.com/
janda338.com,other_gambling,Janda338™ Arena Game Modern dengan Fitur Terbaru,https://janda338.com/
janiceoliveira.com,other_gambling,Janice Oliveira - A Elite da Estética esta aqui!,https://janiceoliveira.com/
jaya9bangladesh.vip,other_gambling,Jaya9 App – Bangladesh’s Most Trusted Online Casino & Bet,https://jaya9bangladesh.vip/
jayanbcn.com,other_gambling,1xbet sri lanka 2026: ඔබගේ ගිණුම දැන්ම විවෘත කරන්න,https://jayanbcn.com/
jdharris.com,other_gambling,Daftar 1xbet indonesia 2026: Buat Akun Anda Sekarang,https://jdharris.com/
jennifer-fiechter.com,other_gambling,TK88 Nhà Cái Cá Cược Uy Tín Hàng Đầu Việt Nam 2026|TK88 Uy Tín VN,https://www.jennifer-fiechter.com/
jerseyshorehog.com,unrelated,Jersey Shore HOG,https://www.jerseyshorehog.com/
jetbuz.co,other_gambling,jetbuz - Join Safe Mobile Slots for Hot Rewards,https://jetbuz.co/
jetxgamebet.com,unrelated,Browser verification,https://jetxgamebet.com/
jewishinsights.org,other_gambling,Jewish Insights - A Taste Of The Rebbe's Teachings,https://jewishinsights.org/
jiji.co.ke,unrelated,Jiji.co.ke in Kenya: Buy & Sell ▷ Online Marketplace,https://jiji.co.ke/
jiji.com.gh,unrelated,Jiji.com.gh in Ghana: Buy & Sell ▷ Online Marketplace,https://jiji.com.gh/
jiji.ng,unrelated,Jiji.ng in Nigeria: Buy & Sell ▷ Online Marketplace,https://jiji.ng/
jiji.ug,unrelated,Jiji.ug in Uganda: Buy & Sell ▷ Online Marketplace,https://jiji.ug/
jilislotappcom.com,other_gambling,JILI Slot app - Discover the Excitement of JILI Slot App with Numerous Games and Rewards,https://jilislotappcom.com/
jisan.blog,unrelated,"Sakarya Escort | Adapazarı Escort | Serdivan Escort – En İyi Vip Bayanlar – Sakarya Escort, Adapazarı Escort ve Serdivan Escort ile eşsiz deneyimler için hemen arayın, size özel hizmetlerle dolu bir g",https://jisan.blog/
jjanisur.shop,other_gambling,,https://jjanisur.shop/
jmcengenharia.pt,other_gambling,Stake no Brasil 2026 – É Confiável? Avaliação Completa da Casa de Apostas,https://jmcengenharia.pt/
johnathanlujanrealty.com,other_gambling,JL Properties,https://www.johnathanlujanrealty.com/
johnformi.com,unrelated,SALDOBET | Strategi Cerdas Mengoptimalkan Momen Scatter Beruntun,https://johnformi.com/
johnnybet.com,other_gambling,JohnnyBet - We are the players,https://www.johnnybet.com/
johnwiltonkelley.com,other_gambling,1xBet Mongolia App Download - APK for Android & iOS 2026,https://download1xbetmncom.com
joom.com,unrelated,"Joom. Shop every day, or whenever you feel like it",https://www.joom.com/en
jordanword.com,other_gambling,أفضل مواقع مراهنات في مصر 2026 | دليل مواقع الرهان والعروض,https://madeinbrazilexpo.com/
jorobertson.co.uk,other_gambling,Best Betting Sites: Top New Online Bookmakers in the UK,https://jorobertson.co.uk/
jourdanaccounting.com,other_gambling,jourdanaccounting.com Blog – Just another WordPress site,https://jourdanaccounting.com/
joya9best.net,unrelated,Joya 9 Best - বাংলাদেশের সেরা অনলাইন গেমিং প্ল্যাটফর্ম,https://joya9best.net/
jp.mercari.com,unrelated,メルカリ - 日本最大のフリマサービス,https://jp.mercari.com/
jstj31.com,other_gambling,Jstj 31,https://jstj31.com/
juita.uz,other_gambling,Melbet UZ - 120% bonusli bukmeker va kazino | Kirish,https://melbet-uzb.com/
julioribeiro.com.br,other_gambling,Site Hospedado na KingHost | Data Center no Brasil,https://julioribeiro.com.br/
jumanasaloon.ae,unrelated,Home Salon Service Dubai - Get #1 Ladies Beauty Services,https://jumanasaloon.ae/
jumbabetz.com,other_gambling,Jumba Betگیمز-پاکستان میں سلاٹ سپر شارٹ اسپن میں بیٹنگ اور تیز جیتنے والے اوڈز Jumba Bet.com,https://jumbabetz.com/
jumia.com.eg,unrelated,"Jumia: Shop Online Top Phones, Electronics & Fashion in Egypt",https://www.jumia.com.eg/
junior-basket.pl,other_gambling,"MrBet Kasyno (MrBet Casino) – bonus powitalny, wypłaty BLIK, lustrzane strony",https://junior-basket.pl/
just-casino-play-au.com,other_gambling,Just Casino Australia OFFICIAL WEBSITE 🔥 Premium Online Casino Games + 【$2000 WELCOME BONUS】 Australian Casino 2026,https://just-casino-play-au.com/
just-cinema.com,unrelated,RESTU189 – Gaji Cuman 3 JUTA ? Investasikan Disini Aja,https://just-cinema.com/
jweducation.co.uk,other_gambling,Best Betting Sites: Top New Online Bookmakers in the UK,https://jweducation.co.uk/
k12ps360gq.click,unrelated,Google,https://www.google.com/
k7777bn.com,other_gambling,K7777 – Bangladesh's #1 Online Casino & Betting,https://k7777bn.com/
k9doodiepatrol.com,unrelated,K9 Doodie Patrol | Pooper Scooper Service in New Jersey,https://k9doodiepatrol.com/
k9winff.xyz,other_gambling,"K9WIN: Play, Bet, and Win on Asia’s Most Trusted Platform",https://k9winff.xyz/
kafaak.com,unrelated,Attention Required! | Cloudflare,https://kafaak.com/
kanald.com.tr,unrelated,Kanal D - Anasayfa,https://www.kanald.com.tr/
kandaketech.io,unrelated,Kandake Labs Tech — Market Intelligence for Entrepreneurs,https://kandaketech.io/
kanserledans.org,unrelated,Kanserle Dans,https://www.kanserledans.org.tr/
karatlawzacademy.com,other_gambling,Best Judiciary Coaching In Delhi – Judiciary Coaching,https://karatlawzacademy.com/
kaspi.kz,other_gambling,"Kaspi.kz – Магазин, Платежи, Мой Банк, Переводы, Red, Бонусы, Гид",https://kaspi.kz/
kastner-oehler.at,other_gambling,Mode | Beauty | Home | Kastner & Öhler Online Shop,https://www.kastner-oehler.at/
katani.dp.ua,unrelated,"Актуальные курсы валют Днепр, актуальний курс долара євро Дніпро. katani.dp.ua",https://katani.dp.ua/
katerinaioannidis.com,other_gambling,Katerina Ioannidis Jewerly – Katerina Ioannidis Jewerly Shop,https://katerinaioannidis.com/
kaufmannkoenig.com,other_gambling,The Rise of Mobile Casinos: Why Most Players Now Bet on Phones,https://kaufmannkoenig.com/
kaya99.app,other_gambling,kaya99 - Malaysia Slots with Free Spin Offers,https://kaya99.app/
kaz-amp.site,unrelated,Attention Required! | Cloudflare,https://kaz-amp.site/
kdus1060.com,unrelated,KDUS AM 1060 – Phoenix Sports Radio,https://kdus1060.com/
kerala.gov.in,unrelated,,https://kerala.gov.in/
kevindowdrealestate.com,unrelated,Real Estate Agent in NY & NJ | Work With Kevin Dowd,https://kevindowdrealestate.com/
kf-bet.cc,other_gambling,KFBet Opiniões 2026 | Comunidade & Portal Seguro KFBet,https://kf-bet.cc/
kgbet-app.org,other_gambling,KGBet Crash Review | Análise de Multiplicadores e Link KGBet,https://kgbet-app.org/
kgw.com,other_gambling,"Portland's Leading Local News: Weather, Traffic, Sports and more in Portland, Oregon | kgw.com",https://www.kgw.com/
kgxpedition.com,other_gambling,Overlanding Adventure Team | KG Xpedition Recon | United States,https://www.kgxpedition.com/
kgxpedition.org,other_gambling,Overlanding Adventure Team | KG Xpedition Recon | United States,https://www.kgxpedition.com
khmer24.com,unrelated,"khmer24.com, Buy and Sell Everything In Cambodia",https://www.khmer24.com/
khodrokhareji.ir,other_gambling,خودرو خارجی,https://khodrokhareji.ir/
kiberatours.com,unrelated,KIBERA TOURS,https://kiberatours.com/
kicks.fi,unrelated,KICKS.fi - Osta yli 20 000 tuotetta verkosta,https://www.kicks.fi/
kicks.no,other_gambling,KICKS.no – Kjøp mer enn 30 000 varer på nett,https://www.kicks.no/
kicks.se,unrelated,"Makeup, parfym och hudvård på nätet - KICKS",https://www.kicks.se/
kidsturncentral.com,unrelated,Home - Kidsturncentral,https://kidsturncentral.com/
king-johnnie-casino1-au.com,other_gambling,King Johnnie Casino Australia 🔥 BEST Licensed Online Casino 2026 【Trusted Gaming】 Welcome Bonus & Premium Games,https://king-johnnie-casino1-au.com/
kingbilly-casino0-au.com,other_gambling,King Billy Casino Australia 🔥 OFFICIAL Site 2026 【AUD Casino Games】 Online Slots & Live Dealer Real Money,https://kingbilly-casino0-au.com/
kingbillywin-casino0-au.com,other_gambling,Kingbillywin Casino Official AUSTRALIAN 🔥 Online Casino Games 【AUD BONUSES】 Top Gaming Site 2026,https://kingbillywin-casino0-au.com/
kingexch.com.co,other_gambling,KingExch - Official Cricket ID | Bet on IPL 2026 | 1 Min Withdrawal | 45% Bonus,https://kingexch.com.co/
kirillov-adm.ru,unrelated,Attention Required! | Cloudflare,https://kirillov-adm.ru/
kitectn.com,unrelated,Homepage - Kite Agency,https://kitectn.com/
kittycatcasinod.com,other_gambling,KittyCat Casino – Top Verified Real Money Games Website Pakistan 2026,https://kittycatcasinod.com/
kivilondon.com,other_gambling,"Chicken Road Italia Guida al Gioco, Demo Gratis, RTP 98% e Strategie 2026",https://kivilondon.com/
kiwoko.com,unrelated,Kiwoko Mundo Animal | Tienda de animales online,https://www.kiwoko.com/
kleberget.no,other_gambling,Kleberget Eiendom AS | Aures fineste eiendommer,https://kleberget.no/
klimabewegung1punkt1.de,unrelated,Klimabewegung 1punkt1 - Klimagerechtes Leben gestalten,https://www.klimabewegung1punkt1.de/
klubok.com,unrelated,Доска бесплатных объявлений Клубок (ранее Клумба) в Украине: купить товары для семьи и разместить объявление на Klubok,https://klubok.com/
kosmetochka.ru,other_gambling,Феникс казино официальный сайт ⭐ Fenix Casino зеркало и актуальный вход 🔗,https://kosmetochka.ru/
kp777.co,other_gambling,kp777 - Enter Hot Slots with VIP Bonus Offers Today,https://kp777.co/
kriszklima.hu,unrelated,Főoldal - Krisz Klíma,https://kriszklima.hu/
krysaci.cz,unrelated,Krysáci - časopis pro děti,https://krysaci.cz/
kseducation.net,unrelated,Home - KS Education Associates,https://kseducation.net/
ktvz.com,unrelated,Home - KTVZ,https://ktvz.com/
kulturastolic.ru,other_gambling,"Адмирал Х официальный сайт онлайн казино Admiral X ❤️ регистрация за 15 секунд, бонус 100 рублей без депозита",https://kulturastolic.ru/
kursu-ankara.com,other_gambling,"Bettilt güncel giriş 2026 | bonuslar, Bettilt casino ve güvenilirlik",https://kursu-ankara.com/
kz-amp.site,unrelated,Attention Required! | Cloudflare,https://kz-amp.site/
kz-apm.site,unrelated,Attention Required! | Cloudflare,https://kz-apm.site/
kz-mmobile.top,unrelated,Attention Required! | Cloudflare,https://kz-mmobile.top/
kzamp.top,unrelated,Attention Required! | Cloudflare,https://kzamp.top/
kzampmobile.top,unrelated,Attention Required! | Cloudflare,https://kzampmobile.top/
kzmob.top,unrelated,Attention Required! | Cloudflare,https://kzmob.top/
kzmobileamp.site,unrelated,Attention Required! | Cloudflare,https://kzmobileamp.site/
kzphone.top,unrelated,Attention Required! | Cloudflare,https://kzphone.top/
labarulera.com,unrelated,La Barulera - labarulera.com,https://labarulera.com/
labellov.com,unrelated,Preloved Luxury Designer Bags | Labellov,https://labellov.com/
labtekno.com,unrelated,LAB Tekno - Website Rumor dan Update Teknologi #1 di Indonesia,https://www.labtekno.com/
ladibugsinc.com,unrelated,Head Lice Treatment Clinic Twin Cities - Safe and Effective - Ladibugs,https://www.ladibugsinc.com/
ladybellemacarons.com,other_gambling,"NV Casino | Play 5,000+ Real Money Games & Get €500",https://www.ladybellemacarons.com/
lahuttesport.com,other_gambling,lahuttesport – Just another WordPress site,https://lahuttesport.com/
laketheposts.com,unrelated,Attention Required! | Cloudflare,https://laketheposts.com/
laki22.net,other_gambling,laki22 - Explore Mobile Slots with Easy Hot Rewards,https://laki22.net/
lamosanatural.pt,unrelated,Lamosa Natural,https://lamosanatural.pt/
lankyboxmerchandise.com,unrelated,Lankybox Merch - Official Lankybox Merchandise Store,https://lankyboxmerchandise.com/
lanouvellerepublique.fr,unrelated,"La Nouvelle République - L'actualité en direct en régions Centre, Poitou, France et Étranger",https://www.lanouvellerepublique.fr:443/
laportedusoleil.info,other_gambling,Casinozer: le guide complet pour jouer en toute confiance - La Porte du Soleil,https://laportedusoleil.info/
larraun.info,other_gambling,Larraun Bailararen Informazioa – Larraungo Informazioa,https://larraun.info/
lasergame247.org,other_gambling,LaserGame247 - India's Most Advanced Online Betting Exchange,https://lasergame247.org/
latimes.com,other_gambling,"News from California, across the nation and world - Los Angeles Times",https://www.latimes.com:443/
laundrytouch.com,unrelated,Laundry Touch – Laundry Services,https://laundrytouch.com/
launetogo.tg,unrelated,Homepage - La Une Togo,https://launetogo.tg/
lawendowe.szczecin.pl,unrelated,nicsell: RGP domain backorder service for .de & .eu & .at domains,https://nicsell.com/en
lazyphilosopher.com,other_gambling,The Lazy Philosopher – The random musings of an indolent theorist.,https://lazyphilosopher.com/
le-beluga.qc.ca,unrelated,Le béluga – Hôtel Le béluga,https://le-beluga.qc.ca/
leaderna.com,other_gambling,LEADERNA - Structural Biology Center,https://leaderna.com/
leboncoin.fr,unrelated,"leboncoin, site de petites annonces gratuites",https://www.leboncoin.fr/
leclubmia.com,other_gambling,Slot Maxwin Hari Ini – Panduan Daftar dan Strategi Gampang Menang! -,https://leclubmia.com/
leczeniebezgranic.pl,unrelated,Leczenie bez granic,https://leczeniebezgranic.pl/
legendary1x2.com,other_gambling,"LEGENDARY1X2.COM | Soccervista, predictz, zulubet, adibet, forebet, liobet, solopredict, statarea, betensured, vitibet, soccer vista, fixed matches 100 sure, free fixed matches predictions, free fixed",https://legendary1x2.com/
lejardindeloise-gouzeaucourt.com,other_gambling,Jeetwin Bangladesh – Ultimate Hub for Sports Betting and Casino Action,https://www.lejardindeloise-gouzeaucourt.com/
lemonde.fr,other_gambling,Le Monde.fr - Actualités et Infos en France et dans le monde,https://www.lemonde.fr/
leo-vegas-casino-uk.com,other_gambling,LeoVegas Casino UK Official 🔥 Welcome Bonus 【100% Match + Free Spins】 Best Online Casino Games 2026,https://leo-vegas-casino-uk.com/
leon-2a2o.buzz,other_gambling,СЛОТЫ【LEON CASINO】ОФИЦИАЛЬНЫЙ САЙТ 🎯ИГРАТЬ БЕЗ РЕГИСТРАЦИИ,https://leon-2a2o.buzz/
les-nichoirs.fr,unrelated,Accueil V2 - Les Nichoirs,https://les-nichoirs.fr/
lesamesarts.fr,unrelated,İstanbul Escort,https://lesamesarts.fr/
level-upp-casino-au.com,other_gambling,LevelUp Casino Australia OFFICIAL 🔥 Real Money Online Casino 2026 【$2000 Bonus + 200 Free Spins】,https://level-upp-casino-au.com/
level69.bet,other_gambling,Level69 – เดิมพันออนไลน์ คาสิโน อีสปอร์ต ครบวงจร,https://level69.bet/
lgbtcommunityforum.com,unrelated,404 - PAGE NOT FOUND,https://lgbtcommunityforum.com/404.html
lgd88.app,other_gambling,lgd88 - Hot Live Casino Login with Fresh Casino Promos,https://lgd88.app/
lider-land.ru,other_gambling,Lider-land.ru,https://lider-land.ru/
lidiajorge.com,other_gambling,"Royspins Casino — Play Together, Win Together | 3800+ Games & Tournaments",https://lidiajorge.com/
lihatrtp.xyz,other_gambling,KUMABET - RTP GAME SLOT ONLINE KUMABET 2024,https://lihatrtp.xyz/
liminaltidesmag.com,other_gambling,Liminal Tides – magazine for polytheists with a animist bent,https://liminaltidesmag.com/
linakocht.de,unrelated,Lina Kocht - Einfache Dinner-Ideen & Rezepte für jeden Anlass!,https://linakocht.de/
lindemhe.com,unrelated,World's Leading Forklift Brand now in India | Buy Forklift Truck | Linde Material Handling,https://www.lindemhe.com/
lindenvalley.ru,unrelated,Attention Required! | Cloudflare,https://lindenvalley.ru/
lindispensableachartres.com,unrelated,sommaire - Lindispensable à Chartres,https://lindispensableachartres.com/
line.me,unrelated,LINE｜always at your side.,https://www.line.me/en/
lineups.com,other_gambling,"Lineups: Starting Lineups, Rosters, Betting Odds, Fantasy Stats",https://www.lineups.com/
linkbet.club,other_gambling,Sports Betting | LinkBet,https://linkbet.club/sport/prematch
linkedin.com,unrelated,LinkedIn: Log In or Sign Up,https://www.linkedin.com/
linoleum-stroi.ru,other_gambling,Gold Casino - топовая коллекция игровых автоматов онлайн казино,https://linoleum-stroi.ru/
linux-freebsd.ru,unrelated,Attention Required! | Cloudflare,https://linux-freebsd.ru/
lisapmilanopolska.pl,unrelated,lisapmilanopolska.pl – Piękne włosy zaczynają się od profesjonalnej pielęgnacji.,https://lisapmilanopolska.pl/
liteblueusps.live,other_gambling,DA88 TOP | Link Chính Thức Đăng Ký Nhà Cái DA88.COM T10/2026,https://da88vn.top/
littlemanonthecouch.com,other_gambling,Little Man On The Couch,https://www.littlemanonthecouch.com/
liveresult.ru,other_gambling,"LiveResult: Футбол онлайн, трансляции, результаты, прогнозы на матчи, видео",https://www.liveresult.ru/
livescience.com,unrelated,Live Science | Latest science news and articles for those with curious minds,https://www.livescience.com/
livesport.ru,other_gambling,"LiveSport.Ru — спорт онлайн: результаты, трансляции и таблицы",https://www.livesport.ru/
lizzieloveshealthy.com,other_gambling,"Lizzie Loves Healthy - Delicious gluten, sugar & dairy family meals",https://lizzieloveshealthy.com/
lobnya-licei.ru,other_gambling,Эномо казино официальный сайт | Бонусы и Промокоды 2026,https://lobnya-licei.ru/
localsalescreator.com,other_gambling,Sahabet Giriş | Güncel Sahabet Bahis Sitesi,https://localsalescreator.com/
loisiou.gr,unrelated,Eleni Loisiou,https://loisiou.gr/
longbeach-criminallawyer.com,other_gambling,Long Beach Criminal Attorney -  Long Beach DUI Attorney | Long Beach Criminal Attorney,https://www.longbeach-criminallawyer.com/
lookinbeauty.life,other_gambling,LOOK IN BEAUTY – ESTHETIC SALON,https://lookinbeauty.life/
lormuvdvur.com,unrelated,开云在线登录_开云（中国）,http://lormuvdvur.com/
lost-site-1.org,unrelated,Attention Required! | Cloudflare,https://lost-site-1.org/
lostpixels.de,other_gambling,lostpixels,https://www.lostpixels.de/
loungedka.top,other_gambling,Chicken Road 2 Slot – Play & Win Big Jackpots Online,https://loungedka.top/
lovebox.se,unrelated,Lovebox.se,https://lovebox.se/
lowcostchic.net,unrelated,lowcostchic,https://lowcostchic.net/
lowyat.net,unrelated,Lowyat.NET | Technology News Malaysia,https://www.lowyat.net/
lpqhost.com,other_gambling,Register 1xbet Resmi 2026: Pasang Taruhan Anda Sekarang,https://lpqhost.com/
lucianomoveis.com.br,unrelated,Home | Luciano Fábrica de Ombrelones,https://lucianomoveis.com.br/
lucky-bet-app.com,other_gambling,Lucky Bet - Most Trusted Lucky Bet Official Online Game,https://lucky-bet-app.com/
lucky-vip-casino-uk.com,other_gambling,Lucky VIP Casino OFFICIAL SITE 🔥 Premium UK Online Casino Games 【EXCLUSIVE VIP BONUSES】 Live Dealers & Slots 2026,https://lucky-vip-casino-uk.com/
luckybee7.com,other_gambling,Luckybee – Apps en Google Play - Luckybee7.com Mejor Casino Online de México 24/7,https://luckybee7.com/
luckygreen-casino1-au.com,other_gambling,Lucky Green Casino OFFICIAL 🔥 Australian Online Casino with FAST AUD Payouts 【2026 Edition】 Play Pokies & Live Games,https://luckygreen-casino1-au.com/
luckyspin365.bet,other_gambling,BikoSports | Sports Betting & Jackpot,https://luckyspin365.bet/
luckywinscasino-uk.buzz,other_gambling,LuckyWins Casino Official UK 🔥 Licensed Online Casino 2026 【Welcome Bonus £500 + 200 Free Spins】 Premium Gaming,https://luckywinscasino-uk.buzz/
luke91.net,other_gambling,luke91 - Trusted Mobile Slots with Exclusive Casino Offers,https://luke91.net/
luky33.net,other_gambling,luky33 - Grab Hot Rewards from Premium PK Slots,https://luky33.net/
lulakids.pl,unrelated,LULA KIDS  huśtawka dla niemowlaka | bujaczki dla niemowląt | krzesło brazylijskie,https://lulakids.pl/
lunubets.org,other_gambling,"Lunubet Casino – Officieel gelicentieerd online casino met slots, sportweddenschappen en live casino",https://lunubets.org/
lushplates.com,unrelated,Lush Plates: Make Your Own Number Plates Online,https://lushplates.com/
luzdiosa.com,unrelated,luzdiosa,https://luzdiosa.com/
lynxbetc.com,other_gambling,Lynx Bet - 🍁 محفوظ آفیشل آن لائن اسپورٹس ویجرنگ اور جدید کیسینو سلاٹ پلیٹ فارم پاکستان,https://lynxbetc.com/
m-koreacasino.com,other_gambling,"m-KoreaCasino.com - Chơi đúng cách, chọn đúng nơi, thắng dễ dàng",https://m-koreacasino.com/
m0stbets.website,unrelated,লাকিকোয়েস্ট,https://m0stbets.website/
mabukjudi.org,other_gambling,MABUKJUDI | Digital Gaming Entertainment Portal with Modern Gaming Rhythm,https://mabukjudi.org/
machance-casino-nz.com,other_gambling,Machance Casino New Zealand 🔥 OFFICIAL SITE 2026 【Premium NZ Casino Games】 Best Online Casino Experience,https://machance-casino-nz.com/
maconnerie-duvignau.fr,unrelated,Accueil - EURL DUVIGNAU Yoann: Maçonnerie gros oeuvre tous travaux,https://maconnerie-duvignau.fr/
madame-destiny-slot.ru,other_gambling,"Слот Madame Destiny 💫 играть онлайн, демо, бонусы",https://madame-destiny-slot.ru/
madamedestinyslot.ru,other_gambling,Madame Destiny Megaways — игровой автомат Pragmatic Play,https://madamedestinyslot.ru/
made-in-china.com,other_gambling,"Made-in-China.com - Manufacturers, Suppliers & Products in China",https://www.made-in-china.com/
madridchessacademy.com,other_gambling,Inicio | Madrid Chess Academy,https://madridchessacademy.com/
maenkraft.space,other_gambling,Registration,https://maenkraft.space/
magic365-ar.com,other_gambling,"Magic365 Casino: reseña, bonos y retiros rápidos",https://magic365-ar.com/
magnum96my.net,other_gambling,Magnum96 Malaysia: Top Online Casino,https://magnum96my.net/
magpolska.com.pl,other_gambling,"Vavada Casino – kasyno online, które stawia na automaty i gry na żywo",https://magpolska.com.pl/
magyardelikatesz.hu,other_gambling,"Lemon Casino Magyarország: Bónuszok, Játékok és Licenc",https://magyardelikatesz.hu/
maharashtra.gov.in,unrelated,Maharashtra Government – Official Website | महाराष्ट्र शासन,https://maharashtra.gov.in/
mahboobehnoroozi.com,other_gambling,Mahboobeh Noroozi – Mahboobeh Noroozi | محبوبه نوروزی,https://www.mahboobehnoroozi.com/
maju99.app,other_gambling,maju99 - Malaysia Trusted Casino with Daily Bonus Rewards,https://maju99.app/
makefabricationstudio.ru,unrelated,Промышленный дизайн и прототипирование | Make Fabrication Studio,https://makefabricationstudio.ru/
makingsmartideaswork.com,other_gambling,resume,http://makingsmartideaswork.com/
maldenbosrand.nl,unrelated,- Bed en Breakfast Malden Bosrand,https://www.maldenbosrand.nl/
maltafootball.com,unrelated,maltafootball.com,https://www.maltafootball.com/
mamarec.com.br,other_gambling,"1xBet Brasil 🇧🇷: cassino, apostas e app ⚽",https://mamarec.com.br/
manaolahawaii.com,unrelated,Sucuri WebSite Firewall - Access Denied,https://manaolahawaii.com/
manoirducapucin.com,unrelated,Manoir du Capucin - Maintenance,https://www.manoirducapucin.com/
manyingacouncil.gov.zm,unrelated,Manyinga Council – Manyinga,https://www.manyingacouncil.gov.zm/
maplegreens.co.in,other_gambling,"Melbet India 2026 — Welcome Bonus, Games, App",https://maplegreens.co.in/
marcys-zabawki.pl,other_gambling,"Heats Casino (2026): Gry na Żywo, Mobilna Aplikacja i Dedykowane Premie dla Polaków",https://marcys-zabawki.pl/
mariebackt.de,unrelated,Marie Backt - Einfache Dinner-Ideen & Rezepte für jeden Anlass!,https://mariebackt.de/
marketingtechsol.com,unrelated,marketingtechsol.com,https://marketingtechsol.com/
markhammoorinn.co.uk,other_gambling,Best Betting Sites: Top New Online Bookmakers in the UK,https://markhammoorinn.co.uk/
marktplaats.nl,unrelated,Marktplaats - De plek om nieuwe en tweedehands spullen te kopen en verkopen,https://www.marktplaats.nl/
marydhonau.com,other_gambling,Mega11 : Rekomendasi Link Slot Server Thailand di PUBG Mobile Shooter Action Terbaru,https://theblatantplant.com/
marywashicomics.net,other_gambling,Comics Studies – At the University of Mary Washington,https://marywashicomics.net/
massapedopiaui.pi.leg.br,unrelated,Portal de Transparência - CÂMARA MUNICIPAL DE MASSAPÊ DO PIAUÍ,https://massapedopiaui.pi.leg.br/massapedopiaui
mataharithenakedspy.com,other_gambling,Mata Hari – The Naked Spy,https://www.mataharithenakedspy.com/
matas.dk,unrelated,Matas.dk,https://www.matas.dk/
mau777hey.click,unrelated,Attention Required! | Cloudflare,https://mau777hey.click/
mau777star.online,other_gambling,MAU777: Daftar Lengkap Game Slot Pragmatic Play Gacor Hari Ini,https://mau777star.online/
mau777star.site,other_gambling,MAU777: Daftar Lengkap Game Slot Pragmatic Play Gacor Hari Ini,https://mau777star.site/
mau777woi.net,other_gambling,MAU777: Daftar Lengkap Game Slot Pragmatic Play Gacor Hari Ini,https://mau777woi.net/
mau777woi.shop,other_gambling,MAU777: Daftar Lengkap Game Slot Pragmatic Play Gacor Hari Ini,https://mau777woi.shop/
mau777woi.site,other_gambling,MAU777: Daftar Lengkap Game Slot Pragmatic Play Gacor Hari Ini,https://mau777woi.site/
maxis88.co,other_gambling,maxis88 - Top Live Casino Login with Fast Reward Deals,https://maxis88.co/
mb88betm0.com,other_gambling,raftpg ❤️ Como Apostar e Ganhar nas Slots Online de Forma Estratégica,https://mb88betm0.com/
mbdou-krepysh.ru,unrelated,Browser verification,https://mbdou-krepysh.ru/
mbrfinance.pl,other_gambling,"Slotoking Casino 2026: Oficjalna Platforma, Promocje i Gry Online",https://mbrfinance.pl/
mcdanielbrothersshow.com,unrelated,Home - McDaniel Brothers Shows,https://mcdanielbrothersshow.com/
mcwdev.com,other_gambling,Web Server's Default Page,https://mcwdev.com/
mediamarkt.de,unrelated,"Elektronik, Trends & Technik kaufen im Onlineshop | MediaMarkt",https://www.mediamarkt.de/
meetme.com,unrelated,Discover new people nearby and make real connections - MeetMe,https://www.meetme.com/en/
mega888bet.online,unrelated,dailytimes24 dashboard,https://mega888bet.online/
mega888bet.site,unrelated,dailytimes24 dashboard,https://mega888bet.site/
megarush56.com,other_gambling,Mobile Slots With Live Payouts 2026 | भारत गाइड,https://megarush56.com/
megaways-casino0-uk.com,other_gambling,Megaways Casino OFFICIAL UK 🔥 Premier Online Casino 2026 【EXCLUSIVE Welcome Bonus】 Revolutionary Slot Gaming,https://megaways-casino0-uk.com/
mehadevbook.online,other_gambling,Mahadev Book - Mahadev Book ID | Mahadev Book Official,https://mehadevbook.online/
mejatc.org,other_gambling,Aviator Casino Moçambique ✈️🎰 — Jogue e Ganhe Dinheiro Real 💸 (M-Pesa 📲) | RTP ✅,https://mejatc.org/
melbet-casino-bd.com,other_gambling,"MelBet India: Get a 150% bonus of up to 40,000 INR",https://melbet-casino-bd.com/
melbet-casino.cl,other_gambling,Melbet Casino y Apuestas Deportivas Online en Chile,https://melbet-casino.cl/
melbet-cl.cl,other_gambling,Melbet Chile Apuestas y Casino Online Confiable,https://melbet-cl.cl/
melbet-del-chile.cl,other_gambling,Melbet Casino Chile: Apuestas Deportivas y Juegos en Línea,https://melbet-del-chile.cl/
melbet-del-mexico.mx,other_gambling,Melbet Apuestas En Línea Con Bonos En México,https://melbet-del-mexico.mx/
melbet-en-chile.cl,other_gambling,Melbet Casino en Línea y Apuestas Deportivas en Chile,https://melbet-en-chile.cl/
melbet-en-mexico.mx,other_gambling,Melbet Sitio Oficial De Apuestas Online México,https://melbet-en-mexico.mx/
mendozafilmcommission.com.ar,unrelated,Mendoza Film Commission – Mendoza Film Commission,https://mendozafilmcommission.com.ar/
merckvetmanual.com,unrelated,Merck Veterinary Manual,https://www.merckvetmanual.com/
meridianbythelawns.com,unrelated,"Meridian By The Lawns | Luxury Wedding Resort in Bangalore, Banquet Halls & Event Venue in Bangalore",https://meridianbythelawns.com/
merriam-webster.com,unrelated,Merriam-Webster: America's Most Trusted Dictionary,https://www.merriam-webster.com:443/
mesateknik.com.tr,unrelated,Mesa Teknik – Mesa Teknik,https://www.mesateknik.com.tr/
metalbet88a.com,other_gambling,METALBET88 : Ironclad Win Digital Triggers Epic Wealth Surge,https://metalbet88a.com/
metaratings.ru,other_gambling,Ставки на спорт и букмекерские конторы – Metaratings,https://metaratings.ru/
meusparabens.com.br,unrelated,Frases de Aniversário - Meus Parabéns,https://www.meusparabens.com.br/
mexfilter.com,unrelated,香港曼亞星科技有限公司 – 香港曼亞星科技有限公司,https://mexfilter.com/
mexico-melbet.mx,other_gambling,Melbet Casino Y Apuestas Deportivas En México,https://mexico-melbet.mx/
mgtrustindia.com,other_gambling,"Major Gangasingh Charitable Trust – शिक्षा, स्वास्थ्य व रोजगार के क्षेत्र में कार्यरत धर्मार्थ प्रन्यास",https://mgtrustindia.com/
michaelgruberlibrary.com,unrelated,アニメやゲームの知識が学べる学校はどれくらいあるの？｜Good Anime School,https://michaelgruberlibrary.com/
michigansolutions.com.ph,unrelated,Engineered Geosynthetic Solutions | Michigan Solutions,https://michigansolutions.com.ph/
microbiologu.ru,other_gambling,"Порно-каталог 2026 — трансы, русское, фильмы",https://microbiologu.ru/
microfinish.it,unrelated,Home,https://www.microfinish.it/
micronova.in,unrelated,"Leading Internet Service Providers in Bangalore, India - Micronova IT Group",https://www.micronova.in/
microsoft.com,other_gambling,"Your request has been blocked. This could be
                        due to several reasons.",https://www.microsoft.com/
middle-beast.com,other_gambling,Middle Beast – Shop at the official Middle Beast online store. Middle Beast is an Arabic Street Wear brand. Explore a wide range of clothing and accessories for both Men and Women.,https://www.middle-beast.com/
miin-study.ru,other_gambling,Ставки на киберспорт: как устроены и с чего начать,https://stavka-cybersport.ru/
mikrotik-mexico.com.mx,unrelated,MikroTik México,https://mikrotik-mexico.com.mx/
milliyet.com.tr,unrelated,"Milliyet - Haberler, Son Dakika Haberleri ve Güncel Haber",https://www.milliyet.com.tr/
mimovrste.com,unrelated,mimovrste=) | Nakupujte z nasmehom.,https://mimovrste.com/
mintscore.com.ng,unrelated,"Mintscore, Football predictions backed by maths, not vibes",https://www.mintscore.com.ng/
miraigamers.com,other_gambling,"Complete Guide to the Best Online Casinos: Games, Bonuses, and Security",https://miraigamers.com/
mirazartnik.uz,other_gambling,MirAzartnik APK — Bukmekerlik Ilovalar Katalogi,https://mirazartnik.uz/
mkamf.kz,unrelated,Astana Motors Finance,https://mkamf.kz/
mlbb.fans,unrelated,mlbb.fans | MLBB無盡對決英雄資料庫,https://mlbb.fans/
mlbet.bio,other_gambling,mlbet – Nhà Cái Cá Cược Trực Tuyến Uy Tín Tại Việt Nam,https://mlbet.bio/
mlive.com,unrelated,"Michigan Local News, Breaking News, Sports &amp; Weather",https://www.mlive.com:443/
mmks-podhale.pl,other_gambling,Bison Casino Polska 2026 — Kasyno Online z Licencją,https://www.mmks-podhale.pl/
mmserviceutilaje.ro,other_gambling,M M – SERVICE UTILAJE,https://mmserviceutilaje.ro/
moastbetting.com,unrelated,Q98 - Q98 میں تاش اور علاقائی میز کھیلوں کی دنیا کو اردو میں سمجھیں اور ہر انتخاب سے پہلے بنیادی قواعد دیکھیں,https://moastbetting.com/
mobamp-kz.top,unrelated,Attention Required! | Cloudflare,https://mobamp-kz.top/
mobileamp-kz.top,unrelated,Attention Required! | Cloudflare,https://mobileamp-kz.top/
mobilekz.top,unrelated,Attention Required! | Cloudflare,https://mobilekz.top/
mobimtf.top,unrelated,Attention Required! | Cloudflare,https://mobimtf.top/
mobkz.top,unrelated,Attention Required! | Cloudflare,https://mobkz.top/
mobphone.top,unrelated,Attention Required! | Cloudflare,https://mobphone.top/
modez-moi.com,other_gambling,"Modez-Moi, Lance ta propre mode - Art, Musique, Lifestyle, Produits, ...",https://www.modez-moi.com/
mohfw.gov.in,unrelated,Home | Ministry of Health & Family Welfare,https://www.mohfw.gov.in/
monoplaycasinoa.com,other_gambling,MonoPlay Casino - 🍁 پاکستان کے صارفین کیلئے ریئل کیش جیک پاٹ اور اسپورٹس بیٹنگ پلیٹ فارم,https://monoplaycasinoa.com/
monro-casino.de.com,other_gambling,"Monro Casino 2026: Spiele, Sportwetten und App",https://monro-casino.de.com/
monrocasino.de.com,other_gambling,"Monro Casino 2026: Bonus, Spiele, Login und App",https://monrocasino.de.com/
monsterwinkasino.com,other_gambling,"Monsterwin Casino 2026 – aktuální akce, platby a hry",https://monsterwinkasino.com/
montecarlosbm.com,other_gambling,"Monte-Carlo Société des Bains de Mer, Hotels, restaurants, casinos in Monaco",https://www.montecarlosbm.com/en
montrealiskizomba.com,other_gambling,QuickWin Casino Deutschland 2026 – Bonus & Echtgeld-Spiele,https://montrealiskizomba.com/
monument-rzn.ru,other_gambling,"Анлим — Unlim Casino | Официальный сайт, зеркало и быстрая регистрация 2026",https://monument-rzn.ru/
mosbet-kz.com,unrelated,,http://mosbet-kz.com/
most-bet-bonus.com,unrelated,Перенаправление домена не осуществляется,http://most-bet-bonus.com/
most-bet-casino.pl,unrelated,"Drzwi wejściowe do mieszkania 2026 | Zapraszamy – Dla wielu osób drzwi wejściowe to po prostu element wyposażenia – muszą się zamykać, pasować do reszty wnętrza i nie kosztować fortuny. Ale kto raz za",https://most-bet-casino.pl/
most-bet-cz100.com,unrelated,Attention Required! | Cloudflare,https://most-bet-cz100.com/
most-bet-in9.com,unrelated,Attention Required! | Cloudflare,https://most-bet-in9.com/
most-bet-kazino-giris.com,unrelated,Attention Required! | Cloudflare,https://most-bet-kazino-giris.com/
most-bet-ma.com,unrelated,Attention Required! | Cloudflare,https://most-bet-ma.com/
most-bet-promocode.com,unrelated,Attention Required! | Cloudflare,https://most-bet-promocode.com/
most-bet-qeydiyyat.com,unrelated,Attention Required! | Cloudflare,https://most-bet-qeydiyyat.com/
most-bet-registration.com,unrelated,Attention Required! | Cloudflare,https://most-bet-registration.com/
most-bet-russia.ru,unrelated,Attention Required! | Cloudflare,https://most-bet-russia.ru/
most-bet-uzb.com,unrelated,Attention Required! | Cloudflare,https://most-bet-uzb.com/
most-bet.bar,unrelated,Veilbound,https://most-bet.bar/
most-bet.biz,other_gambling,most-bet.biz,http://most-bet.biz/
most-bet.de,other_gambling,most-bet.de is available for purchase - Sedo.com,https://sedo.com/search/details/?domain=most-bet.de&campaignId=329145&origin=sales_lander_15
most-bet.digital,unrelated,Attention Required! | Cloudflare,https://most-bet.digital/
most-bet.eu,other_gambling,most-bet.eu is available for purchase - Sedo.com,https://sedo.com/search/details/?domain=most-bet.eu&campaignId=329145&origin=sales_lander_15
most-bet.help,unrelated,Attention Required! | Cloudflare,https://most-bet.help/
most-bet.hu,other_gambling,A játékfüggőség és a kiút,https://noinapozo.hu/jatekfuggoseg-es-kiut/
most3bet.ru,unrelated,Домен most3bet.ru,http://most3bet.ru/
mostafathabet.com,unrelated,مصطفى ثابت – مصطفى ثابت فويس اوفر,https://mostafathabet.com/
mostbdbet.com,other_gambling,"most bd অফিসিয়াল সাইট  রেজিস্টার, অ্যাপ ও APK বাংলাদেশ",https://mostbdbet.com/
mostgamesbet.best,other_gambling,Vegas Craze Casino,https://mostgamesbet.best/
mostloyaltibetanmastiffs.com,unrelated,"Most Loyal Tibetan Mastiffs – Offering PUREBRED, HIGH QUALITY 'Luxury' Canines",https://mostloyaltibetanmastiffs.com/
mostlybetterdays.com,unrelated,"MostlyBetterDays — Peer Support for Rural, Ranch & Farm Life",https://mostlybetterdays.com/
mostlyrwong.com,other_gambling,mostly rwong — small software from Singapore,https://mostlyrwong.com/
mostplay-bet.app,other_gambling,Mostplay Bet – Bangladesh's Premier Online Betting Platform,https://mostplay-bet.app/
mostplay-bet.org,other_gambling,Mostplay BD - Online Casino and Betting Official Site 2026,https://mostplay-bet.org/
mostplay-bet.vip,other_gambling,Mostplay Bet – Best Online Sportsbook & Casino in Bangladesh,https://mostplay-bet.vip/
mostplaybd.bet,other_gambling,Mostplaybd – বাংলাদেশের সেরা অনলাইন বেটিং ও ক্যাসিনো প্ল্যাটফর্ম,https://mostplaybd.bet/
mostplaybet.app,other_gambling,Mostplay Bet – বাংলাদেশের সেরা অনলাইন বেটিং প্ল্যাটফর্ম,https://mostplaybet.app/
mostplaybet.com,other_gambling,Mostplay🏅Top Online Cricket Betting Exchange App. Sign Up Now ✅,https://mostplaybet.com/
mostplaybet.fun,other_gambling,Mostplay Bet – বাংলাদেশের সেরা অনলাইন বেটিং প্ল্যাটফর্ম,https://mostplaybet.fun/
mostplaybet.id,other_gambling,Mostplay Bet – বাংলাদেশের সেরা অনলাইন বেটিং প্ল্যাটফর্ম,https://mostplaybet.id/
mostplaybet.info,other_gambling,mostplay-mostplay - Best Online Gaming & Betting Platform,https://mostplaybet.info/
mosttbet.casino,unrelated,Что за интернет — блог о сетях и технологиях,http://mosttbet.casino/
mosttbet.net,other_gambling,Mosttbet Casino - Zgarnij Bonus Powitalny 1500 PLN + 250 FS,https://mosttbet.net/
mostuzbet.world,other_gambling,Приложения в Google Play – SUDOKU Garden,https://play.google.com/store/apps/details?id=com.stucci.sudoku&hl=ru
mostwinplay.world,other_gambling,Jackpot Odyssey Slots - Casino,https://mostwinplay.world/
mostyourbet.com,other_gambling,Home 1 - Most Your Bet,https://mostyourbet.com/
motimahal.co.uk,other_gambling,Best Betting Sites: Top New Online Bookmakers in the UK,https://motimahal.co.uk/
motorcity.pl,unrelated,Aftermarket.eu :: domain motorcity.pl,https://motorcity.pl/
mountolympus.in,unrelated,Mount Olympus Group of Schools,https://mountolympus.in/
moveisvasco.pt,other_gambling,Stake Brasil 2026 – Plataforma de Apostas e Cassino Online,https://moveisvasco.pt/
movenscforward.com,other_gambling,Best Crypto Casino UK 2026: Top 10 Bitcoin Sites Ranked,https://movenscforward.com/
mozilla.org,other_gambling,"Mozilla - Internet for people, not profit (US)",https://www.mozilla.org/en-US/
mqmbet.com.in,other_gambling,MQM BET - Most Trusted MQM BET Official Online Game,https://mqmbet.com.in/
mr-bet-app.cc,other_gambling,Mr Bet - Most Trusted Mr Bet Official Online Game,https://mr-bet-app.cc/
mr-fortunee-nz.com,other_gambling,Mr Fortune Casino NEW ZEALAND 🔥 Welcome Bonus 【$2000 + 200 Free Spins】 Official Online Casino NZ 2026,https://mr-fortunee-nz.com/
mrempreend.com.br,other_gambling,,https://mrempreend.com.br/
mrqwt.com,other_gambling,MrQ – Top Free Earning Games APK for Low End Mobile Pakistan 2026,https://mrqwt.com/
msk88.co,other_gambling,msk88 - Hot MY Casino App with Welcome Bonus Deals,https://msk88.co/
mst-chikkorben.com,other_gambling,MostApp - Your Handyman in a Pocket,https://mst-chikkorben.com/
mstbet.bio,other_gambling,mstbet - Get Fresh Bonus Deals on Mobile PK Slots,https://mstbet.bio/
mtf-ampp.top,unrelated,Attention Required! | Cloudflare,https://mtf-ampp.top/
mtf-mobi.top,unrelated,Attention Required! | Cloudflare,https://mtf-mobi.top/
mtf-phone.top,unrelated,Attention Required! | Cloudflare,https://mtf-phone.top/
mtfmobi.top,unrelated,Attention Required! | Cloudflare,https://mtfmobi.top/
mtfprogram.ru,unrelated,Attention Required! | Cloudflare,https://mtfprogram.ru/
mudoobjetos.com.ar,other_gambling,Casino Kun Aguero Oficial en Argentina ⭐,https://mudoobjetos.com.ar/
mujerversatil.com,unrelated,,https://www.mujerversatil.com/
mundorh.com.br,unrelated,Mundo RH - O Maior Portal de Notícias Para RH,https://mundorh.com.br/
murinodskv2.ru,unrelated,Attention Required! | Cloudflare,https://murinodskv2.ru/
mus-art-lyceum.pl.ua,unrelated,Attention Required! | Cloudflare,https://mus-art-lyceum.pl.ua/
muscatinejournal.com,unrelated,"The Muscatine Journal | Breaking News | | Read Muscatine, IA and Iowa breaking news. Get latest news, events and information on Iowa sports, weather, entertainment and lifestyles.",https://muscatinejournal.com/
museum-molodgvard.ru,unrelated,Как поиграть в игровые автоматы: первый безопасный опыт в аркадной зоне,https://museum-molodgvard.ru/
musickent.com,other_gambling,"Review of the Best Online Casinos: 1xBet, 1win, Betwinner, Melbet, Glory Casino",https://musickent.com/
musicwall.com.ua,other_gambling,Stawki Bet промокод на фриспины — актуальные коды для польских игроков,https://musicwall.com.ua/
mxmelbet.mx,other_gambling,Melbet Apuestas Deportivas en Línea México,https://mxmelbet.mx/
mycapitoltaxes.com,unrelated,My Capitol Taxes – Tax Preparation Services in Miami,https://mycapitoltaxes.com/
mydepositbet.com,unrelated,Độc quyền dành cho Teen Patti Real Cash 2026 | भारत गाइड,https://mydepositbet.com/
myluckyrealm.com,other_gambling,Best Online Casino India 2026 | भारत गाइड,https://myluckyrealm.com/
myprofit365.org,other_gambling,MyProfit365 - Best Cricket Betting ID | IPL 2026 | 1 Min Withdrawal,https://myprofit365.org/
mytriphoto.com,other_gambling,1xbet korea login 2026년 공식 사이트 접속 주소를 확인하고 지금 바로 시작하세요,https://mytriphoto.com/
myviber.ru,other_gambling,"Леон Казино и БК Леон – официальный сайт, скачать, зеркало",https://chelny-invest.ru/
n1bet-bet.com,other_gambling,N1 Bet 🎰 Play 4500+ Games & Claim AU Bonuses Now,https://n1bet-bet.com/
n1betve.com,other_gambling,N1 Bet – Best Android Earning Games App in Pakistan 2026,https://n1betve.com/
nagpurtoday.in,unrelated,"Nagpur Today - Latest Nagpur News, Vidarbha News, Breaking News & Live Updates",https://www.nagpurtoday.in/
namcollege.ru,unrelated,Attention Required! | Cloudflare,https://namcollege.ru/
namibiacom.com,other_gambling,QH88 ⭐ Link Vào QH88 Mới Nhất 2026 | Trang Chủ Chính Thức,https://www.namibiacom.com/
nano-fabrica.com,unrelated,Attention Required! | Cloudflare,https://nano-fabrica.com/
napirejtveny.hu,unrelated,dsfl.hu - Diannás Sufnituninggal Felturbózott Lapok,https://dsfl.hu/
naqus.net,unrelated,الرئيسية - Naqada & Kous,https://naqus.net/
naripadseva.org,unrelated,"Nari Pad Seva | Empowering Women, Serving Society",https://naripadseva.org/
naryn.kz,other_gambling,Olimp casino - Бонус 40 000 KGS и 250 FS Олимп Казино,https://olimp-casino-kg.com/
naseseprivatehospital.com,unrelated,Nasese Private Hospital – Nasese Private Hospital,https://naseseprivatehospital.com/
nationalgeographic.com,other_gambling,National Geographic,https://www.nationalgeographic.com/
naukaricareer.com,other_gambling,INDOWD: Link Situs Toto Slot Gacor Hari Ini & Toto 4D Togel Online,https://horecaadviesgroningen.com/
navoorbico.pl,other_gambling,"Energy Casino i Kasyno Energy – bonus powitalny, logowanie, FS",https://navoorbico.pl/
nb41.com.br,other_gambling,"NB41 Marketing Digital SEO, GEO, Otimização para ChatGPT e IA",https://www.nb41.com.br/
nbajjelogin.com,other_gambling,NBAJJELOGIN - PLATAFORMA OFICIAL - 💝 - NBAJJELOGIN.COM,https://nbajjelogin.com/
nbazhibmfgkanzhibzaixwchaj.com.cn,unrelated,NBA直播免费观看_NBA在线直播无插件_NBA比赛高清直播平台,https://nbazhibmfgkanzhibzaixwchaj.com.cn/
nbcnews.com,other_gambling,"NBC News - Breaking Headlines and Video Reports on World, U.S. and Local Angles | NBC News",https://www.nbcnews.com
nbcsports.com,other_gambling,"NBC Sports - news, scores, stats, rumors, videos, and more",https://www.nbcsports.com/
ncaa.com,other_gambling,NCAA.com – The Official Website of NCAA Championships | NCAA.com,https://www.ncaa.com/
neca.hu,other_gambling,Nemzeti Cukorbeteg Alapítvány,https://www.neca.hu/
neealaakso.com,other_gambling,W88 ⭐ Link Vào W88 Mới Nhất 2026 | Trang Chủ Chính Thức,https://www.neealaakso.com/
negaraqq.app,other_gambling,negaraqq - Online Casino with DANA OVO for Indonesia,https://negaraqq.app/
neospin-casino1-au.com,other_gambling,Neospin Casino OFFICIAL 🔥 Best Online Casino Australia 2026 【$1500 Welcome Bonus + 150 Free Spins】,https://neospin-casino1-au.com/
netcraft.com,unrelated,Next-Gen Digital Risk Protection | AI-powered Cybercrime Defense by Netcraft,https://www.netcraft.com/
neuro-converse.org,unrelated,NeuroConverse,https://neuroconverse.org/index.php/journal
new-amp2026.online,unrelated,Attention Required! | Cloudflare,https://new-amp2026.online/
new-department.uz,unrelated,DTM kirish ballari 2025-2026 (Barcha yo'nalishlar) | Infoedu,https://infoedu.uz/oliygoh
newbossbdt.com,unrelated,NewBoss BDT | Bangladesh Trusted iGaming & Marketing Agency -,https://newbossbdt.com/
newegg.com,unrelated,"PC Parts, Computers, Workstations & AI PCs | Newegg",https://www.newegg.com/
newleansigmaforce.com,unrelated,Home - Lean Sigma Force,https://newleansigmaforce.com/
newratingcasino2026.com,unrelated,This page is blocked by service provider.,https://newratingcasino2026.com/
newrecipesforlife.com,unrelated,Home Food - newrecipesforlife.com,https://newrecipesforlife.com/
news-parfums.com,unrelated,"News Parfums, Online Perfume Shop in France since 2006",https://www.news-parfums.com/en/
newsavia.com,unrelated,Home - NewsAvia,https://newsavia.com/
newscentermaine.com,other_gambling,"Maine's Leading Local News: Weather, Traffic, Sports and more | Maine | newscentermaine.com",https://www.newscentermaine.com/
newtontechnologie.in,other_gambling,Melbet India 2026: Registration & Bonuses,https://www.newtontechnologie.in/
next.io,other_gambling,NEXT.io - The World's iGaming Community,https://next.io/
nextcomp.ai,unrelated,Home — nextComp,https://nextcomp.ai/
niedajsobiewcisnacreferendum.pl,other_gambling,Nie daj sobie wcisnąć referendum | 15 X,https://niedajsobiewcisnacreferendum.pl/
nixbetcasinonl.com,other_gambling,"Nix Bet Casino NL 🎰 Aanmelden, Spellen en Bonussen bij Nix Bet",https://nixbetcasinonl.com/
nlsdispatch.com,unrelated,"NextLevelStrategies, Your Trusted Dispatching Partner",https://nlsdispatch.com/
nmis.pk,other_gambling,Melbet Official Site Pakistan – Sports Betting & Casino Platform,https://nmis.pk/
noangels.net,other_gambling,"Wettanbieter ohne OASIS 2026 – Limits, Boni & Live-Wetten",https://noangels.net/
nodeposit.org,other_gambling,Best No Deposit Casinos 2026 | Exclusive Bonuses Updated Daily,https://www.nodeposit.org/
nofleckturkiye.com,other_gambling,"Starzbet Güncel Giriş ᐉ Casino, Bahis ve Bonus 2026",https://nofleckturkiye.com/
noiz.io,unrelated,YouTube Video Summarizer AI | Noiz,https://noiz.io/
nordstrom.com,unrelated,"Nordstrom Online & in Store: Shoes, Jewelry, Clothing, Makeup, Dresses",https://www.nordstrom.com/
notaru.com,other_gambling,米兰平台_米兰平台（中国）股份有限公司,http://notaru.com/
notino.at,unrelated,Online-Parfumerie | Parfum online günstig kaufen | notino.at,https://www.notino.at/
notino.be,unrelated,Votre parfumerie en ligne notino.be - découvrez notre choix,https://www.notino.be/
notino.bg,other_gambling,Козметика и парфюми онлайн | Парфюмерия notino.bg,https://www.notino.bg/
notino.ch,unrelated,Parfum Online Schweiz | Online Parfumerie Suisse notino.ch,https://www.notino.ch/
notino.co.uk,other_gambling,"Notino | Fragrance, Makeup, Skincare & Haircare Online",https://www.notino.co.uk/
notino.cz,other_gambling,"Parfumerie NOTINO | Parfémy, kosmetika, zdraví online",https://www.notino.cz/
notino.de,unrelated,Parfümerie & Beauty Shop notino.de | Parfum kaufen: Online,https://www.notino.de/
notino.dk,other_gambling,Skønhed og dufte online | Parfumer | notino.dk,https://www.notino.dk/
notino.es,unrelated,Perfumes y cosméticos online | Perfumería online Notino,https://www.notino.es/
notino.fi,unrelated,Osta kauneustuotteet ja tuoksut verkosta,https://www.notino.fi/
notino.fr,unrelated,Votre parfumerie en ligne notino.fr | découvrez notre choix,https://www.notino.fr/
notino.gr,other_gambling,Αρώματα & Καλλυντικά online | Notino,https://www.notino.gr/
notino.hu,unrelated,"Parfümök, kozmetikumok és baba-mama kiegészítők a Notinon",https://www.notino.hu/
notino.it,other_gambling,Cosmetici e profumi online | Profumi Notino,https://www.notino.it/
notino.nl,unrelated,"Notino | Online parfums, make-up, huid- en haarverzorging",https://www.notino.nl/
notino.pl,unrelated,Perfumy i kosmetyki online |  Notino,https://www.notino.pl/
notino.pt,unrelated,Perfumes e cosméticos Online | Perfumaria Online Notino,https://www.notino.pt/
notino.ro,unrelated,Parfumuri Originale • Parfumeria Notino înainte Aoro,https://www.notino.ro/
notino.se,unrelated,Parfym online | Skönhet online | Parfymaffär Notino,https://www.notino.se/
notino.si,unrelated,Parfumi in kozmetika online | notino.si,https://www.notino.si/
notino.sk,unrelated,Parfémy a kozmetika online | Parfuméria Parfums teraz Notino,https://www.notino.sk/
notino.ua,unrelated,Парфуми та косметика онлайн  | notino.ua,https://www.notino.ua/
notos.gr,unrelated,Homepage  | notos,https://www.notos.gr/
nouvelobs.com,other_gambling,Le Nouvel Obs - Actualités en France et dans le monde,https://www.nouvelobs.com/?_staled_=
noviput.org,unrelated,Novi Put,https://noviput.org/
novnify.com,other_gambling,1xbet السعودية 2026: سجل حسابك وابدأ المراهنات الرياضية,https://esmtenerife.com
npaviatorgame.com,other_gambling,NPAVIATORGAME - PLATAFORMA OFICIAL - 💎 - NPAVIATORGAME.COM,https://npaviatorgame.com/
npr.org,unrelated,"NPR - Breaking News, Analysis, Music, Arts & Podcasts : NPR",https://www.npr.org/
nrgbetl.com,other_gambling,NRG Bet - ✨ لائیو اسپورٹس ویجرنگ اور وی آئی پی کیسینو انعامات,https://nrgbetl.com/
nuggetslotsd.com,other_gambling,Nugget Slots - ❤ محفوظ کرکٹ رزلٹ ویجرنگ اور جدید لائیو کیسینو پاکستان,https://nuggetslotsd.com/
nvcasino-magyar1.com,other_gambling,NV Casino | Hivatalos Oldal Magyarországon | Bónusz 100 000 HUF,https://nvcasino-magyar1.com/
nwccpilatesyoga.net,other_gambling,How to Make the Most of Best Free Bet Offers From Bookmakers,https://nwccpilatesyoga.net/
nyd-international.com,unrelated,NYD- INTERNATIONAL,https://nyd-international.com/
nyitottlovardak.hu,other_gambling,Online kaszinó biztonsági kritériumok - magyar lista,https://www.nyitottlovardak.hu/
nypost.com,other_gambling,"New York Post – Breaking News, Top Headlines, Photos & Videos",https://nypost.com/
nytimes.com,unrelated,"The New York Times - Breaking News, US News, World News and Videos",https://www.nytimes.com/
obeliscohotel.com.ar,other_gambling,Casino Kun Aguero Oficial en Argentina ⭐,https://obeliscohotel.com.ar/
obilevar.com,other_gambling,ANA SAYFA -,https://obilevar.com/
obserwatorium.biz,unrelated,Obserwatorium.biz - tworzenie i wdrażanie strategii cyfrowych firm,https://obserwatorium.biz/
obzor-most-bet-casino.ru,unrelated,Attention Required! | Cloudflare,https://marathoncasino7.fun/
ockitchenremodeling.com,other_gambling,My Blog - My WordPress Blog,https://ockitchenremodeling.com/
oddschecker.com,other_gambling,Oddschecker | UK's #1 Betting Odds Comparison Site,https://www.oddschecker.com/
oddsjam.com,other_gambling,OddsJam: Best Odds Comparison and Sports Betting Tools on the Market! | OddsJam,https://oddsjam.com/
oddstrader.com,other_gambling,Live Sports Odds & Betting Lines Today | OddsTrader,https://www.oddstrader.com/
odv555.net,other_gambling,odv555 - Malaysia Slots with Hot Bonus Rewards,https://odv555.net/
oed.com,other_gambling,Oxford English Dictionary,https://www.oed.com/?tl=true
ofekweb.com,unrelated,"מגזין הבריאות של אופק - טיפים, טיפולים, חוות דעת, רופאים ואיכות חיים",https://ofekweb.com/
offerup.com,unrelated,Buy & Sell Locally - OfferUp - Buy. Sell. Simple. - OfferUp,https://offerup.com/
official-leon.net,other_gambling,Leon Казино — играть на официальной платформе ✅,https://official-leon.net/
ohsortelisboa.pt,other_gambling,Spinboss Casino 2026 — Best Sites & Reviews,https://ohsortelisboa.pt/
oinabet.kz,other_gambling,Букмекерская контора Oinabet,https://oinabet.kz/
okehamptongc.co.uk,other_gambling,Golf | The Most Popular Betting Markets to Bet on,https://www.okehamptongc.co.uk/
oksijenoran.com,other_gambling,Chicken Road Soldi Veri 🎖️ Chicken Road Casino Online,https://movizprod.com/
olbg.com,other_gambling,Online Betting Guide (OLBG) The Sports Betting Community,https://www.olbg.com/
oleyamen.com,unrelated,Artem Lyashanov: la fintech en 2026. 5 tendencias de las que todos hablan | LedgerPulse,https://oleyamen.com/es-es/
olg.ca,other_gambling,"OLG | Ontario's Online LOTTERY, CASINO & SPORTS 2026",https://www.olg.ca/en/home.html
olimpbet.kz,other_gambling,Ставки на спорт онлайн — на официальном сайте букмекерской конторы OLIMPBET в Казахстане,https://olimpbet.kz/
olx.com.br,other_gambling,OLX - O Maior Site de Compra e Venda do Brasil,https://www.olx.com.br/
olx.com.pk,other_gambling,OLX - Buy and Sell for free anywhere in Pakistan with OLX online classifieds,https://www.olx.com.pk/
omerlh.info,other_gambling,Baji Live | Casino and Betting in Bangladesh [Login],https://bajisbet.com/
onefootball.com,other_gambling,home | OneFootball,https://onefootball.com/en/home
ong918.net,other_gambling,ong918 - Official MY Casino with Instant Bonus Rewards,https://ong918.net/
online-best-super159.cfd,other_gambling,Гама Казино (Gama Casino) регистрация и вход,https://online-best-super159.cfd/
online-betting-sites.br.com,other_gambling,Best Betting Sites: Top New Online Bookmakers in the UK,https://online-betting-sites.br.com/
online-betting-sites.uk.com,other_gambling,Best Betting Sites: Top New Online Bookmakers in the UK,https://online-betting-sites.uk.com/
online-super-bet316.cfd,other_gambling,Гама Казино (Gama Casino) регистрация и вход,https://online-super-bet316.cfd/
online.casino,other_gambling,International Online Casinos | Your Guide To Global Casinos 2026,https://online.casino/
onlinegamblingme.com,other_gambling,Best Online Gambling Sites for Real Money USA [Sep 2026],https://onlinegamblingme.com/
onlystr8uplays.com,unrelated,OnlyStr8Up — Straight To The Top | Premium Sports Picks & Parlays,https://onlystr8uplays.com/
onnoshomoy.com,other_gambling,অন্য সময় | Onno Shomoy | সৃজন ও বোধের উদ্যান - অন্য সময়,https://onnoshomoy.com/
onomo.net,unrelated,onomo,https://onomo.net/
onrent.org,other_gambling,Melbet India: Bet on Cricket & Play Top Casino Slots,https://onrent.org/
opacademy.ly,other_gambling,أكاديمية الرواد الأمثل – للتدريب والتعليم والإستشارات,https://opacademy.ly/
openaltman.fun,unrelated,Open Altman — Meme Prediction Markets & Parlays,https://www.openaltman.fun/
opensea.io,unrelated,"OpenSea, exchange everything — token trading and NFT marketplace",https://opensea.io/
opera.com,other_gambling,"Opera Web Browser | Faster, Safer, Smarter | Opera",https://www.opera.com/
orange.fr,unrelated,"Portail Orange | Offres Mobiles, Internet, TV, Actu & Accès compte Mail",https://www.orange.fr/portail
orangedreamz.com,other_gambling,ScoreBet Sports - Live Betting & Streaming|ScoreBet,https://www.orangedreamz.com/
orduvizyon52.com,other_gambling,"Chicken Road Italia Guida al Gioco, Demo Gratis, RTP 98% e Strategie 2026",https://orduvizyon52.com/
oregonwomenshealthnetwork.com,other_gambling,FUN88 Chính Thức 2026 ⭐ Link Vào & Thông Tin Mới Nhất,https://www.oregonwomenshealthnetwork.com/
organicislands.gr,other_gambling,Wholesale Herbal Tea Suppliers: Oregano Essential Oil,https://organicislands.gr/
organikbeslenme.com.tr,other_gambling,Organik Beslenme – Organik Beslenme,https://organikbeslenme.com.tr/
orjinalbafrapide.com,unrelated,Attention Required! | Cloudflare,https://orjinalbafrapide.com/
ornamentalpeanut.com,other_gambling,Sunset Specialty GroundcoverSunset Specialty Ground Cover - EcoTurf Ornamental Peanut Sod & Ground Covers,https://ornamentalpeanut.com/
osakapisosok.com.ar,unrelated,OSAKA – Pisos y revestimientos de diseño,https://osakapisosok.com.ar/
osteopatiaamparoandres.com,unrelated,Centro de Osteopatía Spa Amparo Andrés - Paterna,https://osteopatiaamparoandres.com/
otterzone.one,other_gambling,OtterTown | Otter Casino & Gacha Bot for Discord,https://otterzone.one/
otticacasarin.com,other_gambling,新品未開封 Xteink X3 ホワイト｜58g超軽量 スマホ装着対応 eink 新品未開封 Xteink X3 ホワイト｜58g超軽量 スマホ装着対応 小型E-ink,https://www.otticacasarin.com/
otto.de,unrelated,"OTTO - Mode, Möbel & Technik » Zum Online-Shop",https://www.otto.de/
otwartedo.pl,unrelated,Aftermarket.pl :: domena otwartedo.pl,https://otwartedo.pl/
otzovik.com,unrelated,"Отзовик - отзывы реальных покупателей, владельцев, сотрудников, пациентов, туристов и рейтинги лучших предложений!",https://otzovik.com/
otzyvru.com,unrelated,Первый независимый сайт отзывов России,https://www.otzyvru.com/
outdoorscult.com,other_gambling,ANIMETOTO > Arena Tempat Bermain Situs Gacor & Slot88 Terbaru Hari Ini,https://www.outdoorscult.com/
overframe.xyz,unrelated,Overframe,https://overframe.xyz/
ovo99sports.org,other_gambling,OVO99 - ovo99sports.org,https://ovo99sports.org/
ozwin-casino-bet-au.com,other_gambling,Ozwin Casino Australia OFFICIAL 🔥 Best Online Casino Real Money 2026 【Licensed & Secure】 Premium Gaming Experience,https://ozwin-casino-bet-au.com/
p-20.net,other_gambling,Plesk Obsidian 18.0.80,https://p-20.net:443/login_up.php
p9999.co,other_gambling,p9999 - Claim Bonus Spins on Verified Casino Games,https://p9999.co/
pacoperfumerias.com,unrelated,Tienda de perfumes y cosmética · Mejor Precio - Paco Perfumerías,https://www.pacoperfumerias.com/
paddockcup.fr,unrelated,F1 Paddock — Free Formula 1 2026 prediction game,https://paddockcup.fr/
padreisland78418.com,other_gambling,"Victoria Munt Rogers GRI Realtor – Beach. Bay. Canal. Real Estate Corpus Christi, TX 78418",https://www.padreisland78418.com/
pairbet.org,other_gambling,Pairbet | Pairbet Pasangin Taruhan Kamu Dan Biarkan Cuan Ngalir,https://pairbet.org/
pak234.co,other_gambling,pak234 - Grab Casino Rewards from Fresh Mobile Slots,https://pak234.co/
pak399.net,other_gambling,pak399 - Spin Top Jackpot Slots with New Player Bonus,https://pak399.net/
pakistan-sports-betting.com,other_gambling,Best Online Betting Sites and Apps to Download in Pakistan 2026,https://pakistan-sports-betting.com/
pakistantribe.com,unrelated,Attention Required! | Cloudflare,https://pakistantribe.com/
pakshomacenter.com,other_gambling,ميتا العنوان: لعبة Tower Rush في مصر: النسخة الديمو، نسبة الـ RTP، والكازينوهات,https://pakshomacenter.com/
palerium.com.tr,other_gambling,Xturka Giriş 2026: Güncel Casino ve Online Bahis Adresi,https://palerium.com.tr/
paletyonline.cz,unrelated,FIATOGEL - Gas Kejutan Terbanyak Game Online Digital Modern,https://paletyonline.cz/
palomadelarica.com,other_gambling,Paloma de la Rica | Blog de ideas y recetas de cocina casera,https://palomadelarica.com/
panacheplants.co.uk,other_gambling,Best Betting Sites: Top New Online Bookmakers in the UK,https://panacheplants.co.uk/
panorist.com,other_gambling,1xBet Sinhala 2026: ශ්‍රී ලංකාවෙන් ඔට්ටු අල්ලන්න,https://panorist.com/
paolospizza.co.uk,other_gambling,Best Betting Sites: Top New Online Bookmakers in the UK,https://paolospizza.co.uk/
parabet-promo.store,other_gambling,App Market,https://parabet-promo.store/
paradise8casinoa.com,other_gambling,Paradise 8 Casinoآن لائن-پاکستان میں ایوی ایٹر ریئل ٹیک آف میں بیٹنگ اور قابلِ اعتماد ملٹی پلائر اوڈز Paradise 8 Casino.com,https://paradise8casinoa.com/
parafiarytro.pl,unrelated,Aftermarket.eu :: domain parafiarytro.pl,https://parafiarytro.pl/
parafrikis.com,other_gambling,"Tienda online de productos frikis, starwars, superman, funkos - TIENDA FRIKI ONLINE. Regalos originales y gadgets divertidos",https://www.parafrikis.com/
parcelnovaexpress.com,unrelated,PARCEL NOVA EXPRESS – Best Courier Company for National and International Delivery,https://parcelnovaexpress.com/
parfuemerie-rook.de,unrelated,Parfümerie Rook | Parfümerie Rook,https://www.parfuemerie-rook.de/maintenance
parfumdreams.at,unrelated,Parfum und Kosmetik aus deiner Online-Parfumerie ❤️ | parfumdreams,https://www.parfumdreams.at/
parfumdreams.ch,unrelated,Parfum und Kosmetik aus deiner Online-Parfumerie ❤️ | parfumdreams,https://www.parfumdreams.ch/
parfumdreams.de,unrelated,Parfum und Kosmetik aus deiner Online-Parfumerie ❤️ | parfumdreams,https://www.parfumdreams.de/
parfumdreams.dk,unrelated,Parfume og kosmetik fra dit online-parfumeri ❤️ | parfumdreams,https://www.parfumdreams.dk/
parfumdreams.nl,unrelated,Parfum en cosmetica van uw online parfumerie ❤️ | parfumdreams,https://www.parfumdreams.nl/
parfumdreams.pl,unrelated,Perfumy i kosmetyki z Twojej perfumerii internetowej ❤️ -20% z kodem DREAMS | parfumdreams,https://www.parfumdreams.pl/
parfumdreams.se,unrelated,Parfym och kosmetik från din onlinebutik för skönhetsprodukter ❤️ | parfumdreams,https://www.parfumdreams.se/
parfumerie.be,unrelated,"Parfum, make-up & verzorging online  | Parfumerie.be",https://www.parfumerie.be/
parfumerie.nl,other_gambling,"Parfum, make-up & verzorging online  | Parfumerie.nl",https://www.parfumerie.nl/
parimatch-casino-uk1.com,other_gambling,Parimatch Casino UK OFFICIAL 🔥 Best Online Casino 2026 【Welcome Bonus + Free Spins】 Slots & Live Games,https://parimatch-casino-uk1.com/
partysocialsupply.com,other_gambling,Party Social SupplyParty Social Supply,https://partysocialsupply.com/
parureparis.com,other_gambling,Télécharger Melbet APK Application pour Android et iOS pour paris sportifs,https://telecharger-melbet.net/
pasacasino724.com,other_gambling,Pasacasino724 - Tạp Chí Nhà Cái Hàng Đầu Tại Châu Lục,https://pasacasino724.com/
pasefiltrado.pe,other_gambling,Noticias del fútbol peruano | Pase Filtrado Perú,https://pasefiltrado.pe/
pasjonisci.pl,unrelated,Zgromadzenie Męki Jezusa Chrystusa - Pasjoniści,https://www.passio.info.pl/
patentbetb.com,other_gambling,Mil WinAPK-پاکستان میں ٹین پٹی ماسٹر پلیئر روم میں بیٹنگ اور متوازن کارڈ اوڈز Mil Win.com,https://patentbetb.com/
patrickahokas.com,other_gambling,Patrick Ahokas – Just another baby blog,https://www.patrickahokas.com/
pauseresume.com,other_gambling,"Pause Resume – Pausing Life, Resuming Play",https://pauseresume.com/
pbs.org,unrelated,PBS: Public Broadcasting Service,https://www.pbs.org/
pccchunggiaphat.com,unrelated,Home,https://pccchunggiaphat.com/
pchpoultry.com,other_gambling,E2BET ⭐ Link Vào E2BET Mới Nhất 2026 | Trang Chủ Chính Thức,https://www.pchpoultry.com/
pcs-service.ru,unrelated,"GreatFireVPN - Bypass Censorship in China, Russia, Iran, India",https://pcs-service.ru/vpn/en/
pcusa.org,unrelated,Presbyterian Church (U.S.A.),https://pcusa.org/
peopleinmotion-costaction.org,unrelated,People In Motion,https://www.peopleinmotion-costaction.org/
perdre-du-poids.org,unrelated,"Perdre du poids naturellement | Régimes, recettes & sport",https://perdre-du-poids.org/
perfect2perfection.in,unrelated,Perfect2Perfection - Your Blogging Website,https://perfect2perfection.in/
performancedieselmachine.com,other_gambling,Mega Cricket World Bangladesh | Top Betting Site & Casino Slots,https://www.performancedieselmachine.com/
performances-recherche.ch,unrelated,Performances Recherche — Comprendre la recherche,https://performances-recherche.ch/
pergatsibali.org,other_gambling,pergatsibali.org,https://pergatsibali.org/
periodicologos.org,other_gambling,"Royal Reels 24 Australia 🎰 Login, Sign Up & Casino Bonus Chips",https://periodicologos.org/
permata555.com,other_gambling,Permata555™ Ruang Game Digital dengan Nuansa Modern,https://permata555.com/
petissimo.hu,other_gambling,"Prémium kutyatáp, macskatáp, felszerelések - Petissimo",https://www.petissimo.hu/
pewterbank.com,unrelated,British Antique Pewter,https://www.pewterbank.com/
pgatour.com,other_gambling,PGATOUR.COM - Official Home of Golf and the FedExCup - PGA TOUR,https://www.pgatour.com/
ph53.app,other_gambling,"PH53 – Play, Bet, and Win with the Most Reliable Online Casino",https://ph53.app/
philippinessanfrancisco.org,unrelated,Attention Required! | Cloudflare,https://philippinessanfrancisco.org/
phoneamp-kz.top,unrelated,Attention Required! | Cloudflare,https://phoneamp-kz.top/
phonemob-kz.top,unrelated,Attention Required! | Cloudflare,https://phonemob-kz.top/
phonemobile-kz.top,unrelated,Attention Required! | Cloudflare,https://phonemobile-kz.top/
phonemtf.top,unrelated,Attention Required! | Cloudflare,https://phonemtf.top/
phrush.vu,other_gambling,ph.rush - Hot PH Slots Guide with First Deposit Rewards,https://phrush.vu/
phuketbesttriptravel.com,unrelated,รถตู้ภูเก็ต เช่ารถตู้พร้อมคนขับนำเที่ยวภูเก็ต พังงา กระบี่,https://phuketbesttriptravel.com/
phuonghongmarine.com,other_gambling,PHB – PHUONGHONG SHIP REPAIR AND MARINE SERVICE,https://phuonghongmarine.com/
phusisrevue.com,other_gambling,Play Dragon Tiger Online India 🐉🐅 Live Dealers & UPI Payments,https://phusisrevue.com/
pickswise.com,other_gambling,Pickswise - Expert Sports Picks & Predictions,https://www.pickswise.com/
pilkacv.pl,other_gambling,pilkacv.pl,https://pilkacv.pl/
pinarbasibelediyesi.com,other_gambling,Play Dragon Tiger Online 🐉 in India with Live Dealers & UPI,https://pinarbasibelediyesi.com/
pinokkio-kids.ru,other_gambling,Срок регистрации pinokkio-kids.ru истек,https://pinokkio-kids.ru/
pinupbr.com,other_gambling,Pin-Up Casino é uma popular plataforma de casino online fundada em 2016,https://pinupbr.com/
piscines-roche.com,other_gambling,Télécharger Melbet Apk (Android & iOS) | Gratuit 2026,https://piscines-roche.com/
pittmanms.com,other_gambling,Pittman Mine Service –,https://pittmanms.com/
pivotal-photography.com,other_gambling,BK8 ⭐ Link Vào BK8 Mới Nhất 2026 | Trang Chủ Chính Thức,https://www.pivotal-photography.com/
pizzagostyn.pl,other_gambling,Oficjalna Strona Happy Jokers Casino – Zagraj i Odbierz Bonus 2026,https://pizzagostyn.pl/
pk767.net,other_gambling,pk767 - Mobile Casino App with Free Spin Rewards,https://pk767.net/
pkmost-bon.com,unrelated,Most Likely To: Question Game,https://pkmost-bon.com/
pkr298.net,other_gambling,pkr298 - Claim Daily Bonuses on Fresh Casino Slots,https://pkr298.net/
pkrber.net,other_gambling,pkrber - Enter Casino Games to Unlock PKR Bonus Deals,https://pkrber.net/
pkrbetvipo.com,other_gambling,pkr bet vip - 🧧 پاکستان کے صارفین کیلئے لگژری اسپورٹس بک اور کیسینو,https://pkrbetvipo.com/
placebetiocasinov.com,other_gambling,Placebet io Casinoڈاؤن لوڈز-پاکستان میں سلاٹ سپر جیک پوٹس میں بیٹنگ اور طاقتور بونس اوڈز Placebet io Casino.com,https://placebetiocasinov.com/
plafinder.com,other_gambling,1xbet Lanka | 2026 දීමනා සමඟ අදම ලියාපදිංචි වන්න,https://plafinder.com/
planet-w.ru,other_gambling,Срок регистрации planet-w.ru истек,https://planet-w.ru/
play.google.com,other_gambling,Android Apps on Google Play,https://play.google.com/store/games
playalodge.com,other_gambling,La Playa Lodge – La Playa Lodge Hostería en Cojimies Manabí Ecuador,https://playalodge.com/
playamo-casino-online-ca.com,other_gambling,"PlayAmo Casino Canada — Login, Bonuses and Payouts",https://playamo-casino-online-ca.com/
playamo-casino0-au.com,other_gambling,PlayAmo Casino Australia 🔥 ULTIMATE Gaming Destination 2026 【$1000+ Welcome Bonus】 Premium Slots & Live Games,https://playamo-casino0-au.com/
playamocasinoonline-au.com,other_gambling,"PlayAmo Casino Australia - Login, Bonuses and Payouts",https://playamocasinoonline-au.com/
playbd.site,other_gambling,"Best Betting Sites Bangladesh 2026 — Cricket, Aviator & 500% Bonus | PlayBD",https://playbd.site/
playfina-casino0-au.com,other_gambling,Playfina Casino Australia OFFICIAL 🔥 Best Online Casino 2026 【Welcome Bonus + Free Spins】 Aussie Gaming,https://playfina-casino0-au.com/
playgolfclub.pl,unrelated,"Play Golf Club – Poradniki golfowe, trening, strategia gry i sprzet dla graczy",https://playgolfclub.pl/
playmeofficial.com,unrelated,Play Me Official - Most accurate psychic readings,https://www.playmeofficial.com/
playright.co.uk,other_gambling,"UK's Top Guide to Online Casino, Betting, Bingo & Poker | PlayRight",https://playright.co.uk/
playval.app,unrelated,Playval — Real life is becoming rare. Sports make it easy.,https://playval.app/
playwin321.co,other_gambling,Playwin321 - Official Cricket ID | Bet on IPL 2026 | 1 Min Withdrawal | 40% Bonus,https://playwin321.co/
playzeecasinologinb.com,other_gambling,playzee casino login - 🧧 محفوظ آن لائن گیمنگ ہب اور پریمیم ریئل ٹائم کیسینو انعامات پاکستان,https://playzeecasinologinb.com/
plick.se,unrelated,Köp & Sälj Second Hand Kläder Online | Plick App & Web,https://plick.se/
plinkoappechtgeld.com,other_gambling,Plinko App Download für iOS & Android | Neueste Mobile Version,https://plinkoappechtgeld.com/
plombier-nice-06.com,other_gambling,Télécharger Melbet APK Application pour Android et iOS pour paris sportifs,https://telecharger-melbet.net/
plupstudio.com,unrelated,Plup! Studio Costa Rica - Arquitectura y Diseño,https://plupstudio.com/
plusmaad.com,other_gambling,سامانه نوبت دهی و مشاوره آنلاین از بهترین دکتر ها و روانشناس ها - پلاس ماد,https://plusmaad.com/
pluss77.co,other_gambling,pluss77 - Top PH Casino Play with New Player Bonus Offers,https://pluss77.co/
plywalniawitomino.pl,unrelated,Aftermarket.eu :: domain plywalniawitomino.pl,https://plywalniawitomino.pl/
pngtc.com.vn,unrelated,Trang Chủ - CÔNG TY CP XÂY DỰNG & CÔNG NGHỆ PNG,https://pngtc.com.vn/
podkarpackie2oo.pl,unrelated,P2K - Forum Motocyklistów,http://www.telnet-ropczyce.home.pl/podkarpackie/
pointplastic.it,unrelated,Pointplastic,https://www.pointplastic.it/
pokerscout.com,other_gambling,Best Online Poker Sites for Real Money in 2026,https://www.pokerscout.com/
pokrovborovsk.ru,unrelated,Храм Покрова Пресвятой Богородицы в Боровске | наш приходской сайт,https://pokrovborovsk.ru/
polishpotterypassion.com,other_gambling,The 2026 Cricket Betting Edit: Top 3 Platforms Reviewed,https://www.polishpotterypassion.com/
politico.eu,other_gambling,"POLITICO – European Politics, Policy, Government News",https://www.politico.eu/
politiekcafepiment.nl,other_gambling,politiekcafepiment.nl,https://politiekcafepiment.nl/
polskietaxi.pl,unrelated,Aftermarket.eu :: domain polskietaxi.pl,https://polskietaxi.pl/
pomostybetonowe.pl,unrelated,Site en construction,http://www.pomostybetonowe.pl
poprawaurody.pl,unrelated,Poprawaurody – Wszystko jest na swoim miejscu,https://poprawaurody.pl/
porapoparam.ru,unrelated,Attention Required! | Cloudflare,https://porapoparam.ru/
pornhub.com,unrelated,"Free Porn Videos & Sex Movies - Porno, XXX, Porn Tube | Pornhub",https://www.pornhub.com/
portfelmaster.pl,other_gambling,Daytona Spin Casino w Polsce - Jak dzisiaj wygrać wielką nagrodę,https://portfelmaster.pl/
posadadelarbol.com.ar,unrelated,CAPILLA DEL MONTE ALOJAMIENTO POSADA DEL ARBOL  SIERRAS DE CORDOBA ARGENTINA,https://posadadelarbol.com.ar/
poshmark.com,other_gambling,"Poshmark: Buy and sell fashion, home decor, beauty & more",https://poshmark.com/
posterbakes.com,other_gambling,posterbakes.com – 5 Kesalahan Umum Saat Main Slot dan Cara Menghindarinya,https://posterbakes.com/
potworywozkowe.pl,unrelated,Blog parentingowy | Potwory Wózkowe i ich rodzice!,https://potworywozkowe.pl/
powerexch9.org,other_gambling,PowerExch9 - Official Cricket ID | Bet on IPL 2026 | 1 Min Withdrawal | 55% Bonus,https://powerexch9.org/
pozytywni-poznan.pl,unrelated,Home - Pozytywni Poznań - Dla Zdrowia I Dobra Samopoczucia,https://pozytywni-poznan.pl/
ppg688.net,other_gambling,ppg688 - Enjoy Slot Games and Claim Daily Bonus Deals,https://ppg688.net/
prem.co.th,unrelated,PremParfums - 小红书,https://www.xiaohongshu.com/login?redirectPath=http%3A%2F%2Fwww.xiaohongshu.com%2Fuser%2Fprofile%2F6a19ab84000000000d035c01%3Fxsec_token%3DYBNkWzfGicXUIKEEX36XVSBsKq_FzfM7297AMkNZqfnUE%3D%26xsec_source%3Dapp_share%26xhsshare%3DCopyLink%26shareRedId%3DOEczOURHPD02NzUyOTgwNjZHOTo5SDY6%26apptime%3D1785261040%26share_id%3Dc49f1ea7bb8140d7906689c5b9d98a84%26exSource%3Dnull
presidentsbowl.org,unrelated,"Presidents Bowl Committee | Sioux Falls, SD | Enhancing High School activity programs",https://presidentsbowl.org/
prideofdetroit.com,other_gambling,Pride Of Detroit,https://www.prideofdetroit.com/
primor.eu,unrelated,"Perfumerías, maquillaje y cosmética al mejor precio | Perfumerías Primor",https://www.primor.eu/
printerval.com,unrelated,"Printerval | Handmades, Personalized Custom Clothes & Gifts",https://printerval.com/
printio.ru,unrelated,Футболки с принтами 👕 в Москве: одежда с принтом 👚 в интернет-магазине Printio,https://printio.ru/
privacysavvy.com,unrelated,"Privacy news, guides, VPN and other security software reviews - PrivacySavvy",https://privacysavvy.com/
probabilities.vip,unrelated,Attention Required! | Cloudflare,https://probabilities.vip/
profumeriemallardo.com,unrelated,Profumerie Mallardo Shop On Line - GPM S.r.l.,https://www.profumeriemallardo.com/shop/
promodesi.com,other_gambling,No Deposit Bonus Betting 2026 | भारत गाइड,https://promodesi.com/
props.com,other_gambling,"Sports Betting News, Sportsbook Reviews & Prop Betting Info",https://props.com/
prosolchile.cl,unrelated,Prosol América,https://prosolamerica.com/
pruss.biz,other_gambling,"Региональная общественная организация ""Королевская Гора""",https://pruss.biz/
przeczytanewsieci.pl,other_gambling,"Wazamba Casino i Kasyno Wazamba — platforma gier, bonusy i szybkie wypłaty",https://przeczytanewsieci.pl/
psg.fr,other_gambling,PSG.FR | Official site of Paris Saint-Germain,https://www.psg.fr/en
psu.com,unrelated,"PlayStation Universe - PS5, PS4, PSVR, PS Vita News and Reviews",https://www.psu.com/
psyarabic.com,other_gambling,الرئيسية - علم النفس بالعربي,https://psyarabic.com/
publitea.com,unrelated,Publitea.com,https://publitea.com/
pulsehospital.org,unrelated,Home - Pulse hospital,https://pulsehospital.org/
pumpdraft.fun,unrelated,PumpDraft — Pari-Mutuel Prediction Market on Robinhood Chain,https://pumpdraft.fun/
purorestaurante.pt,other_gambling,Tower Rush 2026 : jouer à la démo gratuite du jeu crash Galaxsys,https://purorestaurante.pt/
pursueconsultancy.com,unrelated,Pursue Consultancy - a new perspective to the way recruitment is done,https://pursueconsultancy.com/
pussy888.vu,other_gambling,pussy888 - Safe Casino Deals with Exclusive Promotions,https://pussy888.vu/
qk999.co,other_gambling,qk999 - Join Top Jackpot Slots for New Player Bonus,https://qk999.co/
qr77x1ps360.click,unrelated,Google,https://www.google.com/
quailhollowfarmcsa.com,other_gambling,Magyar online kaszinók — Szakértői értékelések 2026,https://quailhollowfarmcsa.com/
quants.co.za,other_gambling,Home - Quantum Actuaries,https://quants.co.za/
quatro-casino0-nz.com,other_gambling,Quatro Casino New Zealand 🎰 Best Online Casino NZ 2026 【EXCLUSIVE BONUS】 Premium Games & Mobile,https://quatro-casino0-nz.com/
quillbot.com,unrelated,"Quillbot: Write, Design & Create",https://quillbot.com/
quran-sunnahacademy.xyz,unrelated,Quran Sunnah Academy,https://quran-sunnahacademy.xyz/
r77bet.net,other_gambling,R77 Bet – Win Big at Bangladesh’s Most Trusted Gaming Platform,https://r77bet.net/
r88slotter1.xyz,other_gambling,R88SLOT - Akses Termudah Dalam Mendapat Kemenangan Abad ini,https://r88slotter1.xyz/
radaronline.com,unrelated,Latest Celebrity News & Entertainment News | RadarOnline,https://radaronline.com/
radiostroi.ru,unrelated,Lingwa — учи языки на живых словах,https://radiostroi.ru/
radstudiouk.co.uk,other_gambling,Best Betting Sites: Top New Online Bookmakers in the UK,https://radstudiouk.co.uk/
rahpubs.com,other_gambling,Rahpubs,https://rahpubs.com/
rajeducations.com,other_gambling,Home - Rajeducations,https://rajeducations.com/
rajmahaldundee.co.uk,other_gambling,Best Betting Sites: Top New Online Bookmakers in the UK,https://rajmahaldundee.co.uk/
rakhoitvlive.com,other_gambling,Rakhoi – Nền tảng xem bóng đá trực tuyến miễn phí được yêu thích hàng đầu tại Việt Nam,https://rakhoitvlive.com/
rama123slot.com,unrelated,RAMA123 ~_~ Nyesel Rugi Kemarin The Worlds Best Online Game Site Released,https://rama123slot.com/
ramchaganti.com,other_gambling,ramchaganti.com,https://ramchaganti.com/
ramza.pk,unrelated,Ramza Pakistan | Electric Scooters & AIMA EV Mobility,https://ramza.pk/
ranchhandauctions.com,unrelated,Attention Required! | Cloudflare,https://ranchhandauctions.com/
raowaforum.org,other_gambling,"Official Banger Casino | Bonus Up to BDT 27,000 + 250 FS",https://raowaforum.org/
raphaelapparel.com,unrelated,Raphael Apparel | Raphaelapparel,https://raphaelapparel.com/
rapidcasinogamet.com,other_gambling,rapid casino game - 🍁 پاکستان کیلئے ہائی آڈز ویجرنگ اور لگژری وی آئی پی کیسینو انٹرٹینمنٹ,https://rapidcasinogamet.com/
rate-a-business.com,other_gambling,Cara Daftar 1xBet 2026: Buka Akun dan Mulai Main Hari Ini,https://rate-a-business.com/
rawstory.com,unrelated,Raw Story - Celebrating 20 Years of Independent Journalism,https://www.rawstory.com/
razlan.net,other_gambling,Andar Bahar IN⚡ Online Real Money,https://razlan.net/
rcht.org,unrelated,Roxbury Crossing Historical Trust – When Does History Begin – When You Start Looking For It,https://rcht.org/
rechtsanwalt-gmbh.ru,unrelated,Rechtsanwalt GmbH — Юридическая защита бизнеса и граждан,https://rechtsanwalt-gmbh.ru/
red-stag-casino-us.com,other_gambling,"Red Stag Casino OFFICIAL SITE 🔥 USA Players Welcome 【Exclusive Bonuses 2026】 RTG Slots, Banking & More",https://red-stag-casino-us.com/
reddit.com,unrelated,Reddit – Iz srca interneta,https://www.reddit.com/
refrihotel.com,unrelated,REFRIHOTEL,https://refrihotel.com/
regol33.net,other_gambling,regol33 - Slot Games Play with Free Spins Today,https://regol33.net/
rehabforcovid19.com,other_gambling,1xbet daftar akun baru 2026 dan klaim bonus deposit,https://rehabforcovid19.com/
reklamowka.net.pl,other_gambling,reklamowka.net.pl,https://reklamowka.net.pl/
relfab.com,unrelated,Reliable Fabricators L.L.C.,https://reliablefabricatorsllc.com
renoserwis.pl,unrelated,Katalog Firm - Reno Serwis,https://renoserwis.pl/
rentacarsierraleone.com,unrelated,Home - Rent a Car Sierra Leone,https://rentacarsierraleone.com/
reorgfelszamolo.hu,other_gambling,Magyar online kaszinó licenc és szabályozottság - top,https://www.reorgfelszamolo.hu/
repsgympreston.com,other_gambling,LUCKYWIN - Nhà Cái Cá Cược Uy Tín Số #1 Việt Nam | Lucky Win +88K,https://docmanager.co.in/
repuestosbechara.com.ar,unrelated,Repuestos Bechara,https://repuestosbechara.com.ar/
resilientdairylandscapes.com,other_gambling,SULTAN88 ✈️ Putaran Keramat Sultan SLOT88 Pembawa Hoki Paling Gampang Maxwin,https://thedroneadventure.com/
restauranteimprovavel.pt,other_gambling,Tower Rush 2026 : jouer au jeu crash Galaxsys démo gratuite,https://restauranteimprovavel.pt/
restolwoodoil.co.uk,other_gambling,Best Betting Sites: Top New Online Bookmakers in the UK,https://restolwoodoil.co.uk/
retrobetcasinor.com,other_gambling,Retro Bet Casinoگیمز-پاکستان میں کریش گیم انسٹنٹ موڈ میں بیٹنگ اور اعلیٰ ریٹرن اوڈز Retro Bet Casino.com,https://retrobetcasinor.com/
retrostyler.com,other_gambling,Best Betting Sites: Top New Online Bookmakers in the UK,https://retrostyler.com/
reuters.com,unrelated,Reuters | Breaking International News & Views,https://www.reuters.com/
revgroup.com,unrelated,Home - REV Group,https://revgroup.com/
revolution-casinoonline.de,other_gambling,"Revolution Casino Bewertung 2026: Bonus, Spiele und Auszahlung",https://revolution-casinoonline.de/
revolutioncasino.de.com,other_gambling,Revolution Casino – Offizielles Online Casino,https://revolutioncasino.de.com/
rh-hostel.pl,other_gambling,Pistolo Casino - Odkryj stoły z prawdziwymi krupierami i ciesz się ogromnymi nagrodami,https://rh-hostel.pl/
rhinobetv.com,other_gambling,Rhino bet - 💰 پاکستان میں ہائی رولر کرکٹ بیٹنگ اور پریمیم سلاٹ سروس,https://rhinobetv.com/
ridetheborder.com,other_gambling,SINAR128 | Cahaya Kecil Buat Hari Tidak Redup,https://ridetheborder.com/
ridingbitchblog.com,other_gambling,"House of Lifestyle, women and Relationship",https://ridingbitchblog.com/
ringgitbet.net,unrelated,RINGGITBET - Taklukkan Musuh Lewat Strategi Formasi Adaptif Terbaru,https://ringgitbet.net/
ritzo-casino-bonus-ceska.com,other_gambling,Ritzo Bonus 2026 | 20 Free Spinů Bez Vkladu + €200,https://ritzo-casino-bonus-ceska.com/
ritzo-casino-bonus-cz.com,other_gambling,Ritzo Casino bonus až 75 000 CZK a free spiny,https://ritzo-casino-bonus-cz.com/
riversedgepc.com,unrelated,Rivers Edge Psychological Services – Rivers Edge Psychology,https://riversedgepc.com/
rockbeaupre.com,other_gambling,FUN88 ⭐ Link Vào FUN88 Mới Nhất 2026 | Trang Chủ Chính Thức,https://www.rockbeaupre.com/
rocketplay-casin0-au.com,other_gambling,RocketPlay Casino AUSTRALIA 🔥 Leading Online Casino Platform 【$2500 WELCOME BONUS + 200FS】 2026 Gaming Experience,https://rocketplay-casin0-au.com/
roger.com,other_gambling,"Roger.com: Licensed UK Casinos, Slots & Bingo Sites Reviewed",https://www.roger.com/
rojabetcasino.cl,other_gambling,Rojabet Chile | Apuestas Deportivas y Casino Online Seguro 2025,https://rojabetcasino.cl/
romatti.uz,unrelated,Attention Required! | Cloudflare,https://romatti.uz/
roomraidersescapegames.com,unrelated,Escape Rooms Near Me | Room Raiders Escape Games,https://roomraidersescapegames.com/
ross-juniors-football-club.co.uk,other_gambling,Best Betting Sites: Top New Online Bookmakers in the UK,https://ross-juniors-football-club.co.uk/
rossiprofumi.it,unrelated,Profumeria Online e Cosmetici per la bellezza | Rossi Profumi,https://www.rossiprofumi.it/
rotoballer.com,other_gambling,"RotoBaller - Fantasy Football News, Rankings, Waiver Wire",https://www.rotoballer.com/
rotowire.com,other_gambling,"RotoWire Fantasy Football, Baseball, Basketball and More",https://www.rotowire.com/
rownezresort.com,other_gambling,Home - Luxury Hotel In Festac - Rownez Resort,https://www.rownezresort.com/
royal-ace-casino-us.com,other_gambling,Royal Ace Casino OFFICIAL SITE 🔥 Real Money Online Casino USA 【Welcome Bonus】 Play RTG Slots & Table Games in 2026,https://royal-ace-casino-us.com/
royal-reels-casino1-au.com,other_gambling,Royal Reels Casino 🔥 AUSTRALIA'S PREMIER Online Casino 【REAL MONEY GAMBLING】 Top Aussie Gaming Destination 2026,https://royal-reels-casino1-au.com/
royal88.vu,other_gambling,royal88 - Official MY Live Casino with Hot Bonus Rewards,https://royal88.vu/
royalbet.vu,other_gambling,royalbet - Fast Live Casino Login with Welcome Bonus Deals,https://royalbet.vu/
rozetka.com.ua,other_gambling,Інтернет-магазин ROZETKA™: офіційний сайт онлайн-гіпермаркету Розетка в Україні,https://rozetka.com.ua/
rq789.net,other_gambling,rq789 - Claim New Player Bonus on Verified Hot Slots,https://rq789.net/
rs-resource.fr,other_gambling,Casino en ligne payant - top 5 des sites fiables,https://rs-resource.fr/
rs7868.net,other_gambling,rs7868 - Enjoy Leading Online Slots with Daily Promo Rewards,https://rs7868.net/
rss999.net,other_gambling,rss999 - Fast Casino Slots Deals with Fast Deposit Rewards,https://rss999.net/
rtp-hoki.asia,other_gambling,BLOG RTP,https://rtp-hoki.asia/
rtp1-hoki.asia,other_gambling,BLOG RTP,https://rtp1-hoki.asia/
rtpwg4d.live,other_gambling,WG4D | Info Bocoran RTP Live Slot Pragmatic Play Peluang Kemenangan Tertinggi,https://rtpwg4d.online/
rts.ch,unrelated,Radio Télévision Suisse | RTS,https://www.rts.ch/
rueducommerce.fr,unrelated,"Rue du Commerce - High-tech, jeux, électroménager et jardin",https://www.rueducommerce.fr/
rumahkayukso.com,other_gambling,Home - Jual Rumah Kayu Berkualitas dan Ramah Lingkungan dengan Harga Terjangkau | Rumah Kayu Unik dan Menarik untuk Kebutuhan Hunian atau Investasi | WA 081322783378,https://rumahkayukso.com/
ruten.com.tw,unrelated,露天市集 | 全台最大的網路購物市集,https://www.ruten.com.tw
rvrentalconnection.com,unrelated,RV Rentals | Private Motorhome Rentals | Camper Rentals | Travel Trailer Rentals,https://rvrentalconnection.com/
sabah.com.tr,unrelated,"Sabah - Haberler, Son Dakika Haber, Güncel ve Gazete Haberleri",https://www.sabah.com.tr/
safetydetectives.com,other_gambling,"10 Best Antivirus Software in 2026: Windows, Android, iOS, Mac",https://www.safetydetectives.com/
saksfifthavenue.com,unrelated,"Saks Fifth Avenue | Designer Clothing, Shoes, Handbags & More",https://www.saksfifthavenue.com/
salfleaders.com,other_gambling,Melbet India Official Online Casino and Betting Website in 2026,https://melbet.int.in/
salonsweet.ru,other_gambling,Salonsweet.ru,https://salonsweet.ru/
sam-sebe-psycholog.ru,unrelated,Sam Sebe Psycholog,https://sam-sebe-psycholog.ru/
sanitytradechallenge.org,unrelated,The Sanity Trade Challenge | Win $1M+ in the World's Most Grueling Endurance Event,https://sanitytradechallenge.org/
sanotopleniemsk.ru,other_gambling,Срок регистрации sanotopleniemsk.ru истек,https://sanotopleniemsk.ru/
santatil.com.br,other_gambling,Santátil Tratamento de Feridas e Fisioterapia Vascular – Passo Fundo – RS – Santátil Tratamento de Feridas e Fisioterapia Vascular – Passo Fundo – RS,https://www.santatil.com.br/
sarahmarieliddle.com,other_gambling,"1win Brasil | Site Oficial de Apostas, Cassino e eSports 2026",https://www.sarahmarieliddle.com/
sarangsbobet.io,unrelated,"SARANGSBOBET : Situs Game Online Resmi Paling Hits Terlengkap, Aman & Fairplay",https://sarangsbobet.io/
satu.kz,unrelated,Satu.kz — маркетплейс Казахстана,https://satu.kz/
saude.gov.br,other_gambling,Ministério da Saúde,https://www.gov.br/saude/pt-br
scalesmoundfire.org,other_gambling,DBbet Registration: Sign Up & Claim 200% Welcome Bonus,https://scalesmoundfire.org/
scamadviser.com,unrelated,ScamAdviser | Check Any Website for Scams & Fraud | Free,https://www.scamadviser.com
scarletiosapp.com,other_gambling,Play Dragon Tiger Online India 🐉🐅 Live Dealers & UPI Payments,https://scarletiosapp.com/
school1tim.ru,unrelated,Attention Required! | Cloudflare,https://school1tim.ru/
scribblesnj.com,unrelated,Scribbles Home - Scribbles Preschool,https://scribblesnj.com/
scsbacau.ro,other_gambling,Home - SCS,https://scsbacau.ro/
sdb-przemysl.pl,other_gambling,"Gambloria Casino 2026 – Gry na Żywo, Mobilne Kasyno i Bonusy",https://sdb-przemysl.pl/
sdmuhammadiyahboja.sch.id,other_gambling,SD Muhammadiyah Boja — Website Resmi SD Muhammadiyah Boja,https://sdmuhammadiyahboja.sch.id/
sdwindshieldrepair.com,unrelated,Sultan Games — игровая платформа,https://sdwindshieldrepair.com/
sea2it4you.com,other_gambling,"Victoria Munt Rogers GRI Realtor – Beach. Bay. Canal. Real Estate Corpus Christi, TX 78418",https://sea2it4you.com/
sears.com,unrelated,"Shop: Appliances, Tools, Clothing, Mattresses & More",https://www.sears.com/
seebet.co,other_gambling,seebet - Fast MY Official Casino with Free Spin Offers,https://seebet.co/
seekingalpha.com,unrelated,Seeking Alpha | Stock Market Analysis & Tools for Investors,https://seekingalpha.com/
semar188.net,other_gambling,Semar188™ Platform Hiburan Digital Modern dan Interaktif,https://semar188.net/
semrush.com,unrelated,Semrush: Your Unfair Advantage for Growing Brand Visibility,https://www.semrush.com/
sensationprofumerie.it,unrelated,"Profumeria online: Profumi, cosmetici e fragranze - Sensation Profumerie",https://www.sensationprofumerie.it:443/
sentosa-villa.com,other_gambling,"Chicken Road Italia Guida al Gioco, Demo Gratis, RTP 98% e Strategie 2026",https://sentosa-villa.com/
seo-optimieren.ch,unrelated,SEO Agentur & Google Ads Schweiz | seo-optimieren.ch,https://seo-optimieren.ch/
seoseed.ru,unrelated,Seoseed.ru | Отзывы и обзор,https://seoseed.ru/
sephora.com,other_gambling,"Makeup, Skincare, Fragrance, Hair & Beauty Products | Sephora",https://www.sephora.com/
sephora.in,other_gambling,Sephora India,https://sephora.in/
sereniteinteriors.com,other_gambling,Home Page | Serenité Interiors,https://sereniteinteriors.com/
sewtechkenya.com,other_gambling,Meilleurs Casinos en Ligne France 2026 🇫🇷 | Top Casinos Fiables & Légaux,https://sewtechkenya.com/
sexybaccarat-casino.com,other_gambling,sexybaccarat-casino.com - Đẹp – Táo Bạo – Sang Trọng,https://sexybaccarat-casino.com/
sh-crocus.ru,other_gambling,Джойказино зеркало рабочее - Joycasino вход на официальный сайт,https://sh-crocus.ru/
shahzadikone.com,other_gambling,789BET ⭐ Link Vào 789BET Mới Nhất 2026 | Trang Chủ Chính Thức,https://www.shahzadikone.com/
shaktisportspune.com,other_gambling,Shakti Sports & Fitness Pune,https://shaktisportspune.com/
sharpfootballanalysis.com,other_gambling,Sharp Football: Analysis & NFL Betting Tips from Warren Sharp,https://www.sharpfootballanalysis.com/
shauryahealthcare.com,unrelated,Buy Ayurvedic & Healthcare Products Online | Shaurya Healthcare,https://shauryahealthcare.com/
shbkat.org,unrelated,شبكات,https://articles.shbkat.org/
shel99.net,other_gambling,shel99 - Safe Official Casino Login with Fresh Casino Promos,https://shel99.net/
shinebeautysa.com,other_gambling,أفضل مواقع مراهنات في مصر 2026 | دليل مواقع الرهان والعروض,https://tacteec.com/
shoaa1.com,other_gambling,أفضل مواقع مراهنات في مصر 2026 | دليل مواقع الرهان والعروض,https://madeinbrazilexpo.com/
shockcasino.net,other_gambling,Shock Casino — Crypto Casino with Instant Rakeback,https://shockcasino.net/
shopmollysonmain.com,other_gambling,Play Dragon Tiger Online India 🐉🐅 Live Dealers & UPI Payments,https://shopmollysonmain.com/
shoptheramu.com,other_gambling,"Royal Reels 24 Australia 🎰 Login, Sign Up & Casino Bonus Chips",https://shoptheramu.com/
shriyamhospital.in,other_gambling,"Melbet India Sports Betting and Online Casino - Bonuses, Apps & Payments 2026",https://shriyamhospital.in/
si.com,other_gambling,Sports Illustrated,https://www.si.com/
si6s.net,other_gambling,si6s - Popular Mobile Casino Deals with Quick Bonus Picks,https://si6s.net/
siberiacatcher.com,other_gambling,"888Starz O'zbekiston: ilovani yuklab oling, bonusga ega bo'ling",https://888-starz-uz.com/
sidelineswap.com,unrelated,"SidelineSwap: Shop Used & Clearance Hockey, Baseball, Golf & More",https://sidelineswap.com/
signalzonebot.com,other_gambling,Signal Zone AI - Sports Betting Predictions with Artificial Intelligence | SignalZone,https://signalzonebot.com/
sikayetvar.com,unrelated,CAPTCHA Check,https://www.sikayetvar.com/
silahlioyun.net,other_gambling,Alev Giriş | Güncel Giriş Adresi ve Casino,https://silahlioyun.net/
simalyemek.com.tr,other_gambling,Simal Yemek – Hizmet çağının yıldızı…,https://simalyemek.com.tr/
similarweb.com,unrelated,Similarweb: AI-Powered Digital Data Intelligence Solutions,https://www.similarweb.com:443/
simivalleydaysfoundation.org,other_gambling,SLOT95 : Link Alternatif Login Resmi Terpercaya Se-Indonesia,https://edufulus.com/
sitejabber.com,other_gambling,Find Real Business Reviews & Ratings | SmartCustomer,https://www.smartcustomer.com/
skelnik.pl,other_gambling,skelnik.pl,https://www.skelnik.pl/
skladmonet.ru,other_gambling,888starz Ro'yxatdan O'tish - Tezlik va Soddalik — Reviews,https://skladmonet.ru/
sky-cr0wn-casino-au.com,other_gambling,SkyCrown Casino OFFICIAL SITE 🔥 Australia's Premier Online Casino 【TOP GAMES & BONUSES】 Play Pokies Live Casino 2026,https://sky-cr0wn-casino-au.com/
slate.com,other_gambling,"Slate Magazine - Politics, Business, Technology, and the Arts",https://slate.com/
slc-automation.pl,other_gambling,Kasyno Online 2026 ᐈ Najlepsze kasyno internetowe w Polsce,https://cecylaki.pl/
slot-starlight-princess.ru,other_gambling,Игровой автомат Starlight Princess от Pragmatic Play — играть бесплатно,https://slot-starlight-princess.ru/
slot-sweet-bonanza-1000.ru,other_gambling,"Игровой автомат Sweet Bonanza 1000 🍭 – демо игра, бонусы, фриспины",https://slot-sweet-bonanza-1000.ru/
slot-sweet-bonanza.ru,other_gambling,Sweet Bonanza игровой автомат с бонусами от Pragmatic Play,https://slot-sweet-bonanza.ru/
slot124.com,other_gambling,SLOT124 % Kejutan Seru Dari Update Terbaru Bikin Kepala Geleng Saking Mantap,https://slot124.com/
slotsanimalcasinob.com,other_gambling,Slots Animal Casino - 🧧 محفوظ آفیشل اسپورٹس بک اور جدید ریئل ٹائم گیمنگ انٹرٹینمنٹ نیٹ ورک سسٹم پاکستان,https://slotsanimalcasinob.com/
slupeckagramiejska.pl,unrelated,II Słupecka Gra Miejska 2010,https://www.slupeckagramiejska.pl/
smartbettingguide.com,other_gambling,SmartBettingGuide - Your Guide to Online Sports Betting,https://smartbettingguide.com/
smartbuses.mx,unrelated,Smart Buses,https://smartbuses.mx/
smeunso.ru,other_gambling,888starz Pul Chiqarish - Eng Tez Usullar 2026 — Reviews,https://smeunso.ru/
smithcairnsmazda.com,unrelated,"Mazda Dealership in Yonkers, New York | Smith-Cairns Mazda",https://smithcairnsmazda.com/
smoszewo.pl,other_gambling,"CrazyTower Casino (2026) – Recenzja, Bonusy 500% i Blik",https://smoszewo.pl/
smots.ru,other_gambling,Monro Casino — лучшее онлайн казино с бонусными слотами | Монро Казино,https://smots.ru/
smseximenterprises.com,other_gambling,SMS Exim – Enterprises,https://smseximenterprises.com/
smu4ufa.ru,other_gambling,Срок регистрации smu4ufa.ru истек,https://smu4ufa.ru/
sn777.top,unrelated,Sn777.site - Premium Gaming Portal,https://sn777.site/
snapdeal.com,unrelated,"Online shopping for Men, Women & Kids Fashion, Home Decor, lifestyle & More",https://www.snapdeal.com/
snowverb.com,unrelated,Freestyle Ski & Snowboard Clothing | Streetwear Snow Gear | Snowverb,https://www.snowverb.com/
sobollubov.ru,unrelated,Главная - Блог юриста Соболюбова — жильё и долги,https://sobollubov.ru/
sobreargentina.com,other_gambling,"BC.GAME Argentina 2026 — Casino, Login y Bonos",https://sobreargentina.com/
socialautomaticity.net,other_gambling,Mega Cricket World - Top Cricket Betting Site in Bangladesh,https://www.socialautomaticity.net/
socialmediaclub.la,unrelated,Home - Social Media Club LA,https://www.socialmediaclub.la/
sofialounge.com,unrelated,Ecpt_Home - Home,https://sofialounge.com/
softonic.com,unrelated,"App news and reviews, best software downloads and discovery - Softonic",https://en.softonic.com
soi55.my,unrelated,Modern Thai Food Across Malaysia | SOI55 Thai Kitchen,https://www.soi55.my/
solisnet.pl,other_gambling,NV Casino | Kompleksowa oferta gier hazardowych w Polsce | Bonus powitalny 2 000 zł,https://solisnet.pl/
songhaidesign.com,other_gambling,Songhai Design – Online store of unique and antique products,https://songhaidesign.com/
sortal.io,unrelated,Sortal,https://sortal.io/
sosnutrition.fr,other_gambling,🔬 Retrait instantané casino : étude technique 2026,https://sosnutrition.fr/
sp-nowogrod.pl,other_gambling,National Casino 2026 – Zagraj w Oficjalnym Kasynie Online PLN,https://sp-nowogrod.pl/
spacebodyballet.com,unrelated,NIKE SB ダンク LOW プロ【公式オンラインショップ】,https://spacebodyballet.com/
spas-extreme.ru,unrelated,Спас-Экстрим — портал детской безопасности МЧС России,https://www.spas-extreme.ru/
spbrooftop.ru,other_gambling,"Мартин Казино | Martin Casino — официальный сайт, промокоды и акции",https://spbrooftop.ru/
spbtourkit.ru,other_gambling,"Порно каталог 2026 — трансы, оргазм, бабушки",https://spbtourkit.ru/
special99.org,unrelated,SPECIAL99 # Ternyata Akun Baru Lebih Gampang Dapat Maxwin,https://special99.org/
spectrumfutures.org,other_gambling,Togel Hongkong - Togel Singapore - Toto Togel Online Hari Ini - Data Keluaran SGP HK Prize,https://togelsgphkhariini.com
speedasia.tech,unrelated,Speed Asia - Blockchain Smart Contract Staking Platform,https://speedasia.tech/
speedaucasino.co,other_gambling,SpeedAU Casino | 50% Bonus in 2026 | Official Website,https://speedaucasino.co/
speedtwitch.com,unrelated,乐鱼（中国）体育官方网站,http://speedtwitch.com/
spin-bet.cc,other_gambling,SpinBet Site Seguro? 2026 | Avaliação & Portal Oficial SpinBet,https://spin-bet.cc/
spinbettercasinoa.com,other_gambling,SpinBetter Casinoایپس-آن لائن کھیل میں کم سرمایہ بیٹنگ اور مضبوط اوڈز سسٹم SpinBetter Casino.com,https://spinbettercasinoa.com/
sport-aliance.com.ua,other_gambling,Allwin UA (Олвін ЮА) - Ставки на спорт та казино на одній платформі,https://dkz.ck.ua/
sport-news.uz,unrelated,sport-news.uz - Redemption period,https://sport-news.uz/
sportincard.com,unrelated,RATU123 : SportIN Card Menggabungkan Permainan Kartu dan Latihan Kebugaran Secara Menyenangkan Interaktif,https://sportincard.com/
sportinglife.com,other_gambling,Horse Racing Tips & Results | Football Scores & News - Sporting Life,https://www.sportinglife.com/
sportingnews.com,other_gambling,Sporting News - NFL | NBA | MLB | NCAA | Boxing | Soccer | NASCAR,https://www.sportingnews.com/us
sportmario.com.ua,unrelated,Attention Required! | Cloudflare,https://sportmario.com.ua/
sportnadomy.ru,other_gambling,"Рейтинг букмекеров России 2026 — обзоры БК, бонусы, отзывы",https://topbukmeker.ru/
sports-king.com,other_gambling,"Sports King - Betting, Matchups, Free Picks, News and Odds",https://sports-king.com/
sports.ru,other_gambling,"Спорт: футбол, хоккей, баскетбол, теннис, бокс, биатлон, Формула-1 — все новости спорта на Sports.ru",https://www.sports.ru/
sportsbetapp458.com,other_gambling,Hướng Dẫn Đăng Ký 188BET Nhận 100K Miễn Phí Chỉ Trong 1 Phút|188BET Đăng Ký Nhanh,https://www.sportsbetapp458.com/
sportsbetstories.com,other_gambling,Sports Bet Stories - Most exciting betting stories & tips,https://sportsbetstories.com/
sportsbettingdime.com,other_gambling,"Sports Betting Dime: Expert Betting Analysis, Odds & News | SBD",https://www.sportsbettingdime.com/
sportsbookreview.com,other_gambling,Sportsbook Review | SBR - Sports Betting Experts since 1999,https://www.sportsbookreview.com/
sportsboom.com,other_gambling,"Sports News, Interviews and Analysis",https://www.sportsboom.com/
sportsgrid.com,other_gambling,Live Sports Betting Coverage | Props Odds & Picks | SportsGrid,https://www.sportsgrid.com/
sportshandle.com,other_gambling,Legal U.S. Sports Betting Reporting And Information,https://sportshandle.com/
sportshistorynetwork.com,unrelated,Sports History Network - Headquarters for Sport's Yesteryear,https://sportshistorynetwork.com/
sportsline.com,other_gambling,"Sports Picks, Vegas Odds, Betting Lines, and Expert Analysis - SportsLine.com",https://www.sportsline.com
sportsplays.com,other_gambling,Sports Betting & Handicapping Contests + Streak Contests | SportsPlays,https://www.sportsplays.com/
sportspyder.com,unrelated,"Sports News, Podcasts, Rumors and Articles | SportSpyder",https://sportspyder.com/
sportstiger.com,unrelated,"Sports Tiger - Fastest and Unique Sports News, Predictions, and Updates",https://www.sportstiger.com/
sportytrader.com,other_gambling,"Paris Sportifs : Conseils Pronostics Expert, Bookmakers & Bonus - SportyTrader",https://www.sportytrader.com/
spotlightscene.com.au,other_gambling,"Spotlight Scene | Spotlight Scene Australia delivers your daily fix of news, insightful articles, and engaging blog post",https://spotlightscene.com.au/
sppbharatnews.com,unrelated,SPP Bharat News – Latest News | Breaking News | Top News | Live News,https://sppbharatnews.com/
springmarketing.com.br,other_gambling,Spring MKT DIGITAL – É tempo de Florescer,https://springmarketing.com.br/
squeen88.co,other_gambling,squeen88 - Spin Live Casino with Fresh Daily Promos,https://squeen88.co/
srimanta.net,other_gambling,Luckmore Casino official website: registration and login 2025,https://luckmoreprophecy.xyz/affiliate/l_3b0cwfgx?site=srimanta.net
stacker.com,other_gambling,Stacker | The First Distribution Platform Built for Earned Reach,https://stacker.com/
stackexchange.com,unrelated,Hot Questions - Stack Exchange,https://stackexchange.com/
stadiumrant.com,unrelated,Stadium Rant,https://www.stadiumrant.com/
stake.com,other_gambling,Stake: Online Casino & Sports Betting - Play & Bet Online,https://stake.com/
stakee-casino-au.com,other_gambling,Stake Casino Australia 🔥 【OFFICIAL CRYPTO CASINO】 Legal Online Gambling with Bitcoin & Live Sports Betting,https://stakee-casino-au.com/
stangaroneandassociates.com,other_gambling,1xbet Sri Lanka 2026: වේගවත් ලියාපදිංචියෙන් ආරම්භ කරන්න,https://stangaroneandassociates.com/
starauto.ae,unrelated,Crescent Bay Advisory | Abu Dhabi Property for Sale,https://starauto.ae/
starbailbonds.com,unrelated,Star Bail Bonds — California Bail Bond Services | 24/7 Fast Release,https://starbailbonds.com/
starlight-princess-1000.ru,other_gambling,Starlight Princess 1000 — видео слот от Pragmatic Play 🎰 играть онлайн,https://starlight-princess-1000.ru/
starsignaturecity.in,other_gambling,Melbet India Site 2026: Bonus & Payouts,https://starsignaturecity.in/
startebiznes.pl,other_gambling,Vulkan Vegas Oficjalna Strona ᐉ Logowanie,https://startebiznes.pl/
startupbet.co,other_gambling,StartupBet — I bet you can't generate $1K MRR in 8 weeks.,https://startupbet.co/
statewiderivers.com,unrelated,Home - Statewide Rivers,https://statewiderivers.com/
statista.com,unrelated,"Statista - The Statistics Portal for Market Data, Market Research and Market Studies",https://www.statista.com/
stavkinasport.com,other_gambling,Ставки на спорт онлайн: букмекерские конторы и ставки на все виды спорта,https://stavkinasport.com/
stay-casino1-au.com,other_gambling,Stay Casino Australia Official Website 🔥 Welcome Bonus Package 【$2000 + 200 Free Spins】 Best Online Casino Games,https://stay-casino1-au.com/
stemguy.co.za,unrelated,"STEM GUY — Master Cambridge Mathematics, Physics & Chemistry",https://stemguy.co.za/
stephenkingrevisited.com,unrelated,Cemetery Dance Publications,https://www.cemeterydance.com/
stockswithgeeks.com,other_gambling,"StockswithGeeks – Get Latest Information of GMP of IPO, Stocks Forecast",https://stockswithgeeks.com/
stopnshop.co.nz,other_gambling,Homepage - Stop n Shop,https://stopnshop.co.nz/
storenvy.com,other_gambling,Buy and sell on the world's most socially driven marketplace | Storenvy,https://www.storenvy.com/
strafe.com,other_gambling,Strafe Esports | Watch Esports Games Online | Esports Schedules,https://www.strafe.com/
strefamlodych.pl,unrelated,STREFA MŁODYCH - Portal Rzecznika Praw Dziecka        STREFA MŁODYCH         - Portal Rzecznika Praw Dziecka,https://strefamlodych.pl/
stsaves.pl,other_gambling,Heats Casino Polska (2026) | Oficjalny Portal &amp;amp; Gorące Gier Hazardowe,https://stsaves.pl/
studombudsman.ru,unrelated,"Википедия Спорта и результаты матчей онлайн. Турнирные таблицы, игроки, расписание и прогнозы — СпортсВики",https://sportswiki.ru/
suachuamaythammy.com,other_gambling,SuaChuaMayThamMy.com - Dịch vụ tiên phong,https://suachuamaythammy.com/
suebadeau.com,other_gambling,1xSlots официальный | Рабочее 1хСлот зеркало 2026,https://www.suebadeau.com/
sugarrush1000.ru,other_gambling,Игровой автомат Sugar Rush 1000 🎰 – играть бесплатно,https://sugarrush1000.ru/
suluj.org,unrelated,SULUJ – Savez udruženja likovnih umetnika Jugoslavije,https://suluj.org/
sunglass.com.pl,other_gambling,"Regalia Casino — Premium Online Casino with a 2,000 CAD Welcome Bonus",https://sunglass.com.pl/
suning.com,unrelated,苏宁易购(Suning.com)-换新到苏宁 省钱更省心！,https://www.suning.com/
supermatryoshkas.com,other_gambling,888starz Uchun Muhtarij Strategiyalari va Maslahatlar,https://supermatryoshkas.com/
superpredictorbot.com,other_gambling,Super Predictor AI - Sports Betting Predictions with Artificial Intelligence | HackingWin,https://superpredictorbot.com/
superstar88slot.com,other_gambling,"SUPERSTAR88 > Puncak Promo Fantastis, Kejutan Hadir Berkala",https://superstar88slot.com/
svgair.com,other_gambling,"Melbet Pakistan Official Site – Sports Betting & Casino | Get 30,000 PKR Bonus",https://www.svgair.com/
svipcasinob.com,other_gambling,Svip Casino – Most Downloaded Earning Games App Pakistan 2026,https://svipcasinob.com/
swamiji99.org,other_gambling,Swamiji99 - Official Cricket ID | Bet on IPL 2026 | 1 Min Withdrawal | 50% Bonus,https://swamiji99.org/
sweetbonanzakazan1.com,other_gambling,Sweet Bonanza Demo Oyna ⚡️ Sweet Bonanza Giriş,https://www.sweetbonanzakazan1.com/
swiatpralek.pl,unrelated,Attention Required! | Cloudflare,https://swiatpralek.pl/
sx7777.net,other_gambling,sx7777 - Open Popular Casino Games Bonus Offers,https://sx7777.net/
synergymoney.com.au,other_gambling,Home - Synergy Money Pty Ltd,https://synergymoney.com.au/
syntaxxcomm.com,unrelated,Home - Syntaxx Communications,https://syntaxxcomm.com/
syracuse.com,unrelated,"Syracuse NY Local News, Breaking News, Sports & Weather",https://www.syracuse.com:443/
systemhaus-boeblingen.de,unrelated,Systemhaus Böblingen - Systemhaus Böblingen,https://www.systemhaus-boeblingen.de/
sz.kz,unrelated,Attention Required! | Cloudflare,https://sz.kz/
sz999.co,other_gambling,sz999 - Unlock New Player Bonus in Mobile Slot Games,https://sz999.co/
taj-mst-play.com,other_gambling,MostApp - Your Ultimate Home Service Solution,https://taj-mst-play.com/
takabet-bd.net,other_gambling,"TakaBet Company Bangladesh: Safety, Login, App, Bonuses",https://takabet-bd.net/
talksport.com,other_gambling,"Live Radio, Breaking Sports News, Opinion - talkSPORT",https://talksport.com/
tamsac.pe,unrelated,Constructora TAMSAC - Especialista en Mercados y Galerías - Perú,https://www.tamsac.pe/
taniareklamawinternecie.pl,unrelated,"Tania reklama w internecie – Praktyczne poradniki o reklamie online, SEO lokalnym, Google Ads i budżetach dla małych firm.",https://taniareklamawinternecie.pl/
taniesianie.net.pl,unrelated,Aftermarket.eu :: domain taniesianie.net.pl,https://taniesianie.net.pl/
tapadinha.pt,other_gambling,Spinboss Casino | Top Rated & Trusted Platforms 2026,https://tapadinha.pt/
tappy-bird-jogo.com,other_gambling,Tappy Bird - Jogue Agora e Receba Bónus Exclusivo,https://tappy-bird-jogo.com/
tappy-bird-officiel.com,other_gambling,Tappy Bird - Casino en ligne officiel et gains rapides,https://tappy-bird-officiel.com/
tappybird-cassino.com,other_gambling,Tappy Bird - registo rápido e acesso imediato 2026,https://tappybird-cassino.com/
tappybird-enligne.com,other_gambling,Tappy Bird - Jouez maintenant et profitez de bonus exclusifs,https://tappybird-enligne.com/
tappybird-jogo.com,other_gambling,Tappy Bird - Plataforma Oficial para Jogar Online,https://tappybird-jogo.com/
tappybird-juego.com,other_gambling,Tappy Bird - tragamonedas popular con premios reales,https://tappybird-juego.com/
target.com,unrelated,Target : Expect More. Pay Less.,https://www.target.com/
tarsolyosok.hu,other_gambling,NV Casino | Hivatalos Oldal Magyarországon | Bónusz 100 000 HUF,https://www.tarsolyosok.hu/
tasteofhome.com,unrelated,"Taste of Home: Find Recipes, Appetizers, Desserts, Holiday Recipes & Healthy Cooking Tips",https://www.tasteofhome.com/
tatvikahospital.in,other_gambling,Home - Tatvika Hospital Karimnagar,https://tatvikahospital.in/
taxfree-heinemann.dk,unrelated,Tax free online shop for passengers at Copenhagen airport | TAX FREE Shop,https://www.taxfree-heinemann.dk/en/cph/
td7771.net,other_gambling,td7771 - Spin Official Casino Games with Daily Bonuses,https://td7771.net/
td7775.net,other_gambling,td7775 - Top Jackpot Slots with Fresh Bonus Offers,https://td7775.net/
te777.co,other_gambling,te777 - Join Top Online Casino for Welcome Bonus,https://te777.co/
teamesteemmethod.com,unrelated,"Home - Team Esteem, LLC",https://teamesteemmethod.com/
techcrunch.com,other_gambling,TechCrunch | Startup and Technology News,https://techcrunch.com/
techgaming.pl,other_gambling,"Energy Casino i Casino Energy – bonusy FS, szybka wypłata i aktualne linki",https://techgaming.pl/
technicpack.net,unrelated,Technic Platform,https://www.technicpack.net/
techobserver.in,unrelated,"Tech Observer Magazine – Tech News, AI, GovTech, Enterprise IT, Videos and Podcasts",https://techobserver.in/
techyeco.com,unrelated,TechyEco - Your Trusted Source for Tech Solutions,https://techyeco.com/
tecnobi.it,other_gambling,"TECNOBI, TECNO BI, tecnobi srl, TECNOBI Srl, TECNOBI modena, tecnobi emilia, tecnobi emilia romagna, TECNOBI TOSHIBA, TECNO BI TOSHIBA, inverter, Soft Starters, TOSHIBA, TOSHIBA partner, collaboratori",https://www.tecnobi.it/
tedlassopod.com,unrelated,Attention Required! | Cloudflare,https://tedlassopod.com/
tedslotc.com,other_gambling,TED Slot – Best JazzCash Supported Earning Games Site Pakistan 2026,https://tedslotc.com/
teenspot58.com,other_gambling,What Is Poker Online Cash Game 2026 | भारत गाइड,https://teenspot58.com/
tegco.vn,unrelated,"Công Ty TNHH Dịch Vụ Thiết Bị Công Nghệ Nguyễn Gia TEG Co.,ltd",https://tegco.vn/
telecomasia.net,other_gambling,"Sports News: Latest News & Updates, Free Predictions and Analysis",https://telecomasia.net/
telg78.de,unrelated,メンズ 正規品　LUSSO SURF マルチポケットトートバッグ　　ブラックロンハーマン,https://telg78.de/
temperleygarage.com,other_gambling,All Yono Games Official APK Download (2026) | Real Cash Rummy & Slots,https://alightmotion-pc.com/
temps-orages.pro,other_gambling,"Temps d'Orage Pro | Traquer l'orage, c'est un métier",https://www.temps-orages.pro/
temu.com,unrelated,"Temu Serbia | Explore the Latest Clothing, Beauty, Home, Jewelry & More",https://www.temu.com/
tenereteam.com,unrelated,"TenereTeam - The Best Deals, Coupons, Promo Codes & Discounts",https://www.tenereteam.com/
terresensorielle-institut.com,other_gambling,Jeetwin Bangladesh – Premium Online Destination for Betting and Casino Games,https://www.terresensorielle-institut.com/
teslatogel.com,other_gambling,TESLATOTO: Forum Tesla Rekomendasi Situs Toto Slot Gacor dan Toto Macau 4d Online,https://teslatoto77.com/
texasangelsofhope.com,unrelated,,https://texasangelsofhope.com/
thaity.bet,other_gambling,"ThaityBet | Live Sportsbook, Online Casino & Betting Games",https://thaity.bet/
the-best-betting-sites.uk.com,other_gambling,Best Betting Sites: Top New Online Bookmakers in the UK,https://the-best-betting-sites.uk.com/
the-madmen.ru,other_gambling,Срок регистрации the-madmen.ru истек,https://the-madmen.ru/
theamazingbees.com,unrelated,The Amazing Bees - From Bees To Better Buys,https://theamazingbees.com/
thearrangementcompany.com,other_gambling,Türkiye Bahisçiler 2025: Bahis siteleri en iyi 10 site | Rehber,https://www.thearrangementcompany.com/
theatergruppebetzigau.de,unrelated,Theatergruppe Betzigau · Vorhang auf,https://theatergruppebetzigau.de/
thebigdoghouseslot.com,other_gambling,The Big Dog House Game Review RTP Free Spins and Features,https://thebigdoghouseslot.com/
thebigdoghouseslot.net,other_gambling,The Big Dog House Game Review Features Bonuses and Gameplay,https://thebigdoghouseslot.net/
thebiglead.com,unrelated,"The Big Lead - Sports, Media, News Coverage & More",https://www.thebiglead.com/
thecalculatorsite.com,unrelated,The Calculator Site - Free Online Calculators,https://www.thecalculatorsite.com/
thechiquitachannel.com,unrelated,CC Paschal,https://thechiquitachannel.com/
thecourtyardrotherfield.co.uk,other_gambling,Best Betting Sites: Top New Online Bookmakers in the UK,https://thecourtyardrotherfield.co.uk/
thedentalroom.com.au,unrelated,Cosmetic & Family Dentist Balwyn North | The Dental Room,https://www.thedentalroom.com.au/
thefragranceshop.co.uk,unrelated,Shop Fragrances | 20% OFF with MyTFS,https://thefragranceshop.co.uk/
thefreedictionary.com,unrelated,"Dictionary, Encyclopedia and Thesaurus - The Free Dictionary",https://thefreedictionary.com/
thegreencafe.ie,unrelated,The Green Cafe – in the rhythm of nature,https://thegreencafe.ie/
thegrilleatblackhawk.com,other_gambling,Home | The Grille at Blackhawk,https://thegrilleatblackhawk.com/
theguardian.com,other_gambling,"Latest news, sport and opinion from the Guardian",https://www.theguardian.com/europe
thelitenews.uk,other_gambling,The Lite News -,https://thelitenews.uk/
theoriginof.com,unrelated,The Origin of | Story Of Origin,https://theoriginof.com/
thepatiotaphouse.com,other_gambling,HOME | The Patio Taphouse,https://thepatiotaphouse.com/
thepioneerwoman.com,unrelated,"The Pioneer Woman – Recipes, Country Life and Style, Entertainment",https://www.thepioneerwoman.com/
theplayoffs.news,other_gambling,Compartilhe a paixão por esportes e apostas 2026,https://theplayoffs.news/
thepoolinator.com,other_gambling,Poolinator – Pool Cleaning and Maintenance,https://thepoolinator.com/
therealdeal.com,unrelated,Real Estate News - The Real Deal,https://therealdeal.com/
theringer.com,other_gambling,The Ringer,https://www.theringer.com
therockpit.net,unrelated,Home - The Rockpit,https://www.therockpit.net/
thescore.com,other_gambling,"Sports Scores, News & Schedules | theScore",https://www.thescore.com/
thespinachman.com,unrelated,Ingo Loge'  – The Spinach Man,https://thespinachman.com/
thespotforart.com,unrelated,The Spot by Voodo Fé,https://thespotforart.com/
thesun.co.uk,unrelated,"News, sport, celebrities and gossip | The Sun",https://www.thesun.co.uk/
thetrainline.com,unrelated,"Trainline | Search, Compare & Buy Cheap Train & Bus Tickets",https://www.thetrainline.com/en-us
theunlikelypreacher.com,other_gambling,1xBet mongolia 2026: Өнөөдөр спортын бооцоо тавиарай,https://theunlikelypreacher.com/
theyellowpractice.co.uk,other_gambling,Best Betting Sites: Top New Online Bookmakers in the UK,https://theyellowpractice.co.uk/
thezone1059.com,unrelated,ESPN The Zone 105.9,https://www.thezone1059.com
thotharena.com,other_gambling,Thoth Arena — The arcade where you bet your skill,https://thotharena.com/
thv11.com,other_gambling,"Little Rock's Leading Local News: Weather, Traffic, Sports and more | Little Rock, Arkansas | thv11.com",https://www.thv11.com/
tianamusic.com,other_gambling,WE88 ⭐ Link Vào WE88 Mới Nhất 2026 | Trang Chủ Chính Thức,https://www.tianamusic.com/
tiendanimal.es,unrelated,Tienda online de productos para mascotas - Tiendanimal,https://www.tiendanimal.es/
tigerxplay.vip,other_gambling,Tigerexch – India’s Trusted Tiger Exchange Betting Platform,https://tigerxplay.vip/
tigresortudo.io,other_gambling,"Apostas Esportivas, Slots e Cassino | Tigre Sortudo",https://tigresortudo.io/
timeformezze.co.uk,other_gambling,Best Betting Sites: Top New Online Bookmakers in the UK,https://timeformezze.co.uk/
tinasimcic.si,other_gambling,Urejen dom veselja - Tina Simčič,https://tinasimcic.si/
tjsmrzice.cz,unrelated,TJ Smržice – Fotbalový klub od roku 1934,https://tj-smrzice.cz/
tk-bet.co,other_gambling,TK Bet – Bangladesh's Most Trusted Online Betting Platform,https://tk-bet.co/
tngbet.com,unrelated,TNGBET,https://www.tngbetn2c.com/
tngbetshare.com,unrelated,TNGBET,https://www.tngbetoop.com/
tobicon.jp,other_gambling,トップ | トビコン,https://tobicon.jp/
today.com,other_gambling,"Latest News, Videos & Guest Interviews from the Today Show on NBC | TODAY",https://www.today.com
toldostacoronte.com,other_gambling,"toldostacoronte.com – Fabricantes de Toldos, Capotas y Estores",https://toldostacoronte.com/
tomilpartsdpf.pl,other_gambling,Bison Casino Polska — platforma do gry — szybkie wypłaty BLIK,https://tomilpartsdpf.pl/
tonybet.com,other_gambling,Tonybet™ Canada – Sports Betting & Online Casino Games,https://tonybet.com/
toofan247.org,other_gambling,Toofan247 - Official Cricket ID | Bet on IPL 2026 | 1 Min Withdrawal | 40% Bonus,https://toofan247.org/
top10sportsbettingsites.co.uk,other_gambling,Compare the Best Sports Betting Sites | Get Top Offers!,https://www.top10sportsbettingsites.co.uk/
toppebrands.com,other_gambling,Home - Toppebrands,https://toppebrands.com/
topsafebet.com,other_gambling,Betting App Download 2026 | भारत गाइड,https://topsafebet.com/
totohelper.net,other_gambling,1Win AZ Rəsmi Giriş | Onlayn kazinolar və İdman mərcləri,https://www.totohelper.net/
touristsecrets.ru,other_gambling,Срок регистрации touristsecrets.ru истек,https://touristsecrets.ru/
tracxn.com,unrelated,"Technology & Data for Venture Capital, Corp Dev, Investment Banks | Tracxn",https://tracxn.com/
tradeindia.com,unrelated,"TradeIndia - B2B Marketplace for Top Manufacturers, Exporters, Suppliers",https://www.tradeindia.com/
tradera.com,other_gambling,Tradera | Köp & sälj begagnat & second hand,https://www.tradera.com/
tradewheel.com,unrelated,Top Global B2B Marketplace | Best B2B eCommerce Platform | TradeWheel,https://www.tradewheel.com/
transfermarkt.com,other_gambling,"Football transfers, rumours, market values and news | Transfermarkt",https://www.transfermarkt.com/
traveldarkly.com,other_gambling,Best Betting Sites: Top New Online Bookmakers in the UK,https://traveldarkly.com/
travelroyworld.com,other_gambling,Travelroyworld – Travelling with fun,https://travelroyworld.com/
treelinejournal.com,unrelated,"Treeline Journal - News, opinion, and analysis on ultra running and outdoor lifestyle",https://treelinejournal.com/
trezerestaurante.com,other_gambling,TREZE Restaurante & Bar | Cocina de mercado en Madrid,https://trezerestaurante.com/
tribuna.com,unrelated,Tribuna.com | Football statistics and news,https://tribuna.com/
tripleogroup.com,unrelated,"Home | Triple O Group | Construction – Landscaping – Facility Management : Laredo, TX",https://tripleogroup.com/
triton77.co,other_gambling,triton77 - Top MY Online Casino with Free Spin Offers,https://triton77.co/
triunfare.com.br,other_gambling,Aula Secreta,https://triunfare.com.br/
tronbettingw.com,other_gambling,BRO444Download-گجرانوالہ میں بلیک جیک ہائی اسکور روم میں بیٹنگ اور درست فیصلہ کن اوڈز BRO444.com,https://tronbettingw.com/
troupesdetheatre.com,other_gambling,Troupes de Théâtre: Casino Stage Australia · Where every bet is a performance — Australia’s most dramatic online casino blog,https://www.troupesdetheatre.com/
trykingspot.com,other_gambling,Rummy Circle App 2026 | भारत गाइड,https://trykingspot.com/
tucasinoideal.com,other_gambling,Tu Casino Ideal — Comparador de Casinos Online Argentina,https://tucasinoideal.com/
tucsondjservice.com,other_gambling,,https://tucsondjservice.com/
turbo6d.net,other_gambling,turbo6d - Live Casino Play with Hot Casino Offers,https://turbo6d.net/
tv20bangla.com,other_gambling,TV 20 Bangla - Breraking News Kolkata - সত্য যেখানে কথা বলে,https://www.tv20bangla.com/
tvhindinews.com,other_gambling,"MCW Casino Bangladesh – Games, Sports, and a 100% Bonus",https://tvhindinews.com/
tw.bid.yahoo.com,other_gambling,Ваши избори у погледу приватности,https://consent.yahoo.com/v2/collectConsent?sessionId=3_cc-session_9381549b-b219-4ee9-ac51-f4aafd1a376b
tycoon-win.com,other_gambling,"Tycoon Casino Review: Games, Bonuses & Payments",https://tycoon-win.com/
tycoonwin-australia.com,other_gambling,"Tycoon Casino Australia - Pokies, Live Games & Bonuses",https://tycoonwin-australia.com/
tycoonwin-canada.com,other_gambling,"Tycoon Casino Review: Bonuses, Games & Payments",https://tycoonwin-canada.com/
tycoonwin-germany.com,other_gambling,"Tycoon Casino Test: Boni, Spiele & Auszahlungen",https://tycoonwin-germany.com/
tycoonwin-kasyna.com,other_gambling,"Tycoon Casino Online – Recenzja, Bonusy i Gry",https://tycoonwin-kasyna.com/
tycoonwins.org,other_gambling,"Tycoon Casino Review: Games, Bonuses & Payouts",https://tycoonwins.org/
ua-football.com,other_gambling,UA-Футбол ᐉ Новости футбола онлайн • Результаты футбольных матчей сегодня • Все о футболе на UA-football.com,https://ua-football.com/
uae.dubizzle.com,unrelated,Pardon Our Interruption,https://uae.dubizzle.com/
ubgeneraltrading.com,other_gambling,Welcome -,https://ubgeneraltrading.com/
ufabettermostm4.com,other_gambling,Slotgacor - Pilihan Aman Untuk Pemain Memperluas Ruang Kemenangan Harian,https://ufabettermostm4.com/
ufabettermostu.xyz,other_gambling,บาคาร่าSA เว็บบาคาร่าที่น่าเชื่อถือที่สุดและดีที่สุดในเอเชีย,https://ufabettermostu.xyz/
ufabull.com,other_gambling,เว็บวัวชน เว็บตรงไม่ผ่านเอเย่นต์ -,https://ufabull.com/
ufastom.com,other_gambling,888starz Samarali Stavka Joyish - Boshlang'ichlar Uchun,https://ufastom.com/
ufrj.br,unrelated,Universidade Federal do Rio de Janeiro – Universidade Federal do Rio de Janeiro,https://ufrj.br/en/
ufrst.com,other_gambling,12BET ⭐ Link Vào 12BET Mới Nhất 2026 | Trang Chủ Chính Thức,https://www.ufrst.com/
ufun168.com,other_gambling,"Welcome to SBOKH Online Casino in Cambodia Voted Best Casino Online in Cambodia: If you’re looking for the real online casino experience with a leading operator, then you’ve definitely come to the rig",https://ufun168.com/
ufun568.com,other_gambling,"Welcome to SBOKH Online Casino in Cambodia Voted Best Casino Online in Cambodia: If you’re looking for the real online casino experience with a leading operator, then you’ve definitely come to the rig",https://ufun568.com/
ufun568.net,other_gambling,"Welcome to SBOKH Online Casino in Cambodia Voted Best Casino Online in Cambodia: If you’re looking for the real online casino experience with a leading operator, then you’ve definitely come to the rig",https://ufun568.net/
uk-betting-sites-list.co.uk,other_gambling,Best Betting Sites: Top New Online Bookmakers in the UK,https://uk-betting-sites-list.co.uk/
uk777.lat,other_gambling,UK777 Online Betting Pakistan – Join Today and Claim Your Bonus,https://uk777.lat/
ukenned.com,unrelated,Ukenned – Renewable energy,https://ukenned.com/
ukieducation.com,unrelated,Home - UKI Education,https://www.ukieducation.com/
ulysmedia.kz,unrelated,Ulysmedia.kz | Новости и аналитика в Казахстане,https://ulysmedia.kz/
umost-reg.com,unrelated,Most Likely To: Question Game,https://umost-reg.com/
umwrotaract.org,other_gambling,,https://umwrotaract.org/
uncannyeditions.com,other_gambling,MURAH4D Main Slot Aman Santuy Referensi Terkini Rekomendasi Master !,https://murah4dzux.com/
uncp.edu.pe,unrelated,UNCP – Somos del Centro Somos del Perú,https://uncp.edu.pe/
understandingadsense.com,other_gambling,Bónus Aviator Moçambique 🇲🇿 🎁💥 — Códigos Promocionais 🏷️ & Ofertas 🎰 | RTP ✅,https://understandingadsense.com/
uniqueblog.site,unrelated,Unique Blog,https://uniqueblog.site/
uns.ac.id,unrelated,Home - Universitas Sebelas Maret,https://uns.ac.id/id/
uptodown.com,unrelated,"Descarga de apps para Android - Descarga, descubre, comparte en Uptodown",https://www.uptodown.com/
urbandictionary.com,unrelated,"Urban Dictionary, September 30: Slop Grenade",https://www.urbandictionary.com/
urbanicarealstate.com,unrelated,Homepage - Urbanica Real State,https://urbanicarealstate.com/
urofiztermalotel.com,unrelated,Ürofiz Termal Otel Haymana – ANKARA,https://urofiztermalotel.com/
us-itf.com,other_gambling,1xBet 2026: Албан ёсны сайтад нэвтэрч бооцоо тавиарай,https://us-itf.com/
usafreightdispatch.com,unrelated,USA Freight Dispatch | 24/7 Truck Dispatch for Owner-Operators,https://www.usafreightdispatch.com/
usatoday.com,other_gambling,USA TODAY - Breaking News and Latest News Today,https://www.usatoday.com/
usd2cad.ca,unrelated,USD to CAD — Live Bank of Canada Rate + Free Converter,https://usd2cad.ca/
used-harley-davidsons.com,other_gambling,Used Harley-Davidsons | Pre-Owned Motorcycles & Inventory,https://used-harley-davidsons.com/
userviz.com,unrelated,Home,https://www.userviz.com/
uslubebe.pl,other_gambling,"Pelican Casino | legalność, licencja, bezpieczeństwo 2026 | bonus 2250 zł i spiny",https://uslubebe.pl/
uspeschnay.ru,other_gambling,Срок регистрации uspeschnay.ru истек,https://uspeschnay.ru/
uszynszyla.pl,other_gambling,U Szynszyla – blog o szynszyli małej,https://uszynszyla.pl/
utbank.uz,unrelated,Attention Required! | Cloudflare,https://utbank.uz/
utfpr.curitiba.br,unrelated,Campus Curitiba,https://www.utfpr.edu.br/campus/curitiba/
uzmost-b.com,unrelated,Most Likely To: Question Game,https://uzmost-b.com/
uzmost-bk.com,other_gambling,MostApp LTD,https://uzmost-bk.com/
vaidebet.website,other_gambling,Vai De Bet Apostas Brasil - Bônus de Primeiro Depósito 100%,https://vaidebet.website/
vaishnavibuilders.in,other_gambling,Melbet India Casino and Sports — Full 2026 Guide,https://www.vaishnavibuilders.in/
vantagetechnology.com.au,unrelated,Vantage — Live Tracking and Safety for Teams in the Field | Vantage Technology,https://vantagetechnology.com.au/
vape77.co,other_gambling,vape77 - Official MY Safe Casino with Free Spin Offers,https://vape77.co/
vapeoffers.co.uk,unrelated,"Vape Offers | Shop top vape deals at Vape Offers. 3,000+ products incl. kits, nic salts & pods from Hayati, Elux & more. Enjoy free delivery on order over £30.",https://vapeoffers.co.uk/
variety.com,other_gambling,"Variety - Entertainment news, film reviews, awards, film festivals, box office, entertainment industry conferences",https://variety.com/
vegasherocasino-bet.com,other_gambling,"Vegas Hero 🎰 Explore 10,000+ Casino Games in AU!",https://vegasherocasino-bet.com/
vegasinsider.com,other_gambling,"Vegas Odds, Sports Betting News & Prediction Markets for 2026",https://www.vegasinsider.com/
vegasslotsonline.com,other_gambling,VegasSlotsOnline | Home of Online Slots,https://www.vegasslotsonline.com/
vemsabernoticias.com.br,other_gambling,Blog | Vem Saber Noticias I noticias e lazer,https://www.vemsabernoticias.com.br/
venusbiju.pt,other_gambling,Tower Rush APK 2026: instalar slot mobile e jogar online,https://venusbiju.pt/
veriusgroup.com,other_gambling,1xbet Daftar: Buka Akun Taruhan Olahraga Resmi Tahun 2026,https://veriusgroup.com/
verywellhealth.com,unrelated,Verywell Health - Know More. Feel Better.,https://www.verywellhealth.com/
vetlen.ru,unrelated,Купить авиабилеты дёшево онлайн | Авиасейлс — поиск самых дешевых билетов на самолет,https://www.aviasales.ru?erid=2Vtzqv74TQ6&marker=13684.Zz13ed33e65f5045798b96c868-13684
vexin-equipassion.com,other_gambling,888XH: Akses Slot v9.8.3 melalui Gacor Apk dengan Interface Mobile Ringkas,https://vexin-equipassion.com/
vfw.org,unrelated,The Veterans of Foreign Wars of the U.S. - VFW,https://vfw.org/
vianagalleria.com,other_gambling,ميتا العنوان: لعبة Tower Rush في مصر: النسخة الديمو، نسبة الـ RTP، والكازينوهات,https://vianagalleria.com/
vice.com,unrelated,VICE - VICE is the definitive guide to enlightening information.,https://www.vice.com/
vidaemprogresso.com,unrelated,Home,https://vidaemprogresso.com/
villaggiovalleverde.it,unrelated,Maintenance,https://villaggiovalleverde.it/
vincent-opticien.com,other_gambling,Télécharger Melbet APK Application pour Android et iOS pour paris sportifs,https://www.vincent-opticien.com/
vinhdn.com,other_gambling,DAN777 Apk V6.82 Android Online Edition 17.9Mb Jalur Download Ringan Cepat & Praktis,http://vinhdn.com/
vinted.at,unrelated,"Vinted | Eine App, alles Secondhand",https://www.vinted.at/
vinted.be,unrelated,Vinted | Toute la seconde main dans une seule application,https://www.vinted.be/
vinted.co.uk,unrelated,"Vinted | Sell and buy clothes, shoes and accessories",https://www.vinted.co.uk/
vinted.com,unrelated,"Vinted | Sell and buy clothes, shoes and accessories",https://www.vinted.com/
vinted.cz,unrelated,Vinted | Všechny věci z druhé ruky v jediné aplikaci,https://www.vinted.cz/
vinted.de,unrelated,"Vinted | Eine App, alles Secondhand",https://www.vinted.de/
vinted.dk,unrelated,"Vinted | Secondhand-appen, der har det hele",https://www.vinted.dk/
vinted.es,unrelated,Vinted | La app para todas las cosas de segunda mano,https://www.vinted.es/
vinted.fi,unrelated,Vinted | Monipuolisesti käytettyä – kaikki samasta paikasta,https://www.vinted.fi/
vinted.fr,unrelated,Vinted | Toute la seconde main dans une seule application,https://www.vinted.fr/
vinted.gr,unrelated,Vinted | Όλα τα μεταχειρισμένα είδη σε μια εφαρμογή,https://www.vinted.gr/
vinted.hr,unrelated,Vinted | Sve rabljeno u jednoj aplikaciji,https://www.vinted.hr/
vinted.hu,unrelated,"Vinted | Minden, ami használt – egy alkalmazásban",https://www.vinted.hu/
vinted.ie,unrelated,"Vinted | Sell and buy clothes, shoes and accessories",https://www.vinted.ie/
vinted.it,unrelated,Vinted | Tutta la seconda mano in una sola app.,https://www.vinted.it/
vinted.lt,unrelated,Vinted | Viena programėlė viskam iš antrų rankų,https://www.vinted.lt/
vinted.lu,unrelated,Vinted | Toute la seconde main dans une seule application,https://www.vinted.lu/
vinted.nl,unrelated,"Vinted | Eén app, alles tweedehands",https://www.vinted.nl/
vinted.pl,unrelated,Vinted | Wszystko z drugiej ręki w jednej aplikacji,https://www.vinted.pl/
vinted.pt,other_gambling,Vinted | A app tudo-em-um para segunda mão,https://www.vinted.pt/
vinted.ro,unrelated,Vinted | Aplicația completă pentru second-hand,https://www.vinted.ro/
vinted.se,unrelated,"Vinted | Allt du behöver för second hand, i en och samma app!",https://www.vinted.se/
vinted.sk,unrelated,Vinted | Všetko v jednej secondhand apke,https://www.vinted.sk/
vipmebelshop.ru,unrelated,vipmebelshop.ru,https://vipmebelshop.ru/
vipstav.ru,other_gambling,Прематчевые ставки: линия до игры и проверка купона,https://www.vipstav.ru/
viratplay.com,unrelated,Viratplay,https://www.viratplay.com
virendersinghwrestler.com,other_gambling,Home | Virender Singh,https://virendersinghwrestler.com/
virginbet.com,other_gambling,Online Betting & Gambling | Virgin Bet UK,https://www.virginbet.com/
visagehall.ru,unrelated,VISAGEHALL | Интернет-магазин косметики и парфюмерии,https://visagehall.ru/
vista-honda.ru,other_gambling,Срок регистрации vista-honda.ru истек,https://vista-honda.ru/
vitaminsandsupplements365.com,unrelated,"Health Supplements: Reviews, Benefits & Guides 2026",https://www.vitaminsandsupplements365.com/
vitantis.ro,unrelated,"Vitantis Shopping Center - Outlet Bucuresti, Evenimente, Reduceri",https://vitantis.ro/
vitornevesfotografo.pt,other_gambling,Tower Rush 2026 : démo et jeu crash Galaxsys en ligne,https://vitornevesfotografo.pt/
viva88net.vip,other_gambling,viva88net,https://viva88net.vip/
vivantblanc.com.br,unrelated,Vivant Blanc | Odontologia de Resultado em Curitiba,https://vivantblanc.com.br/
votealexmayer.co.uk,other_gambling,Best Betting Sites: Top New Online Bookmakers in the UK,https://votealexmayer.co.uk/
vozolpuffithalat.com,unrelated,Lewis-Clark Idaho Dental Society | 5th District Component of the Idaho State Dental Association,https://vozolpuffithalat.com/
vse-znay.ru,other_gambling,Срок регистрации vse-znay.ru истек,https://vse-znay.ru/
vv-talk.com,other_gambling,VVトークのオンラインベトナム語 | VVレッスンの姉妹校,https://vv-talk.com/
vyugafur.ru,other_gambling,Срок регистрации vyugafur.ru истек,https://vyugafur.ru/
wadeeservices.com,other_gambling,ميتا العنوان: لعبة Tower Rush في مصر: النسخة الديمو، نسبة الـ RTP، والكازينوهات,https://wadeeservices.com/
wagonandhorseslancaster.co.uk,other_gambling,Best Betting Sites: Top New Online Bookmakers in the UK,https://wagonandhorseslancaster.co.uk/
walibiworldmc.nl,unrelated,WalibiWorldMC - HARDGAAN IN MINECRAFT,https://walibiworldmc.nl/
wallapop.com,other_gambling,"Wallapop, Local Free Classified Ads",https://www.wallapop.com/
wallstreetpit.com,unrelated,"Wall Street Pit - Finance, Stock Market, Technology, Science",https://wallstreetpit.com/
walterfootball.com,unrelated,"WalterFootball - The most accurate NFL draft site in the world. NFL Football. The draft, picks and fantasy.",https://walterfootball.com/
waterlichtradio.com,unrelated,Lewis-Clark Idaho Dental Society | 5th District Component of the Idaho State Dental Association,https://waterlichtradio.com/
way2god.in,other_gambling,WAY2GOD,https://www.way2god.in/
waybackburgers.com,unrelated,Wayback Burgers - Home,https://waybackburgers.com/
webdevelopmentcolorado.com,other_gambling,Welcome | Just another WordPress site,https://webdevelopmentcolorado.com/
webetmost.hu,unrelated,Webetmost! – Jól működő weboldalt szeretnél? Akkor kérd a webetmost!,https://webetmost.hu/
webmd.com,other_gambling,WebMD - Better information. Better health.,https://www.webmd.com/
websolutions.tech,unrelated,Web Solutions – We Help to Grow Your Brand Online,https://websolutions.tech/
webverseinc.com,other_gambling,🍭 Sweet Bonanza Casino Giriş: En İyi Slot Oyunları ve Kazanç Fırsatları 🎰,https://webverseinc.com/
wehkamp.nl,other_gambling,"Wehkamp | online warenhuis | vandaag besteld, morgen in huis",https://www.wehkamp.nl/
wellingtonmd.com,unrelated,Mens Wellness Testosterone Therapy | Male Rejuvenation | WellingtonMD,https://wellingtonmd.com/
westchesterphotoclub.org,unrelated,West Chester Photo Club,https://westchesterphotoclub.org/
wet-redlowo.pl,other_gambling,Energy Casino (Energy Kasyno) – oferta gier i bonusy dla graczy z Polski,https://wet-redlowo.pl/
wholeheartdaily.com,unrelated,Whole Heart Daily – Your go-to for stories in the ever-changing health and personal development landscape,https://wholeheartdaily.com/
wikihow.com,other_gambling,wikiHow: How-to instructions you can trust.,https://www.wikihow.com/Main-Page
wikipedia.org,unrelated,Wikipedia,https://www.wikipedia.org/
wikivoyage.org,unrelated,Wikivoyage,https://www.wikivoyage.org/
wiktionary.org,unrelated,Wiktionary,https://www.wiktionary.org/
wild-west-gold-slot.ru,other_gambling,Игровой автомат Wild West Gold 🎰 — видео слот от Pragmatic Play,https://wild-west-gold-slot.ru/
wildz-casino-online.de,other_gambling,Wildz Casino Test 2026: Erfahrungen & Bewertung,https://wildz-casino-online.de/
wildzcasino-online.de,other_gambling,"Wildz Casino – Spiele, Boni und mehr für unsere Kunden",https://wildzcasino-online.de/
wilibet55.shop,other_gambling,WILIBET55 $ Jelajahi Informasi Game Tercanggih Top Dunia,https://wilibet55.shop/
win-masters.com,other_gambling,"Win Masters - The Best Soccer Predictions | Soccervista , predictz , zulubet , adibet , forebet , liobet , solopredict , statarea , betensured , vitibet , soccer vista, fixed matches 100 sure, free fi",https://win-masters.com/
win79ios.app,other_gambling,win79ios,https://win79ios.app/
winbet88ss.com,other_gambling,brb7 ❤️ Como Apostar nas Máquinas de Slot e Ganhar de Forma Inteligente,https://winbet88ss.com/
winbig21-casino-uk.com,other_gambling,Winbig21 Casino Official Website Ultimate Gaming Destination UK Players 2026 Premium Slots & Live Games,https://winbig21-casino-uk.com/
winbuzzgame.club,unrelated,Winbuzzgame,https://www.winbuzzgame.club
winerow.ru,unrelated,winerow.ru,https://winerow.ru/
winline.kz,other_gambling,Онлайн ставки на спорт в Казахстане на официальном сайте букмекерской компании Винлайн,https://winline.kz/
winnervrk.pics,other_gambling,Zazino: Win & Spin,https://winnervrk.pics/
winngo.app,other_gambling,winngo - Top MY Slot Games with Safe Bonus Offers,https://winngo.app/
winramps.com,unrelated,🌟 Join WinningPlus today and unlock a world of gaming possibilities! 🎮🌟💰,https://winramps.com/
winrisex.com,unrelated,🌟 Join WinningPlus today and unlock a world of gaming possibilities! 🎮🌟💰,https://winrisex.com/
winroars.com,unrelated,🌟 Join WinningPlus today and unlock a world of gaming possibilities! 🎮🌟💰,https://winroars.com/
winrpk.net,other_gambling,winrpk - Enter Verified PK Slots Bonus Offers,https://winrpk.net/
winrup.net,other_gambling,winrup - Pro PK Slots Deals with Welcome Bonus Deals,https://winrup.net/
winslot.vu,other_gambling,winslot - Fast Live Casino Login with Daily Bonus Rewards,https://winslot.vu/
winsurgex.com,unrelated,🌟 Join WinningPlus today and unlock a world of gaming possibilities! 🎮🌟💰,https://winsurgex.com/
winversex.com,unrelated,🌟 Join WinningPlus today and unlock a world of gaming possibilities! 🎮🌟💰,https://winversex.com/
winvibesx.com,unrelated,🌟 Join WinningPlus today and unlock a world of gaming possibilities! 🎮🌟💰,https://winvibesx.com/
wisdomwednesdays.xyz,unrelated,Wisdom Wednesdays – For the Land Surveying Profession,https://wisdomwednesdays.xyz/
wise.com,unrelated,Wise: The international account | Money without borders | Wise Serbia,https://wise.com/
wisnutoto.org,other_gambling,WISNUTOTO >.< Trik Menghindari Kesalahan Fatal yang Merusak Modal Taruhan Slot,https://wisnutoto.org/
wizcabin.com,unrelated,"Build, Launch & Grow Your Online Academy | Wizcabin",https://wizcabin.com/
wmchat.ru,other_gambling,Pin Up Casino Qeydiyyat: AZE üçün Ən Sərfəli Təkliflər,https://wmchat.ru/
wolf-winner-casino1-au.com,other_gambling,Wolf Winner Casino Australia OFFICIAL REVIEW 🔥 Complete 2026 Analysis + Bonuses 【BEST ONLINE CASINO】,https://wolf-winner-casino1-au.com/
womenneedtoclimbmountains.com,unrelated,Why Women Need to Climb Mountains | On a journey through the life and vision of Dr. Gerda Lerner,https://www.womenneedtoclimbmountains.com/
woo-casino-bonus-cz.com,other_gambling,Woo casino bonus 2026 - aktuální nabídky vyžadují pozornost,https://woo-casino-bonus-cz.com/
woo-casino0-au.com,other_gambling,WooCasino Australia OFFICIAL SITE 🔥 Welcome Bonus 【100% + 200 Free Spins】 Online Casino Registration & Games 2026,https://woo-casino0-au.com/
woodtouch.co.il,other_gambling,Wood Touch – Tel: +972-542290898,https://woodtouch.co.il/
wordpress.com,unrelated,WordPress.com: Everything You Need to Build Your Website,https://wordpress.com/
wordreference.com,unrelated,"English to French, Italian, German & Spanish Dictionary - WordReference.com",https://wordreference.com/
workandconnect.net,unrelated,Home - Work and Connect - You Co-Working space,https://workandconnect.net/
workstudyeng.ru,other_gambling,Workstudyeng.ru,https://workstudyeng.ru/
worten.es,other_gambling,Worten.es | Tienda de Electrodomésticos y Electrónica,https://worten.es/
wowbetlogin.com,other_gambling,WowBet Login | New accounts receive bonuses up to 214000 BDT with 150 free spins,https://wowbetlogin.com/
wowma.jp,unrelated,au PAY マーケット－通販サイト,https://wowma.jp/
wpcenter.pl,unrelated,World Premier Center - Wiadomości z całego świata i nie tylko,https://wpcenter.pl/
wrftransportes.com.br,unrelated,WRF Transportes – Transportes WRF – 11 98514-7974,https://wrftransportes.com.br/
wsj.com,unrelated,"The Wall Street Journal - Breaking News, Business, Financial & Economic News, World News and Video",https://www.wsj.com/
wsn.com,other_gambling,WSN.com - #1 for Sports Betting & Online Gambling,https://www.wsn.com/
wsvjanvanketel.nl,unrelated,W.S.V. Jan van Ketel | Jachthaven & watersportvereniging Schagen,https://wsvjanvanketel.nl/
wszkipz.pl,other_gambling,"Atefia Casino Online w 2026: Oficjalna Platforma, Promocje i Gry w Egipskim Klimacie",https://wszkipz.pl/
wtop.com,unrelated,WTOP News – News Happens Here,https://wtop.com/
wwd.com,other_gambling,"WWD – Women's Wear Daily brings you breaking news about the fashion industry, designers, celebrity trend setters, and extensive coverage of fashion week.",https://wwd.com/
x.com,unrelated,X. It’s what’s happening / X,https://x.com/
x3bet-casino-fr.net,other_gambling,X3Bet France Officiel ᐈ 1 000 € + 200 Tours Gratuits,https://x3bet-casino-fr.net/
xe.com,unrelated,Xe: Currency Exchange Rates and International Money Transfers,https://www.xe.com:443/
xin88-i.com,unrelated,DropCatch.com,https://www.DropCatch.com/domain/xin88-i.com
xn-----1000-qggs6ai0aoybt0aij3ao.xn--p1ai,other_gambling,Gates of Olympus 1000 слот от Pragmatic Play – играть онлайн,https://xn-----1000-qggs6ai0aoybt0aij3ao.xn--p1ai/
xn-----glcirdqjoboqieyj.xn--p1ai,other_gambling,Игровой автомат Gates of Olympus от Pragmatic Play | Бесплатно играть онлайн,https://xn-----glcirdqjoboqieyj.xn--p1ai/
xn----7sbahc2cgere2bd.xn--p1ai,other_gambling,"Wolf Gold — слот от Pragmatic Play: играть онлайн, демо режим",https://xn----7sbahc2cgere2bd.xn--p1ai/
xn----7sbbj0ebq3bh.xn--p1ai,other_gambling,Игровой автомат Sugar Rush 🎰 – популярный слот от Pragmatic Play,https://xn----7sbbj0ebq3bh.xn--p1ai/
xn----7sbcoscelqng2a5f.xn--p1ai,other_gambling,"The Dog House игровой автомат 🐕 – играть бесплатно, фриспины",https://xn----7sbcoscelqng2a5f.xn--p1ai/
xn----htbdbjblcejo1d6j.xn--p1ai,other_gambling,Book of Ra Deluxe онлайн — игровой автомат Novomatic,https://xn----htbdbjblcejo1d6j.xn--p1ai/
xn--80aaafc1cbfokf6ap0k7b.xn--p1ai,other_gambling,Bollywood Casino зеркало 2026 - официальный сайт Болливуд Казино вход,https://xn--80aaafc1cbfokf6ap0k7b.xn--p1ai/
xn--80aantbewsr.xn--p1ai,other_gambling,Игровой автомат Cleocatra 🎰 играть онлайн бесплатно,https://xn--80aantbewsr.xn--p1ai/
xoaipmang.com,other_gambling,Tool Xoá Mã Ẩn Nhà Cái | Kích Hoạt RTP & Tắt Theo Dõi IP,https://xoaipmang.com/
xvg8.net,other_gambling,xvg8 - Casino App for MY Players with Fast MYR Rewards,https://xvg8.net/
y444betf.com,other_gambling,y444 bet – Top Games to Earn Money Every Day in Pakistan 2026,https://y444betf.com/
yaga.co.za,unrelated,Yaga - marketplace for preloved fashion,https://www.yaga.co.za:443/
yahoo.com,other_gambling,"Yahoo | Mail, Weather, Search, Politics, News, Finance, Sports & Videos",https://www.yahoo.com/
yandex.com.tr,unrelated,Yandex — hızlı İnternet araması,https://yandex.com.tr/
yandex.kz,unrelated,Яндекс — быстрый поиск в интернете,https://yandex.kz/
yardbarker.com,other_gambling,"Sports Rumors, News & Videos | Yardbarker.com",https://www.yardbarker.com/
yatego.com,unrelated,Yatego — Online-Marktplatz,https://yatego.com/
yatharthgeeta.com,unrelated,Srimad Bhagavad Gita | Yatharth Geeta,https://yatharthgeeta.com/
yellowpagesnepal.com,unrelated,"Yellowpages Nepal, Business Directory of Nepal",https://www.yellowpagesnepal.com/
yojana.today,other_gambling,WordPress Site 61cb22,https://www.yojana.today/
yojanagyan.com,other_gambling,Yojana Gyan,https://yojanagyan.com/
youporn.com,other_gambling,Free Porn Videos - HD Porno Tube & XXX Sex Videos | YouPorn,https://www.youporn.com/
yummfully.com,other_gambling,Yummy and fully -,https://yummfully.com/
yunghsing.com.tw,unrelated,永續創新 詠興機械｜台灣資源回收機械製造專家｜高效破碎機,https://www.yunghsing-machinery.com/tw/index.html
z-o-m.com,other_gambling,Top game nổ hũ đổi thưởng – Slot nổ hũ ăn tiền thật | Fun88,https://z-o-m.com/
zcc777.net,other_gambling,zcc777 - Unlock Bonus Spins in Fresh Hot Slots,https://zcc777.net/
zeedflowpartners.com,unrelated,Zeedflow - Private Routing Firm,https://zeedflow.com/
zeng.com.uy,unrelated,ZENG S.A. – LABORATORIO MICROBIOLÓGICO,https://zeng.com.uy/new/
zenlawgroup.com,unrelated,Family Law Services | Zen Law Group,https://zenlawgroup.com/
zermixa.com,unrelated,Hacked by Trenggalek6etar - Hacked by Trenggalek6etar - JATIM4U,https://zermixa.com/
zero1aovivo.com,other_gambling,ZERO1,https://zero1aovivo.com/
zhivika-apteka.ru,other_gambling,Срок регистрации zhivika-apteka.ru истек,https://zhivika-apteka.ru/
zhivoi-mir.kz,unrelated,Attention Required! | Cloudflare,https://zhivoi-mir.kz/
znaki.fm,unrelated,All news - the latest and fresh topics of the day in 2026 - Znaki FM,https://znaki.fm/
zo777.co,other_gambling,zo777 - Claim Hot Rewards on Top Casino Games,https://zo777.co/
zobet-demo.store,unrelated,Attention Required! | Cloudflare,https://zobet-demo.online/
zone-air.ru,other_gambling,Срок регистрации zone-air.ru истек,https://zone-air.ru/
zoome-casino0-au.com,other_gambling,Zoome Casino OFFICIAL REVIEW 🎰 【Complete 2026 Guide】 Australia Online Casino Ratings & Expert Analysis,https://zoome-casino0-au.com/
zorgboerderijdehorst.nl,unrelated,Dagbesteding voor ouderen in Mill | Zorgboerderij De Horst,https://zorgboerderijdehorst.nl/
zs7770.net,other_gambling,zs7770 - Grab Hot Rewards from Exclusive Online Slots,https://zs7770.net/
