domain,scan,via,url,final_url,kind,brand,evidence,pid,ad_route,title,cached,from_dest_pass,hops
1mostbet-com.top,latest,home_redirect,https://1mostbet-com.top/,https://mostbet-com.top/,mostbet,Mostbet,mostbet_assets,,True,,,,
1mostbet54.top,latest,home_redirect,https://1mostbet54.top/,https://mostbet56.top/,mostbet,Mostbet,mostbet_assets,,True,,,,
1mostbet-com.ru,latest,home_redirect,https://1mostbet-com.ru/,https://mostbet-com.top/,mostbet,Mostbet,mostbet_assets,,True,,,,
1mostbet54.ru,latest,home_redirect,https://1mostbet54.ru/,https://mostbet56.top/,mostbet,Mostbet,mostbet_assets,,True,,,,
1mostbet2m.club,latest,external,https://mostbet.partners/,,needs_browser,,http_undecided,,,,,,
1mostbet-2m.club,latest,external,https://mostbet.partners/,,needs_browser,,http_undecided,,,,,,
1mostbet.xyz,latest,external,https://mostbet.partners/,,needs_browser,,http_undecided,,,,,,
1-mostbet.club,latest,external,https://mostbet.partners/,,needs_browser,,http_undecided,,,,,,
111-mostbet.top,latest,external,https://mostbet.partners/,,needs_browser,,http_undecided,,,,,,
1mostbet.club,latest,external,https://mostbet.partners/,,needs_browser,,http_undecided,,,,,,
alex-hepburn.com,latest,js:script_url,https://mostbet-cz-cz.dietavkrabicce.cz/,https://mostbet-cz-cz.dietavkrabicce.cz/,brand_site,Mostbet,name_only_weak,,False,"Mostbet CZ ⭐️ Bonus 40 000 CZK, online kasino a sportovní sázky",,,200 https://mostbet-cz-cz.dietavkrabicce.cz/
1xbetpromostavka.ru,latest,home_redirect,https://1xbetpromostavka.ru/,https://1xbetpromostavka5.top/,other_gambling,1xBet,fields:1xbet,,True,,,,
arnica-janacek.com,latest,js:script_url,https://mostbet-cz-cz.dietavkrabicce.cz/,https://mostbet-cz-cz.dietavkrabicce.cz/,brand_site,Mostbet,name_only_weak,,False,"Mostbet CZ ⭐️ Bonus 40 000 CZK, online kasino a sportovní sázky",True,,200 https://mostbet-cz-cz.dietavkrabicce.cz/
apkmostbetfile.site,latest,external,https://mostbet.partners/,,needs_browser,,http_undecided,,,,,,
312ankarainsaat.com,latest,js:data-href,https://regi.mostbet1az.com/WLPLGmU?type=app,,needs_browser,,http_undecided,,,,,,
312ankarainsaat.com,latest,js:script_url,https://mostbetyukle.bet,https://mostbet1az.com/,mostbet,Mostbet,name_only_weak,,True,Mostbet AZ – İdman Mərciləri və Onlayn Kazino 2026 | Bonus 125%,,,308 https://mostbetyukle.bet → 200 https://mostbet1az.com/
appleservice.am,latest,js:data-href,https://regi.mostbet1az.com/WLPLGmU?type=app,,needs_browser,,http_undecided,,,,,,
appleservice.am,latest,js:script_url,https://mostbetyukle.bet,https://mostbet1az.com/,mostbet,Mostbet,name_only_weak,,True,Mostbet AZ – İdman Mərciləri və Onlayn Kazino 2026 | Bonus 125%,True,,308 https://mostbetyukle.bet → 200 https://mostbet1az.com/
azart-mostbet7497.ru,latest,home_redirect,https://azart-mostbet7497.ru/,https://azart-mostbet7498.top,mostbet,Mostbet,mostbet_assets,,True,,,,
afyoresel.com,latest,js:data-href,https://regi.mostbet1az.com/WLPLGmU?type=app,,needs_browser,,http_undecided,,,,,,
afyoresel.com,latest,js:script_url,https://mostbetyukle.bet,https://mostbet1az.com/,mostbet,Mostbet,name_only_weak,,True,Mostbet AZ – İdman Mərciləri və Onlayn Kazino 2026 | Bonus 125%,,,308 https://mostbetyukle.bet → 200 https://mostbet1az.com/
bk-mostbet1.ru,latest,home_redirect,https://bk-mostbet1.ru/,https://mostbet-xbet18.top/,mostbet,Mostbet,mostbet_assets,,True,,,,
bk-mostbet.fun,latest,external,https://mostbet.partners/,,needs_browser,,http_undecided,,,,,,
bk-mostbet-official.fun,latest,external,https://mostbet.partners/,,needs_browser,,http_undecided,,,,,,
boisegutters.org,latest,internal_redirect_like,https://www.boisegutters.org/mostbet/,,needs_browser,,http_undecided,,,,,,
bonussmostbet.ru,latest,home_redirect,https://bonussmostbet.ru/,https://bonussmostbet1.top,mostbet,Mostbet,mostbet_assets,,True,,,,
asomif.org,latest,internal_redirect_like,https://www.efectocolmena.com/apk,http://d4hdamr0.top/ybzRsnYF?sub1=apk,dead,,http_404,,,,,,301 https://www.efectocolmena.com/apk → 301 http://www.efectocolmena.com/apk/ → 301 https://www.efectocolmena.com/apk/ → 404 http://d4hdamr0.top/ybzRsnYF?sub1=apk
asomif.org,latest,external,https://www.dmca.com/Protection/Status.aspx?ID=225ce1fd-06ca-4f34-a4ce-dd38462deb09,https://www.dmca.com/Protection/Status.aspx?ID=225ce1fd-06ca-4f34-a4ce-dd38462deb09,non_gambling,DMCA Content Protection Service - Protect Your Content,no_gambling_words,,False,,,,200 https://www.dmca.com/Protection/Status.aspx?ID=225ce1fd-06ca-4f34-a4ce-dd38462deb09
bukmeker-mostbet.xyz,latest,external,https://mostbet.partners/,,needs_browser,,http_undecided,,,,,,
bonusplay-mostbet389.ru,latest,home_redirect,https://bonusplay-mostbet389.ru/,https://mostbet-zy5.top,mostbet,Mostbet,mostbet_assets,,True,,,,
bydgoszczstolarz.pl,latest,internal_redirect_like,https://cmrdymek.pl/play/,,needs_browser,,http_undecided,,,,,,
beachathleticfund.com,latest,js:data-sf-a,https://bd.mostbet-app.net/Sn7wajv,,needs_browser,,http_undecided,,,,,,
beachathleticfund.com,latest,internal_page_link,https://www.dmca.com/Protection/Status.aspx?ID=585d130d-61da-4595-a43c-d1b566180c44&refurl=https://beachathleticfund.com/registration/,https://www.dmca.com/Protection/Status.aspx?ID=585d130d-61da-4595-a43c-d1b566180c44&refurl=https://beachathleticfund.com/registration/,non_gambling,DMCA Content Protection Service - Protect Your Content,no_gambling_words,,False,,,,200 https://www.dmca.com/Protection/Status.aspx?ID=585d130d-61da-4595-a43c-d1b566180c44&refurl=https://beachathleticfund.com/registration/
beachathleticfund.com,latest,external,https://www.dmca.com/Protection/Status.aspx?ID=585d130d-61da-4595-a43c-d1b566180c44&refurl=https://beachathleticfund.com/,https://www.dmca.com/Protection/Status.aspx?ID=585d130d-61da-4595-a43c-d1b566180c44&refurl=https://beachathleticfund.com/,non_gambling,DMCA Content Protection Service - Protect Your Content,no_gambling_words,,False,,,,200 https://www.dmca.com/Protection/Status.aspx?ID=585d130d-61da-4595-a43c-d1b566180c44&refurl=https://beachathleticfund.com/
brasil-mostbet.com,latest,external,https://bit.ly/4anq27T,,needs_browser,,http_undecided,,,,,,
brasil-mostbet.com,latest,external,https://direct.lc.chat/9257745/,,needs_browser,,http_undecided,,,,,,
casino-mostbet-download.top,latest,home_redirect,https://casino-mostbet-download.top/,https://casino-mostbet-download1.top,mostbet,Mostbet,mostbet_assets,,True,,,,
casino-mostbet-download1.top,latest,external,https://links-go9.top/mostbet_android,https://nvjnacmb.com/casino?registration=1&cid=8297204659&pid=297832&sip=0,mostbet,Mostbet,mostbet_assets,297832,True,Mostbet official website,True,,302 https://links-go9.top/mostbet_android → 302 https://65r08go.com/QFqF → 200 https://nvjnacmb.com/casino?registration=1&cid=8297204659&pid=297832&sip=0
casino-mostbet-download1.top,latest,external,https://links-go9.top/mostbet_ios,https://ijwdpnmb.com/casino?registration=1&cid=8297204691&pid=297832&sip=0,mostbet,Mostbet,mostbet_assets,297832,True,Mostbet official website,True,,302 https://links-go9.top/mostbet_ios → 302 https://65r08go.com/QFqF → 200 https://ijwdpnmb.com/casino?registration=1&cid=8297204691&pid=297832&sip=0
casino-mostbet-download1.top,latest,external,https://links-go9.top/mostbet,https://nvjnacmb.com/casino?registration=1&cid=8297204705&pid=297832&sip=0,mostbet,Mostbet,mostbet_assets,297832,True,Mostbet official website,True,,302 https://links-go9.top/mostbet → 302 https://65r08go.com/QFqF → 200 https://nvjnacmb.com/casino?registration=1&cid=8297204705&pid=297832&sip=0
casino-mostbet-download1.top,latest,external,https://links-go9.top/mostbet_cr,https://ijwdpnmb.com/casino?registration=1&cid=8297204741&pid=297832&sip=0,mostbet,Mostbet,mostbet_assets,297832,True,Mostbet official website,,,302 https://links-go9.top/mostbet_cr → 302 https://65r08go.com/QFqF → 200 https://ijwdpnmb.com/casino?registration=1&cid=8297204741&pid=297832&sip=0
casino-mostbet-download.ru,latest,home_redirect,https://casino-mostbet-download.ru/,https://casino-mostbet-download1.top,mostbet,Mostbet,mostbet_assets,,True,,,,
casino-mostbet-online.top,latest,external,https://mostbet.partners/,,needs_browser,,http_undecided,,,,,,
casino-mostbet-slots-1.top,latest,external,https://mostbet.partners/,,needs_browser,,http_undecided,,,,,,
bk-mostbet2020.ru,latest,external,https://links-go9.top/mostbet_android,https://nvjnacmb.com/casino?registration=1&cid=8297204659&pid=297832&sip=0,mostbet,Mostbet,mostbet_assets,297832,True,Mostbet official website,,,302 https://links-go9.top/mostbet_android → 302 https://65r08go.com/QFqF → 200 https://nvjnacmb.com/casino?registration=1&cid=8297204659&pid=297832&sip=0
bk-mostbet2020.ru,latest,external,https://links-go9.top/mostbet_ios,https://ijwdpnmb.com/casino?registration=1&cid=8297204703&pid=297832&sip=0,mostbet,Mostbet,mostbet_assets,297832,True,Mostbet official website,,,302 https://links-go9.top/mostbet_ios → 302 https://65r08go.com/QFqF → 200 https://ijwdpnmb.com/casino?registration=1&cid=8297204703&pid=297832&sip=0
bk-mostbet2020.ru,latest,external,https://links-go9.top/mostbet,https://nvjnacmb.com/casino?registration=1&cid=8297204705&pid=297832&sip=0,mostbet,Mostbet,mostbet_assets,297832,True,Mostbet official website,True,,302 https://links-go9.top/mostbet → 302 https://65r08go.com/QFqF → 200 https://nvjnacmb.com/casino?registration=1&cid=8297204705&pid=297832&sip=0
bk-mostbet2020.ru,latest,external,https://links-go9.top/mostbet_cr,https://ijwdpnmb.com/casino?registration=1&cid=8297204741&pid=297832&sip=0,mostbet,Mostbet,mostbet_assets,297832,True,Mostbet official website,True,,302 https://links-go9.top/mostbet_cr → 302 https://65r08go.com/QFqF → 200 https://ijwdpnmb.com/casino?registration=1&cid=8297204741&pid=297832&sip=0
casino-mostbet-slots-2.top,latest,external,https://mostbet.partners/,,needs_browser,,http_undecided,,,,,,
casino-mostbet-slots.top,latest,external,https://mostbet.partners/,,needs_browser,,http_undecided,,,,,,
casino-mostbet-slots-3.top,latest,external,https://mostbet.partners/,,needs_browser,,http_undecided,,,,,,
cazino-mostbet-games1.top,latest,external,https://links-go9.top/mostbet_android,https://nvjnacmb.com/casino?registration=1&cid=8297204659&pid=297832&sip=0,mostbet,Mostbet,mostbet_assets,297832,True,Mostbet official website,True,,302 https://links-go9.top/mostbet_android → 302 https://65r08go.com/QFqF → 200 https://nvjnacmb.com/casino?registration=1&cid=8297204659&pid=297832&sip=0
cazino-mostbet-games1.top,latest,external,https://links-go9.top/mostbet_ios,https://ijwdpnmb.com/casino?registration=1&cid=8297204703&pid=297832&sip=0,mostbet,Mostbet,mostbet_assets,297832,True,Mostbet official website,True,,302 https://links-go9.top/mostbet_ios → 302 https://65r08go.com/QFqF → 200 https://ijwdpnmb.com/casino?registration=1&cid=8297204703&pid=297832&sip=0
cazino-mostbet-games1.top,latest,external,https://links-go9.top/mostbet,https://nvjnacmb.com/casino?registration=1&cid=8297204705&pid=297832&sip=0,mostbet,Mostbet,mostbet_assets,297832,True,Mostbet official website,True,,302 https://links-go9.top/mostbet → 302 https://65r08go.com/QFqF → 200 https://nvjnacmb.com/casino?registration=1&cid=8297204705&pid=297832&sip=0
cazino-mostbet-games1.top,latest,external,https://links-go9.top/mostbet_cr,https://ijwdpnmb.com/casino?registration=1&cid=8297204741&pid=297832&sip=0,mostbet,Mostbet,mostbet_assets,297832,True,Mostbet official website,True,,302 https://links-go9.top/mostbet_cr → 302 https://65r08go.com/QFqF → 200 https://ijwdpnmb.com/casino?registration=1&cid=8297204741&pid=297832&sip=0
casino-mostbet.top,latest,external,https://mostbet.partners/,,needs_browser,,http_undecided,,,,,,
casinomostbet.info,latest,external,https://mostbet.partners/,,needs_browser,,http_undecided,,,,,,
cazino-mostbet-games.ru,latest,home_redirect,https://cazino-mostbet-games.ru/,https://cazino-mostbet-games1.top,mostbet,Mostbet,mostbet_assets,,True,,,,
casinomostbet.online,latest,external,https://mostbet.partners/,,needs_browser,,http_undecided,,,,,,
cazinomostbet.top,latest,external,https://links-go9.top/mostbet_android,https://nvjnacmb.com/casino?registration=1&cid=8297204659&pid=297832&sip=0,mostbet,Mostbet,mostbet_assets,297832,True,Mostbet official website,True,,302 https://links-go9.top/mostbet_android → 302 https://65r08go.com/QFqF → 200 https://nvjnacmb.com/casino?registration=1&cid=8297204659&pid=297832&sip=0
cazinomostbet.top,latest,external,https://links-go9.top/mostbet_ios,https://ijwdpnmb.com/casino?registration=1&cid=8297204703&pid=297832&sip=0,mostbet,Mostbet,mostbet_assets,297832,True,Mostbet official website,True,,302 https://links-go9.top/mostbet_ios → 302 https://65r08go.com/QFqF → 200 https://ijwdpnmb.com/casino?registration=1&cid=8297204703&pid=297832&sip=0
cazinomostbet.top,latest,external,https://links-go9.top/mostbet,https://nvjnacmb.com/casino?registration=1&cid=8297204705&pid=297832&sip=0,mostbet,Mostbet,mostbet_assets,297832,True,Mostbet official website,True,,302 https://links-go9.top/mostbet → 302 https://65r08go.com/QFqF → 200 https://nvjnacmb.com/casino?registration=1&cid=8297204705&pid=297832&sip=0
cazinomostbet.top,latest,external,https://links-go9.top/mostbet_cr,https://ijwdpnmb.com/casino?registration=1&cid=8297204741&pid=297832&sip=0,mostbet,Mostbet,mostbet_assets,297832,True,Mostbet official website,True,,302 https://links-go9.top/mostbet_cr → 302 https://65r08go.com/QFqF → 200 https://ijwdpnmb.com/casino?registration=1&cid=8297204741&pid=297832&sip=0
bonussmostbet1.top,latest,external,https://links-go9.top/mostbet_android,https://nvjnacmb.com/casino?registration=1&cid=8297204633&pid=297832&sip=0,mostbet,Mostbet,mostbet_assets,297832,True,Mostbet official website,True,,302 https://links-go9.top/mostbet_android → 302 https://65r08go.com/QFqF → 200 https://nvjnacmb.com/casino?registration=1&cid=8297204633&pid=297832&sip=0
bonussmostbet1.top,latest,external,https://links-go9.top/mostbet_ios,https://ijwdpnmb.com/casino?registration=1&cid=8297204691&pid=297832&sip=0,mostbet,Mostbet,mostbet_assets,297832,True,Mostbet official website,,,302 https://links-go9.top/mostbet_ios → 302 https://65r08go.com/QFqF → 200 https://ijwdpnmb.com/casino?registration=1&cid=8297204691&pid=297832&sip=0
bonussmostbet1.top,latest,external,https://links-go9.top/mostbet,https://nvjnacmb.com/casino?registration=1&cid=8297204719&pid=297832&sip=0,mostbet,Mostbet,mostbet_assets,297832,True,Mostbet official website,,,302 https://links-go9.top/mostbet → 302 https://65r08go.com/QFqF → 200 https://nvjnacmb.com/casino?registration=1&cid=8297204719&pid=297832&sip=0
bonussmostbet1.top,latest,external,https://links-go9.top/mostbet_cr,https://ijwdpnmb.com/casino?registration=1&cid=8297204741&pid=297832&sip=0,mostbet,Mostbet,mostbet_assets,297832,True,Mostbet official website,True,,302 https://links-go9.top/mostbet_cr → 302 https://65r08go.com/QFqF → 200 https://ijwdpnmb.com/casino?registration=1&cid=8297204741&pid=297832&sip=0
chicxulubcrater.org,latest,js:script_url,https://mostbet-cz-cz.dietavkrabicce.cz/,https://mostbet-cz-cz.dietavkrabicce.cz/,brand_site,Mostbet,name_only_weak,,False,"Mostbet CZ ⭐️ Bonus 40 000 CZK, online kasino a sportovní sázky",True,,200 https://mostbet-cz-cz.dietavkrabicce.cz/
cazinomostbet.ru,latest,home_redirect,https://cazinomostbet.ru/,https://cazinomostbet.top/,mostbet,Mostbet,mostbet_assets,,True,,,,
citymostbet-340.ru,latest,external,https://links-go9.top/mostbet_android,https://nvjnacmb.com/casino?registration=1&cid=8297204659&pid=297832&sip=0,mostbet,Mostbet,mostbet_assets,297832,True,Mostbet official website,True,,302 https://links-go9.top/mostbet_android → 302 https://65r08go.com/QFqF → 200 https://nvjnacmb.com/casino?registration=1&cid=8297204659&pid=297832&sip=0
citymostbet-340.ru,latest,external,https://links-go9.top/mostbet_ios,https://ijwdpnmb.com/casino?registration=1&cid=8297204703&pid=297832&sip=0,mostbet,Mostbet,mostbet_assets,297832,True,Mostbet official website,True,,302 https://links-go9.top/mostbet_ios → 302 https://65r08go.com/QFqF → 200 https://ijwdpnmb.com/casino?registration=1&cid=8297204703&pid=297832&sip=0
citymostbet-340.ru,latest,external,https://links-go9.top/mostbet,https://nvjnacmb.com/casino?registration=1&cid=8297204719&pid=297832&sip=0,mostbet,Mostbet,mostbet_assets,297832,True,Mostbet official website,True,,302 https://links-go9.top/mostbet → 302 https://65r08go.com/QFqF → 200 https://nvjnacmb.com/casino?registration=1&cid=8297204719&pid=297832&sip=0
citymostbet-340.ru,latest,external,https://links-go9.top/mostbet_cr,https://ijwdpnmb.com/casino?registration=1&cid=8297204741&pid=297832&sip=0,mostbet,Mostbet,mostbet_assets,297832,True,Mostbet official website,True,,302 https://links-go9.top/mostbet_cr → 302 https://65r08go.com/QFqF → 200 https://ijwdpnmb.com/casino?registration=1&cid=8297204741&pid=297832&sip=0
azart-mostbet7498.top,latest,external,https://links-go9.top/mostbet_android,https://nvjnacmb.com/casino?registration=1&cid=8297204633&pid=297832&sip=0,mostbet,Mostbet,mostbet_assets,297832,True,Mostbet official website,,,302 https://links-go9.top/mostbet_android → 302 https://65r08go.com/QFqF → 200 https://nvjnacmb.com/casino?registration=1&cid=8297204633&pid=297832&sip=0
azart-mostbet7498.top,latest,external,https://links-go9.top/mostbet_ios,https://ijwdpnmb.com/casino?registration=1&cid=8297204683&pid=297832&sip=0,mostbet,Mostbet,mostbet_assets,297832,True,Mostbet official website,,,302 https://links-go9.top/mostbet_ios → 302 https://65r08go.com/QFqF → 200 https://ijwdpnmb.com/casino?registration=1&cid=8297204683&pid=297832&sip=0
azart-mostbet7498.top,latest,external,https://links-go9.top/mostbet,https://nvjnacmb.com/casino?registration=1&cid=8297204705&pid=297832&sip=0,mostbet,Mostbet,mostbet_assets,297832,True,Mostbet official website,,,302 https://links-go9.top/mostbet → 302 https://65r08go.com/QFqF → 200 https://nvjnacmb.com/casino?registration=1&cid=8297204705&pid=297832&sip=0
azart-mostbet7498.top,latest,external,https://links-go9.top/mostbet_cr,https://ijwdpnmb.com/casino?registration=1&cid=8297204757&pid=297832&sip=0,mostbet,Mostbet,mostbet_assets,297832,True,Mostbet official website,,,302 https://links-go9.top/mostbet_cr → 302 https://65r08go.com/QFqF → 200 https://ijwdpnmb.com/casino?registration=1&cid=8297204757&pid=297832&sip=0
bosscherstichting.org,latest,internal_redirect_like,https://www.bosscherstichting.org/play,,needs_browser,,http_undecided,,,,,,
bosscherstichting.org,latest,external,https://ftctenis.pl,https://www.aftermarket.eu/?utm_source=parking_refresh&utm_medium=organic,non_gambling,Internet domain marketplace,no_gambling_words,,True,Internet domain marketplace - Aftermarket.eu,,,200 https://ftctenis.pl → 200 https://www.aftermarket.eu/?utm_source=parking_refresh&utm_medium=organic
bosscherstichting.org,latest,external,https://volta-sq.pl,https://volta-sq.pl,non_gambling,Forum Counter Strike,no_gambling_words,,False,Forum Counter Strike,,,200 https://volta-sq.pl
childcareindiana.org,latest,internal_redirect_like,https://www.efectocolmena.com/apk,http://d4hdamr0.top/ybzRsnYF?sub1=apk,dead,,http_404,,,,,,301 https://www.efectocolmena.com/apk → 301 http://www.efectocolmena.com/apk/ → 301 https://www.efectocolmena.com/apk/ → 404 http://d4hdamr0.top/ybzRsnYF?sub1=apk
childcareindiana.org,latest,external,https://www.dmca.com/Protection/Status.aspx?ID=225ce1fd-06ca-4f34-a4ce-dd38462deb09,https://www.dmca.com/Protection/Status.aspx?ID=225ce1fd-06ca-4f34-a4ce-dd38462deb09,non_gambling,DMCA Content Protection Service - Protect Your Content,no_gambling_words,,False,,True,,200 https://www.dmca.com/Protection/Status.aspx?ID=225ce1fd-06ca-4f34-a4ce-dd38462deb09
contodotacos.com,latest,js:script_url,https://mostbet-cz-cz.dietavkrabicce.cz/,https://mostbet-cz-cz.dietavkrabicce.cz/,brand_site,Mostbet,name_only_weak,,False,"Mostbet CZ ⭐️ Bonus 40 000 CZK, online kasino a sportovní sázky",True,,200 https://mostbet-cz-cz.dietavkrabicce.cz/
belladonna-kolin.cz,latest,js:data-sf-a,https://win.mostbet-cezko.com/VN7UmhA,,needs_browser,,http_undecided,,,,,,
belladonna-kolin.cz,latest,internal_page_link,https://www.dmca.com/Protection/Status.aspx?ID=585d130d-61da-4595-a43c-d1b566180c44&refurl=https://belladonna-kolin.cz/registrace/,https://www.dmca.com/Protection/Status.aspx?ID=585d130d-61da-4595-a43c-d1b566180c44&refurl=https://belladonna-kolin.cz/registrace/,brand_site,Mostbet,name_only_weak,,False,Mostbet Registrace a ověření pro české... | Protected by DMCA.com,,,200 https://www.dmca.com/Protection/Status.aspx?ID=585d130d-61da-4595-a43c-d1b566180c44&refurl=https://belladonna-kolin.cz/registrace/
belladonna-kolin.cz,latest,internal_page_link,https://www.dmca.com/Protection/Status.aspx?ID=585d130d-61da-4595-a43c-d1b566180c44&refurl=https://belladonna-kolin.cz/promo-kod/,https://www.dmca.com/Protection/Status.aspx?ID=585d130d-61da-4595-a43c-d1b566180c44&refurl=https://belladonna-kolin.cz/promo-kod/,brand_site,Mostbet,name_only_weak,,False,Mostbet Promo kód - aktivujte nyní... | Protected by DMCA.com,,,200 https://www.dmca.com/Protection/Status.aspx?ID=585d130d-61da-4595-a43c-d1b566180c44&refurl=https://belladonna-kolin.cz/promo-kod/
belladonna-kolin.cz,latest,external,https://www.dmca.com/Protection/Status.aspx?ID=585d130d-61da-4595-a43c-d1b566180c44&refurl=https://belladonna-kolin.cz/,https://www.dmca.com/Protection/Status.aspx?ID=585d130d-61da-4595-a43c-d1b566180c44&refurl=https://belladonna-kolin.cz/,brand_site,Mostbet,name_only_weak,,False,Mostbet CZ Casino - Přihlášení na Oficiální... | Protected by DMCA.com,,,200 https://www.dmca.com/Protection/Status.aspx?ID=585d130d-61da-4595-a43c-d1b566180c44&refurl=https://belladonna-kolin.cz/
3alnasya.org,latest,js:data-href,https://demo.spribe.io/launch/aviator?currency=EGP&lang=EN&return_url=https://spribe.co/games,,needs_browser,,http_undecided,,,,,,
3alnasya.org,latest,js:data-href,https://server.ssg-public.com/SmartSoftGamePlay/authorization.aspx?GameName=PlinkoX,,needs_browser,,http_undecided,,,,,,
3alnasya.org,latest,js:data-href,https://demogamesfree.pragmaticplay.net/gs2c/openGame.do?lang=en&cur=EGP&gameSymbol=vs20olympgate,,needs_browser,,http_undecided,,,,,,
3alnasya.org,latest,internal_page_link,https://www.dmca.com/Protection/Status.aspx?ID=585d130d-61da-4595-a43c-d1b566180c44&refurl=https://3alnasya.org/registration/,https://www.dmca.com/Protection/Status.aspx?ID=585d130d-61da-4595-a43c-d1b566180c44&refurl=https://3alnasya.org/registration/,brand_site,Mostbet,name_only_weak,,False,التسجيل في Mostbet 2026: دليل كامل... | Protected by DMCA.com,,,200 https://www.dmca.com/Protection/Status.aspx?ID=585d130d-61da-4595-a43c-d1b566180c44&refurl=https://3alnasya.org/registration/
3alnasya.org,latest,internal_page_link,https://www.dmca.com/Protection/Status.aspx?ID=585d130d-61da-4595-a43c-d1b566180c44&refurl=https://3alnasya.org/promo-code/,https://www.dmca.com/Protection/Status.aspx?ID=585d130d-61da-4595-a43c-d1b566180c44&refurl=https://3alnasya.org/promo-code/,brand_site,Mostbet,name_only_weak,,False,الرمز الترويجي لـ Mostbet 2026: كيفية... | Protected by DMCA.com,,,200 https://www.dmca.com/Protection/Status.aspx?ID=585d130d-61da-4595-a43c-d1b566180c44&refurl=https://3alnasya.org/promo-code/
3alnasya.org,latest,internal_page_link,https://www.dmca.com/Protection/Status.aspx?ID=585d130d-61da-4595-a43c-d1b566180c44&refurl=https://3alnasya.org/app/,https://www.dmca.com/Protection/Status.aspx?ID=585d130d-61da-4595-a43c-d1b566180c44&refurl=https://3alnasya.org/app/,brand_site,Mostbet,name_only_weak,,False,تحميل تطبيق Mostbet مصر 2026 للأندرويد... | Protected by DMCA.com,,,200 https://www.dmca.com/Protection/Status.aspx?ID=585d130d-61da-4595-a43c-d1b566180c44&refurl=https://3alnasya.org/app/
3alnasya.org,latest,external,https://www.dmca.com/Protection/Status.aspx?ID=585d130d-61da-4595-a43c-d1b566180c44&refurl=https://3alnasya.org/,https://www.dmca.com/Protection/Status.aspx?ID=585d130d-61da-4595-a43c-d1b566180c44&refurl=https://3alnasya.org/,brand_site,Mostbet,name_only_weak,,False,⭐ كازينو Mostbet الرسمي والمراهنات... | Protected by DMCA.com,,,200 https://www.dmca.com/Protection/Status.aspx?ID=585d130d-61da-4595-a43c-d1b566180c44&refurl=https://3alnasya.org/
clicksudd.biz,latest,js:form,https://clicksudd.biz/shop/goods/search,,needs_browser,,http_undecided,,,,,,
clicksudd.biz,latest,js:form,https://clicksudd.biz/shop/cart/cart,,needs_browser,,http_undecided,,,,,,
cybermostbet-725.ru,latest,home_redirect,https://cybermostbet-725.ru/,https://mostbet-1uy.top/,mostbet,Mostbet,mostbet_assets,,True,,,,
bolsainmobiliaria.pe,latest,internal_page_link,https://mostbets.com.pl/,https://mostbets.com.pl/,brand_site,Mostbet,name_only_weak,,False,Mostbet - Zakłady sportowe i kasyno w Polsce | Oficjalna strona,,,200 https://mostbets.com.pl/
bolsainmobiliaria.pe,latest,external,https://mostbet.cn.in/,https://mostbet.in.net/,mostbet,Mostbet,name_only_weak,,True,Mostbet India Official Online Website — Register & Login,,,301 https://mostbet.cn.in/ → 200 https://mostbet.in.net/
bolsainmobiliaria.pe,latest,external,https://mostbets.br.com/,https://mostbets.br.com/,brand_site,Mostbet,name_only_weak,,False,Mostbet - Online Brasil Site Oficial de Apostas e Cassino,,,200 https://mostbets.br.com/
bolsainmobiliaria.pe,latest,external,https://mostbetpakistan.com/,https://mostbet.org.pk/,dead,,connect_error,,,,,,301 https://mostbetpakistan.com/
cz-mostbet.cz,latest,js:script_url,https://signup-page.com/NJytTx,,needs_browser,,http_undecided,,,,,,
cz-mostbet.org,latest,js:script_url,https://signup-page.com/NJytTx,,needs_browser,,http_undecided,,,,,,
connellyforsheriff.com,latest,js:data-sf-a,https://bd.mostbet-app.net/Sn7wajv,,needs_browser,,http_undecided,,,,,,
connellyforsheriff.com,latest,internal_page_link,https://www.dmca.com/Protection/Status.aspx?ID=585d130d-61da-4595-a43c-d1b566180c44&refurl=https://www.connellyforsheriff.com/registration/,https://www.dmca.com/Protection/Status.aspx?ID=585d130d-61da-4595-a43c-d1b566180c44&refurl=https://www.connellyforsheriff.com/registration/,non_gambling,DMCA Content Protection Service - Protect Your Content,no_gambling_words,,False,,,,200 https://www.dmca.com/Protection/Status.aspx?ID=585d130d-61da-4595-a43c-d1b566180c44&refurl=https://www.connellyforsheriff.com/registration/
connellyforsheriff.com,latest,external,https://www.dmca.com/Protection/Status.aspx?ID=585d130d-61da-4595-a43c-d1b566180c44&refurl=https://www.connellyforsheriff.com/,https://www.dmca.com/Protection/Status.aspx?ID=585d130d-61da-4595-a43c-d1b566180c44&refurl=https://www.connellyforsheriff.com/,non_gambling,DMCA Content Protection Service - Protect Your Content,no_gambling_words,,False,,,,200 https://www.dmca.com/Protection/Status.aspx?ID=585d130d-61da-4595-a43c-d1b566180c44&refurl=https://www.connellyforsheriff.com/
dekoratifdogaltas.net,latest,js:data-href,https://regi.mostbet1az.com/WLPLGmU?type=app,,needs_browser,,http_undecided,,,,,,
dekoratifdogaltas.net,latest,js:script_url,https://mostbetyukle.bet,https://mostbet1az.com/,mostbet,Mostbet,name_only_weak,,True,Mostbet AZ – İdman Mərciləri və Onlayn Kazino 2026 | Bonus 125%,True,,308 https://mostbetyukle.bet → 200 https://mostbet1az.com/
cult-and-art.net,latest,internal_redirect_like,https://davidstuckenberg.com/play,https://1xbet.rs:443/en/registration?tag=d_3755482m_22585c_smartlink&pb=45b3a2c401b14a689ff48b44eca10dc2&click_id=38l6ghi.637.a263d3&r=registration,other_gambling,1xBet,fields:1xBet,,True,1xBet registration ᐉ Sign up,,,302 https://davidstuckenberg.com/play → 302 https://cf2w2a827cgd.top/3ZqQKR → 303 https://refpa-57015.com/L?tag=d_3755482m_22585c_smartlink&pb=45b3a2c401b14a689ff48b44eca10dc2&click_id=38l6ghi.637.a263d3&r=registration → 200 https://1xbet.rs:443/en/registration?tag=d_3755482m_22585c_smartlink&pb=45b3a2c401b14a689ff48b44eca10dc2&click_id=38l6ghi.637.a263d3&r=registration
diablicospanama.com,latest,internal_redirect_like,https://mostbetmagyar.org/go/,https://1xbet.rs:443/en/registration?tag=d_3755482m_22585c_smartlink&pb=45b3a2c401b14a689ff48b44eca10dc2&click_id=38l6ghi.637.a263df&r=registration,other_gambling,1xBet,fields:1xBet,,True,1xBet registration ᐉ Sign up,,,301 https://mostbetmagyar.org/go/ → 301 http://wcgki50.top/hDnW6D → 302 https://wcgki50.top/hDnW6D → 303 https://refpa-57015.com/L?tag=d_3755482m_22585c_smartlink&pb=45b3a2c401b14a689ff48b44eca10dc2&click_id=38l6ghi.637.a263df&r=registration → 200 https://1xbet.rs:443/en/registration?tag=d_3755482m_22585c_smartlink&pb=45b3a2c401b14a689ff48b44eca10dc2&click_id=38l6ghi.637.a263df&r=registration
doc-fishing.com,latest,js:script_url,https://mostbet-cz-cz.dietavkrabicce.cz/,https://mostbet-cz-cz.dietavkrabicce.cz/,brand_site,Mostbet,name_only_weak,,False,"Mostbet CZ ⭐️ Bonus 40 000 CZK, online kasino a sportovní sázky",True,,200 https://mostbet-cz-cz.dietavkrabicce.cz/
awtsport.com,latest,js:data-sf-a,https://reg.mostbet-egypt-2025.com/7ancUsT,,needs_browser,,http_undecided,,,,,,
awtsport.com,latest,internal_page_link,https://www.dmca.com/Protection/Status.aspx?ID=585d130d-61da-4595-a43c-d1b566180c44&refurl=https://awtsport.com/app/,https://www.dmca.com/Protection/Status.aspx?ID=585d130d-61da-4595-a43c-d1b566180c44&refurl=https://awtsport.com/app/,brand_site,Mostbet,name_only_weak,,False,تطبيق Mostbet - دليلك الكامل للمراهنات... | Protected by DMCA.com,,,200 https://www.dmca.com/Protection/Status.aspx?ID=585d130d-61da-4595-a43c-d1b566180c44&refurl=https://awtsport.com/app/
awtsport.com,latest,internal_page_link,https://www.dmca.com/Protection/Status.aspx?ID=585d130d-61da-4595-a43c-d1b566180c44&refurl=https://awtsport.com/sign-up/,https://www.dmca.com/Protection/Status.aspx?ID=585d130d-61da-4595-a43c-d1b566180c44&refurl=https://awtsport.com/sign-up/,brand_site,Mostbet,name_only_weak,,False,تسجيل Mostbet - دليلك الكامل للتسجيل... | Protected by DMCA.com,,,200 https://www.dmca.com/Protection/Status.aspx?ID=585d130d-61da-4595-a43c-d1b566180c44&refurl=https://awtsport.com/sign-up/
awtsport.com,latest,internal_page_link,https://www.dmca.com/Protection/Status.aspx?ID=585d130d-61da-4595-a43c-d1b566180c44&refurl=https://awtsport.com/bonus-offers/,https://www.dmca.com/Protection/Status.aspx?ID=585d130d-61da-4595-a43c-d1b566180c44&refurl=https://awtsport.com/bonus-offers/,brand_site,Mostbet,name_only_weak,,False,عروض Mostbet الترويجية - دليل شامل... | Protected by DMCA.com,,,200 https://www.dmca.com/Protection/Status.aspx?ID=585d130d-61da-4595-a43c-d1b566180c44&refurl=https://awtsport.com/bonus-offers/
awtsport.com,latest,internal_page_link,https://www.dmca.com/Protection/Status.aspx?ID=585d130d-61da-4595-a43c-d1b566180c44&refurl=https://awtsport.com/promo-code/,https://www.dmca.com/Protection/Status.aspx?ID=585d130d-61da-4595-a43c-d1b566180c44&refurl=https://awtsport.com/promo-code/,non_gambling,DMCA Content Protection Service - Protect Your Content,no_gambling_words,,False,موست بت برومو كود - دليلك الكامل للحصول... | Protected by DMCA.com,,,200 https://www.dmca.com/Protection/Status.aspx?ID=585d130d-61da-4595-a43c-d1b566180c44&refurl=https://awtsport.com/promo-code/
awtsport.com,latest,internal_page_link,https://www.dmca.com/Protection/Status.aspx?ID=585d130d-61da-4595-a43c-d1b566180c44&refurl=https://awtsport.com/casino/,https://www.dmca.com/Protection/Status.aspx?ID=585d130d-61da-4595-a43c-d1b566180c44&refurl=https://awtsport.com/casino/,brand_site,Mostbet,name_only_weak,,False,كازينو MostBet - الألعاب، والمكافآت،... | Protected by DMCA.com,,,200 https://www.dmca.com/Protection/Status.aspx?ID=585d130d-61da-4595-a43c-d1b566180c44&refurl=https://awtsport.com/casino/
dorksidetoys.com,latest,internal_redirect_like,https://www.efectocolmena.com/apk,http://d4hdamr0.top/ybzRsnYF?sub1=apk,dead,,http_404,,,,,,301 https://www.efectocolmena.com/apk → 301 http://www.efectocolmena.com/apk/ → 301 https://www.efectocolmena.com/apk/ → 404 http://d4hdamr0.top/ybzRsnYF?sub1=apk
dorksidetoys.com,latest,external,https://www.dmca.com/Protection/Status.aspx?ID=225ce1fd-06ca-4f34-a4ce-dd38462deb09,https://www.dmca.com/Protection/Status.aspx?ID=225ce1fd-06ca-4f34-a4ce-dd38462deb09,non_gambling,DMCA Content Protection Service - Protect Your Content,no_gambling_words,,False,,True,,200 https://www.dmca.com/Protection/Status.aspx?ID=225ce1fd-06ca-4f34-a4ce-dd38462deb09
asspirine.pl,latest,external,https://skiffplans.com,,needs_browser,,http_undecided,,,,,,
asspirine.pl,latest,external,https://bunkerplans.net/,https://bunkerplans.net/,non_gambling,Bunker Plans,no_gambling_words,,False,Bunker Plans,,,200 https://bunkerplans.net/
cinemaalmariah.com,latest,js:data-sf-a,https://reg.mostbet-egypt-2025.com/7ancUsT,,needs_browser,,http_undecided,,,,,,
cinemaalmariah.com,latest,internal_page_link,https://www.dmca.com/Protection/Status.aspx?ID=585d130d-61da-4595-a43c-d1b566180c44&refurl=https://cinemaalmariah.com/app/,https://www.dmca.com/Protection/Status.aspx?ID=585d130d-61da-4595-a43c-d1b566180c44&refurl=https://cinemaalmariah.com/app/,brand_site,Mostbet,name_only_weak,,False,تطبيق Mostbet - دليلك الكامل للمراهنات... | Protected by DMCA.com,,,200 https://www.dmca.com/Protection/Status.aspx?ID=585d130d-61da-4595-a43c-d1b566180c44&refurl=https://cinemaalmariah.com/app/
cinemaalmariah.com,latest,internal_page_link,https://www.dmca.com/Protection/Status.aspx?ID=585d130d-61da-4595-a43c-d1b566180c44&refurl=https://cinemaalmariah.com/sign-up/,https://www.dmca.com/Protection/Status.aspx?ID=585d130d-61da-4595-a43c-d1b566180c44&refurl=https://cinemaalmariah.com/sign-up/,brand_site,Mostbet,name_only_weak,,False,تسجيل Mostbet - دليلك الكامل للتسجيل... | Protected by DMCA.com,,,200 https://www.dmca.com/Protection/Status.aspx?ID=585d130d-61da-4595-a43c-d1b566180c44&refurl=https://cinemaalmariah.com/sign-up/
cinemaalmariah.com,latest,internal_page_link,https://www.dmca.com/Protection/Status.aspx?ID=585d130d-61da-4595-a43c-d1b566180c44&refurl=https://cinemaalmariah.com/bonus-offers/,https://www.dmca.com/Protection/Status.aspx?ID=585d130d-61da-4595-a43c-d1b566180c44&refurl=https://cinemaalmariah.com/bonus-offers/,brand_site,Mostbet,name_only_weak,,False,عروض Mostbet الترويجية - دليل شامل... | Protected by DMCA.com,,,200 https://www.dmca.com/Protection/Status.aspx?ID=585d130d-61da-4595-a43c-d1b566180c44&refurl=https://cinemaalmariah.com/bonus-offers/
cinemaalmariah.com,latest,internal_page_link,https://www.dmca.com/Protection/Status.aspx?ID=585d130d-61da-4595-a43c-d1b566180c44&refurl=https://cinemaalmariah.com/promo-code/,https://www.dmca.com/Protection/Status.aspx?ID=585d130d-61da-4595-a43c-d1b566180c44&refurl=https://cinemaalmariah.com/promo-code/,non_gambling,DMCA Content Protection Service - Protect Your Content,no_gambling_words,,False,موست بت برومو كود - دليلك الكامل للحصول... | Protected by DMCA.com,,,200 https://www.dmca.com/Protection/Status.aspx?ID=585d130d-61da-4595-a43c-d1b566180c44&refurl=https://cinemaalmariah.com/promo-code/
cinemaalmariah.com,latest,internal_page_link,https://www.dmca.com/Protection/Status.aspx?ID=585d130d-61da-4595-a43c-d1b566180c44&refurl=https://cinemaalmariah.com/casino/,https://www.dmca.com/Protection/Status.aspx?ID=585d130d-61da-4595-a43c-d1b566180c44&refurl=https://cinemaalmariah.com/casino/,brand_site,Mostbet,name_only_weak,,False,كازينو MostBet - الألعاب، والمكافآت،... | Protected by DMCA.com,,,200 https://www.dmca.com/Protection/Status.aspx?ID=585d130d-61da-4595-a43c-d1b566180c44&refurl=https://cinemaalmariah.com/casino/
avangardkolomna.ru,latest,js:form,https://avangardkolomna.ru/register,https://queenpropel.top?ref=fap_w41971p111_1001&utm_term={click_id}&utm_source={webmaster_id},dead,,http_502,,,,,,301 https://avangardkolomna.ru/register → 502 https://queenpropel.top?ref=fap_w41971p111_1001&utm_term={click_id}&utm_source={webmaster_id}
avangardkolomna.ru,latest,js:onclick,https://avangardkolomna.ru/go-yard,,needs_browser,,http_undecided,,,,,,
avangardkolomna.ru,latest,js:onclick,https://avangardkolomna.ru/go-norm,,needs_browser,,http_undecided,,,,,,
avangardkolomna.ru,latest,js:onclick,https://avangardkolomna.ru/go-gama,,needs_browser,,http_undecided,,,,,,
avangardkolomna.ru,latest,js:onclick,https://avangardkolomna.ru/go-spinto,,needs_browser,,http_undecided,,,,,,
avangardkolomna.ru,latest,js:onclick,https://avangardkolomna.ru/go-dragon,,needs_browser,,http_undecided,,,,,,
avangardkolomna.ru,latest,js:onclick,https://avangardkolomna.ru/go-joycasino,https://joycasino.com,other_gambling,Joycasino,fields:Joycasino,,True,Visit casino online to play the best slot machines for free without registration | Joycasino,,,301 https://avangardkolomna.ru/go-joycasino → 302 https://1264.swiftours.com/ru/registration?partner=p1264p7118p766f → 200 https://joycasino.com
avangardkolomna.ru,latest,js:onclick,https://avangardkolomna.ru/go-funpari,https://funpari.com:443/en?tag=d_5923196m_69743c_&pb=f808d1beed0940fd9da6281c7f609a93&click_id=%7Bclick_id%7D,other_gambling,FunPari,gambling_words_unrecognized,,True,FunPari ᐉ Online Sports Betting ᐉ FunPari Online Bookmaker Log In ᐉ funpari.com,,,301 https://avangardkolomna.ru/go-funpari → 303 https://fpaff.top/L?tag=d_5923196m_69743c_&pb=f808d1beed0940fd9da6281c7f609a93&click_id={click_id} → 200 https://funpari.com:443/en?tag=d_5923196m_69743c_&pb=f808d1beed0940fd9da6281c7f609a93&click_id=%7Bclick_id%7D
avangardkolomna.ru,latest,js:onclick,https://avangardkolomna.ru/go-mad,,needs_browser,,http_undecided,,,,,,
avangardkolomna.ru,latest,js:onclick,https://avangardkolomna.ru/go-7k,https://dealredirect-go.com/?s=137&ref=sk_w235056c370592l17258p2169_,other_gambling,7K,fields:7K Casino,,True,7K Casino - loading...,,,301 https://avangardkolomna.ru/go-7k → 302 https://trytracklink.com/l/6a1c63300638b45b1e06ee22 → 200 https://dealredirect-go.com/?s=137&ref=sk_w235056c370592l17258p2169_
avangardkolomna.ru,latest,js:onclick,https://avangardkolomna.ru/go-selector,https://selecas.in/go3,dead,,connect_error,,,,,,301 https://avangardkolomna.ru/go-selector
avangardkolomna.ru,latest,js:onclick,https://avangardkolomna.ru/go-melbet,https://melbet.org:443/en/registration?tag=d_5750063m_2170c_,other_gambling,Melbet,fields:MelBet,,True,MelBet registration Link ᐉ MelBet Register (signup) on website melbet.org,,,301 https://avangardkolomna.ru/go-melbet → 303 https://refpa3665.com/L?tag=d_5750063m_2170c_&site=5750063&ad=2170&r=registration → 200 https://melbet.org:443/en/registration?tag=d_5750063m_2170c_
cleanix-service.de,latest,external,https://lyrabetcasinonl.nl/,,needs_browser,,http_undecided,,,,,,
cleanix-service.de,latest,external,https://yellowbetonline.com/inscription/,https://yellowbetonline.com/inscription/,gambling_site,YellowBet,gambling_words_unrecognized,,False,Yellowbet Inscription : Créer un Compte Rapidement,,,200 https://yellowbetonline.com/inscription/
cleanix-service.de,latest,external,https://vegashero-go.com/,https://vegashero-go.com/,gambling_site,Vegas Hero,gambling_words_unrecognized,,False,Vegas Hero 🎰 Claim $800 Bonus & Play in AU Today!,,,200 https://vegashero-go.com/
cleanix-service.de,latest,external,https://fatbet-casino-official-au.com/,https://fatbet-casino-official-au.com/,gambling_site,Fatbet,gambling_words_unrecognized,,False,Explore Fatbet Online Casino in Australia Today,,,200 https://fatbet-casino-official-au.com/
cleanix-service.de,latest,external,https://oshi-casino-win-au.com/,https://oshi-casino-win-au.com/,gambling_site,Oshi Casino,gambling_words_unrecognized,,False,Oshi Casino AU 🎰 Play 3500+ Games & Win Big!,,,200 https://oshi-casino-win-au.com/
cleanix-service.de,latest,external,https://betspinoonline.net/,https://betspinoonline.net/,gambling_site,BetSpino Online Casino Nederland,gambling_words_unrecognized,,False,BetSpino Online Casino Nederland — 4000+ Spellen & Royale Welkomstbonus,,,200 https://betspinoonline.net/
cleanix-service.de,latest,external,https://betspinonl.net/,https://betspinonl.net/,gambling_site,BetSpino Casino NL,gambling_words_unrecognized,,False,BetSpino Casino NL – Online casino met 4000+ spellen,,,200 https://betspinonl.net/
cleanix-service.de,latest,external,https://cazeus-win.com/,https://cazeus-win.com/,dead,,connect_error,,,,,,
ekofarmarohoznice.cz,latest,js:script_url,https://mostbet-cz-cz.dietavkrabicce.cz/,https://mostbet-cz-cz.dietavkrabicce.cz/,brand_site,Mostbet,name_only_weak,,False,"Mostbet CZ ⭐️ Bonus 40 000 CZK, online kasino a sportovní sázky",True,,200 https://mostbet-cz-cz.dietavkrabicce.cz/
emma-toolkit.org,latest,internal_redirect_like,https://www.efectocolmena.com/apk,http://d4hdamr0.top/ybzRsnYF?sub1=apk,dead,,http_404,,,,,,301 https://www.efectocolmena.com/apk → 301 http://www.efectocolmena.com/apk/ → 301 https://www.efectocolmena.com/apk/ → 404 http://d4hdamr0.top/ybzRsnYF?sub1=apk
emma-toolkit.org,latest,external,https://www.dmca.com/Protection/Status.aspx?ID=225ce1fd-06ca-4f34-a4ce-dd38462deb09,https://www.dmca.com/Protection/Status.aspx?ID=225ce1fd-06ca-4f34-a4ce-dd38462deb09,non_gambling,DMCA Content Protection Service - Protect Your Content,no_gambling_words,,False,,True,,200 https://www.dmca.com/Protection/Status.aspx?ID=225ce1fd-06ca-4f34-a4ce-dd38462deb09
faqmostbet.ru,latest,home_redirect,https://faqmostbet.ru/,https://mostbet-casino-a0x.ru/,mostbet,Mostbet,mostbet_assets,,True,,,,
energy-system.uz,latest,internal_page_link,https://hpnjesmb.com/vmhs?sub1=energy-system.uz&sub2=web&sub5=casino,https://qrncfumb.com/casino?registration=1&cid=8297205303&pid=263382&sip=0,mostbet,Mostbet,mostbet_assets,263382,True,Mostbet official website,,,302 https://hpnjesmb.com/vmhs?sub1=energy-system.uz&sub2=web&sub5=casino → 200 https://qrncfumb.com/casino?registration=1&cid=8297205303&pid=263382&sip=0
energy-system.uz,latest,internal_page_link,https://vgfiiimb.com/0mhs?sub1=energy-system.uz&sub2=app,https://upload.cdn-mb.com/apk/repacker-ng/repacks/mostbet_7.17/e4940f7f-7f73-423d-9707-e098f0679550/mostbet_7.17.apk,mostbet,Mostbet,download:application/octet-stream,,,,,,302 https://vgfiiimb.com/0mhs?sub1=energy-system.uz&sub2=app → 200 https://upload.cdn-mb.com/apk/repacker-ng/repacks/mostbet_7.17/e4940f7f-7f73-423d-9707-e098f0679550/mostbet_7.17.apk
flattenthefear.com,latest,js:script_url,https://mostbet-cz-cz.dietavkrabicce.cz/,https://mostbet-cz-cz.dietavkrabicce.cz/,brand_site,Mostbet,name_only_weak,,False,"Mostbet CZ ⭐️ Bonus 40 000 CZK, online kasino a sportovní sázky",True,,200 https://mostbet-cz-cz.dietavkrabicce.cz/
flusserbrasil.com,latest,js:script_url,https://mostbet-cz-cz.dietavkrabicce.cz/,https://mostbet-cz-cz.dietavkrabicce.cz/,brand_site,Mostbet,name_only_weak,,False,"Mostbet CZ ⭐️ Bonus 40 000 CZK, online kasino a sportovní sázky",True,,200 https://mostbet-cz-cz.dietavkrabicce.cz/
findara.co,latest,js:data-href,https://regi.mostbet1az.com/WLPLGmU?type=app,,needs_browser,,http_undecided,,,,,,
findara.co,latest,js:script_url,https://mostbetyukle.bet,https://mostbet1az.com/,mostbet,Mostbet,name_only_weak,,True,Mostbet AZ – İdman Mərciləri və Onlayn Kazino 2026 | Bonus 125%,True,,308 https://mostbetyukle.bet → 200 https://mostbet1az.com/
finearts.uz,latest,internal_page_link,https://vgfiiimb.com/0mhs?sub1=finearts.uz&sub2=app,https://upload.cdn-mb.com/apk/repacker-ng/repacks/mostbet_7.17/e4940f7f-7f73-423d-9707-e098f0679550/mostbet_7.17.apk,mostbet,Mostbet,download:application/octet-stream,,,,True,,302 https://vgfiiimb.com/0mhs?sub1=energy-system.uz&sub2=app → 200 https://upload.cdn-mb.com/apk/repacker-ng/repacks/mostbet_7.17/e4940f7f-7f73-423d-9707-e098f0679550/mostbet_7.17.apk
finearts.uz,latest,internal_page_link,https://hpnjesmb.com/vmhs?sub1=finearts.uz&sub2=web&sub5=casino,https://qrncfumb.com/casino?registration=1&cid=8297205393&pid=263382&sip=0,mostbet,Mostbet,mostbet_assets,263382,True,Mostbet official website,,,302 https://hpnjesmb.com/vmhs?sub1=finearts.uz&sub2=web&sub5=casino → 200 https://qrncfumb.com/casino?registration=1&cid=8297205393&pid=263382&sip=0
gbkmostbet1.top,latest,external,https://links-go9.top/mostbet_android,https://nvjnacmb.com/casino?registration=1&cid=8297204659&pid=297832&sip=0,mostbet,Mostbet,mostbet_assets,297832,True,Mostbet official website,True,,302 https://links-go9.top/mostbet_android → 302 https://65r08go.com/QFqF → 200 https://nvjnacmb.com/casino?registration=1&cid=8297204659&pid=297832&sip=0
gbkmostbet1.top,latest,external,https://links-go9.top/mostbet_ios,https://ijwdpnmb.com/casino?registration=1&cid=8297204703&pid=297832&sip=0,mostbet,Mostbet,mostbet_assets,297832,True,Mostbet official website,True,,302 https://links-go9.top/mostbet_ios → 302 https://65r08go.com/QFqF → 200 https://ijwdpnmb.com/casino?registration=1&cid=8297204703&pid=297832&sip=0
gbkmostbet1.top,latest,external,https://links-go9.top/mostbet,https://nvjnacmb.com/casino?registration=1&cid=8297204719&pid=297832&sip=0,mostbet,Mostbet,mostbet_assets,297832,True,Mostbet official website,True,,302 https://links-go9.top/mostbet → 302 https://65r08go.com/QFqF → 200 https://nvjnacmb.com/casino?registration=1&cid=8297204719&pid=297832&sip=0
gbkmostbet1.top,latest,external,https://links-go9.top/mostbet_cr,https://ijwdpnmb.com/casino?registration=1&cid=8297204757&pid=297832&sip=0,mostbet,Mostbet,mostbet_assets,297832,True,Mostbet official website,True,,302 https://links-go9.top/mostbet_cr → 302 https://65r08go.com/QFqF → 200 https://ijwdpnmb.com/casino?registration=1&cid=8297204757&pid=297832&sip=0
gbkmostbet.ru,latest,home_redirect,https://gbkmostbet.ru/,https://gbkmostbet1.top,mostbet,Mostbet,mostbet_assets,,True,,,,
galeriamalta.pl,latest,internal_redirect_like,https://galeriamalta.pl/ref_ka,,needs_browser,,http_undecided,,,,,,
emlakgazetesi.com,latest,internal_redirect_like,https://emlakgazetesi.com/go.php,https://1xbet.rs:443/en/registration?tag=d_3755482m_22585c_smartlink&pb=45b3a2c401b14a689ff48b44eca10dc2&click_id=38l6ghi.637.a263i6&r=registration,other_gambling,1xBet,fields:1xBet,,True,1xBet registration ᐉ Sign up,,,301 https://emlakgazetesi.com/go.php → 301 http://qgmbnoe.top/Bth17C → 302 https://qgmbnoe.top/Bth17C → 303 https://refpa-57015.com/L?tag=d_3755482m_22585c_smartlink&pb=45b3a2c401b14a689ff48b44eca10dc2&click_id=38l6ghi.637.a263i6&r=registration → 200 https://1xbet.rs:443/en/registration?tag=d_3755482m_22585c_smartlink&pb=45b3a2c401b14a689ff48b44eca10dc2&click_id=38l6ghi.637.a263i6&r=registration
emlakgazetesi.com,latest,external,https://mostbet-azerbaijan.org,https://davidstuckenberg.com/,mostbet,Mostbet,name_only_weak,,True,Mostbet AZ Giriş ᐉ Mostbet Azerbaycan Rəsmi Casino,,,301 https://mostbet-azerbaijan.org → 301 https://winterhockeygames.com/ → 301 https://www.hungeractionnys.org/ → 200 https://davidstuckenberg.com/
emlakgazetesi.com,latest,external,https://www.rsn-rb.ru/,https://ruki-iz-plech.kz/,mostbet,Mostbet,name_only_weak,,True,Мостбет зеркало | Вход на официальный сайт казино Mostbet,,,301 https://www.rsn-rb.ru/ → 200 https://ruki-iz-plech.kz/
emlakgazetesi.com,latest,external,https://undp.kg/,,needs_browser,,http_undecided,,,,,,
emlakgazetesi.com,latest,external,https://finut2020.com,https://www.garantiweb.com/,gambling_site,Casino Siteleri ᐉ En İyi ve Güvenilir Casino Oyunları [2026],unrecognized_no_tracker,,True,Casino Siteleri ᐉ En İyi ve Güvenilir Casino Oyunları [2026],,,301 https://finut2020.com → 200 https://www.garantiweb.com/
factorycucine.com,latest,js:data-link,https://win.mostbet-app-bd.net/r6Tj4hf?type=app,,needs_browser,,http_undecided,,,,,,
factorycucine.com,latest,external,https://www.dmca.com/Protection/Status.aspx?ID=585d130d-61da-4595-a43c-d1b566180c44&refurl=https://factorycucine.com/,https://www.dmca.com/Protection/Status.aspx?ID=585d130d-61da-4595-a43c-d1b566180c44&refurl=https://factorycucine.com/,non_gambling,DMCA Content Protection Service - Protect Your Content,no_gambling_words,,False,,,,200 https://www.dmca.com/Protection/Status.aspx?ID=585d130d-61da-4595-a43c-d1b566180c44&refurl=https://factorycucine.com/
gfds-inc.com,latest,js:data-href,https://regi.mostbet1az.com/WLPLGmU?type=app,,needs_browser,,http_undecided,,,,,,
gfds-inc.com,latest,js:script_url,https://mostbetyukle.bet,https://mostbet1az.com/,mostbet,Mostbet,name_only_weak,,True,Mostbet AZ – İdman Mərciləri və Onlayn Kazino 2026 | Bonus 125%,True,,308 https://mostbetyukle.bet → 200 https://mostbet1az.com/
forlove.uz,latest,js:script_url,https://mostbet-mosbet-kirish-uz.com/,https://mostbet-mosbet-kirish-uz.com/,brand_site,Mostbet,name_only_weak,,False,Mostbet UZ rasmiy veb-sayti | Mosbet UZ kirish 2026 125% + 250 FS bonus,,,200 https://mostbet-mosbet-kirish-uz.com/
forlove.uz,latest,internal_page_link,https://vgfiiimb.com/0mhs?sub1=mostbet-mosbet-kirish-uz.com&sub2=app,https://upload.cdn-mb.com/apk/repacker-ng/repacks/mostbet_7.17/e4940f7f-7f73-423d-9707-e098f0679550/mostbet_7.17.apk,mostbet,Mostbet,download:application/octet-stream,,,,True,,302 https://vgfiiimb.com/0mhs?sub1=energy-system.uz&sub2=app → 200 https://upload.cdn-mb.com/apk/repacker-ng/repacks/mostbet_7.17/e4940f7f-7f73-423d-9707-e098f0679550/mostbet_7.17.apk
forlove.uz,latest,internal_page_link,https://hpnjesmb.com/vmhs?sub1=mostbet-mosbet-kirish-uz.com&sub2=web&sub5=casino,https://qrncfumb.com/casino?registration=1&cid=8297205429&pid=263382&sip=0,mostbet,Mostbet,mostbet_assets,263382,True,Mostbet official website,,,302 https://hpnjesmb.com/vmhs?sub1=mostbet-mosbet-kirish-uz.com&sub2=web&sub5=casino → 200 https://qrncfumb.com/casino?registration=1&cid=8297205429&pid=263382&sip=0
formation-formateur-grenoble.com,latest,js:data-link,https://win.mostbet-app-bd.net/r6Tj4hf?type=app,,needs_browser,,http_undecided,,,,,,
formation-formateur-grenoble.com,latest,external,https://www.dmca.com/Protection/Status.aspx?ID=585d130d-61da-4595-a43c-d1b566180c44&refurl=https://www.hausofcarslv.com/,https://www.dmca.com/Protection/Status.aspx?ID=585d130d-61da-4595-a43c-d1b566180c44&refurl=https://www.hausofcarslv.com/,brand_site,Mostbet,name_only_weak,,False,Mostbet App BD - Download for Android... | Protected by DMCA.com,,,200 https://www.dmca.com/Protection/Status.aspx?ID=585d130d-61da-4595-a43c-d1b566180c44&refurl=https://www.hausofcarslv.com/
ebru.cz,latest,js:data-sf-a,https://win.mostbet-cezko.com/VN7UmhA,,needs_browser,,http_undecided,,,,,,
ebru.cz,latest,internal_page_link,https://www.dmca.com/Protection/Status.aspx?ID=585d130d-61da-4595-a43c-d1b566180c44&refurl=https://ebru.cz/registrace/,https://www.dmca.com/Protection/Status.aspx?ID=585d130d-61da-4595-a43c-d1b566180c44&refurl=https://ebru.cz/registrace/,brand_site,Mostbet,name_only_weak,,False,Mostbet Registrace a ověření pro české... | Protected by DMCA.com,,,200 https://www.dmca.com/Protection/Status.aspx?ID=585d130d-61da-4595-a43c-d1b566180c44&refurl=https://ebru.cz/registrace/
ebru.cz,latest,internal_page_link,https://www.dmca.com/Protection/Status.aspx?ID=585d130d-61da-4595-a43c-d1b566180c44&refurl=https://ebru.cz/promo-kod/,https://www.dmca.com/Protection/Status.aspx?ID=585d130d-61da-4595-a43c-d1b566180c44&refurl=https://ebru.cz/promo-kod/,brand_site,Mostbet,name_only_weak,,False,Mostbet Promo kód - aktivujte nyní... | Protected by DMCA.com,,,200 https://www.dmca.com/Protection/Status.aspx?ID=585d130d-61da-4595-a43c-d1b566180c44&refurl=https://ebru.cz/promo-kod/
ebru.cz,latest,external,https://www.dmca.com/Protection/Status.aspx?ID=585d130d-61da-4595-a43c-d1b566180c44&refurl=https://ebru.cz/,https://www.dmca.com/Protection/Status.aspx?ID=585d130d-61da-4595-a43c-d1b566180c44&refurl=https://ebru.cz/,brand_site,Mostbet,name_only_weak,,False,Mostbet CZ Casino - Přihlášení na Oficiální... | Protected by DMCA.com,,,200 https://www.dmca.com/Protection/Status.aspx?ID=585d130d-61da-4595-a43c-d1b566180c44&refurl=https://ebru.cz/
govy40.com,latest,js:data-href,https://regi.mostbet1az.com/WLPLGmU?type=app,,needs_browser,,http_undecided,,,,,,
govy40.com,latest,js:script_url,https://mostbetyukle.bet,https://mostbet1az.com/,mostbet,Mostbet,name_only_weak,,True,Mostbet AZ – İdman Mərciləri və Onlayn Kazino 2026 | Bonus 125%,True,,308 https://mostbetyukle.bet → 200 https://mostbet1az.com/
eduemirates.com,latest,js:data-href,https://demo.spribe.io/launch/aviator?currency=EGP&lang=EN&return_url=https://spribe.co/games,,needs_browser,,http_undecided,,,,,,
eduemirates.com,latest,js:data-href,https://server.ssg-public.com/SmartSoftGamePlay/authorization.aspx?GameName=PlinkoX,,needs_browser,,http_undecided,,,,,,
eduemirates.com,latest,js:data-href,https://demogamesfree.pragmaticplay.net/gs2c/openGame.do?lang=en&cur=EGP&gameSymbol=vs20olympgate,,needs_browser,,http_undecided,,,,,,
eduemirates.com,latest,internal_page_link,https://www.dmca.com/Protection/Status.aspx?ID=585d130d-61da-4595-a43c-d1b566180c44&refurl=https://eduemirates.com/registration/,https://www.dmca.com/Protection/Status.aspx?ID=585d130d-61da-4595-a43c-d1b566180c44&refurl=https://eduemirates.com/registration/,brand_site,Mostbet,name_only_weak,,False,التسجيل في Mostbet 2026: دليل كامل... | Protected by DMCA.com,,,200 https://www.dmca.com/Protection/Status.aspx?ID=585d130d-61da-4595-a43c-d1b566180c44&refurl=https://eduemirates.com/registration/
eduemirates.com,latest,internal_page_link,https://www.dmca.com/Protection/Status.aspx?ID=585d130d-61da-4595-a43c-d1b566180c44&refurl=https://eduemirates.com/promo-code/,https://www.dmca.com/Protection/Status.aspx?ID=585d130d-61da-4595-a43c-d1b566180c44&refurl=https://eduemirates.com/promo-code/,brand_site,Mostbet,name_only_weak,,False,الرمز الترويجي لـ Mostbet 2026: كيفية... | Protected by DMCA.com,,,200 https://www.dmca.com/Protection/Status.aspx?ID=585d130d-61da-4595-a43c-d1b566180c44&refurl=https://eduemirates.com/promo-code/
eduemirates.com,latest,internal_page_link,https://www.dmca.com/Protection/Status.aspx?ID=585d130d-61da-4595-a43c-d1b566180c44&refurl=https://eduemirates.com/app/,https://www.dmca.com/Protection/Status.aspx?ID=585d130d-61da-4595-a43c-d1b566180c44&refurl=https://eduemirates.com/app/,brand_site,Mostbet,name_only_weak,,False,تحميل تطبيق Mostbet مصر 2026 للأندرويد... | Protected by DMCA.com,,,200 https://www.dmca.com/Protection/Status.aspx?ID=585d130d-61da-4595-a43c-d1b566180c44&refurl=https://eduemirates.com/app/
eduemirates.com,latest,external,https://www.dmca.com/Protection/Status.aspx?ID=585d130d-61da-4595-a43c-d1b566180c44&refurl=https://eduemirates.com/,https://www.dmca.com/Protection/Status.aspx?ID=585d130d-61da-4595-a43c-d1b566180c44&refurl=https://eduemirates.com/,brand_site,Mostbet,name_only_weak,,False,⭐ كازينو Mostbet الرسمي والمراهنات... | Protected by DMCA.com,,,200 https://www.dmca.com/Protection/Status.aspx?ID=585d130d-61da-4595-a43c-d1b566180c44&refurl=https://eduemirates.com/
hausofcarslv.com,latest,js:data-link,https://win.mostbet-app-bd.net/r6Tj4hf?type=app,,needs_browser,,http_undecided,,,,,,
hausofcarslv.com,latest,external,https://www.dmca.com/Protection/Status.aspx?ID=585d130d-61da-4595-a43c-d1b566180c44&refurl=https://www.hausofcarslv.com/,https://www.dmca.com/Protection/Status.aspx?ID=585d130d-61da-4595-a43c-d1b566180c44&refurl=https://www.hausofcarslv.com/,brand_site,Mostbet,name_only_weak,,False,Mostbet App BD - Download for Android... | Protected by DMCA.com,True,,200 https://www.dmca.com/Protection/Status.aspx?ID=585d130d-61da-4595-a43c-d1b566180c44&refurl=https://www.hausofcarslv.com/
faress.com,latest,js:data-refresh-url,https://www.faress.com/module/ps_shoppingcart/ajax,https://www.faress.com/module/ps_shoppingcart/ajax,unknown,,not_html:application/json,,,,,,200 https://www.faress.com/module/ps_shoppingcart/ajax
helpwithbowling.com,latest,js:data-href,https://regi.mostbet1az.com/WLPLGmU?type=app,,needs_browser,,http_undecided,,,,,,
helpwithbowling.com,latest,js:script_url,https://mostbetyukle.bet,https://mostbet1az.com/,mostbet,Mostbet,name_only_weak,,True,Mostbet AZ – İdman Mərciləri və Onlayn Kazino 2026 | Bonus 125%,True,,308 https://mostbetyukle.bet → 200 https://mostbet1az.com/
hotmostbet-105.ru,latest,external,https://links-go9.top/mostbet_android,https://nvjnacmb.com/casino?registration=1&cid=8297204659&pid=297832&sip=0,mostbet,Mostbet,mostbet_assets,297832,True,Mostbet official website,True,,302 https://links-go9.top/mostbet_android → 302 https://65r08go.com/QFqF → 200 https://nvjnacmb.com/casino?registration=1&cid=8297204659&pid=297832&sip=0
hotmostbet-105.ru,latest,external,https://links-go9.top/mostbet_ios,https://ijwdpnmb.com/casino?registration=1&cid=8297204703&pid=297832&sip=0,mostbet,Mostbet,mostbet_assets,297832,True,Mostbet official website,True,,302 https://links-go9.top/mostbet_ios → 302 https://65r08go.com/QFqF → 200 https://ijwdpnmb.com/casino?registration=1&cid=8297204703&pid=297832&sip=0
hotmostbet-105.ru,latest,external,https://links-go9.top/mostbet,https://nvjnacmb.com/casino?registration=1&cid=8297204719&pid=297832&sip=0,mostbet,Mostbet,mostbet_assets,297832,True,Mostbet official website,True,,302 https://links-go9.top/mostbet → 302 https://65r08go.com/QFqF → 200 https://nvjnacmb.com/casino?registration=1&cid=8297204719&pid=297832&sip=0
hotmostbet-105.ru,latest,external,https://links-go9.top/mostbet_cr,https://ijwdpnmb.com/casino?registration=1&cid=8297204757&pid=297832&sip=0,mostbet,Mostbet,mostbet_assets,297832,True,Mostbet official website,True,,302 https://links-go9.top/mostbet_cr → 302 https://65r08go.com/QFqF → 200 https://ijwdpnmb.com/casino?registration=1&cid=8297204757&pid=297832&sip=0
hazratnavoi.uz,latest,js:script_url,https://mostbet-uz-mosbet.it.com/,https://mostbet-uz-mosbet.it.com/,brand_site,Mostbet,name_only_weak,,False,Mostbet UZ [2026] Rasmiy bukmeker va kazino sayti 🏆 125% bonus + 250 FS,,,200 https://mostbet-uz-mosbet.it.com/
hazratnavoi.uz,latest,internal_page_link,https://vgfiiimb.com/0mhs?sub1=mostbet-uz-mosbet.it.com&sub2=app,https://upload.cdn-mb.com/apk/repacker-ng/repacks/mostbet_7.17/e4940f7f-7f73-423d-9707-e098f0679550/mostbet_7.17.apk,mostbet,Mostbet,download:application/octet-stream,,,,True,,302 https://vgfiiimb.com/0mhs?sub1=energy-system.uz&sub2=app → 200 https://upload.cdn-mb.com/apk/repacker-ng/repacks/mostbet_7.17/e4940f7f-7f73-423d-9707-e098f0679550/mostbet_7.17.apk
hazratnavoi.uz,latest,internal_page_link,https://hpnjesmb.com/vmhs?sub1=mostbet-uz-mosbet.it.com&sub2=web&sub5=casino,https://qrncfumb.com/casino?registration=1&cid=8297205563&pid=263382&sip=0,mostbet,Mostbet,mostbet_assets,263382,True,Mostbet official website,,,302 https://hpnjesmb.com/vmhs?sub1=mostbet-uz-mosbet.it.com&sub2=web&sub5=casino → 200 https://qrncfumb.com/casino?registration=1&cid=8297205563&pid=263382&sip=0
imostbet.ru,latest,home_redirect,https://imostbet.ru/,https://mostbet-casino-0tq.top/,mostbet,Mostbet,mostbet_assets,,True,,,,
infomostbet.ru,latest,home_redirect,https://infomostbet.ru/,https://mostbet-z1r.ru/,mostbet,Mostbet,mostbet_assets,,True,,,,
iconjane.com,latest,internal_redirect_like,https://turkiyepromotiongroup.com/go.php,https://1xbet.rs:443/en/registration?tag=d_3755482m_22585c_smartlink&pb=45b3a2c401b14a689ff48b44eca10dc2&click_id=38l6ghi.637.a263kv&r=registration,other_gambling,1xBet,fields:1xBet,,True,1xBet registration ᐉ Sign up,,,301 https://turkiyepromotiongroup.com/go.php → 302 https://2bsud5a.top/TvKKTG → 303 https://refpa-57015.com/L?tag=d_3755482m_22585c_smartlink&pb=45b3a2c401b14a689ff48b44eca10dc2&click_id=38l6ghi.637.a263kv&r=registration → 200 https://1xbet.rs:443/en/registration?tag=d_3755482m_22585c_smartlink&pb=45b3a2c401b14a689ff48b44eca10dc2&click_id=38l6ghi.637.a263kv&r=registration
iconjane.com,latest,external,https://mostbet-azerbaijan.org,https://davidstuckenberg.com/,mostbet,Mostbet,name_only_weak,,True,Mostbet AZ Giriş ᐉ Mostbet Azerbaycan Rəsmi Casino,True,,301 https://mostbet-azerbaijan.org → 301 https://winterhockeygames.com/ → 301 https://www.hungeractionnys.org/ → 200 https://davidstuckenberg.com/
iconjane.com,latest,external,https://finut2020.com,https://www.garantiweb.com/,gambling_site,Casino Siteleri ᐉ En İyi ve Güvenilir Casino Oyunları [2026],unrecognized_no_tracker,,True,Casino Siteleri ᐉ En İyi ve Güvenilir Casino Oyunları [2026],True,,301 https://finut2020.com → 200 https://www.garantiweb.com/
heystack.is,latest,internal_redirect_like,https://heystack.is/play,,needs_browser,,http_undecided,,,,,,
ifpmm.org,latest,internal_redirect_like,https://www.ifpmm.org/play,,needs_browser,,http_undecided,,,,,,
genderiada.cz,latest,js:data-sf-a,https://win.mostbet-cezko.com/VN7UmhA,,needs_browser,,http_undecided,,,,,,
genderiada.cz,latest,internal_page_link,https://www.dmca.com/Protection/Status.aspx?ID=585d130d-61da-4595-a43c-d1b566180c44&refurl=https://genderiada.cz/registrace/,https://www.dmca.com/Protection/Status.aspx?ID=585d130d-61da-4595-a43c-d1b566180c44&refurl=https://genderiada.cz/registrace/,brand_site,Mostbet,name_only_weak,,False,Mostbet Registrace a ověření pro české... | Protected by DMCA.com,,,200 https://www.dmca.com/Protection/Status.aspx?ID=585d130d-61da-4595-a43c-d1b566180c44&refurl=https://genderiada.cz/registrace/
genderiada.cz,latest,internal_page_link,https://www.dmca.com/Protection/Status.aspx?ID=585d130d-61da-4595-a43c-d1b566180c44&refurl=https://genderiada.cz/promo-kod/,https://www.dmca.com/Protection/Status.aspx?ID=585d130d-61da-4595-a43c-d1b566180c44&refurl=https://genderiada.cz/promo-kod/,brand_site,Mostbet,name_only_weak,,False,Mostbet Promo kód - aktivujte nyní... | Protected by DMCA.com,,,200 https://www.dmca.com/Protection/Status.aspx?ID=585d130d-61da-4595-a43c-d1b566180c44&refurl=https://genderiada.cz/promo-kod/
genderiada.cz,latest,external,https://www.dmca.com/Protection/Status.aspx?ID=585d130d-61da-4595-a43c-d1b566180c44&refurl=https://genderiada.cz/,https://www.dmca.com/Protection/Status.aspx?ID=585d130d-61da-4595-a43c-d1b566180c44&refurl=https://genderiada.cz/,brand_site,Mostbet,name_only_weak,,False,Mostbet CZ Casino - Přihlášení na Oficiální... | Protected by DMCA.com,,,200 https://www.dmca.com/Protection/Status.aspx?ID=585d130d-61da-4595-a43c-d1b566180c44&refurl=https://genderiada.cz/
elmeda.net,latest,js:data-href:b64,https://1xbet-egypt.online/go/play?direct,https://1xbet.rs:443/en/registration?tag=d_3908024m_1599c_,other_gambling,1xBet,fields:1xBet,,True,1xBet registration ᐉ Sign up,,,301 https://1xbet-egypt.online/go/play?direct → 303 https://reffpa.com/L?tag=d_3908024m_1599c_&site=3908024&ad=1599&r=registration → 200 https://1xbet.rs:443/en/registration?tag=d_3908024m_1599c_
elmeda.net,latest,js:data-href:b64,https://1xbet-egypt.online/play,https://1xbet.rs:443/en/registration?tag=d_3908024m_1599c_,other_gambling,1xBet,fields:1xBet,,True,1xBet registration ᐉ Sign up,,,301 https://1xbet-egypt.online/play → 303 https://reffpa.com/L?tag=d_3908024m_1599c_&site=3908024&ad=1599&r=registration → 200 https://1xbet.rs:443/en/registration?tag=d_3908024m_1599c_
elmeda.net,latest,js:data-href:b64,https://1xbet-egypt.online/go/play,https://1xbet.rs:443/en/registration?tag=d_3908024m_1599c_,other_gambling,1xBet,fields:1xBet,,True,1xBet registration ᐉ Sign up,,,301 https://1xbet-egypt.online/go/play → 303 https://reffpa.com/L?tag=d_3908024m_1599c_&site=3908024&ad=1599&r=registration → 200 https://1xbet.rs:443/en/registration?tag=d_3908024m_1599c_
elmeda.net,latest,js:script_url,https://1xbet-egypt.online,https://1xbet-egypt.online,other_gambling,1xBet,fields:1xbet,,False,1xbet مصر: الموقع العربي رقم 1 للمراهنات الرياضية والكازينو,,,200 https://1xbet-egypt.online
elmeda.net,latest,internal_redirect_like,https://elmeda.net/go/play?direct,https://1xbet.rs:443/en/registration?tag=d_3908024m_1599c_,other_gambling,1xBet,fields:1xBet,,True,1xBet registration ᐉ Sign up,,,301 https://elmeda.net/go/play?direct → 303 https://reffpa.com/L?tag=d_3908024m_1599c_&site=3908024&ad=1599&r=registration → 200 https://1xbet.rs:443/en/registration?tag=d_3908024m_1599c_
elmeda.net,latest,internal_redirect_like,https://elmeda.net/go/play,https://1xbet.rs:443/en/registration?tag=d_3908024m_1599c_,other_gambling,1xBet,fields:1xBet,,True,1xBet registration ᐉ Sign up,,,301 https://elmeda.net/go/play → 303 https://reffpa.com/L?tag=d_3908024m_1599c_&site=3908024&ad=1599&r=registration → 200 https://1xbet.rs:443/en/registration?tag=d_3908024m_1599c_
elmeda.net,latest,internal_redirect_like,https://elmeda.net/play,https://1xbet.rs:443/en/registration?tag=d_3908024m_1599c_,other_gambling,1xBet,fields:1xBet,,True,1xBet registration ᐉ Sign up,,,301 https://elmeda.net/play → 303 https://reffpa.com/L?tag=d_3908024m_1599c_&site=3908024&ad=1599&r=registration → 200 https://1xbet.rs:443/en/registration?tag=d_3908024m_1599c_
johannesbuggle.com,latest,js:script_url,https://mostbet-cz-cz.dietavkrabicce.cz/,https://mostbet-cz-cz.dietavkrabicce.cz/,brand_site,Mostbet,name_only_weak,,False,"Mostbet CZ ⭐️ Bonus 40 000 CZK, online kasino a sportovní sázky",True,,200 https://mostbet-cz-cz.dietavkrabicce.cz/
iqkeysupply.com,latest,js:data-sf-a,https://bd.mostbet-app.net/Sn7wajv,,needs_browser,,http_undecided,,,,,,
iqkeysupply.com,latest,internal_page_link,https://www.dmca.com/Protection/Status.aspx?ID=585d130d-61da-4595-a43c-d1b566180c44&refurl=https://iqkeysupply.com/registration/,https://www.dmca.com/Protection/Status.aspx?ID=585d130d-61da-4595-a43c-d1b566180c44&refurl=https://iqkeysupply.com/registration/,non_gambling,DMCA Content Protection Service - Protect Your Content,no_gambling_words,,False,,,,200 https://www.dmca.com/Protection/Status.aspx?ID=585d130d-61da-4595-a43c-d1b566180c44&refurl=https://iqkeysupply.com/registration/
iqkeysupply.com,latest,external,https://www.dmca.com/Protection/Status.aspx?ID=585d130d-61da-4595-a43c-d1b566180c44&refurl=https://iqkeysupply.com/,https://www.dmca.com/Protection/Status.aspx?ID=585d130d-61da-4595-a43c-d1b566180c44&refurl=https://iqkeysupply.com/,non_gambling,DMCA Content Protection Service - Protect Your Content,no_gambling_words,,False,,,,200 https://www.dmca.com/Protection/Status.aspx?ID=585d130d-61da-4595-a43c-d1b566180c44&refurl=https://iqkeysupply.com/
gree-egypt.com,latest,js:data-sf-a,https://reg.mostbet-egypt-2025.com/7ancUsT,,needs_browser,,http_undecided,,,,,,
gree-egypt.com,latest,internal_page_link,https://www.dmca.com/Protection/Status.aspx?ID=585d130d-61da-4595-a43c-d1b566180c44&refurl=https://gree-egypt.com/app/,https://www.dmca.com/Protection/Status.aspx?ID=585d130d-61da-4595-a43c-d1b566180c44&refurl=https://gree-egypt.com/app/,brand_site,Mostbet,name_only_weak,,False,تطبيق Mostbet - دليلك الكامل للمراهنات... | Protected by DMCA.com,,,200 https://www.dmca.com/Protection/Status.aspx?ID=585d130d-61da-4595-a43c-d1b566180c44&refurl=https://gree-egypt.com/app/
gree-egypt.com,latest,internal_page_link,https://www.dmca.com/Protection/Status.aspx?ID=585d130d-61da-4595-a43c-d1b566180c44&refurl=https://gree-egypt.com/sign-up/,https://www.dmca.com/Protection/Status.aspx?ID=585d130d-61da-4595-a43c-d1b566180c44&refurl=https://gree-egypt.com/sign-up/,brand_site,Mostbet,name_only_weak,,False,تسجيل Mostbet - دليلك الكامل للتسجيل... | Protected by DMCA.com,,,200 https://www.dmca.com/Protection/Status.aspx?ID=585d130d-61da-4595-a43c-d1b566180c44&refurl=https://gree-egypt.com/sign-up/
gree-egypt.com,latest,internal_page_link,https://www.dmca.com/Protection/Status.aspx?ID=585d130d-61da-4595-a43c-d1b566180c44&refurl=https://gree-egypt.com/bonus-offers/,https://www.dmca.com/Protection/Status.aspx?ID=585d130d-61da-4595-a43c-d1b566180c44&refurl=https://gree-egypt.com/bonus-offers/,brand_site,Mostbet,name_only_weak,,False,عروض Mostbet الترويجية - دليل شامل... | Protected by DMCA.com,,,200 https://www.dmca.com/Protection/Status.aspx?ID=585d130d-61da-4595-a43c-d1b566180c44&refurl=https://gree-egypt.com/bonus-offers/
gree-egypt.com,latest,internal_page_link,https://www.dmca.com/Protection/Status.aspx?ID=585d130d-61da-4595-a43c-d1b566180c44&refurl=https://gree-egypt.com/promo-code/,https://www.dmca.com/Protection/Status.aspx?ID=585d130d-61da-4595-a43c-d1b566180c44&refurl=https://gree-egypt.com/promo-code/,non_gambling,DMCA Content Protection Service - Protect Your Content,no_gambling_words,,False,موست بت برومو كود - دليلك الكامل للحصول... | Protected by DMCA.com,,,200 https://www.dmca.com/Protection/Status.aspx?ID=585d130d-61da-4595-a43c-d1b566180c44&refurl=https://gree-egypt.com/promo-code/
gree-egypt.com,latest,internal_page_link,https://www.dmca.com/Protection/Status.aspx?ID=585d130d-61da-4595-a43c-d1b566180c44&refurl=https://gree-egypt.com/casino/,https://www.dmca.com/Protection/Status.aspx?ID=585d130d-61da-4595-a43c-d1b566180c44&refurl=https://gree-egypt.com/casino/,brand_site,Mostbet,name_only_weak,,False,كازينو MostBet - الألعاب، والمكافآت،... | Protected by DMCA.com,,,200 https://www.dmca.com/Protection/Status.aspx?ID=585d130d-61da-4595-a43c-d1b566180c44&refurl=https://gree-egypt.com/casino/
karvinavsemideseti.cz,latest,js:script_url,https://mostbet-cz-cz.dietavkrabicce.cz/,https://mostbet-cz-cz.dietavkrabicce.cz/,brand_site,Mostbet,name_only_weak,,False,"Mostbet CZ ⭐️ Bonus 40 000 CZK, online kasino a sportovní sázky",True,,200 https://mostbet-cz-cz.dietavkrabicce.cz/
kassinomostbet-159.top,latest,external,https://links-go9.top/mostbet_android,https://nvjnacmb.com/casino?registration=1&cid=8297204659&pid=297832&sip=0,mostbet,Mostbet,mostbet_assets,297832,True,Mostbet official website,True,,302 https://links-go9.top/mostbet_android → 302 https://65r08go.com/QFqF → 200 https://nvjnacmb.com/casino?registration=1&cid=8297204659&pid=297832&sip=0
kassinomostbet-159.top,latest,external,https://links-go9.top/mostbet_ios,https://ijwdpnmb.com/casino?registration=1&cid=8297204703&pid=297832&sip=0,mostbet,Mostbet,mostbet_assets,297832,True,Mostbet official website,True,,302 https://links-go9.top/mostbet_ios → 302 https://65r08go.com/QFqF → 200 https://ijwdpnmb.com/casino?registration=1&cid=8297204703&pid=297832&sip=0
kassinomostbet-159.top,latest,external,https://links-go9.top/mostbet,https://nvjnacmb.com/casino?registration=1&cid=8297204719&pid=297832&sip=0,mostbet,Mostbet,mostbet_assets,297832,True,Mostbet official website,True,,302 https://links-go9.top/mostbet → 302 https://65r08go.com/QFqF → 200 https://nvjnacmb.com/casino?registration=1&cid=8297204719&pid=297832&sip=0
kassinomostbet-159.top,latest,external,https://links-go9.top/mostbet_cr,https://ijwdpnmb.com/casino?registration=1&cid=8297204757&pid=297832&sip=0,mostbet,Mostbet,mostbet_assets,297832,True,Mostbet official website,True,,302 https://links-go9.top/mostbet_cr → 302 https://65r08go.com/QFqF → 200 https://ijwdpnmb.com/casino?registration=1&cid=8297204757&pid=297832&sip=0
kassinomostbet-158.ru,latest,home_redirect,https://kassinomostbet-158.ru/,https://kassinomostbet-159.top,mostbet,Mostbet,mostbet_assets,,True,,,,
grahamnorton.net,latest,js:data-sf-a,https://reg.mostbet-egypt-2025.com/7ancUsT,,needs_browser,,http_undecided,,,,,,
grahamnorton.net,latest,internal_page_link,https://www.dmca.com/Protection/Status.aspx?ID=585d130d-61da-4595-a43c-d1b566180c44&refurl=https://grahamnorton.net/app/,https://www.dmca.com/Protection/Status.aspx?ID=585d130d-61da-4595-a43c-d1b566180c44&refurl=https://grahamnorton.net/app/,brand_site,Mostbet,name_only_weak,,False,تطبيق Mostbet - دليلك الكامل للمراهنات... | Protected by DMCA.com,,,200 https://www.dmca.com/Protection/Status.aspx?ID=585d130d-61da-4595-a43c-d1b566180c44&refurl=https://grahamnorton.net/app/
grahamnorton.net,latest,internal_page_link,https://www.dmca.com/Protection/Status.aspx?ID=585d130d-61da-4595-a43c-d1b566180c44&refurl=https://grahamnorton.net/sign-up/,https://www.dmca.com/Protection/Status.aspx?ID=585d130d-61da-4595-a43c-d1b566180c44&refurl=https://grahamnorton.net/sign-up/,brand_site,Mostbet,name_only_weak,,False,تسجيل Mostbet - دليلك الكامل للتسجيل... | Protected by DMCA.com,,,200 https://www.dmca.com/Protection/Status.aspx?ID=585d130d-61da-4595-a43c-d1b566180c44&refurl=https://grahamnorton.net/sign-up/
grahamnorton.net,latest,internal_page_link,https://www.dmca.com/Protection/Status.aspx?ID=585d130d-61da-4595-a43c-d1b566180c44&refurl=https://grahamnorton.net/bonus-offers/,https://www.dmca.com/Protection/Status.aspx?ID=585d130d-61da-4595-a43c-d1b566180c44&refurl=https://grahamnorton.net/bonus-offers/,brand_site,Mostbet,name_only_weak,,False,عروض Mostbet الترويجية - دليل شامل... | Protected by DMCA.com,,,200 https://www.dmca.com/Protection/Status.aspx?ID=585d130d-61da-4595-a43c-d1b566180c44&refurl=https://grahamnorton.net/bonus-offers/
grahamnorton.net,latest,internal_page_link,https://www.dmca.com/Protection/Status.aspx?ID=585d130d-61da-4595-a43c-d1b566180c44&refurl=https://grahamnorton.net/promo-code/,https://www.dmca.com/Protection/Status.aspx?ID=585d130d-61da-4595-a43c-d1b566180c44&refurl=https://grahamnorton.net/promo-code/,non_gambling,DMCA Content Protection Service - Protect Your Content,no_gambling_words,,False,موست بت برومو كود - دليلك الكامل للحصول... | Protected by DMCA.com,,,200 https://www.dmca.com/Protection/Status.aspx?ID=585d130d-61da-4595-a43c-d1b566180c44&refurl=https://grahamnorton.net/promo-code/
grahamnorton.net,latest,internal_page_link,https://www.dmca.com/Protection/Status.aspx?ID=585d130d-61da-4595-a43c-d1b566180c44&refurl=https://grahamnorton.net/casino/,https://www.dmca.com/Protection/Status.aspx?ID=585d130d-61da-4595-a43c-d1b566180c44&refurl=https://grahamnorton.net/casino/,brand_site,Mostbet,name_only_weak,,False,كازينو MostBet - الألعاب، والمكافآت،... | Protected by DMCA.com,,,200 https://www.dmca.com/Protection/Status.aspx?ID=585d130d-61da-4595-a43c-d1b566180c44&refurl=https://grahamnorton.net/casino/
krasohled.org,latest,js:script_url,https://mostbet-cz-cz.dietavkrabicce.cz/,https://mostbet-cz-cz.dietavkrabicce.cz/,brand_site,Mostbet,name_only_weak,,False,"Mostbet CZ ⭐️ Bonus 40 000 CZK, online kasino a sportovní sázky",True,,200 https://mostbet-cz-cz.dietavkrabicce.cz/
gk88.blog,latest,external,https://mostbetcasino-hu.org/,https://mostbetcasino-hu.org/,brand_site,Mostbet,name_only_weak,,False,"Mostbet Magyarország 2026 – Regisztráció, Bónuszok & Online Kaszinó",,,200 https://mostbetcasino-hu.org/
gk88.blog,latest,external,https://flightlegends.ai/,https://flightlegends.ai/,gambling_site,Flight Legends | Official Game Website ™,gambling_words_unrecognized,,False,Flight Legends | Official Game Website ™,,,200 https://flightlegends.ai/
gk88.blog,latest,external,https://mad-casino.uk.net/,https://mad-casino.uk.net/,gambling_site,MadCasino,gambling_words_unrecognized,,False,MadCasino ™ ❤️ Official Website in UK,,,200 https://mad-casino.uk.net/
gk88.blog,latest,external,https://lecowboyslot.com/,,needs_browser,,http_undecided,,,,,,
gk88.blog,latest,external,https://celsiuscasinohu.hu.net/,https://celsiuscasinohu.hu.net/,gambling_site,Celsius Casino Magyarország,gambling_words_unrecognized,,False,Celsius Casino magyar ⚡ 2000€ + 250 ingyen pörgetés,,,200 https://celsiuscasinohu.hu.net/
lifespanohio.org,latest,internal_redirect_like,https://www.efectocolmena.com/apk,http://d4hdamr0.top/ybzRsnYF?sub1=apk,dead,,http_404,,,,,,301 https://www.efectocolmena.com/apk → 301 http://www.efectocolmena.com/apk/ → 301 https://www.efectocolmena.com/apk/ → 404 http://d4hdamr0.top/ybzRsnYF?sub1=apk
lifespanohio.org,latest,external,https://www.dmca.com/Protection/Status.aspx?ID=225ce1fd-06ca-4f34-a4ce-dd38462deb09,https://www.dmca.com/Protection/Status.aspx?ID=225ce1fd-06ca-4f34-a4ce-dd38462deb09,non_gambling,DMCA Content Protection Service - Protect Your Content,no_gambling_words,,False,,True,,200 https://www.dmca.com/Protection/Status.aspx?ID=225ce1fd-06ca-4f34-a4ce-dd38462deb09
duiheomuoiespana.vn,latest,external,https://pinup.com,https://pinup.com,other_gambling,Pin-Up,fields:Pinup,,False,"Pinup - Sticky notes, corkboards, collaboration",,,200 https://pinup.com
duiheomuoiespana.vn,latest,external,https://website-promotion.net/,https://website-promotion.net/,non_gambling,Website Promotion Service: Automated SEO by WebProm,no_gambling_words,,False,Website Promotion Service: Automated SEO by WebProm,,,200 https://website-promotion.net/
duiheomuoiespana.vn,latest,external,https://theclubhousecasinos.org/en-au/,,needs_browser,,http_undecided,,,,,,
lescheminsdemusique.org,latest,js:data-link,https://win.mostbet-app-bd.net/r6Tj4hf?type=app,,needs_browser,,http_undecided,,,,,,
lescheminsdemusique.org,latest,external,https://www.dmca.com/Protection/Status.aspx?ID=585d130d-61da-4595-a43c-d1b566180c44&refurl=https://www.hausofcarslv.com/,https://www.dmca.com/Protection/Status.aspx?ID=585d130d-61da-4595-a43c-d1b566180c44&refurl=https://www.hausofcarslv.com/,brand_site,Mostbet,name_only_weak,,False,Mostbet App BD - Download for Android... | Protected by DMCA.com,True,,200 https://www.dmca.com/Protection/Status.aspx?ID=585d130d-61da-4595-a43c-d1b566180c44&refurl=https://www.hausofcarslv.com/
kz-mostbet.com,latest,external,https://ineifhgvjdmnvn.xyz/WSsPYB?sub2=cross&source=kz-mostbet.com,,needs_browser,,http_undecided,,,,,,
kzmostbet.com,latest,external,https://ineifhgvjdmnvn.xyz/WSsPYB?sub2=cross&source=kz-mostbet.com,,needs_browser,,http_undecided,,,,,,
luckymostbet-282.ru,latest,external,https://links-go9.top/mostbet_android,https://nvjnacmb.com/casino?registration=1&cid=8297204659&pid=297832&sip=0,mostbet,Mostbet,mostbet_assets,297832,True,Mostbet official website,True,,302 https://links-go9.top/mostbet_android → 302 https://65r08go.com/QFqF → 200 https://nvjnacmb.com/casino?registration=1&cid=8297204659&pid=297832&sip=0
luckymostbet-282.ru,latest,external,https://links-go9.top/mostbet_ios,https://ijwdpnmb.com/casino?registration=1&cid=8297204703&pid=297832&sip=0,mostbet,Mostbet,mostbet_assets,297832,True,Mostbet official website,True,,302 https://links-go9.top/mostbet_ios → 302 https://65r08go.com/QFqF → 200 https://ijwdpnmb.com/casino?registration=1&cid=8297204703&pid=297832&sip=0
luckymostbet-282.ru,latest,external,https://links-go9.top/mostbet,https://nvjnacmb.com/casino?registration=1&cid=8297204719&pid=297832&sip=0,mostbet,Mostbet,mostbet_assets,297832,True,Mostbet official website,True,,302 https://links-go9.top/mostbet → 302 https://65r08go.com/QFqF → 200 https://nvjnacmb.com/casino?registration=1&cid=8297204719&pid=297832&sip=0
luckymostbet-282.ru,latest,external,https://links-go9.top/mostbet_cr,https://ijwdpnmb.com/casino?registration=1&cid=8297204757&pid=297832&sip=0,mostbet,Mostbet,mostbet_assets,297832,True,Mostbet official website,True,,302 https://links-go9.top/mostbet_cr → 302 https://65r08go.com/QFqF → 200 https://ijwdpnmb.com/casino?registration=1&cid=8297204757&pid=297832&sip=0
lownfoundation.org,latest,js:data-href,https://regi.mostbet1az.com/WLPLGmU?type=app,,needs_browser,,http_undecided,,,,,,
lownfoundation.org,latest,js:script_url,https://mostbetyukle.bet,https://mostbet1az.com/,mostbet,Mostbet,name_only_weak,,True,Mostbet AZ – İdman Mərciləri və Onlayn Kazino 2026 | Bonus 125%,True,,308 https://mostbetyukle.bet → 200 https://mostbet1az.com/
lionhartbrassware.com,latest,js:data-sf-a,https://bd.mostbet-app.net/Sn7wajv,,needs_browser,,http_undecided,,,,,,
lionhartbrassware.com,latest,internal_page_link,https://www.dmca.com/Protection/Status.aspx?ID=585d130d-61da-4595-a43c-d1b566180c44&refurl=https://www.lionhartbrassware.com/registration/,https://www.dmca.com/Protection/Status.aspx?ID=585d130d-61da-4595-a43c-d1b566180c44&refurl=https://www.lionhartbrassware.com/registration/,non_gambling,DMCA Content Protection Service - Protect Your Content,no_gambling_words,,False,,,,200 https://www.dmca.com/Protection/Status.aspx?ID=585d130d-61da-4595-a43c-d1b566180c44&refurl=https://www.lionhartbrassware.com/registration/
lionhartbrassware.com,latest,external,https://www.dmca.com/Protection/Status.aspx?ID=585d130d-61da-4595-a43c-d1b566180c44&refurl=https://www.lionhartbrassware.com/,https://www.dmca.com/Protection/Status.aspx?ID=585d130d-61da-4595-a43c-d1b566180c44&refurl=https://www.lionhartbrassware.com/,non_gambling,DMCA Content Protection Service - Protect Your Content,no_gambling_words,,False,,,,200 https://www.dmca.com/Protection/Status.aspx?ID=585d130d-61da-4595-a43c-d1b566180c44&refurl=https://www.lionhartbrassware.com/
ita7a.net,latest,js:data-href,https://demo.spribe.io/launch/aviator?currency=EGP&lang=EN&return_url=https://spribe.co/games,,needs_browser,,http_undecided,,,,,,
ita7a.net,latest,js:data-href,https://server.ssg-public.com/SmartSoftGamePlay/authorization.aspx?GameName=PlinkoX,,needs_browser,,http_undecided,,,,,,
ita7a.net,latest,js:data-href,https://demogamesfree.pragmaticplay.net/gs2c/openGame.do?lang=en&cur=EGP&gameSymbol=vs20olympgate,,needs_browser,,http_undecided,,,,,,
ita7a.net,latest,internal_page_link,https://www.dmca.com/Protection/Status.aspx?ID=585d130d-61da-4595-a43c-d1b566180c44&refurl=https://ita7a.net/registration/,https://www.dmca.com/Protection/Status.aspx?ID=585d130d-61da-4595-a43c-d1b566180c44&refurl=https://ita7a.net/registration/,brand_site,Mostbet,name_only_weak,,False,التسجيل في Mostbet 2026: دليل كامل... | Protected by DMCA.com,,,200 https://www.dmca.com/Protection/Status.aspx?ID=585d130d-61da-4595-a43c-d1b566180c44&refurl=https://ita7a.net/registration/
ita7a.net,latest,internal_page_link,https://www.dmca.com/Protection/Status.aspx?ID=585d130d-61da-4595-a43c-d1b566180c44&refurl=https://ita7a.net/promo-code/,https://www.dmca.com/Protection/Status.aspx?ID=585d130d-61da-4595-a43c-d1b566180c44&refurl=https://ita7a.net/promo-code/,brand_site,Mostbet,name_only_weak,,False,الرمز الترويجي لـ Mostbet 2026: كيفية... | Protected by DMCA.com,,,200 https://www.dmca.com/Protection/Status.aspx?ID=585d130d-61da-4595-a43c-d1b566180c44&refurl=https://ita7a.net/promo-code/
ita7a.net,latest,internal_page_link,https://www.dmca.com/Protection/Status.aspx?ID=585d130d-61da-4595-a43c-d1b566180c44&refurl=https://ita7a.net/app/,https://www.dmca.com/Protection/Status.aspx?ID=585d130d-61da-4595-a43c-d1b566180c44&refurl=https://ita7a.net/app/,brand_site,Mostbet,name_only_weak,,False,تحميل تطبيق Mostbet مصر 2026 للأندرويد... | Protected by DMCA.com,,,200 https://www.dmca.com/Protection/Status.aspx?ID=585d130d-61da-4595-a43c-d1b566180c44&refurl=https://ita7a.net/app/
ita7a.net,latest,external,https://www.dmca.com/Protection/Status.aspx?ID=585d130d-61da-4595-a43c-d1b566180c44&refurl=https://ita7a.net/,https://www.dmca.com/Protection/Status.aspx?ID=585d130d-61da-4595-a43c-d1b566180c44&refurl=https://ita7a.net/,brand_site,Mostbet,name_only_weak,,False,⭐ كازينو Mostbet الرسمي والمراهنات... | Protected by DMCA.com,,,200 https://www.dmca.com/Protection/Status.aspx?ID=585d130d-61da-4595-a43c-d1b566180c44&refurl=https://ita7a.net/
indodatacenter.org,latest,js:data-sf-a,https://reg.mostbetbdapp.com/7ue78qT,,needs_browser,,http_undecided,,,,,,
indodatacenter.org,latest,internal_page_link,https://www.dmca.com/Protection/Status.aspx?ID=585d130d-61da-4595-a43c-d1b566180c44&refurl=https://indodatacenter.org/registration/,https://www.dmca.com/Protection/Status.aspx?ID=585d130d-61da-4595-a43c-d1b566180c44&refurl=https://indodatacenter.org/registration/,brand_site,Mostbet,name_only_weak,,False,"Mostbet Registration in Bangladesh,... | Protected by DMCA.com",,,200 https://www.dmca.com/Protection/Status.aspx?ID=585d130d-61da-4595-a43c-d1b566180c44&refurl=https://indodatacenter.org/registration/
indodatacenter.org,latest,internal_page_link,https://www.dmca.com/Protection/Status.aspx?ID=585d130d-61da-4595-a43c-d1b566180c44&refurl=https://indodatacenter.org/promo-code/,https://www.dmca.com/Protection/Status.aspx?ID=585d130d-61da-4595-a43c-d1b566180c44&refurl=https://indodatacenter.org/promo-code/,brand_site,Mostbet,name_only_weak,,False,"Mostbet Promo Code [MOSTBD] for ৳5,000... | Protected by DMCA.com",,,200 https://www.dmca.com/Protection/Status.aspx?ID=585d130d-61da-4595-a43c-d1b566180c44&refurl=https://indodatacenter.org/promo-code/
indodatacenter.org,latest,internal_page_link,https://www.dmca.com/Protection/Status.aspx?ID=585d130d-61da-4595-a43c-d1b566180c44&refurl=https://indodatacenter.org/affiliate-program/,https://www.dmca.com/Protection/Status.aspx?ID=585d130d-61da-4595-a43c-d1b566180c44&refurl=https://indodatacenter.org/affiliate-program/,brand_site,Mostbet,name_only_weak,,False,Mostbet BD Affiliate Program for Partners... | Protected by DMCA.com,,,200 https://www.dmca.com/Protection/Status.aspx?ID=585d130d-61da-4595-a43c-d1b566180c44&refurl=https://indodatacenter.org/affiliate-program/
indodatacenter.org,latest,external,https://mostbet.br.com/,https://mostbet.br.com/,brand_site,Mostbet,name_only_weak,,False,Mostbet Brasil Online Apostas - Bonus R$ 2.000 - Login,,,200 https://mostbet.br.com/
indodatacenter.org,latest,external,https://www.dmca.com/Protection/Status.aspx?ID=585d130d-61da-4595-a43c-d1b566180c44&refurl=https://indodatacenter.org/,https://www.dmca.com/Protection/Status.aspx?ID=585d130d-61da-4595-a43c-d1b566180c44&refurl=https://indodatacenter.org/,brand_site,Mostbet,name_only_weak,,False,"Mostbet BD - Login & Play Casino, Sports... | Protected by DMCA.com",,,200 https://www.dmca.com/Protection/Status.aspx?ID=585d130d-61da-4595-a43c-d1b566180c44&refurl=https://indodatacenter.org/
megaizdelki.si,latest,external,https://22bets-casino.cz/,,needs_browser,,http_undecided,,,,,,
megaizdelki.si,latest,external,https://mostbet-kasyno0.pl/,,needs_browser,,http_undecided,,,,,,
megaizdelki.si,latest,external,https://mostbet-india24.in/,,needs_browser,,http_undecided,,,,,,
megaizdelki.si,latest,external,https://fugu-casinooo.top/,,needs_browser,,http_undecided,,,,,,
megaizdelki.si,latest,external,https://casino-cz.online/,https://casino-cz.online/,gambling_site,online casino CZ,gambling_words_unrecognized,,False,Online casino CZ 2026: Nejlepší legální kasina a rychlé výběry,,,200 https://casino-cz.online/
megaizdelki.si,latest,external,https://onlinecasino-ohne-oasis.uk.com/,,needs_browser,,http_undecided,,,,,,
megaizdelki.si,latest,external,https://casinoer-dk.online/,https://casinoer-dk.online/,gambling_site,Online Casinoer,gambling_words_unrecognized,,False,Online casino Danmark | Top 10 online casinoer 2026,,,200 https://casinoer-dk.online/
megaizdelki.si,latest,external,https://ice-casino-deutsch.online/,https://ice-casino-deutsch.online/,other_gambling,Ice Casino,fields:Ice Casino,,False,"Ice Casino Deutschland: Offizielle Seite, Login & Registrierung 2026",,,200 https://ice-casino-deutsch.online/
menlohomes.in,latest,js:data-sf-a,https://rg.mostbet-aviator.com.in/HQAWcdp,,needs_browser,,http_undecided,,,,,,
menlohomes.in,latest,internal_page_link,https://www.dmca.com/Protection/Status.aspx?ID=585d130d-61da-4595-a43c-d1b566180c44&refurl=https://mostbet-aviator.com.in/app/,https://www.dmca.com/Protection/Status.aspx?ID=585d130d-61da-4595-a43c-d1b566180c44&refurl=https://mostbet-aviator.com.in/app/,brand_site,Mostbet,name_only_weak,,False,Mostbet Aviator App India (APK & iOS)... | Protected by DMCA.com,,,200 https://www.dmca.com/Protection/Status.aspx?ID=585d130d-61da-4595-a43c-d1b566180c44&refurl=https://mostbet-aviator.com.in/app/
menlohomes.in,latest,internal_page_link,https://www.dmca.com/Protection/Status.aspx?ID=585d130d-61da-4595-a43c-d1b566180c44&refurl=https://mostbet-aviator.com.in/register/,https://www.dmca.com/Protection/Status.aspx?ID=585d130d-61da-4595-a43c-d1b566180c44&refurl=https://mostbet-aviator.com.in/register/,brand_site,Mostbet,name_only_weak,,False,Mostbet Aviator Registration – Sign... | Protected by DMCA.com,,,200 https://www.dmca.com/Protection/Status.aspx?ID=585d130d-61da-4595-a43c-d1b566180c44&refurl=https://mostbet-aviator.com.in/register/
menlohomes.in,latest,external,https://www.dmca.com/Protection/Status.aspx?ID=585d130d-61da-4595-a43c-d1b566180c44&refurl=https://mostbet-aviator.com.in/,https://www.dmca.com/Protection/Status.aspx?ID=585d130d-61da-4595-a43c-d1b566180c44&refurl=https://mostbet-aviator.com.in/,brand_site,Mostbet,name_only_weak,,False,"Mostbet Aviator India – Play Online,... | Protected by DMCA.com",,,200 https://www.dmca.com/Protection/Status.aspx?ID=585d130d-61da-4595-a43c-d1b566180c44&refurl=https://mostbet-aviator.com.in/
mastermicrofinance.com,latest,js:data-sf-a,https://eg.mostbet-egyptian.com/ycP7KX4,,needs_browser,,http_undecided,,,,,,
mastermicrofinance.com,latest,js:data-href,https://demo.spribe.io/launch/aviator?currency=EGP&lang=EN&return_url=https://spribe.co/games,,needs_browser,,http_undecided,,,,,,
mastermicrofinance.com,latest,js:data-href,https://server.ssg-public.com/SmartSoftGamePlay/authorization.aspx?GameName=PlinkoX,,needs_browser,,http_undecided,,,,,,
mastermicrofinance.com,latest,js:data-href,https://demogamesfree.pragmaticplay.net/gs2c/openGame.do?lang=en&cur=EGP&gameSymbol=vs20olympgate,,needs_browser,,http_undecided,,,,,,
mastermicrofinance.com,latest,internal_page_link,https://www.dmca.com/Protection/Status.aspx?ID=585d130d-61da-4595-a43c-d1b566180c44&refurl=https://mastermicrofinance.com/registration/,https://www.dmca.com/Protection/Status.aspx?ID=585d130d-61da-4595-a43c-d1b566180c44&refurl=https://mastermicrofinance.com/registration/,brand_site,Mostbet,name_only_weak,,False,التسجيل في Mostbet 2026: دليل كامل... | Protected by DMCA.com,,,200 https://www.dmca.com/Protection/Status.aspx?ID=585d130d-61da-4595-a43c-d1b566180c44&refurl=https://mastermicrofinance.com/registration/
mastermicrofinance.com,latest,internal_page_link,https://www.dmca.com/Protection/Status.aspx?ID=585d130d-61da-4595-a43c-d1b566180c44&refurl=https://mastermicrofinance.com/promo-code/,https://www.dmca.com/Protection/Status.aspx?ID=585d130d-61da-4595-a43c-d1b566180c44&refurl=https://mastermicrofinance.com/promo-code/,brand_site,Mostbet,name_only_weak,,False,الرمز الترويجي لـ Mostbet 2026: كيفية... | Protected by DMCA.com,,,200 https://www.dmca.com/Protection/Status.aspx?ID=585d130d-61da-4595-a43c-d1b566180c44&refurl=https://mastermicrofinance.com/promo-code/
mastermicrofinance.com,latest,internal_page_link,https://www.dmca.com/Protection/Status.aspx?ID=585d130d-61da-4595-a43c-d1b566180c44&refurl=https://mastermicrofinance.com/app/,https://www.dmca.com/Protection/Status.aspx?ID=585d130d-61da-4595-a43c-d1b566180c44&refurl=https://mastermicrofinance.com/app/,brand_site,Mostbet,name_only_weak,,False,تحميل تطبيق Mostbet مصر 2026 للأندرويد... | Protected by DMCA.com,,,200 https://www.dmca.com/Protection/Status.aspx?ID=585d130d-61da-4595-a43c-d1b566180c44&refurl=https://mastermicrofinance.com/app/
mastermicrofinance.com,latest,external,https://www.dmca.com/Protection/Status.aspx?ID=585d130d-61da-4595-a43c-d1b566180c44&refurl=https://mastermicrofinance.com/,https://www.dmca.com/Protection/Status.aspx?ID=585d130d-61da-4595-a43c-d1b566180c44&refurl=https://mastermicrofinance.com/,brand_site,Mostbet,name_only_weak,,False,⭐ كازينو Mostbet الرسمي والمراهنات... | Protected by DMCA.com,,,200 https://www.dmca.com/Protection/Status.aspx?ID=585d130d-61da-4595-a43c-d1b566180c44&refurl=https://mastermicrofinance.com/
mevzuedebiyat.com,latest,internal_page_link,https://mgmteh.ru/mostbet-aviator/,https://mgmteh.ru/mostbet-aviator/,brand_site,Mostbet,name_only_weak,,False,Mostbet Aviator ᐉ Как играть на реальные деньги | Официальный сайт,,,200 https://mgmteh.ru/mostbet-aviator/
mevzuedebiyat.com,latest,internal_page_link,https://eecaac2018.org/aviator-mostbet,https://petesuen.com/aviator-mostbet/,mostbet,Mostbet,name_only_weak,,True,Мостбет Авиатор - Играть в Авиатор на деньги в Казахстане,,,301 https://eecaac2018.org/aviator-mostbet → 301 https://petesuen.com/aviator-mostbet → 301 http://petesuen.com/aviator-mostbet/ → 200 https://petesuen.com/aviator-mostbet/
mevzuedebiyat.com,latest,internal_page_link,https://eecaac2018.org/kz/aviator-mostbet,https://petesuen.com/kz/aviator-mostbet/,mostbet,Mostbet,name_only_weak,,True,Mostbet Aviator KZ - Қазақстанда ақшаға Aviator ойнаңыз,,,301 https://eecaac2018.org/kz/aviator-mostbet → 301 https://petesuen.com/kz/aviator-mostbet → 301 http://petesuen.com/kz/aviator-mostbet/ → 200 https://petesuen.com/kz/aviator-mostbet/
mevzuedebiyat.com,latest,internal_page_link,https://wcflcr2017.com/mostbet-aviator,,needs_browser,,http_undecided,,,,,,
mevzuedebiyat.com,latest,external,https://mostbet-azerbaijan.org,https://davidstuckenberg.com/,mostbet,Mostbet,name_only_weak,,True,Mostbet AZ Giriş ᐉ Mostbet Azerbaycan Rəsmi Casino,True,,301 https://mostbet-azerbaijan.org → 301 https://winterhockeygames.com/ → 301 https://www.hungeractionnys.org/ → 200 https://davidstuckenberg.com/
mevzuedebiyat.com,latest,external,https://kasyno-mostbet.pl/,https://kasyno-mostbet.pl/,brand_site,Mostbet,name_only_weak,,False,Mostbet bukmacher i kasyno: oficjalna strona Mostbet PL,,,200 https://kasyno-mostbet.pl/
mobilemostbet-757.ru,latest,external,https://links-go9.top/mostbet_android,https://nvjnacmb.com/casino?registration=1&cid=8297204659&pid=297832&sip=0,mostbet,Mostbet,mostbet_assets,297832,True,Mostbet official website,True,,302 https://links-go9.top/mostbet_android → 302 https://65r08go.com/QFqF → 200 https://nvjnacmb.com/casino?registration=1&cid=8297204659&pid=297832&sip=0
mobilemostbet-757.ru,latest,external,https://links-go9.top/mostbet_ios,https://ijwdpnmb.com/casino?registration=1&cid=8297204703&pid=297832&sip=0,mostbet,Mostbet,mostbet_assets,297832,True,Mostbet official website,True,,302 https://links-go9.top/mostbet_ios → 302 https://65r08go.com/QFqF → 200 https://ijwdpnmb.com/casino?registration=1&cid=8297204703&pid=297832&sip=0
mobilemostbet-757.ru,latest,external,https://links-go9.top/mostbet,https://nvjnacmb.com/casino?registration=1&cid=8297204719&pid=297832&sip=0,mostbet,Mostbet,mostbet_assets,297832,True,Mostbet official website,True,,302 https://links-go9.top/mostbet → 302 https://65r08go.com/QFqF → 200 https://nvjnacmb.com/casino?registration=1&cid=8297204719&pid=297832&sip=0
mobilemostbet-757.ru,latest,external,https://links-go9.top/mostbet_cr,https://ijwdpnmb.com/casino?registration=1&cid=8297204757&pid=297832&sip=0,mostbet,Mostbet,mostbet_assets,297832,True,Mostbet official website,True,,302 https://links-go9.top/mostbet_cr → 302 https://65r08go.com/QFqF → 200 https://ijwdpnmb.com/casino?registration=1&cid=8297204757&pid=297832&sip=0
moe-mostbet-zerkalo.ru,latest,external,https://links-go9.top/mostbet_android,https://nvjnacmb.com/casino?registration=1&cid=8297204659&pid=297832&sip=0,mostbet,Mostbet,mostbet_assets,297832,True,Mostbet official website,True,,302 https://links-go9.top/mostbet_android → 302 https://65r08go.com/QFqF → 200 https://nvjnacmb.com/casino?registration=1&cid=8297204659&pid=297832&sip=0
moe-mostbet-zerkalo.ru,latest,external,https://links-go9.top/mostbet_ios,https://ijwdpnmb.com/casino?registration=1&cid=8297204703&pid=297832&sip=0,mostbet,Mostbet,mostbet_assets,297832,True,Mostbet official website,True,,302 https://links-go9.top/mostbet_ios → 302 https://65r08go.com/QFqF → 200 https://ijwdpnmb.com/casino?registration=1&cid=8297204703&pid=297832&sip=0
moe-mostbet-zerkalo.ru,latest,external,https://links-go9.top/mostbet,https://nvjnacmb.com/casino?registration=1&cid=8297204719&pid=297832&sip=0,mostbet,Mostbet,mostbet_assets,297832,True,Mostbet official website,True,,302 https://links-go9.top/mostbet → 302 https://65r08go.com/QFqF → 200 https://nvjnacmb.com/casino?registration=1&cid=8297204719&pid=297832&sip=0
moe-mostbet-zerkalo.ru,latest,external,https://links-go9.top/mostbet_cr,https://ijwdpnmb.com/casino?registration=1&cid=8297204757&pid=297832&sip=0,mostbet,Mostbet,mostbet_assets,297832,True,Mostbet official website,True,,302 https://links-go9.top/mostbet_cr → 302 https://65r08go.com/QFqF → 200 https://ijwdpnmb.com/casino?registration=1&cid=8297204757&pid=297832&sip=0
mbsnaturopathy.in,latest,js:data-href,https://join.mostbets.com.pk/YaweEX6?type=app,,needs_browser,,http_undecided,,,,,,
mbsnaturopathy.in,latest,js:script_url,https://mostbet-aviator.pk/,https://mostbet-aviators.pk/,mostbet,Mostbet,name_only_weak,,True,Mostbet Aviator Game Pakistan 2026: Play at Casino for Real Money,,,301 https://mostbet-aviator.pk/ → 200 https://mostbet-aviators.pk/
madouds1.ru,latest,internal_page_link,https://most-bet.berst59.ru/,https://most-bet.berst59.ru/,brand_site,Mostbet,name_only_weak,,False,Мостбет официальный сайт букмекерской конторы и зеркало ⭐ БК Mostbet ставки на спорт,,,200 https://most-bet.berst59.ru/
madouds1.ru,latest,external,https://www.municipal-sd.ru/bonus-program-mostbet/,,needs_browser,,http_undecided,,,,,,
madouds1.ru,latest,external,https://www.municipal-sd.ru/mostbet-app-review/,,needs_browser,,http_undecided,,,,,,
moscow-mostbet5500.ru,latest,home_redirect,https://moscow-mostbet5500.ru/,https://mostbet-casino-cvr.top/,mostbet,Mostbet,mostbet_assets,,True,,,,
fanwen111.com,latest,js:form,https://fanwen111.com/?search/,,needs_browser,,http_undecided,,,,,,
fanwen111.com,latest,external,http://www.tolsx.com/,https://www.tolsx.com/,non_gambling,"stake体育电竞,stake体育安全下载",no_gambling_words,,False,"stake体育电竞,stake体育安全下载",,,301 http://www.tolsx.com/ → 200 https://www.tolsx.com/
fanwen111.com,latest,external,http://all4yourboat.com/,https://all4yourboat.com/,non_gambling,"伟德国际唯一官方网站,伟德betvlctor官网入口",no_gambling_words,,False,"伟德国际唯一官方网站,伟德betvlctor官网入口",,,301 http://all4yourboat.com/ → 200 https://all4yourboat.com/
most-bet-casino.net,latest,js:script_url,https://topoffer.vip/HcKX7p,,needs_browser,,http_undecided,,,,,,
most-bet-casino.org,latest,js:script_url,https://ioffer.vip/tRCShm,,needs_browser,,http_undecided,,,,,,
most-betcasino.com,latest,js:script_url,https://topoffer.vip/1mBV8Y,,needs_browser,,http_undecided,,,,,,
mednapravlenie.ru,latest,js:form,https://avangardkolomna.ru/register,https://queenpropel.top?ref=fap_w41971p111_1001&utm_term={click_id}&utm_source={webmaster_id},dead,,http_502,,,,,,301 https://avangardkolomna.ru/register → 502 https://queenpropel.top?ref=fap_w41971p111_1001&utm_term={click_id}&utm_source={webmaster_id}
mednapravlenie.ru,latest,js:onclick,https://avangardkolomna.ru/go-yard,,needs_browser,,http_undecided,,,,,,
mednapravlenie.ru,latest,js:onclick,https://avangardkolomna.ru/go-norm,,needs_browser,,http_undecided,,,,,,
mednapravlenie.ru,latest,js:onclick,https://avangardkolomna.ru/go-gama,,needs_browser,,http_undecided,,,,,,
mednapravlenie.ru,latest,js:onclick,https://avangardkolomna.ru/go-spinto,,needs_browser,,http_undecided,,,,,,
mednapravlenie.ru,latest,js:onclick,https://avangardkolomna.ru/go-dragon,,needs_browser,,http_undecided,,,,,,
mednapravlenie.ru,latest,js:onclick,https://avangardkolomna.ru/go-joycasino,https://joycasino.com,other_gambling,Joycasino,fields:Joycasino,,True,Visit casino online to play the best slot machines for free without registration | Joycasino,,,301 https://avangardkolomna.ru/go-joycasino → 302 https://1264.swiftours.com/ru/registration?partner=p1264p7118p766f → 200 https://joycasino.com
mednapravlenie.ru,latest,js:onclick,https://avangardkolomna.ru/go-funpari,https://funpari.com:443/en?tag=d_5923196m_69743c_&pb=f808d1beed0940fd9da6281c7f609a93&click_id=%7Bclick_id%7D,other_gambling,FunPari,gambling_words_unrecognized,,True,FunPari ᐉ Online Sports Betting ᐉ FunPari Online Bookmaker Log In ᐉ funpari.com,,,301 https://avangardkolomna.ru/go-funpari → 303 https://fpaff.top/L?tag=d_5923196m_69743c_&pb=f808d1beed0940fd9da6281c7f609a93&click_id={click_id} → 200 https://funpari.com:443/en?tag=d_5923196m_69743c_&pb=f808d1beed0940fd9da6281c7f609a93&click_id=%7Bclick_id%7D
mednapravlenie.ru,latest,js:onclick,https://avangardkolomna.ru/go-mad,,needs_browser,,http_undecided,,,,,,
mednapravlenie.ru,latest,js:onclick,https://avangardkolomna.ru/go-7k,https://dealredirect-go.com/?s=137&ref=sk_w235056c370592l17258p2169_,other_gambling,7K,fields:7K Casino,,True,7K Casino - loading...,,,301 https://avangardkolomna.ru/go-7k → 302 https://trytracklink.com/l/6a1c63300638b45b1e06ee22 → 200 https://dealredirect-go.com/?s=137&ref=sk_w235056c370592l17258p2169_
mednapravlenie.ru,latest,js:onclick,https://avangardkolomna.ru/go-selector,https://selecas.in/go3,dead,,connect_error,,,,,,301 https://avangardkolomna.ru/go-selector
mednapravlenie.ru,latest,js:onclick,https://avangardkolomna.ru/go-melbet,https://melbet.org:443/en/registration?tag=d_5750063m_2170c_,other_gambling,Melbet,fields:MelBet,,True,MelBet registration Link ᐉ MelBet Register (signup) on website melbet.org,,,301 https://avangardkolomna.ru/go-melbet → 303 https://refpa3665.com/L?tag=d_5750063m_2170c_&site=5750063&ad=2170&r=registration → 200 https://melbet.org:443/en/registration?tag=d_5750063m_2170c_
mostbet-007.xyz,latest,external,https://mostbet.partners/,,needs_browser,,http_undecided,,,,,,
mostbet-04qwh84.cam,latest,external,https://mostbet.partners/,,needs_browser,,http_undecided,,,,,,
mostbet-060h.xyz,latest,external,https://mostbet.partners/,,needs_browser,,http_undecided,,,,,,
mostbet-07qr.xyz,latest,external,https://mostbet.partners/,,needs_browser,,http_undecided,,,,,,
most-bet-pt.com,latest,internal_page_link,https://ampreflinks.com/goto/mostbet,https://uksyxemb.com/?cid=8297206033&pid=9550&sip=0,mostbet,Mostbet,mostbet_assets,9550,True,Mostbet official website,,,302 https://ampreflinks.com/goto/mostbet → 302 https://vs66cd75semb.com/0fEs?sub1=38l6ghi1n83bb → 200 https://uksyxemb.com/?cid=8297206033&pid=9550&sip=0
most-bet-pt.com,latest,internal_redirect_like,https://most-bet-pt.com/go/main,https://uksyxemb.com/pregame?cid=8297206057&pid=9550&sip=0,mostbet,Mostbet,mostbet_assets,9550,True,Mostbet official website,,,302 https://most-bet-pt.com/go/main → 302 https://vs66cd75semb.com/dAhs?sub1=38l6ghi1n83bd → 200 https://uksyxemb.com/pregame?cid=8297206057&pid=9550&sip=0
mostbet-090.xyz,latest,external,https://mostbet.partners/,,needs_browser,,http_undecided,,,,,,
mostbet-0a89rg5.top,latest,external,https://mostbet.partners/,,needs_browser,,http_undecided,,,,,,
mostbet-0c77.xyz,latest,external,https://mostbet.partners/,,needs_browser,,http_undecided,,,,,,
mostbet-0ki.top,latest,home_redirect,https://mostbet-0ki.top/,https://mostbet-1zu.top/,mostbet,Mostbet,mostbet_assets,,True,,,,
mostbet-0fz7.xyz,latest,external,https://mostbet.partners/,,needs_browser,,http_undecided,,,,,,
mostbet-0cre.top,latest,home_redirect,https://mostbet-0cre.top/,https://mostbet-3cre.top,mostbet,Mostbet,mostbet_assets,,True,,,,
mostbet-0lez608.top,latest,external,https://mostbet.partners/,,needs_browser,,http_undecided,,,,,,
mostbet-0l4i.xyz,latest,external,https://mostbet.partners/,,needs_browser,,http_undecided,,,,,,
mostbet-0nline.top,latest,external,https://links-go9.top/mostbet_android,https://nvjnacmb.com/casino?registration=1&cid=8297204659&pid=297832&sip=0,mostbet,Mostbet,mostbet_assets,297832,True,Mostbet official website,True,,302 https://links-go9.top/mostbet_android → 302 https://65r08go.com/QFqF → 200 https://nvjnacmb.com/casino?registration=1&cid=8297204659&pid=297832&sip=0
mostbet-0nline.top,latest,external,https://links-go9.top/mostbet_ios,https://ijwdpnmb.com/casino?registration=1&cid=8297204703&pid=297832&sip=0,mostbet,Mostbet,mostbet_assets,297832,True,Mostbet official website,True,,302 https://links-go9.top/mostbet_ios → 302 https://65r08go.com/QFqF → 200 https://ijwdpnmb.com/casino?registration=1&cid=8297204703&pid=297832&sip=0
mostbet-0nline.top,latest,external,https://links-go9.top/mostbet,https://nvjnacmb.com/casino?registration=1&cid=8297204719&pid=297832&sip=0,mostbet,Mostbet,mostbet_assets,297832,True,Mostbet official website,True,,302 https://links-go9.top/mostbet → 302 https://65r08go.com/QFqF → 200 https://nvjnacmb.com/casino?registration=1&cid=8297204719&pid=297832&sip=0
mostbet-0nline.top,latest,external,https://links-go9.top/mostbet_cr,https://ijwdpnmb.com/casino?registration=1&cid=8297204757&pid=297832&sip=0,mostbet,Mostbet,mostbet_assets,297832,True,Mostbet official website,True,,302 https://links-go9.top/mostbet_cr → 302 https://65r08go.com/QFqF → 200 https://ijwdpnmb.com/casino?registration=1&cid=8297204757&pid=297832&sip=0
mostbet-0tq.top,latest,home_redirect,https://mostbet-0tq.top/,https://mostbet-casino-0tq.top/,mostbet,Mostbet,mostbet_assets,,True,,,,
mostbet-0uc.top,latest,home_redirect,https://mostbet-0uc.top/,https://mostbet-casino-1uc.top/,mostbet,Mostbet,mostbet_assets,,True,,,,
mostbet-10-25.top,latest,external,https://links-go9.top/mostbet_android,https://nvjnacmb.com/casino?registration=1&cid=8297204659&pid=297832&sip=0,mostbet,Mostbet,mostbet_assets,297832,True,Mostbet official website,True,,302 https://links-go9.top/mostbet_android → 302 https://65r08go.com/QFqF → 200 https://nvjnacmb.com/casino?registration=1&cid=8297204659&pid=297832&sip=0
mostbet-10-25.top,latest,external,https://links-go9.top/mostbet_ios,https://ijwdpnmb.com/casino?registration=1&cid=8297204703&pid=297832&sip=0,mostbet,Mostbet,mostbet_assets,297832,True,Mostbet official website,True,,302 https://links-go9.top/mostbet_ios → 302 https://65r08go.com/QFqF → 200 https://ijwdpnmb.com/casino?registration=1&cid=8297204703&pid=297832&sip=0
mostbet-10-25.top,latest,external,https://links-go9.top/mostbet,https://nvjnacmb.com/casino?registration=1&cid=8297204719&pid=297832&sip=0,mostbet,Mostbet,mostbet_assets,297832,True,Mostbet official website,True,,302 https://links-go9.top/mostbet → 302 https://65r08go.com/QFqF → 200 https://nvjnacmb.com/casino?registration=1&cid=8297204719&pid=297832&sip=0
mostbet-10-25.top,latest,external,https://links-go9.top/mostbet_cr,https://ijwdpnmb.com/casino?registration=1&cid=8297204757&pid=297832&sip=0,mostbet,Mostbet,mostbet_assets,297832,True,Mostbet official website,True,,302 https://links-go9.top/mostbet_cr → 302 https://65r08go.com/QFqF → 200 https://ijwdpnmb.com/casino?registration=1&cid=8297204757&pid=297832&sip=0
mostbet-0zu.top,latest,home_redirect,https://mostbet-0zu.top/,https://mostbet-1zu.top/,mostbet,Mostbet,mostbet_assets,,True,,,,
mostbet-10-24.ru,latest,home_redirect,https://mostbet-10-24.ru/,https://mostbet-10-25.top,mostbet,Mostbet,mostbet_assets,,True,,,,
mostbet-10-24.top,latest,home_redirect,https://mostbet-10-24.top/,https://mostbet-10-25.top,mostbet,Mostbet,mostbet_assets,,True,,,,
mostbet-1.club,latest,external,https://mostbet.partners/,,needs_browser,,http_undecided,,,,,,
mostbet-10.ru,latest,home_redirect,https://mostbet-10.ru/,https://mostbet-top4.top,mostbet,Mostbet,mostbet_assets,,True,,,,
mostbet-12-25.top,latest,external,https://links-go9.top/mostbet_android,https://nvjnacmb.com/casino?registration=1&cid=8297204659&pid=297832&sip=0,mostbet,Mostbet,mostbet_assets,297832,True,Mostbet official website,True,,302 https://links-go9.top/mostbet_android → 302 https://65r08go.com/QFqF → 200 https://nvjnacmb.com/casino?registration=1&cid=8297204659&pid=297832&sip=0
mostbet-12-25.top,latest,external,https://links-go9.top/mostbet_ios,https://ijwdpnmb.com/casino?registration=1&cid=8297204703&pid=297832&sip=0,mostbet,Mostbet,mostbet_assets,297832,True,Mostbet official website,True,,302 https://links-go9.top/mostbet_ios → 302 https://65r08go.com/QFqF → 200 https://ijwdpnmb.com/casino?registration=1&cid=8297204703&pid=297832&sip=0
mostbet-12-25.top,latest,external,https://links-go9.top/mostbet,https://nvjnacmb.com/casino?registration=1&cid=8297204719&pid=297832&sip=0,mostbet,Mostbet,mostbet_assets,297832,True,Mostbet official website,True,,302 https://links-go9.top/mostbet → 302 https://65r08go.com/QFqF → 200 https://nvjnacmb.com/casino?registration=1&cid=8297204719&pid=297832&sip=0
mostbet-12-25.top,latest,external,https://links-go9.top/mostbet_cr,https://ijwdpnmb.com/casino?registration=1&cid=8297204757&pid=297832&sip=0,mostbet,Mostbet,mostbet_assets,297832,True,Mostbet official website,True,,302 https://links-go9.top/mostbet_cr → 302 https://65r08go.com/QFqF → 200 https://ijwdpnmb.com/casino?registration=1&cid=8297204757&pid=297832&sip=0
mostbet-0zz.top,latest,home_redirect,https://mostbet-0zz.top/,https://mostbet-4zz.top,mostbet,Mostbet,mostbet_assets,,True,,,,
mostbet-12zy.top,latest,external,https://links-go9.top/mostbet_android,https://nvjnacmb.com/casino?registration=1&cid=8297204659&pid=297832&sip=0,mostbet,Mostbet,mostbet_assets,297832,True,Mostbet official website,True,,302 https://links-go9.top/mostbet_android → 302 https://65r08go.com/QFqF → 200 https://nvjnacmb.com/casino?registration=1&cid=8297204659&pid=297832&sip=0
mostbet-12zy.top,latest,external,https://links-go9.top/mostbet_ios,https://ijwdpnmb.com/casino?registration=1&cid=8297204703&pid=297832&sip=0,mostbet,Mostbet,mostbet_assets,297832,True,Mostbet official website,True,,302 https://links-go9.top/mostbet_ios → 302 https://65r08go.com/QFqF → 200 https://ijwdpnmb.com/casino?registration=1&cid=8297204703&pid=297832&sip=0
mostbet-12zy.top,latest,external,https://links-go9.top/mostbet,https://nvjnacmb.com/casino?registration=1&cid=8297204719&pid=297832&sip=0,mostbet,Mostbet,mostbet_assets,297832,True,Mostbet official website,True,,302 https://links-go9.top/mostbet → 302 https://65r08go.com/QFqF → 200 https://nvjnacmb.com/casino?registration=1&cid=8297204719&pid=297832&sip=0
mostbet-12zy.top,latest,external,https://links-go9.top/mostbet_cr,https://ijwdpnmb.com/casino?registration=1&cid=8297204757&pid=297832&sip=0,mostbet,Mostbet,mostbet_assets,297832,True,Mostbet official website,True,,302 https://links-go9.top/mostbet_cr → 302 https://65r08go.com/QFqF → 200 https://ijwdpnmb.com/casino?registration=1&cid=8297204757&pid=297832&sip=0
mostbet-105.xyz,latest,external,https://mostbet.partners/,,needs_browser,,http_undecided,,,,,,
mostbet-12-24.ru,latest,home_redirect,https://mostbet-12-24.ru/,https://mostbet-12-25.top/,mostbet,Mostbet,mostbet_assets,,True,,,,
mostbet-11zy.top,latest,home_redirect,https://mostbet-11zy.top/,https://mostbet-12zy.top,mostbet,Mostbet,mostbet_assets,,True,,,,
mostbet-10zy.top,latest,home_redirect,https://mostbet-10zy.top/,https://mostbet-12zy.top,mostbet,Mostbet,mostbet_assets,,True,,,,
mostbet-1cre.top,latest,home_redirect,https://mostbet-1cre.top/,https://mostbet-3cre.top,mostbet,Mostbet,mostbet_assets,,True,,,,
mostbet-123.top,latest,external,https://mostbet.partners/,,needs_browser,,http_undecided,,,,,,
mostbet-1306.xyz,latest,external,https://mostbet.partners/,,needs_browser,,http_undecided,,,,,,
mostbet-1e.ru,latest,external,https://links-go9.top/mostbet_android,https://nvjnacmb.com/casino?registration=1&cid=8297204659&pid=297832&sip=0,mostbet,Mostbet,mostbet_assets,297832,True,Mostbet official website,True,,302 https://links-go9.top/mostbet_android → 302 https://65r08go.com/QFqF → 200 https://nvjnacmb.com/casino?registration=1&cid=8297204659&pid=297832&sip=0
mostbet-1e.ru,latest,external,https://links-go9.top/mostbet_ios,https://ijwdpnmb.com/casino?registration=1&cid=8297204703&pid=297832&sip=0,mostbet,Mostbet,mostbet_assets,297832,True,Mostbet official website,True,,302 https://links-go9.top/mostbet_ios → 302 https://65r08go.com/QFqF → 200 https://ijwdpnmb.com/casino?registration=1&cid=8297204703&pid=297832&sip=0
mostbet-1e.ru,latest,external,https://links-go9.top/mostbet,https://nvjnacmb.com/casino?registration=1&cid=8297204719&pid=297832&sip=0,mostbet,Mostbet,mostbet_assets,297832,True,Mostbet official website,True,,302 https://links-go9.top/mostbet → 302 https://65r08go.com/QFqF → 200 https://nvjnacmb.com/casino?registration=1&cid=8297204719&pid=297832&sip=0
mostbet-1e.ru,latest,external,https://links-go9.top/mostbet_cr,https://ijwdpnmb.com/casino?registration=1&cid=8297204757&pid=297832&sip=0,mostbet,Mostbet,mostbet_assets,297832,True,Mostbet official website,True,,302 https://links-go9.top/mostbet_cr → 302 https://65r08go.com/QFqF → 200 https://ijwdpnmb.com/casino?registration=1&cid=8297204757&pid=297832&sip=0
mostbet-1ae.top,latest,external,https://mostbet.partners/,,needs_browser,,http_undecided,,,,,,
digiart.me,latest,external,https://dafabet-link.org/,https://dafabet-link.org/,other_gambling,Dafabet,fields:Dafabet,,False,Dafabet Link đăng nhập 2026 ♦️ Đăng ký vào Da Fa Bet (Vui cùng),,,200 https://dafabet-link.org/
digiart.me,latest,external,https://1xbetyukleaz.com/,,needs_browser,,http_undecided,,,,,,
digiart.me,latest,external,https://mostbets-deutschland.com/,,needs_browser,,http_undecided,,,,,,
digiart.me,latest,external,https://spinrisecasino-at.com/,https://spinrisecasino-at.com/,gambling_site,spinrisecasino-at.com,gambling_words_unrecognized,,False,SpinRise Casino ist die beste Marke mit einer riesigen Auswahl an Spielen.,,,200 https://spinrisecasino-at.com/
digiart.me,latest,external,http://valorbet-pe.com/,,needs_browser,,http_undecided,,,,,,
digiart.me,latest,external,https://38niii.ru/,,needs_browser,,http_undecided,,,,,,
digiart.me,latest,external,https://gorgeousplay-au.eu.com/,,needs_browser,,http_undecided,,,,,,
digiart.me,latest,external,http://valor-casino.site/,https://valor-casino.site:443/,gambling_site,Valor Bet Casino official site India,gambling_words_unrecognized,,False,Valor Bet Casino official site India | Wide selection of slots with high RTP,,,301 http://valor-casino.site/ → 200 https://valor-casino.site:443/
digiart.me,latest,external,http://valor-casino.in.net/,https://valor-casino.in.net/,gambling_site,ValorBet Casino India Official Site with Licensed Gambling G,gambling_words_unrecognized,,False,ValorBet Casino India Official Site with Licensed Gambling Games | Free Spins,,,308 http://valor-casino.in.net/ → 200 https://valor-casino.in.net/
digiart.me,latest,external,http://valorbet-in.online/,https://valorbet-in.online/,gambling_site,Valor Bet Casino official site with secure login,gambling_words_unrecognized,,False,Valor Bet Casino official site with secure login | Trusted online play without distractions,,,308 http://valorbet-in.online/ → 200 https://valorbet-in.online/
mostbet-1d49.xyz,latest,external,https://mostbet.partners/,,needs_browser,,http_undecided,,,,,,
mostbet-1c.xyz,latest,external,https://mostbet.partners/,,needs_browser,,http_undecided,,,,,,
mostbet-1q.ru,latest,external,https://links-go9.top/mostbet_android,https://nvjnacmb.com/casino?registration=1&cid=8297204659&pid=297832&sip=0,mostbet,Mostbet,mostbet_assets,297832,True,Mostbet official website,True,,302 https://links-go9.top/mostbet_android → 302 https://65r08go.com/QFqF → 200 https://nvjnacmb.com/casino?registration=1&cid=8297204659&pid=297832&sip=0
mostbet-1q.ru,latest,external,https://links-go9.top/mostbet_ios,https://ijwdpnmb.com/casino?registration=1&cid=8297204703&pid=297832&sip=0,mostbet,Mostbet,mostbet_assets,297832,True,Mostbet official website,True,,302 https://links-go9.top/mostbet_ios → 302 https://65r08go.com/QFqF → 200 https://ijwdpnmb.com/casino?registration=1&cid=8297204703&pid=297832&sip=0
mostbet-1q.ru,latest,external,https://links-go9.top/mostbet,https://nvjnacmb.com/casino?registration=1&cid=8297204719&pid=297832&sip=0,mostbet,Mostbet,mostbet_assets,297832,True,Mostbet official website,True,,302 https://links-go9.top/mostbet → 302 https://65r08go.com/QFqF → 200 https://nvjnacmb.com/casino?registration=1&cid=8297204719&pid=297832&sip=0
mostbet-1q.ru,latest,external,https://links-go9.top/mostbet_cr,https://ijwdpnmb.com/casino?registration=1&cid=8297204757&pid=297832&sip=0,mostbet,Mostbet,mostbet_assets,297832,True,Mostbet official website,True,,302 https://links-go9.top/mostbet_cr → 302 https://65r08go.com/QFqF → 200 https://ijwdpnmb.com/casino?registration=1&cid=8297204757&pid=297832&sip=0
mostbet-1hnv6xg.top,latest,external,https://mostbet.partners/,,needs_browser,,http_undecided,,,,,,
mostbet-1p2.xyz,latest,external,https://mostbet.partners/,,needs_browser,,http_undecided,,,,,,
mostbet-1uy.top,latest,external,https://links-go9.top/mostbet_android,https://nvjnacmb.com/casino?registration=1&cid=8297204659&pid=297832&sip=0,mostbet,Mostbet,mostbet_assets,297832,True,Mostbet official website,True,,302 https://links-go9.top/mostbet_android → 302 https://65r08go.com/QFqF → 200 https://nvjnacmb.com/casino?registration=1&cid=8297204659&pid=297832&sip=0
mostbet-1uy.top,latest,external,https://links-go9.top/mostbet_ios,https://ijwdpnmb.com/casino?registration=1&cid=8297204703&pid=297832&sip=0,mostbet,Mostbet,mostbet_assets,297832,True,Mostbet official website,True,,302 https://links-go9.top/mostbet_ios → 302 https://65r08go.com/QFqF → 200 https://ijwdpnmb.com/casino?registration=1&cid=8297204703&pid=297832&sip=0
mostbet-1uy.top,latest,external,https://links-go9.top/mostbet,https://nvjnacmb.com/casino?registration=1&cid=8297204719&pid=297832&sip=0,mostbet,Mostbet,mostbet_assets,297832,True,Mostbet official website,True,,302 https://links-go9.top/mostbet → 302 https://65r08go.com/QFqF → 200 https://nvjnacmb.com/casino?registration=1&cid=8297204719&pid=297832&sip=0
mostbet-1uy.top,latest,external,https://links-go9.top/mostbet_cr,https://ijwdpnmb.com/casino?registration=1&cid=8297204757&pid=297832&sip=0,mostbet,Mostbet,mostbet_assets,297832,True,Mostbet official website,True,,302 https://links-go9.top/mostbet_cr → 302 https://65r08go.com/QFqF → 200 https://ijwdpnmb.com/casino?registration=1&cid=8297204757&pid=297832&sip=0
mostbet-1vip.ru,latest,external,https://links-go9.top/mostbet_android,https://nvjnacmb.com/casino?registration=1&cid=8297204659&pid=297832&sip=0,mostbet,Mostbet,mostbet_assets,297832,True,Mostbet official website,True,,302 https://links-go9.top/mostbet_android → 302 https://65r08go.com/QFqF → 200 https://nvjnacmb.com/casino?registration=1&cid=8297204659&pid=297832&sip=0
mostbet-1vip.ru,latest,external,https://links-go9.top/mostbet_ios,https://ijwdpnmb.com/casino?registration=1&cid=8297204703&pid=297832&sip=0,mostbet,Mostbet,mostbet_assets,297832,True,Mostbet official website,True,,302 https://links-go9.top/mostbet_ios → 302 https://65r08go.com/QFqF → 200 https://ijwdpnmb.com/casino?registration=1&cid=8297204703&pid=297832&sip=0
mostbet-1vip.ru,latest,external,https://links-go9.top/mostbet,https://nvjnacmb.com/casino?registration=1&cid=8297204719&pid=297832&sip=0,mostbet,Mostbet,mostbet_assets,297832,True,Mostbet official website,True,,302 https://links-go9.top/mostbet → 302 https://65r08go.com/QFqF → 200 https://nvjnacmb.com/casino?registration=1&cid=8297204719&pid=297832&sip=0
mostbet-1vip.ru,latest,external,https://links-go9.top/mostbet_cr,https://ijwdpnmb.com/casino?registration=1&cid=8297204757&pid=297832&sip=0,mostbet,Mostbet,mostbet_assets,297832,True,Mostbet official website,True,,302 https://links-go9.top/mostbet_cr → 302 https://65r08go.com/QFqF → 200 https://ijwdpnmb.com/casino?registration=1&cid=8297204757&pid=297832&sip=0
mostbet-1w.ru,latest,external,https://links-go9.top/mostbet_android,https://nvjnacmb.com/casino?registration=1&cid=8297204659&pid=297832&sip=0,mostbet,Mostbet,mostbet_assets,297832,True,Mostbet official website,True,,302 https://links-go9.top/mostbet_android → 302 https://65r08go.com/QFqF → 200 https://nvjnacmb.com/casino?registration=1&cid=8297204659&pid=297832&sip=0
mostbet-1w.ru,latest,external,https://links-go9.top/mostbet_ios,https://ijwdpnmb.com/casino?registration=1&cid=8297204703&pid=297832&sip=0,mostbet,Mostbet,mostbet_assets,297832,True,Mostbet official website,True,,302 https://links-go9.top/mostbet_ios → 302 https://65r08go.com/QFqF → 200 https://ijwdpnmb.com/casino?registration=1&cid=8297204703&pid=297832&sip=0
mostbet-1w.ru,latest,external,https://links-go9.top/mostbet,https://nvjnacmb.com/casino?registration=1&cid=8297204719&pid=297832&sip=0,mostbet,Mostbet,mostbet_assets,297832,True,Mostbet official website,True,,302 https://links-go9.top/mostbet → 302 https://65r08go.com/QFqF → 200 https://nvjnacmb.com/casino?registration=1&cid=8297204719&pid=297832&sip=0
mostbet-1w.ru,latest,external,https://links-go9.top/mostbet_cr,https://ijwdpnmb.com/casino?registration=1&cid=8297204757&pid=297832&sip=0,mostbet,Mostbet,mostbet_assets,297832,True,Mostbet official website,True,,302 https://links-go9.top/mostbet_cr → 302 https://65r08go.com/QFqF → 200 https://ijwdpnmb.com/casino?registration=1&cid=8297204757&pid=297832&sip=0
mostbet-1zu.top,latest,external,https://links-go9.top/mostbet_android,https://nvjnacmb.com/casino?registration=1&cid=8297204659&pid=297832&sip=0,mostbet,Mostbet,mostbet_assets,297832,True,Mostbet official website,True,,302 https://links-go9.top/mostbet_android → 302 https://65r08go.com/QFqF → 200 https://nvjnacmb.com/casino?registration=1&cid=8297204659&pid=297832&sip=0
mostbet-1zu.top,latest,external,https://links-go9.top/mostbet_ios,https://ijwdpnmb.com/casino?registration=1&cid=8297204703&pid=297832&sip=0,mostbet,Mostbet,mostbet_assets,297832,True,Mostbet official website,True,,302 https://links-go9.top/mostbet_ios → 302 https://65r08go.com/QFqF → 200 https://ijwdpnmb.com/casino?registration=1&cid=8297204703&pid=297832&sip=0
mostbet-1zu.top,latest,external,https://links-go9.top/mostbet,https://nvjnacmb.com/casino?registration=1&cid=8297204719&pid=297832&sip=0,mostbet,Mostbet,mostbet_assets,297832,True,Mostbet official website,True,,302 https://links-go9.top/mostbet → 302 https://65r08go.com/QFqF → 200 https://nvjnacmb.com/casino?registration=1&cid=8297204719&pid=297832&sip=0
mostbet-1zu.top,latest,external,https://links-go9.top/mostbet_cr,https://ijwdpnmb.com/casino?registration=1&cid=8297204757&pid=297832&sip=0,mostbet,Mostbet,mostbet_assets,297832,True,Mostbet official website,True,,302 https://links-go9.top/mostbet_cr → 302 https://65r08go.com/QFqF → 200 https://ijwdpnmb.com/casino?registration=1&cid=8297204757&pid=297832&sip=0
mostbet-1ta.xyz,latest,external,https://mostbet.partners/,,needs_browser,,http_undecided,,,,,,
mostbet-1zz.top,latest,home_redirect,https://mostbet-1zz.top/,https://mostbet-4zz.top,mostbet,Mostbet,mostbet_assets,,True,,,,
mostbet-2023-4.ru,latest,home_redirect,https://mostbet-2023-4.ru/,https://mostbet-casino2026-1.top,mostbet,Mostbet,mostbet_assets,,True,,,,
mostbet-2023-4.top,latest,home_redirect,https://mostbet-2023-4.top/,https://mostbet-casino2026-1.top,mostbet,Mostbet,mostbet_assets,,True,,,,
mostbet-1xy.top,latest,home_redirect,https://mostbet-1xy.top/,https://mostbet-casino-1xy.top,mostbet,Mostbet,mostbet_assets,,True,,,,
mostbet-2000.xyz,latest,external,https://mostbet.partners/,,needs_browser,,http_undecided,,,,,,
mostbet-1tzko6m.buzz,latest,external,https://mostbet.partners/,,needs_browser,,http_undecided,,,,,,
mostbet-200.xyz,latest,external,https://mostbet.partners/,,needs_browser,,http_undecided,,,,,,
mostbet-1wl4knt.buzz,latest,external,https://mostbet.partners/,,needs_browser,,http_undecided,,,,,,
mostbet-2024.top,latest,external,https://mostbet.partners/,,needs_browser,,http_undecided,,,,,,
mostbet-1zy.top,latest,home_redirect,https://mostbet-1zy.top/,https://mostbet-6by.top,mostbet,Mostbet,mostbet_assets,,True,,,,
mostbet-20jo.xyz,latest,external,https://mostbet.partners/,,needs_browser,,http_undecided,,,,,,
mostbet-2cre.top,latest,home_redirect,https://mostbet-2cre.top/,https://mostbet-3cre.top,mostbet,Mostbet,mostbet_assets,,True,,,,
mostbet-210z.xyz,latest,external,https://mostbet.partners/,,needs_browser,,http_undecided,,,,,,
mostbet-2by.top,latest,home_redirect,https://mostbet-2by.top/,https://mostbet-6by.top,mostbet,Mostbet,mostbet_assets,,True,,,,
mostbet-269e.xyz,latest,external,https://mostbet.partners/,,needs_browser,,http_undecided,,,,,,
mostbet-2fvvh9w.top,latest,external,https://mostbet.partners/,,needs_browser,,http_undecided,,,,,,
mostbet-2egzw1p.cam,latest,external,https://mostbet.partners/,,needs_browser,,http_undecided,,,,,,
mostbet-2le.xyz,latest,external,https://mostbet.partners/,,needs_browser,,http_undecided,,,,,,
mostbet-2zz.top,latest,home_redirect,https://mostbet-2zz.top/,https://mostbet-4zz.top,mostbet,Mostbet,mostbet_assets,,True,,,,
mostbet-2zy.top,latest,external,https://links-go9.top/mostbet_android,https://nvjnacmb.com/casino?registration=1&cid=8297204659&pid=297832&sip=0,mostbet,Mostbet,mostbet_assets,297832,True,Mostbet official website,True,,302 https://links-go9.top/mostbet_android → 302 https://65r08go.com/QFqF → 200 https://nvjnacmb.com/casino?registration=1&cid=8297204659&pid=297832&sip=0
mostbet-2zy.top,latest,external,https://links-go9.top/mostbet_ios,https://ijwdpnmb.com/casino?registration=1&cid=8297204703&pid=297832&sip=0,mostbet,Mostbet,mostbet_assets,297832,True,Mostbet official website,True,,302 https://links-go9.top/mostbet_ios → 302 https://65r08go.com/QFqF → 200 https://ijwdpnmb.com/casino?registration=1&cid=8297204703&pid=297832&sip=0
mostbet-2zy.top,latest,external,https://links-go9.top/mostbet,https://nvjnacmb.com/casino?registration=1&cid=8297204719&pid=297832&sip=0,mostbet,Mostbet,mostbet_assets,297832,True,Mostbet official website,True,,302 https://links-go9.top/mostbet → 302 https://65r08go.com/QFqF → 200 https://nvjnacmb.com/casino?registration=1&cid=8297204719&pid=297832&sip=0
mostbet-2zy.top,latest,external,https://links-go9.top/mostbet_cr,https://ijwdpnmb.com/casino?registration=1&cid=8297204757&pid=297832&sip=0,mostbet,Mostbet,mostbet_assets,297832,True,Mostbet official website,True,,302 https://links-go9.top/mostbet_cr → 302 https://65r08go.com/QFqF → 200 https://ijwdpnmb.com/casino?registration=1&cid=8297204757&pid=297832&sip=0
mostbet-31.ru,latest,home_redirect,https://mostbet-31.ru/,https://mostbet-4zz.top,mostbet,Mostbet,mostbet_assets,,True,,,,
mostbet-3cre.top,latest,external,https://links-go9.top/mostbet_android,https://nvjnacmb.com/casino?registration=1&cid=8297204659&pid=297832&sip=0,mostbet,Mostbet,mostbet_assets,297832,True,Mostbet official website,True,,302 https://links-go9.top/mostbet_android → 302 https://65r08go.com/QFqF → 200 https://nvjnacmb.com/casino?registration=1&cid=8297204659&pid=297832&sip=0
mostbet-3cre.top,latest,external,https://links-go9.top/mostbet_ios,https://ijwdpnmb.com/casino?registration=1&cid=8297204703&pid=297832&sip=0,mostbet,Mostbet,mostbet_assets,297832,True,Mostbet official website,True,,302 https://links-go9.top/mostbet_ios → 302 https://65r08go.com/QFqF → 200 https://ijwdpnmb.com/casino?registration=1&cid=8297204703&pid=297832&sip=0
mostbet-3cre.top,latest,external,https://links-go9.top/mostbet,https://nvjnacmb.com/casino?registration=1&cid=8297204719&pid=297832&sip=0,mostbet,Mostbet,mostbet_assets,297832,True,Mostbet official website,True,,302 https://links-go9.top/mostbet → 302 https://65r08go.com/QFqF → 200 https://nvjnacmb.com/casino?registration=1&cid=8297204719&pid=297832&sip=0
mostbet-3cre.top,latest,external,https://links-go9.top/mostbet_cr,https://ijwdpnmb.com/casino?registration=1&cid=8297204757&pid=297832&sip=0,mostbet,Mostbet,mostbet_assets,297832,True,Mostbet official website,True,,302 https://links-go9.top/mostbet_cr → 302 https://65r08go.com/QFqF → 200 https://ijwdpnmb.com/casino?registration=1&cid=8297204757&pid=297832&sip=0
mostbet-3by.top,latest,home_redirect,https://mostbet-3by.top/,https://mostbet-6by.top,mostbet,Mostbet,mostbet_assets,,True,,,,
mostbet-32.top,latest,external,https://mostbet.partners/,,needs_browser,,http_undecided,,,,,,
mostbet-3614.xyz,latest,external,https://mostbet.partners/,,needs_browser,,http_undecided,,,,,,
mostbet-3erkalo.top,latest,home_redirect,https://mostbet-3erkalo.top/,https://mostbet-4erkalo.top,mostbet,Mostbet,mostbet_assets,,True,,,,
mostbet-3erkalo.ru,latest,home_redirect,https://mostbet-3erkalo.ru/,https://mostbet-4erkalo.top,mostbet,Mostbet,mostbet_assets,,True,,,,
mostbet-3aw6vw2.top,latest,external,https://mostbet.partners/,,needs_browser,,http_undecided,,,,,,
mostbet-3a.xyz,latest,external,https://mostbet.partners/,,needs_browser,,http_undecided,,,,,,
mostbet-3i.xyz,latest,external,https://mostbet.partners/,,needs_browser,,http_undecided,,,,,,
mostbet-3zz.top,latest,home_redirect,https://mostbet-3zz.top/,https://mostbet-4zz.top,mostbet,Mostbet,mostbet_assets,,True,,,,
mostbet-3ol.top,latest,home_redirect,https://mostbet-3ol.top/,https://mostbet-casino-1ol.top,mostbet,Mostbet,mostbet_assets,,True,,,,
mostbet-3ji.top,latest,home_redirect,https://mostbet-3ji.top/,https://mostbet-casino-1ol.top,mostbet,Mostbet,mostbet_assets,,True,,,,
mostbet-3p4f.xyz,latest,external,https://mostbet.partners/,,needs_browser,,http_undecided,,,,,,
mostbet-4erkalo.top,latest,external,https://links-go9.top/mostbet_android,https://nvjnacmb.com/casino?registration=1&cid=8297204659&pid=297832&sip=0,mostbet,Mostbet,mostbet_assets,297832,True,Mostbet official website,True,,302 https://links-go9.top/mostbet_android → 302 https://65r08go.com/QFqF → 200 https://nvjnacmb.com/casino?registration=1&cid=8297204659&pid=297832&sip=0
mostbet-4erkalo.top,latest,external,https://links-go9.top/mostbet_ios,https://ijwdpnmb.com/casino?registration=1&cid=8297204703&pid=297832&sip=0,mostbet,Mostbet,mostbet_assets,297832,True,Mostbet official website,True,,302 https://links-go9.top/mostbet_ios → 302 https://65r08go.com/QFqF → 200 https://ijwdpnmb.com/casino?registration=1&cid=8297204703&pid=297832&sip=0
mostbet-4erkalo.top,latest,external,https://links-go9.top/mostbet,https://nvjnacmb.com/casino?registration=1&cid=8297204719&pid=297832&sip=0,mostbet,Mostbet,mostbet_assets,297832,True,Mostbet official website,True,,302 https://links-go9.top/mostbet → 302 https://65r08go.com/QFqF → 200 https://nvjnacmb.com/casino?registration=1&cid=8297204719&pid=297832&sip=0
mostbet-4erkalo.top,latest,external,https://links-go9.top/mostbet_cr,https://ijwdpnmb.com/casino?registration=1&cid=8297204757&pid=297832&sip=0,mostbet,Mostbet,mostbet_assets,297832,True,Mostbet official website,True,,302 https://links-go9.top/mostbet_cr → 302 https://65r08go.com/QFqF → 200 https://ijwdpnmb.com/casino?registration=1&cid=8297204757&pid=297832&sip=0
mostbet-4by.top,latest,home_redirect,https://mostbet-4by.top/,https://mostbet-6by.top,mostbet,Mostbet,mostbet_assets,,True,,,,
mostbet-40nf.xyz,latest,external,https://mostbet.partners/,,needs_browser,,http_undecided,,,,,,
mostbet-45405km.top,latest,external,https://mostbet.partners/,,needs_browser,,http_undecided,,,,,,
mostbet-3zy.top,latest,home_redirect,https://mostbet-3zy.top/,https://mostbet-zy5.top,mostbet,Mostbet,mostbet_assets,,True,,,,
mostbet-46xc.xyz,latest,external,https://mostbet.partners/,,needs_browser,,http_undecided,,,,,,
mostbet-4zz.top,latest,external,https://links-go9.top/mostbet_android,https://nvjnacmb.com/casino?registration=1&cid=8297204659&pid=297832&sip=0,mostbet,Mostbet,mostbet_assets,297832,True,Mostbet official website,True,,302 https://links-go9.top/mostbet_android → 302 https://65r08go.com/QFqF → 200 https://nvjnacmb.com/casino?registration=1&cid=8297204659&pid=297832&sip=0
mostbet-4zz.top,latest,external,https://links-go9.top/mostbet_ios,https://ijwdpnmb.com/casino?registration=1&cid=8297204703&pid=297832&sip=0,mostbet,Mostbet,mostbet_assets,297832,True,Mostbet official website,True,,302 https://links-go9.top/mostbet_ios → 302 https://65r08go.com/QFqF → 200 https://ijwdpnmb.com/casino?registration=1&cid=8297204703&pid=297832&sip=0
mostbet-4zz.top,latest,external,https://links-go9.top/mostbet,https://nvjnacmb.com/casino?registration=1&cid=8297204719&pid=297832&sip=0,mostbet,Mostbet,mostbet_assets,297832,True,Mostbet official website,True,,302 https://links-go9.top/mostbet → 302 https://65r08go.com/QFqF → 200 https://nvjnacmb.com/casino?registration=1&cid=8297204719&pid=297832&sip=0
mostbet-4zz.top,latest,external,https://links-go9.top/mostbet_cr,https://ijwdpnmb.com/casino?registration=1&cid=8297204757&pid=297832&sip=0,mostbet,Mostbet,mostbet_assets,297832,True,Mostbet official website,True,,302 https://links-go9.top/mostbet_cr → 302 https://65r08go.com/QFqF → 200 https://ijwdpnmb.com/casino?registration=1&cid=8297204757&pid=297832&sip=0
mostbet-4d1q.xyz,latest,external,https://mostbet.partners/,,needs_browser,,http_undecided,,,,,,
mostbet-4qp7.xyz,latest,external,https://mostbet.partners/,,needs_browser,,http_undecided,,,,,,
mostbet-4zy.top,latest,home_redirect,https://mostbet-4zy.top/,https://mostbet-12zy.top,mostbet,Mostbet,mostbet_assets,,True,,,,
mostbet-4rlu.xyz,latest,external,https://mostbet.partners/,,needs_browser,,http_undecided,,,,,,
mostbet-4qv60gi.top,latest,external,https://mostbet.partners/,,needs_browser,,http_undecided,,,,,,
mostbet-4tak.xyz,latest,external,https://mostbet.partners/,,needs_browser,,http_undecided,,,,,,
mostbet-5by.top,latest,home_redirect,https://mostbet-5by.top/,https://mostbet-6by.top,mostbet,Mostbet,mostbet_assets,,True,,,,
mostbet-4uo8.xyz,latest,external,https://mostbet.partners/,,needs_browser,,http_undecided,,,,,,
mostbet-5i.xyz,latest,external,https://mostbet.partners/,,needs_browser,,http_undecided,,,,,,
mostbet-6by.top,latest,external,https://links-go9.top/mostbet_android,https://nvjnacmb.com/casino?registration=1&cid=8297204659&pid=297832&sip=0,mostbet,Mostbet,mostbet_assets,297832,True,Mostbet official website,True,,302 https://links-go9.top/mostbet_android → 302 https://65r08go.com/QFqF → 200 https://nvjnacmb.com/casino?registration=1&cid=8297204659&pid=297832&sip=0
mostbet-6by.top,latest,external,https://links-go9.top/mostbet_ios,https://ijwdpnmb.com/casino?registration=1&cid=8297204703&pid=297832&sip=0,mostbet,Mostbet,mostbet_assets,297832,True,Mostbet official website,True,,302 https://links-go9.top/mostbet_ios → 302 https://65r08go.com/QFqF → 200 https://ijwdpnmb.com/casino?registration=1&cid=8297204703&pid=297832&sip=0
mostbet-6by.top,latest,external,https://links-go9.top/mostbet,https://nvjnacmb.com/casino?registration=1&cid=8297204719&pid=297832&sip=0,mostbet,Mostbet,mostbet_assets,297832,True,Mostbet official website,True,,302 https://links-go9.top/mostbet → 302 https://65r08go.com/QFqF → 200 https://nvjnacmb.com/casino?registration=1&cid=8297204719&pid=297832&sip=0
mostbet-6by.top,latest,external,https://links-go9.top/mostbet_cr,https://ijwdpnmb.com/casino?registration=1&cid=8297204757&pid=297832&sip=0,mostbet,Mostbet,mostbet_assets,297832,True,Mostbet official website,True,,302 https://links-go9.top/mostbet_cr → 302 https://65r08go.com/QFqF → 200 https://ijwdpnmb.com/casino?registration=1&cid=8297204757&pid=297832&sip=0
mostbet-5a.xyz,latest,external,https://mostbet.partners/,,needs_browser,,http_undecided,,,,,,
mostbet-5roh.buzz,latest,external,https://mostbet.partners/,,needs_browser,,http_undecided,,,,,,
mostbet-5s93eb5.cam,latest,external,https://mostbet.partners/,,needs_browser,,http_undecided,,,,,,
mostbet-6j7ukvj.top,latest,external,https://mostbet.partners/,,needs_browser,,http_undecided,,,,,,
mostbet-77717.top,latest,home_redirect,https://mostbet-77717.top/,https://mostbet-1uy.top/,mostbet,Mostbet,mostbet_assets,,True,,,,
mostbet-71k3.xyz,latest,external,https://mostbet.partners/,,needs_browser,,http_undecided,,,,,,
mostbet-6zy.top,latest,home_redirect,https://mostbet-6zy.top/,https://mostbet-casino-1zi.top,mostbet,Mostbet,mostbet_assets,,True,,,,
mostbet-7zy.top,latest,home_redirect,https://mostbet-7zy.top/,https://mostbet-1zu.top/,mostbet,Mostbet,mostbet_assets,,True,,,,
mostbet-7ul9.xyz,latest,external,https://mostbet.partners/,,needs_browser,,http_undecided,,,,,,
mostbet-808.top,latest,external,https://mostbet.partners/,,needs_browser,,http_undecided,,,,,,
mostbet-879.xyz,latest,external,https://mostbet.partners/,,needs_browser,,http_undecided,,,,,,
mostbet-82ce7ge.cam,latest,external,https://mostbet.partners/,,needs_browser,,http_undecided,,,,,,
mostbet-8zy.top,latest,home_redirect,https://mostbet-8zy.top/,https://mostbet-4zz.top,mostbet,Mostbet,mostbet_assets,,True,,,,
mostbet-8zu.top,latest,home_redirect,https://mostbet-8zu.top/,https://mostbet-1zu.top/,mostbet,Mostbet,mostbet_assets,,True,,,,
mostbet-9eii.xyz,latest,external,https://mostbet.partners/,,needs_browser,,http_undecided,,,,,,
mostbet-9fvhtic.buzz,latest,external,https://mostbet.partners/,,needs_browser,,http_undecided,,,,,,
mostbet-9zu.top,latest,home_redirect,https://mostbet-9zu.top/,https://mostbet-1zu.top/,mostbet,Mostbet,mostbet_assets,,True,,,,
mostbet-9qp.top,latest,external,https://mostbet.partners/,,needs_browser,,http_undecided,,,,,,
mostbet-9lv6.xyz,latest,external,https://mostbet.partners/,,needs_browser,,http_undecided,,,,,,
mostbet-9mg7ar6.cam,latest,external,https://mostbet.partners/,,needs_browser,,http_undecided,,,,,,
mostbet-9o6c.xyz,latest,external,https://mostbet.partners/,,needs_browser,,http_undecided,,,,,,
mostbet-9xtx.xyz,latest,external,https://mostbet.partners/,,needs_browser,,http_undecided,,,,,,
mostbet-a3x.ru,latest,home_redirect,https://mostbet-a3x.ru/,https://mostbet-casino-a0x.ru/,mostbet,Mostbet,mostbet_assets,,True,,,,
mostbet-a6w.ru,latest,home_redirect,https://mostbet-a6w.ru/,https://mostbet-casino-a0w.top/,mostbet,Mostbet,mostbet_assets,,True,,,,
mostbet-9zy.top,latest,home_redirect,https://mostbet-9zy.top/,https://mostbet-z14i.top,mostbet,Mostbet,mostbet_assets,,True,,,,
mostbet-abi89.cam,latest,external,https://mostbet.partners/,,needs_browser,,http_undecided,,,,,,
mostbet-abm61.cam,latest,external,https://mostbet.partners/,,needs_browser,,http_undecided,,,,,,
mostbet-acf11.top,latest,external,https://mostbet.partners/,,needs_browser,,http_undecided,,,,,,
mostbet-aab97.cam,latest,external,https://mostbet.partners/,,needs_browser,,http_undecided,,,,,,
mostbet-ads64.cam,latest,external,https://mostbet.partners/,,needs_browser,,http_undecided,,,,,,
mostbet-abo68.cam,latest,external,https://mostbet.partners/,,needs_browser,,http_undecided,,,,,,
mostbet-abw63.cam,latest,external,https://mostbet.partners/,,needs_browser,,http_undecided,,,,,,
mostbet-acm87.cam,latest,external,https://mostbet.partners/,,needs_browser,,http_undecided,,,,,,
mostbet-acx81.buzz,latest,external,https://mostbet.partners/,,needs_browser,,http_undecided,,,,,,
mostbet-afj23.buzz,latest,external,https://mostbet.partners/,,needs_browser,,http_undecided,,,,,,
mostbet-ace9.top,latest,external,https://mostbet.partners/,,needs_browser,,http_undecided,,,,,,
mostbet-agp12.cam,latest,external,https://mostbet.partners/,,needs_browser,,http_undecided,,,,,,
mostbet-adu28.sbs,latest,external,https://mostbet.partners/,,needs_browser,,http_undecided,,,,,,
mostbet-afx71.cam,latest,external,https://mostbet.partners/,,needs_browser,,http_undecided,,,,,,
mostbet-aiw81.buzz,latest,external,https://mostbet.partners/,,needs_browser,,http_undecided,,,,,,
mostbet-aif66.top,latest,external,https://mostbet.partners/,,needs_browser,,http_undecided,,,,,,
mostbet-afq53.top,latest,external,https://mostbet.partners/,,needs_browser,,http_undecided,,,,,,
mostbet-alpha17.top,latest,external,https://links-go9.top/mostbet_android,https://nvjnacmb.com/casino?registration=1&cid=8297204659&pid=297832&sip=0,mostbet,Mostbet,mostbet_assets,297832,True,Mostbet official website,True,,302 https://links-go9.top/mostbet_android → 302 https://65r08go.com/QFqF → 200 https://nvjnacmb.com/casino?registration=1&cid=8297204659&pid=297832&sip=0
mostbet-alpha17.top,latest,external,https://links-go9.top/mostbet_ios,https://ijwdpnmb.com/casino?registration=1&cid=8297204703&pid=297832&sip=0,mostbet,Mostbet,mostbet_assets,297832,True,Mostbet official website,True,,302 https://links-go9.top/mostbet_ios → 302 https://65r08go.com/QFqF → 200 https://ijwdpnmb.com/casino?registration=1&cid=8297204703&pid=297832&sip=0
mostbet-alpha17.top,latest,external,https://links-go9.top/mostbet,https://nvjnacmb.com/casino?registration=1&cid=8297204719&pid=297832&sip=0,mostbet,Mostbet,mostbet_assets,297832,True,Mostbet official website,True,,302 https://links-go9.top/mostbet → 302 https://65r08go.com/QFqF → 200 https://nvjnacmb.com/casino?registration=1&cid=8297204719&pid=297832&sip=0
mostbet-alpha17.top,latest,external,https://links-go9.top/mostbet_cr,https://ijwdpnmb.com/casino?registration=1&cid=8297204757&pid=297832&sip=0,mostbet,Mostbet,mostbet_assets,297832,True,Mostbet official website,True,,302 https://links-go9.top/mostbet_cr → 302 https://65r08go.com/QFqF → 200 https://ijwdpnmb.com/casino?registration=1&cid=8297204757&pid=297832&sip=0
mostbet-aiy62wv.cfd,latest,external,https://mostbet.partners/,,needs_browser,,http_undecided,,,,,,
mostbet-acm93.cam,latest,external,https://mostbet.partners/,,needs_browser,,http_undecided,,,,,,
mostbet-ag5dk.xyz,latest,external,https://mostbet.partners/,,needs_browser,,http_undecided,,,,,,
mostbet-agl49.cam,latest,external,https://mostbet.partners/,,needs_browser,,http_undecided,,,,,,
mostbet-akc68.top,latest,external,https://mostbet.partners/,,needs_browser,,http_undecided,,,,,,
mostbet-agr69.sbs,latest,external,https://mostbet.partners/,,needs_browser,,http_undecided,,,,,,
mostbet-ako25.buzz,latest,external,https://mostbet.partners/,,needs_browser,,http_undecided,,,,,,
mostbet-alv68.cam,latest,external,https://mostbet.partners/,,needs_browser,,http_undecided,,,,,,
mostbet-aly11.sbs,latest,external,https://mostbet.partners/,,needs_browser,,http_undecided,,,,,,
mostbet-ama28.cfd,latest,external,https://mostbet.partners/,,needs_browser,,http_undecided,,,,,,
mostbet-am5.top,latest,external,https://mostbet.partners/,,needs_browser,,http_undecided,,,,,,
mostbet-afx99.cam,latest,external,https://mostbet.partners/,,needs_browser,,http_undecided,,,,,,
mostbet-amp4.online,latest,external,https://mostbet.partners/,,needs_browser,,http_undecided,,,,,,
mostbet-aop19.buzz,latest,external,https://mostbet.partners/,,needs_browser,,http_undecided,,,,,,
mostbet-apk-casino.pl,latest,internal_redirect_like,https://mostbet-apk-casino.pl/apk/,,needs_browser,,http_undecided,,,,,,
mostbet-apk-casino.pl,latest,external,https://links-go9.top/mostbet,https://nvjnacmb.com/casino?registration=1&cid=8297204719&pid=297832&sip=0,mostbet,Mostbet,mostbet_assets,297832,True,Mostbet official website,True,,302 https://links-go9.top/mostbet → 302 https://65r08go.com/QFqF → 200 https://nvjnacmb.com/casino?registration=1&cid=8297204719&pid=297832&sip=0
mostbet-apk-casino.pl,latest,external,https://links-go9.top/mostbet_android,https://nvjnacmb.com/casino?registration=1&cid=8297204659&pid=297832&sip=0,mostbet,Mostbet,mostbet_assets,297832,True,Mostbet official website,True,,302 https://links-go9.top/mostbet_android → 302 https://65r08go.com/QFqF → 200 https://nvjnacmb.com/casino?registration=1&cid=8297204659&pid=297832&sip=0
mostbet-apk-casino.pl,latest,external,https://links-go9.top/mostbet_ios,https://ijwdpnmb.com/casino?registration=1&cid=8297204703&pid=297832&sip=0,mostbet,Mostbet,mostbet_assets,297832,True,Mostbet official website,True,,302 https://links-go9.top/mostbet_ios → 302 https://65r08go.com/QFqF → 200 https://ijwdpnmb.com/casino?registration=1&cid=8297204703&pid=297832&sip=0
mostbet-apk-casino.pl,latest,external,https://links-go9.top/mostbet_cr,https://ijwdpnmb.com/casino?registration=1&cid=8297204757&pid=297832&sip=0,mostbet,Mostbet,mostbet_assets,297832,True,Mostbet official website,True,,302 https://links-go9.top/mostbet_cr → 302 https://65r08go.com/QFqF → 200 https://ijwdpnmb.com/casino?registration=1&cid=8297204757&pid=297832&sip=0
mostbet-amp5.online,latest,external,https://mostbet.partners/,,needs_browser,,http_undecided,,,,,,
mostbet-amp6.online,latest,external,https://mostbet.partners/,,needs_browser,,http_undecided,,,,,,
mostbet-amp2.online,latest,external,https://mostbet.partners/,,needs_browser,,http_undecided,,,,,,
mostbet-amp10.online,latest,external,https://mostbet.partners/,,needs_browser,,http_undecided,,,,,,
mostbet-amp8.online,latest,external,https://mostbet.partners/,,needs_browser,,http_undecided,,,,,,
mostbet-apk-skachat.ru,latest,home_redirect,https://mostbet-apk-skachat.ru/,https://mostbet-12zy.top,mostbet,Mostbet,mostbet_assets,,True,,,,
mostbet-app-casino.pl,latest,internal_redirect_like,https://mostbet-app-casino.pl/apk/,,needs_browser,,http_undecided,,,,,,
mostbet-app-casino.pl,latest,external,https://links-go9.top/mostbet,https://nvjnacmb.com/casino?registration=1&cid=8297204719&pid=297832&sip=0,mostbet,Mostbet,mostbet_assets,297832,True,Mostbet official website,True,,302 https://links-go9.top/mostbet → 302 https://65r08go.com/QFqF → 200 https://nvjnacmb.com/casino?registration=1&cid=8297204719&pid=297832&sip=0
mostbet-app-casino.pl,latest,external,https://links-go9.top/mostbet_android,https://nvjnacmb.com/casino?registration=1&cid=8297204659&pid=297832&sip=0,mostbet,Mostbet,mostbet_assets,297832,True,Mostbet official website,True,,302 https://links-go9.top/mostbet_android → 302 https://65r08go.com/QFqF → 200 https://nvjnacmb.com/casino?registration=1&cid=8297204659&pid=297832&sip=0
mostbet-app-casino.pl,latest,external,https://links-go9.top/mostbet_ios,https://ijwdpnmb.com/casino?registration=1&cid=8297204703&pid=297832&sip=0,mostbet,Mostbet,mostbet_assets,297832,True,Mostbet official website,True,,302 https://links-go9.top/mostbet_ios → 302 https://65r08go.com/QFqF → 200 https://ijwdpnmb.com/casino?registration=1&cid=8297204703&pid=297832&sip=0
mostbet-app-casino.pl,latest,external,https://links-go9.top/mostbet_cr,https://ijwdpnmb.com/casino?registration=1&cid=8297204757&pid=297832&sip=0,mostbet,Mostbet,mostbet_assets,297832,True,Mostbet official website,True,,302 https://links-go9.top/mostbet_cr → 302 https://65r08go.com/QFqF → 200 https://ijwdpnmb.com/casino?registration=1&cid=8297204757&pid=297832&sip=0
mostbet-apo84.sbs,latest,external,https://mostbet.partners/,,needs_browser,,http_undecided,,,,,,
mostbet-amp3.online,latest,external,https://mostbet.partners/,,needs_browser,,http_undecided,,,,,,
mostbet-aog7.buzz,latest,external,https://mostbet.partners/,,needs_browser,,http_undecided,,,,,,
mostbet-ap.top,latest,external,https://mostbet.partners/,,needs_browser,,http_undecided,,,,,,
mostbet-app-android.ru,latest,home_redirect,https://mostbet-app-android.ru/,https://mostbet-casino-1zy.top,mostbet,Mostbet,mostbet_assets,,True,,,,
mostbet-app-apk.ru,latest,home_redirect,https://mostbet-app-apk.ru/,https://mostbet-hot20.top,mostbet,Mostbet,mostbet_assets,,True,,,,
mostbet-arena18.top,latest,external,https://links-go9.top/mostbet_android,https://nvjnacmb.com/casino?registration=1&cid=8297204659&pid=297832&sip=0,mostbet,Mostbet,mostbet_assets,297832,True,Mostbet official website,True,,302 https://links-go9.top/mostbet_android → 302 https://65r08go.com/QFqF → 200 https://nvjnacmb.com/casino?registration=1&cid=8297204659&pid=297832&sip=0
mostbet-arena18.top,latest,external,https://links-go9.top/mostbet_ios,https://ijwdpnmb.com/casino?registration=1&cid=8297204703&pid=297832&sip=0,mostbet,Mostbet,mostbet_assets,297832,True,Mostbet official website,True,,302 https://links-go9.top/mostbet_ios → 302 https://65r08go.com/QFqF → 200 https://ijwdpnmb.com/casino?registration=1&cid=8297204703&pid=297832&sip=0
mostbet-arena18.top,latest,external,https://links-go9.top/mostbet,https://nvjnacmb.com/casino?registration=1&cid=8297204719&pid=297832&sip=0,mostbet,Mostbet,mostbet_assets,297832,True,Mostbet official website,True,,302 https://links-go9.top/mostbet → 302 https://65r08go.com/QFqF → 200 https://nvjnacmb.com/casino?registration=1&cid=8297204719&pid=297832&sip=0
mostbet-arena18.top,latest,external,https://links-go9.top/mostbet_cr,https://ijwdpnmb.com/casino?registration=1&cid=8297204757&pid=297832&sip=0,mostbet,Mostbet,mostbet_assets,297832,True,Mostbet official website,True,,302 https://links-go9.top/mostbet_cr → 302 https://65r08go.com/QFqF → 200 https://ijwdpnmb.com/casino?registration=1&cid=8297204757&pid=297832&sip=0
mostbet-arena17.top,latest,home_redirect,https://mostbet-arena17.top/,https://mostbet-arena18.top/,mostbet,Mostbet,mostbet_assets,,True,,,,
mostbet-aps.site,latest,external,https://mostbet.partners/,,needs_browser,,http_undecided,,,,,,
mostbet-apu.top,latest,external,https://mostbet.partners/,,needs_browser,,http_undecided,,,,,,
mostbet-aru18.top,latest,external,https://mostbet.partners/,,needs_browser,,http_undecided,,,,,,
mostbet-app64.cam,latest,external,https://mostbet.partners/,,needs_browser,,http_undecided,,,,,,
mostbet-arx36.sbs,latest,external,https://mostbet.partners/,,needs_browser,,http_undecided,,,,,,
mostbet-aui98.sbs,latest,external,https://mostbet.partners/,,needs_browser,,http_undecided,,,,,,
mostbet-asc67.sbs,latest,external,https://mostbet.partners/,,needs_browser,,http_undecided,,,,,,
mostbet-as88.xyz,latest,external,https://mostbet.partners/,,needs_browser,,http_undecided,,,,,,
mostbet-ateh50b.top,latest,external,https://mostbet.partners/,,needs_browser,,http_undecided,,,,,,
mostbet-axkvtc6.cam,latest,external,https://mostbet.partners/,,needs_browser,,http_undecided,,,,,,
mostbet-asd71qd.cam,latest,external,https://mostbet.partners/,,needs_browser,,http_undecided,,,,,,
mostbet-avq99.buzz,latest,external,https://mostbet.partners/,,needs_browser,,http_undecided,,,,,,
mostbet-aviator.buzz,latest,external,https://mostbet.partners/,,needs_browser,,http_undecided,,,,,,
mostbet-ayc25wl.cfd,latest,external,https://mostbet.partners/,,needs_browser,,http_undecided,,,,,,
mostbet-apt.lol,latest,external,https://mostbet.partners/,,needs_browser,,http_undecided,,,,,,
mostbet-axe65.cfd,latest,external,https://mostbet.partners/,,needs_browser,,http_undecided,,,,,,
mostbet-aviator.com.in,latest,js:data-sf-a,https://rg.mostbet-aviator.com.in/HQAWcdp,,needs_browser,,http_undecided,,,,,,
mostbet-aviator.com.in,latest,internal_page_link,https://www.dmca.com/Protection/Status.aspx?ID=585d130d-61da-4595-a43c-d1b566180c44&refurl=https://mostbet-aviator.com.in/app/,https://www.dmca.com/Protection/Status.aspx?ID=585d130d-61da-4595-a43c-d1b566180c44&refurl=https://mostbet-aviator.com.in/app/,brand_site,Mostbet,name_only_weak,,False,Mostbet Aviator App India (APK & iOS)... | Protected by DMCA.com,True,,200 https://www.dmca.com/Protection/Status.aspx?ID=585d130d-61da-4595-a43c-d1b566180c44&refurl=https://mostbet-aviator.com.in/app/
mostbet-aviator.com.in,latest,internal_page_link,https://www.dmca.com/Protection/Status.aspx?ID=585d130d-61da-4595-a43c-d1b566180c44&refurl=https://mostbet-aviator.com.in/register/,https://www.dmca.com/Protection/Status.aspx?ID=585d130d-61da-4595-a43c-d1b566180c44&refurl=https://mostbet-aviator.com.in/register/,brand_site,Mostbet,name_only_weak,,False,Mostbet Aviator Registration – Sign... | Protected by DMCA.com,True,,200 https://www.dmca.com/Protection/Status.aspx?ID=585d130d-61da-4595-a43c-d1b566180c44&refurl=https://mostbet-aviator.com.in/register/
mostbet-aviator.com.in,latest,external,https://www.dmca.com/Protection/Status.aspx?ID=585d130d-61da-4595-a43c-d1b566180c44&refurl=https://mostbet-aviator.com.in/,https://www.dmca.com/Protection/Status.aspx?ID=585d130d-61da-4595-a43c-d1b566180c44&refurl=https://mostbet-aviator.com.in/,brand_site,Mostbet,name_only_weak,,False,"Mostbet Aviator India – Play Online,... | Protected by DMCA.com",True,,200 https://www.dmca.com/Protection/Status.aspx?ID=585d130d-61da-4595-a43c-d1b566180c44&refurl=https://mostbet-aviator.com.in/
mostbet-app.net,latest,js:data-sf-a,https://bd.mostbet-app.net/Sn7wajv,,needs_browser,,http_undecided,,,,,,
mostbet-app.net,latest,internal_page_link,https://www.dmca.com/Protection/Status.aspx?ID=585d130d-61da-4595-a43c-d1b566180c44&refurl=https://mostbet-app.net/registration/,https://www.dmca.com/Protection/Status.aspx?ID=585d130d-61da-4595-a43c-d1b566180c44&refurl=https://mostbet-app.net/registration/,brand_site,Mostbet,name_only_weak,,False,Mostbet App Registration 2026 — Full... | Protected by DMCA.com,,,200 https://www.dmca.com/Protection/Status.aspx?ID=585d130d-61da-4595-a43c-d1b566180c44&refurl=https://mostbet-app.net/registration/
mostbet-app.net,latest,external,https://www.dmca.com/Protection/Status.aspx?ID=585d130d-61da-4595-a43c-d1b566180c44&refurl=https://mostbet-app.net/,https://www.dmca.com/Protection/Status.aspx?ID=585d130d-61da-4595-a43c-d1b566180c44&refurl=https://mostbet-app.net/,brand_site,Mostbet,name_only_weak,,False,Mostbet App Bangladesh 2026 – Official... | Protected by DMCA.com,,,200 https://www.dmca.com/Protection/Status.aspx?ID=585d130d-61da-4595-a43c-d1b566180c44&refurl=https://mostbet-app.net/
mostbet-app-tr.com,latest,internal_page_link,https://www.dmca.com/Protection/Status.aspx?ID=585d130d-61da-4595-a43c-d1b566180c44&refurl=https://mostbet-app-tr.com/bonus-kodu/,https://www.dmca.com/Protection/Status.aspx?ID=585d130d-61da-4595-a43c-d1b566180c44&refurl=https://mostbet-app-tr.com/bonus-kodu/,non_gambling,DMCA Content Protection Service - Protect Your Content,no_gambling_words,,False,,,,200 https://www.dmca.com/Protection/Status.aspx?ID=585d130d-61da-4595-a43c-d1b566180c44&refurl=https://mostbet-app-tr.com/bonus-kodu/
mostbet-app-tr.com,latest,external,https://www.dmca.com/Protection/Status.aspx?ID=585d130d-61da-4595-a43c-d1b566180c44&refurl=https://mostbet-app-tr.com/,https://www.dmca.com/Protection/Status.aspx?ID=585d130d-61da-4595-a43c-d1b566180c44&refurl=https://mostbet-app-tr.com/,non_gambling,DMCA Content Protection Service - Protect Your Content,no_gambling_words,,False,,,,200 https://www.dmca.com/Protection/Status.aspx?ID=585d130d-61da-4595-a43c-d1b566180c44&refurl=https://mostbet-app-tr.com/
mostbet-az-casino24.top,latest,internal_redirect_like,https://mostbet-az-casino24.top/play/,https://uksyxemb.com/casino?registration=1&cid=8297206593&pid=225871&sip=0,mostbet,Mostbet,mostbet_assets,225871,True,Mostbet official website,,,301 https://mostbet-az-casino24.top/play/ → 302 https://qqasd.store/9mnCgT?/ → 302 https://vs66cd75semb.com/7Pbs?sub1=38l6ghi1kphp → 200 https://uksyxemb.com/casino?registration=1&cid=8297206593&pid=225871&sip=0
mostbet-az-giris.info,latest,external,https://mostbet.partners/,,needs_browser,,http_undecided,,,,,,
mostbet-az-giris-2025.com,latest,js:data-sf-a,https://rg.mostbet-azerbaycan.bet/4RcURJG,,needs_browser,,http_undecided,,,,,,
mostbet-az.gold,latest,js:data-href,https://regi.mostbet1az.com/WLPLGmU?type=app,,needs_browser,,http_undecided,,,,,,
mostbet-az.gold,latest,js:script_url,https://mostbetyukle.bet,https://mostbet1az.com/,mostbet,Mostbet,name_only_weak,,True,Mostbet AZ – İdman Mərciləri və Onlayn Kazino 2026 | Bonus 125%,True,,308 https://mostbetyukle.bet → 200 https://mostbet1az.com/
mostbet-az-resmi.online,latest,js:data-href,https://regi.mostbet1az.com/WLPLGmU?type=app,,needs_browser,,http_undecided,,,,,,
mostbet-az-resmi.online,latest,js:data-url,https://regi.mostbet1az.com/WLPLGmU,,needs_browser,,http_undecided,,,,,,
mostbet-az-resmi.online,latest,js:data-sf-a,https://play.mostbet1az.com/eJdAQ7s,https://play.mostbet1az.com/eJdAQ7s,dead,,connect_error,,,,,,
mostbet-az.mex.com,latest,js:data-href,https://regi.mostbet1az.com/WLPLGmU?type=app,,needs_browser,,http_undecided,,,,,,
mostbet-az.mex.com,latest,js:data-url,https://regi.mostbet1az.com/WLPLGmU,,needs_browser,,http_undecided,,,,,,
mostbet-az.mex.com,latest,js:data-sf-a,https://play.mostbet1az.com/eJdAQ7s,https://play.mostbet1az.com/eJdAQ7s,dead,,connect_error,,,,,,
mostbet-az.plus,latest,js:data-href,https://regi.mostbet1az.com/WLPLGmU?type=app,,needs_browser,,http_undecided,,,,,,
mostbet-az.plus,latest,js:data-url,https://regi.mostbet1az.com/WLPLGmU,,needs_browser,,http_undecided,,,,,,
mostbet-az.plus,latest,js:data-sf-a,https://play.mostbet1az.com/eJdAQ7s,https://play.mostbet1az.com/eJdAQ7s,dead,,connect_error,,,,,,
mostbet-az.world,latest,js:data-href,https://regi.mostbet1az.com/WLPLGmU?type=app,,needs_browser,,http_undecided,,,,,,
mostbet-az.world,latest,js:data-url,https://regi.mostbet1az.com/WLPLGmU,,needs_browser,,http_undecided,,,,,,
mostbet-az.world,latest,js:data-sf-a,https://play.mostbet1az.com/eJdAQ7s,https://play.mostbet1az.com/eJdAQ7s,dead,,connect_error,,,,,,
mostbet-az.ws,latest,internal_redirect_like,https://mostbet-az.ws/mostbet,,needs_browser,,http_undecided,,,,,,
mostbet-azl68.sbs,latest,external,https://mostbet.partners/,,needs_browser,,http_undecided,,,,,,
mostbet-b6j.top,latest,home_redirect,https://mostbet-b6j.top/,https://mostbet-casino-b7j.top/,mostbet,Mostbet,mostbet_assets,,True,,,,
mostbet-b9n.ru,latest,home_redirect,https://mostbet-b9n.ru/,https://mostbet-casino-b1n.top,mostbet,Mostbet,mostbet_assets,,True,,,,
mostbet-band.ru,latest,external,https://links-go9.top/mostbet_android,https://nvjnacmb.com/casino?registration=1&cid=8297204659&pid=297832&sip=0,mostbet,Mostbet,mostbet_assets,297832,True,Mostbet official website,True,,302 https://links-go9.top/mostbet_android → 302 https://65r08go.com/QFqF → 200 https://nvjnacmb.com/casino?registration=1&cid=8297204659&pid=297832&sip=0
mostbet-band.ru,latest,external,https://links-go9.top/mostbet_ios,https://ijwdpnmb.com/casino?registration=1&cid=8297204703&pid=297832&sip=0,mostbet,Mostbet,mostbet_assets,297832,True,Mostbet official website,True,,302 https://links-go9.top/mostbet_ios → 302 https://65r08go.com/QFqF → 200 https://ijwdpnmb.com/casino?registration=1&cid=8297204703&pid=297832&sip=0
mostbet-band.ru,latest,external,https://links-go9.top/mostbet,https://nvjnacmb.com/casino?registration=1&cid=8297204719&pid=297832&sip=0,mostbet,Mostbet,mostbet_assets,297832,True,Mostbet official website,True,,302 https://links-go9.top/mostbet → 302 https://65r08go.com/QFqF → 200 https://nvjnacmb.com/casino?registration=1&cid=8297204719&pid=297832&sip=0
mostbet-band.ru,latest,external,https://links-go9.top/mostbet_cr,https://ijwdpnmb.com/casino?registration=1&cid=8297204757&pid=297832&sip=0,mostbet,Mostbet,mostbet_assets,297832,True,Mostbet official website,True,,302 https://links-go9.top/mostbet_cr → 302 https://65r08go.com/QFqF → 200 https://ijwdpnmb.com/casino?registration=1&cid=8297204757&pid=297832&sip=0
mostbet-azs3.cam,latest,external,https://mostbet.partners/,,needs_browser,,http_undecided,,,,,,
mostbet-bai84.cfd,latest,external,https://mostbet.partners/,,needs_browser,,http_undecided,,,,,,
mostbet-bat85.sbs,latest,external,https://mostbet.partners/,,needs_browser,,http_undecided,,,,,,
mostbet-bbc.top,latest,external,https://mostbet.partners/,,needs_browser,,http_undecided,,,,,,
mostbet-bbn11.top,latest,external,https://mostbet.partners/,,needs_browser,,http_undecided,,,,,,
mostbet-bcj18.buzz,latest,external,https://mostbet.partners/,,needs_browser,,http_undecided,,,,,,
mostbet-bdv79kl.cam,latest,external,https://mostbet.partners/,,needs_browser,,http_undecided,,,,,,
mostbet-bds12.sbs,latest,external,https://mostbet.partners/,,needs_browser,,http_undecided,,,,,,
mostbet-bcu5.cam,latest,external,https://mostbet.partners/,,needs_browser,,http_undecided,,,,,,
mostbet-betking17.top,latest,external,https://links-go9.top/mostbet_android,https://nvjnacmb.com/casino?registration=1&cid=8297204659&pid=297832&sip=0,mostbet,Mostbet,mostbet_assets,297832,True,Mostbet official website,True,,302 https://links-go9.top/mostbet_android → 302 https://65r08go.com/QFqF → 200 https://nvjnacmb.com/casino?registration=1&cid=8297204659&pid=297832&sip=0
mostbet-betking17.top,latest,external,https://links-go9.top/mostbet_ios,https://ijwdpnmb.com/casino?registration=1&cid=8297204703&pid=297832&sip=0,mostbet,Mostbet,mostbet_assets,297832,True,Mostbet official website,True,,302 https://links-go9.top/mostbet_ios → 302 https://65r08go.com/QFqF → 200 https://ijwdpnmb.com/casino?registration=1&cid=8297204703&pid=297832&sip=0
mostbet-betking17.top,latest,external,https://links-go9.top/mostbet,https://nvjnacmb.com/casino?registration=1&cid=8297204719&pid=297832&sip=0,mostbet,Mostbet,mostbet_assets,297832,True,Mostbet official website,True,,302 https://links-go9.top/mostbet → 302 https://65r08go.com/QFqF → 200 https://nvjnacmb.com/casino?registration=1&cid=8297204719&pid=297832&sip=0
mostbet-betking17.top,latest,external,https://links-go9.top/mostbet_cr,https://ijwdpnmb.com/casino?registration=1&cid=8297204757&pid=297832&sip=0,mostbet,Mostbet,mostbet_assets,297832,True,Mostbet official website,True,,302 https://links-go9.top/mostbet_cr → 302 https://65r08go.com/QFqF → 200 https://ijwdpnmb.com/casino?registration=1&cid=8297204757&pid=297832&sip=0
mostbet-betnow17.top,latest,external,https://links-go9.top/mostbet_android,https://nvjnacmb.com/casino?registration=1&cid=8297204659&pid=297832&sip=0,mostbet,Mostbet,mostbet_assets,297832,True,Mostbet official website,True,,302 https://links-go9.top/mostbet_android → 302 https://65r08go.com/QFqF → 200 https://nvjnacmb.com/casino?registration=1&cid=8297204659&pid=297832&sip=0
mostbet-betnow17.top,latest,external,https://links-go9.top/mostbet_ios,https://ijwdpnmb.com/casino?registration=1&cid=8297204703&pid=297832&sip=0,mostbet,Mostbet,mostbet_assets,297832,True,Mostbet official website,True,,302 https://links-go9.top/mostbet_ios → 302 https://65r08go.com/QFqF → 200 https://ijwdpnmb.com/casino?registration=1&cid=8297204703&pid=297832&sip=0
mostbet-betnow17.top,latest,external,https://links-go9.top/mostbet,https://nvjnacmb.com/casino?registration=1&cid=8297204719&pid=297832&sip=0,mostbet,Mostbet,mostbet_assets,297832,True,Mostbet official website,True,,302 https://links-go9.top/mostbet → 302 https://65r08go.com/QFqF → 200 https://nvjnacmb.com/casino?registration=1&cid=8297204719&pid=297832&sip=0
mostbet-betnow17.top,latest,external,https://links-go9.top/mostbet_cr,https://ijwdpnmb.com/casino?registration=1&cid=8297204757&pid=297832&sip=0,mostbet,Mostbet,mostbet_assets,297832,True,Mostbet official website,True,,302 https://links-go9.top/mostbet_cr → 302 https://65r08go.com/QFqF → 200 https://ijwdpnmb.com/casino?registration=1&cid=8297204757&pid=297832&sip=0
mostbet-bet-casino.ru,latest,home_redirect,https://mostbet-bet-casino.ru/,https://mostbet-xplay18.top/,mostbet,Mostbet,mostbet_assets,,True,,,,
mostbet-bdy26.sbs,latest,external,https://mostbet.partners/,,needs_browser,,http_undecided,,,,,,
mostbet-bet-15.xyz,latest,external,https://mostbet.partners/,,needs_browser,,http_undecided,,,,,,
mostbet-bet-1.xyz,latest,external,https://mostbet.partners/,,needs_browser,,http_undecided,,,,,,
mostbet-be.com,latest,js:script_url,https://signup-page.com/NJytTx,,needs_browser,,http_undecided,,,,,,
mostbet-bez95.cfd,latest,external,https://mostbet.partners/,,needs_browser,,http_undecided,,,,,,
mostbet-bfc78.sbs,latest,external,https://mostbet.partners/,,needs_browser,,http_undecided,,,,,,
mostbet-bgd63.sbs,latest,external,https://mostbet.partners/,,needs_browser,,http_undecided,,,,,,
mostbet-bha28.sbs,latest,external,https://mostbet.partners/,,needs_browser,,http_undecided,,,,,,
mostbet-bgm13.cfd,latest,external,https://mostbet.partners/,,needs_browser,,http_undecided,,,,,,
mostbet-bhx11.cam,latest,external,https://mostbet.partners/,,needs_browser,,http_undecided,,,,,,
mostbet-bii21.top,latest,external,https://mostbet.partners/,,needs_browser,,http_undecided,,,,,,
mostbet-bhw26.cam,latest,external,https://mostbet.partners/,,needs_browser,,http_undecided,,,,,,
mostbet-bgl97.top,latest,external,https://mostbet.partners/,,needs_browser,,http_undecided,,,,,,
mostbet-bhku.xyz,latest,external,https://mostbet.partners/,,needs_browser,,http_undecided,,,,,,
mostbet-bjx17.cam,latest,external,https://mostbet.partners/,,needs_browser,,http_undecided,,,,,,
mostbet-bgr67.cfd,latest,external,https://mostbet.partners/,,needs_browser,,http_undecided,,,,,,
mostbet-bk-2win.xyz,latest,external,https://mostbet.partners/,,needs_browser,,http_undecided,,,,,,
mostbet-bk-casino-1.top,latest,external,https://mostbet.partners/,,needs_browser,,http_undecided,,,,,,
mostbet-bk-casino.top,latest,external,https://mostbet.partners/,,needs_browser,,http_undecided,,,,,,
mostbet-bk2020.ru,latest,home_redirect,https://mostbet-bk2020.ru/,https://mostbet-xline17.top/,mostbet,Mostbet,mostbet_assets,,True,,,,
mostbet-bk7.top,latest,external,https://links-go9.top/mostbet_android,https://nvjnacmb.com/casino?registration=1&cid=8297204659&pid=297832&sip=0,mostbet,Mostbet,mostbet_assets,297832,True,Mostbet official website,True,,302 https://links-go9.top/mostbet_android → 302 https://65r08go.com/QFqF → 200 https://nvjnacmb.com/casino?registration=1&cid=8297204659&pid=297832&sip=0
mostbet-bk7.top,latest,external,https://links-go9.top/mostbet_ios,https://ijwdpnmb.com/casino?registration=1&cid=8297204703&pid=297832&sip=0,mostbet,Mostbet,mostbet_assets,297832,True,Mostbet official website,True,,302 https://links-go9.top/mostbet_ios → 302 https://65r08go.com/QFqF → 200 https://ijwdpnmb.com/casino?registration=1&cid=8297204703&pid=297832&sip=0
mostbet-bk7.top,latest,external,https://links-go9.top/mostbet,https://nvjnacmb.com/casino?registration=1&cid=8297204719&pid=297832&sip=0,mostbet,Mostbet,mostbet_assets,297832,True,Mostbet official website,True,,302 https://links-go9.top/mostbet → 302 https://65r08go.com/QFqF → 200 https://nvjnacmb.com/casino?registration=1&cid=8297204719&pid=297832&sip=0
mostbet-bk7.top,latest,external,https://links-go9.top/mostbet_cr,https://ijwdpnmb.com/casino?registration=1&cid=8297204757&pid=297832&sip=0,mostbet,Mostbet,mostbet_assets,297832,True,Mostbet official website,True,,302 https://links-go9.top/mostbet_cr → 302 https://65r08go.com/QFqF → 200 https://ijwdpnmb.com/casino?registration=1&cid=8297204757&pid=297832&sip=0
mostbet-bk11win.xyz,latest,external,https://mostbet.partners/,,needs_browser,,http_undecided,,,,,,
mostbet-bk4.top,latest,home_redirect,https://mostbet-bk4.top/,https://mostbet-bk7.top,mostbet,Mostbet,mostbet_assets,,True,,,,
mostbet-bkj27.cfd,latest,external,https://mostbet.partners/,,needs_browser,,http_undecided,,,,,,
mostbet-bk.su,latest,home_redirect,https://mostbet-bk.su/,https://mostbet-bk7.top,mostbet,Mostbet,mostbet_assets,,True,,,,
mostbet-bk2.top,latest,home_redirect,https://mostbet-bk2.top/,https://mostbet-bk7.top,mostbet,Mostbet,mostbet_assets,,True,,,,
mostbet-black256.ru,latest,external,https://links-go9.top/mostbet_android,https://nvjnacmb.com/casino?registration=1&cid=8297204659&pid=297832&sip=0,mostbet,Mostbet,mostbet_assets,297832,True,Mostbet official website,True,,302 https://links-go9.top/mostbet_android → 302 https://65r08go.com/QFqF → 200 https://nvjnacmb.com/casino?registration=1&cid=8297204659&pid=297832&sip=0
mostbet-black256.ru,latest,external,https://links-go9.top/mostbet_ios,https://ijwdpnmb.com/casino?registration=1&cid=8297204703&pid=297832&sip=0,mostbet,Mostbet,mostbet_assets,297832,True,Mostbet official website,True,,302 https://links-go9.top/mostbet_ios → 302 https://65r08go.com/QFqF → 200 https://ijwdpnmb.com/casino?registration=1&cid=8297204703&pid=297832&sip=0
mostbet-black256.ru,latest,external,https://links-go9.top/mostbet,https://nvjnacmb.com/casino?registration=1&cid=8297204719&pid=297832&sip=0,mostbet,Mostbet,mostbet_assets,297832,True,Mostbet official website,True,,302 https://links-go9.top/mostbet → 302 https://65r08go.com/QFqF → 200 https://nvjnacmb.com/casino?registration=1&cid=8297204719&pid=297832&sip=0
mostbet-black256.ru,latest,external,https://links-go9.top/mostbet_cr,https://ijwdpnmb.com/casino?registration=1&cid=8297204757&pid=297832&sip=0,mostbet,Mostbet,mostbet_assets,297832,True,Mostbet official website,True,,302 https://links-go9.top/mostbet_cr → 302 https://65r08go.com/QFqF → 200 https://ijwdpnmb.com/casino?registration=1&cid=8297204757&pid=297832&sip=0
mostbet-bjw5.cam,latest,external,https://mostbet.partners/,,needs_browser,,http_undecided,,,,,,
mostbet-bk-casino-3.top,latest,external,https://mostbet.partners/,,needs_browser,,http_undecided,,,,,,
mostbet-bk5.top,latest,home_redirect,https://mostbet-bk5.top/,https://mostbet-bk7.top,mostbet,Mostbet,mostbet_assets,,True,,,,
mostbet-bk6.top,latest,home_redirect,https://mostbet-bk6.top/,https://mostbet-bk7.top,mostbet,Mostbet,mostbet_assets,,True,,,,
mostbet-bk-zerkalo1.xyz,latest,external,https://mostbet.partners/,,needs_browser,,http_undecided,,,,,,
mostbet-bmy76.cfd,latest,external,https://mostbet.partners/,,needs_browser,,http_undecided,,,,,,
mostbet-bmb23.top,latest,external,https://mostbet.partners/,,needs_browser,,http_undecided,,,,,,
mostbet-bonus-casino.pl,latest,internal_redirect_like,https://mostbet-bonus-casino.pl/apk/,,needs_browser,,http_undecided,,,,,,
mostbet-bonus-casino.pl,latest,external,https://links-go9.top/mostbet,https://nvjnacmb.com/casino?registration=1&cid=8297204719&pid=297832&sip=0,mostbet,Mostbet,mostbet_assets,297832,True,Mostbet official website,True,,302 https://links-go9.top/mostbet → 302 https://65r08go.com/QFqF → 200 https://nvjnacmb.com/casino?registration=1&cid=8297204719&pid=297832&sip=0
mostbet-bonus-casino.pl,latest,external,https://links-go9.top/mostbet_android,https://nvjnacmb.com/casino?registration=1&cid=8297204659&pid=297832&sip=0,mostbet,Mostbet,mostbet_assets,297832,True,Mostbet official website,True,,302 https://links-go9.top/mostbet_android → 302 https://65r08go.com/QFqF → 200 https://nvjnacmb.com/casino?registration=1&cid=8297204659&pid=297832&sip=0
mostbet-bonus-casino.pl,latest,external,https://links-go9.top/mostbet_ios,https://ijwdpnmb.com/casino?registration=1&cid=8297204703&pid=297832&sip=0,mostbet,Mostbet,mostbet_assets,297832,True,Mostbet official website,True,,302 https://links-go9.top/mostbet_ios → 302 https://65r08go.com/QFqF → 200 https://ijwdpnmb.com/casino?registration=1&cid=8297204703&pid=297832&sip=0
mostbet-bonus-casino.pl,latest,external,https://links-go9.top/mostbet_cr,https://ijwdpnmb.com/casino?registration=1&cid=8297204757&pid=297832&sip=0,mostbet,Mostbet,mostbet_assets,297832,True,Mostbet official website,True,,302 https://links-go9.top/mostbet_cr → 302 https://65r08go.com/QFqF → 200 https://ijwdpnmb.com/casino?registration=1&cid=8297204757&pid=297832&sip=0
mostbet-bmn84.buzz,latest,external,https://mostbet.partners/,,needs_browser,,http_undecided,,,,,,
mostbet-bns79.cam,latest,external,https://mostbet.partners/,,needs_browser,,http_undecided,,,,,,
mostbet-bk5.xyz,latest,external,https://mostbet.partners/,,needs_browser,,http_undecided,,,,,,
mostbet-blw85.buzz,latest,external,https://mostbet.partners/,,needs_browser,,http_undecided,,,,,,
mostbet-bk3.top,latest,home_redirect,https://mostbet-bk3.top/,https://mostbet-bk7.top,mostbet,Mostbet,mostbet_assets,,True,,,,
mostbet-boh55.buzz,latest,external,https://mostbet.partners/,,needs_browser,,http_undecided,,,,,,
mostbet-bnb98.cam,latest,external,https://mostbet.partners/,,needs_browser,,http_undecided,,,,,,
mostbet-bnc56.top,latest,external,https://mostbet.partners/,,needs_browser,,http_undecided,,,,,,
mostbet-bno91.cfd,latest,external,https://mostbet.partners/,,needs_browser,,http_undecided,,,,,,
mostbet-bnn.cam,latest,external,https://mostbet.partners/,,needs_browser,,http_undecided,,,,,,
mostbet-boost19.top,latest,external,https://links-go9.top/mostbet_android,https://nvjnacmb.com/casino?registration=1&cid=8297204659&pid=297832&sip=0,mostbet,Mostbet,mostbet_assets,297832,True,Mostbet official website,True,,302 https://links-go9.top/mostbet_android → 302 https://65r08go.com/QFqF → 200 https://nvjnacmb.com/casino?registration=1&cid=8297204659&pid=297832&sip=0
mostbet-boost19.top,latest,external,https://links-go9.top/mostbet_ios,https://ijwdpnmb.com/casino?registration=1&cid=8297204703&pid=297832&sip=0,mostbet,Mostbet,mostbet_assets,297832,True,Mostbet official website,True,,302 https://links-go9.top/mostbet_ios → 302 https://65r08go.com/QFqF → 200 https://ijwdpnmb.com/casino?registration=1&cid=8297204703&pid=297832&sip=0
mostbet-boost19.top,latest,external,https://links-go9.top/mostbet,https://nvjnacmb.com/casino?registration=1&cid=8297204719&pid=297832&sip=0,mostbet,Mostbet,mostbet_assets,297832,True,Mostbet official website,True,,302 https://links-go9.top/mostbet → 302 https://65r08go.com/QFqF → 200 https://nvjnacmb.com/casino?registration=1&cid=8297204719&pid=297832&sip=0
mostbet-boost19.top,latest,external,https://links-go9.top/mostbet_cr,https://ijwdpnmb.com/casino?registration=1&cid=8297204757&pid=297832&sip=0,mostbet,Mostbet,mostbet_assets,297832,True,Mostbet official website,True,,302 https://links-go9.top/mostbet_cr → 302 https://65r08go.com/QFqF → 200 https://ijwdpnmb.com/casino?registration=1&cid=8297204757&pid=297832&sip=0
mostbet-boost18.top,latest,home_redirect,https://mostbet-boost18.top/,https://mostbet-boost19.top,mostbet,Mostbet,mostbet_assets,,True,,,,
mostbet-boost17.top,latest,home_redirect,https://mostbet-boost17.top/,https://mostbet-boost19.top,mostbet,Mostbet,mostbet_assets,,True,,,,
mostbet-brr12.top,latest,external,https://mostbet.partners/,,needs_browser,,http_undecided,,,,,,
mostbet-brr4.xyz,latest,external,https://mostbet.partners/,,needs_browser,,http_undecided,,,,,,
mostbet-boz71.sbs,latest,external,https://mostbet.partners/,,needs_browser,,http_undecided,,,,,,
mostbet-brq48.cfd,latest,external,https://mostbet.partners/,,needs_browser,,http_undecided,,,,,,
mostbet-bru41.cfd,latest,external,https://mostbet.partners/,,needs_browser,,http_undecided,,,,,,
mostbet-boun.xyz,latest,external,https://mostbet.partners/,,needs_browser,,http_undecided,,,,,,
mostbet-bqfq4py.buzz,latest,external,https://mostbet.partners/,,needs_browser,,http_undecided,,,,,,
mostbet-bss86.sbs,latest,external,https://mostbet.partners/,,needs_browser,,http_undecided,,,,,,
mostbet-bqi74.cfd,latest,external,https://mostbet.partners/,,needs_browser,,http_undecided,,,,,,
mostbet-btc97.sbs,latest,external,https://mostbet.partners/,,needs_browser,,http_undecided,,,,,,
mostbet-bsh35.cfd,latest,external,https://mostbet.partners/,,needs_browser,,http_undecided,,,,,,
mostbet-btn94.buzz,latest,external,https://mostbet.partners/,,needs_browser,,http_undecided,,,,,,
mostbet-bsk95.sbs,latest,external,https://mostbet.partners/,,needs_browser,,http_undecided,,,,,,
mostbet-bvp87.sbs,latest,external,https://mostbet.partners/,,needs_browser,,http_undecided,,,,,,
mostbet-bvo21.sbs,latest,external,https://mostbet.partners/,,needs_browser,,http_undecided,,,,,,
mostbet-btg49.top,latest,external,https://mostbet.partners/,,needs_browser,,http_undecided,,,,,,
mostbet-btk86.cfd,latest,external,https://mostbet.partners/,,needs_browser,,http_undecided,,,,,,
mostbet-bva72.buzz,latest,external,https://mostbet.partners/,,needs_browser,,http_undecided,,,,,,
mostbet-bukmeker.ru,latest,home_redirect,https://mostbet-bukmeker.ru/,https://mostbet-casino-1xy.top,mostbet,Mostbet,mostbet_assets,,True,,,,
mostbet-bxu48.buzz,latest,external,https://mostbet.partners/,,needs_browser,,http_undecided,,,,,,
mostbet-bry0.cam,latest,external,https://mostbet.partners/,,needs_browser,,http_undecided,,,,,,
mostbet-bxc64.top,latest,external,https://mostbet.partners/,,needs_browser,,http_undecided,,,,,,
mostbet-c6m.ru,latest,external,https://links-go9.top/mostbet_android,https://nvjnacmb.com/casino?registration=1&cid=8297204659&pid=297832&sip=0,mostbet,Mostbet,mostbet_assets,297832,True,Mostbet official website,True,,302 https://links-go9.top/mostbet_android → 302 https://65r08go.com/QFqF → 200 https://nvjnacmb.com/casino?registration=1&cid=8297204659&pid=297832&sip=0
mostbet-c6m.ru,latest,external,https://links-go9.top/mostbet_ios,https://ijwdpnmb.com/casino?registration=1&cid=8297204703&pid=297832&sip=0,mostbet,Mostbet,mostbet_assets,297832,True,Mostbet official website,True,,302 https://links-go9.top/mostbet_ios → 302 https://65r08go.com/QFqF → 200 https://ijwdpnmb.com/casino?registration=1&cid=8297204703&pid=297832&sip=0
mostbet-c6m.ru,latest,external,https://links-go9.top/mostbet,https://nvjnacmb.com/casino?registration=1&cid=8297204719&pid=297832&sip=0,mostbet,Mostbet,mostbet_assets,297832,True,Mostbet official website,True,,302 https://links-go9.top/mostbet → 302 https://65r08go.com/QFqF → 200 https://nvjnacmb.com/casino?registration=1&cid=8297204719&pid=297832&sip=0
mostbet-c6m.ru,latest,external,https://links-go9.top/mostbet_cr,https://ijwdpnmb.com/casino?registration=1&cid=8297204757&pid=297832&sip=0,mostbet,Mostbet,mostbet_assets,297832,True,Mostbet official website,True,,302 https://links-go9.top/mostbet_cr → 302 https://65r08go.com/QFqF → 200 https://ijwdpnmb.com/casino?registration=1&cid=8297204757&pid=297832&sip=0
mostbet-bxx86.cfd,latest,external,https://mostbet.partners/,,needs_browser,,http_undecided,,,,,,
mostbet-bzv27.sbs,latest,external,https://mostbet.partners/,,needs_browser,,http_undecided,,,,,,
mostbet-bya21.top,latest,external,https://mostbet.partners/,,needs_browser,,http_undecided,,,,,,
mostbet-bxz17.buzz,latest,external,https://mostbet.partners/,,needs_browser,,http_undecided,,,,,,
mostbet-bsq7.top,latest,external,https://mostbet.partners/,,needs_browser,,http_undecided,,,,,,
mostbet-bua8qzx.buzz,latest,external,https://mostbet.partners/,,needs_browser,,http_undecided,,,,,,
mostbet-casino-0xy.top,latest,home_redirect,https://mostbet-casino-0xy.top/,https://mostbet-casino-1xy.top,mostbet,Mostbet,mostbet_assets,,True,,,,
mostbet-cai65.buzz,latest,external,https://mostbet.partners/,,needs_browser,,http_undecided,,,,,,
mostbet-c2.xyz,latest,external,https://mostbet.partners/,,needs_browser,,http_undecided,,,,,,
mostbet-byb16.cfd,latest,external,https://mostbet.partners/,,needs_browser,,http_undecided,,,,,,
mostbet-casino-0tq.top,latest,external,https://links-go9.top/mostbet_android,https://nvjnacmb.com/casino?registration=1&cid=8297204659&pid=297832&sip=0,mostbet,Mostbet,mostbet_assets,297832,True,Mostbet official website,True,,302 https://links-go9.top/mostbet_android → 302 https://65r08go.com/QFqF → 200 https://nvjnacmb.com/casino?registration=1&cid=8297204659&pid=297832&sip=0
mostbet-casino-0tq.top,latest,external,https://links-go9.top/mostbet_ios,https://ijwdpnmb.com/casino?registration=1&cid=8297204703&pid=297832&sip=0,mostbet,Mostbet,mostbet_assets,297832,True,Mostbet official website,True,,302 https://links-go9.top/mostbet_ios → 302 https://65r08go.com/QFqF → 200 https://ijwdpnmb.com/casino?registration=1&cid=8297204703&pid=297832&sip=0
mostbet-casino-0tq.top,latest,external,https://links-go9.top/mostbet,https://nvjnacmb.com/casino?registration=1&cid=8297204719&pid=297832&sip=0,mostbet,Mostbet,mostbet_assets,297832,True,Mostbet official website,True,,302 https://links-go9.top/mostbet → 302 https://65r08go.com/QFqF → 200 https://nvjnacmb.com/casino?registration=1&cid=8297204719&pid=297832&sip=0
mostbet-casino-0tq.top,latest,external,https://links-go9.top/mostbet_cr,https://ijwdpnmb.com/casino?registration=1&cid=8297204757&pid=297832&sip=0,mostbet,Mostbet,mostbet_assets,297832,True,Mostbet official website,True,,302 https://links-go9.top/mostbet_cr → 302 https://65r08go.com/QFqF → 200 https://ijwdpnmb.com/casino?registration=1&cid=8297204757&pid=297832&sip=0
mostbet-cash19.top,latest,external,https://links-go9.top/mostbet_android,https://nvjnacmb.com/casino?registration=1&cid=8297204659&pid=297832&sip=0,mostbet,Mostbet,mostbet_assets,297832,True,Mostbet official website,True,,302 https://links-go9.top/mostbet_android → 302 https://65r08go.com/QFqF → 200 https://nvjnacmb.com/casino?registration=1&cid=8297204659&pid=297832&sip=0
mostbet-cash19.top,latest,external,https://links-go9.top/mostbet_ios,https://ijwdpnmb.com/casino?registration=1&cid=8297204703&pid=297832&sip=0,mostbet,Mostbet,mostbet_assets,297832,True,Mostbet official website,True,,302 https://links-go9.top/mostbet_ios → 302 https://65r08go.com/QFqF → 200 https://ijwdpnmb.com/casino?registration=1&cid=8297204703&pid=297832&sip=0
mostbet-cash19.top,latest,external,https://links-go9.top/mostbet,https://nvjnacmb.com/casino?registration=1&cid=8297204719&pid=297832&sip=0,mostbet,Mostbet,mostbet_assets,297832,True,Mostbet official website,True,,302 https://links-go9.top/mostbet → 302 https://65r08go.com/QFqF → 200 https://nvjnacmb.com/casino?registration=1&cid=8297204719&pid=297832&sip=0
mostbet-cash19.top,latest,external,https://links-go9.top/mostbet_cr,https://ijwdpnmb.com/casino?registration=1&cid=8297204757&pid=297832&sip=0,mostbet,Mostbet,mostbet_assets,297832,True,Mostbet official website,True,,302 https://links-go9.top/mostbet_cr → 302 https://65r08go.com/QFqF → 200 https://ijwdpnmb.com/casino?registration=1&cid=8297204757&pid=297832&sip=0
mostbet-casino-1xy.top,latest,external,https://links-go9.top/mostbet_android,https://nvjnacmb.com/casino?registration=1&cid=8297204659&pid=297832&sip=0,mostbet,Mostbet,mostbet_assets,297832,True,Mostbet official website,True,,302 https://links-go9.top/mostbet_android → 302 https://65r08go.com/QFqF → 200 https://nvjnacmb.com/casino?registration=1&cid=8297204659&pid=297832&sip=0
mostbet-casino-1xy.top,latest,external,https://links-go9.top/mostbet_ios,https://ijwdpnmb.com/casino?registration=1&cid=8297204703&pid=297832&sip=0,mostbet,Mostbet,mostbet_assets,297832,True,Mostbet official website,True,,302 https://links-go9.top/mostbet_ios → 302 https://65r08go.com/QFqF → 200 https://ijwdpnmb.com/casino?registration=1&cid=8297204703&pid=297832&sip=0
mostbet-casino-1xy.top,latest,external,https://links-go9.top/mostbet,https://nvjnacmb.com/casino?registration=1&cid=8297204719&pid=297832&sip=0,mostbet,Mostbet,mostbet_assets,297832,True,Mostbet official website,True,,302 https://links-go9.top/mostbet → 302 https://65r08go.com/QFqF → 200 https://nvjnacmb.com/casino?registration=1&cid=8297204719&pid=297832&sip=0
mostbet-casino-1xy.top,latest,external,https://links-go9.top/mostbet_cr,https://ijwdpnmb.com/casino?registration=1&cid=8297204757&pid=297832&sip=0,mostbet,Mostbet,mostbet_assets,297832,True,Mostbet official website,True,,302 https://links-go9.top/mostbet_cr → 302 https://65r08go.com/QFqF → 200 https://ijwdpnmb.com/casino?registration=1&cid=8297204757&pid=297832&sip=0
mostbet-casino-1ol.top,latest,external,https://links-go9.top/mostbet_android,https://nvjnacmb.com/casino?registration=1&cid=8297204659&pid=297832&sip=0,mostbet,Mostbet,mostbet_assets,297832,True,Mostbet official website,True,,302 https://links-go9.top/mostbet_android → 302 https://65r08go.com/QFqF → 200 https://nvjnacmb.com/casino?registration=1&cid=8297204659&pid=297832&sip=0
mostbet-casino-1ol.top,latest,external,https://links-go9.top/mostbet_ios,https://ijwdpnmb.com/casino?registration=1&cid=8297204703&pid=297832&sip=0,mostbet,Mostbet,mostbet_assets,297832,True,Mostbet official website,True,,302 https://links-go9.top/mostbet_ios → 302 https://65r08go.com/QFqF → 200 https://ijwdpnmb.com/casino?registration=1&cid=8297204703&pid=297832&sip=0
mostbet-casino-1ol.top,latest,external,https://links-go9.top/mostbet,https://nvjnacmb.com/casino?registration=1&cid=8297204719&pid=297832&sip=0,mostbet,Mostbet,mostbet_assets,297832,True,Mostbet official website,True,,302 https://links-go9.top/mostbet → 302 https://65r08go.com/QFqF → 200 https://nvjnacmb.com/casino?registration=1&cid=8297204719&pid=297832&sip=0
mostbet-casino-1ol.top,latest,external,https://links-go9.top/mostbet_cr,https://ijwdpnmb.com/casino?registration=1&cid=8297204757&pid=297832&sip=0,mostbet,Mostbet,mostbet_assets,297832,True,Mostbet official website,True,,302 https://links-go9.top/mostbet_cr → 302 https://65r08go.com/QFqF → 200 https://ijwdpnmb.com/casino?registration=1&cid=8297204757&pid=297832&sip=0
mostbet-casin4.top,latest,external,https://links-go9.top/mostbet_android,https://nvjnacmb.com/casino?registration=1&cid=8297204659&pid=297832&sip=0,mostbet,Mostbet,mostbet_assets,297832,True,Mostbet official website,True,,302 https://links-go9.top/mostbet_android → 302 https://65r08go.com/QFqF → 200 https://nvjnacmb.com/casino?registration=1&cid=8297204659&pid=297832&sip=0
mostbet-casin4.top,latest,external,https://links-go9.top/mostbet_ios,https://ijwdpnmb.com/casino?registration=1&cid=8297204703&pid=297832&sip=0,mostbet,Mostbet,mostbet_assets,297832,True,Mostbet official website,True,,302 https://links-go9.top/mostbet_ios → 302 https://65r08go.com/QFqF → 200 https://ijwdpnmb.com/casino?registration=1&cid=8297204703&pid=297832&sip=0
mostbet-casin4.top,latest,external,https://links-go9.top/mostbet,https://nvjnacmb.com/casino?registration=1&cid=8297204719&pid=297832&sip=0,mostbet,Mostbet,mostbet_assets,297832,True,Mostbet official website,True,,302 https://links-go9.top/mostbet → 302 https://65r08go.com/QFqF → 200 https://nvjnacmb.com/casino?registration=1&cid=8297204719&pid=297832&sip=0
mostbet-casin4.top,latest,external,https://links-go9.top/mostbet_cr,https://ijwdpnmb.com/casino?registration=1&cid=8297204757&pid=297832&sip=0,mostbet,Mostbet,mostbet_assets,297832,True,Mostbet official website,True,,302 https://links-go9.top/mostbet_cr → 302 https://65r08go.com/QFqF → 200 https://ijwdpnmb.com/casino?registration=1&cid=8297204757&pid=297832&sip=0
mostbet-byu.buzz,latest,external,https://mostbet.partners/,,needs_browser,,http_undecided,,,,,,
mostbet-casino-1uc.top,latest,external,https://links-go9.top/mostbet_android,https://nvjnacmb.com/casino?registration=1&cid=8297204659&pid=297832&sip=0,mostbet,Mostbet,mostbet_assets,297832,True,Mostbet official website,True,,302 https://links-go9.top/mostbet_android → 302 https://65r08go.com/QFqF → 200 https://nvjnacmb.com/casino?registration=1&cid=8297204659&pid=297832&sip=0
mostbet-casino-1uc.top,latest,external,https://links-go9.top/mostbet_ios,https://ijwdpnmb.com/casino?registration=1&cid=8297204703&pid=297832&sip=0,mostbet,Mostbet,mostbet_assets,297832,True,Mostbet official website,True,,302 https://links-go9.top/mostbet_ios → 302 https://65r08go.com/QFqF → 200 https://ijwdpnmb.com/casino?registration=1&cid=8297204703&pid=297832&sip=0
mostbet-casino-1uc.top,latest,external,https://links-go9.top/mostbet,https://nvjnacmb.com/casino?registration=1&cid=8297204719&pid=297832&sip=0,mostbet,Mostbet,mostbet_assets,297832,True,Mostbet official website,True,,302 https://links-go9.top/mostbet → 302 https://65r08go.com/QFqF → 200 https://nvjnacmb.com/casino?registration=1&cid=8297204719&pid=297832&sip=0
mostbet-casino-1uc.top,latest,external,https://links-go9.top/mostbet_cr,https://ijwdpnmb.com/casino?registration=1&cid=8297204757&pid=297832&sip=0,mostbet,Mostbet,mostbet_assets,297832,True,Mostbet official website,True,,302 https://links-go9.top/mostbet_cr → 302 https://65r08go.com/QFqF → 200 https://ijwdpnmb.com/casino?registration=1&cid=8297204757&pid=297832&sip=0
mostbet-casino-1zi.top,latest,external,https://links-go9.top/mostbet_android,https://nvjnacmb.com/casino?registration=1&cid=8297204659&pid=297832&sip=0,mostbet,Mostbet,mostbet_assets,297832,True,Mostbet official website,True,,302 https://links-go9.top/mostbet_android → 302 https://65r08go.com/QFqF → 200 https://nvjnacmb.com/casino?registration=1&cid=8297204659&pid=297832&sip=0
mostbet-casino-1zi.top,latest,external,https://links-go9.top/mostbet_ios,https://ijwdpnmb.com/casino?registration=1&cid=8297204703&pid=297832&sip=0,mostbet,Mostbet,mostbet_assets,297832,True,Mostbet official website,True,,302 https://links-go9.top/mostbet_ios → 302 https://65r08go.com/QFqF → 200 https://ijwdpnmb.com/casino?registration=1&cid=8297204703&pid=297832&sip=0
mostbet-casino-1zi.top,latest,external,https://links-go9.top/mostbet,https://nvjnacmb.com/casino?registration=1&cid=8297204719&pid=297832&sip=0,mostbet,Mostbet,mostbet_assets,297832,True,Mostbet official website,True,,302 https://links-go9.top/mostbet → 302 https://65r08go.com/QFqF → 200 https://nvjnacmb.com/casino?registration=1&cid=8297204719&pid=297832&sip=0
mostbet-casino-1zi.top,latest,external,https://links-go9.top/mostbet_cr,https://ijwdpnmb.com/casino?registration=1&cid=8297204757&pid=297832&sip=0,mostbet,Mostbet,mostbet_assets,297832,True,Mostbet official website,True,,302 https://links-go9.top/mostbet_cr → 302 https://65r08go.com/QFqF → 200 https://ijwdpnmb.com/casino?registration=1&cid=8297204757&pid=297832&sip=0
mostbet-cal44.top,latest,external,https://mostbet.partners/,,needs_browser,,http_undecided,,,,,,
mostbet-casino-11.online,latest,external,https://mostbet.partners/,,needs_browser,,http_undecided,,,,,,
mostbet-casino-1zy.top,latest,external,https://links-go9.top/mostbet_android,https://nvjnacmb.com/casino?registration=1&cid=8297204659&pid=297832&sip=0,mostbet,Mostbet,mostbet_assets,297832,True,Mostbet official website,True,,302 https://links-go9.top/mostbet_android → 302 https://65r08go.com/QFqF → 200 https://nvjnacmb.com/casino?registration=1&cid=8297204659&pid=297832&sip=0
mostbet-casino-1zy.top,latest,external,https://links-go9.top/mostbet_ios,https://ijwdpnmb.com/casino?registration=1&cid=8297204703&pid=297832&sip=0,mostbet,Mostbet,mostbet_assets,297832,True,Mostbet official website,True,,302 https://links-go9.top/mostbet_ios → 302 https://65r08go.com/QFqF → 200 https://ijwdpnmb.com/casino?registration=1&cid=8297204703&pid=297832&sip=0
mostbet-casino-1zy.top,latest,external,https://links-go9.top/mostbet,https://nvjnacmb.com/casino?registration=1&cid=8297204719&pid=297832&sip=0,mostbet,Mostbet,mostbet_assets,297832,True,Mostbet official website,True,,302 https://links-go9.top/mostbet → 302 https://65r08go.com/QFqF → 200 https://nvjnacmb.com/casino?registration=1&cid=8297204719&pid=297832&sip=0
mostbet-casino-1zy.top,latest,external,https://links-go9.top/mostbet_cr,https://ijwdpnmb.com/casino?registration=1&cid=8297204757&pid=297832&sip=0,mostbet,Mostbet,mostbet_assets,297832,True,Mostbet official website,True,,302 https://links-go9.top/mostbet_cr → 302 https://65r08go.com/QFqF → 200 https://ijwdpnmb.com/casino?registration=1&cid=8297204757&pid=297832&sip=0
mostbet-casino-0uc.top,latest,home_redirect,https://mostbet-casino-0uc.top/,https://mostbet-casino-1uc.top/,mostbet,Mostbet,mostbet_assets,,True,,,,
mostbet-c1.xyz,latest,external,https://mostbet.partners/,,needs_browser,,http_undecided,,,,,,
mostbet-casino-0ol.top,latest,home_redirect,https://mostbet-casino-0ol.top/,https://mostbet-casino-1ol.top,mostbet,Mostbet,mostbet_assets,,True,,,,
mostbet-casino-a0w.top,latest,external,https://links-go9.top/mostbet_android,https://nvjnacmb.com/casino?registration=1&cid=8297204659&pid=297832&sip=0,mostbet,Mostbet,mostbet_assets,297832,True,Mostbet official website,True,,302 https://links-go9.top/mostbet_android → 302 https://65r08go.com/QFqF → 200 https://nvjnacmb.com/casino?registration=1&cid=8297204659&pid=297832&sip=0
mostbet-casino-a0w.top,latest,external,https://links-go9.top/mostbet_ios,https://ijwdpnmb.com/casino?registration=1&cid=8297204703&pid=297832&sip=0,mostbet,Mostbet,mostbet_assets,297832,True,Mostbet official website,True,,302 https://links-go9.top/mostbet_ios → 302 https://65r08go.com/QFqF → 200 https://ijwdpnmb.com/casino?registration=1&cid=8297204703&pid=297832&sip=0
mostbet-casino-a0w.top,latest,external,https://links-go9.top/mostbet,https://nvjnacmb.com/casino?registration=1&cid=8297204719&pid=297832&sip=0,mostbet,Mostbet,mostbet_assets,297832,True,Mostbet official website,True,,302 https://links-go9.top/mostbet → 302 https://65r08go.com/QFqF → 200 https://nvjnacmb.com/casino?registration=1&cid=8297204719&pid=297832&sip=0
mostbet-casino-a0w.top,latest,external,https://links-go9.top/mostbet_cr,https://ijwdpnmb.com/casino?registration=1&cid=8297204757&pid=297832&sip=0,mostbet,Mostbet,mostbet_assets,297832,True,Mostbet official website,True,,302 https://links-go9.top/mostbet_cr → 302 https://65r08go.com/QFqF → 200 https://ijwdpnmb.com/casino?registration=1&cid=8297204757&pid=297832&sip=0
mostbet-cash18.top,latest,home_redirect,https://mostbet-cash18.top/,https://mostbet-cash19.top,mostbet,Mostbet,mostbet_assets,,True,,,,
mostbet-casin3.top,latest,home_redirect,https://mostbet-casin3.top/,https://mostbet-casin4.top,mostbet,Mostbet,mostbet_assets,,True,,,,
mostbet-casino-b7j.top,latest,external,https://links-go9.top/mostbet_android,https://nvjnacmb.com/casino?registration=1&cid=8297204659&pid=297832&sip=0,mostbet,Mostbet,mostbet_assets,297832,True,Mostbet official website,True,,302 https://links-go9.top/mostbet_android → 302 https://65r08go.com/QFqF → 200 https://nvjnacmb.com/casino?registration=1&cid=8297204659&pid=297832&sip=0
mostbet-casino-b7j.top,latest,external,https://links-go9.top/mostbet_ios,https://ijwdpnmb.com/casino?registration=1&cid=8297204703&pid=297832&sip=0,mostbet,Mostbet,mostbet_assets,297832,True,Mostbet official website,True,,302 https://links-go9.top/mostbet_ios → 302 https://65r08go.com/QFqF → 200 https://ijwdpnmb.com/casino?registration=1&cid=8297204703&pid=297832&sip=0
mostbet-casino-b7j.top,latest,external,https://links-go9.top/mostbet,https://nvjnacmb.com/casino?registration=1&cid=8297204719&pid=297832&sip=0,mostbet,Mostbet,mostbet_assets,297832,True,Mostbet official website,True,,302 https://links-go9.top/mostbet → 302 https://65r08go.com/QFqF → 200 https://nvjnacmb.com/casino?registration=1&cid=8297204719&pid=297832&sip=0
mostbet-casino-b7j.top,latest,external,https://links-go9.top/mostbet_cr,https://ijwdpnmb.com/casino?registration=1&cid=8297204757&pid=297832&sip=0,mostbet,Mostbet,mostbet_assets,297832,True,Mostbet official website,True,,302 https://links-go9.top/mostbet_cr → 302 https://65r08go.com/QFqF → 200 https://ijwdpnmb.com/casino?registration=1&cid=8297204757&pid=297832&sip=0
mostbet-casino-b1n.top,latest,external,https://links-go9.top/mostbet_android,https://nvjnacmb.com/casino?registration=1&cid=8297204659&pid=297832&sip=0,mostbet,Mostbet,mostbet_assets,297832,True,Mostbet official website,True,,302 https://links-go9.top/mostbet_android → 302 https://65r08go.com/QFqF → 200 https://nvjnacmb.com/casino?registration=1&cid=8297204659&pid=297832&sip=0
mostbet-casino-b1n.top,latest,external,https://links-go9.top/mostbet_ios,https://ijwdpnmb.com/casino?registration=1&cid=8297204703&pid=297832&sip=0,mostbet,Mostbet,mostbet_assets,297832,True,Mostbet official website,True,,302 https://links-go9.top/mostbet_ios → 302 https://65r08go.com/QFqF → 200 https://ijwdpnmb.com/casino?registration=1&cid=8297204703&pid=297832&sip=0
mostbet-casino-b1n.top,latest,external,https://links-go9.top/mostbet,https://nvjnacmb.com/casino?registration=1&cid=8297204719&pid=297832&sip=0,mostbet,Mostbet,mostbet_assets,297832,True,Mostbet official website,True,,302 https://links-go9.top/mostbet → 302 https://65r08go.com/QFqF → 200 https://nvjnacmb.com/casino?registration=1&cid=8297204719&pid=297832&sip=0
mostbet-casino-b1n.top,latest,external,https://links-go9.top/mostbet_cr,https://ijwdpnmb.com/casino?registration=1&cid=8297204757&pid=297832&sip=0,mostbet,Mostbet,mostbet_assets,297832,True,Mostbet official website,True,,302 https://links-go9.top/mostbet_cr → 302 https://65r08go.com/QFqF → 200 https://ijwdpnmb.com/casino?registration=1&cid=8297204757&pid=297832&sip=0
mostbet-casino-a0x.ru,latest,external,https://links-go9.top/mostbet_android,https://nvjnacmb.com/casino?registration=1&cid=8297204659&pid=297832&sip=0,mostbet,Mostbet,mostbet_assets,297832,True,Mostbet official website,True,,302 https://links-go9.top/mostbet_android → 302 https://65r08go.com/QFqF → 200 https://nvjnacmb.com/casino?registration=1&cid=8297204659&pid=297832&sip=0
mostbet-casino-a0x.ru,latest,external,https://links-go9.top/mostbet_ios,https://ijwdpnmb.com/casino?registration=1&cid=8297204703&pid=297832&sip=0,mostbet,Mostbet,mostbet_assets,297832,True,Mostbet official website,True,,302 https://links-go9.top/mostbet_ios → 302 https://65r08go.com/QFqF → 200 https://ijwdpnmb.com/casino?registration=1&cid=8297204703&pid=297832&sip=0
mostbet-casino-a0x.ru,latest,external,https://links-go9.top/mostbet,https://nvjnacmb.com/casino?registration=1&cid=8297204719&pid=297832&sip=0,mostbet,Mostbet,mostbet_assets,297832,True,Mostbet official website,True,,302 https://links-go9.top/mostbet → 302 https://65r08go.com/QFqF → 200 https://nvjnacmb.com/casino?registration=1&cid=8297204719&pid=297832&sip=0
mostbet-casino-a0x.ru,latest,external,https://links-go9.top/mostbet_cr,https://ijwdpnmb.com/casino?registration=1&cid=8297204757&pid=297832&sip=0,mostbet,Mostbet,mostbet_assets,297832,True,Mostbet official website,True,,302 https://links-go9.top/mostbet_cr → 302 https://65r08go.com/QFqF → 200 https://ijwdpnmb.com/casino?registration=1&cid=8297204757&pid=297832&sip=0
mostbet-casino-0zi.top,latest,home_redirect,https://mostbet-casino-0zi.top/,https://mostbet-casino-1zi.top,mostbet,Mostbet,mostbet_assets,,True,,,,
mostbet-casino-0zy.top,latest,home_redirect,https://mostbet-casino-0zy.top/,https://mostbet-casino-1zy.top,mostbet,Mostbet,mostbet_assets,,True,,,,
mostbet-cash17.top,latest,home_redirect,https://mostbet-cash17.top/,https://mostbet-cash19.top,mostbet,Mostbet,mostbet_assets,,True,,,,
mostbet-casino-app.pl,latest,internal_redirect_like,https://mostbet-casino-app.pl/apk/,,needs_browser,,http_undecided,,,,,,
mostbet-casino-app.pl,latest,external,https://links-go9.top/mostbet,https://nvjnacmb.com/casino?registration=1&cid=8297204719&pid=297832&sip=0,mostbet,Mostbet,mostbet_assets,297832,True,Mostbet official website,True,,302 https://links-go9.top/mostbet → 302 https://65r08go.com/QFqF → 200 https://nvjnacmb.com/casino?registration=1&cid=8297204719&pid=297832&sip=0
mostbet-casino-app.pl,latest,external,https://links-go9.top/mostbet_android,https://nvjnacmb.com/casino?registration=1&cid=8297204659&pid=297832&sip=0,mostbet,Mostbet,mostbet_assets,297832,True,Mostbet official website,True,,302 https://links-go9.top/mostbet_android → 302 https://65r08go.com/QFqF → 200 https://nvjnacmb.com/casino?registration=1&cid=8297204659&pid=297832&sip=0
mostbet-casino-app.pl,latest,external,https://links-go9.top/mostbet_ios,https://ijwdpnmb.com/casino?registration=1&cid=8297204703&pid=297832&sip=0,mostbet,Mostbet,mostbet_assets,297832,True,Mostbet official website,True,,302 https://links-go9.top/mostbet_ios → 302 https://65r08go.com/QFqF → 200 https://ijwdpnmb.com/casino?registration=1&cid=8297204703&pid=297832&sip=0
mostbet-casino-app.pl,latest,external,https://links-go9.top/mostbet_cr,https://ijwdpnmb.com/casino?registration=1&cid=8297204757&pid=297832&sip=0,mostbet,Mostbet,mostbet_assets,297832,True,Mostbet official website,True,,302 https://links-go9.top/mostbet_cr → 302 https://65r08go.com/QFqF → 200 https://ijwdpnmb.com/casino?registration=1&cid=8297204757&pid=297832&sip=0
mostbet-casino-apk.pl,latest,internal_redirect_like,https://mostbet-casino-apk.pl/apk/,,needs_browser,,http_undecided,,,,,,
mostbet-casino-apk.pl,latest,external,https://links-go9.top/mostbet,https://nvjnacmb.com/casino?registration=1&cid=8297204719&pid=297832&sip=0,mostbet,Mostbet,mostbet_assets,297832,True,Mostbet official website,True,,302 https://links-go9.top/mostbet → 302 https://65r08go.com/QFqF → 200 https://nvjnacmb.com/casino?registration=1&cid=8297204719&pid=297832&sip=0
mostbet-casino-apk.pl,latest,external,https://links-go9.top/mostbet_android,https://nvjnacmb.com/casino?registration=1&cid=8297204659&pid=297832&sip=0,mostbet,Mostbet,mostbet_assets,297832,True,Mostbet official website,True,,302 https://links-go9.top/mostbet_android → 302 https://65r08go.com/QFqF → 200 https://nvjnacmb.com/casino?registration=1&cid=8297204659&pid=297832&sip=0
mostbet-casino-apk.pl,latest,external,https://links-go9.top/mostbet_ios,https://ijwdpnmb.com/casino?registration=1&cid=8297204703&pid=297832&sip=0,mostbet,Mostbet,mostbet_assets,297832,True,Mostbet official website,True,,302 https://links-go9.top/mostbet_ios → 302 https://65r08go.com/QFqF → 200 https://ijwdpnmb.com/casino?registration=1&cid=8297204703&pid=297832&sip=0
mostbet-casino-apk.pl,latest,external,https://links-go9.top/mostbet_cr,https://ijwdpnmb.com/casino?registration=1&cid=8297204757&pid=297832&sip=0,mostbet,Mostbet,mostbet_assets,297832,True,Mostbet official website,True,,302 https://links-go9.top/mostbet_cr → 302 https://65r08go.com/QFqF → 200 https://ijwdpnmb.com/casino?registration=1&cid=8297204757&pid=297832&sip=0
mostbet-casino-b0n.ru,latest,home_redirect,https://mostbet-casino-b0n.ru/,https://mostbet-casino-b1n.top,mostbet,Mostbet,mostbet_assets,,True,,,,
mostbet-casino-cvr.top,latest,external,https://links-go9.top/mostbet_android,https://nvjnacmb.com/casino?registration=1&cid=8297204659&pid=297832&sip=0,mostbet,Mostbet,mostbet_assets,297832,True,Mostbet official website,True,,302 https://links-go9.top/mostbet_android → 302 https://65r08go.com/QFqF → 200 https://nvjnacmb.com/casino?registration=1&cid=8297204659&pid=297832&sip=0
mostbet-casino-cvr.top,latest,external,https://links-go9.top/mostbet_ios,https://ijwdpnmb.com/casino?registration=1&cid=8297204703&pid=297832&sip=0,mostbet,Mostbet,mostbet_assets,297832,True,Mostbet official website,True,,302 https://links-go9.top/mostbet_ios → 302 https://65r08go.com/QFqF → 200 https://ijwdpnmb.com/casino?registration=1&cid=8297204703&pid=297832&sip=0
mostbet-casino-cvr.top,latest,external,https://links-go9.top/mostbet,https://nvjnacmb.com/casino?registration=1&cid=8297204719&pid=297832&sip=0,mostbet,Mostbet,mostbet_assets,297832,True,Mostbet official website,True,,302 https://links-go9.top/mostbet → 302 https://65r08go.com/QFqF → 200 https://nvjnacmb.com/casino?registration=1&cid=8297204719&pid=297832&sip=0
mostbet-casino-cvr.top,latest,external,https://links-go9.top/mostbet_cr,https://ijwdpnmb.com/casino?registration=1&cid=8297204757&pid=297832&sip=0,mostbet,Mostbet,mostbet_assets,297832,True,Mostbet official website,True,,302 https://links-go9.top/mostbet_cr → 302 https://65r08go.com/QFqF → 200 https://ijwdpnmb.com/casino?registration=1&cid=8297204757&pid=297832&sip=0
mostbet-casino-e1s.top,latest,external,https://links-go9.top/mostbet_android,https://nvjnacmb.com/casino?registration=1&cid=8297204659&pid=297832&sip=0,mostbet,Mostbet,mostbet_assets,297832,True,Mostbet official website,True,,302 https://links-go9.top/mostbet_android → 302 https://65r08go.com/QFqF → 200 https://nvjnacmb.com/casino?registration=1&cid=8297204659&pid=297832&sip=0
mostbet-casino-e1s.top,latest,external,https://links-go9.top/mostbet_ios,https://ijwdpnmb.com/casino?registration=1&cid=8297204703&pid=297832&sip=0,mostbet,Mostbet,mostbet_assets,297832,True,Mostbet official website,True,,302 https://links-go9.top/mostbet_ios → 302 https://65r08go.com/QFqF → 200 https://ijwdpnmb.com/casino?registration=1&cid=8297204703&pid=297832&sip=0
mostbet-casino-e1s.top,latest,external,https://links-go9.top/mostbet,https://nvjnacmb.com/casino?registration=1&cid=8297204719&pid=297832&sip=0,mostbet,Mostbet,mostbet_assets,297832,True,Mostbet official website,True,,302 https://links-go9.top/mostbet → 302 https://65r08go.com/QFqF → 200 https://nvjnacmb.com/casino?registration=1&cid=8297204719&pid=297832&sip=0
mostbet-casino-e1s.top,latest,external,https://links-go9.top/mostbet_cr,https://ijwdpnmb.com/casino?registration=1&cid=8297204757&pid=297832&sip=0,mostbet,Mostbet,mostbet_assets,297832,True,Mostbet official website,True,,302 https://links-go9.top/mostbet_cr → 302 https://65r08go.com/QFqF → 200 https://ijwdpnmb.com/casino?registration=1&cid=8297204757&pid=297832&sip=0
mostbet-casino-game1.top,latest,external,https://links-go9.top/mostbet_android,https://nvjnacmb.com/casino?registration=1&cid=8297204659&pid=297832&sip=0,mostbet,Mostbet,mostbet_assets,297832,True,Mostbet official website,True,,302 https://links-go9.top/mostbet_android → 302 https://65r08go.com/QFqF → 200 https://nvjnacmb.com/casino?registration=1&cid=8297204659&pid=297832&sip=0
mostbet-casino-game1.top,latest,external,https://links-go9.top/mostbet_ios,https://ijwdpnmb.com/casino?registration=1&cid=8297204703&pid=297832&sip=0,mostbet,Mostbet,mostbet_assets,297832,True,Mostbet official website,True,,302 https://links-go9.top/mostbet_ios → 302 https://65r08go.com/QFqF → 200 https://ijwdpnmb.com/casino?registration=1&cid=8297204703&pid=297832&sip=0
mostbet-casino-game1.top,latest,external,https://links-go9.top/mostbet,https://nvjnacmb.com/casino?registration=1&cid=8297204719&pid=297832&sip=0,mostbet,Mostbet,mostbet_assets,297832,True,Mostbet official website,True,,302 https://links-go9.top/mostbet → 302 https://65r08go.com/QFqF → 200 https://nvjnacmb.com/casino?registration=1&cid=8297204719&pid=297832&sip=0
mostbet-casino-game1.top,latest,external,https://links-go9.top/mostbet_cr,https://ijwdpnmb.com/casino?registration=1&cid=8297204757&pid=297832&sip=0,mostbet,Mostbet,mostbet_assets,297832,True,Mostbet official website,True,,302 https://links-go9.top/mostbet_cr → 302 https://65r08go.com/QFqF → 200 https://ijwdpnmb.com/casino?registration=1&cid=8297204757&pid=297832&sip=0
mostbet-casino-e0s.top,latest,home_redirect,https://mostbet-casino-e0s.top/,https://mostbet-casino-e1s.top/,mostbet,Mostbet,mostbet_assets,,True,,,,
mostbet-casino-24.top,latest,external,https://mostbet.partners/,,needs_browser,,http_undecided,,,,,,
mostbet-casino-game.top,latest,home_redirect,https://mostbet-casino-game.top/,https://mostbet-casino-game1.top,mostbet,Mostbet,mostbet_assets,,True,,,,
mostbet-casino-games1.top,latest,external,https://links-go9.top/mostbet_android,https://nvjnacmb.com/casino?registration=1&cid=8297204659&pid=297832&sip=0,mostbet,Mostbet,mostbet_assets,297832,True,Mostbet official website,True,,302 https://links-go9.top/mostbet_android → 302 https://65r08go.com/QFqF → 200 https://nvjnacmb.com/casino?registration=1&cid=8297204659&pid=297832&sip=0
mostbet-casino-games1.top,latest,external,https://links-go9.top/mostbet_ios,https://ijwdpnmb.com/casino?registration=1&cid=8297204703&pid=297832&sip=0,mostbet,Mostbet,mostbet_assets,297832,True,Mostbet official website,True,,302 https://links-go9.top/mostbet_ios → 302 https://65r08go.com/QFqF → 200 https://ijwdpnmb.com/casino?registration=1&cid=8297204703&pid=297832&sip=0
mostbet-casino-games1.top,latest,external,https://links-go9.top/mostbet,https://nvjnacmb.com/casino?registration=1&cid=8297204719&pid=297832&sip=0,mostbet,Mostbet,mostbet_assets,297832,True,Mostbet official website,True,,302 https://links-go9.top/mostbet → 302 https://65r08go.com/QFqF → 200 https://nvjnacmb.com/casino?registration=1&cid=8297204719&pid=297832&sip=0
mostbet-casino-games1.top,latest,external,https://links-go9.top/mostbet_cr,https://ijwdpnmb.com/casino?registration=1&cid=8297204757&pid=297832&sip=0,mostbet,Mostbet,mostbet_assets,297832,True,Mostbet official website,True,,302 https://links-go9.top/mostbet_cr → 302 https://65r08go.com/QFqF → 200 https://ijwdpnmb.com/casino?registration=1&cid=8297204757&pid=297832&sip=0
mostbet-casino-game.ru,latest,home_redirect,https://mostbet-casino-game.ru/,https://mostbet-casino-game1.top,mostbet,Mostbet,mostbet_assets,,True,,,,
mostbet-casino-h0d.top,latest,external,https://links-go9.top/mostbet_android,https://nvjnacmb.com/casino?registration=1&cid=8297204659&pid=297832&sip=0,mostbet,Mostbet,mostbet_assets,297832,True,Mostbet official website,True,,302 https://links-go9.top/mostbet_android → 302 https://65r08go.com/QFqF → 200 https://nvjnacmb.com/casino?registration=1&cid=8297204659&pid=297832&sip=0
mostbet-casino-h0d.top,latest,external,https://links-go9.top/mostbet_ios,https://ijwdpnmb.com/casino?registration=1&cid=8297204703&pid=297832&sip=0,mostbet,Mostbet,mostbet_assets,297832,True,Mostbet official website,True,,302 https://links-go9.top/mostbet_ios → 302 https://65r08go.com/QFqF → 200 https://ijwdpnmb.com/casino?registration=1&cid=8297204703&pid=297832&sip=0
mostbet-casino-h0d.top,latest,external,https://links-go9.top/mostbet,https://nvjnacmb.com/casino?registration=1&cid=8297204719&pid=297832&sip=0,mostbet,Mostbet,mostbet_assets,297832,True,Mostbet official website,True,,302 https://links-go9.top/mostbet → 302 https://65r08go.com/QFqF → 200 https://nvjnacmb.com/casino?registration=1&cid=8297204719&pid=297832&sip=0
mostbet-casino-h0d.top,latest,external,https://links-go9.top/mostbet_cr,https://ijwdpnmb.com/casino?registration=1&cid=8297204757&pid=297832&sip=0,mostbet,Mostbet,mostbet_assets,297832,True,Mostbet official website,True,,302 https://links-go9.top/mostbet_cr → 302 https://65r08go.com/QFqF → 200 https://ijwdpnmb.com/casino?registration=1&cid=8297204757&pid=297832&sip=0
mostbet-casino-gry.pl,latest,internal_redirect_like,https://mostbet-casino-gry.pl/apk/,,needs_browser,,http_undecided,,,,,,
mostbet-casino-gry.pl,latest,external,https://links-go9.top/mostbet,https://nvjnacmb.com/casino?registration=1&cid=8297204719&pid=297832&sip=0,mostbet,Mostbet,mostbet_assets,297832,True,Mostbet official website,True,,302 https://links-go9.top/mostbet → 302 https://65r08go.com/QFqF → 200 https://nvjnacmb.com/casino?registration=1&cid=8297204719&pid=297832&sip=0
mostbet-casino-gry.pl,latest,external,https://links-go9.top/mostbet_android,https://nvjnacmb.com/casino?registration=1&cid=8297204659&pid=297832&sip=0,mostbet,Mostbet,mostbet_assets,297832,True,Mostbet official website,True,,302 https://links-go9.top/mostbet_android → 302 https://65r08go.com/QFqF → 200 https://nvjnacmb.com/casino?registration=1&cid=8297204659&pid=297832&sip=0
mostbet-casino-gry.pl,latest,external,https://links-go9.top/mostbet_ios,https://ijwdpnmb.com/casino?registration=1&cid=8297204703&pid=297832&sip=0,mostbet,Mostbet,mostbet_assets,297832,True,Mostbet official website,True,,302 https://links-go9.top/mostbet_ios → 302 https://65r08go.com/QFqF → 200 https://ijwdpnmb.com/casino?registration=1&cid=8297204703&pid=297832&sip=0
mostbet-casino-gry.pl,latest,external,https://links-go9.top/mostbet_cr,https://ijwdpnmb.com/casino?registration=1&cid=8297204757&pid=297832&sip=0,mostbet,Mostbet,mostbet_assets,297832,True,Mostbet official website,True,,302 https://links-go9.top/mostbet_cr → 302 https://65r08go.com/QFqF → 200 https://ijwdpnmb.com/casino?registration=1&cid=8297204757&pid=297832&sip=0
mostbet-casino-games.ru,latest,home_redirect,https://mostbet-casino-games.ru/,https://mostbet-casino-games1.top,mostbet,Mostbet,mostbet_assets,,True,,,,
mostbet-casino-j2v.top,latest,external,https://links-go9.top/mostbet_android,https://nvjnacmb.com/casino?registration=1&cid=8297204659&pid=297832&sip=0,mostbet,Mostbet,mostbet_assets,297832,True,Mostbet official website,True,,302 https://links-go9.top/mostbet_android → 302 https://65r08go.com/QFqF → 200 https://nvjnacmb.com/casino?registration=1&cid=8297204659&pid=297832&sip=0
mostbet-casino-j2v.top,latest,external,https://links-go9.top/mostbet_ios,https://ijwdpnmb.com/casino?registration=1&cid=8297204703&pid=297832&sip=0,mostbet,Mostbet,mostbet_assets,297832,True,Mostbet official website,True,,302 https://links-go9.top/mostbet_ios → 302 https://65r08go.com/QFqF → 200 https://ijwdpnmb.com/casino?registration=1&cid=8297204703&pid=297832&sip=0
mostbet-casino-j2v.top,latest,external,https://links-go9.top/mostbet,https://nvjnacmb.com/casino?registration=1&cid=8297204719&pid=297832&sip=0,mostbet,Mostbet,mostbet_assets,297832,True,Mostbet official website,True,,302 https://links-go9.top/mostbet → 302 https://65r08go.com/QFqF → 200 https://nvjnacmb.com/casino?registration=1&cid=8297204719&pid=297832&sip=0
mostbet-casino-j2v.top,latest,external,https://links-go9.top/mostbet_cr,https://ijwdpnmb.com/casino?registration=1&cid=8297204757&pid=297832&sip=0,mostbet,Mostbet,mostbet_assets,297832,True,Mostbet official website,True,,302 https://links-go9.top/mostbet_cr → 302 https://65r08go.com/QFqF → 200 https://ijwdpnmb.com/casino?registration=1&cid=8297204757&pid=297832&sip=0
mostbet-casino-games.top,latest,home_redirect,https://mostbet-casino-games.top/,https://mostbet-casino-games1.top,mostbet,Mostbet,mostbet_assets,,True,,,,
mostbet-casino-k0n.top,latest,external,https://links-go9.top/mostbet_android,https://nvjnacmb.com/casino?registration=1&cid=8297204659&pid=297832&sip=0,mostbet,Mostbet,mostbet_assets,297832,True,Mostbet official website,True,,302 https://links-go9.top/mostbet_android → 302 https://65r08go.com/QFqF → 200 https://nvjnacmb.com/casino?registration=1&cid=8297204659&pid=297832&sip=0
mostbet-casino-k0n.top,latest,external,https://links-go9.top/mostbet_ios,https://ijwdpnmb.com/casino?registration=1&cid=8297204703&pid=297832&sip=0,mostbet,Mostbet,mostbet_assets,297832,True,Mostbet official website,True,,302 https://links-go9.top/mostbet_ios → 302 https://65r08go.com/QFqF → 200 https://ijwdpnmb.com/casino?registration=1&cid=8297204703&pid=297832&sip=0
mostbet-casino-k0n.top,latest,external,https://links-go9.top/mostbet,https://nvjnacmb.com/casino?registration=1&cid=8297204719&pid=297832&sip=0,mostbet,Mostbet,mostbet_assets,297832,True,Mostbet official website,True,,302 https://links-go9.top/mostbet → 302 https://65r08go.com/QFqF → 200 https://nvjnacmb.com/casino?registration=1&cid=8297204719&pid=297832&sip=0
mostbet-casino-k0n.top,latest,external,https://links-go9.top/mostbet_cr,https://ijwdpnmb.com/casino?registration=1&cid=8297204757&pid=297832&sip=0,mostbet,Mostbet,mostbet_assets,297832,True,Mostbet official website,True,,302 https://links-go9.top/mostbet_cr → 302 https://65r08go.com/QFqF → 200 https://ijwdpnmb.com/casino?registration=1&cid=8297204757&pid=297832&sip=0
mostbet-casino-k0.top,latest,external,https://links-go9.top/mostbet_android,https://nvjnacmb.com/casino?registration=1&cid=8297204659&pid=297832&sip=0,mostbet,Mostbet,mostbet_assets,297832,True,Mostbet official website,True,,302 https://links-go9.top/mostbet_android → 302 https://65r08go.com/QFqF → 200 https://nvjnacmb.com/casino?registration=1&cid=8297204659&pid=297832&sip=0
mostbet-casino-k0.top,latest,external,https://links-go9.top/mostbet_ios,https://ijwdpnmb.com/casino?registration=1&cid=8297204703&pid=297832&sip=0,mostbet,Mostbet,mostbet_assets,297832,True,Mostbet official website,True,,302 https://links-go9.top/mostbet_ios → 302 https://65r08go.com/QFqF → 200 https://ijwdpnmb.com/casino?registration=1&cid=8297204703&pid=297832&sip=0
mostbet-casino-k0.top,latest,external,https://links-go9.top/mostbet,https://nvjnacmb.com/casino?registration=1&cid=8297204719&pid=297832&sip=0,mostbet,Mostbet,mostbet_assets,297832,True,Mostbet official website,True,,302 https://links-go9.top/mostbet → 302 https://65r08go.com/QFqF → 200 https://nvjnacmb.com/casino?registration=1&cid=8297204719&pid=297832&sip=0
mostbet-casino-k0.top,latest,external,https://links-go9.top/mostbet_cr,https://ijwdpnmb.com/casino?registration=1&cid=8297204757&pid=297832&sip=0,mostbet,Mostbet,mostbet_assets,297832,True,Mostbet official website,True,,302 https://links-go9.top/mostbet_cr → 302 https://65r08go.com/QFqF → 200 https://ijwdpnmb.com/casino?registration=1&cid=8297204757&pid=297832&sip=0
mostbet-casino-j1v.top,latest,home_redirect,https://mostbet-casino-j1v.top/,https://mostbet-casino-j2v.top,mostbet,Mostbet,mostbet_assets,,True,,,,
mostbet-cash702.ru,latest,home_redirect,https://mostbet-cash702.ru/,https://mostbet-6by.top,mostbet,Mostbet,mostbet_assets,,True,,,,
mostbet-casino-j0v.top,latest,home_redirect,https://mostbet-casino-j0v.top/,https://mostbet-casino-j2v.top,mostbet,Mostbet,mostbet_assets,,True,,,,
mostbet-casino-login.pl,latest,internal_redirect_like,https://mostbet-casino-login.pl/apk/,,needs_browser,,http_undecided,,,,,,
mostbet-casino-login.pl,latest,external,https://links-go9.top/mostbet,https://nvjnacmb.com/casino?registration=1&cid=8297204719&pid=297832&sip=0,mostbet,Mostbet,mostbet_assets,297832,True,Mostbet official website,True,,302 https://links-go9.top/mostbet → 302 https://65r08go.com/QFqF → 200 https://nvjnacmb.com/casino?registration=1&cid=8297204719&pid=297832&sip=0
mostbet-casino-login.pl,latest,external,https://links-go9.top/mostbet_android,https://nvjnacmb.com/casino?registration=1&cid=8297204659&pid=297832&sip=0,mostbet,Mostbet,mostbet_assets,297832,True,Mostbet official website,True,,302 https://links-go9.top/mostbet_android → 302 https://65r08go.com/QFqF → 200 https://nvjnacmb.com/casino?registration=1&cid=8297204659&pid=297832&sip=0
mostbet-casino-login.pl,latest,external,https://links-go9.top/mostbet_ios,https://ijwdpnmb.com/casino?registration=1&cid=8297204703&pid=297832&sip=0,mostbet,Mostbet,mostbet_assets,297832,True,Mostbet official website,True,,302 https://links-go9.top/mostbet_ios → 302 https://65r08go.com/QFqF → 200 https://ijwdpnmb.com/casino?registration=1&cid=8297204703&pid=297832&sip=0
mostbet-casino-login.pl,latest,external,https://links-go9.top/mostbet_cr,https://ijwdpnmb.com/casino?registration=1&cid=8297204757&pid=297832&sip=0,mostbet,Mostbet,mostbet_assets,297832,True,Mostbet official website,True,,302 https://links-go9.top/mostbet_cr → 302 https://65r08go.com/QFqF → 200 https://ijwdpnmb.com/casino?registration=1&cid=8297204757&pid=297832&sip=0
mostbet-casino-online.ru,latest,home_redirect,https://mostbet-casino-online.ru/,https://mostbet-casino-online1.top/,mostbet,Mostbet,mostbet_assets,,True,,,,
mostbet-casino-officia2.top,latest,home_redirect,https://mostbet-casino-officia2.top/,https://mostbet-casino-officia3.top,mostbet,Mostbet,mostbet_assets,,True,,,,
mostbet-casino-online1.top,latest,external,https://links-go9.top/mostbet_android,https://nvjnacmb.com/casino?registration=1&cid=8297204659&pid=297832&sip=0,mostbet,Mostbet,mostbet_assets,297832,True,Mostbet official website,True,,302 https://links-go9.top/mostbet_android → 302 https://65r08go.com/QFqF → 200 https://nvjnacmb.com/casino?registration=1&cid=8297204659&pid=297832&sip=0
mostbet-casino-online1.top,latest,external,https://links-go9.top/mostbet_ios,https://ijwdpnmb.com/casino?registration=1&cid=8297204703&pid=297832&sip=0,mostbet,Mostbet,mostbet_assets,297832,True,Mostbet official website,True,,302 https://links-go9.top/mostbet_ios → 302 https://65r08go.com/QFqF → 200 https://ijwdpnmb.com/casino?registration=1&cid=8297204703&pid=297832&sip=0
mostbet-casino-online1.top,latest,external,https://links-go9.top/mostbet,https://nvjnacmb.com/casino?registration=1&cid=8297204719&pid=297832&sip=0,mostbet,Mostbet,mostbet_assets,297832,True,Mostbet official website,True,,302 https://links-go9.top/mostbet → 302 https://65r08go.com/QFqF → 200 https://nvjnacmb.com/casino?registration=1&cid=8297204719&pid=297832&sip=0
mostbet-casino-online1.top,latest,external,https://links-go9.top/mostbet_cr,https://ijwdpnmb.com/casino?registration=1&cid=8297204757&pid=297832&sip=0,mostbet,Mostbet,mostbet_assets,297832,True,Mostbet official website,True,,302 https://links-go9.top/mostbet_cr → 302 https://65r08go.com/QFqF → 200 https://ijwdpnmb.com/casino?registration=1&cid=8297204757&pid=297832&sip=0
mostbet-casino-officia1.top,latest,home_redirect,https://mostbet-casino-officia1.top/,https://mostbet-casino-officia3.top,mostbet,Mostbet,mostbet_assets,,True,,,,
mostbet-casino-t1q.top,latest,external,https://links-go9.top/mostbet_android,https://nvjnacmb.com/casino?registration=1&cid=8297204659&pid=297832&sip=0,mostbet,Mostbet,mostbet_assets,297832,True,Mostbet official website,True,,302 https://links-go9.top/mostbet_android → 302 https://65r08go.com/QFqF → 200 https://nvjnacmb.com/casino?registration=1&cid=8297204659&pid=297832&sip=0
mostbet-casino-t1q.top,latest,external,https://links-go9.top/mostbet_ios,https://ijwdpnmb.com/casino?registration=1&cid=8297204703&pid=297832&sip=0,mostbet,Mostbet,mostbet_assets,297832,True,Mostbet official website,True,,302 https://links-go9.top/mostbet_ios → 302 https://65r08go.com/QFqF → 200 https://ijwdpnmb.com/casino?registration=1&cid=8297204703&pid=297832&sip=0
mostbet-casino-t1q.top,latest,external,https://links-go9.top/mostbet,https://nvjnacmb.com/casino?registration=1&cid=8297204719&pid=297832&sip=0,mostbet,Mostbet,mostbet_assets,297832,True,Mostbet official website,True,,302 https://links-go9.top/mostbet → 302 https://65r08go.com/QFqF → 200 https://nvjnacmb.com/casino?registration=1&cid=8297204719&pid=297832&sip=0
mostbet-casino-t1q.top,latest,external,https://links-go9.top/mostbet_cr,https://ijwdpnmb.com/casino?registration=1&cid=8297204757&pid=297832&sip=0,mostbet,Mostbet,mostbet_assets,297832,True,Mostbet official website,True,,302 https://links-go9.top/mostbet_cr → 302 https://65r08go.com/QFqF → 200 https://ijwdpnmb.com/casino?registration=1&cid=8297204757&pid=297832&sip=0
mostbet-casino-official.ru,latest,home_redirect,https://mostbet-casino-official.ru/,https://mostbet-casino-officia3.top,mostbet,Mostbet,mostbet_assets,,True,,,,
mostbet-casino-mirror.top,latest,external,https://mostbet.partners/,,needs_browser,,http_undecided,,,,,,
mostbet-casino-top.top,latest,external,https://links-go9.top/mostbet_android,https://nvjnacmb.com/casino?registration=1&cid=8297204659&pid=297832&sip=0,mostbet,Mostbet,mostbet_assets,297832,True,Mostbet official website,True,,302 https://links-go9.top/mostbet_android → 302 https://65r08go.com/QFqF → 200 https://nvjnacmb.com/casino?registration=1&cid=8297204659&pid=297832&sip=0
mostbet-casino-top.top,latest,external,https://links-go9.top/mostbet_ios,https://ijwdpnmb.com/casino?registration=1&cid=8297204703&pid=297832&sip=0,mostbet,Mostbet,mostbet_assets,297832,True,Mostbet official website,True,,302 https://links-go9.top/mostbet_ios → 302 https://65r08go.com/QFqF → 200 https://ijwdpnmb.com/casino?registration=1&cid=8297204703&pid=297832&sip=0
mostbet-casino-top.top,latest,external,https://links-go9.top/mostbet,https://nvjnacmb.com/casino?registration=1&cid=8297204719&pid=297832&sip=0,mostbet,Mostbet,mostbet_assets,297832,True,Mostbet official website,True,,302 https://links-go9.top/mostbet → 302 https://65r08go.com/QFqF → 200 https://nvjnacmb.com/casino?registration=1&cid=8297204719&pid=297832&sip=0
mostbet-casino-top.top,latest,external,https://links-go9.top/mostbet_cr,https://ijwdpnmb.com/casino?registration=1&cid=8297204757&pid=297832&sip=0,mostbet,Mostbet,mostbet_assets,297832,True,Mostbet official website,True,,302 https://links-go9.top/mostbet_cr → 302 https://65r08go.com/QFqF → 200 https://ijwdpnmb.com/casino?registration=1&cid=8297204757&pid=297832&sip=0
mostbet-casino-t0q.ru,latest,home_redirect,https://mostbet-casino-t0q.ru/,https://mostbet-casino-t1q.top,mostbet,Mostbet,mostbet_assets,,True,,,,
mostbet-casino-skachat.ru,latest,home_redirect,https://mostbet-casino-skachat.ru/,https://mostbet-fastgame18.top/,mostbet,Mostbet,mostbet_assets,,True,,,,
mostbet-casino-w1f.top,latest,external,https://links-go9.top/mostbet_android,https://nvjnacmb.com/casino?registration=1&cid=8297204659&pid=297832&sip=0,mostbet,Mostbet,mostbet_assets,297832,True,Mostbet official website,True,,302 https://links-go9.top/mostbet_android → 302 https://65r08go.com/QFqF → 200 https://nvjnacmb.com/casino?registration=1&cid=8297204659&pid=297832&sip=0
mostbet-casino-w1f.top,latest,external,https://links-go9.top/mostbet_ios,https://ijwdpnmb.com/casino?registration=1&cid=8297204703&pid=297832&sip=0,mostbet,Mostbet,mostbet_assets,297832,True,Mostbet official website,True,,302 https://links-go9.top/mostbet_ios → 302 https://65r08go.com/QFqF → 200 https://ijwdpnmb.com/casino?registration=1&cid=8297204703&pid=297832&sip=0
mostbet-casino-w1f.top,latest,external,https://links-go9.top/mostbet,https://nvjnacmb.com/casino?registration=1&cid=8297204719&pid=297832&sip=0,mostbet,Mostbet,mostbet_assets,297832,True,Mostbet official website,True,,302 https://links-go9.top/mostbet → 302 https://65r08go.com/QFqF → 200 https://nvjnacmb.com/casino?registration=1&cid=8297204719&pid=297832&sip=0
mostbet-casino-w1f.top,latest,external,https://links-go9.top/mostbet_cr,https://ijwdpnmb.com/casino?registration=1&cid=8297204757&pid=297832&sip=0,mostbet,Mostbet,mostbet_assets,297832,True,Mostbet official website,True,,302 https://links-go9.top/mostbet_cr → 302 https://65r08go.com/QFqF → 200 https://ijwdpnmb.com/casino?registration=1&cid=8297204757&pid=297832&sip=0
mostbet-casino-top.ru,latest,home_redirect,https://mostbet-casino-top.ru/,https://mostbet-casino-top.top/,mostbet,Mostbet,mostbet_assets,,True,,,,
mostbet-casino-z0r.top,latest,external,https://links-go9.top/mostbet_android,https://nvjnacmb.com/casino?registration=1&cid=8297204659&pid=297832&sip=0,mostbet,Mostbet,mostbet_assets,297832,True,Mostbet official website,True,,302 https://links-go9.top/mostbet_android → 302 https://65r08go.com/QFqF → 200 https://nvjnacmb.com/casino?registration=1&cid=8297204659&pid=297832&sip=0
mostbet-casino-z0r.top,latest,external,https://links-go9.top/mostbet_ios,https://ijwdpnmb.com/casino?registration=1&cid=8297204703&pid=297832&sip=0,mostbet,Mostbet,mostbet_assets,297832,True,Mostbet official website,True,,302 https://links-go9.top/mostbet_ios → 302 https://65r08go.com/QFqF → 200 https://ijwdpnmb.com/casino?registration=1&cid=8297204703&pid=297832&sip=0
mostbet-casino-z0r.top,latest,external,https://links-go9.top/mostbet,https://nvjnacmb.com/casino?registration=1&cid=8297204719&pid=297832&sip=0,mostbet,Mostbet,mostbet_assets,297832,True,Mostbet official website,True,,302 https://links-go9.top/mostbet → 302 https://65r08go.com/QFqF → 200 https://nvjnacmb.com/casino?registration=1&cid=8297204719&pid=297832&sip=0
mostbet-casino-z0r.top,latest,external,https://links-go9.top/mostbet_cr,https://ijwdpnmb.com/casino?registration=1&cid=8297204757&pid=297832&sip=0,mostbet,Mostbet,mostbet_assets,297832,True,Mostbet official website,True,,302 https://links-go9.top/mostbet_cr → 302 https://65r08go.com/QFqF → 200 https://ijwdpnmb.com/casino?registration=1&cid=8297204757&pid=297832&sip=0
mostbet-casino-yt3.top,latest,external,https://links-go9.top/mostbet_android,https://nvjnacmb.com/casino?registration=1&cid=8297204659&pid=297832&sip=0,mostbet,Mostbet,mostbet_assets,297832,True,Mostbet official website,True,,302 https://links-go9.top/mostbet_android → 302 https://65r08go.com/QFqF → 200 https://nvjnacmb.com/casino?registration=1&cid=8297204659&pid=297832&sip=0
mostbet-casino-yt3.top,latest,external,https://links-go9.top/mostbet_ios,https://ijwdpnmb.com/casino?registration=1&cid=8297204703&pid=297832&sip=0,mostbet,Mostbet,mostbet_assets,297832,True,Mostbet official website,True,,302 https://links-go9.top/mostbet_ios → 302 https://65r08go.com/QFqF → 200 https://ijwdpnmb.com/casino?registration=1&cid=8297204703&pid=297832&sip=0
mostbet-casino-yt3.top,latest,external,https://links-go9.top/mostbet,https://nvjnacmb.com/casino?registration=1&cid=8297204719&pid=297832&sip=0,mostbet,Mostbet,mostbet_assets,297832,True,Mostbet official website,True,,302 https://links-go9.top/mostbet → 302 https://65r08go.com/QFqF → 200 https://nvjnacmb.com/casino?registration=1&cid=8297204719&pid=297832&sip=0
mostbet-casino-yt3.top,latest,external,https://links-go9.top/mostbet_cr,https://ijwdpnmb.com/casino?registration=1&cid=8297204757&pid=297832&sip=0,mostbet,Mostbet,mostbet_assets,297832,True,Mostbet official website,True,,302 https://links-go9.top/mostbet_cr → 302 https://65r08go.com/QFqF → 200 https://ijwdpnmb.com/casino?registration=1&cid=8297204757&pid=297832&sip=0
mostbet-casino-ze1.top,latest,external,https://links-go9.top/mostbet_android,https://nvjnacmb.com/casino?registration=1&cid=8297204659&pid=297832&sip=0,mostbet,Mostbet,mostbet_assets,297832,True,Mostbet official website,True,,302 https://links-go9.top/mostbet_android → 302 https://65r08go.com/QFqF → 200 https://nvjnacmb.com/casino?registration=1&cid=8297204659&pid=297832&sip=0
mostbet-casino-ze1.top,latest,external,https://links-go9.top/mostbet_ios,https://ijwdpnmb.com/casino?registration=1&cid=8297204703&pid=297832&sip=0,mostbet,Mostbet,mostbet_assets,297832,True,Mostbet official website,True,,302 https://links-go9.top/mostbet_ios → 302 https://65r08go.com/QFqF → 200 https://ijwdpnmb.com/casino?registration=1&cid=8297204703&pid=297832&sip=0
mostbet-casino-ze1.top,latest,external,https://links-go9.top/mostbet,https://nvjnacmb.com/casino?registration=1&cid=8297204719&pid=297832&sip=0,mostbet,Mostbet,mostbet_assets,297832,True,Mostbet official website,True,,302 https://links-go9.top/mostbet → 302 https://65r08go.com/QFqF → 200 https://nvjnacmb.com/casino?registration=1&cid=8297204719&pid=297832&sip=0
mostbet-casino-ze1.top,latest,external,https://links-go9.top/mostbet_cr,https://ijwdpnmb.com/casino?registration=1&cid=8297204757&pid=297832&sip=0,mostbet,Mostbet,mostbet_assets,297832,True,Mostbet official website,True,,302 https://links-go9.top/mostbet_cr → 302 https://65r08go.com/QFqF → 200 https://ijwdpnmb.com/casino?registration=1&cid=8297204757&pid=297832&sip=0
mostbet-casino-w0f.top,latest,home_redirect,https://mostbet-casino-w0f.top/,https://mostbet-casino-w1f.top,mostbet,Mostbet,mostbet_assets,,True,,,,
mostbet-casino-yt1.top,latest,home_redirect,https://mostbet-casino-yt1.top/,https://mostbet-casino-yt3.top,mostbet,Mostbet,mostbet_assets,,True,,,,
mostbet-casino-yt2.top,latest,home_redirect,https://mostbet-casino-yt2.top/,https://mostbet-casino-yt3.top,mostbet,Mostbet,mostbet_assets,,True,,,,
mostbet-casino-online1.ru,latest,home_redirect,https://mostbet-casino-online1.ru/,https://mostbet-fastwin21.top,mostbet,Mostbet,mostbet_assets,,True,,,,
mostbet-casino-ze0.top,latest,home_redirect,https://mostbet-casino-ze0.top/,https://mostbet-casino-ze1.top,mostbet,Mostbet,mostbet_assets,,True,,,,
mostbet-casino.cfd,latest,external,https://mostbet.partners/,,needs_browser,,http_undecided,,,,,,
mostbet-casino.biz,latest,external,https://mostbet.partners/,,needs_browser,,http_undecided,,,,,,
mostbet-casino.ru,latest,home_redirect,https://mostbet-casino.ru/,https://mostbet-casin4.top,mostbet,Mostbet,mostbet_assets,,True,,,,
mostbet-casino2026-1.top,latest,external,https://links-go9.top/mostbet_android,https://nvjnacmb.com/casino?registration=1&cid=8297204659&pid=297832&sip=0,mostbet,Mostbet,mostbet_assets,297832,True,Mostbet official website,True,,302 https://links-go9.top/mostbet_android → 302 https://65r08go.com/QFqF → 200 https://nvjnacmb.com/casino?registration=1&cid=8297204659&pid=297832&sip=0
mostbet-casino2026-1.top,latest,external,https://links-go9.top/mostbet_ios,https://ijwdpnmb.com/casino?registration=1&cid=8297204703&pid=297832&sip=0,mostbet,Mostbet,mostbet_assets,297832,True,Mostbet official website,True,,302 https://links-go9.top/mostbet_ios → 302 https://65r08go.com/QFqF → 200 https://ijwdpnmb.com/casino?registration=1&cid=8297204703&pid=297832&sip=0
mostbet-casino2026-1.top,latest,external,https://links-go9.top/mostbet,https://nvjnacmb.com/casino?registration=1&cid=8297204719&pid=297832&sip=0,mostbet,Mostbet,mostbet_assets,297832,True,Mostbet official website,True,,302 https://links-go9.top/mostbet → 302 https://65r08go.com/QFqF → 200 https://nvjnacmb.com/casino?registration=1&cid=8297204719&pid=297832&sip=0
mostbet-casino2026-1.top,latest,external,https://links-go9.top/mostbet_cr,https://ijwdpnmb.com/casino?registration=1&cid=8297204757&pid=297832&sip=0,mostbet,Mostbet,mostbet_assets,297832,True,Mostbet official website,True,,302 https://links-go9.top/mostbet_cr → 302 https://65r08go.com/QFqF → 200 https://ijwdpnmb.com/casino?registration=1&cid=8297204757&pid=297832&sip=0
mostbet-casino-oficjalny.pl,latest,external,https://www.dmca.com/,https://www.dmca.com/,non_gambling,DMCA Protection & Takedown Services,no_gambling_words,,False,Content Protection and Takedown Company Since 2006 | DMCA.com,,,200 https://www.dmca.com/
mostbet-casino-bg.com,latest,external,https://www.dmca.com/,https://www.dmca.com/,non_gambling,DMCA Protection & Takedown Services,no_gambling_words,,False,Content Protection and Takedown Company Since 2006 | DMCA.com,,,200 https://www.dmca.com/
mostbet-casino-officieel.nl,latest,external,https://www.dmca.com/,https://www.dmca.com/,non_gambling,DMCA Protection & Takedown Services,no_gambling_words,,False,Content Protection and Takedown Company Since 2006 | DMCA.com,,,200 https://www.dmca.com/
mostbet-casino2026-0.top,latest,home_redirect,https://mostbet-casino2026-0.top/,https://mostbet-casino2026-1.top,mostbet,Mostbet,mostbet_assets,,True,,,,
mostbet-casino24x7.top,latest,external,https://mostbet.partners/,,needs_browser,,http_undecided,,,,,,
mostbet-casino2024.online,latest,external,https://mostbet.partners/,,needs_browser,,http_undecided,,,,,,
mostbet-casino24x7a.top,latest,external,https://mostbet.partners/,,needs_browser,,http_undecided,,,,,,
mostbet-casinoplay.ru,latest,home_redirect,https://mostbet-casinoplay.ru/,https://p1ay-mostbet.top/,mostbet,Mostbet,mostbet_assets,,True,,,,
mostbet-casinoplay.top,latest,home_redirect,https://mostbet-casinoplay.top/,https://p1ay-mostbet.top/,mostbet,Mostbet,mostbet_assets,,True,,,,
mostbet-casinos-slots.pw,latest,external,https://mostbet.partners/,,needs_browser,,http_undecided,,,,,,
mostbet-casinos.top,latest,external,https://mostbet.partners/,,needs_browser,,http_undecided,,,,,,
mostbet-casinospinn.pro,latest,internal_redirect_like,https://mostbet-casinospinn.pro/click?key=959bb437c49a45e26cb9,,needs_browser,,http_undecided,,,,,,
mostbet-caz2.top,latest,external,https://links-go9.top/mostbet_android,https://nvjnacmb.com/casino?registration=1&cid=8297204659&pid=297832&sip=0,mostbet,Mostbet,mostbet_assets,297832,True,Mostbet official website,True,,302 https://links-go9.top/mostbet_android → 302 https://65r08go.com/QFqF → 200 https://nvjnacmb.com/casino?registration=1&cid=8297204659&pid=297832&sip=0
mostbet-caz2.top,latest,external,https://links-go9.top/mostbet_ios,https://ijwdpnmb.com/casino?registration=1&cid=8297204703&pid=297832&sip=0,mostbet,Mostbet,mostbet_assets,297832,True,Mostbet official website,True,,302 https://links-go9.top/mostbet_ios → 302 https://65r08go.com/QFqF → 200 https://ijwdpnmb.com/casino?registration=1&cid=8297204703&pid=297832&sip=0
mostbet-caz2.top,latest,external,https://links-go9.top/mostbet,https://nvjnacmb.com/casino?registration=1&cid=8297204719&pid=297832&sip=0,mostbet,Mostbet,mostbet_assets,297832,True,Mostbet official website,True,,302 https://links-go9.top/mostbet → 302 https://65r08go.com/QFqF → 200 https://nvjnacmb.com/casino?registration=1&cid=8297204719&pid=297832&sip=0
mostbet-caz2.top,latest,external,https://links-go9.top/mostbet_cr,https://ijwdpnmb.com/casino?registration=1&cid=8297204757&pid=297832&sip=0,mostbet,Mostbet,mostbet_assets,297832,True,Mostbet official website,True,,302 https://links-go9.top/mostbet_cr → 302 https://65r08go.com/QFqF → 200 https://ijwdpnmb.com/casino?registration=1&cid=8297204757&pid=297832&sip=0
mostbet-cazino-game.top,latest,external,https://links-go9.top/mostbet_android,https://nvjnacmb.com/casino?registration=1&cid=8297204659&pid=297832&sip=0,mostbet,Mostbet,mostbet_assets,297832,True,Mostbet official website,True,,302 https://links-go9.top/mostbet_android → 302 https://65r08go.com/QFqF → 200 https://nvjnacmb.com/casino?registration=1&cid=8297204659&pid=297832&sip=0
mostbet-cazino-game.top,latest,external,https://links-go9.top/mostbet_ios,https://ijwdpnmb.com/casino?registration=1&cid=8297204703&pid=297832&sip=0,mostbet,Mostbet,mostbet_assets,297832,True,Mostbet official website,True,,302 https://links-go9.top/mostbet_ios → 302 https://65r08go.com/QFqF → 200 https://ijwdpnmb.com/casino?registration=1&cid=8297204703&pid=297832&sip=0
mostbet-cazino-game.top,latest,external,https://links-go9.top/mostbet,https://nvjnacmb.com/casino?registration=1&cid=8297204719&pid=297832&sip=0,mostbet,Mostbet,mostbet_assets,297832,True,Mostbet official website,True,,302 https://links-go9.top/mostbet → 302 https://65r08go.com/QFqF → 200 https://nvjnacmb.com/casino?registration=1&cid=8297204719&pid=297832&sip=0
mostbet-cazino-game.top,latest,external,https://links-go9.top/mostbet_cr,https://ijwdpnmb.com/casino?registration=1&cid=8297204757&pid=297832&sip=0,mostbet,Mostbet,mostbet_assets,297832,True,Mostbet official website,True,,302 https://links-go9.top/mostbet_cr → 302 https://65r08go.com/QFqF → 200 https://ijwdpnmb.com/casino?registration=1&cid=8297204757&pid=297832&sip=0
mostbet-casinos-slot.ru,latest,home_redirect,https://mostbet-casinos-slot.ru/,https://mostbet-rocket19.top,mostbet,Mostbet,mostbet_assets,,True,,,,
mostbet-caz1.top,latest,home_redirect,https://mostbet-caz1.top/,https://mostbet-caz2.top,mostbet,Mostbet,mostbet_assets,,True,,,,
mostbet-cazino-game.ru,latest,home_redirect,https://mostbet-cazino-game.ru/,https://mostbet-cazino-game.top/,mostbet,Mostbet,mostbet_assets,,True,,,,
mostbet-cassino367.ru,latest,home_redirect,https://mostbet-cassino367.ru/,https://mostbet-2zy.top/,mostbet,Mostbet,mostbet_assets,,True,,,,
mostbet-cazzino6370.ru,latest,home_redirect,https://mostbet-cazzino6370.ru/,https://mostbet-casino-yt3.top,mostbet,Mostbet,mostbet_assets,,True,,,,
mostbet-cesko-casino.cz,latest,js:script_url,https://mostbet-cz-cz.dietavkrabicce.cz/,https://mostbet-cz-cz.dietavkrabicce.cz/,brand_site,Mostbet,name_only_weak,,False,"Mostbet CZ ⭐️ Bonus 40 000 CZK, online kasino a sportovní sázky",True,,200 https://mostbet-cz-cz.dietavkrabicce.cz/
mostbet-cesko.com,latest,js:script_url,https://mostbet-cz-cz.dietavkrabicce.cz/,https://mostbet-cz-cz.dietavkrabicce.cz/,brand_site,Mostbet,name_only_weak,,False,"Mostbet CZ ⭐️ Bonus 40 000 CZK, online kasino a sportovní sázky",True,,200 https://mostbet-cz-cz.dietavkrabicce.cz/
mostbet-cbg23.sbs,latest,external,https://mostbet.partners/,,needs_browser,,http_undecided,,,,,,
mostbet-cazino.pw,latest,external,https://mostbet.partners/,,needs_browser,,http_undecided,,,,,,
mostbet-cbf57.cfd,latest,external,https://mostbet.partners/,,needs_browser,,http_undecided,,,,,,
mostbet-cdk12.top,latest,home_redirect,https://mostbet-cdk12.top/,https://mostbet-casino-1ol.top,mostbet,Mostbet,mostbet_assets,,True,,,,
mostbet-cdt36.top,latest,external,https://mostbet.partners/,,needs_browser,,http_undecided,,,,,,
mostbet-cherry531.ru,latest,external,https://links-go9.top/mostbet_android,https://nvjnacmb.com/casino?registration=1&cid=8297204659&pid=297832&sip=0,mostbet,Mostbet,mostbet_assets,297832,True,Mostbet official website,True,,302 https://links-go9.top/mostbet_android → 302 https://65r08go.com/QFqF → 200 https://nvjnacmb.com/casino?registration=1&cid=8297204659&pid=297832&sip=0
mostbet-cherry531.ru,latest,external,https://links-go9.top/mostbet_ios,https://ijwdpnmb.com/casino?registration=1&cid=8297204703&pid=297832&sip=0,mostbet,Mostbet,mostbet_assets,297832,True,Mostbet official website,True,,302 https://links-go9.top/mostbet_ios → 302 https://65r08go.com/QFqF → 200 https://ijwdpnmb.com/casino?registration=1&cid=8297204703&pid=297832&sip=0
mostbet-cherry531.ru,latest,external,https://links-go9.top/mostbet,https://nvjnacmb.com/casino?registration=1&cid=8297204719&pid=297832&sip=0,mostbet,Mostbet,mostbet_assets,297832,True,Mostbet official website,True,,302 https://links-go9.top/mostbet → 302 https://65r08go.com/QFqF → 200 https://nvjnacmb.com/casino?registration=1&cid=8297204719&pid=297832&sip=0
mostbet-cherry531.ru,latest,external,https://links-go9.top/mostbet_cr,https://ijwdpnmb.com/casino?registration=1&cid=8297204757&pid=297832&sip=0,mostbet,Mostbet,mostbet_assets,297832,True,Mostbet official website,True,,302 https://links-go9.top/mostbet_cr → 302 https://65r08go.com/QFqF → 200 https://ijwdpnmb.com/casino?registration=1&cid=8297204757&pid=297832&sip=0
mostbet-cfj45.sbs,latest,external,https://mostbet.partners/,,needs_browser,,http_undecided,,,,,,
mostbet-cgi17.buzz,latest,external,https://mostbet.partners/,,needs_browser,,http_undecided,,,,,,
mostbet-cdt54as.top,latest,external,https://mostbet.partners/,,needs_browser,,http_undecided,,,,,,
mostbet-cig2.xyz,latest,external,https://mostbet.partners/,,needs_browser,,http_undecided,,,,,,
mostbet-cid48.buzz,latest,external,https://mostbet.partners/,,needs_browser,,http_undecided,,,,,,
mostbet-chv84.cfd,latest,external,https://mostbet.partners/,,needs_browser,,http_undecided,,,,,,
mostbet-ckx48.cam,latest,external,https://mostbet.partners/,,needs_browser,,http_undecided,,,,,,
mostbet-club.su,latest,external,https://links-go9.top/mostbet_android,https://nvjnacmb.com/casino?registration=1&cid=8297204659&pid=297832&sip=0,mostbet,Mostbet,mostbet_assets,297832,True,Mostbet official website,True,,302 https://links-go9.top/mostbet_android → 302 https://65r08go.com/QFqF → 200 https://nvjnacmb.com/casino?registration=1&cid=8297204659&pid=297832&sip=0
mostbet-club.su,latest,external,https://links-go9.top/mostbet_ios,https://ijwdpnmb.com/casino?registration=1&cid=8297204703&pid=297832&sip=0,mostbet,Mostbet,mostbet_assets,297832,True,Mostbet official website,True,,302 https://links-go9.top/mostbet_ios → 302 https://65r08go.com/QFqF → 200 https://ijwdpnmb.com/casino?registration=1&cid=8297204703&pid=297832&sip=0
mostbet-club.su,latest,external,https://links-go9.top/mostbet,https://nvjnacmb.com/casino?registration=1&cid=8297204719&pid=297832&sip=0,mostbet,Mostbet,mostbet_assets,297832,True,Mostbet official website,True,,302 https://links-go9.top/mostbet → 302 https://65r08go.com/QFqF → 200 https://nvjnacmb.com/casino?registration=1&cid=8297204719&pid=297832&sip=0
mostbet-club.su,latest,external,https://links-go9.top/mostbet_cr,https://ijwdpnmb.com/casino?registration=1&cid=8297204757&pid=297832&sip=0,mostbet,Mostbet,mostbet_assets,297832,True,Mostbet official website,True,,302 https://links-go9.top/mostbet_cr → 302 https://65r08go.com/QFqF → 200 https://ijwdpnmb.com/casino?registration=1&cid=8297204757&pid=297832&sip=0
mostbet-cht83.cfd,latest,external,https://mostbet.partners/,,needs_browser,,http_undecided,,,,,,
mostbet-club649.ru,latest,home_redirect,https://mostbet-club649.ru/,https://mostbet-casino-1zi.top,mostbet,Mostbet,mostbet_assets,,True,,,,
mostbet-cix96.buzz,latest,external,https://mostbet.partners/,,needs_browser,,http_undecided,,,,,,
mostbet-cherry5939.ru,latest,home_redirect,https://mostbet-cherry5939.ru/,https://mostbet-3cre.top,mostbet,Mostbet,mostbet_assets,,True,,,,
mostbet-ckw8.top,latest,external,https://mostbet.partners/,,needs_browser,,http_undecided,,,,,,
mostbet-cmr86.sbs,latest,external,https://mostbet.partners/,,needs_browser,,http_undecided,,,,,,
mostbet-cmc61.buzz,latest,external,https://mostbet.partners/,,needs_browser,,http_undecided,,,,,,
mostbet-cnk63.cam,latest,external,https://mostbet.partners/,,needs_browser,,http_undecided,,,,,,
mostbet-com.top,latest,external,https://links-go9.top/mostbet_android,https://nvjnacmb.com/casino?registration=1&cid=8297204659&pid=297832&sip=0,mostbet,Mostbet,mostbet_assets,297832,True,Mostbet official website,True,,302 https://links-go9.top/mostbet_android → 302 https://65r08go.com/QFqF → 200 https://nvjnacmb.com/casino?registration=1&cid=8297204659&pid=297832&sip=0
mostbet-com.top,latest,external,https://links-go9.top/mostbet_ios,https://ijwdpnmb.com/casino?registration=1&cid=8297204703&pid=297832&sip=0,mostbet,Mostbet,mostbet_assets,297832,True,Mostbet official website,True,,302 https://links-go9.top/mostbet_ios → 302 https://65r08go.com/QFqF → 200 https://ijwdpnmb.com/casino?registration=1&cid=8297204703&pid=297832&sip=0
mostbet-com.top,latest,external,https://links-go9.top/mostbet,https://nvjnacmb.com/casino?registration=1&cid=8297204719&pid=297832&sip=0,mostbet,Mostbet,mostbet_assets,297832,True,Mostbet official website,True,,302 https://links-go9.top/mostbet → 302 https://65r08go.com/QFqF → 200 https://nvjnacmb.com/casino?registration=1&cid=8297204719&pid=297832&sip=0
mostbet-com.top,latest,external,https://links-go9.top/mostbet_cr,https://ijwdpnmb.com/casino?registration=1&cid=8297204757&pid=297832&sip=0,mostbet,Mostbet,mostbet_assets,297832,True,Mostbet official website,True,,302 https://links-go9.top/mostbet_cr → 302 https://65r08go.com/QFqF → 200 https://ijwdpnmb.com/casino?registration=1&cid=8297204757&pid=297832&sip=0
mostbet-com-ru.ru,latest,external,https://links-go9.top/mostbet,https://nvjnacmb.com/casino?registration=1&cid=8297204719&pid=297832&sip=0,mostbet,Mostbet,mostbet_assets,297832,True,Mostbet official website,True,,302 https://links-go9.top/mostbet → 302 https://65r08go.com/QFqF → 200 https://nvjnacmb.com/casino?registration=1&cid=8297204719&pid=297832&sip=0
mostbet-com-ru.ru,latest,external,https://links-go9.top/mostbet_android,https://nvjnacmb.com/casino?registration=1&cid=8297204659&pid=297832&sip=0,mostbet,Mostbet,mostbet_assets,297832,True,Mostbet official website,True,,302 https://links-go9.top/mostbet_android → 302 https://65r08go.com/QFqF → 200 https://nvjnacmb.com/casino?registration=1&cid=8297204659&pid=297832&sip=0
mostbet-com-ru.ru,latest,external,https://links-go9.top/mostbet_ios,https://ijwdpnmb.com/casino?registration=1&cid=8297204703&pid=297832&sip=0,mostbet,Mostbet,mostbet_assets,297832,True,Mostbet official website,True,,302 https://links-go9.top/mostbet_ios → 302 https://65r08go.com/QFqF → 200 https://ijwdpnmb.com/casino?registration=1&cid=8297204703&pid=297832&sip=0
mostbet-com-ru.ru,latest,external,https://links-go9.top/mostbet_cr,https://ijwdpnmb.com/casino?registration=1&cid=8297204757&pid=297832&sip=0,mostbet,Mostbet,mostbet_assets,297832,True,Mostbet official website,True,,302 https://links-go9.top/mostbet_cr → 302 https://65r08go.com/QFqF → 200 https://ijwdpnmb.com/casino?registration=1&cid=8297204757&pid=297832&sip=0
mostbet-cnt84.cam,latest,external,https://mostbet.partners/,,needs_browser,,http_undecided,,,,,,
mostbet-cqp13.top,latest,external,https://mostbet.partners/,,needs_browser,,http_undecided,,,,,,
mostbet-cre.top,latest,home_redirect,https://mostbet-cre.top/,https://mostbet-3cre.top,mostbet,Mostbet,mostbet_assets,,True,,,,
mostbet-cri27.cam,latest,external,https://mostbet.partners/,,needs_browser,,http_undecided,,,,,,
mostbet-cql31.top,latest,external,https://mostbet.partners/,,needs_browser,,http_undecided,,,,,,
mostbet-con81.top,latest,external,https://mostbet.partners/,,needs_browser,,http_undecided,,,,,,
mostbet-crs83.buzz,latest,external,https://mostbet.partners/,,needs_browser,,http_undecided,,,,,,
mostbet-com.xyz,latest,external,https://mostbet.partners/,,needs_browser,,http_undecided,,,,,,
mostbet-cpix.xyz,latest,external,https://mostbet.partners/,,needs_browser,,http_undecided,,,,,,
mostbet-ctv8.cam,latest,external,https://mostbet.partners/,,needs_browser,,http_undecided,,,,,,
mostbet-cpt36.sbs,latest,external,https://mostbet.partners/,,needs_browser,,http_undecided,,,,,,
mostbet-crx94.cam,latest,external,https://mostbet.partners/,,needs_browser,,http_undecided,,,,,,
mostbet-csi7.top,latest,external,https://mostbet.partners/,,needs_browser,,http_undecided,,,,,,
mostbet-ct7.top,latest,external,https://mostbet.partners/,,needs_browser,,http_undecided,,,,,,
mostbet-cua74.sbs,latest,external,https://mostbet.partners/,,needs_browser,,http_undecided,,,,,,
mostbet-ctk9.top,latest,external,https://mostbet.partners/,,needs_browser,,http_undecided,,,,,,
mostbet-cuf87.buzz,latest,external,https://mostbet.partners/,,needs_browser,,http_undecided,,,,,,
mostbet-cvr.top,latest,home_redirect,https://mostbet-cvr.top/,https://mostbet-casino-cvr.top/,mostbet,Mostbet,mostbet_assets,,True,,,,
mostbet-cvn27.top,latest,external,https://mostbet.partners/,,needs_browser,,http_undecided,,,,,,
mostbet-cvd98.sbs,latest,external,https://mostbet.partners/,,needs_browser,,http_undecided,,,,,,
mostbet-cwn49.top,latest,external,https://mostbet.partners/,,needs_browser,,http_undecided,,,,,,
mostbet-cwc41.sbs,latest,external,https://mostbet.partners/,,needs_browser,,http_undecided,,,,,,
mostbet-cxo87.top,latest,external,https://mostbet.partners/,,needs_browser,,http_undecided,,,,,,
mostbet-cwq.cam,latest,external,https://mostbet.partners/,,needs_browser,,http_undecided,,,,,,
mostbet-cuy63.cam,latest,external,https://mostbet.partners/,,needs_browser,,http_undecided,,,,,,
mostbet-cwj93.sbs,latest,external,https://mostbet.partners/,,needs_browser,,http_undecided,,,,,,
mostbet-cyb89.cam,latest,external,https://mostbet.partners/,,needs_browser,,http_undecided,,,,,,
mostbet-cwt38.cfd,latest,external,https://mostbet.partners/,,needs_browser,,http_undecided,,,,,,
mostbet-cyd75.cfd,latest,external,https://mostbet.partners/,,needs_browser,,http_undecided,,,,,,
mostbet-cyy76.top,latest,external,https://mostbet.partners/,,needs_browser,,http_undecided,,,,,,
mostbet-cye58.top,latest,external,https://mostbet.partners/,,needs_browser,,http_undecided,,,,,,
mostbet-cyn64.sbs,latest,external,https://mostbet.partners/,,needs_browser,,http_undecided,,,,,,
mostbet-cyc87.top,latest,external,https://mostbet.partners/,,needs_browser,,http_undecided,,,,,,
mostbet-d1h.top,latest,home_redirect,https://mostbet-d1h.top/,https://mostbet-casino-h0d.top/,mostbet,Mostbet,mostbet_assets,,True,,,,
mostbet-cz.eu,latest,js:script_url,https://signup-page.com/NJytTx,,needs_browser,,http_undecided,,,,,,
mostbet-daj65.sbs,latest,external,https://mostbet.partners/,,needs_browser,,http_undecided,,,,,,
mostbet-daa19.sbs,latest,external,https://mostbet.partners/,,needs_browser,,http_undecided,,,,,,
mostbet-daw8.cam,latest,external,https://mostbet.partners/,,needs_browser,,http_undecided,,,,,,
mostbet-dcl18.buzz,latest,external,https://mostbet.partners/,,needs_browser,,http_undecided,,,,,,
mostbet-d8b.ru,latest,home_redirect,https://mostbet-d8b.ru/,https://moxtbet-j6q.top,mostbet,Mostbet,mostbet_assets,,True,,,,
mostbet-ddd7.xyz,latest,external,https://mostbet.partners/,,needs_browser,,http_undecided,,,,,,
mostbet-dcg64.cam,latest,external,https://mostbet.partners/,,needs_browser,,http_undecided,,,,,,
mostbet-ddq61.buzz,latest,external,https://mostbet.partners/,,needs_browser,,http_undecided,,,,,,
mostbet-dbl49.cfd,latest,external,https://mostbet.partners/,,needs_browser,,http_undecided,,,,,,
mostbet-dfy89.sbs,latest,external,https://mostbet.partners/,,needs_browser,,http_undecided,,,,,,
mostbet-deb12.top,latest,external,https://mostbet.partners/,,needs_browser,,http_undecided,,,,,,
mostbet-dgc71ur.top,latest,external,https://mostbet.partners/,,needs_browser,,http_undecided,,,,,,
mostbet-dgg62.top,latest,external,https://mostbet.partners/,,needs_browser,,http_undecided,,,,,,
mostbet-dgj29.buzz,latest,external,https://mostbet.partners/,,needs_browser,,http_undecided,,,,,,
mostbet-diamond.xyz,latest,external,https://mostbet.partners/,,needs_browser,,http_undecided,,,,,,
mostbet-dig98.cfd,latest,external,https://mostbet.partners/,,needs_browser,,http_undecided,,,,,,
mostbet-dfg36.buzz,latest,external,https://mostbet.partners/,,needs_browser,,http_undecided,,,,,,
mostbet-dhs27.cam,latest,external,https://mostbet.partners/,,needs_browser,,http_undecided,,,,,,
mostbet-dh.top,latest,external,https://mostbet.partners/,,needs_browser,,http_undecided,,,,,,
mostbet-dit93.cfd,latest,external,https://mostbet.partners/,,needs_browser,,http_undecided,,,,,,
mostbet-dig96.buzz,latest,external,https://mostbet.partners/,,needs_browser,,http_undecided,,,,,,
mostbet-deo.lol,latest,external,https://mostbet.partners/,,needs_browser,,http_undecided,,,,,,
mostbet-dkl52.top,latest,external,https://mostbet.partners/,,needs_browser,,http_undecided,,,,,,
mostbet-dja.lol,latest,external,https://mostbet.partners/,,needs_browser,,http_undecided,,,,,,
mostbet-djo59.sbs,latest,external,https://mostbet.partners/,,needs_browser,,http_undecided,,,,,,
mostbet-djs53.cam,latest,external,https://mostbet.partners/,,needs_browser,,http_undecided,,,,,,
mostbet-dmq23.top,latest,external,https://mostbet.partners/,,needs_browser,,http_undecided,,,,,,
mostbet-dji.buzz,latest,external,https://mostbet.partners/,,needs_browser,,http_undecided,,,,,,
mostbet-dlz13.buzz,latest,external,https://mostbet.partners/,,needs_browser,,http_undecided,,,,,,
mostbet-dlw81.sbs,latest,external,https://mostbet.partners/,,needs_browser,,http_undecided,,,,,,
mostbet-dmv35.cam,latest,external,https://mostbet.partners/,,needs_browser,,http_undecided,,,,,,
mostbet-dor84.cam,latest,external,https://mostbet.partners/,,needs_browser,,http_undecided,,,,,,
mostbet-doc.xyz,latest,external,https://mostbet.partners/,,needs_browser,,http_undecided,,,,,,
mostbet-djr77.top,latest,external,https://mostbet.partners/,,needs_browser,,http_undecided,,,,,,
mostbet-dpb47.buzz,latest,external,https://mostbet.partners/,,needs_browser,,http_undecided,,,,,,
mostbet-dpc13.cam,latest,external,https://mostbet.partners/,,needs_browser,,http_undecided,,,,,,
mostbet-dpq2.buzz,latest,external,https://mostbet.partners/,,needs_browser,,http_undecided,,,,,,
mostbet-dpl19.cfd,latest,external,https://mostbet.partners/,,needs_browser,,http_undecided,,,,,,
mostbet-dmw94.cfd,latest,external,https://mostbet.partners/,,needs_browser,,http_undecided,,,,,,
mostbet-dpa11.top,latest,external,https://mostbet.partners/,,needs_browser,,http_undecided,,,,,,
mostbet-drx27.cfd,latest,external,https://mostbet.partners/,,needs_browser,,http_undecided,,,,,,
mostbet-dqs93.sbs,latest,external,https://mostbet.partners/,,needs_browser,,http_undecided,,,,,,
mostbet-dry69.cam,latest,external,https://mostbet.partners/,,needs_browser,,http_undecided,,,,,,
mostbet-dqu44.sbs,latest,external,https://mostbet.partners/,,needs_browser,,http_undecided,,,,,,
mostbet-drq57fa.cam,latest,external,https://mostbet.partners/,,needs_browser,,http_undecided,,,,,,
mostbet-dsf58.sbs,latest,external,https://mostbet.partners/,,needs_browser,,http_undecided,,,,,,
mostbet-dsk41.cfd,latest,external,https://mostbet.partners/,,needs_browser,,http_undecided,,,,,,
mostbet-dsn82.cfd,latest,external,https://mostbet.partners/,,needs_browser,,http_undecided,,,,,,
mostbet-dsl96.buzz,latest,external,https://mostbet.partners/,,needs_browser,,http_undecided,,,,,,
mostbet-dui84.cam,latest,external,https://mostbet.partners/,,needs_browser,,http_undecided,,,,,,
mostbet-dvp.cam,latest,external,https://mostbet.partners/,,needs_browser,,http_undecided,,,,,,
mostbet-dvc78.cfd,latest,external,https://mostbet.partners/,,needs_browser,,http_undecided,,,,,,
mostbet-dvs26.top,latest,external,https://mostbet.partners/,,needs_browser,,http_undecided,,,,,,
mostbet-dwb52.sbs,latest,external,https://mostbet.partners/,,needs_browser,,http_undecided,,,,,,
mostbet-dro.cam,latest,external,https://mostbet.partners/,,needs_browser,,http_undecided,,,,,,
mostbet-dvk75.buzz,latest,external,https://mostbet.partners/,,needs_browser,,http_undecided,,,,,,
mostbet-dwv58.buzz,latest,external,https://mostbet.partners/,,needs_browser,,http_undecided,,,,,,
mostbet-dxq36.cam,latest,external,https://mostbet.partners/,,needs_browser,,http_undecided,,,,,,
mostbet-dsp19.top,latest,external,https://mostbet.partners/,,needs_browser,,http_undecided,,,,,,
mostbet-dxm43.buzz,latest,external,https://mostbet.partners/,,needs_browser,,http_undecided,,,,,,
mostbet-dxv81.buzz,latest,external,https://mostbet.partners/,,needs_browser,,http_undecided,,,,,,
mostbet-dye23.cam,latest,external,https://mostbet.partners/,,needs_browser,,http_undecided,,,,,,
mostbet-dzj14.top,latest,external,https://mostbet.partners/,,needs_browser,,http_undecided,,,,,,
mostbet-dyi83.cam,latest,external,https://mostbet.partners/,,needs_browser,,http_undecided,,,,,,
mostbet-e5s.ru,latest,home_redirect,https://mostbet-e5s.ru/,https://mostbet-casino-e1s.top/,mostbet,Mostbet,mostbet_assets,,True,,,,
mostbet-eax21.cfd,latest,external,https://mostbet.partners/,,needs_browser,,http_undecided,,,,,,
mostbet-e6q2.xyz,latest,external,https://mostbet.partners/,,needs_browser,,http_undecided,,,,,,
mostbet-e9h.ru,latest,external,https://links-go9.top/mostbet_android,https://nvjnacmb.com/casino?registration=1&cid=8297204659&pid=297832&sip=0,mostbet,Mostbet,mostbet_assets,297832,True,Mostbet official website,True,,302 https://links-go9.top/mostbet_android → 302 https://65r08go.com/QFqF → 200 https://nvjnacmb.com/casino?registration=1&cid=8297204659&pid=297832&sip=0
mostbet-e9h.ru,latest,external,https://links-go9.top/mostbet_ios,https://ijwdpnmb.com/casino?registration=1&cid=8297204703&pid=297832&sip=0,mostbet,Mostbet,mostbet_assets,297832,True,Mostbet official website,True,,302 https://links-go9.top/mostbet_ios → 302 https://65r08go.com/QFqF → 200 https://ijwdpnmb.com/casino?registration=1&cid=8297204703&pid=297832&sip=0
mostbet-e9h.ru,latest,external,https://links-go9.top/mostbet,https://nvjnacmb.com/casino?registration=1&cid=8297204719&pid=297832&sip=0,mostbet,Mostbet,mostbet_assets,297832,True,Mostbet official website,True,,302 https://links-go9.top/mostbet → 302 https://65r08go.com/QFqF → 200 https://nvjnacmb.com/casino?registration=1&cid=8297204719&pid=297832&sip=0
mostbet-e9h.ru,latest,external,https://links-go9.top/mostbet_cr,https://ijwdpnmb.com/casino?registration=1&cid=8297204757&pid=297832&sip=0,mostbet,Mostbet,mostbet_assets,297832,True,Mostbet official website,True,,302 https://links-go9.top/mostbet_cr → 302 https://65r08go.com/QFqF → 200 https://ijwdpnmb.com/casino?registration=1&cid=8297204757&pid=297832&sip=0
mostbet-dx60.xyz,latest,external,https://mostbet.partners/,,needs_browser,,http_undecided,,,,,,
mostbet-eca71.cfd,latest,external,https://mostbet.partners/,,needs_browser,,http_undecided,,,,,,
mostbet-eax99.cfd,latest,external,https://mostbet.partners/,,needs_browser,,http_undecided,,,,,,
mostbet-edo87.buzz,latest,external,https://mostbet.partners/,,needs_browser,,http_undecided,,,,,,
mostbet-eb0ck.top,latest,external,https://mostbet.partners/,,needs_browser,,http_undecided,,,,,,
mostbet-edm41.cam,latest,external,https://mostbet.partners/,,needs_browser,,http_undecided,,,,,,
mostbet-ecd12.cam,latest,external,https://mostbet.partners/,,needs_browser,,http_undecided,,,,,,
mostbet-efe18.sbs,latest,external,https://mostbet.partners/,,needs_browser,,http_undecided,,,,,,
mostbet-eej91.top,latest,external,https://mostbet.partners/,,needs_browser,,http_undecided,,,,,,
mostbet-efw58zh.sbs,latest,external,https://mostbet.partners/,,needs_browser,,http_undecided,,,,,,
mostbet-eds32.sbs,latest,external,https://mostbet.partners/,,needs_browser,,http_undecided,,,,,,
mostbet-ehq65.cfd,latest,external,https://mostbet.partners/,,needs_browser,,http_undecided,,,,,,
mostbet-ehe47.sbs,latest,external,https://mostbet.partners/,,needs_browser,,http_undecided,,,,,,
mostbet-eid14.cam,latest,external,https://mostbet.partners/,,needs_browser,,http_undecided,,,,,,
mostbet-ee5j87v.top,latest,external,https://mostbet.partners/,,needs_browser,,http_undecided,,,,,,
mostbet-eja8.top,latest,external,https://mostbet.partners/,,needs_browser,,http_undecided,,,,,,
mostbet-eix36uz.buzz,latest,external,https://mostbet.partners/,,needs_browser,,http_undecided,,,,,,
mostbet-ejx14.top,latest,external,https://mostbet.partners/,,needs_browser,,http_undecided,,,,,,
mostbet-ekj49.cfd,latest,external,https://mostbet.partners/,,needs_browser,,http_undecided,,,,,,
mostbet-ejx32.cam,latest,external,https://mostbet.partners/,,needs_browser,,http_undecided,,,,,,
mostbet-eir64.cam,latest,external,https://mostbet.partners/,,needs_browser,,http_undecided,,,,,,
mostbet-ekc73.buzz,latest,external,https://mostbet.partners/,,needs_browser,,http_undecided,,,,,,
mostbet-elq75.top,latest,external,https://mostbet.partners/,,needs_browser,,http_undecided,,,,,,
mostbet-eku27.top,latest,external,https://mostbet.partners/,,needs_browser,,http_undecided,,,,,,
mostbet-elq96.sbs,latest,external,https://mostbet.partners/,,needs_browser,,http_undecided,,,,,,
mostbet-elc84.cfd,latest,external,https://mostbet.partners/,,needs_browser,,http_undecided,,,,,,
mostbet-emf12.cam,latest,external,https://mostbet.partners/,,needs_browser,,http_undecided,,,,,,
mostbet-eos48.buzz,latest,external,https://mostbet.partners/,,needs_browser,,http_undecided,,,,,,
mostbet-eoj71.top,latest,external,https://mostbet.partners/,,needs_browser,,http_undecided,,,,,,
mostbet-ete24.top,latest,external,https://mostbet.partners/,,needs_browser,,http_undecided,,,,,,
mostbet-epw42.cfd,latest,external,https://mostbet.partners/,,needs_browser,,http_undecided,,,,,,
mostbet-enhtkh8.top,latest,external,https://mostbet.partners/,,needs_browser,,http_undecided,,,,,,
mostbet-etn57.sbs,latest,external,https://mostbet.partners/,,needs_browser,,http_undecided,,,,,,
mostbet-epv2.cam,latest,external,https://mostbet.partners/,,needs_browser,,http_undecided,,,,,,
mostbet-erz11.sbs,latest,external,https://mostbet.partners/,,needs_browser,,http_undecided,,,,,,
mostbet-eve99.cfd,latest,external,https://mostbet.partners/,,needs_browser,,http_undecided,,,,,,
mostbet-evn78.cam,latest,external,https://mostbet.partners/,,needs_browser,,http_undecided,,,,,,
mostbet-etz69.sbs,latest,external,https://mostbet.partners/,,needs_browser,,http_undecided,,,,,,
mostbet-ewk83.cfd,latest,external,https://mostbet.partners/,,needs_browser,,http_undecided,,,,,,
mostbet-ews51wl.cfd,latest,external,https://mostbet.partners/,,needs_browser,,http_undecided,,,,,,
mostbet-exo27.cam,latest,external,https://mostbet.partners/,,needs_browser,,http_undecided,,,,,,
mostbet-ews63.top,latest,external,https://mostbet.partners/,,needs_browser,,http_undecided,,,,,,
mostbet-eyl52.cfd,latest,external,https://mostbet.partners/,,needs_browser,,http_undecided,,,,,,
mostbet-ewd77we.cfd,latest,external,https://mostbet.partners/,,needs_browser,,http_undecided,,,,,,
mostbet-ewa24.buzz,latest,external,https://mostbet.partners/,,needs_browser,,http_undecided,,,,,,
mostbet-f11n.top,latest,external,https://links-go9.top/mostbet_android,https://nvjnacmb.com/casino?registration=1&cid=8297204659&pid=297832&sip=0,mostbet,Mostbet,mostbet_assets,297832,True,Mostbet official website,True,,302 https://links-go9.top/mostbet_android → 302 https://65r08go.com/QFqF → 200 https://nvjnacmb.com/casino?registration=1&cid=8297204659&pid=297832&sip=0
mostbet-f11n.top,latest,external,https://links-go9.top/mostbet_ios,https://ijwdpnmb.com/casino?registration=1&cid=8297204703&pid=297832&sip=0,mostbet,Mostbet,mostbet_assets,297832,True,Mostbet official website,True,,302 https://links-go9.top/mostbet_ios → 302 https://65r08go.com/QFqF → 200 https://ijwdpnmb.com/casino?registration=1&cid=8297204703&pid=297832&sip=0
mostbet-f11n.top,latest,external,https://links-go9.top/mostbet,https://nvjnacmb.com/casino?registration=1&cid=8297204719&pid=297832&sip=0,mostbet,Mostbet,mostbet_assets,297832,True,Mostbet official website,True,,302 https://links-go9.top/mostbet → 302 https://65r08go.com/QFqF → 200 https://nvjnacmb.com/casino?registration=1&cid=8297204719&pid=297832&sip=0
mostbet-f11n.top,latest,external,https://links-go9.top/mostbet_cr,https://ijwdpnmb.com/casino?registration=1&cid=8297204757&pid=297832&sip=0,mostbet,Mostbet,mostbet_assets,297832,True,Mostbet official website,True,,302 https://links-go9.top/mostbet_cr → 302 https://65r08go.com/QFqF → 200 https://ijwdpnmb.com/casino?registration=1&cid=8297204757&pid=297832&sip=0
mostbet-extra.ru,latest,home_redirect,https://mostbet-extra.ru/,https://mostbet-boost19.top,mostbet,Mostbet,mostbet_assets,,True,,,,
mostbet-ezo94.sbs,latest,external,https://mostbet.partners/,,needs_browser,,http_undecided,,,,,,
mostbet-f13u.xyz,latest,external,https://mostbet.partners/,,needs_browser,,http_undecided,,,,,,
mostbet-f.xyz,latest,external,https://mostbet.partners/,,needs_browser,,http_undecided,,,,,,
mostbet-f10n.top,latest,home_redirect,https://mostbet-f10n.top/,https://mostbet-f11n.top,mostbet,Mostbet,mostbet_assets,,True,,,,
mostbet-fastgame18.top,latest,external,https://links-go9.top/mostbet_android,https://nvjnacmb.com/casino?registration=1&cid=8297204659&pid=297832&sip=0,mostbet,Mostbet,mostbet_assets,297832,True,Mostbet official website,True,,302 https://links-go9.top/mostbet_android → 302 https://65r08go.com/QFqF → 200 https://nvjnacmb.com/casino?registration=1&cid=8297204659&pid=297832&sip=0
mostbet-fastgame18.top,latest,external,https://links-go9.top/mostbet_ios,https://ijwdpnmb.com/casino?registration=1&cid=8297204703&pid=297832&sip=0,mostbet,Mostbet,mostbet_assets,297832,True,Mostbet official website,True,,302 https://links-go9.top/mostbet_ios → 302 https://65r08go.com/QFqF → 200 https://ijwdpnmb.com/casino?registration=1&cid=8297204703&pid=297832&sip=0
mostbet-fastgame18.top,latest,external,https://links-go9.top/mostbet,https://nvjnacmb.com/casino?registration=1&cid=8297204719&pid=297832&sip=0,mostbet,Mostbet,mostbet_assets,297832,True,Mostbet official website,True,,302 https://links-go9.top/mostbet → 302 https://65r08go.com/QFqF → 200 https://nvjnacmb.com/casino?registration=1&cid=8297204719&pid=297832&sip=0
mostbet-fastgame18.top,latest,external,https://links-go9.top/mostbet_cr,https://ijwdpnmb.com/casino?registration=1&cid=8297204757&pid=297832&sip=0,mostbet,Mostbet,mostbet_assets,297832,True,Mostbet official website,True,,302 https://links-go9.top/mostbet_cr → 302 https://65r08go.com/QFqF → 200 https://ijwdpnmb.com/casino?registration=1&cid=8297204757&pid=297832&sip=0
mostbet-fastwin21.top,latest,external,https://links-go9.top/mostbet_android,https://nvjnacmb.com/casino?registration=1&cid=8297204659&pid=297832&sip=0,mostbet,Mostbet,mostbet_assets,297832,True,Mostbet official website,True,,302 https://links-go9.top/mostbet_android → 302 https://65r08go.com/QFqF → 200 https://nvjnacmb.com/casino?registration=1&cid=8297204659&pid=297832&sip=0
mostbet-fastwin21.top,latest,external,https://links-go9.top/mostbet_ios,https://ijwdpnmb.com/casino?registration=1&cid=8297204703&pid=297832&sip=0,mostbet,Mostbet,mostbet_assets,297832,True,Mostbet official website,True,,302 https://links-go9.top/mostbet_ios → 302 https://65r08go.com/QFqF → 200 https://ijwdpnmb.com/casino?registration=1&cid=8297204703&pid=297832&sip=0
mostbet-fastwin21.top,latest,external,https://links-go9.top/mostbet,https://nvjnacmb.com/casino?registration=1&cid=8297204719&pid=297832&sip=0,mostbet,Mostbet,mostbet_assets,297832,True,Mostbet official website,True,,302 https://links-go9.top/mostbet → 302 https://65r08go.com/QFqF → 200 https://nvjnacmb.com/casino?registration=1&cid=8297204719&pid=297832&sip=0
mostbet-fastwin21.top,latest,external,https://links-go9.top/mostbet_cr,https://ijwdpnmb.com/casino?registration=1&cid=8297204757&pid=297832&sip=0,mostbet,Mostbet,mostbet_assets,297832,True,Mostbet official website,True,,302 https://links-go9.top/mostbet_cr → 302 https://65r08go.com/QFqF → 200 https://ijwdpnmb.com/casino?registration=1&cid=8297204757&pid=297832&sip=0
mostbet-exa7.cam,latest,external,https://mostbet.partners/,,needs_browser,,http_undecided,,,,,,
mostbet-fastgame17.top,latest,home_redirect,https://mostbet-fastgame17.top/,https://mostbet-fastgame18.top/,mostbet,Mostbet,mostbet_assets,,True,,,,
mostbet-f9n.ru,latest,home_redirect,https://mostbet-f9n.ru/,https://mostbet-f11n.top,mostbet,Mostbet,mostbet_assets,,True,,,,
mostbet-fastwin19.top,latest,home_redirect,https://mostbet-fastwin19.top/,https://mostbet-fastwin21.top,mostbet,Mostbet,mostbet_assets,,True,,,,
mostbet-fbs59.cfd,latest,external,https://mostbet.partners/,,needs_browser,,http_undecided,,,,,,
mostbet-fastwin20.top,latest,home_redirect,https://mostbet-fastwin20.top/,https://mostbet-fastwin21.top,mostbet,Mostbet,mostbet_assets,,True,,,,
mostbet-fbf79.buzz,latest,external,https://mostbet.partners/,,needs_browser,,http_undecided,,,,,,
mostbet-fastwin17.top,latest,home_redirect,https://mostbet-fastwin17.top/,https://mostbet-fastwin21.top,mostbet,Mostbet,mostbet_assets,,True,,,,
mostbet-fastwin18.top,latest,home_redirect,https://mostbet-fastwin18.top/,https://mostbet-fastwin21.top,mostbet,Mostbet,mostbet_assets,,True,,,,
mostbet-faf44.top,latest,external,https://mostbet.partners/,,needs_browser,,http_undecided,,,,,,
mostbet-fat56.cam,latest,external,https://mostbet.partners/,,needs_browser,,http_undecided,,,,,,
mostbet-ffs24.cfd,latest,external,https://mostbet.partners/,,needs_browser,,http_undecided,,,,,,
mostbet-fdv93.cfd,latest,external,https://mostbet.partners/,,needs_browser,,http_undecided,,,,,,
mostbet-fdh62.cam,latest,external,https://mostbet.partners/,,needs_browser,,http_undecided,,,,,,
mostbet-fgh62.cfd,latest,external,https://mostbet.partners/,,needs_browser,,http_undecided,,,,,,
mostbet-fiw77.top,latest,external,https://mostbet.partners/,,needs_browser,,http_undecided,,,,,,
mostbet-fcj9.top,latest,external,https://mostbet.partners/,,needs_browser,,http_undecided,,,,,,
mostbet-fhz66.cam,latest,external,https://mostbet.partners/,,needs_browser,,http_undecided,,,,,,
mostbet-fkc94.cfd,latest,external,https://mostbet.partners/,,needs_browser,,http_undecided,,,,,,
mostbet-fjk51.sbs,latest,external,https://mostbet.partners/,,needs_browser,,http_undecided,,,,,,
mostbet-fgy54.cam,latest,external,https://mostbet.partners/,,needs_browser,,http_undecided,,,,,,
mostbet-fid4.top,latest,external,https://mostbet.partners/,,needs_browser,,http_undecided,,,,,,
mostbet-fim96.top,latest,external,https://mostbet.partners/,,needs_browser,,http_undecided,,,,,,
mostbet-fna27.cam,latest,external,https://mostbet.partners/,,needs_browser,,http_undecided,,,,,,
mostbet-fnn51.cfd,latest,external,https://mostbet.partners/,,needs_browser,,http_undecided,,,,,,
mostbet-fmg16.cfd,latest,external,https://mostbet.partners/,,needs_browser,,http_undecided,,,,,,
mostbet-fog24.sbs,latest,external,https://mostbet.partners/,,needs_browser,,http_undecided,,,,,,
mostbet-fortune17.top,latest,external,https://links-go9.top/mostbet_android,https://nvjnacmb.com/casino?registration=1&cid=8297204659&pid=297832&sip=0,mostbet,Mostbet,mostbet_assets,297832,True,Mostbet official website,True,,302 https://links-go9.top/mostbet_android → 302 https://65r08go.com/QFqF → 200 https://nvjnacmb.com/casino?registration=1&cid=8297204659&pid=297832&sip=0
mostbet-fortune17.top,latest,external,https://links-go9.top/mostbet_ios,https://ijwdpnmb.com/casino?registration=1&cid=8297204703&pid=297832&sip=0,mostbet,Mostbet,mostbet_assets,297832,True,Mostbet official website,True,,302 https://links-go9.top/mostbet_ios → 302 https://65r08go.com/QFqF → 200 https://ijwdpnmb.com/casino?registration=1&cid=8297204703&pid=297832&sip=0
mostbet-fortune17.top,latest,external,https://links-go9.top/mostbet,https://nvjnacmb.com/casino?registration=1&cid=8297204719&pid=297832&sip=0,mostbet,Mostbet,mostbet_assets,297832,True,Mostbet official website,True,,302 https://links-go9.top/mostbet → 302 https://65r08go.com/QFqF → 200 https://nvjnacmb.com/casino?registration=1&cid=8297204719&pid=297832&sip=0
mostbet-fortune17.top,latest,external,https://links-go9.top/mostbet_cr,https://ijwdpnmb.com/casino?registration=1&cid=8297204757&pid=297832&sip=0,mostbet,Mostbet,mostbet_assets,297832,True,Mostbet official website,True,,302 https://links-go9.top/mostbet_cr → 302 https://65r08go.com/QFqF → 200 https://ijwdpnmb.com/casino?registration=1&cid=8297204757&pid=297832&sip=0
mostbet-fpu32.top,latest,external,https://mostbet.partners/,,needs_browser,,http_undecided,,,,,,
mostbet-fmp21.top,latest,external,https://mostbet.partners/,,needs_browser,,http_undecided,,,,,,
mostbet-figd.xyz,latest,external,https://mostbet.partners/,,needs_browser,,http_undecided,,,,,,
mostbet-fkf4.top,latest,external,https://mostbet.partners/,,needs_browser,,http_undecided,,,,,,
mostbet-fpw33.top,latest,external,https://mostbet.partners/,,needs_browser,,http_undecided,,,,,,
mostbet-free-spins.cz,latest,js:script_url,https://mostbet-cz-cz.dietavkrabicce.cz/,https://mostbet-cz-cz.dietavkrabicce.cz/,brand_site,Mostbet,name_only_weak,,False,"Mostbet CZ ⭐️ Bonus 40 000 CZK, online kasino a sportovní sázky",True,,200 https://mostbet-cz-cz.dietavkrabicce.cz/
mostbet-fpj.buzz,latest,external,https://mostbet.partners/,,needs_browser,,http_undecided,,,,,,
mostbet-flg59wf.buzz,latest,external,https://mostbet.partners/,,needs_browser,,http_undecided,,,,,,
mostbet-fpv66.buzz,latest,external,https://mostbet.partners/,,needs_browser,,http_undecided,,,,,,
mostbet-fpu57.buzz,latest,external,https://mostbet.partners/,,needs_browser,,http_undecided,,,,,,
mostbet-fpzw.xyz,latest,external,https://mostbet.partners/,,needs_browser,,http_undecided,,,,,,
mostbet-eg.bet,latest,js:data-href:b64,https://mostbet-eg.bet/play,https://fvoidjmb.com/?registration=1&cid=8297207785&pid=304732&sip=0&pr=EGMBET,mostbet,Mostbet,mostbet_assets,304732,True,Mostbet official website,,,301 https://mostbet-eg.bet/play → 302 https://mostbet-global-pro.com/hykf8N → 302 https://mostbetnow.com/MPFF?sub1=38l6ghi.8a.3kaga6 → 200 https://fvoidjmb.com/?registration=1&cid=8297207785&pid=304732&sip=0&pr=EGMBET
mostbet-eg.bet,latest,internal_redirect_like,https://mostbet-eg.bet/app/,,needs_browser,,http_undecided,,,,,,
mostbet-eg.bet,latest,internal_redirect_like,https://mostbet-eg.bet/bonus/,,needs_browser,,http_undecided,,,,,,
mostbet-eg.bet,latest,internal_redirect_like,https://mostbet-eg.bet/promocode/,,needs_browser,,http_undecided,,,,,,
mostbet-eg.bet,latest,internal_redirect_like,https://mostbet-eg.bet/casino/,,needs_browser,,http_undecided,,,,,,
mostbet-eg.bet,latest,external,https://mostbets-polska.com/,https://mostbets-polska.com/,brand_site,Mostbet,name_only_weak,,False,Mostbet Casino PL - 3000 PLN i 250 FS ⭐️ Login Most Bet Online,,,200 https://mostbets-polska.com/
mostbet-eg.bet,latest,external,https://mostbet-az.bet/,https://mostbet-az.bet/,brand_site,Mostbet,name_only_weak,,False,MostBet AZ – Azərbaycanda İdman Mərcləri və Kazino Oyunları | 2026,,,200 https://mostbet-az.bet/
mostbet-eg.bet,latest,external,https://mostbet-hungary.net/,https://mostbet-hungary.net/,brand_site,Mostbet,name_only_weak,,False,Mostbet Hungary ⭐ Bónusz 125% ⭐️ Bejelentkezés a Mostbet Casino,,,200 https://mostbet-hungary.net/
mostbet-foq31.cam,latest,external,https://mostbet.partners/,,needs_browser,,http_undecided,,,,,,
mostbet-fny71.buzz,latest,external,https://mostbet.partners/,,needs_browser,,http_undecided,,,,,,
mostbet-frj97.sbs,latest,external,https://mostbet.partners/,,needs_browser,,http_undecided,,,,,,
mostbet-fss17.top,latest,external,https://mostbet.partners/,,needs_browser,,http_undecided,,,,,,
mostbet-frog45.xyz,latest,external,https://mostbet.partners/,,needs_browser,,http_undecided,,,,,,
mostbet-fuf17.cfd,latest,external,https://mostbet.partners/,,needs_browser,,http_undecided,,,,,,
mostbet-fsz44.buzz,latest,external,https://mostbet.partners/,,needs_browser,,http_undecided,,,,,,
mostbet-fto18.sbs,latest,external,https://mostbet.partners/,,needs_browser,,http_undecided,,,,,,
mostbet-fyk66.cam,latest,external,https://mostbet.partners/,,needs_browser,,http_undecided,,,,,,
mostbet-fye99.buzz,latest,external,https://mostbet.partners/,,needs_browser,,http_undecided,,,,,,
mostbet-frp85.sbs,latest,external,https://mostbet.partners/,,needs_browser,,http_undecided,,,,,,
mostbet-fvp27.sbs,latest,external,https://mostbet.partners/,,needs_browser,,http_undecided,,,,,,
mostbet-ftv.cam,latest,external,https://mostbet.partners/,,needs_browser,,http_undecided,,,,,,
mostbet-ful87.cam,latest,external,https://mostbet.partners/,,needs_browser,,http_undecided,,,,,,
mostbet-ftq61.top,latest,external,https://mostbet.partners/,,needs_browser,,http_undecided,,,,,,
mostbet-fwf55.top,latest,external,https://mostbet.partners/,,needs_browser,,http_undecided,,,,,,
mostbet-espana.es,latest,internal_redirect_like,https://mostbet-espana.es/go/,,needs_browser,,http_undecided,,,,,,
mostbet-espana.es,latest,external,https://gpwa.org/,,needs_browser,,http_undecided,,,,,,
mostbet-espana.es,latest,external,https://dmca.com/Protection/Status.aspx?ID=YOUR-ID,https://www.dmca.com/Solutions/view.aspx?ID=f23fca71-9735-44f8-bceb-e4346e472eef,non_gambling,DMCA Protection & Takedown Services,no_gambling_words,,False,Invalid Badge ID,,,301 https://dmca.com/Protection/Status.aspx?ID=YOUR-ID → 302 https://www.dmca.com/Protection/Status.aspx?ID=YOUR-ID → 200 https://www.dmca.com/Solutions/view.aspx?ID=f23fca71-9735-44f8-bceb-e4346e472eef
mostbet-g5r.ru,latest,home_redirect,https://mostbet-g5r.ru/,https://mostbet-casino-k0n.top/,mostbet,Mostbet,mostbet_assets,,True,,,,
mostbet-fzi92.cfd,latest,external,https://mostbet.partners/,,needs_browser,,http_undecided,,,,,,
mostbet-fysz.xyz,latest,external,https://mostbet.partners/,,needs_browser,,http_undecided,,,,,,
mostbet-gbr67.sbs,latest,external,https://mostbet.partners/,,needs_browser,,http_undecided,,,,,,
mostbet-fze2.cam,latest,external,https://mostbet.partners/,,needs_browser,,http_undecided,,,,,,
mostbet-gcj82hv.buzz,latest,external,https://mostbet.partners/,,needs_browser,,http_undecided,,,,,,
mostbet-gamble.net,latest,internal_redirect_like,https://mostbet-gamble.net/play,,needs_browser,,http_undecided,,,,,,
mostbet-games-slots.top,latest,js:script_nav,https://mostbet-games-slots.top/click?key=bf8ea0b3d833ef46ad2a,https://sojwokmb.com/casino?registration=1&cid=8297207997&pid=425783&sip=0,mostbet,Mostbet,mostbet_assets,425783,True,Mostbet official website,,,307 https://mostbet-games-slots.top/click?key=bf8ea0b3d833ef46ad2a → 302 https://a7gnxrf.com/8KpF?sub1=dauol23sef0c739nmfg0&sub2=bin_az_br → 200 https://sojwokmb.com/casino?registration=1&cid=8297207997&pid=425783&sip=0
mostbet-gdu82.cfd,latest,external,https://mostbet.partners/,,needs_browser,,http_undecided,,,,,,
mostbet-gfw22.cfd,latest,external,https://mostbet.partners/,,needs_browser,,http_undecided,,,,,,
mostbet-gig63.cam,latest,external,https://mostbet.partners/,,needs_browser,,http_undecided,,,,,,
mostbet-gfv75.buzz,latest,external,https://mostbet.partners/,,needs_browser,,http_undecided,,,,,,
mostbet-gie43.buzz,latest,external,https://mostbet.partners/,,needs_browser,,http_undecided,,,,,,
mostbet-fonbet-1xbet.ru,latest,internal_redirect_like,https://mostbet-fonbet-1xbet.ru/apk/,,needs_browser,,http_undecided,,,,,,
mostbet-fonbet-1xbet.ru,latest,external,https://links-go9.top/1xbet,https://1xbet.rs:443/en/registration?tag=s_1728657m_355c_173101&pb=c2997433e2c44c55b91844a52f5fc392&click_id=6abd8a86361e39000105d0c2-17528&partner_id=173101&r=/registration,other_gambling,1xBet,fields:1xBet,,True,1xBet registration ᐉ Sign up,,,302 https://links-go9.top/1xbet → 302 https://a.gambru.com/click?pid=173101&offer_id=17528&l=1774013906 → 303 https://refpa-57015.com/L?tag=s_1728657m_355c_173101&pb=c2997433e2c44c55b91844a52f5fc392&click_id=6abd8a86361e39000105d0c2-17528&partner_id=173101&r=/registration → 200 https://1xbet.rs:443/en/registration?tag=s_1728657m_355c_173101&pb=c2997433e2c44c55b91844a52f5fc392&click_id=6abd8a86361e39000105d0c2-17528&partner_id=173101&r=/registration
mostbet-fonbet-1xbet.ru,latest,external,https://links-go9.top/1xbet_android,https://1xbet.rs:443/en/registration?tag=s_1728657m_355c_173101&pb=c2997433e2c44c55b91844a52f5fc392&click_id=6abd8a87361e39000105d0c4-17528&partner_id=173101&r=/registration,other_gambling,1xBet,fields:1xBet,,True,1xBet registration ᐉ Sign up,,,302 https://links-go9.top/1xbet_android → 302 https://a.gambru.com/click?pid=173101&offer_id=17528&l=1774013906 → 303 https://refpa-57015.com/L?tag=s_1728657m_355c_173101&pb=c2997433e2c44c55b91844a52f5fc392&click_id=6abd8a87361e39000105d0c4-17528&partner_id=173101&r=/registration → 200 https://1xbet.rs:443/en/registration?tag=s_1728657m_355c_173101&pb=c2997433e2c44c55b91844a52f5fc392&click_id=6abd8a87361e39000105d0c4-17528&partner_id=173101&r=/registration
mostbet-fonbet-1xbet.ru,latest,external,https://links-go9.top/1xbet_ios,https://1xbet.rs:443/en/registration?tag=s_1728657m_355c_173101&pb=c2997433e2c44c55b91844a52f5fc392&click_id=6abd8a88361e39000105d0c5-17528&partner_id=173101&r=/registration,other_gambling,1xBet,fields:1xBet,,True,1xBet registration ᐉ Sign up,,,302 https://links-go9.top/1xbet_ios → 302 https://a.gambru.com/click?pid=173101&offer_id=17528&l=1774013906 → 303 https://refpa-57015.com/L?tag=s_1728657m_355c_173101&pb=c2997433e2c44c55b91844a52f5fc392&click_id=6abd8a88361e39000105d0c5-17528&partner_id=173101&r=/registration → 200 https://1xbet.rs:443/en/registration?tag=s_1728657m_355c_173101&pb=c2997433e2c44c55b91844a52f5fc392&click_id=6abd8a88361e39000105d0c5-17528&partner_id=173101&r=/registration
mostbet-fonbet-1xbet.ru,latest,external,https://links-go9.top/1xbet_cr,https://1xbet.rs:443/en/registration?tag=s_1728657m_355c_173101&pb=c2997433e2c44c55b91844a52f5fc392&click_id=6abd8a88361e39000105d0c8-17528&partner_id=173101&r=/registration,other_gambling,1xBet,fields:1xBet,,True,1xBet registration ᐉ Sign up,,,302 https://links-go9.top/1xbet_cr → 302 https://a.gambru.com/click?pid=173101&offer_id=17528&l=1774013906 → 303 https://refpa-57015.com/L?tag=s_1728657m_355c_173101&pb=c2997433e2c44c55b91844a52f5fc392&click_id=6abd8a88361e39000105d0c8-17528&partner_id=173101&r=/registration → 200 https://1xbet.rs:443/en/registration?tag=s_1728657m_355c_173101&pb=c2997433e2c44c55b91844a52f5fc392&click_id=6abd8a88361e39000105d0c8-17528&partner_id=173101&r=/registration
mostbet-ggj37.top,latest,external,https://mostbet.partners/,,needs_browser,,http_undecided,,,,,,
mostbet-gjh95.buzz,latest,external,https://mostbet.partners/,,needs_browser,,http_undecided,,,,,,
mostbet-glr12.sbs,latest,external,https://mostbet.partners/,,needs_browser,,http_undecided,,,,,,
mostbet-gln63.top,latest,external,https://mostbet.partners/,,needs_browser,,http_undecided,,,,,,
mostbet-gmv11.buzz,latest,external,https://mostbet.partners/,,needs_browser,,http_undecided,,,,,,
mostbet-gml73.top,latest,external,https://mostbet.partners/,,needs_browser,,http_undecided,,,,,,
mostbet-glk1.cam,latest,external,https://mostbet.partners/,,needs_browser,,http_undecided,,,,,,
mostbet-gmd81.buzz,latest,external,https://mostbet.partners/,,needs_browser,,http_undecided,,,,,,
mostbet-gmm4.cam,latest,external,https://mostbet.partners/,,needs_browser,,http_undecided,,,,,,
mostbet-go2418.top,latest,external,https://links-go9.top/mostbet_android,https://nvjnacmb.com/casino?registration=1&cid=8297204659&pid=297832&sip=0,mostbet,Mostbet,mostbet_assets,297832,True,Mostbet official website,True,,302 https://links-go9.top/mostbet_android → 302 https://65r08go.com/QFqF → 200 https://nvjnacmb.com/casino?registration=1&cid=8297204659&pid=297832&sip=0
mostbet-go2418.top,latest,external,https://links-go9.top/mostbet_ios,https://ijwdpnmb.com/casino?registration=1&cid=8297204703&pid=297832&sip=0,mostbet,Mostbet,mostbet_assets,297832,True,Mostbet official website,True,,302 https://links-go9.top/mostbet_ios → 302 https://65r08go.com/QFqF → 200 https://ijwdpnmb.com/casino?registration=1&cid=8297204703&pid=297832&sip=0
mostbet-go2418.top,latest,external,https://links-go9.top/mostbet,https://nvjnacmb.com/casino?registration=1&cid=8297204719&pid=297832&sip=0,mostbet,Mostbet,mostbet_assets,297832,True,Mostbet official website,True,,302 https://links-go9.top/mostbet → 302 https://65r08go.com/QFqF → 200 https://nvjnacmb.com/casino?registration=1&cid=8297204719&pid=297832&sip=0
mostbet-go2418.top,latest,external,https://links-go9.top/mostbet_cr,https://ijwdpnmb.com/casino?registration=1&cid=8297204757&pid=297832&sip=0,mostbet,Mostbet,mostbet_assets,297832,True,Mostbet official website,True,,302 https://links-go9.top/mostbet_cr → 302 https://65r08go.com/QFqF → 200 https://ijwdpnmb.com/casino?registration=1&cid=8297204757&pid=297832&sip=0
mostbet-gold17.top,latest,external,https://links-go9.top/mostbet_android,https://nvjnacmb.com/casino?registration=1&cid=8297204659&pid=297832&sip=0,mostbet,Mostbet,mostbet_assets,297832,True,Mostbet official website,True,,302 https://links-go9.top/mostbet_android → 302 https://65r08go.com/QFqF → 200 https://nvjnacmb.com/casino?registration=1&cid=8297204659&pid=297832&sip=0
mostbet-gold17.top,latest,external,https://links-go9.top/mostbet_ios,https://ijwdpnmb.com/casino?registration=1&cid=8297204703&pid=297832&sip=0,mostbet,Mostbet,mostbet_assets,297832,True,Mostbet official website,True,,302 https://links-go9.top/mostbet_ios → 302 https://65r08go.com/QFqF → 200 https://ijwdpnmb.com/casino?registration=1&cid=8297204703&pid=297832&sip=0
mostbet-gold17.top,latest,external,https://links-go9.top/mostbet,https://nvjnacmb.com/casino?registration=1&cid=8297204719&pid=297832&sip=0,mostbet,Mostbet,mostbet_assets,297832,True,Mostbet official website,True,,302 https://links-go9.top/mostbet → 302 https://65r08go.com/QFqF → 200 https://nvjnacmb.com/casino?registration=1&cid=8297204719&pid=297832&sip=0
mostbet-gold17.top,latest,external,https://links-go9.top/mostbet_cr,https://ijwdpnmb.com/casino?registration=1&cid=8297204757&pid=297832&sip=0,mostbet,Mostbet,mostbet_assets,297832,True,Mostbet official website,True,,302 https://links-go9.top/mostbet_cr → 302 https://65r08go.com/QFqF → 200 https://ijwdpnmb.com/casino?registration=1&cid=8297204757&pid=297832&sip=0
mostbet-go2417.top,latest,home_redirect,https://mostbet-go2417.top/,https://mostbet-go2418.top/,mostbet,Mostbet,mostbet_assets,,True,,,,
mostbet-goh25.buzz,latest,external,https://mostbet.partners/,,needs_browser,,http_undecided,,,,,,
mostbet-gnh85.sbs,latest,external,https://mostbet.partners/,,needs_browser,,http_undecided,,,,,,
mostbet-gpl55.buzz,latest,external,https://mostbet.partners/,,needs_browser,,http_undecided,,,,,,
mostbet-go8bxcj.cam,latest,external,https://mostbet.partners/,,needs_browser,,http_undecided,,,,,,
mostbet-giris-az.click,latest,js:data-href,https://regi.mostbet1az.com/WLPLGmU?type=app,,needs_browser,,http_undecided,,,,,,
mostbet-giris-az.click,latest,js:data-url,https://regi.mostbet1az.com/WLPLGmU,,needs_browser,,http_undecided,,,,,,
mostbet-giris-az.click,latest,js:data-sf-a,https://play.mostbet1az.com/eJdAQ7s,https://play.mostbet1az.com/eJdAQ7s,dead,,connect_error,,,,,,
mostbet-grand19.top,latest,external,https://links-go9.top/mostbet_android,https://nvjnacmb.com/casino?registration=1&cid=8297204659&pid=297832&sip=0,mostbet,Mostbet,mostbet_assets,297832,True,Mostbet official website,True,,302 https://links-go9.top/mostbet_android → 302 https://65r08go.com/QFqF → 200 https://nvjnacmb.com/casino?registration=1&cid=8297204659&pid=297832&sip=0
mostbet-grand19.top,latest,external,https://links-go9.top/mostbet_ios,https://ijwdpnmb.com/casino?registration=1&cid=8297204703&pid=297832&sip=0,mostbet,Mostbet,mostbet_assets,297832,True,Mostbet official website,True,,302 https://links-go9.top/mostbet_ios → 302 https://65r08go.com/QFqF → 200 https://ijwdpnmb.com/casino?registration=1&cid=8297204703&pid=297832&sip=0
mostbet-grand19.top,latest,external,https://links-go9.top/mostbet,https://nvjnacmb.com/casino?registration=1&cid=8297204719&pid=297832&sip=0,mostbet,Mostbet,mostbet_assets,297832,True,Mostbet official website,True,,302 https://links-go9.top/mostbet → 302 https://65r08go.com/QFqF → 200 https://nvjnacmb.com/casino?registration=1&cid=8297204719&pid=297832&sip=0
mostbet-grand19.top,latest,external,https://links-go9.top/mostbet_cr,https://ijwdpnmb.com/casino?registration=1&cid=8297204757&pid=297832&sip=0,mostbet,Mostbet,mostbet_assets,297832,True,Mostbet official website,True,,302 https://links-go9.top/mostbet_cr → 302 https://65r08go.com/QFqF → 200 https://ijwdpnmb.com/casino?registration=1&cid=8297204757&pid=297832&sip=0
mostbet-giris-az.live,latest,js:data-href,https://regi.mostbet1az.com/WLPLGmU?type=app,,needs_browser,,http_undecided,,,,,,
mostbet-giris-az.live,latest,js:data-url,https://regi.mostbet1az.com/WLPLGmU,,needs_browser,,http_undecided,,,,,,
mostbet-giris-az.live,latest,js:data-sf-a,https://play.mostbet1az.com/eJdAQ7s,https://play.mostbet1az.com/eJdAQ7s,dead,,connect_error,,,,,,
mostbet-giris-az.art,latest,js:data-href,https://regi.mostbet1az.com/WLPLGmU?type=app,,needs_browser,,http_undecided,,,,,,
mostbet-giris-az.art,latest,js:data-url,https://regi.mostbet1az.com/WLPLGmU,,needs_browser,,http_undecided,,,,,,
mostbet-giris-az.art,latest,js:data-sf-a,https://play.mostbet1az.com/eJdAQ7s,https://play.mostbet1az.com/eJdAQ7s,dead,,connect_error,,,,,,
mostbet-gqc36.buzz,latest,external,https://mostbet.partners/,,needs_browser,,http_undecided,,,,,,
mostbet-gpg38.cam,latest,external,https://mostbet.partners/,,needs_browser,,http_undecided,,,,,,
mostbet-goh25.top,latest,external,https://mostbet.partners/,,needs_browser,,http_undecided,,,,,,
mostbet-grb37.cfd,latest,external,https://mostbet.partners/,,needs_browser,,http_undecided,,,,,,
mostbet-grand18.top,latest,home_redirect,https://mostbet-grand18.top/,https://mostbet-grand19.top,mostbet,Mostbet,mostbet_assets,,True,,,,
mostbet-grt2.top,latest,external,https://links-go9.top/mostbet_android,https://nvjnacmb.com/casino?registration=1&cid=8297204659&pid=297832&sip=0,mostbet,Mostbet,mostbet_assets,297832,True,Mostbet official website,True,,302 https://links-go9.top/mostbet_android → 302 https://65r08go.com/QFqF → 200 https://nvjnacmb.com/casino?registration=1&cid=8297204659&pid=297832&sip=0
mostbet-grt2.top,latest,external,https://links-go9.top/mostbet_ios,https://ijwdpnmb.com/casino?registration=1&cid=8297204703&pid=297832&sip=0,mostbet,Mostbet,mostbet_assets,297832,True,Mostbet official website,True,,302 https://links-go9.top/mostbet_ios → 302 https://65r08go.com/QFqF → 200 https://ijwdpnmb.com/casino?registration=1&cid=8297204703&pid=297832&sip=0
mostbet-grt2.top,latest,external,https://links-go9.top/mostbet,https://nvjnacmb.com/casino?registration=1&cid=8297204719&pid=297832&sip=0,mostbet,Mostbet,mostbet_assets,297832,True,Mostbet official website,True,,302 https://links-go9.top/mostbet → 302 https://65r08go.com/QFqF → 200 https://nvjnacmb.com/casino?registration=1&cid=8297204719&pid=297832&sip=0
mostbet-grt2.top,latest,external,https://links-go9.top/mostbet_cr,https://ijwdpnmb.com/casino?registration=1&cid=8297204757&pid=297832&sip=0,mostbet,Mostbet,mostbet_assets,297832,True,Mostbet official website,True,,302 https://links-go9.top/mostbet_cr → 302 https://65r08go.com/QFqF → 200 https://ijwdpnmb.com/casino?registration=1&cid=8297204757&pid=297832&sip=0
mostbet-grand17.top,latest,home_redirect,https://mostbet-grand17.top/,https://mostbet-grand19.top,mostbet,Mostbet,mostbet_assets,,True,,,,
mostbet-grl48.sbs,latest,external,https://mostbet.partners/,,needs_browser,,http_undecided,,,,,,
mostbet-giris-turk.com,latest,external,https://www.dmca.com/Protection/Status.aspx?ID=585d130d-61da-4595-a43c-d1b566180c44&refurl=https://mostbet-giris-turk.com/,https://www.dmca.com/Protection/Status.aspx?ID=585d130d-61da-4595-a43c-d1b566180c44&refurl=https://mostbet-giris-turk.com/,non_gambling,DMCA Content Protection Service - Protect Your Content,no_gambling_words,,False,,,,200 https://www.dmca.com/Protection/Status.aspx?ID=585d130d-61da-4595-a43c-d1b566180c44&refurl=https://mostbet-giris-turk.com/
mostbet-gtq17.cfd,latest,external,https://mostbet.partners/,,needs_browser,,http_undecided,,,,,,
mostbet-gsq73.top,latest,external,https://mostbet.partners/,,needs_browser,,http_undecided,,,,,,
mostbet-grs89.top,latest,external,https://mostbet.partners/,,needs_browser,,http_undecided,,,,,,
mostbet-gsp63.cfd,latest,external,https://mostbet.partners/,,needs_browser,,http_undecided,,,,,,
mostbet-grb87.cam,latest,external,https://mostbet.partners/,,needs_browser,,http_undecided,,,,,,
mostbet-grt1.top,latest,home_redirect,https://mostbet-grt1.top/,https://mostbet-grt2.top,mostbet,Mostbet,mostbet_assets,,True,,,,
mostbet-grt.top,latest,home_redirect,https://mostbet-grt.top/,https://mostbet-grt2.top,mostbet,Mostbet,mostbet_assets,,True,,,,
mostbet-gvq45.sbs,latest,external,https://mostbet.partners/,,needs_browser,,http_undecided,,,,,,
mostbet-gtr.xyz,latest,external,https://mostbet.partners/,,needs_browser,,http_undecided,,,,,,
mostbet-gut25.sbs,latest,external,https://mostbet.partners/,,needs_browser,,http_undecided,,,,,,
mostbet-gus57ya.buzz,latest,external,https://mostbet.partners/,,needs_browser,,http_undecided,,,,,,
mostbet-gxr76.cam,latest,external,https://mostbet.partners/,,needs_browser,,http_undecided,,,,,,
mostbet-egyptian.com,latest,js:data-href,https://demo.spribe.io/launch/aviator?currency=EGP&lang=EN&return_url=https://spribe.co/games,,needs_browser,,http_undecided,,,,,,
mostbet-egyptian.com,latest,js:data-href,https://server.ssg-public.com/SmartSoftGamePlay/authorization.aspx?GameName=PlinkoX,,needs_browser,,http_undecided,,,,,,
mostbet-egyptian.com,latest,js:data-href,https://demogamesfree.pragmaticplay.net/gs2c/openGame.do?lang=en&cur=EGP&gameSymbol=vs20olympgate,,needs_browser,,http_undecided,,,,,,
mostbet-egyptian.com,latest,js:data-sf-a,https://eg.mostbet-egyptian.com/ycP7KX4,,needs_browser,,http_undecided,,,,,,
mostbet-egyptian.com,latest,js:data-sf-a,https://eg.mostbet-egyptian.com/ycP7KX4?type=app,,needs_browser,,http_undecided,,,,,,
mostbet-egyptian.com,latest,internal_page_link,https://www.dmca.com/Protection/Status.aspx?ID=585d130d-61da-4595-a43c-d1b566180c44&refurl=https://mostbet-egyptian.com/registration/,https://www.dmca.com/Protection/Status.aspx?ID=585d130d-61da-4595-a43c-d1b566180c44&refurl=https://mostbet-egyptian.com/registration/,brand_site,Mostbet,name_only_weak,,False,التسجيل في Mostbet 2026: دليل كامل... | Protected by DMCA.com,,,200 https://www.dmca.com/Protection/Status.aspx?ID=585d130d-61da-4595-a43c-d1b566180c44&refurl=https://mostbet-egyptian.com/registration/
mostbet-egyptian.com,latest,internal_page_link,https://www.dmca.com/Protection/Status.aspx?ID=585d130d-61da-4595-a43c-d1b566180c44&refurl=https://mostbet-egyptian.com/promo-code/,https://www.dmca.com/Protection/Status.aspx?ID=585d130d-61da-4595-a43c-d1b566180c44&refurl=https://mostbet-egyptian.com/promo-code/,brand_site,Mostbet,name_only_weak,,False,الرمز الترويجي لـ Mostbet 2026: كيفية... | Protected by DMCA.com,,,200 https://www.dmca.com/Protection/Status.aspx?ID=585d130d-61da-4595-a43c-d1b566180c44&refurl=https://mostbet-egyptian.com/promo-code/
mostbet-egyptian.com,latest,internal_page_link,https://www.dmca.com/Protection/Status.aspx?ID=585d130d-61da-4595-a43c-d1b566180c44&refurl=https://mostbet-egyptian.com/app/,https://www.dmca.com/Protection/Status.aspx?ID=585d130d-61da-4595-a43c-d1b566180c44&refurl=https://mostbet-egyptian.com/app/,brand_site,Mostbet,name_only_weak,,False,تحميل تطبيق Mostbet مصر 2026 للأندرويد... | Protected by DMCA.com,,,200 https://www.dmca.com/Protection/Status.aspx?ID=585d130d-61da-4595-a43c-d1b566180c44&refurl=https://mostbet-egyptian.com/app/
mostbet-egyptian.com,latest,external,https://www.dmca.com/Protection/Status.aspx?ID=585d130d-61da-4595-a43c-d1b566180c44&refurl=https://mostbet-egyptian.com/,https://www.dmca.com/Protection/Status.aspx?ID=585d130d-61da-4595-a43c-d1b566180c44&refurl=https://mostbet-egyptian.com/,brand_site,Mostbet,name_only_weak,,False,⭐ كازينو Mostbet الرسمي والمراهنات... | Protected by DMCA.com,,,200 https://www.dmca.com/Protection/Status.aspx?ID=585d130d-61da-4595-a43c-d1b566180c44&refurl=https://mostbet-egyptian.com/
mostbet-h1d.ru,latest,home_redirect,https://mostbet-h1d.ru/,https://mostbet-casino-h0d.top/,mostbet,Mostbet,mostbet_assets,,True,,,,
mostbet-h4d.top,latest,home_redirect,https://mostbet-h4d.top/,https://mostbet-casino-h0d.top/,mostbet,Mostbet,mostbet_assets,,True,,,,
mostbet-hcu23.cfd,latest,external,https://mostbet.partners/,,needs_browser,,http_undecided,,,,,,
mostbet-gzr77.buzz,latest,external,https://mostbet.partners/,,needs_browser,,http_undecided,,,,,,
mostbet-gym65.cam,latest,external,https://mostbet.partners/,,needs_browser,,http_undecided,,,,,,
mostbet-gyy51.top,latest,external,https://mostbet.partners/,,needs_browser,,http_undecided,,,,,,
mostbet-hbt56.buzz,latest,external,https://mostbet.partners/,,needs_browser,,http_undecided,,,,,,
mostbet-hero17.top,latest,external,https://links-go9.top/mostbet_android,https://nvjnacmb.com/casino?registration=1&cid=8297204659&pid=297832&sip=0,mostbet,Mostbet,mostbet_assets,297832,True,Mostbet official website,True,,302 https://links-go9.top/mostbet_android → 302 https://65r08go.com/QFqF → 200 https://nvjnacmb.com/casino?registration=1&cid=8297204659&pid=297832&sip=0
mostbet-hero17.top,latest,external,https://links-go9.top/mostbet_ios,https://ijwdpnmb.com/casino?registration=1&cid=8297204703&pid=297832&sip=0,mostbet,Mostbet,mostbet_assets,297832,True,Mostbet official website,True,,302 https://links-go9.top/mostbet_ios → 302 https://65r08go.com/QFqF → 200 https://ijwdpnmb.com/casino?registration=1&cid=8297204703&pid=297832&sip=0
mostbet-hero17.top,latest,external,https://links-go9.top/mostbet,https://nvjnacmb.com/casino?registration=1&cid=8297204719&pid=297832&sip=0,mostbet,Mostbet,mostbet_assets,297832,True,Mostbet official website,True,,302 https://links-go9.top/mostbet → 302 https://65r08go.com/QFqF → 200 https://nvjnacmb.com/casino?registration=1&cid=8297204719&pid=297832&sip=0
mostbet-hero17.top,latest,external,https://links-go9.top/mostbet_cr,https://ijwdpnmb.com/casino?registration=1&cid=8297204757&pid=297832&sip=0,mostbet,Mostbet,mostbet_assets,297832,True,Mostbet official website,True,,302 https://links-go9.top/mostbet_cr → 302 https://65r08go.com/QFqF → 200 https://ijwdpnmb.com/casino?registration=1&cid=8297204757&pid=297832&sip=0
mostbet-hba93.buzz,latest,external,https://mostbet.partners/,,needs_browser,,http_undecided,,,,,,
mostbet-hdc24.buzz,latest,external,https://mostbet.partners/,,needs_browser,,http_undecided,,,,,,
mostbet-hdk36.sbs,latest,external,https://mostbet.partners/,,needs_browser,,http_undecided,,,,,,
mostbet-heh57.cam,latest,external,https://mostbet.partners/,,needs_browser,,http_undecided,,,,,,
mostbet-her55.cfd,latest,external,https://mostbet.partners/,,needs_browser,,http_undecided,,,,,,
mostbet-hfr86.cfd,latest,external,https://mostbet.partners/,,needs_browser,,http_undecided,,,,,,
mostbet-hho77.cfd,latest,external,https://mostbet.partners/,,needs_browser,,http_undecided,,,,,,
mostbet-hha49.buzz,latest,external,https://mostbet.partners/,,needs_browser,,http_undecided,,,,,,
mostbet-egypt-2025.com,latest,js:data-sf-a,https://reg.mostbet-egypt-2025.com/7ancUsT,,needs_browser,,http_undecided,,,,,,
mostbet-egypt-2025.com,latest,js:data-sf-a,https://reg.mostbet-egypt-2025.com/7ancUsT?type=app,,needs_browser,,http_undecided,,,,,,
mostbet-egypt-2025.com,latest,internal_page_link,https://www.dmca.com/Protection/Status.aspx?ID=585d130d-61da-4595-a43c-d1b566180c44&refurl=https://mostbet-egypt-2025.com/app/,https://www.dmca.com/Protection/Status.aspx?ID=585d130d-61da-4595-a43c-d1b566180c44&refurl=https://mostbet-egypt-2025.com/app/,brand_site,Mostbet,name_only_weak,,False,تطبيق Mostbet - دليلك الكامل للمراهنات... | Protected by DMCA.com,,,200 https://www.dmca.com/Protection/Status.aspx?ID=585d130d-61da-4595-a43c-d1b566180c44&refurl=https://mostbet-egypt-2025.com/app/
mostbet-egypt-2025.com,latest,internal_page_link,https://www.dmca.com/Protection/Status.aspx?ID=585d130d-61da-4595-a43c-d1b566180c44&refurl=https://mostbet-egypt-2025.com/sign-up/,https://www.dmca.com/Protection/Status.aspx?ID=585d130d-61da-4595-a43c-d1b566180c44&refurl=https://mostbet-egypt-2025.com/sign-up/,brand_site,Mostbet,name_only_weak,,False,تسجيل Mostbet - دليلك الكامل للتسجيل... | Protected by DMCA.com,,,200 https://www.dmca.com/Protection/Status.aspx?ID=585d130d-61da-4595-a43c-d1b566180c44&refurl=https://mostbet-egypt-2025.com/sign-up/
mostbet-egypt-2025.com,latest,internal_page_link,https://www.dmca.com/Protection/Status.aspx?ID=585d130d-61da-4595-a43c-d1b566180c44&refurl=https://mostbet-egypt-2025.com/bonus-offers/,https://www.dmca.com/Protection/Status.aspx?ID=585d130d-61da-4595-a43c-d1b566180c44&refurl=https://mostbet-egypt-2025.com/bonus-offers/,brand_site,Mostbet,name_only_weak,,False,عروض Mostbet الترويجية - دليل شامل... | Protected by DMCA.com,,,200 https://www.dmca.com/Protection/Status.aspx?ID=585d130d-61da-4595-a43c-d1b566180c44&refurl=https://mostbet-egypt-2025.com/bonus-offers/
mostbet-egypt-2025.com,latest,internal_page_link,https://www.dmca.com/Protection/Status.aspx?ID=585d130d-61da-4595-a43c-d1b566180c44&refurl=https://mostbet-egypt-2025.com/promo-code/,https://www.dmca.com/Protection/Status.aspx?ID=585d130d-61da-4595-a43c-d1b566180c44&refurl=https://mostbet-egypt-2025.com/promo-code/,non_gambling,DMCA Content Protection Service - Protect Your Content,no_gambling_words,,False,موست بت برومو كود - دليلك الكامل للحصول... | Protected by DMCA.com,,,200 https://www.dmca.com/Protection/Status.aspx?ID=585d130d-61da-4595-a43c-d1b566180c44&refurl=https://mostbet-egypt-2025.com/promo-code/
mostbet-egypt-2025.com,latest,internal_page_link,https://www.dmca.com/Protection/Status.aspx?ID=585d130d-61da-4595-a43c-d1b566180c44&refurl=https://mostbet-egypt-2025.com/casino/,https://www.dmca.com/Protection/Status.aspx?ID=585d130d-61da-4595-a43c-d1b566180c44&refurl=https://mostbet-egypt-2025.com/casino/,brand_site,Mostbet,name_only_weak,,False,كازينو MostBet - الألعاب، والمكافآت،... | Protected by DMCA.com,,,200 https://www.dmca.com/Protection/Status.aspx?ID=585d130d-61da-4595-a43c-d1b566180c44&refurl=https://mostbet-egypt-2025.com/casino/
mostbet-hcv93.buzz,latest,external,https://mostbet.partners/,,needs_browser,,http_undecided,,,,,,
mostbet-hgd1ytv.buzz,latest,external,https://mostbet.partners/,,needs_browser,,http_undecided,,,,,,
mostbet-hib4.cam,latest,external,https://mostbet.partners/,,needs_browser,,http_undecided,,,,,,
mostbet-hmb62ta.top,latest,external,https://mostbet.partners/,,needs_browser,,http_undecided,,,,,,
mostbet-hnc48.cam,latest,external,https://mostbet.partners/,,needs_browser,,http_undecided,,,,,,
mostbet-hn.top,latest,external,https://mostbet.partners/,,needs_browser,,http_undecided,,,,,,
mostbet-hnb48.cfd,latest,external,https://mostbet.partners/,,needs_browser,,http_undecided,,,,,,
mostbet-hma6.cam,latest,external,https://mostbet.partners/,,needs_browser,,http_undecided,,,,,,
mostbet-hgg85.buzz,latest,external,https://mostbet.partners/,,needs_browser,,http_undecided,,,,,,
mostbet-hne21.top,latest,external,https://mostbet.partners/,,needs_browser,,http_undecided,,,,,,
mostbet-hpe42.cfd,latest,external,https://mostbet.partners/,,needs_browser,,http_undecided,,,,,,
mostbet-hbq82.sbs,latest,external,https://mostbet.partners/,,needs_browser,,http_undecided,,,,,,
mostbet-hot20.top,latest,external,https://links-go9.top/mostbet_android,https://nvjnacmb.com/casino?registration=1&cid=8297204659&pid=297832&sip=0,mostbet,Mostbet,mostbet_assets,297832,True,Mostbet official website,True,,302 https://links-go9.top/mostbet_android → 302 https://65r08go.com/QFqF → 200 https://nvjnacmb.com/casino?registration=1&cid=8297204659&pid=297832&sip=0
mostbet-hot20.top,latest,external,https://links-go9.top/mostbet_ios,https://ijwdpnmb.com/casino?registration=1&cid=8297204703&pid=297832&sip=0,mostbet,Mostbet,mostbet_assets,297832,True,Mostbet official website,True,,302 https://links-go9.top/mostbet_ios → 302 https://65r08go.com/QFqF → 200 https://ijwdpnmb.com/casino?registration=1&cid=8297204703&pid=297832&sip=0
mostbet-hot20.top,latest,external,https://links-go9.top/mostbet,https://nvjnacmb.com/casino?registration=1&cid=8297204719&pid=297832&sip=0,mostbet,Mostbet,mostbet_assets,297832,True,Mostbet official website,True,,302 https://links-go9.top/mostbet → 302 https://65r08go.com/QFqF → 200 https://nvjnacmb.com/casino?registration=1&cid=8297204719&pid=297832&sip=0
mostbet-hot20.top,latest,external,https://links-go9.top/mostbet_cr,https://ijwdpnmb.com/casino?registration=1&cid=8297204757&pid=297832&sip=0,mostbet,Mostbet,mostbet_assets,297832,True,Mostbet official website,True,,302 https://links-go9.top/mostbet_cr → 302 https://65r08go.com/QFqF → 200 https://ijwdpnmb.com/casino?registration=1&cid=8297204757&pid=297832&sip=0
mostbet-hot19.top,latest,home_redirect,https://mostbet-hot19.top/,https://mostbet-hot20.top,mostbet,Mostbet,mostbet_assets,,True,,,,
mostbet-hot18.top,latest,home_redirect,https://mostbet-hot18.top/,https://mostbet-hot20.top,mostbet,Mostbet,mostbet_assets,,True,,,,
mostbet-hsb84.cfd,latest,external,https://mostbet.partners/,,needs_browser,,http_undecided,,,,,,
mostbet-hqk74.cfd,latest,external,https://mostbet.partners/,,needs_browser,,http_undecided,,,,,,
mostbet-hpc59.cam,latest,external,https://mostbet.partners/,,needs_browser,,http_undecided,,,,,,
mostbet-har.lol,latest,external,https://mostbet.partners/,,needs_browser,,http_undecided,,,,,,
mostbet-htr77.cfd,latest,external,https://mostbet.partners/,,needs_browser,,http_undecided,,,,,,
mostbet-ht.top,latest,external,https://mostbet.partners/,,needs_browser,,http_undecided,,,,,,
mostbet-ht7d.xyz,latest,external,https://mostbet.partners/,,needs_browser,,http_undecided,,,,,,
mostbet-hot17.top,latest,home_redirect,https://mostbet-hot17.top/,https://mostbet-hot20.top,mostbet,Mostbet,mostbet_assets,,True,,,,
mostbet-hzf37.buzz,latest,external,https://mostbet.partners/,,needs_browser,,http_undecided,,,,,,
mostbet-hqo48.sbs,latest,external,https://mostbet.partners/,,needs_browser,,http_undecided,,,,,,
mostbet-hso32.top,latest,external,https://mostbet.partners/,,needs_browser,,http_undecided,,,,,,
mostbet-hvl57.top,latest,external,https://mostbet.partners/,,needs_browser,,http_undecided,,,,,,
mostbet-hsl77qv.cfd,latest,external,https://mostbet.partners/,,needs_browser,,http_undecided,,,,,,
mostbet-hyo55.top,latest,external,https://mostbet.partners/,,needs_browser,,http_undecided,,,,,,
mostbet-hw81ux1.buzz,latest,external,https://mostbet.partners/,,needs_browser,,http_undecided,,,,,,
mostbet-hwo24.buzz,latest,external,https://mostbet.partners/,,needs_browser,,http_undecided,,,,,,
mostbet-hxy94.buzz,latest,external,https://mostbet.partners/,,needs_browser,,http_undecided,,,,,,
mostbet-hzz92.cam,latest,external,https://mostbet.partners/,,needs_browser,,http_undecided,,,,,,
mostbet-hxx57.sbs,latest,external,https://mostbet.partners/,,needs_browser,,http_undecided,,,,,,
mostbet-idg25.sbs,latest,external,https://mostbet.partners/,,needs_browser,,http_undecided,,,,,,
mostbet-hzx83.cam,latest,external,https://mostbet.partners/,,needs_browser,,http_undecided,,,,,,
mostbet-hys87.top,latest,external,https://mostbet.partners/,,needs_browser,,http_undecided,,,,,,
mostbet-hungary.tech,latest,internal_redirect_like,https://mostbet-hungary.tech/go/,https://1xbet.rs:443/en/registration?tag=d_3755482m_22585c_smartlink&pb=45b3a2c401b14a689ff48b44eca10dc2&click_id=38l6ghi.637.a264c3&r=registration,other_gambling,1xBet,fields:1xBet,,True,1xBet registration ᐉ Sign up,,,301 https://mostbet-hungary.tech/go/ → 301 http://wcgki50.top/hDnW6D → 302 https://wcgki50.top/hDnW6D → 303 https://refpa-57015.com/L?tag=d_3755482m_22585c_smartlink&pb=45b3a2c401b14a689ff48b44eca10dc2&click_id=38l6ghi.637.a264c3&r=registration → 200 https://1xbet.rs:443/en/registration?tag=d_3755482m_22585c_smartlink&pb=45b3a2c401b14a689ff48b44eca10dc2&click_id=38l6ghi.637.a264c3&r=registration
mostbet-i7l.top,latest,home_redirect,https://mostbet-i7l.top/,https://mostbet-casino-k0.top/,mostbet,Mostbet,mostbet_assets,,True,,,,
mostbet-gamestr.com,latest,js:data-href:b64,https://r7ycnmimb.com/QFUU,https://dokodvmb.com/casino?registration=1&cid=8297208009&pid=122988&sip=0,mostbet,Mostbet,mostbet_assets,122988,True,Mostbet official website,,,302 https://r7ycnmimb.com/QFUU → 200 https://dokodvmb.com/casino?registration=1&cid=8297208009&pid=122988&sip=0
mostbet-iad52.cam,latest,external,https://mostbet.partners/,,needs_browser,,http_undecided,,,,,,
mostbet-iio66.top,latest,external,https://mostbet.partners/,,needs_browser,,http_undecided,,,,,,
mostbet-hzb82.buzz,latest,external,https://mostbet.partners/,,needs_browser,,http_undecided,,,,,,
mostbet-icw58.cam,latest,external,https://mostbet.partners/,,needs_browser,,http_undecided,,,,,,
mostbet-ihp95.top,latest,external,https://mostbet.partners/,,needs_browser,,http_undecided,,,,,,
mostbet-ijv47.cam,latest,external,https://mostbet.partners/,,needs_browser,,http_undecided,,,,,,
mostbet-icj11.cam,latest,external,https://mostbet.partners/,,needs_browser,,http_undecided,,,,,,
mostbet-ics4.xyz,latest,external,https://mostbet.partners/,,needs_browser,,http_undecided,,,,,,
mostbet-ida58.cam,latest,external,https://mostbet.partners/,,needs_browser,,http_undecided,,,,,,
mostbet-iik24.cfd,latest,external,https://mostbet.partners/,,needs_browser,,http_undecided,,,,,,
mostbet-iet71.sbs,latest,external,https://mostbet.partners/,,needs_browser,,http_undecided,,,,,,
mostbet-ifb44.sbs,latest,external,https://mostbet.partners/,,needs_browser,,http_undecided,,,,,,
mostbet-ifp66.cfd,latest,external,https://mostbet.partners/,,needs_browser,,http_undecided,,,,,,
mostbet-iej29.buzz,latest,external,https://mostbet.partners/,,needs_browser,,http_undecided,,,,,,
mostbet-i7z.top,latest,home_redirect,https://mostbet-i7z.top/,https://mostbet-z14i.top,mostbet,Mostbet,mostbet_assets,,True,,,,
mostbet-iho55.top,latest,external,https://mostbet.partners/,,needs_browser,,http_undecided,,,,,,
mostbet-ikh46.sbs,latest,external,https://mostbet.partners/,,needs_browser,,http_undecided,,,,,,
mostbet-hwl6.buzz,latest,external,https://mostbet.partners/,,needs_browser,,http_undecided,,,,,,
mostbet-iko37.buzz,latest,external,https://mostbet.partners/,,needs_browser,,http_undecided,,,,,,
mostbet-ide33gu.buzz,latest,external,https://mostbet.partners/,,needs_browser,,http_undecided,,,,,,
mostbet-imqy.xyz,latest,external,https://mostbet.partners/,,needs_browser,,http_undecided,,,,,,
mostbet-ilr97.top,latest,external,https://mostbet.partners/,,needs_browser,,http_undecided,,,,,,
mostbet-iig1.buzz,latest,external,https://mostbet.partners/,,needs_browser,,http_undecided,,,,,,
mostbet-info-bk1.top,latest,external,https://links-go9.top/mostbet_android,https://nvjnacmb.com/casino?registration=1&cid=8297204659&pid=297832&sip=0,mostbet,Mostbet,mostbet_assets,297832,True,Mostbet official website,True,,302 https://links-go9.top/mostbet_android → 302 https://65r08go.com/QFqF → 200 https://nvjnacmb.com/casino?registration=1&cid=8297204659&pid=297832&sip=0
mostbet-info-bk1.top,latest,external,https://links-go9.top/mostbet_ios,https://ijwdpnmb.com/casino?registration=1&cid=8297204703&pid=297832&sip=0,mostbet,Mostbet,mostbet_assets,297832,True,Mostbet official website,True,,302 https://links-go9.top/mostbet_ios → 302 https://65r08go.com/QFqF → 200 https://ijwdpnmb.com/casino?registration=1&cid=8297204703&pid=297832&sip=0
mostbet-info-bk1.top,latest,external,https://links-go9.top/mostbet,https://nvjnacmb.com/casino?registration=1&cid=8297204719&pid=297832&sip=0,mostbet,Mostbet,mostbet_assets,297832,True,Mostbet official website,True,,302 https://links-go9.top/mostbet → 302 https://65r08go.com/QFqF → 200 https://nvjnacmb.com/casino?registration=1&cid=8297204719&pid=297832&sip=0
mostbet-info-bk1.top,latest,external,https://links-go9.top/mostbet_cr,https://ijwdpnmb.com/casino?registration=1&cid=8297204757&pid=297832&sip=0,mostbet,Mostbet,mostbet_assets,297832,True,Mostbet official website,True,,302 https://links-go9.top/mostbet_cr → 302 https://65r08go.com/QFqF → 200 https://ijwdpnmb.com/casino?registration=1&cid=8297204757&pid=297832&sip=0
mostbet-info-bk.top,latest,home_redirect,https://mostbet-info-bk.top/,https://mostbet-info-bk1.top,mostbet,Mostbet,mostbet_assets,,True,,,,
mostbet-info-bk.ru,latest,home_redirect,https://mostbet-info-bk.ru/,https://mostbet-info-bk1.top,mostbet,Mostbet,mostbet_assets,,True,,,,
mostbet-ipa85.sbs,latest,external,https://mostbet.partners/,,needs_browser,,http_undecided,,,,,,
mostbet-ita98.cam,latest,external,https://mostbet.partners/,,needs_browser,,http_undecided,,,,,,
mostbet-ios71.cfd,latest,external,https://mostbet.partners/,,needs_browser,,http_undecided,,,,,,
mostbet-inz6.cam,latest,external,https://mostbet.partners/,,needs_browser,,http_undecided,,,,,,
mostbet-irh51.cam,latest,external,https://mostbet.partners/,,needs_browser,,http_undecided,,,,,,
mostbet-irf71.cam,latest,external,https://mostbet.partners/,,needs_browser,,http_undecided,,,,,,
mostbet-ine11.buzz,latest,external,https://mostbet.partners/,,needs_browser,,http_undecided,,,,,,
mostbet-iue93.cfd,latest,external,https://mostbet.partners/,,needs_browser,,http_undecided,,,,,,
mostbet-inrf.top,latest,external,https://mostbet.partners/,,needs_browser,,http_undecided,,,,,,
mostbet-ivc73.cfd,latest,external,https://mostbet.partners/,,needs_browser,,http_undecided,,,,,,
mostbet-iqr86.sbs,latest,external,https://mostbet.partners/,,needs_browser,,http_undecided,,,,,,
mostbet-ipm78.cam,latest,external,https://mostbet.partners/,,needs_browser,,http_undecided,,,,,,
mostbet-iwe25.sbs,latest,external,https://mostbet.partners/,,needs_browser,,http_undecided,,,,,,
mostbet-iwo49.cfd,latest,external,https://mostbet.partners/,,needs_browser,,http_undecided,,,,,,
mostbet-ium66.buzz,latest,external,https://mostbet.partners/,,needs_browser,,http_undecided,,,,,,
mostbet-isk14jf.sbs,latest,external,https://mostbet.partners/,,needs_browser,,http_undecided,,,,,,
mostbet-iql76.buzz,latest,external,https://mostbet.partners/,,needs_browser,,http_undecided,,,,,,
mostbet-irg58.top,latest,external,https://mostbet.partners/,,needs_browser,,http_undecided,,,,,,
mostbet-j1.top,latest,home_redirect,https://mostbet-j1.top/,https://mostbet-casino-k0n.top/,mostbet,Mostbet,mostbet_assets,,True,,,,
mostbet-izp91.cfd,latest,external,https://mostbet.partners/,,needs_browser,,http_undecided,,,,,,
mostbet-j4.top,latest,home_redirect,https://mostbet-j4.top/,https://mostbet-casino-k0.top/,mostbet,Mostbet,mostbet_assets,,True,,,,
mostbet-itk54.cfd,latest,external,https://mostbet.partners/,,needs_browser,,http_undecided,,,,,,
mostbet-iyk98.cam,latest,external,https://mostbet.partners/,,needs_browser,,http_undecided,,,,,,
mostbet-irv28.cam,latest,external,https://mostbet.partners/,,needs_browser,,http_undecided,,,,,,
mostbet-isqbo4j.buzz,latest,external,https://mostbet.partners/,,needs_browser,,http_undecided,,,,,,
mostbet-ixs22.buzz,latest,external,https://mostbet.partners/,,needs_browser,,http_undecided,,,,,,
mostbet-izc79.cam,latest,external,https://mostbet.partners/,,needs_browser,,http_undecided,,,,,,
mostbet-j0e4.xyz,latest,external,https://mostbet.partners/,,needs_browser,,http_undecided,,,,,,
mostbet-izb78.top,latest,external,https://mostbet.partners/,,needs_browser,,http_undecided,,,,,,
mostbet-iwx39.top,latest,external,https://mostbet.partners/,,needs_browser,,http_undecided,,,,,,
mostbet-isz68.buzz,latest,external,https://mostbet.partners/,,needs_browser,,http_undecided,,,,,,
mostbet-ixm83.buzz,latest,external,https://mostbet.partners/,,needs_browser,,http_undecided,,,,,,
mostbet-j3.top,latest,home_redirect,https://mostbet-j3.top/,https://mostbet-j7.top/,mostbet,Mostbet,mostbet_assets,,True,,,,
mostbet-j1v.top,latest,home_redirect,https://mostbet-j1v.top/,https://mostbet-casino-j2v.top,mostbet,Mostbet,mostbet_assets,,True,,,,
mostbet-j3q.top,latest,home_redirect,https://mostbet-j3q.top/,https://moxtbet-j6q.top,mostbet,Mostbet,mostbet_assets,,True,,,,
mostbet-jaw86.cfd,latest,external,https://mostbet.partners/,,needs_browser,,http_undecided,,,,,,
mostbet-jai31.sbs,latest,external,https://mostbet.partners/,,needs_browser,,http_undecided,,,,,,
mostbet-jbs21.top,latest,external,https://mostbet.partners/,,needs_browser,,http_undecided,,,,,,
mostbet-j7n1.xyz,latest,external,https://mostbet.partners/,,needs_browser,,http_undecided,,,,,,
mostbet-j2.top,latest,home_redirect,https://mostbet-j2.top/,https://moxtbet-j6q.top,mostbet,Mostbet,mostbet_assets,,True,,,,
mostbet-jht94.buzz,latest,external,https://mostbet.partners/,,needs_browser,,http_undecided,,,,,,
mostbet-jet.ru,latest,home_redirect,https://mostbet-jet.ru/,https://mostbet-z14i.top,mostbet,Mostbet,mostbet_assets,,True,,,,
mostbet-jlf86.sbs,latest,external,https://mostbet.partners/,,needs_browser,,http_undecided,,,,,,
mostbet-j0v.top,latest,home_redirect,https://mostbet-j0v.top/,https://mostbet-casino-j2v.top,mostbet,Mostbet,mostbet_assets,,True,,,,
mostbet-ja.top,latest,external,https://mostbet.partners/,,needs_browser,,http_undecided,,,,,,
mostbet-j7.top,latest,external,https://links-go9.top/mostbet_android,https://nvjnacmb.com/casino?registration=1&cid=8297204659&pid=297832&sip=0,mostbet,Mostbet,mostbet_assets,297832,True,Mostbet official website,True,,302 https://links-go9.top/mostbet_android → 302 https://65r08go.com/QFqF → 200 https://nvjnacmb.com/casino?registration=1&cid=8297204659&pid=297832&sip=0
mostbet-j7.top,latest,external,https://links-go9.top/mostbet_ios,https://ijwdpnmb.com/casino?registration=1&cid=8297204703&pid=297832&sip=0,mostbet,Mostbet,mostbet_assets,297832,True,Mostbet official website,True,,302 https://links-go9.top/mostbet_ios → 302 https://65r08go.com/QFqF → 200 https://ijwdpnmb.com/casino?registration=1&cid=8297204703&pid=297832&sip=0
mostbet-j7.top,latest,external,https://links-go9.top/mostbet,https://nvjnacmb.com/casino?registration=1&cid=8297204719&pid=297832&sip=0,mostbet,Mostbet,mostbet_assets,297832,True,Mostbet official website,True,,302 https://links-go9.top/mostbet → 302 https://65r08go.com/QFqF → 200 https://nvjnacmb.com/casino?registration=1&cid=8297204719&pid=297832&sip=0
mostbet-j7.top,latest,external,https://links-go9.top/mostbet_cr,https://ijwdpnmb.com/casino?registration=1&cid=8297204757&pid=297832&sip=0,mostbet,Mostbet,mostbet_assets,297832,True,Mostbet official website,True,,302 https://links-go9.top/mostbet_cr → 302 https://65r08go.com/QFqF → 200 https://ijwdpnmb.com/casino?registration=1&cid=8297204757&pid=297832&sip=0
mostbet-jaon.xyz,latest,external,https://mostbet.partners/,,needs_browser,,http_undecided,,,,,,
mostbet-jje.xyz,latest,external,https://mostbet.partners/,,needs_browser,,http_undecided,,,,,,
mostbet-jnc62.sbs,latest,external,https://mostbet.partners/,,needs_browser,,http_undecided,,,,,,
mostbet-jmo.lol,latest,external,https://mostbet.partners/,,needs_browser,,http_undecided,,,,,,
mostbet-je1n.xyz,latest,external,https://mostbet.partners/,,needs_browser,,http_undecided,,,,,,
mostbet-j0v.ru,latest,home_redirect,https://mostbet-j0v.ru/,https://mostbet-casino-j2v.top,mostbet,Mostbet,mostbet_assets,,True,,,,
mostbet-j6b.ru,latest,home_redirect,https://mostbet-j6b.ru/,https://mostbet-casino-b7j.top/,mostbet,Mostbet,mostbet_assets,,True,,,,
mostbet-jet17.top,latest,external,https://mostbet.com/,https://mostbet.com/,mostbet,Mostbet,mostbet_assets,,False,Mostbet official website,,,200 https://mostbet.com/
mostbet-jet17.top,latest,external,https://links-go9.top/mostbet_android,https://nvjnacmb.com/casino?registration=1&cid=8297204659&pid=297832&sip=0,mostbet,Mostbet,mostbet_assets,297832,True,Mostbet official website,True,,302 https://links-go9.top/mostbet_android → 302 https://65r08go.com/QFqF → 200 https://nvjnacmb.com/casino?registration=1&cid=8297204659&pid=297832&sip=0
mostbet-jet17.top,latest,external,https://links-go9.top/mostbet_ios,https://ijwdpnmb.com/casino?registration=1&cid=8297204703&pid=297832&sip=0,mostbet,Mostbet,mostbet_assets,297832,True,Mostbet official website,True,,302 https://links-go9.top/mostbet_ios → 302 https://65r08go.com/QFqF → 200 https://ijwdpnmb.com/casino?registration=1&cid=8297204703&pid=297832&sip=0
mostbet-jet17.top,latest,external,https://links-go9.top/mostbet,https://nvjnacmb.com/casino?registration=1&cid=8297204719&pid=297832&sip=0,mostbet,Mostbet,mostbet_assets,297832,True,Mostbet official website,True,,302 https://links-go9.top/mostbet → 302 https://65r08go.com/QFqF → 200 https://nvjnacmb.com/casino?registration=1&cid=8297204719&pid=297832&sip=0
mostbet-jet17.top,latest,external,https://links-go9.top/mostbet_cr,https://ijwdpnmb.com/casino?registration=1&cid=8297204757&pid=297832&sip=0,mostbet,Mostbet,mostbet_assets,297832,True,Mostbet official website,True,,302 https://links-go9.top/mostbet_cr → 302 https://65r08go.com/QFqF → 200 https://ijwdpnmb.com/casino?registration=1&cid=8297204757&pid=297832&sip=0
mostbet-jpc62.top,latest,external,https://mostbet.partners/,,needs_browser,,http_undecided,,,,,,
mostbet-jna2.cam,latest,external,https://mostbet.partners/,,needs_browser,,http_undecided,,,,,,
mostbet-jnj89.sbs,latest,external,https://mostbet.partners/,,needs_browser,,http_undecided,,,,,,
mostbet-jgv94.cfd,latest,external,https://mostbet.partners/,,needs_browser,,http_undecided,,,,,,
mostbet-jhd99.cfd,latest,external,https://mostbet.partners/,,needs_browser,,http_undecided,,,,,,
mostbet-jpc78.top,latest,external,https://mostbet.partners/,,needs_browser,,http_undecided,,,,,,
mostbet-joy.top,latest,external,https://mostbet.partners/,,needs_browser,,http_undecided,,,,,,
mostbet-job.top,latest,external,https://mostbet.partners/,,needs_browser,,http_undecided,,,,,,
mostbet-jmw23.cam,latest,external,https://mostbet.partners/,,needs_browser,,http_undecided,,,,,,
mostbet-jqf86.buzz,latest,external,https://mostbet.partners/,,needs_browser,,http_undecided,,,,,,
mostbet-jek15.cfd,latest,external,https://mostbet.partners/,,needs_browser,,http_undecided,,,,,,
mostbet-jqr73.sbs,latest,external,https://mostbet.partners/,,needs_browser,,http_undecided,,,,,,
mostbet-jmu74.buzz,latest,external,https://mostbet.partners/,,needs_browser,,http_undecided,,,,,,
mostbet-jfv53.cfd,latest,external,https://mostbet.partners/,,needs_browser,,http_undecided,,,,,,
mostbet-jjd41.buzz,latest,external,https://mostbet.partners/,,needs_browser,,http_undecided,,,,,,
mostbet-jjr86.buzz,latest,external,https://mostbet.partners/,,needs_browser,,http_undecided,,,,,,
mostbet-jjz56.cam,latest,external,https://mostbet.partners/,,needs_browser,,http_undecided,,,,,,
mostbet-jqc39.sbs,latest,external,https://mostbet.partners/,,needs_browser,,http_undecided,,,,,,
mostbet-jrl53.buzz,latest,external,https://mostbet.partners/,,needs_browser,,http_undecided,,,,,,
mostbet-jtb35.sbs,latest,external,https://mostbet.partners/,,needs_browser,,http_undecided,,,,,,
mostbet-jeh3.top,latest,external,https://mostbet.partners/,,needs_browser,,http_undecided,,,,,,
mostbet-jrg85.sbs,latest,external,https://mostbet.partners/,,needs_browser,,http_undecided,,,,,,
mostbet-jow18xz.buzz,latest,external,https://mostbet.partners/,,needs_browser,,http_undecided,,,,,,
mostbet-juo19.cam,latest,external,https://mostbet.partners/,,needs_browser,,http_undecided,,,,,,
mostbet-jrw48.buzz,latest,external,https://mostbet.partners/,,needs_browser,,http_undecided,,,,,,
mostbet-jfr15.cam,latest,external,https://mostbet.partners/,,needs_browser,,http_undecided,,,,,,
mostbet-juu29.cfd,latest,external,https://mostbet.partners/,,needs_browser,,http_undecided,,,,,,
mostbet-jxf84.sbs,latest,external,https://mostbet.partners/,,needs_browser,,http_undecided,,,,,,
mostbet-jsz13.buzz,latest,external,https://mostbet.partners/,,needs_browser,,http_undecided,,,,,,
mostbet-jtx66.cam,latest,external,https://mostbet.partners/,,needs_browser,,http_undecided,,,,,,
mostbet-jpn32.sbs,latest,external,https://mostbet.partners/,,needs_browser,,http_undecided,,,,,,
mostbet-jsm66.buzz,latest,external,https://mostbet.partners/,,needs_browser,,http_undecided,,,,,,
mostbet-jtq64.top,latest,external,https://mostbet.partners/,,needs_browser,,http_undecided,,,,,,
mostbet-juk88.cfd,latest,external,https://mostbet.partners/,,needs_browser,,http_undecided,,,,,,
mostbet-jun25.sbs,latest,external,https://mostbet.partners/,,needs_browser,,http_undecided,,,,,,
mostbet-joo.lol,latest,external,https://mostbet.partners/,,needs_browser,,http_undecided,,,,,,
mostbet-k2.top,latest,home_redirect,https://mostbet-k2.top/,https://mostbet-casino-k0n.top/,mostbet,Mostbet,mostbet_assets,,True,,,,
mostbet-jzy92.cam,latest,external,https://mostbet.partners/,,needs_browser,,http_undecided,,,,,,
mostbet-k4.top,latest,home_redirect,https://mostbet-k4.top/,https://mostbet-j7.top/,mostbet,Mostbet,mostbet_assets,,True,,,,
mostbet-jyj79.cfd,latest,external,https://mostbet.partners/,,needs_browser,,http_undecided,,,,,,
mostbet-jzz71.cam,latest,external,https://mostbet.partners/,,needs_browser,,http_undecided,,,,,,
mostbet-jyw96.sbs,latest,external,https://mostbet.partners/,,needs_browser,,http_undecided,,,,,,
mostbet-k3.top,latest,home_redirect,https://mostbet-k3.top/,https://moxtbet-j6q.top,mostbet,Mostbet,mostbet_assets,,True,,,,
mostbet-k4n.top,latest,home_redirect,https://mostbet-k4n.top/,https://mostbet-casino-k0n.top/,mostbet,Mostbet,mostbet_assets,,True,,,,
mostbet-jyt35.cam,latest,external,https://mostbet.partners/,,needs_browser,,http_undecided,,,,,,
mostbet-jyz67.cfd,latest,external,https://mostbet.partners/,,needs_browser,,http_undecided,,,,,,
mostbet-jwb27.cam,latest,external,https://mostbet.partners/,,needs_browser,,http_undecided,,,,,,
mostbet-jxs19.sbs,latest,external,https://mostbet.partners/,,needs_browser,,http_undecided,,,,,,
mostbet-k5m.top,latest,external,https://links-go9.top/mostbet_android,https://nvjnacmb.com/casino?registration=1&cid=8297204659&pid=297832&sip=0,mostbet,Mostbet,mostbet_assets,297832,True,Mostbet official website,True,,302 https://links-go9.top/mostbet_android → 302 https://65r08go.com/QFqF → 200 https://nvjnacmb.com/casino?registration=1&cid=8297204659&pid=297832&sip=0
mostbet-k5m.top,latest,external,https://links-go9.top/mostbet_ios,https://ijwdpnmb.com/casino?registration=1&cid=8297204703&pid=297832&sip=0,mostbet,Mostbet,mostbet_assets,297832,True,Mostbet official website,True,,302 https://links-go9.top/mostbet_ios → 302 https://65r08go.com/QFqF → 200 https://ijwdpnmb.com/casino?registration=1&cid=8297204703&pid=297832&sip=0
mostbet-k5m.top,latest,external,https://links-go9.top/mostbet,https://nvjnacmb.com/casino?registration=1&cid=8297204719&pid=297832&sip=0,mostbet,Mostbet,mostbet_assets,297832,True,Mostbet official website,True,,302 https://links-go9.top/mostbet → 302 https://65r08go.com/QFqF → 200 https://nvjnacmb.com/casino?registration=1&cid=8297204719&pid=297832&sip=0
mostbet-k5m.top,latest,external,https://links-go9.top/mostbet_cr,https://ijwdpnmb.com/casino?registration=1&cid=8297204757&pid=297832&sip=0,mostbet,Mostbet,mostbet_assets,297832,True,Mostbet official website,True,,302 https://links-go9.top/mostbet_cr → 302 https://65r08go.com/QFqF → 200 https://ijwdpnmb.com/casino?registration=1&cid=8297204757&pid=297832&sip=0
mostbet-k7x.ru,latest,external,https://links-go9.top/mostbet_android,https://nvjnacmb.com/casino?registration=1&cid=8297204659&pid=297832&sip=0,mostbet,Mostbet,mostbet_assets,297832,True,Mostbet official website,True,,302 https://links-go9.top/mostbet_android → 302 https://65r08go.com/QFqF → 200 https://nvjnacmb.com/casino?registration=1&cid=8297204659&pid=297832&sip=0
mostbet-k7x.ru,latest,external,https://links-go9.top/mostbet_ios,https://ijwdpnmb.com/casino?registration=1&cid=8297204703&pid=297832&sip=0,mostbet,Mostbet,mostbet_assets,297832,True,Mostbet official website,True,,302 https://links-go9.top/mostbet_ios → 302 https://65r08go.com/QFqF → 200 https://ijwdpnmb.com/casino?registration=1&cid=8297204703&pid=297832&sip=0
mostbet-k7x.ru,latest,external,https://links-go9.top/mostbet,https://nvjnacmb.com/casino?registration=1&cid=8297204719&pid=297832&sip=0,mostbet,Mostbet,mostbet_assets,297832,True,Mostbet official website,True,,302 https://links-go9.top/mostbet → 302 https://65r08go.com/QFqF → 200 https://nvjnacmb.com/casino?registration=1&cid=8297204719&pid=297832&sip=0
mostbet-k7x.ru,latest,external,https://links-go9.top/mostbet_cr,https://ijwdpnmb.com/casino?registration=1&cid=8297204757&pid=297832&sip=0,mostbet,Mostbet,mostbet_assets,297832,True,Mostbet official website,True,,302 https://links-go9.top/mostbet_cr → 302 https://65r08go.com/QFqF → 200 https://ijwdpnmb.com/casino?registration=1&cid=8297204757&pid=297832&sip=0
mostbet-k4m.top,latest,home_redirect,https://mostbet-k4m.top/,https://mostbet-k5m.top,mostbet,Mostbet,mostbet_assets,,True,,,,
mostbet-k8.top,latest,home_redirect,https://mostbet-k8.top/,https://mostbet-casino-k0.top/,mostbet,Mostbet,mostbet_assets,,True,,,,
mostbet-jwd3.top,latest,external,https://mostbet.partners/,,needs_browser,,http_undecided,,,,,,
mostbet-jyz54.cam,latest,external,https://mostbet.partners/,,needs_browser,,http_undecided,,,,,,
mostbet-k3m.top,latest,home_redirect,https://mostbet-k3m.top/,https://mostbet-k5m.top,mostbet,Mostbet,mostbet_assets,,True,,,,
mostbet-jxl79.top,latest,external,https://mostbet.partners/,,needs_browser,,http_undecided,,,,,,
mostbet-kasino-cz.com,latest,js:script_url,https://mostbet-cz-cz.dietavkrabicce.cz/,https://mostbet-cz-cz.dietavkrabicce.cz/,brand_site,Mostbet,name_only_weak,,False,"Mostbet CZ ⭐️ Bonus 40 000 CZK, online kasino a sportovní sázky",True,,200 https://mostbet-cz-cz.dietavkrabicce.cz/
mostbet-k2m.top,latest,home_redirect,https://mostbet-k2m.top/,https://mostbet-k5m.top,mostbet,Mostbet,mostbet_assets,,True,,,,
mostbet-k1.top,latest,home_redirect,https://mostbet-k1.top/,https://mostbet-casino-1ol.top,mostbet,Mostbet,mostbet_assets,,True,,,,
mostbet-kak28.top,latest,external,https://mostbet.partners/,,needs_browser,,http_undecided,,,,,,
mostbet-k4qa.xyz,latest,external,https://mostbet.partners/,,needs_browser,,http_undecided,,,,,,
mostbet-kasino.ru,latest,home_redirect,https://mostbet-kasino.ru/,https://mostbet-betking17.top/,mostbet,Mostbet,mostbet_assets,,True,,,,
mostbet-japan.site,latest,external,https://blog.with2.net/link/?id=2089031&cid=5374,https://blog.with2.net/ranking/5374,other_gambling,人気ブログランキング,gambling_words_unrecognized,,True,カジノ ランキング | ギャンブルブログ - 人気ブログランキング,,,200 https://blog.with2.net/link/?id=2089031&cid=5374 → 200 https://blog.with2.net/ranking/5374
mostbet-japan.site,latest,external,https://certify.gpwa.org/verify/vfwauxiliaryil.org/,,needs_browser,,http_undecided,,,,,,
mostbet-kaw45.buzz,latest,external,https://mostbet.partners/,,needs_browser,,http_undecided,,,,,,
mostbet-kaszino.com,latest,js:script_url,https://rroffer.vip/93sPhk,,needs_browser,,http_undecided,,,,,,
mostbet-k4vl.xyz,latest,external,https://mostbet.partners/,,needs_browser,,http_undecided,,,,,,
mostbet-jwt1.buzz,latest,external,https://mostbet.partners/,,needs_browser,,http_undecided,,,,,,
mostbet-kazino-rf.ru,latest,home_redirect,https://mostbet-kazino-rf.ru/,https://mosbet-1kj.top/,mostbet,Mostbet,mostbet_assets,,True,,,,
mostbet-kazino453.top,latest,home_redirect,https://mostbet-kazino453.top/,https://mostbet-kazino454.top,mostbet,Mostbet,mostbet_assets,,True,,,,
mostbet-kbd87.sbs,latest,external,https://mostbet.partners/,,needs_browser,,http_undecided,,,,,,
mostbet-kbv61.sbs,latest,external,https://mostbet.partners/,,needs_browser,,http_undecided,,,,,,
mostbet-kazino452.ru,latest,home_redirect,https://mostbet-kazino452.ru/,https://mostbet-kazino454.top,mostbet,Mostbet,mostbet_assets,,True,,,,
mostbet-kdr.lol,latest,external,https://mostbet.partners/,,needs_browser,,http_undecided,,,,,,
mostbet-kcl61.top,latest,external,https://mostbet.partners/,,needs_browser,,http_undecided,,,,,,
mostbet-kdj17.cam,latest,external,https://mostbet.partners/,,needs_browser,,http_undecided,,,,,,
mostbet-kcgh.xyz,latest,external,https://mostbet.partners/,,needs_browser,,http_undecided,,,,,,
mostbet-kep17.top,latest,external,https://mostbet.partners/,,needs_browser,,http_undecided,,,,,,
mostbet-ka.top,latest,external,https://mostbet.partners/,,needs_browser,,http_undecided,,,,,,
mostbet-kaz74.cfd,latest,external,https://mostbet.partners/,,needs_browser,,http_undecided,,,,,,
mostbet-kgl8.buzz,latest,external,https://mostbet.partners/,,needs_browser,,http_undecided,,,,,,
mostbet-kazinos.ru,latest,home_redirect,https://mostbet-kazinos.ru/,https://mostbet-cash19.top,mostbet,Mostbet,mostbet_assets,,True,,,,
mostbet-in.com,latest,js:data-url,https://game.mostbet.ind.in/FK3kFK2,https://game.mostbet.ind.in/FK3kFK2,dead,,connect_error,,,,,,
mostbet-in.com,latest,js:script_url,https://mostbet.ind.in,https://mostbet.ind.in,dead,,connect_error,,,,,,
mostbet-in.com,latest,internal_page_link,https://mostbet.ind.in/,https://mostbet.ind.in/,dead,,connect_error,,,,,,
mostbet-kea58.buzz,latest,external,https://mostbet.partners/,,needs_browser,,http_undecided,,,,,,
mostbet-klf32.cam,latest,external,https://mostbet.partners/,,needs_browser,,http_undecided,,,,,,
mostbet-kjh31ph.cfd,latest,external,https://mostbet.partners/,,needs_browser,,http_undecided,,,,,,
mostbet-kjy65.cfd,latest,external,https://mostbet.partners/,,needs_browser,,http_undecided,,,,,,
mostbet-kje39.sbs,latest,external,https://mostbet.partners/,,needs_browser,,http_undecided,,,,,,
mostbet-king-kong.xyz,latest,external,https://mostbet.partners/,,needs_browser,,http_undecided,,,,,,
mostbet-klq25.cfd,latest,external,https://mostbet.partners/,,needs_browser,,http_undecided,,,,,,
mostbet-klm48.sbs,latest,external,https://mostbet.partners/,,needs_browser,,http_undecided,,,,,,
mostbet-kkl61.cam,latest,external,https://mostbet.partners/,,needs_browser,,http_undecided,,,,,,
mostbet-kii51.buzz,latest,external,https://mostbet.partners/,,needs_browser,,http_undecided,,,,,,
mostbet-king.xyz,latest,external,https://mostbet.partners/,,needs_browser,,http_undecided,,,,,,
mostbet-knl53.cfd,latest,external,https://mostbet.partners/,,needs_browser,,http_undecided,,,,,,
mostbet-kjc43.buzz,latest,external,https://mostbet.partners/,,needs_browser,,http_undecided,,,,,,
mostbet-kh.top,latest,external,https://mostbet.partners/,,needs_browser,,http_undecided,,,,,,
mostbet-khy85.cfd,latest,external,https://mostbet.partners/,,needs_browser,,http_undecided,,,,,,
mostbet-kjm12.buzz,latest,external,https://mostbet.partners/,,needs_browser,,http_undecided,,,,,,
mostbet-kontora.ru,latest,external,https://links-go9.top/mostbet,https://nvjnacmb.com/casino?registration=1&cid=8297204719&pid=297832&sip=0,mostbet,Mostbet,mostbet_assets,297832,True,Mostbet official website,True,,302 https://links-go9.top/mostbet → 302 https://65r08go.com/QFqF → 200 https://nvjnacmb.com/casino?registration=1&cid=8297204719&pid=297832&sip=0
mostbet-kontora.ru,latest,external,https://links-go9.top/mostbet_android,https://nvjnacmb.com/casino?registration=1&cid=8297204659&pid=297832&sip=0,mostbet,Mostbet,mostbet_assets,297832,True,Mostbet official website,True,,302 https://links-go9.top/mostbet_android → 302 https://65r08go.com/QFqF → 200 https://nvjnacmb.com/casino?registration=1&cid=8297204659&pid=297832&sip=0
mostbet-kontora.ru,latest,external,https://links-go9.top/mostbet_ios,https://ijwdpnmb.com/casino?registration=1&cid=8297204703&pid=297832&sip=0,mostbet,Mostbet,mostbet_assets,297832,True,Mostbet official website,True,,302 https://links-go9.top/mostbet_ios → 302 https://65r08go.com/QFqF → 200 https://ijwdpnmb.com/casino?registration=1&cid=8297204703&pid=297832&sip=0
mostbet-kontora.ru,latest,external,https://links-go9.top/mostbet_cr,https://ijwdpnmb.com/casino?registration=1&cid=8297204757&pid=297832&sip=0,mostbet,Mostbet,mostbet_assets,297832,True,Mostbet official website,True,,302 https://links-go9.top/mostbet_cr → 302 https://65r08go.com/QFqF → 200 https://ijwdpnmb.com/casino?registration=1&cid=8297204757&pid=297832&sip=0
mostbet-kom.ru,latest,home_redirect,https://mostbet-kom.ru/,https://mostbet-1zu.top/,mostbet,Mostbet,mostbet_assets,,True,,,,
mostbet-kkd64md.cfd,latest,external,https://mostbet.partners/,,needs_browser,,http_undecided,,,,,,
mostbet-krl11.cfd,latest,external,https://mostbet.partners/,,needs_browser,,http_undecided,,,,,,
mostbet-kom17.buzz,latest,external,https://mostbet.partners/,,needs_browser,,http_undecided,,,,,,
mostbet-krot.top,latest,external,https://mostbet.partners/,,needs_browser,,http_undecided,,,,,,
mostbet-kqr96.buzz,latest,external,https://mostbet.partners/,,needs_browser,,http_undecided,,,,,,
mostbet-kvh22.buzz,latest,external,https://mostbet.partners/,,needs_browser,,http_undecided,,,,,,
mostbet-ksl66.top,latest,external,https://mostbet.partners/,,needs_browser,,http_undecided,,,,,,
mostbet-krb14.top,latest,external,https://mostbet.partners/,,needs_browser,,http_undecided,,,,,,
mostbet-kqd92.cfd,latest,external,https://mostbet.partners/,,needs_browser,,http_undecided,,,,,,
mostbet-kazakhstan024.top,latest,internal_redirect_like,https://mostbet-kazakhstan024.top/mostbet/,,needs_browser,,http_undecided,,,,,,
mostbet-kxw75.cfd,latest,external,https://mostbet.partners/,,needs_browser,,http_undecided,,,,,,
mostbet-kxz61.sbs,latest,external,https://mostbet.partners/,,needs_browser,,http_undecided,,,,,,
mostbet-kuv24.cfd,latest,external,https://mostbet.partners/,,needs_browser,,http_undecided,,,,,,
mostbet-l1k.ru,latest,external,https://links-go9.top/mostbet_android,https://nvjnacmb.com/casino?registration=1&cid=8297204659&pid=297832&sip=0,mostbet,Mostbet,mostbet_assets,297832,True,Mostbet official website,True,,302 https://links-go9.top/mostbet_android → 302 https://65r08go.com/QFqF → 200 https://nvjnacmb.com/casino?registration=1&cid=8297204659&pid=297832&sip=0
mostbet-l1k.ru,latest,external,https://links-go9.top/mostbet_ios,https://ijwdpnmb.com/casino?registration=1&cid=8297204703&pid=297832&sip=0,mostbet,Mostbet,mostbet_assets,297832,True,Mostbet official website,True,,302 https://links-go9.top/mostbet_ios → 302 https://65r08go.com/QFqF → 200 https://ijwdpnmb.com/casino?registration=1&cid=8297204703&pid=297832&sip=0
mostbet-l1k.ru,latest,external,https://links-go9.top/mostbet,https://nvjnacmb.com/casino?registration=1&cid=8297204719&pid=297832&sip=0,mostbet,Mostbet,mostbet_assets,297832,True,Mostbet official website,True,,302 https://links-go9.top/mostbet → 302 https://65r08go.com/QFqF → 200 https://nvjnacmb.com/casino?registration=1&cid=8297204719&pid=297832&sip=0
mostbet-l1k.ru,latest,external,https://links-go9.top/mostbet_cr,https://ijwdpnmb.com/casino?registration=1&cid=8297204757&pid=297832&sip=0,mostbet,Mostbet,mostbet_assets,297832,True,Mostbet official website,True,,302 https://links-go9.top/mostbet_cr → 302 https://65r08go.com/QFqF → 200 https://ijwdpnmb.com/casino?registration=1&cid=8297204757&pid=297832&sip=0
mostbet-ktn1.top,latest,external,https://mostbet.partners/,,needs_browser,,http_undecided,,,,,,
mostbet-kvf39.cam,latest,external,https://mostbet.partners/,,needs_browser,,http_undecided,,,,,,
mostbet-knz6.cam,latest,external,https://mostbet.partners/,,needs_browser,,http_undecided,,,,,,
mostbet-kty69.cam,latest,external,https://mostbet.partners/,,needs_browser,,http_undecided,,,,,,
mostbet-kuq81.cam,latest,external,https://mostbet.partners/,,needs_browser,,http_undecided,,,,,,
mostbet-ksx13.buzz,latest,external,https://mostbet.partners/,,needs_browser,,http_undecided,,,,,,
mostbet-kz-casino.online,latest,external,https://mostbet.partners/,,needs_browser,,http_undecided,,,,,,
mostbet-kun58xg.cam,latest,external,https://mostbet.partners/,,needs_browser,,http_undecided,,,,,,
mostbet-kz.bet,latest,external,https://mostbet.partners/,,needs_browser,,http_undecided,,,,,,
mostbet-l8t.top,latest,external,https://links-go9.top/mostbet_android,https://nvjnacmb.com/casino?registration=1&cid=8297204659&pid=297832&sip=0,mostbet,Mostbet,mostbet_assets,297832,True,Mostbet official website,True,,302 https://links-go9.top/mostbet_android → 302 https://65r08go.com/QFqF → 200 https://nvjnacmb.com/casino?registration=1&cid=8297204659&pid=297832&sip=0
mostbet-l8t.top,latest,external,https://links-go9.top/mostbet_ios,https://ijwdpnmb.com/casino?registration=1&cid=8297204703&pid=297832&sip=0,mostbet,Mostbet,mostbet_assets,297832,True,Mostbet official website,True,,302 https://links-go9.top/mostbet_ios → 302 https://65r08go.com/QFqF → 200 https://ijwdpnmb.com/casino?registration=1&cid=8297204703&pid=297832&sip=0
mostbet-l8t.top,latest,external,https://links-go9.top/mostbet,https://nvjnacmb.com/casino?registration=1&cid=8297204719&pid=297832&sip=0,mostbet,Mostbet,mostbet_assets,297832,True,Mostbet official website,True,,302 https://links-go9.top/mostbet → 302 https://65r08go.com/QFqF → 200 https://nvjnacmb.com/casino?registration=1&cid=8297204719&pid=297832&sip=0
mostbet-l8t.top,latest,external,https://links-go9.top/mostbet_cr,https://ijwdpnmb.com/casino?registration=1&cid=8297204757&pid=297832&sip=0,mostbet,Mostbet,mostbet_assets,297832,True,Mostbet official website,True,,302 https://links-go9.top/mostbet_cr → 302 https://65r08go.com/QFqF → 200 https://ijwdpnmb.com/casino?registration=1&cid=8297204757&pid=297832&sip=0
mostbet-l7t.top,latest,home_redirect,https://mostbet-l7t.top/,https://mostbet-l8t.top,mostbet,Mostbet,mostbet_assets,,True,,,,
mostbet-l4t.top,latest,home_redirect,https://mostbet-l4t.top/,https://mostbet-l8t.top,mostbet,Mostbet,mostbet_assets,,True,,,,
mostbet-laj65.sbs,latest,external,https://mostbet.partners/,,needs_browser,,http_undecided,,,,,,
mostbet-l8dl.xyz,latest,external,https://mostbet.partners/,,needs_browser,,http_undecided,,,,,,
mostbet-lbl33.cam,latest,external,https://mostbet.partners/,,needs_browser,,http_undecided,,,,,,
mostbet-l9y5.xyz,latest,external,https://mostbet.partners/,,needs_browser,,http_undecided,,,,,,
mostbet-lde37.buzz,latest,external,https://mostbet.partners/,,needs_browser,,http_undecided,,,,,,
mostbet-l2t.ru,latest,home_redirect,https://mostbet-l2t.ru/,https://mostbet-l8t.top,mostbet,Mostbet,mostbet_assets,,True,,,,
mostbet-lde99.cam,latest,external,https://mostbet.partners/,,needs_browser,,http_undecided,,,,,,
mostbet-ksp.cam,latest,external,https://mostbet.partners/,,needs_browser,,http_undecided,,,,,,
mostbet-lfx13.top,latest,external,https://mostbet.partners/,,needs_browser,,http_undecided,,,,,,
mostbet-lfb83xf.cfd,latest,external,https://mostbet.partners/,,needs_browser,,http_undecided,,,,,,
mostbet-l5t.top,latest,home_redirect,https://mostbet-l5t.top/,https://mostbet-l8t.top,mostbet,Mostbet,mostbet_assets,,True,,,,
mostbet-l6t.top,latest,home_redirect,https://mostbet-l6t.top/,https://mostbet-l8t.top,mostbet,Mostbet,mostbet_assets,,True,,,,
mostbet-lgq53.buzz,latest,external,https://mostbet.partners/,,needs_browser,,http_undecided,,,,,,
mostbet-lek96.top,latest,external,https://mostbet.partners/,,needs_browser,,http_undecided,,,,,,
mostbet-lge27kc.sbs,latest,external,https://mostbet.partners/,,needs_browser,,http_undecided,,,,,,
mostbet-lgi91.sbs,latest,external,https://mostbet.partners/,,needs_browser,,http_undecided,,,,,,
mostbet-l3t.top,latest,home_redirect,https://mostbet-l3t.top/,https://mostbet-l8t.top,mostbet,Mostbet,mostbet_assets,,True,,,,
mostbet-livebet18.top,latest,external,https://links-go9.top/mostbet_android,https://nvjnacmb.com/casino?registration=1&cid=8297204659&pid=297832&sip=0,mostbet,Mostbet,mostbet_assets,297832,True,Mostbet official website,True,,302 https://links-go9.top/mostbet_android → 302 https://65r08go.com/QFqF → 200 https://nvjnacmb.com/casino?registration=1&cid=8297204659&pid=297832&sip=0
mostbet-livebet18.top,latest,external,https://links-go9.top/mostbet_ios,https://ijwdpnmb.com/casino?registration=1&cid=8297204703&pid=297832&sip=0,mostbet,Mostbet,mostbet_assets,297832,True,Mostbet official website,True,,302 https://links-go9.top/mostbet_ios → 302 https://65r08go.com/QFqF → 200 https://ijwdpnmb.com/casino?registration=1&cid=8297204703&pid=297832&sip=0
mostbet-livebet18.top,latest,external,https://links-go9.top/mostbet,https://nvjnacmb.com/casino?registration=1&cid=8297204719&pid=297832&sip=0,mostbet,Mostbet,mostbet_assets,297832,True,Mostbet official website,True,,302 https://links-go9.top/mostbet → 302 https://65r08go.com/QFqF → 200 https://nvjnacmb.com/casino?registration=1&cid=8297204719&pid=297832&sip=0
mostbet-livebet18.top,latest,external,https://links-go9.top/mostbet_cr,https://ijwdpnmb.com/casino?registration=1&cid=8297204757&pid=297832&sip=0,mostbet,Mostbet,mostbet_assets,297832,True,Mostbet official website,True,,302 https://links-go9.top/mostbet_cr → 302 https://65r08go.com/QFqF → 200 https://ijwdpnmb.com/casino?registration=1&cid=8297204757&pid=297832&sip=0
mostbet-ldj8.buzz,latest,external,https://mostbet.partners/,,needs_browser,,http_undecided,,,,,,
mostbet-lge97.buzz,latest,external,https://mostbet.partners/,,needs_browser,,http_undecided,,,,,,
mostbet-links-12.top,latest,external,https://mostbet.partners/,,needs_browser,,http_undecided,,,,,,
mostbet-lkm61.cam,latest,external,https://mostbet.partners/,,needs_browser,,http_undecided,,,,,,
mostbet-lhm89.sbs,latest,external,https://mostbet.partners/,,needs_browser,,http_undecided,,,,,,
mostbet-ljo35.cfd,latest,external,https://mostbet.partners/,,needs_browser,,http_undecided,,,,,,
mostbet-livebet17.top,latest,home_redirect,https://mostbet-livebet17.top/,https://mostbet-livebet18.top/,mostbet,Mostbet,mostbet_assets,,True,,,,
mostbet-life20.site,latest,external,https://mostbet.partners/,,needs_browser,,http_undecided,,,,,,
mostbet-llx36.buzz,latest,external,https://mostbet.partners/,,needs_browser,,http_undecided,,,,,,
mostbet-login-cz.com,latest,js:script_url,https://mostbet-cz-cz.dietavkrabicce.cz/,https://mostbet-cz-cz.dietavkrabicce.cz/,brand_site,Mostbet,name_only_weak,,False,"Mostbet CZ ⭐️ Bonus 40 000 CZK, online kasino a sportovní sázky",True,,200 https://mostbet-cz-cz.dietavkrabicce.cz/
mostbet-login-app.cz,latest,js:script_url,https://mostbet-cz-cz.dietavkrabicce.cz/,https://mostbet-cz-cz.dietavkrabicce.cz/,brand_site,Mostbet,name_only_weak,,False,"Mostbet CZ ⭐️ Bonus 40 000 CZK, online kasino a sportovní sázky",True,,200 https://mostbet-cz-cz.dietavkrabicce.cz/
mostbet-lfl4.buzz,latest,external,https://mostbet.partners/,,needs_browser,,http_undecided,,,,,,
mostbet-login-casino.pl,latest,internal_redirect_like,https://mostbet-login-casino.pl/apk/,,needs_browser,,http_undecided,,,,,,
mostbet-login-casino.pl,latest,external,https://links-go9.top/mostbet,https://nvjnacmb.com/casino?registration=1&cid=8297204719&pid=297832&sip=0,mostbet,Mostbet,mostbet_assets,297832,True,Mostbet official website,True,,302 https://links-go9.top/mostbet → 302 https://65r08go.com/QFqF → 200 https://nvjnacmb.com/casino?registration=1&cid=8297204719&pid=297832&sip=0
mostbet-login-casino.pl,latest,external,https://links-go9.top/mostbet_android,https://nvjnacmb.com/casino?registration=1&cid=8297204659&pid=297832&sip=0,mostbet,Mostbet,mostbet_assets,297832,True,Mostbet official website,True,,302 https://links-go9.top/mostbet_android → 302 https://65r08go.com/QFqF → 200 https://nvjnacmb.com/casino?registration=1&cid=8297204659&pid=297832&sip=0
mostbet-login-casino.pl,latest,external,https://links-go9.top/mostbet_ios,https://ijwdpnmb.com/casino?registration=1&cid=8297204703&pid=297832&sip=0,mostbet,Mostbet,mostbet_assets,297832,True,Mostbet official website,True,,302 https://links-go9.top/mostbet_ios → 302 https://65r08go.com/QFqF → 200 https://ijwdpnmb.com/casino?registration=1&cid=8297204703&pid=297832&sip=0
mostbet-login-casino.pl,latest,external,https://links-go9.top/mostbet_cr,https://ijwdpnmb.com/casino?registration=1&cid=8297204757&pid=297832&sip=0,mostbet,Mostbet,mostbet_assets,297832,True,Mostbet official website,True,,302 https://links-go9.top/mostbet_cr → 302 https://65r08go.com/QFqF → 200 https://ijwdpnmb.com/casino?registration=1&cid=8297204757&pid=297832&sip=0
mostbet-lkb61.cfd,latest,external,https://mostbet.partners/,,needs_browser,,http_undecided,,,,,,
mostbet-lmm0.cam,latest,external,https://mostbet.partners/,,needs_browser,,http_undecided,,,,,,
mostbet-life22.site,latest,external,https://mostbet.partners/,,needs_browser,,http_undecided,,,,,,
mostbet-llg29.top,latest,external,https://mostbet.partners/,,needs_browser,,http_undecided,,,,,,
mostbet-links-4.top,latest,external,https://mostbet.partners/,,needs_browser,,http_undecided,,,,,,
mostbet-kz-download-app.com,latest,internal_redirect_like,https://mostbet-kz-download-app.com/go/2,https://upload.cdn-mb.com/apk/repacker-ng/repacks/mostbet_7.17/85c421a2-fed2-45ad-81d5-4528616a2bba/mostbet_7.17.apk,mostbet,Mostbet,download:application/octet-stream,,,,,,302 https://mostbet-kz-download-app.com/go/2 → 302 https://vgfiiimb.com/0mhs?sub1=mostbet-kz-download-app.com&sub2=app → 200 https://upload.cdn-mb.com/apk/repacker-ng/repacks/mostbet_7.17/85c421a2-fed2-45ad-81d5-4528616a2bba/mostbet_7.17.apk
mostbet-kz-download-app.com,latest,internal_redirect_like,https://mostbet-kz-download-app.com/go/1,https://qrncfumb.com/casino?registration=1&cid=8297208587&pid=263382&sip=0,mostbet,Mostbet,mostbet_assets,263382,True,Mostbet official website,,,302 https://mostbet-kz-download-app.com/go/1 → 302 https://hpnjesmb.com/vmhs?sub1=mostbet-kz-download-app.com&sub2=web&sub5=casino → 200 https://qrncfumb.com/casino?registration=1&cid=8297208587&pid=263382&sip=0
mostbet-lqq49.top,latest,external,https://mostbet.partners/,,needs_browser,,http_undecided,,,,,,
mostbet-lrz23.cfd,latest,external,https://mostbet.partners/,,needs_browser,,http_undecided,,,,,,
mostbet-lfx6.top,latest,external,https://mostbet.partners/,,needs_browser,,http_undecided,,,,,,
mostbet-lqk46.sbs,latest,external,https://mostbet.partners/,,needs_browser,,http_undecided,,,,,,
mostbet-lqk14.cfd,latest,external,https://mostbet.partners/,,needs_browser,,http_undecided,,,,,,
mostbet-lldfloi.top,latest,external,https://mostbet.partners/,,needs_browser,,http_undecided,,,,,,
mostbet-lrg52.cam,latest,external,https://mostbet.partners/,,needs_browser,,http_undecided,,,,,,
mostbet-ludoman.top,latest,external,https://links-go9.top/mostbet_android,https://nvjnacmb.com/casino?registration=1&cid=8297204659&pid=297832&sip=0,mostbet,Mostbet,mostbet_assets,297832,True,Mostbet official website,True,,302 https://links-go9.top/mostbet_android → 302 https://65r08go.com/QFqF → 200 https://nvjnacmb.com/casino?registration=1&cid=8297204659&pid=297832&sip=0
mostbet-ludoman.top,latest,external,https://links-go9.top/mostbet_ios,https://ijwdpnmb.com/casino?registration=1&cid=8297204703&pid=297832&sip=0,mostbet,Mostbet,mostbet_assets,297832,True,Mostbet official website,True,,302 https://links-go9.top/mostbet_ios → 302 https://65r08go.com/QFqF → 200 https://ijwdpnmb.com/casino?registration=1&cid=8297204703&pid=297832&sip=0
mostbet-ludoman.top,latest,external,https://links-go9.top/mostbet,https://nvjnacmb.com/casino?registration=1&cid=8297204719&pid=297832&sip=0,mostbet,Mostbet,mostbet_assets,297832,True,Mostbet official website,True,,302 https://links-go9.top/mostbet → 302 https://65r08go.com/QFqF → 200 https://nvjnacmb.com/casino?registration=1&cid=8297204719&pid=297832&sip=0
mostbet-ludoman.top,latest,external,https://links-go9.top/mostbet_cr,https://ijwdpnmb.com/casino?registration=1&cid=8297204757&pid=297832&sip=0,mostbet,Mostbet,mostbet_assets,297832,True,Mostbet official website,True,,302 https://links-go9.top/mostbet_cr → 302 https://65r08go.com/QFqF → 200 https://ijwdpnmb.com/casino?registration=1&cid=8297204757&pid=297832&sip=0
mostbet-loy36tq.buzz,latest,external,https://mostbet.partners/,,needs_browser,,http_undecided,,,,,,
mostbet-ludoman.ru,latest,home_redirect,https://mostbet-ludoman.ru/,https://mostbet-ludoman.top/,mostbet,Mostbet,mostbet_assets,,True,,,,
mostbet-ltb6.buzz,latest,external,https://mostbet.partners/,,needs_browser,,http_undecided,,,,,,
mostbet-lqm96.buzz,latest,external,https://mostbet.partners/,,needs_browser,,http_undecided,,,,,,
mostbet-lta81.top,latest,external,https://mostbet.partners/,,needs_browser,,http_undecided,,,,,,
mostbet-lvm26.buzz,latest,external,https://mostbet.partners/,,needs_browser,,http_undecided,,,,,,
mostbet-lzc21.cfd,latest,external,https://mostbet.partners/,,needs_browser,,http_undecided,,,,,,
mostbet-lyu81.top,latest,external,https://mostbet.partners/,,needs_browser,,http_undecided,,,,,,
mostbet-kazakhstan-mosbet.com,latest,internal_redirect_like,https://mostbet-kazakhstan-mosbet.com/recommends/go/,https://weg96sbmb.com/vmhs?sub1=mostbet-kz-mosbet-com&sub2=web&sub5=casino,dead,,connect_error,,,,,,302 https://mostbet-kazakhstan-mosbet.com/recommends/go/
mostbet-kazakhstan-mosbet.com,latest,internal_redirect_like,https://mostbet-kazakhstan-mosbet.com/recommends/app/,,needs_browser,,http_undecided,,,,,,
mostbet-ltf87.top,latest,external,https://mostbet.partners/,,needs_browser,,http_undecided,,,,,,
mostbet-lyz99.cfd,latest,external,https://mostbet.partners/,,needs_browser,,http_undecided,,,,,,
mostbet-lyg51.cam,latest,external,https://mostbet.partners/,,needs_browser,,http_undecided,,,,,,
mostbet-lyd53.top,latest,external,https://mostbet.partners/,,needs_browser,,http_undecided,,,,,,
mostbet-m2k.top,latest,home_redirect,https://mostbet-m2k.top/,https://mostbet-k5m.top,mostbet,Mostbet,mostbet_assets,,True,,,,
mostbet-lyh79.cam,latest,external,https://mostbet.partners/,,needs_browser,,http_undecided,,,,,,
mostbet-m3x.ru,latest,home_redirect,https://mostbet-m3x.ru/,https://mostbet-j7.top/,mostbet,Mostbet,mostbet_assets,,True,,,,
mostbet-lucky17.top,latest,home_redirect,https://mostbet-lucky17.top/,https://mostbet-top4.top,mostbet,Mostbet,mostbet_assets,,True,,,,
mostbet-maxwin19.top,latest,external,https://links-go9.top/mostbet_android,https://nvjnacmb.com/casino?registration=1&cid=8297204659&pid=297832&sip=0,mostbet,Mostbet,mostbet_assets,297832,True,Mostbet official website,True,,302 https://links-go9.top/mostbet_android → 302 https://65r08go.com/QFqF → 200 https://nvjnacmb.com/casino?registration=1&cid=8297204659&pid=297832&sip=0
mostbet-maxwin19.top,latest,external,https://links-go9.top/mostbet_ios,https://ijwdpnmb.com/casino?registration=1&cid=8297204703&pid=297832&sip=0,mostbet,Mostbet,mostbet_assets,297832,True,Mostbet official website,True,,302 https://links-go9.top/mostbet_ios → 302 https://65r08go.com/QFqF → 200 https://ijwdpnmb.com/casino?registration=1&cid=8297204703&pid=297832&sip=0
mostbet-maxwin19.top,latest,external,https://links-go9.top/mostbet,https://nvjnacmb.com/casino?registration=1&cid=8297204719&pid=297832&sip=0,mostbet,Mostbet,mostbet_assets,297832,True,Mostbet official website,True,,302 https://links-go9.top/mostbet → 302 https://65r08go.com/QFqF → 200 https://nvjnacmb.com/casino?registration=1&cid=8297204719&pid=297832&sip=0
mostbet-maxwin19.top,latest,external,https://links-go9.top/mostbet_cr,https://ijwdpnmb.com/casino?registration=1&cid=8297204757&pid=297832&sip=0,mostbet,Mostbet,mostbet_assets,297832,True,Mostbet official website,True,,302 https://links-go9.top/mostbet_cr → 302 https://65r08go.com/QFqF → 200 https://ijwdpnmb.com/casino?registration=1&cid=8297204757&pid=297832&sip=0
mostbet-lzu61.cfd,latest,external,https://mostbet.partners/,,needs_browser,,http_undecided,,,,,,
mostbet-m341.xyz,latest,external,https://mostbet.partners/,,needs_browser,,http_undecided,,,,,,
mostbet-maxwin18.top,latest,home_redirect,https://mostbet-maxwin18.top/,https://mostbet-maxwin19.top,mostbet,Mostbet,mostbet_assets,,True,,,,
mostbet-maj98.top,latest,external,https://mostbet.partners/,,needs_browser,,http_undecided,,,,,,
mostbet-mgx11.top,latest,external,https://mostbet.partners/,,needs_browser,,http_undecided,,,,,,
mostbet-maxwin17.top,latest,home_redirect,https://mostbet-maxwin17.top/,https://mostbet-maxwin19.top,mostbet,Mostbet,mostbet_assets,,True,,,,
mostbet-mirror7.top,latest,external,https://links-go9.top/mostbet_android,https://nvjnacmb.com/casino?registration=1&cid=8297204659&pid=297832&sip=0,mostbet,Mostbet,mostbet_assets,297832,True,Mostbet official website,True,,302 https://links-go9.top/mostbet_android → 302 https://65r08go.com/QFqF → 200 https://nvjnacmb.com/casino?registration=1&cid=8297204659&pid=297832&sip=0
mostbet-mirror7.top,latest,external,https://links-go9.top/mostbet_ios,https://ijwdpnmb.com/casino?registration=1&cid=8297204703&pid=297832&sip=0,mostbet,Mostbet,mostbet_assets,297832,True,Mostbet official website,True,,302 https://links-go9.top/mostbet_ios → 302 https://65r08go.com/QFqF → 200 https://ijwdpnmb.com/casino?registration=1&cid=8297204703&pid=297832&sip=0
mostbet-mirror7.top,latest,external,https://links-go9.top/mostbet,https://nvjnacmb.com/casino?registration=1&cid=8297204719&pid=297832&sip=0,mostbet,Mostbet,mostbet_assets,297832,True,Mostbet official website,True,,302 https://links-go9.top/mostbet → 302 https://65r08go.com/QFqF → 200 https://nvjnacmb.com/casino?registration=1&cid=8297204719&pid=297832&sip=0
mostbet-mirror7.top,latest,external,https://links-go9.top/mostbet_cr,https://ijwdpnmb.com/casino?registration=1&cid=8297204757&pid=297832&sip=0,mostbet,Mostbet,mostbet_assets,297832,True,Mostbet official website,True,,302 https://links-go9.top/mostbet_cr → 302 https://65r08go.com/QFqF → 200 https://ijwdpnmb.com/casino?registration=1&cid=8297204757&pid=297832&sip=0
mostbet-mgt8.buzz,latest,external,https://mostbet.partners/,,needs_browser,,http_undecided,,,,,,
mostbet-mbu72.cam,latest,external,https://mostbet.partners/,,needs_browser,,http_undecided,,,,,,
mostbet-mdp52.top,latest,external,https://mostbet.partners/,,needs_browser,,http_undecided,,,,,,
mostbet-mfz.lol,latest,external,https://mostbet.partners/,,needs_browser,,http_undecided,,,,,,
mostbet-mij42.sbs,latest,external,https://mostbet.partners/,,needs_browser,,http_undecided,,,,,,
mostbet-mes76.cfd,latest,external,https://mostbet.partners/,,needs_browser,,http_undecided,,,,,,
mostbet-mfn35.top,latest,external,https://mostbet.partners/,,needs_browser,,http_undecided,,,,,,
mostbet-mirror6.top,latest,home_redirect,https://mostbet-mirror6.top/,https://mostbet-mirror7.top,mostbet,Mostbet,mostbet_assets,,True,,,,
mostbet-mjp41.cam,latest,external,https://mostbet.partners/,,needs_browser,,http_undecided,,,,,,
mostbet-mis23.cam,latest,external,https://mostbet.partners/,,needs_browser,,http_undecided,,,,,,
mostbet-mirror1.shop,latest,external,https://mostbet.partners/,,needs_browser,,http_undecided,,,,,,
mostbet-mirror5.top,latest,home_redirect,https://mostbet-mirror5.top/,https://mostbet-mirror7.top,mostbet,Mostbet,mostbet_assets,,True,,,,
mostbet-mirror5.ru,latest,home_redirect,https://mostbet-mirror5.ru/,https://mostbet-mirror7.top,mostbet,Mostbet,mostbet_assets,,True,,,,
mostbet-mkx47.cam,latest,external,https://mostbet.partners/,,needs_browser,,http_undecided,,,,,,
mostbet-mkfy1.top,latest,external,https://mostbet.partners/,,needs_browser,,http_undecided,,,,,,
mostbet-ml6w.xyz,latest,external,https://mostbet.partners/,,needs_browser,,http_undecided,,,,,,
mostbet-mmu85.cfd,latest,external,https://mostbet.partners/,,needs_browser,,http_undecided,,,,,,
mostbet-mmlg.xyz,latest,external,https://mostbet.partners/,,needs_browser,,http_undecided,,,,,,
mostbet-mnm61.buzz,latest,external,https://mostbet.partners/,,needs_browser,,http_undecided,,,,,,
mostbet-mmq34.cam,latest,external,https://mostbet.partners/,,needs_browser,,http_undecided,,,,,,
mostbet-moscow.ru,latest,external,https://links-go9.top/mostbet_android,https://nvjnacmb.com/casino?registration=1&cid=8297204659&pid=297832&sip=0,mostbet,Mostbet,mostbet_assets,297832,True,Mostbet official website,True,,302 https://links-go9.top/mostbet_android → 302 https://65r08go.com/QFqF → 200 https://nvjnacmb.com/casino?registration=1&cid=8297204659&pid=297832&sip=0
mostbet-moscow.ru,latest,external,https://links-go9.top/mostbet_ios,https://ijwdpnmb.com/casino?registration=1&cid=8297204703&pid=297832&sip=0,mostbet,Mostbet,mostbet_assets,297832,True,Mostbet official website,True,,302 https://links-go9.top/mostbet_ios → 302 https://65r08go.com/QFqF → 200 https://ijwdpnmb.com/casino?registration=1&cid=8297204703&pid=297832&sip=0
mostbet-moscow.ru,latest,external,https://links-go9.top/mostbet,https://nvjnacmb.com/casino?registration=1&cid=8297204719&pid=297832&sip=0,mostbet,Mostbet,mostbet_assets,297832,True,Mostbet official website,True,,302 https://links-go9.top/mostbet → 302 https://65r08go.com/QFqF → 200 https://nvjnacmb.com/casino?registration=1&cid=8297204719&pid=297832&sip=0
mostbet-moscow.ru,latest,external,https://links-go9.top/mostbet_cr,https://ijwdpnmb.com/casino?registration=1&cid=8297204757&pid=297832&sip=0,mostbet,Mostbet,mostbet_assets,297832,True,Mostbet official website,True,,302 https://links-go9.top/mostbet_cr → 302 https://65r08go.com/QFqF → 200 https://ijwdpnmb.com/casino?registration=1&cid=8297204757&pid=297832&sip=0
mostbet-moe97.sbs,latest,external,https://mostbet.partners/,,needs_browser,,http_undecided,,,,,,
mostbet-mmx64rs.cam,latest,external,https://mostbet.partners/,,needs_browser,,http_undecided,,,,,,
mostbet-mod79.sbs,latest,external,https://mostbet.partners/,,needs_browser,,http_undecided,,,,,,
mostbet-mos95.top,latest,external,https://mostbet.partners/,,needs_browser,,http_undecided,,,,,,
mostbet-mrp65.cam,latest,external,https://mostbet.partners/,,needs_browser,,http_undecided,,,,,,
mostbet-mfh6.top,latest,external,https://mostbet.partners/,,needs_browser,,http_undecided,,,,,,
mostbet-mod6.top,latest,external,https://mostbet.partners/,,needs_browser,,http_undecided,,,,,,
mostbet-mrm77.sbs,latest,external,https://mostbet.partners/,,needs_browser,,http_undecided,,,,,,
mostbet-mrp73.sbs,latest,external,https://mostbet.partners/,,needs_browser,,http_undecided,,,,,,
mostbet-mtf55.cam,latest,external,https://mostbet.partners/,,needs_browser,,http_undecided,,,,,,
mostbet-mowu.xyz,latest,external,https://mostbet.partners/,,needs_browser,,http_undecided,,,,,,
mostbet-mobile.store,latest,external,https://mostbet.partners/,,needs_browser,,http_undecided,,,,,,
mostbet-mvh93.top,latest,external,https://mostbet.partners/,,needs_browser,,http_undecided,,,,,,
mostbet-msw22.buzz,latest,external,https://mostbet.partners/,,needs_browser,,http_undecided,,,,,,
mostbet-mpk89.cfd,latest,external,https://mostbet.partners/,,needs_browser,,http_undecided,,,,,,
mostbet-mvu16.cfd,latest,external,https://mostbet.partners/,,needs_browser,,http_undecided,,,,,,
mostbet-mqw26.buzz,latest,external,https://mostbet.partners/,,needs_browser,,http_undecided,,,,,,
mostbet-mvy28.sbs,latest,external,https://mostbet.partners/,,needs_browser,,http_undecided,,,,,,
mostbet-mog39ws.cam,latest,external,https://mostbet.partners/,,needs_browser,,http_undecided,,,,,,
mostbet-msu27fk.sbs,latest,external,https://mostbet.partners/,,needs_browser,,http_undecided,,,,,,
mostbet-mxq28.cfd,latest,external,https://mostbet.partners/,,needs_browser,,http_undecided,,,,,,
mostbet-mwy68.top,latest,external,https://mostbet.partners/,,needs_browser,,http_undecided,,,,,,
mostbet-mze42.cam,latest,external,https://mostbet.partners/,,needs_browser,,http_undecided,,,,,,
mostbet-n9m.top,latest,external,https://links-go9.top/mostbet_android,https://nvjnacmb.com/casino?registration=1&cid=8297204659&pid=297832&sip=0,mostbet,Mostbet,mostbet_assets,297832,True,Mostbet official website,True,,302 https://links-go9.top/mostbet_android → 302 https://65r08go.com/QFqF → 200 https://nvjnacmb.com/casino?registration=1&cid=8297204659&pid=297832&sip=0
mostbet-n9m.top,latest,external,https://links-go9.top/mostbet_ios,https://ijwdpnmb.com/casino?registration=1&cid=8297204703&pid=297832&sip=0,mostbet,Mostbet,mostbet_assets,297832,True,Mostbet official website,True,,302 https://links-go9.top/mostbet_ios → 302 https://65r08go.com/QFqF → 200 https://ijwdpnmb.com/casino?registration=1&cid=8297204703&pid=297832&sip=0
mostbet-n9m.top,latest,external,https://links-go9.top/mostbet,https://nvjnacmb.com/casino?registration=1&cid=8297204719&pid=297832&sip=0,mostbet,Mostbet,mostbet_assets,297832,True,Mostbet official website,True,,302 https://links-go9.top/mostbet → 302 https://65r08go.com/QFqF → 200 https://nvjnacmb.com/casino?registration=1&cid=8297204719&pid=297832&sip=0
mostbet-n9m.top,latest,external,https://links-go9.top/mostbet_cr,https://ijwdpnmb.com/casino?registration=1&cid=8297204757&pid=297832&sip=0,mostbet,Mostbet,mostbet_assets,297832,True,Mostbet official website,True,,302 https://links-go9.top/mostbet_cr → 302 https://65r08go.com/QFqF → 200 https://ijwdpnmb.com/casino?registration=1&cid=8297204757&pid=297832&sip=0
mostbet-mxa23.cam,latest,external,https://mostbet.partners/,,needs_browser,,http_undecided,,,,,,
mostbet-n7m.ru,latest,home_redirect,https://mostbet-n7m.ru/,https://mostbet-n9m.top/,mostbet,Mostbet,mostbet_assets,,True,,,,
mostbet-n2k.ru,latest,home_redirect,https://mostbet-n2k.ru/,https://mostbet-k5m.top,mostbet,Mostbet,mostbet_assets,,True,,,,
mostbet-n8m.top,latest,home_redirect,https://mostbet-n8m.top/,https://mostbet-n9m.top/,mostbet,Mostbet,mostbet_assets,,True,,,,
mostbet-mub84.cam,latest,external,https://mostbet.partners/,,needs_browser,,http_undecided,,,,,,
mostbet-mux3.xyz,latest,external,https://mostbet.partners/,,needs_browser,,http_undecided,,,,,,
mostbet-mzs93.buzz,latest,external,https://mostbet.partners/,,needs_browser,,http_undecided,,,,,,
mostbet-neq46.cam,latest,external,https://mostbet.partners/,,needs_browser,,http_undecided,,,,,,
mostbet-mtn9.cam,latest,external,https://mostbet.partners/,,needs_browser,,http_undecided,,,,,,
mostbet-mvk99.cfd,latest,external,https://mostbet.partners/,,needs_browser,,http_undecided,,,,,,
mostbet-mzy43.sbs,latest,external,https://mostbet.partners/,,needs_browser,,http_undecided,,,,,,
mostbet-n1cj.xyz,latest,external,https://mostbet.partners/,,needs_browser,,http_undecided,,,,,,
mostbet-ndb37.top,latest,external,https://mostbet.partners/,,needs_browser,,http_undecided,,,,,,
mostbet-nai86yf.top,latest,external,https://mostbet.partners/,,needs_browser,,http_undecided,,,,,,
mostbet-nfc96.top,latest,external,https://mostbet.partners/,,needs_browser,,http_undecided,,,,,,
mostbet-nee.cam,latest,external,https://mostbet.partners/,,needs_browser,,http_undecided,,,,,,
mostbet-newgeneration1.top,latest,external,https://links-go9.top/mostbet_android,https://nvjnacmb.com/casino?registration=1&cid=8297204659&pid=297832&sip=0,mostbet,Mostbet,mostbet_assets,297832,True,Mostbet official website,True,,302 https://links-go9.top/mostbet_android → 302 https://65r08go.com/QFqF → 200 https://nvjnacmb.com/casino?registration=1&cid=8297204659&pid=297832&sip=0
mostbet-newgeneration1.top,latest,external,https://links-go9.top/mostbet_ios,https://ijwdpnmb.com/casino?registration=1&cid=8297204703&pid=297832&sip=0,mostbet,Mostbet,mostbet_assets,297832,True,Mostbet official website,True,,302 https://links-go9.top/mostbet_ios → 302 https://65r08go.com/QFqF → 200 https://ijwdpnmb.com/casino?registration=1&cid=8297204703&pid=297832&sip=0
mostbet-newgeneration1.top,latest,external,https://links-go9.top/mostbet,https://nvjnacmb.com/casino?registration=1&cid=8297204719&pid=297832&sip=0,mostbet,Mostbet,mostbet_assets,297832,True,Mostbet official website,True,,302 https://links-go9.top/mostbet → 302 https://65r08go.com/QFqF → 200 https://nvjnacmb.com/casino?registration=1&cid=8297204719&pid=297832&sip=0
mostbet-newgeneration1.top,latest,external,https://links-go9.top/mostbet_cr,https://ijwdpnmb.com/casino?registration=1&cid=8297204757&pid=297832&sip=0,mostbet,Mostbet,mostbet_assets,297832,True,Mostbet official website,True,,302 https://links-go9.top/mostbet_cr → 302 https://65r08go.com/QFqF → 200 https://ijwdpnmb.com/casino?registration=1&cid=8297204757&pid=297832&sip=0
mostbet-nfp51.top,latest,external,https://mostbet.partners/,,needs_browser,,http_undecided,,,,,,
mostbet-neo4372.ru,latest,home_redirect,https://mostbet-neo4372.ru/,https://mostbet-xsw2.top/,mostbet,Mostbet,mostbet_assets,,True,,,,
mostbet-newwin18.top,latest,external,https://links-go9.top/mostbet_android,https://nvjnacmb.com/casino?registration=1&cid=8297204659&pid=297832&sip=0,mostbet,Mostbet,mostbet_assets,297832,True,Mostbet official website,True,,302 https://links-go9.top/mostbet_android → 302 https://65r08go.com/QFqF → 200 https://nvjnacmb.com/casino?registration=1&cid=8297204659&pid=297832&sip=0
mostbet-newwin18.top,latest,external,https://links-go9.top/mostbet_ios,https://ijwdpnmb.com/casino?registration=1&cid=8297204703&pid=297832&sip=0,mostbet,Mostbet,mostbet_assets,297832,True,Mostbet official website,True,,302 https://links-go9.top/mostbet_ios → 302 https://65r08go.com/QFqF → 200 https://ijwdpnmb.com/casino?registration=1&cid=8297204703&pid=297832&sip=0
mostbet-newwin18.top,latest,external,https://links-go9.top/mostbet,https://nvjnacmb.com/casino?registration=1&cid=8297204719&pid=297832&sip=0,mostbet,Mostbet,mostbet_assets,297832,True,Mostbet official website,True,,302 https://links-go9.top/mostbet → 302 https://65r08go.com/QFqF → 200 https://nvjnacmb.com/casino?registration=1&cid=8297204719&pid=297832&sip=0
mostbet-newwin18.top,latest,external,https://links-go9.top/mostbet_cr,https://ijwdpnmb.com/casino?registration=1&cid=8297204757&pid=297832&sip=0,mostbet,Mostbet,mostbet_assets,297832,True,Mostbet official website,True,,302 https://links-go9.top/mostbet_cr → 302 https://65r08go.com/QFqF → 200 https://ijwdpnmb.com/casino?registration=1&cid=8297204757&pid=297832&sip=0
mostbet-newgeneration.ru,latest,home_redirect,https://mostbet-newgeneration.ru/,https://mostbet-newgeneration1.top/,mostbet,Mostbet,mostbet_assets,,True,,,,
mostbet-new-zerkalo2.top,latest,home_redirect,https://mostbet-new-zerkalo2.top/,https://mostbet-new-zerkalo3.top,mostbet,Mostbet,mostbet_assets,,True,,,,
mostbet-newwin17.top,latest,home_redirect,https://mostbet-newwin17.top/,https://mostbet-newwin18.top/,mostbet,Mostbet,mostbet_assets,,True,,,,
mostbet-new-zerkalo1.top,latest,home_redirect,https://mostbet-new-zerkalo1.top/,https://mostbet-new-zerkalo3.top,mostbet,Mostbet,mostbet_assets,,True,,,,
mostbet-nit63.top,latest,external,https://mostbet.partners/,,needs_browser,,http_undecided,,,,,,
mostbet-mosbet-uz.us.com,latest,js:script_url,https://mostbet-uz-mosbet.it.com/,https://mostbet-uz-mosbet.it.com/,brand_site,Mostbet,name_only_weak,,False,Mostbet UZ [2026] Rasmiy bukmeker va kazino sayti 🏆 125% bonus + 250 FS,True,,200 https://mostbet-uz-mosbet.it.com/
mostbet-mosbet-uz.us.com,latest,internal_page_link,https://vgfiiimb.com/0mhs?sub1=mostbet-mosbet-uz.us.com&sub2=app,https://upload.cdn-mb.com/apk/repacker-ng/repacks/mostbet_7.17/e4940f7f-7f73-423d-9707-e098f0679550/mostbet_7.17.apk,mostbet,Mostbet,download:application/octet-stream,,,,True,,302 https://vgfiiimb.com/0mhs?sub1=energy-system.uz&sub2=app → 200 https://upload.cdn-mb.com/apk/repacker-ng/repacks/mostbet_7.17/e4940f7f-7f73-423d-9707-e098f0679550/mostbet_7.17.apk
mostbet-mosbet-uz.us.com,latest,internal_page_link,https://hpnjesmb.com/vmhs?sub1=mostbet-mosbet-uz.us.com&sub2=web&sub5=casino,https://qrncfumb.com/casino?registration=1&cid=8297208743&pid=263382&sip=0,mostbet,Mostbet,mostbet_assets,263382,True,Mostbet official website,,,302 https://hpnjesmb.com/vmhs?sub1=mostbet-mosbet-uz.us.com&sub2=web&sub5=casino → 200 https://qrncfumb.com/casino?registration=1&cid=8297208743&pid=263382&sip=0
mostbet-nfl83.top,latest,external,https://mostbet.partners/,,needs_browser,,http_undecided,,,,,,
mostbet-nhe98.buzz,latest,external,https://mostbet.partners/,,needs_browser,,http_undecided,,,,,,
mostbet-nfm89.cfd,latest,external,https://mostbet.partners/,,needs_browser,,http_undecided,,,,,,
mostbet-nmf4.top,latest,external,https://mostbet.partners/,,needs_browser,,http_undecided,,,,,,
mostbet-nht96.cam,latest,external,https://mostbet.partners/,,needs_browser,,http_undecided,,,,,,
mostbet-nkb88.cfd,latest,external,https://mostbet.partners/,,needs_browser,,http_undecided,,,,,,
mostbet-new-zerkalo.ru,latest,home_redirect,https://mostbet-new-zerkalo.ru/,https://mostbet-new-zerkalo3.top,mostbet,Mostbet,mostbet_assets,,True,,,,
mostbet-nkg37ga.cam,latest,external,https://mostbet.partners/,,needs_browser,,http_undecided,,,,,,
mostbet-njw15.buzz,latest,external,https://mostbet.partners/,,needs_browser,,http_undecided,,,,,,
mostbet-nhz89.cam,latest,external,https://mostbet.partners/,,needs_browser,,http_undecided,,,,,,
mostbet-nla69.cam,latest,external,https://mostbet.partners/,,needs_browser,,http_undecided,,,,,,
mostbet-nov73.buzz,latest,external,https://mostbet.partners/,,needs_browser,,http_undecided,,,,,,
mostbet-new25.cam,latest,external,https://mostbet.partners/,,needs_browser,,http_undecided,,,,,,
mostbet-nhx2.xyz,latest,external,https://mostbet.partners/,,needs_browser,,http_undecided,,,,,,
mostbet-nid29.top,latest,external,https://mostbet.partners/,,needs_browser,,http_undecided,,,,,,
mostbet-nnc83.top,latest,external,https://mostbet.partners/,,needs_browser,,http_undecided,,,,,,
mostbet-nnj.lol,latest,external,https://mostbet.partners/,,needs_browser,,http_undecided,,,,,,
mostbet-nnr61.buzz,latest,external,https://mostbet.partners/,,needs_browser,,http_undecided,,,,,,
mostbet-nnb74.cfd,latest,external,https://mostbet.partners/,,needs_browser,,http_undecided,,,,,,
mostbet-npq18.buzz,latest,external,https://mostbet.partners/,,needs_browser,,http_undecided,,,,,,
mostbet-nvg16.buzz,latest,external,https://mostbet.partners/,,needs_browser,,http_undecided,,,,,,
mostbet-ngo57.buzz,latest,external,https://mostbet.partners/,,needs_browser,,http_undecided,,,,,,
mostbet-nqh73.top,latest,external,https://mostbet.partners/,,needs_browser,,http_undecided,,,,,,
mostbet-nmg57.buzz,latest,external,https://mostbet.partners/,,needs_browser,,http_undecided,,,,,,
mostbet-nks36.cfd,latest,external,https://mostbet.partners/,,needs_browser,,http_undecided,,,,,,
mostbet-nug68.sbs,latest,external,https://mostbet.partners/,,needs_browser,,http_undecided,,,,,,
mostbet-nus32.buzz,latest,external,https://mostbet.partners/,,needs_browser,,http_undecided,,,,,,
mostbet-nwb15.cfd,latest,external,https://mostbet.partners/,,needs_browser,,http_undecided,,,,,,
mostbet-nwx37.cfd,latest,external,https://mostbet.partners/,,needs_browser,,http_undecided,,,,,,
mostbet-nzu73.sbs,latest,external,https://mostbet.partners/,,needs_browser,,http_undecided,,,,,,
mostbet-nsy.lol,latest,external,https://mostbet.partners/,,needs_browser,,http_undecided,,,,,,
mostbet-obw96.sbs,latest,external,https://mostbet.partners/,,needs_browser,,http_undecided,,,,,,
mostbet-nyt63.cfd,latest,external,http://mostbet.com,https://mostbet.com/,mostbet,Mostbet,mostbet_assets,,False,Mostbet official website,,,307 http://mostbet.com → 200 https://mostbet.com/
mostbet-nyt63.cfd,latest,external,https://mostbet.partners/,,needs_browser,,http_undecided,,,,,,
mostbet-nvq12.sbs,latest,external,https://mostbet.partners/,,needs_browser,,http_undecided,,,,,,
mostbet-ocj15.top,latest,external,https://mostbet.partners/,,needs_browser,,http_undecided,,,,,,
mostbet-nyz4.buzz,latest,external,https://mostbet.partners/,,needs_browser,,http_undecided,,,,,,
mostbet-nxr96.top,latest,external,https://mostbet.partners/,,needs_browser,,http_undecided,,,,,,
mostbet-obx1.cam,latest,external,https://mostbet.partners/,,needs_browser,,http_undecided,,,,,,
mostbet-odb73.cfd,latest,external,https://mostbet.partners/,,needs_browser,,http_undecided,,,,,,
mostbet-nxd23.buzz,latest,external,https://mostbet.partners/,,needs_browser,,http_undecided,,,,,,
mostbet-ntc68.cam,latest,external,https://mostbet.partners/,,needs_browser,,http_undecided,,,,,,
mostbet-ind.org,latest,external,https://pin.it/1V3NMjzSf,,needs_browser,,http_undecided,,,,,,
mostbet-ind.org,latest,js:data-encryp-url:b64,https://mio.mostbet-ind.org/VhPYgKZ,,needs_browser,,http_undecided,,,,,,
mostbet-ind.org,latest,js:data-encryp-url:b64,https://mio.mostbet-ind.org/VhPYgKZ?type=app,,needs_browser,,http_undecided,,,,,,
mostbet-ind.org,latest,external,https://mostbetindorg.blogspot.com/,https://mostbetindorg.blogspot.com/,brand_site,Mostbet,name_only_weak,,False,mostbet-ind.org,,,200 https://mostbetindorg.blogspot.com/
mostbet-ind.org,latest,external,https://about.me/mostbet-ind.org,,needs_browser,,http_undecided,,,,,,
mostbet-official-eb2.top,latest,external,https://links-go9.top/mostbet,https://nvjnacmb.com/casino?registration=1&cid=8297204719&pid=297832&sip=0,mostbet,Mostbet,mostbet_assets,297832,True,Mostbet official website,True,,302 https://links-go9.top/mostbet → 302 https://65r08go.com/QFqF → 200 https://nvjnacmb.com/casino?registration=1&cid=8297204719&pid=297832&sip=0
mostbet-official-eb2.top,latest,external,https://links-go9.top/mostbet_android,https://nvjnacmb.com/casino?registration=1&cid=8297204659&pid=297832&sip=0,mostbet,Mostbet,mostbet_assets,297832,True,Mostbet official website,True,,302 https://links-go9.top/mostbet_android → 302 https://65r08go.com/QFqF → 200 https://nvjnacmb.com/casino?registration=1&cid=8297204659&pid=297832&sip=0
mostbet-official-eb2.top,latest,external,https://links-go9.top/mostbet_ios,https://ijwdpnmb.com/casino?registration=1&cid=8297204703&pid=297832&sip=0,mostbet,Mostbet,mostbet_assets,297832,True,Mostbet official website,True,,302 https://links-go9.top/mostbet_ios → 302 https://65r08go.com/QFqF → 200 https://ijwdpnmb.com/casino?registration=1&cid=8297204703&pid=297832&sip=0
mostbet-official-eb2.top,latest,external,https://links-go9.top/mostbet_cr,https://ijwdpnmb.com/casino?registration=1&cid=8297204757&pid=297832&sip=0,mostbet,Mostbet,mostbet_assets,297832,True,Mostbet official website,True,,302 https://links-go9.top/mostbet_cr → 302 https://65r08go.com/QFqF → 200 https://ijwdpnmb.com/casino?registration=1&cid=8297204757&pid=297832&sip=0
mostbet-oco2.buzz,latest,external,https://mostbet.partners/,,needs_browser,,http_undecided,,,,,,
mostbet-odc69.buzz,latest,external,https://mostbet.partners/,,needs_browser,,http_undecided,,,,,,
mostbet-of1i5t0.top,latest,external,https://mostbet.partners/,,needs_browser,,http_undecided,,,,,,
mostbet-official-bp1.top,latest,external,https://links-go9.top/mostbet,https://nvjnacmb.com/casino?registration=1&cid=8297204719&pid=297832&sip=0,mostbet,Mostbet,mostbet_assets,297832,True,Mostbet official website,True,,302 https://links-go9.top/mostbet → 302 https://65r08go.com/QFqF → 200 https://nvjnacmb.com/casino?registration=1&cid=8297204719&pid=297832&sip=0
mostbet-official-bp1.top,latest,external,https://links-go9.top/mostbet_android,https://nvjnacmb.com/casino?registration=1&cid=8297204659&pid=297832&sip=0,mostbet,Mostbet,mostbet_assets,297832,True,Mostbet official website,True,,302 https://links-go9.top/mostbet_android → 302 https://65r08go.com/QFqF → 200 https://nvjnacmb.com/casino?registration=1&cid=8297204659&pid=297832&sip=0
mostbet-official-bp1.top,latest,external,https://links-go9.top/mostbet_ios,https://ijwdpnmb.com/casino?registration=1&cid=8297204703&pid=297832&sip=0,mostbet,Mostbet,mostbet_assets,297832,True,Mostbet official website,True,,302 https://links-go9.top/mostbet_ios → 302 https://65r08go.com/QFqF → 200 https://ijwdpnmb.com/casino?registration=1&cid=8297204703&pid=297832&sip=0
mostbet-official-bp1.top,latest,external,https://links-go9.top/mostbet_cr,https://ijwdpnmb.com/casino?registration=1&cid=8297204757&pid=297832&sip=0,mostbet,Mostbet,mostbet_assets,297832,True,Mostbet official website,True,,302 https://links-go9.top/mostbet_cr → 302 https://65r08go.com/QFqF → 200 https://ijwdpnmb.com/casino?registration=1&cid=8297204757&pid=297832&sip=0
mostbet-official-ot1.top,latest,external,https://links-go9.top/mostbet,https://nvjnacmb.com/casino?registration=1&cid=8297204719&pid=297832&sip=0,mostbet,Mostbet,mostbet_assets,297832,True,Mostbet official website,True,,302 https://links-go9.top/mostbet → 302 https://65r08go.com/QFqF → 200 https://nvjnacmb.com/casino?registration=1&cid=8297204719&pid=297832&sip=0
mostbet-official-ot1.top,latest,external,https://links-go9.top/mostbet_android,https://nvjnacmb.com/casino?registration=1&cid=8297204659&pid=297832&sip=0,mostbet,Mostbet,mostbet_assets,297832,True,Mostbet official website,True,,302 https://links-go9.top/mostbet_android → 302 https://65r08go.com/QFqF → 200 https://nvjnacmb.com/casino?registration=1&cid=8297204659&pid=297832&sip=0
mostbet-official-ot1.top,latest,external,https://links-go9.top/mostbet_ios,https://ijwdpnmb.com/casino?registration=1&cid=8297204703&pid=297832&sip=0,mostbet,Mostbet,mostbet_assets,297832,True,Mostbet official website,True,,302 https://links-go9.top/mostbet_ios → 302 https://65r08go.com/QFqF → 200 https://ijwdpnmb.com/casino?registration=1&cid=8297204703&pid=297832&sip=0
mostbet-official-ot1.top,latest,external,https://links-go9.top/mostbet_cr,https://ijwdpnmb.com/casino?registration=1&cid=8297204757&pid=297832&sip=0,mostbet,Mostbet,mostbet_assets,297832,True,Mostbet official website,True,,302 https://links-go9.top/mostbet_cr → 302 https://65r08go.com/QFqF → 200 https://ijwdpnmb.com/casino?registration=1&cid=8297204757&pid=297832&sip=0
mostbet-official-bp.ru,latest,external,https://links-go9.top/mostbet,https://nvjnacmb.com/casino?registration=1&cid=8297204719&pid=297832&sip=0,mostbet,Mostbet,mostbet_assets,297832,True,Mostbet official website,True,,302 https://links-go9.top/mostbet → 302 https://65r08go.com/QFqF → 200 https://nvjnacmb.com/casino?registration=1&cid=8297204719&pid=297832&sip=0
mostbet-official-bp.ru,latest,external,https://links-go9.top/mostbet_android,https://nvjnacmb.com/casino?registration=1&cid=8297204659&pid=297832&sip=0,mostbet,Mostbet,mostbet_assets,297832,True,Mostbet official website,True,,302 https://links-go9.top/mostbet_android → 302 https://65r08go.com/QFqF → 200 https://nvjnacmb.com/casino?registration=1&cid=8297204659&pid=297832&sip=0
mostbet-official-bp.ru,latest,external,https://links-go9.top/mostbet_ios,https://ijwdpnmb.com/casino?registration=1&cid=8297204703&pid=297832&sip=0,mostbet,Mostbet,mostbet_assets,297832,True,Mostbet official website,True,,302 https://links-go9.top/mostbet_ios → 302 https://65r08go.com/QFqF → 200 https://ijwdpnmb.com/casino?registration=1&cid=8297204703&pid=297832&sip=0
mostbet-official-bp.ru,latest,external,https://links-go9.top/mostbet_cr,https://ijwdpnmb.com/casino?registration=1&cid=8297204757&pid=297832&sip=0,mostbet,Mostbet,mostbet_assets,297832,True,Mostbet official website,True,,302 https://links-go9.top/mostbet_cr → 302 https://65r08go.com/QFqF → 200 https://ijwdpnmb.com/casino?registration=1&cid=8297204757&pid=297832&sip=0
mostbet-official-ot.ru,latest,external,https://links-go9.top/mostbet,https://nvjnacmb.com/casino?registration=1&cid=8297204719&pid=297832&sip=0,mostbet,Mostbet,mostbet_assets,297832,True,Mostbet official website,True,,302 https://links-go9.top/mostbet → 302 https://65r08go.com/QFqF → 200 https://nvjnacmb.com/casino?registration=1&cid=8297204719&pid=297832&sip=0
mostbet-official-ot.ru,latest,external,https://links-go9.top/mostbet_android,https://nvjnacmb.com/casino?registration=1&cid=8297204659&pid=297832&sip=0,mostbet,Mostbet,mostbet_assets,297832,True,Mostbet official website,True,,302 https://links-go9.top/mostbet_android → 302 https://65r08go.com/QFqF → 200 https://nvjnacmb.com/casino?registration=1&cid=8297204659&pid=297832&sip=0
mostbet-official-ot.ru,latest,external,https://links-go9.top/mostbet_ios,https://ijwdpnmb.com/casino?registration=1&cid=8297204703&pid=297832&sip=0,mostbet,Mostbet,mostbet_assets,297832,True,Mostbet official website,True,,302 https://links-go9.top/mostbet_ios → 302 https://65r08go.com/QFqF → 200 https://ijwdpnmb.com/casino?registration=1&cid=8297204703&pid=297832&sip=0
mostbet-official-ot.ru,latest,external,https://links-go9.top/mostbet_cr,https://ijwdpnmb.com/casino?registration=1&cid=8297204757&pid=297832&sip=0,mostbet,Mostbet,mostbet_assets,297832,True,Mostbet official website,True,,302 https://links-go9.top/mostbet_cr → 302 https://65r08go.com/QFqF → 200 https://ijwdpnmb.com/casino?registration=1&cid=8297204757&pid=297832&sip=0
mostbet-ofcl.ru,latest,home_redirect,https://mostbet-ofcl.ru/,https://mostbet-zone2417.top/,mostbet,Mostbet,mostbet_assets,,True,,,,
mostbet-off.ru,latest,home_redirect,https://mostbet-off.ru/,https://mostbet-casino-z0r.top/,mostbet,Mostbet,mostbet_assets,,True,,,,
mostbet-ofcl-site.ru,latest,home_redirect,https://mostbet-ofcl-site.ru/,https://mostbet-vbh13.top/,mostbet,Mostbet,mostbet_assets,,True,,,,
mostbet-officialfq2.top,latest,external,https://links-go9.top/mostbet,https://nvjnacmb.com/casino?registration=1&cid=8297204719&pid=297832&sip=0,mostbet,Mostbet,mostbet_assets,297832,True,Mostbet official website,True,,302 https://links-go9.top/mostbet → 302 https://65r08go.com/QFqF → 200 https://nvjnacmb.com/casino?registration=1&cid=8297204719&pid=297832&sip=0
mostbet-officialfq2.top,latest,external,https://links-go9.top/mostbet_android,https://nvjnacmb.com/casino?registration=1&cid=8297204659&pid=297832&sip=0,mostbet,Mostbet,mostbet_assets,297832,True,Mostbet official website,True,,302 https://links-go9.top/mostbet_android → 302 https://65r08go.com/QFqF → 200 https://nvjnacmb.com/casino?registration=1&cid=8297204659&pid=297832&sip=0
mostbet-officialfq2.top,latest,external,https://links-go9.top/mostbet_ios,https://ijwdpnmb.com/casino?registration=1&cid=8297204703&pid=297832&sip=0,mostbet,Mostbet,mostbet_assets,297832,True,Mostbet official website,True,,302 https://links-go9.top/mostbet_ios → 302 https://65r08go.com/QFqF → 200 https://ijwdpnmb.com/casino?registration=1&cid=8297204703&pid=297832&sip=0
mostbet-officialfq2.top,latest,external,https://links-go9.top/mostbet_cr,https://ijwdpnmb.com/casino?registration=1&cid=8297204757&pid=297832&sip=0,mostbet,Mostbet,mostbet_assets,297832,True,Mostbet official website,True,,302 https://links-go9.top/mostbet_cr → 302 https://65r08go.com/QFqF → 200 https://ijwdpnmb.com/casino?registration=1&cid=8297204757&pid=297832&sip=0
mostbet-odw25.cam,latest,external,https://mostbet.partners/,,needs_browser,,http_undecided,,,,,,
mostbet-official.club,latest,external,https://mostbet.partners/,,needs_browser,,http_undecided,,,,,,
mostbet-official4.xyz,latest,external,https://mostbet.partners/,,needs_browser,,http_undecided,,,,,,
mostbet-nxy2.cam,latest,external,https://mostbet.partners/,,needs_browser,,http_undecided,,,,,,
mostbet-official-bp2.top,latest,external,https://links-go9.top/mostbet,https://nvjnacmb.com/casino?registration=1&cid=8297204719&pid=297832&sip=0,mostbet,Mostbet,mostbet_assets,297832,True,Mostbet official website,True,,302 https://links-go9.top/mostbet → 302 https://65r08go.com/QFqF → 200 https://nvjnacmb.com/casino?registration=1&cid=8297204719&pid=297832&sip=0
mostbet-official-bp2.top,latest,external,https://links-go9.top/mostbet_android,https://nvjnacmb.com/casino?registration=1&cid=8297204659&pid=297832&sip=0,mostbet,Mostbet,mostbet_assets,297832,True,Mostbet official website,True,,302 https://links-go9.top/mostbet_android → 302 https://65r08go.com/QFqF → 200 https://nvjnacmb.com/casino?registration=1&cid=8297204659&pid=297832&sip=0
mostbet-official-bp2.top,latest,external,https://links-go9.top/mostbet_ios,https://ijwdpnmb.com/casino?registration=1&cid=8297204703&pid=297832&sip=0,mostbet,Mostbet,mostbet_assets,297832,True,Mostbet official website,True,,302 https://links-go9.top/mostbet_ios → 302 https://65r08go.com/QFqF → 200 https://ijwdpnmb.com/casino?registration=1&cid=8297204703&pid=297832&sip=0
mostbet-official-bp2.top,latest,external,https://links-go9.top/mostbet_cr,https://ijwdpnmb.com/casino?registration=1&cid=8297204757&pid=297832&sip=0,mostbet,Mostbet,mostbet_assets,297832,True,Mostbet official website,True,,302 https://links-go9.top/mostbet_cr → 302 https://65r08go.com/QFqF → 200 https://ijwdpnmb.com/casino?registration=1&cid=8297204757&pid=297832&sip=0
mostbet-official-eb1.top,latest,external,https://links-go9.top/mostbet,https://nvjnacmb.com/casino?registration=1&cid=8297204719&pid=297832&sip=0,mostbet,Mostbet,mostbet_assets,297832,True,Mostbet official website,True,,302 https://links-go9.top/mostbet → 302 https://65r08go.com/QFqF → 200 https://nvjnacmb.com/casino?registration=1&cid=8297204719&pid=297832&sip=0
mostbet-official-eb1.top,latest,external,https://links-go9.top/mostbet_android,https://nvjnacmb.com/casino?registration=1&cid=8297204659&pid=297832&sip=0,mostbet,Mostbet,mostbet_assets,297832,True,Mostbet official website,True,,302 https://links-go9.top/mostbet_android → 302 https://65r08go.com/QFqF → 200 https://nvjnacmb.com/casino?registration=1&cid=8297204659&pid=297832&sip=0
mostbet-official-eb1.top,latest,external,https://links-go9.top/mostbet_ios,https://ijwdpnmb.com/casino?registration=1&cid=8297204703&pid=297832&sip=0,mostbet,Mostbet,mostbet_assets,297832,True,Mostbet official website,True,,302 https://links-go9.top/mostbet_ios → 302 https://65r08go.com/QFqF → 200 https://ijwdpnmb.com/casino?registration=1&cid=8297204703&pid=297832&sip=0
mostbet-official-eb1.top,latest,external,https://links-go9.top/mostbet_cr,https://ijwdpnmb.com/casino?registration=1&cid=8297204757&pid=297832&sip=0,mostbet,Mostbet,mostbet_assets,297832,True,Mostbet official website,True,,302 https://links-go9.top/mostbet_cr → 302 https://65r08go.com/QFqF → 200 https://ijwdpnmb.com/casino?registration=1&cid=8297204757&pid=297832&sip=0
mostbet-official1.xyz,latest,external,https://mostbet.partners/,,needs_browser,,http_undecided,,,,,,
mostbet-official.org,latest,external,https://mostbet.partners/,,needs_browser,,http_undecided,,,,,,
mostbet-oes38.top,latest,external,https://mostbet.partners/,,needs_browser,,http_undecided,,,,,,
mostbet-nvx57.buzz,latest,external,https://mostbet.partners/,,needs_browser,,http_undecided,,,,,,
mostbet-officialuv2.top,latest,external,https://links-go9.top/mostbet,https://nvjnacmb.com/casino?registration=1&cid=8297204719&pid=297832&sip=0,mostbet,Mostbet,mostbet_assets,297832,True,Mostbet official website,True,,302 https://links-go9.top/mostbet → 302 https://65r08go.com/QFqF → 200 https://nvjnacmb.com/casino?registration=1&cid=8297204719&pid=297832&sip=0
mostbet-officialuv2.top,latest,external,https://links-go9.top/mostbet_android,https://nvjnacmb.com/casino?registration=1&cid=8297204659&pid=297832&sip=0,mostbet,Mostbet,mostbet_assets,297832,True,Mostbet official website,True,,302 https://links-go9.top/mostbet_android → 302 https://65r08go.com/QFqF → 200 https://nvjnacmb.com/casino?registration=1&cid=8297204659&pid=297832&sip=0
mostbet-officialuv2.top,latest,external,https://links-go9.top/mostbet_ios,https://ijwdpnmb.com/casino?registration=1&cid=8297204703&pid=297832&sip=0,mostbet,Mostbet,mostbet_assets,297832,True,Mostbet official website,True,,302 https://links-go9.top/mostbet_ios → 302 https://65r08go.com/QFqF → 200 https://ijwdpnmb.com/casino?registration=1&cid=8297204703&pid=297832&sip=0
mostbet-officialuv2.top,latest,external,https://links-go9.top/mostbet_cr,https://ijwdpnmb.com/casino?registration=1&cid=8297204757&pid=297832&sip=0,mostbet,Mostbet,mostbet_assets,297832,True,Mostbet official website,True,,302 https://links-go9.top/mostbet_cr → 302 https://65r08go.com/QFqF → 200 https://ijwdpnmb.com/casino?registration=1&cid=8297204757&pid=297832&sip=0
mostbet-officialgk1.top,latest,external,https://links-go9.top/mostbet,https://nvjnacmb.com/casino?registration=1&cid=8297204719&pid=297832&sip=0,mostbet,Mostbet,mostbet_assets,297832,True,Mostbet official website,True,,302 https://links-go9.top/mostbet → 302 https://65r08go.com/QFqF → 200 https://nvjnacmb.com/casino?registration=1&cid=8297204719&pid=297832&sip=0
mostbet-officialgk1.top,latest,external,https://links-go9.top/mostbet_android,https://nvjnacmb.com/casino?registration=1&cid=8297204659&pid=297832&sip=0,mostbet,Mostbet,mostbet_assets,297832,True,Mostbet official website,True,,302 https://links-go9.top/mostbet_android → 302 https://65r08go.com/QFqF → 200 https://nvjnacmb.com/casino?registration=1&cid=8297204659&pid=297832&sip=0
mostbet-officialgk1.top,latest,external,https://links-go9.top/mostbet_ios,https://ijwdpnmb.com/casino?registration=1&cid=8297204703&pid=297832&sip=0,mostbet,Mostbet,mostbet_assets,297832,True,Mostbet official website,True,,302 https://links-go9.top/mostbet_ios → 302 https://65r08go.com/QFqF → 200 https://ijwdpnmb.com/casino?registration=1&cid=8297204703&pid=297832&sip=0
mostbet-officialgk1.top,latest,external,https://links-go9.top/mostbet_cr,https://ijwdpnmb.com/casino?registration=1&cid=8297204757&pid=297832&sip=0,mostbet,Mostbet,mostbet_assets,297832,True,Mostbet official website,True,,302 https://links-go9.top/mostbet_cr → 302 https://65r08go.com/QFqF → 200 https://ijwdpnmb.com/casino?registration=1&cid=8297204757&pid=297832&sip=0
mostbet-official-ot2.top,latest,external,https://links-go9.top/mostbet,https://nvjnacmb.com/casino?registration=1&cid=8297204719&pid=297832&sip=0,mostbet,Mostbet,mostbet_assets,297832,True,Mostbet official website,True,,302 https://links-go9.top/mostbet → 302 https://65r08go.com/QFqF → 200 https://nvjnacmb.com/casino?registration=1&cid=8297204719&pid=297832&sip=0
mostbet-official-ot2.top,latest,external,https://links-go9.top/mostbet_android,https://nvjnacmb.com/casino?registration=1&cid=8297204659&pid=297832&sip=0,mostbet,Mostbet,mostbet_assets,297832,True,Mostbet official website,True,,302 https://links-go9.top/mostbet_android → 302 https://65r08go.com/QFqF → 200 https://nvjnacmb.com/casino?registration=1&cid=8297204659&pid=297832&sip=0
mostbet-official-ot2.top,latest,external,https://links-go9.top/mostbet_ios,https://ijwdpnmb.com/casino?registration=1&cid=8297204703&pid=297832&sip=0,mostbet,Mostbet,mostbet_assets,297832,True,Mostbet official website,True,,302 https://links-go9.top/mostbet_ios → 302 https://65r08go.com/QFqF → 200 https://ijwdpnmb.com/casino?registration=1&cid=8297204703&pid=297832&sip=0
mostbet-official-ot2.top,latest,external,https://links-go9.top/mostbet_cr,https://ijwdpnmb.com/casino?registration=1&cid=8297204757&pid=297832&sip=0,mostbet,Mostbet,mostbet_assets,297832,True,Mostbet official website,True,,302 https://links-go9.top/mostbet_cr → 302 https://65r08go.com/QFqF → 200 https://ijwdpnmb.com/casino?registration=1&cid=8297204757&pid=297832&sip=0
mostbet-officialjq2.top,latest,external,https://links-go9.top/mostbet,https://nvjnacmb.com/casino?registration=1&cid=8297204719&pid=297832&sip=0,mostbet,Mostbet,mostbet_assets,297832,True,Mostbet official website,True,,302 https://links-go9.top/mostbet → 302 https://65r08go.com/QFqF → 200 https://nvjnacmb.com/casino?registration=1&cid=8297204719&pid=297832&sip=0
mostbet-officialjq2.top,latest,external,https://links-go9.top/mostbet_android,https://nvjnacmb.com/casino?registration=1&cid=8297204659&pid=297832&sip=0,mostbet,Mostbet,mostbet_assets,297832,True,Mostbet official website,True,,302 https://links-go9.top/mostbet_android → 302 https://65r08go.com/QFqF → 200 https://nvjnacmb.com/casino?registration=1&cid=8297204659&pid=297832&sip=0
mostbet-officialjq2.top,latest,external,https://links-go9.top/mostbet_ios,https://ijwdpnmb.com/casino?registration=1&cid=8297204703&pid=297832&sip=0,mostbet,Mostbet,mostbet_assets,297832,True,Mostbet official website,True,,302 https://links-go9.top/mostbet_ios → 302 https://65r08go.com/QFqF → 200 https://ijwdpnmb.com/casino?registration=1&cid=8297204703&pid=297832&sip=0
mostbet-officialjq2.top,latest,external,https://links-go9.top/mostbet_cr,https://ijwdpnmb.com/casino?registration=1&cid=8297204757&pid=297832&sip=0,mostbet,Mostbet,mostbet_assets,297832,True,Mostbet official website,True,,302 https://links-go9.top/mostbet_cr → 302 https://65r08go.com/QFqF → 200 https://ijwdpnmb.com/casino?registration=1&cid=8297204757&pid=297832&sip=0
mostbet-official3.xyz,latest,external,https://mostbet.partners/,,needs_browser,,http_undecided,,,,,,
mostbet-official-eb.ru,latest,external,https://links-go9.top/mostbet,https://nvjnacmb.com/casino?registration=1&cid=8297204719&pid=297832&sip=0,mostbet,Mostbet,mostbet_assets,297832,True,Mostbet official website,True,,302 https://links-go9.top/mostbet → 302 https://65r08go.com/QFqF → 200 https://nvjnacmb.com/casino?registration=1&cid=8297204719&pid=297832&sip=0
mostbet-official-eb.ru,latest,external,https://links-go9.top/mostbet_android,https://nvjnacmb.com/casino?registration=1&cid=8297204659&pid=297832&sip=0,mostbet,Mostbet,mostbet_assets,297832,True,Mostbet official website,True,,302 https://links-go9.top/mostbet_android → 302 https://65r08go.com/QFqF → 200 https://nvjnacmb.com/casino?registration=1&cid=8297204659&pid=297832&sip=0
mostbet-official-eb.ru,latest,external,https://links-go9.top/mostbet_ios,https://ijwdpnmb.com/casino?registration=1&cid=8297204703&pid=297832&sip=0,mostbet,Mostbet,mostbet_assets,297832,True,Mostbet official website,True,,302 https://links-go9.top/mostbet_ios → 302 https://65r08go.com/QFqF → 200 https://ijwdpnmb.com/casino?registration=1&cid=8297204703&pid=297832&sip=0
mostbet-official-eb.ru,latest,external,https://links-go9.top/mostbet_cr,https://ijwdpnmb.com/casino?registration=1&cid=8297204757&pid=297832&sip=0,mostbet,Mostbet,mostbet_assets,297832,True,Mostbet official website,True,,302 https://links-go9.top/mostbet_cr → 302 https://65r08go.com/QFqF → 200 https://ijwdpnmb.com/casino?registration=1&cid=8297204757&pid=297832&sip=0
mostbet-officialuv1.top,latest,external,https://links-go9.top/mostbet,https://nvjnacmb.com/casino?registration=1&cid=8297204719&pid=297832&sip=0,mostbet,Mostbet,mostbet_assets,297832,True,Mostbet official website,True,,302 https://links-go9.top/mostbet → 302 https://65r08go.com/QFqF → 200 https://nvjnacmb.com/casino?registration=1&cid=8297204719&pid=297832&sip=0
mostbet-officialuv1.top,latest,external,https://links-go9.top/mostbet_android,https://nvjnacmb.com/casino?registration=1&cid=8297204659&pid=297832&sip=0,mostbet,Mostbet,mostbet_assets,297832,True,Mostbet official website,True,,302 https://links-go9.top/mostbet_android → 302 https://65r08go.com/QFqF → 200 https://nvjnacmb.com/casino?registration=1&cid=8297204659&pid=297832&sip=0
mostbet-officialuv1.top,latest,external,https://links-go9.top/mostbet_ios,https://ijwdpnmb.com/casino?registration=1&cid=8297204703&pid=297832&sip=0,mostbet,Mostbet,mostbet_assets,297832,True,Mostbet official website,True,,302 https://links-go9.top/mostbet_ios → 302 https://65r08go.com/QFqF → 200 https://ijwdpnmb.com/casino?registration=1&cid=8297204703&pid=297832&sip=0
mostbet-officialuv1.top,latest,external,https://links-go9.top/mostbet_cr,https://ijwdpnmb.com/casino?registration=1&cid=8297204757&pid=297832&sip=0,mostbet,Mostbet,mostbet_assets,297832,True,Mostbet official website,True,,302 https://links-go9.top/mostbet_cr → 302 https://65r08go.com/QFqF → 200 https://ijwdpnmb.com/casino?registration=1&cid=8297204757&pid=297832&sip=0
mostbet-officialgk.ru,latest,external,https://links-go9.top/mostbet,https://nvjnacmb.com/casino?registration=1&cid=8297204719&pid=297832&sip=0,mostbet,Mostbet,mostbet_assets,297832,True,Mostbet official website,True,,302 https://links-go9.top/mostbet → 302 https://65r08go.com/QFqF → 200 https://nvjnacmb.com/casino?registration=1&cid=8297204719&pid=297832&sip=0
mostbet-officialgk.ru,latest,external,https://links-go9.top/mostbet_android,https://nvjnacmb.com/casino?registration=1&cid=8297204659&pid=297832&sip=0,mostbet,Mostbet,mostbet_assets,297832,True,Mostbet official website,True,,302 https://links-go9.top/mostbet_android → 302 https://65r08go.com/QFqF → 200 https://nvjnacmb.com/casino?registration=1&cid=8297204659&pid=297832&sip=0
mostbet-officialgk.ru,latest,external,https://links-go9.top/mostbet_ios,https://ijwdpnmb.com/casino?registration=1&cid=8297204703&pid=297832&sip=0,mostbet,Mostbet,mostbet_assets,297832,True,Mostbet official website,True,,302 https://links-go9.top/mostbet_ios → 302 https://65r08go.com/QFqF → 200 https://ijwdpnmb.com/casino?registration=1&cid=8297204703&pid=297832&sip=0
mostbet-officialgk.ru,latest,external,https://links-go9.top/mostbet_cr,https://ijwdpnmb.com/casino?registration=1&cid=8297204757&pid=297832&sip=0,mostbet,Mostbet,mostbet_assets,297832,True,Mostbet official website,True,,302 https://links-go9.top/mostbet_cr → 302 https://65r08go.com/QFqF → 200 https://ijwdpnmb.com/casino?registration=1&cid=8297204757&pid=297832&sip=0
mostbet-officialjq1.top,latest,external,https://links-go9.top/mostbet,https://nvjnacmb.com/casino?registration=1&cid=8297204719&pid=297832&sip=0,mostbet,Mostbet,mostbet_assets,297832,True,Mostbet official website,True,,302 https://links-go9.top/mostbet → 302 https://65r08go.com/QFqF → 200 https://nvjnacmb.com/casino?registration=1&cid=8297204719&pid=297832&sip=0
mostbet-officialjq1.top,latest,external,https://links-go9.top/mostbet_android,https://nvjnacmb.com/casino?registration=1&cid=8297204659&pid=297832&sip=0,mostbet,Mostbet,mostbet_assets,297832,True,Mostbet official website,True,,302 https://links-go9.top/mostbet_android → 302 https://65r08go.com/QFqF → 200 https://nvjnacmb.com/casino?registration=1&cid=8297204659&pid=297832&sip=0
mostbet-officialjq1.top,latest,external,https://links-go9.top/mostbet_ios,https://ijwdpnmb.com/casino?registration=1&cid=8297204703&pid=297832&sip=0,mostbet,Mostbet,mostbet_assets,297832,True,Mostbet official website,True,,302 https://links-go9.top/mostbet_ios → 302 https://65r08go.com/QFqF → 200 https://ijwdpnmb.com/casino?registration=1&cid=8297204703&pid=297832&sip=0
mostbet-officialjq1.top,latest,external,https://links-go9.top/mostbet_cr,https://ijwdpnmb.com/casino?registration=1&cid=8297204757&pid=297832&sip=0,mostbet,Mostbet,mostbet_assets,297832,True,Mostbet official website,True,,302 https://links-go9.top/mostbet_cr → 302 https://65r08go.com/QFqF → 200 https://ijwdpnmb.com/casino?registration=1&cid=8297204757&pid=297832&sip=0
mostbet-officialjq.ru,latest,external,https://links-go9.top/mostbet,https://nvjnacmb.com/casino?registration=1&cid=8297204719&pid=297832&sip=0,mostbet,Mostbet,mostbet_assets,297832,True,Mostbet official website,True,,302 https://links-go9.top/mostbet → 302 https://65r08go.com/QFqF → 200 https://nvjnacmb.com/casino?registration=1&cid=8297204719&pid=297832&sip=0
mostbet-officialjq.ru,latest,external,https://links-go9.top/mostbet_android,https://nvjnacmb.com/casino?registration=1&cid=8297204659&pid=297832&sip=0,mostbet,Mostbet,mostbet_assets,297832,True,Mostbet official website,True,,302 https://links-go9.top/mostbet_android → 302 https://65r08go.com/QFqF → 200 https://nvjnacmb.com/casino?registration=1&cid=8297204659&pid=297832&sip=0
mostbet-officialjq.ru,latest,external,https://links-go9.top/mostbet_ios,https://ijwdpnmb.com/casino?registration=1&cid=8297204703&pid=297832&sip=0,mostbet,Mostbet,mostbet_assets,297832,True,Mostbet official website,True,,302 https://links-go9.top/mostbet_ios → 302 https://65r08go.com/QFqF → 200 https://ijwdpnmb.com/casino?registration=1&cid=8297204703&pid=297832&sip=0
mostbet-officialjq.ru,latest,external,https://links-go9.top/mostbet_cr,https://ijwdpnmb.com/casino?registration=1&cid=8297204757&pid=297832&sip=0,mostbet,Mostbet,mostbet_assets,297832,True,Mostbet official website,True,,302 https://links-go9.top/mostbet_cr → 302 https://65r08go.com/QFqF → 200 https://ijwdpnmb.com/casino?registration=1&cid=8297204757&pid=297832&sip=0
mostbet-oht31.sbs,latest,external,https://mostbet.partners/,,needs_browser,,http_undecided,,,,,,
mostbet-omd19.sbs,latest,external,https://mostbet.partners/,,needs_browser,,http_undecided,,,,,,
mostbet-oho14.top,latest,external,https://mostbet.partners/,,needs_browser,,http_undecided,,,,,,
mostbet-ofo9.buzz,latest,external,https://mostbet.partners/,,needs_browser,,http_undecided,,,,,,
mostbet-officialfq1.top,latest,external,https://links-go9.top/mostbet,https://nvjnacmb.com/casino?registration=1&cid=8297204719&pid=297832&sip=0,mostbet,Mostbet,mostbet_assets,297832,True,Mostbet official website,True,,302 https://links-go9.top/mostbet → 302 https://65r08go.com/QFqF → 200 https://nvjnacmb.com/casino?registration=1&cid=8297204719&pid=297832&sip=0
mostbet-officialfq1.top,latest,external,https://links-go9.top/mostbet_android,https://nvjnacmb.com/casino?registration=1&cid=8297204659&pid=297832&sip=0,mostbet,Mostbet,mostbet_assets,297832,True,Mostbet official website,True,,302 https://links-go9.top/mostbet_android → 302 https://65r08go.com/QFqF → 200 https://nvjnacmb.com/casino?registration=1&cid=8297204659&pid=297832&sip=0
mostbet-officialfq1.top,latest,external,https://links-go9.top/mostbet_ios,https://ijwdpnmb.com/casino?registration=1&cid=8297204703&pid=297832&sip=0,mostbet,Mostbet,mostbet_assets,297832,True,Mostbet official website,True,,302 https://links-go9.top/mostbet_ios → 302 https://65r08go.com/QFqF → 200 https://ijwdpnmb.com/casino?registration=1&cid=8297204703&pid=297832&sip=0
mostbet-officialfq1.top,latest,external,https://links-go9.top/mostbet_cr,https://ijwdpnmb.com/casino?registration=1&cid=8297204757&pid=297832&sip=0,mostbet,Mostbet,mostbet_assets,297832,True,Mostbet official website,True,,302 https://links-go9.top/mostbet_cr → 302 https://65r08go.com/QFqF → 200 https://ijwdpnmb.com/casino?registration=1&cid=8297204757&pid=297832&sip=0
mostbet-officialgk2.top,latest,external,https://links-go9.top/mostbet,https://nvjnacmb.com/casino?registration=1&cid=8297204719&pid=297832&sip=0,mostbet,Mostbet,mostbet_assets,297832,True,Mostbet official website,True,,302 https://links-go9.top/mostbet → 302 https://65r08go.com/QFqF → 200 https://nvjnacmb.com/casino?registration=1&cid=8297204719&pid=297832&sip=0
mostbet-officialgk2.top,latest,external,https://links-go9.top/mostbet_android,https://nvjnacmb.com/casino?registration=1&cid=8297204659&pid=297832&sip=0,mostbet,Mostbet,mostbet_assets,297832,True,Mostbet official website,True,,302 https://links-go9.top/mostbet_android → 302 https://65r08go.com/QFqF → 200 https://nvjnacmb.com/casino?registration=1&cid=8297204659&pid=297832&sip=0
mostbet-officialgk2.top,latest,external,https://links-go9.top/mostbet_ios,https://ijwdpnmb.com/casino?registration=1&cid=8297204703&pid=297832&sip=0,mostbet,Mostbet,mostbet_assets,297832,True,Mostbet official website,True,,302 https://links-go9.top/mostbet_ios → 302 https://65r08go.com/QFqF → 200 https://ijwdpnmb.com/casino?registration=1&cid=8297204703&pid=297832&sip=0
mostbet-officialgk2.top,latest,external,https://links-go9.top/mostbet_cr,https://ijwdpnmb.com/casino?registration=1&cid=8297204757&pid=297832&sip=0,mostbet,Mostbet,mostbet_assets,297832,True,Mostbet official website,True,,302 https://links-go9.top/mostbet_cr → 302 https://65r08go.com/QFqF → 200 https://ijwdpnmb.com/casino?registration=1&cid=8297204757&pid=297832&sip=0
mostbet-oiw71.sbs,latest,external,https://mostbet.partners/,,needs_browser,,http_undecided,,,,,,
mostbet-ogh.top,latest,external,https://mostbet.partners/,,needs_browser,,http_undecided,,,,,,
mostbet-omj59.sbs,latest,external,https://mostbet.partners/,,needs_browser,,http_undecided,,,,,,
mostbet-olp44.top,latest,external,https://mostbet.partners/,,needs_browser,,http_undecided,,,,,,
mostbet-officials.club,latest,external,https://mostbet.partners/,,needs_browser,,http_undecided,,,,,,
mostbet-online-cesko.cz,latest,js:script_url,https://mostbet-cz-cz.dietavkrabicce.cz/,https://mostbet-cz-cz.dietavkrabicce.cz/,brand_site,Mostbet,name_only_weak,,False,"Mostbet CZ ⭐️ Bonus 40 000 CZK, online kasino a sportovní sázky",True,,200 https://mostbet-cz-cz.dietavkrabicce.cz/
mostbet-online-cz.com,latest,js:script_url,https://mostbet-cz-cz.dietavkrabicce.cz/,https://mostbet-cz-cz.dietavkrabicce.cz/,brand_site,Mostbet,name_only_weak,,False,"Mostbet CZ ⭐️ Bonus 40 000 CZK, online kasino a sportovní sázky",True,,200 https://mostbet-cz-cz.dietavkrabicce.cz/
mostbet-online-now1.top,latest,external,https://links-go9.top/mostbet_android,https://nvjnacmb.com/casino?registration=1&cid=8297204659&pid=297832&sip=0,mostbet,Mostbet,mostbet_assets,297832,True,Mostbet official website,True,,302 https://links-go9.top/mostbet_android → 302 https://65r08go.com/QFqF → 200 https://nvjnacmb.com/casino?registration=1&cid=8297204659&pid=297832&sip=0
mostbet-online-now1.top,latest,external,https://links-go9.top/mostbet_ios,https://ijwdpnmb.com/casino?registration=1&cid=8297204703&pid=297832&sip=0,mostbet,Mostbet,mostbet_assets,297832,True,Mostbet official website,True,,302 https://links-go9.top/mostbet_ios → 302 https://65r08go.com/QFqF → 200 https://ijwdpnmb.com/casino?registration=1&cid=8297204703&pid=297832&sip=0
mostbet-online-now1.top,latest,external,https://links-go9.top/mostbet,https://nvjnacmb.com/casino?registration=1&cid=8297204719&pid=297832&sip=0,mostbet,Mostbet,mostbet_assets,297832,True,Mostbet official website,True,,302 https://links-go9.top/mostbet → 302 https://65r08go.com/QFqF → 200 https://nvjnacmb.com/casino?registration=1&cid=8297204719&pid=297832&sip=0
mostbet-online-now1.top,latest,external,https://links-go9.top/mostbet_cr,https://ijwdpnmb.com/casino?registration=1&cid=8297204757&pid=297832&sip=0,mostbet,Mostbet,mostbet_assets,297832,True,Mostbet official website,True,,302 https://links-go9.top/mostbet_cr → 302 https://65r08go.com/QFqF → 200 https://ijwdpnmb.com/casino?registration=1&cid=8297204757&pid=297832&sip=0
mostbet-officialfq.ru,latest,external,https://links-go9.top/mostbet,https://nvjnacmb.com/casino?registration=1&cid=8297204719&pid=297832&sip=0,mostbet,Mostbet,mostbet_assets,297832,True,Mostbet official website,True,,302 https://links-go9.top/mostbet → 302 https://65r08go.com/QFqF → 200 https://nvjnacmb.com/casino?registration=1&cid=8297204719&pid=297832&sip=0
mostbet-officialfq.ru,latest,external,https://links-go9.top/mostbet_android,https://nvjnacmb.com/casino?registration=1&cid=8297204659&pid=297832&sip=0,mostbet,Mostbet,mostbet_assets,297832,True,Mostbet official website,True,,302 https://links-go9.top/mostbet_android → 302 https://65r08go.com/QFqF → 200 https://nvjnacmb.com/casino?registration=1&cid=8297204659&pid=297832&sip=0
mostbet-officialfq.ru,latest,external,https://links-go9.top/mostbet_ios,https://ijwdpnmb.com/casino?registration=1&cid=8297204703&pid=297832&sip=0,mostbet,Mostbet,mostbet_assets,297832,True,Mostbet official website,True,,302 https://links-go9.top/mostbet_ios → 302 https://65r08go.com/QFqF → 200 https://ijwdpnmb.com/casino?registration=1&cid=8297204703&pid=297832&sip=0
mostbet-officialfq.ru,latest,external,https://links-go9.top/mostbet_cr,https://ijwdpnmb.com/casino?registration=1&cid=8297204757&pid=297832&sip=0,mostbet,Mostbet,mostbet_assets,297832,True,Mostbet official website,True,,302 https://links-go9.top/mostbet_cr → 302 https://65r08go.com/QFqF → 200 https://ijwdpnmb.com/casino?registration=1&cid=8297204757&pid=297832&sip=0
mostbet-ok9q77l.cam,latest,external,https://mostbet.partners/,,needs_browser,,http_undecided,,,,,,
mostbet-online-now.ru,latest,home_redirect,https://mostbet-online-now.ru/,https://mostbet-online-now1.top/,mostbet,Mostbet,mostbet_assets,,True,,,,
mostbet-olfnv.top,latest,external,https://mostbet.partners/,,needs_browser,,http_undecided,,,,,,
mostbet-oli3.cam,latest,external,https://mostbet.partners/,,needs_browser,,http_undecided,,,,,,
mostbet-omq77kz.top,latest,external,https://mostbet.partners/,,needs_browser,,http_undecided,,,,,,
mostbet-one.xyz,latest,external,https://mostbet.partners/,,needs_browser,,http_undecided,,,,,,
mostbet-officialuv.ru,latest,external,https://links-go9.top/mostbet,https://nvjnacmb.com/casino?registration=1&cid=8297204719&pid=297832&sip=0,mostbet,Mostbet,mostbet_assets,297832,True,Mostbet official website,True,,302 https://links-go9.top/mostbet → 302 https://65r08go.com/QFqF → 200 https://nvjnacmb.com/casino?registration=1&cid=8297204719&pid=297832&sip=0
mostbet-officialuv.ru,latest,external,https://links-go9.top/mostbet_android,https://nvjnacmb.com/casino?registration=1&cid=8297204659&pid=297832&sip=0,mostbet,Mostbet,mostbet_assets,297832,True,Mostbet official website,True,,302 https://links-go9.top/mostbet_android → 302 https://65r08go.com/QFqF → 200 https://nvjnacmb.com/casino?registration=1&cid=8297204659&pid=297832&sip=0
mostbet-officialuv.ru,latest,external,https://links-go9.top/mostbet_ios,https://ijwdpnmb.com/casino?registration=1&cid=8297204703&pid=297832&sip=0,mostbet,Mostbet,mostbet_assets,297832,True,Mostbet official website,True,,302 https://links-go9.top/mostbet_ios → 302 https://65r08go.com/QFqF → 200 https://ijwdpnmb.com/casino?registration=1&cid=8297204703&pid=297832&sip=0
mostbet-officialuv.ru,latest,external,https://links-go9.top/mostbet_cr,https://ijwdpnmb.com/casino?registration=1&cid=8297204757&pid=297832&sip=0,mostbet,Mostbet,mostbet_assets,297832,True,Mostbet official website,True,,302 https://links-go9.top/mostbet_cr → 302 https://65r08go.com/QFqF → 200 https://ijwdpnmb.com/casino?registration=1&cid=8297204757&pid=297832&sip=0
mostbet-original600.ru,latest,external,https://links-go9.top/mostbet_android,https://nvjnacmb.com/casino?registration=1&cid=8297204659&pid=297832&sip=0,mostbet,Mostbet,mostbet_assets,297832,True,Mostbet official website,True,,302 https://links-go9.top/mostbet_android → 302 https://65r08go.com/QFqF → 200 https://nvjnacmb.com/casino?registration=1&cid=8297204659&pid=297832&sip=0
mostbet-original600.ru,latest,external,https://links-go9.top/mostbet_ios,https://ijwdpnmb.com/casino?registration=1&cid=8297204703&pid=297832&sip=0,mostbet,Mostbet,mostbet_assets,297832,True,Mostbet official website,True,,302 https://links-go9.top/mostbet_ios → 302 https://65r08go.com/QFqF → 200 https://ijwdpnmb.com/casino?registration=1&cid=8297204703&pid=297832&sip=0
mostbet-original600.ru,latest,external,https://links-go9.top/mostbet,https://nvjnacmb.com/casino?registration=1&cid=8297204719&pid=297832&sip=0,mostbet,Mostbet,mostbet_assets,297832,True,Mostbet official website,True,,302 https://links-go9.top/mostbet → 302 https://65r08go.com/QFqF → 200 https://nvjnacmb.com/casino?registration=1&cid=8297204719&pid=297832&sip=0
mostbet-original600.ru,latest,external,https://links-go9.top/mostbet_cr,https://ijwdpnmb.com/casino?registration=1&cid=8297204757&pid=297832&sip=0,mostbet,Mostbet,mostbet_assets,297832,True,Mostbet official website,True,,302 https://links-go9.top/mostbet_cr → 302 https://65r08go.com/QFqF → 200 https://ijwdpnmb.com/casino?registration=1&cid=8297204757&pid=297832&sip=0
mostbet-ope27.sbs,latest,external,https://mostbet.partners/,,needs_browser,,http_undecided,,,,,,
mostbet-orf13.cam,latest,external,https://mostbet.partners/,,needs_browser,,http_undecided,,,,,,
mostbet-ogq5.buzz,latest,external,https://mostbet.partners/,,needs_browser,,http_undecided,,,,,,
mostbet-ooa96.cam,latest,external,https://mostbet.partners/,,needs_browser,,http_undecided,,,,,,
mostbet-oob84.sbs,latest,external,https://mostbet.partners/,,needs_browser,,http_undecided,,,,,,
mostbet-oot37.buzz,latest,external,https://mostbet.partners/,,needs_browser,,http_undecided,,,,,,
mostbet-osv88.sbs,latest,external,https://mostbet.partners/,,needs_browser,,http_undecided,,,,,,
mostbet-oopt174.site,latest,external,https://mostbet.partners/,,needs_browser,,http_undecided,,,,,,
mostbet-orh52.top,latest,external,https://mostbet.partners/,,needs_browser,,http_undecided,,,,,,
mostbet-ooqc.xyz,latest,external,https://mostbet.partners/,,needs_browser,,http_undecided,,,,,,
mostbet-org97.cfd,latest,external,https://mostbet.partners/,,needs_browser,,http_undecided,,,,,,
mostbet-ory28.buzz,latest,external,https://mostbet.partners/,,needs_browser,,http_undecided,,,,,,
mostbet-ose47.cam,latest,external,https://mostbet.partners/,,needs_browser,,http_undecided,,,,,,
mostbet-ovn8.top,latest,external,https://mostbet.partners/,,needs_browser,,http_undecided,,,,,,
mostbet-otc79.cam,latest,external,https://mostbet.partners/,,needs_browser,,http_undecided,,,,,,
mostbet-oqk14.cfd,latest,external,https://mostbet.partners/,,needs_browser,,http_undecided,,,,,,
mostbet-our47.sbs,latest,external,https://mostbet.partners/,,needs_browser,,http_undecided,,,,,,
mostbet-oua94.top,latest,external,https://mostbet.partners/,,needs_browser,,http_undecided,,,,,,
mostbet-ouv47.top,latest,external,https://mostbet.partners/,,needs_browser,,http_undecided,,,,,,
mostbet-oue39.top,latest,external,https://mostbet.partners/,,needs_browser,,http_undecided,,,,,,
mostbet-oun66.cam,latest,external,https://mostbet.partners/,,needs_browser,,http_undecided,,,,,,
mostbet-ote39.cam,latest,external,https://mostbet.partners/,,needs_browser,,http_undecided,,,,,,
mostbet-ovy36.sbs,latest,external,https://mostbet.partners/,,needs_browser,,http_undecided,,,,,,
mostbet-otu74.cfd,latest,external,https://mostbet.partners/,,needs_browser,,http_undecided,,,,,,
mostbet-owz42.cam,latest,external,https://mostbet.partners/,,needs_browser,,http_undecided,,,,,,
mostbet-oxy47.top,latest,external,https://mostbet.partners/,,needs_browser,,http_undecided,,,,,,
mostbet-oxm78iv.cam,latest,external,https://mostbet.partners/,,needs_browser,,http_undecided,,,,,,
mostbet-orv7.cam,latest,external,https://mostbet.partners/,,needs_browser,,http_undecided,,,,,,
mostbet-ovk88.cam,latest,external,https://mostbet.partners/,,needs_browser,,http_undecided,,,,,,
mostbet-p3k.top,latest,external,https://links-go9.top/mostbet_android,https://nvjnacmb.com/casino?registration=1&cid=8297204659&pid=297832&sip=0,mostbet,Mostbet,mostbet_assets,297832,True,Mostbet official website,True,,302 https://links-go9.top/mostbet_android → 302 https://65r08go.com/QFqF → 200 https://nvjnacmb.com/casino?registration=1&cid=8297204659&pid=297832&sip=0
mostbet-p3k.top,latest,external,https://links-go9.top/mostbet_ios,https://ijwdpnmb.com/casino?registration=1&cid=8297204703&pid=297832&sip=0,mostbet,Mostbet,mostbet_assets,297832,True,Mostbet official website,True,,302 https://links-go9.top/mostbet_ios → 302 https://65r08go.com/QFqF → 200 https://ijwdpnmb.com/casino?registration=1&cid=8297204703&pid=297832&sip=0
mostbet-p3k.top,latest,external,https://links-go9.top/mostbet,https://nvjnacmb.com/casino?registration=1&cid=8297204719&pid=297832&sip=0,mostbet,Mostbet,mostbet_assets,297832,True,Mostbet official website,True,,302 https://links-go9.top/mostbet → 302 https://65r08go.com/QFqF → 200 https://nvjnacmb.com/casino?registration=1&cid=8297204719&pid=297832&sip=0
mostbet-p3k.top,latest,external,https://links-go9.top/mostbet_cr,https://ijwdpnmb.com/casino?registration=1&cid=8297204757&pid=297832&sip=0,mostbet,Mostbet,mostbet_assets,297832,True,Mostbet official website,True,,302 https://links-go9.top/mostbet_cr → 302 https://65r08go.com/QFqF → 200 https://ijwdpnmb.com/casino?registration=1&cid=8297204757&pid=297832&sip=0
mostbet-mosbet-uz-kirish.com,latest,js:script_url,https://mostbet-mosbet-uz1.com,https://mostbet-mosbet-uz1.com,brand_site,Mostbet,name_only_weak,,False,Mostbet UZ 🇺🇿 Mosbet O‘zbekistonning rasmiy sayti 🔥 sport va qimorga garov tikishlar,,,200 https://mostbet-mosbet-uz1.com
mostbet-mosbet-uz-kirish.com,latest,internal_redirect_like,https://mostbet-mosbet-uz-kirish.com/recommends/mostbet/,https://qrncfumb.com/casino?registration=1&cid=8297208739&pid=263382&sip=0,mostbet,Mostbet,mostbet_assets,263382,True,Mostbet official website,,,302 https://mostbet-mosbet-uz-kirish.com/recommends/mostbet/ → 302 https://hpnjesmb.com/vmhs?sub1=mostbet-mosbet-uz-kirish.com&sub2=web&sub5=casino → 200 https://qrncfumb.com/casino?registration=1&cid=8297208739&pid=263382&sip=0
mostbet-mosbet-uz-kirish.com,latest,internal_redirect_like,https://mostbet-mosbet-uz-kirish.com/recommends/go_button/,https://qrncfumb.com/casino?registration=1&cid=8297208767&pid=263382&sip=0,mostbet,Mostbet,mostbet_assets,263382,True,Mostbet official website,,,302 https://mostbet-mosbet-uz-kirish.com/recommends/go_button/ → 302 https://hpnjesmb.com/vmhs?sub1=mostbet-mosbet-uz-kirish.com&sub2=web&sub5=casino&sub4=button → 200 https://qrncfumb.com/casino?registration=1&cid=8297208767&pid=263382&sip=0
mostbet-mosbet-uz-kirish.com,latest,internal_redirect_like,https://mostbet-mosbet-uz-kirish.com/recommends/mostbet-app/,https://upload.cdn-mb.com/apk/repacker-ng/repacks/mostbet_7.17/55c26dba-10e7-4264-924f-c0cd974325c2/mostbet_7.17.apk,mostbet,Mostbet,download:application/octet-stream,,,,,,302 https://mostbet-mosbet-uz-kirish.com/recommends/mostbet-app/ → 302 https://vgfiiimb.com/0mhs?sub1=mostbet-mosbet-uz-kirish.com&sub2=app → 200 https://upload.cdn-mb.com/apk/repacker-ng/repacks/mostbet_7.17/55c26dba-10e7-4264-924f-c0cd974325c2/mostbet_7.17.apk
mostbet-mosbet-uz-kirish.com,latest,internal_redirect_like,https://mostbet-mosbet-uz-kirish.com/recommends/go_banner/,https://qrncfumb.com/casino?registration=1&cid=8297208881&pid=263382&sip=0,mostbet,Mostbet,mostbet_assets,263382,True,Mostbet official website,,,302 https://mostbet-mosbet-uz-kirish.com/recommends/go_banner/ → 302 https://hpnjesmb.com/vmhs?sub1=mostbet-mosbet-uz-kirish.com&sub2=web&sub5=casino&sub4=banner → 200 https://qrncfumb.com/casino?registration=1&cid=8297208881&pid=263382&sip=0
mostbet-mosbet-uz-kirish.com,latest,external,https://mostbet-mosbet.pl,https://mostbet-mosbet.pl,brand_site,Mostbet,name_only_weak,,False,"Mostbet kasyno w Polsce - oficjalna strona Mostbet Casino PL, logowanie, bonusy",,,200 https://mostbet-mosbet.pl
mostbet-mosbet-uz-kirish.com,latest,external,https://mostbet-mosbet.cz,https://mostbet-mosbet-cz-online.com/,mostbet,Mostbet,name_only_weak,,True,Mostbet CZ [2026] ⭐️ Online Casino sázky Mosbet 8500 Kč + 250 FS,,,301 https://mostbet-mosbet.cz → 200 https://mostbet-mosbet-cz-online.com/
mostbet-mosbet-uz-kirish.com,latest,external,https://mostbet-mosbet.pe,https://mostbet-app-download.com/es_pe/mostbet-pe/,mostbet,Mostbet,name_only_weak,,True,Mostbet Perú - Sitio oficial de apuestas deportivas y casino en Perú,,,301 https://mostbet-mosbet.pe → 200 https://mostbet-app-download.com/es_pe/mostbet-pe/
mostbet-mosbet-uz-kirish.com,latest,external,https://www.onlinecasinoreports.com/seal-of-approval,https://www.onlinecasinoreports.com/approved-online-casinos.php,gambling_site,Approved and Recommended Online Casinos 2026,gambling_words_unrecognized,,False,Approved and Recommended Online Casinos 2026 | OnlineCasinoReports.com,,,301 https://www.onlinecasinoreports.com/seal-of-approval → 200 https://www.onlinecasinoreports.com/approved-online-casinos.php
mostbet-p0k.top,latest,home_redirect,https://mostbet-p0k.top/,https://mostbet-p3k.top/,mostbet,Mostbet,mostbet_assets,,True,,,,
mostbet-p1k.ru,latest,home_redirect,https://mostbet-p1k.ru/,https://mostbet-p3k.top/,mostbet,Mostbet,mostbet_assets,,True,,,,
mostbet-p1k.top,latest,home_redirect,https://mostbet-p1k.top/,https://mostbet-p3k.top/,mostbet,Mostbet,mostbet_assets,,True,,,,
mostbet-p2k.top,latest,home_redirect,https://mostbet-p2k.top/,https://mostbet-p3k.top/,mostbet,Mostbet,mostbet_assets,,True,,,,
mostbet-oyn75.sbs,latest,external,https://mostbet.partners/,,needs_browser,,http_undecided,,,,,,
mostbet-oxy25bk.cam,latest,external,https://mostbet.partners/,,needs_browser,,http_undecided,,,,,,
mostbet-p7ss.xyz,latest,external,https://mostbet.partners/,,needs_browser,,http_undecided,,,,,,
mostbet-pat7.top,latest,external,https://mostbet.partners/,,needs_browser,,http_undecided,,,,,,
mostbet-pbs92.cfd,latest,external,https://mostbet.partners/,,needs_browser,,http_undecided,,,,,,
mostbet-pbk43.cfd,latest,external,https://mostbet.partners/,,needs_browser,,http_undecided,,,,,,
mostbet-pcp93.buzz,latest,external,https://mostbet.partners/,,needs_browser,,http_undecided,,,,,,
mostbet-pgi88ei.top,latest,external,https://mostbet.partners/,,needs_browser,,http_undecided,,,,,,
mostbet-php13.sbs,latest,external,https://mostbet.partners/,,needs_browser,,http_undecided,,,,,,
mostbet-pbx89.cfd,latest,external,https://mostbet.partners/,,needs_browser,,http_undecided,,,,,,
mostbet-pcr32.cam,latest,external,https://mostbet.partners/,,needs_browser,,http_undecided,,,,,,
mostbet-pga84.buzz,latest,external,https://mostbet.partners/,,needs_browser,,http_undecided,,,,,,
mostbet-pbo42.cam,latest,external,https://mostbet.partners/,,needs_browser,,http_undecided,,,,,,
mostbet-pakist.com,latest,internal_page_link,https://www.mostbet-pakistan.com,,needs_browser,,http_undecided,,,,,,
mostbet-pfj95.cam,latest,external,https://mostbet.partners/,,needs_browser,,http_undecided,,,,,,
mostbet-pkd81.cam,latest,external,https://mostbet.partners/,,needs_browser,,http_undecided,,,,,,
mostbet-pci48.cam,latest,external,https://mostbet.partners/,,needs_browser,,http_undecided,,,,,,
mostbet-phe81.buzz,latest,external,https://mostbet.partners/,,needs_browser,,http_undecided,,,,,,
mostbet-pjv72ut.cam,latest,external,https://mostbet.partners/,,needs_browser,,http_undecided,,,,,,
mostbet-pjs72.buzz,latest,external,https://mostbet.partners/,,needs_browser,,http_undecided,,,,,,
mostbet-pjt.xyz,latest,external,https://mostbet.partners/,,needs_browser,,http_undecided,,,,,,
mostbet-platinum18.top,latest,external,https://links-go9.top/mostbet_android,https://nvjnacmb.com/casino?registration=1&cid=8297204659&pid=297832&sip=0,mostbet,Mostbet,mostbet_assets,297832,True,Mostbet official website,True,,302 https://links-go9.top/mostbet_android → 302 https://65r08go.com/QFqF → 200 https://nvjnacmb.com/casino?registration=1&cid=8297204659&pid=297832&sip=0
mostbet-platinum18.top,latest,external,https://links-go9.top/mostbet_ios,https://ijwdpnmb.com/casino?registration=1&cid=8297204703&pid=297832&sip=0,mostbet,Mostbet,mostbet_assets,297832,True,Mostbet official website,True,,302 https://links-go9.top/mostbet_ios → 302 https://65r08go.com/QFqF → 200 https://ijwdpnmb.com/casino?registration=1&cid=8297204703&pid=297832&sip=0
mostbet-platinum18.top,latest,external,https://links-go9.top/mostbet,https://nvjnacmb.com/casino?registration=1&cid=8297204719&pid=297832&sip=0,mostbet,Mostbet,mostbet_assets,297832,True,Mostbet official website,True,,302 https://links-go9.top/mostbet → 302 https://65r08go.com/QFqF → 200 https://nvjnacmb.com/casino?registration=1&cid=8297204719&pid=297832&sip=0
mostbet-platinum18.top,latest,external,https://links-go9.top/mostbet_cr,https://ijwdpnmb.com/casino?registration=1&cid=8297204757&pid=297832&sip=0,mostbet,Mostbet,mostbet_assets,297832,True,Mostbet official website,True,,302 https://links-go9.top/mostbet_cr → 302 https://65r08go.com/QFqF → 200 https://ijwdpnmb.com/casino?registration=1&cid=8297204757&pid=297832&sip=0
mostbet-pcu.lol,latest,external,https://mostbet.partners/,,needs_browser,,http_undecided,,,,,,
mostbet-pkn93.cfd,latest,external,https://mostbet.partners/,,needs_browser,,http_undecided,,,,,,
mostbet-piy77.cfd,latest,external,https://mostbet.partners/,,needs_browser,,http_undecided,,,,,,
mostbet-platinum17.top,latest,home_redirect,https://mostbet-platinum17.top/,https://mostbet-platinum18.top/,mostbet,Mostbet,mostbet_assets,,True,,,,
mostbet-pku32.sbs,latest,external,https://mostbet.partners/,,needs_browser,,http_undecided,,,,,,
mostbet-playzone20.top,latest,external,https://links-go9.top/mostbet_android,https://nvjnacmb.com/casino?registration=1&cid=8297204659&pid=297832&sip=0,mostbet,Mostbet,mostbet_assets,297832,True,Mostbet official website,True,,302 https://links-go9.top/mostbet_android → 302 https://65r08go.com/QFqF → 200 https://nvjnacmb.com/casino?registration=1&cid=8297204659&pid=297832&sip=0
mostbet-playzone20.top,latest,external,https://links-go9.top/mostbet_ios,https://ijwdpnmb.com/casino?registration=1&cid=8297204703&pid=297832&sip=0,mostbet,Mostbet,mostbet_assets,297832,True,Mostbet official website,True,,302 https://links-go9.top/mostbet_ios → 302 https://65r08go.com/QFqF → 200 https://ijwdpnmb.com/casino?registration=1&cid=8297204703&pid=297832&sip=0
mostbet-playzone20.top,latest,external,https://links-go9.top/mostbet,https://nvjnacmb.com/casino?registration=1&cid=8297204719&pid=297832&sip=0,mostbet,Mostbet,mostbet_assets,297832,True,Mostbet official website,True,,302 https://links-go9.top/mostbet → 302 https://65r08go.com/QFqF → 200 https://nvjnacmb.com/casino?registration=1&cid=8297204719&pid=297832&sip=0
mostbet-playzone20.top,latest,external,https://links-go9.top/mostbet_cr,https://ijwdpnmb.com/casino?registration=1&cid=8297204757&pid=297832&sip=0,mostbet,Mostbet,mostbet_assets,297832,True,Mostbet official website,True,,302 https://links-go9.top/mostbet_cr → 302 https://65r08go.com/QFqF → 200 https://ijwdpnmb.com/casino?registration=1&cid=8297204757&pid=297832&sip=0
mostbet-pdp4.cam,latest,external,https://mostbet.partners/,,needs_browser,,http_undecided,,,,,,
mostbet-plk48.top,latest,external,https://mostbet.partners/,,needs_browser,,http_undecided,,,,,,
mostbet-pl.click,latest,external,https://www.betblocker.org/pl/,https://www.betblocker.org/pl/,non_gambling,BetBlocker,no_gambling_words,,False,BetBlocker,,,200 https://www.betblocker.org/pl/
mostbet-plm8.top,latest,external,https://links-go9.top/mostbet_android,https://nvjnacmb.com/casino?registration=1&cid=8297204659&pid=297832&sip=0,mostbet,Mostbet,mostbet_assets,297832,True,Mostbet official website,True,,302 https://links-go9.top/mostbet_android → 302 https://65r08go.com/QFqF → 200 https://nvjnacmb.com/casino?registration=1&cid=8297204659&pid=297832&sip=0
mostbet-plm8.top,latest,external,https://links-go9.top/mostbet_ios,https://ijwdpnmb.com/casino?registration=1&cid=8297204703&pid=297832&sip=0,mostbet,Mostbet,mostbet_assets,297832,True,Mostbet official website,True,,302 https://links-go9.top/mostbet_ios → 302 https://65r08go.com/QFqF → 200 https://ijwdpnmb.com/casino?registration=1&cid=8297204703&pid=297832&sip=0
mostbet-plm8.top,latest,external,https://links-go9.top/mostbet,https://nvjnacmb.com/casino?registration=1&cid=8297204719&pid=297832&sip=0,mostbet,Mostbet,mostbet_assets,297832,True,Mostbet official website,True,,302 https://links-go9.top/mostbet → 302 https://65r08go.com/QFqF → 200 https://nvjnacmb.com/casino?registration=1&cid=8297204719&pid=297832&sip=0
mostbet-plm8.top,latest,external,https://links-go9.top/mostbet_cr,https://ijwdpnmb.com/casino?registration=1&cid=8297204757&pid=297832&sip=0,mostbet,Mostbet,mostbet_assets,297832,True,Mostbet official website,True,,302 https://links-go9.top/mostbet_cr → 302 https://65r08go.com/QFqF → 200 https://ijwdpnmb.com/casino?registration=1&cid=8297204757&pid=297832&sip=0
mostbet-playzone19.top,latest,home_redirect,https://mostbet-playzone19.top/,https://mostbet-playzone20.top,mostbet,Mostbet,mostbet_assets,,True,,,,
mostbet-playzone18.top,latest,home_redirect,https://mostbet-playzone18.top/,https://mostbet-playzone20.top,mostbet,Mostbet,mostbet_assets,,True,,,,
mostbet-plm7.ru,latest,home_redirect,https://mostbet-plm7.ru/,https://mostbet-plm8.top,mostbet,Mostbet,mostbet_assets,,True,,,,
mostbet-playzone17.top,latest,home_redirect,https://mostbet-playzone17.top/,https://mostbet-playzone20.top,mostbet,Mostbet,mostbet_assets,,True,,,,
mostbet-pns72.top,latest,external,https://mostbet.partners/,,needs_browser,,http_undecided,,,,,,
mostbet-pmj45.cam,latest,external,https://mostbet.partners/,,needs_browser,,http_undecided,,,,,,
mostbet-por39.cam,latest,external,https://mostbet.partners/,,needs_browser,,http_undecided,,,,,,
mostbet-platinum326.ru,latest,home_redirect,https://mostbet-platinum326.ru/,https://mostbet-v5h.top,mostbet,Mostbet,mostbet_assets,,True,,,,
mostbet-pnj97.top,latest,external,https://mostbet.partners/,,needs_browser,,http_undecided,,,,,,
mostbet-pnj97.top,latest,external,https://chatgpt.com/g/g-p-6aa3ebd18564819188b8646333ebed4e-vika-middle/c/reg.html,,needs_browser,,http_undecided,,,,,,
mostbet-ppi39.cam,latest,external,https://mostbet.partners/,,needs_browser,,http_undecided,,,,,,
mostbet-pqp43.buzz,latest,external,https://mostbet.partners/,,needs_browser,,http_undecided,,,,,,
mostbet-pol.jp.net,latest,internal_redirect_like,https://mostbet-pol.jp.net/play/,,needs_browser,,http_undecided,,,,,,
mostbet-prime19.top,latest,external,https://links-go9.top/mostbet_android,https://nvjnacmb.com/casino?registration=1&cid=8297204659&pid=297832&sip=0,mostbet,Mostbet,mostbet_assets,297832,True,Mostbet official website,True,,302 https://links-go9.top/mostbet_android → 302 https://65r08go.com/QFqF → 200 https://nvjnacmb.com/casino?registration=1&cid=8297204659&pid=297832&sip=0
mostbet-prime19.top,latest,external,https://links-go9.top/mostbet_ios,https://ijwdpnmb.com/casino?registration=1&cid=8297204703&pid=297832&sip=0,mostbet,Mostbet,mostbet_assets,297832,True,Mostbet official website,True,,302 https://links-go9.top/mostbet_ios → 302 https://65r08go.com/QFqF → 200 https://ijwdpnmb.com/casino?registration=1&cid=8297204703&pid=297832&sip=0
mostbet-prime19.top,latest,external,https://links-go9.top/mostbet,https://nvjnacmb.com/casino?registration=1&cid=8297204719&pid=297832&sip=0,mostbet,Mostbet,mostbet_assets,297832,True,Mostbet official website,True,,302 https://links-go9.top/mostbet → 302 https://65r08go.com/QFqF → 200 https://nvjnacmb.com/casino?registration=1&cid=8297204719&pid=297832&sip=0
mostbet-prime19.top,latest,external,https://links-go9.top/mostbet_cr,https://ijwdpnmb.com/casino?registration=1&cid=8297204757&pid=297832&sip=0,mostbet,Mostbet,mostbet_assets,297832,True,Mostbet official website,True,,302 https://links-go9.top/mostbet_cr → 302 https://65r08go.com/QFqF → 200 https://ijwdpnmb.com/casino?registration=1&cid=8297204757&pid=297832&sip=0
mostbet-probet19.top,latest,external,https://links-go9.top/mostbet_android,https://nvjnacmb.com/casino?registration=1&cid=8297204659&pid=297832&sip=0,mostbet,Mostbet,mostbet_assets,297832,True,Mostbet official website,True,,302 https://links-go9.top/mostbet_android → 302 https://65r08go.com/QFqF → 200 https://nvjnacmb.com/casino?registration=1&cid=8297204659&pid=297832&sip=0
mostbet-probet19.top,latest,external,https://links-go9.top/mostbet_ios,https://ijwdpnmb.com/casino?registration=1&cid=8297204703&pid=297832&sip=0,mostbet,Mostbet,mostbet_assets,297832,True,Mostbet official website,True,,302 https://links-go9.top/mostbet_ios → 302 https://65r08go.com/QFqF → 200 https://ijwdpnmb.com/casino?registration=1&cid=8297204703&pid=297832&sip=0
mostbet-probet19.top,latest,external,https://links-go9.top/mostbet,https://nvjnacmb.com/casino?registration=1&cid=8297204719&pid=297832&sip=0,mostbet,Mostbet,mostbet_assets,297832,True,Mostbet official website,True,,302 https://links-go9.top/mostbet → 302 https://65r08go.com/QFqF → 200 https://nvjnacmb.com/casino?registration=1&cid=8297204719&pid=297832&sip=0
mostbet-probet19.top,latest,external,https://links-go9.top/mostbet_cr,https://ijwdpnmb.com/casino?registration=1&cid=8297204757&pid=297832&sip=0,mostbet,Mostbet,mostbet_assets,297832,True,Mostbet official website,True,,302 https://links-go9.top/mostbet_cr → 302 https://65r08go.com/QFqF → 200 https://ijwdpnmb.com/casino?registration=1&cid=8297204757&pid=297832&sip=0
mostbet-prime18.top,latest,home_redirect,https://mostbet-prime18.top/,https://mostbet-prime19.top,mostbet,Mostbet,mostbet_assets,,True,,,,
mostbet-prf.top,latest,external,https://mostbet.partners/,,needs_browser,,http_undecided,,,,,,
mostbet-prb99.buzz,latest,external,https://mostbet.partners/,,needs_browser,,http_undecided,,,,,,
mostbet-plw.store,latest,external,https://mostbet.partners/,,needs_browser,,http_undecided,,,,,,
mostbet-probet18.top,latest,home_redirect,https://mostbet-probet18.top/,https://mostbet-probet19.top,mostbet,Mostbet,mostbet_assets,,True,,,,
mostbet-psf28gl.cfd,latest,external,https://mostbet.partners/,,needs_browser,,http_undecided,,,,,,
mostbet-probet17.top,latest,home_redirect,https://mostbet-probet17.top/,https://mostbet-probet19.top,mostbet,Mostbet,mostbet_assets,,True,,,,
mostbet-pr0gdrk.cam,latest,external,https://mostbet.partners/,,needs_browser,,http_undecided,,,,,,
mostbet-pvt16.buzz,latest,external,https://mostbet.partners/,,needs_browser,,http_undecided,,,,,,
mostbet-pwv26.sbs,latest,external,https://mostbet.partners/,,needs_browser,,http_undecided,,,,,,
mostbet-pyh22.top,latest,external,https://mostbet.partners/,,needs_browser,,http_undecided,,,,,,
mostbet-promokodi.ru,latest,home_redirect,https://mostbet-promokodi.ru/,https://mostbet-rush19.top,mostbet,Mostbet,mostbet_assets,,True,,,,
mostbet-q8m.ru,latest,external,https://links-go9.top/mostbet_android,https://nvjnacmb.com/casino?registration=1&cid=8297204659&pid=297832&sip=0,mostbet,Mostbet,mostbet_assets,297832,True,Mostbet official website,True,,302 https://links-go9.top/mostbet_android → 302 https://65r08go.com/QFqF → 200 https://nvjnacmb.com/casino?registration=1&cid=8297204659&pid=297832&sip=0
mostbet-q8m.ru,latest,external,https://links-go9.top/mostbet_ios,https://ijwdpnmb.com/casino?registration=1&cid=8297204703&pid=297832&sip=0,mostbet,Mostbet,mostbet_assets,297832,True,Mostbet official website,True,,302 https://links-go9.top/mostbet_ios → 302 https://65r08go.com/QFqF → 200 https://ijwdpnmb.com/casino?registration=1&cid=8297204703&pid=297832&sip=0
mostbet-q8m.ru,latest,external,https://links-go9.top/mostbet,https://nvjnacmb.com/casino?registration=1&cid=8297204719&pid=297832&sip=0,mostbet,Mostbet,mostbet_assets,297832,True,Mostbet official website,True,,302 https://links-go9.top/mostbet → 302 https://65r08go.com/QFqF → 200 https://nvjnacmb.com/casino?registration=1&cid=8297204719&pid=297832&sip=0
mostbet-q8m.ru,latest,external,https://links-go9.top/mostbet_cr,https://ijwdpnmb.com/casino?registration=1&cid=8297204757&pid=297832&sip=0,mostbet,Mostbet,mostbet_assets,297832,True,Mostbet official website,True,,302 https://links-go9.top/mostbet_cr → 302 https://65r08go.com/QFqF → 200 https://ijwdpnmb.com/casino?registration=1&cid=8297204757&pid=297832&sip=0
mostbet-pxw88.buzz,latest,external,https://mostbet.partners/,,needs_browser,,http_undecided,,,,,,
mostbet-ptv28.top,latest,external,https://mostbet.partners/,,needs_browser,,http_undecided,,,,,,
mostbet-pxo64.sbs,latest,external,https://mostbet.partners/,,needs_browser,,http_undecided,,,,,,
mostbet-pye61.cfd,latest,external,https://mostbet.partners/,,needs_browser,,http_undecided,,,,,,
mostbet-pte43.cfd,latest,external,https://mostbet.partners/,,needs_browser,,http_undecided,,,,,,
mostbet-pyq39.sbs,latest,external,https://mostbet.partners/,,needs_browser,,http_undecided,,,,,,
mostbet-pzs98.cfd,latest,external,https://mostbet.partners/,,needs_browser,,http_undecided,,,,,,
mostbet-pyo75.buzz,latest,external,https://mostbet.partners/,,needs_browser,,http_undecided,,,,,,
mostbet-pyr0dpp.top,latest,external,https://mostbet.partners/,,needs_browser,,http_undecided,,,,,,
mostbet-pt.eu,latest,js:script_url,https://signup-page.com/NJytTx,,needs_browser,,http_undecided,,,,,,
mostbet-qbq85.sbs,latest,external,https://mostbet.partners/,,needs_browser,,http_undecided,,,,,,
mostbet-qaf56.cfd,latest,external,https://mostbet.partners/,,needs_browser,,http_undecided,,,,,,
mostbet-qaj44.buzz,latest,external,https://mostbet.partners/,,needs_browser,,http_undecided,,,,,,
mostbet-psp1.cam,latest,external,https://mostbet.partners/,,needs_browser,,http_undecided,,,,,,
mostbet-qeu68.cfd,latest,external,https://mostbet.partners/,,needs_browser,,http_undecided,,,,,,
mostbet-qbd35nq.top,latest,external,https://mostbet.partners/,,needs_browser,,http_undecided,,,,,,
mostbet-qe.buzz,latest,external,https://mostbet.partners/,,needs_browser,,http_undecided,,,,,,
mostbet-qa.buzz,latest,external,https://mostbet.partners/,,needs_browser,,http_undecided,,,,,,
mostbet-qfo27.top,latest,external,https://mostbet.partners/,,needs_browser,,http_undecided,,,,,,
mostbet-qgg16.top,latest,external,https://mostbet.partners/,,needs_browser,,http_undecided,,,,,,
mostbet-qew14.top,latest,external,https://mostbet.partners/,,needs_browser,,http_undecided,,,,,,
mostbet-qd.buzz,latest,external,https://mostbet.partners/,,needs_browser,,http_undecided,,,,,,
mostbet-qeu65.buzz,latest,external,https://mostbet.partners/,,needs_browser,,http_undecided,,,,,,
mostbet-qac51.buzz,latest,external,https://mostbet.partners/,,needs_browser,,http_undecided,,,,,,
mostbet-qdo77.top,latest,external,https://mostbet.partners/,,needs_browser,,http_undecided,,,,,,
mostbet-qgr79.cfd,latest,external,https://mostbet.partners/,,needs_browser,,http_undecided,,,,,,
mostbet-qg.buzz,latest,external,https://mostbet.partners/,,needs_browser,,http_undecided,,,,,,
mostbet-qcm85.top,latest,external,https://mostbet.partners/,,needs_browser,,http_undecided,,,,,,
mostbet-qb.buzz,latest,external,https://mostbet.partners/,,needs_browser,,http_undecided,,,,,,
mostbet-qfn22.top,latest,external,https://mostbet.partners/,,needs_browser,,http_undecided,,,,,,
mostbet-qfw17.sbs,latest,external,https://mostbet.partners/,,needs_browser,,http_undecided,,,,,,
mostbet-qft18.buzz,latest,external,https://mostbet.partners/,,needs_browser,,http_undecided,,,,,,
mostbet-qfw78.cfd,latest,external,https://mostbet.partners/,,needs_browser,,http_undecided,,,,,,
mostbet-qgg73sk.sbs,latest,external,https://mostbet.partners/,,needs_browser,,http_undecided,,,,,,
mostbet-qil29.top,latest,external,https://mostbet.partners/,,needs_browser,,http_undecided,,,,,,
mostbet-qc9u.xyz,latest,external,https://mostbet.partners/,,needs_browser,,http_undecided,,,,,,
mostbet-qgg36ag.sbs,latest,external,https://mostbet.partners/,,needs_browser,,http_undecided,,,,,,
mostbet-qls86.cam,latest,external,https://mostbet.partners/,,needs_browser,,http_undecided,,,,,,
mostbet-qc.buzz,latest,external,https://mostbet.partners/,,needs_browser,,http_undecided,,,,,,
mostbet-qhs73.sbs,latest,external,https://mostbet.partners/,,needs_browser,,http_undecided,,,,,,
mostbet-qh0p.xyz,latest,external,https://mostbet.partners/,,needs_browser,,http_undecided,,,,,,
mostbet-qipy.xyz,latest,external,https://mostbet.partners/,,needs_browser,,http_undecided,,,,,,
mostbet-qk4z.xyz,latest,external,https://mostbet.partners/,,needs_browser,,http_undecided,,,,,,
mostbet-qjb98.sbs,latest,external,https://mostbet.partners/,,needs_browser,,http_undecided,,,,,,
mostbet-qnm88.top,latest,external,https://mostbet.partners/,,needs_browser,,http_undecided,,,,,,
mostbet-qix83.buzz,latest,external,https://mostbet.partners/,,needs_browser,,http_undecided,,,,,,
mostbet-qpx16.sbs,latest,external,https://mostbet.partners/,,needs_browser,,http_undecided,,,,,,
mostbet-qqe27.buzz,latest,external,https://mostbet.partners/,,needs_browser,,http_undecided,,,,,,
mostbet-qqm11.top,latest,external,https://mostbet.partners/,,needs_browser,,http_undecided,,,,,,
mostbet-qph41.top,latest,external,https://mostbet.partners/,,needs_browser,,http_undecided,,,,,,
mostbet-qq1m.xyz,latest,external,https://mostbet.partners/,,needs_browser,,http_undecided,,,,,,
mostbet-qmq86.buzz,latest,external,https://mostbet.partners/,,needs_browser,,http_undecided,,,,,,
mostbet-qna91.sbs,latest,external,https://mostbet.partners/,,needs_browser,,http_undecided,,,,,,
mostbet-qka91.sbs,latest,external,https://mostbet.partners/,,needs_browser,,http_undecided,,,,,,
mostbet-qrt49.top,latest,external,https://mostbet.partners/,,needs_browser,,http_undecided,,,,,,
mostbet-qp.buzz,latest,external,https://mostbet.partners/,,needs_browser,,http_undecided,,,,,,
mostbet-qnm75.cam,latest,external,https://mostbet.partners/,,needs_browser,,http_undecided,,,,,,
mostbet-qqm65.sbs,latest,external,https://mostbet.partners/,,needs_browser,,http_undecided,,,,,,
mostbet-qpj21.top,latest,external,https://mostbet.partners/,,needs_browser,,http_undecided,,,,,,
mostbet-qazaqstan.top,latest,internal_redirect_like,https://mostbet-qazaqstan.top/arcade/registration/,https://uksyxemb.com/casino?registration=1&cid=8297209201&pid=225871&sip=0,mostbet,Mostbet,mostbet_assets,225871,True,Mostbet official website,,,303 https://mostbet-qazaqstan.top/arcade/registration/ → 302 https://qqasd.store/p9sLCq?/registration/ → 302 https://vs66cd75semb.com/7Pbs?sub1=38l6ghi1kphs → 200 https://uksyxemb.com/casino?registration=1&cid=8297209201&pid=225871&sip=0
mostbet-qsv97.cam,latest,external,https://mostbet.partners/,,needs_browser,,http_undecided,,,,,,
mostbet-qoi97.cfd,latest,external,https://mostbet.partners/,,needs_browser,,http_undecided,,,,,,
mostbet-qm.buzz,latest,external,https://mostbet.partners/,,needs_browser,,http_undecided,,,,,,
mostbet-qqw.top,latest,external,https://mostbet.partners/,,needs_browser,,http_undecided,,,,,,
mostbet-qn.buzz,latest,external,https://mostbet.partners/,,needs_browser,,http_undecided,,,,,,
mostbet-qrg96.buzz,latest,external,https://mostbet.partners/,,needs_browser,,http_undecided,,,,,,
mostbet-qth57.top,latest,external,https://mostbet.partners/,,needs_browser,,http_undecided,,,,,,
mostbet-qux66.sbs,latest,external,https://mostbet.partners/,,needs_browser,,http_undecided,,,,,,
mostbet-qu.buzz,latest,external,https://mostbet.partners/,,needs_browser,,http_undecided,,,,,,
mostbet-qpi5.top,latest,external,https://mostbet.partners/,,needs_browser,,http_undecided,,,,,,
mostbet-qya18.top,latest,external,https://mostbet.partners/,,needs_browser,,http_undecided,,,,,,
mostbet-qxl24.buzz,latest,external,https://mostbet.partners/,,needs_browser,,http_undecided,,,,,,
mostbet-qwl13.buzz,latest,external,https://mostbet.partners/,,needs_browser,,http_undecided,,,,,,
mostbet-qts54.top,latest,external,https://mostbet.partners/,,needs_browser,,http_undecided,,,,,,
mostbet-qvk15.sbs,latest,external,https://mostbet.partners/,,needs_browser,,http_undecided,,,,,,
mostbet-qtq.top,latest,external,https://mostbet.partners/,,needs_browser,,http_undecided,,,,,,
mostbet-r6d.ru,latest,external,https://links-go9.top/mostbet_android,https://nvjnacmb.com/casino?registration=1&cid=8297204659&pid=297832&sip=0,mostbet,Mostbet,mostbet_assets,297832,True,Mostbet official website,True,,302 https://links-go9.top/mostbet_android → 302 https://65r08go.com/QFqF → 200 https://nvjnacmb.com/casino?registration=1&cid=8297204659&pid=297832&sip=0
mostbet-r6d.ru,latest,external,https://links-go9.top/mostbet_ios,https://ijwdpnmb.com/casino?registration=1&cid=8297204703&pid=297832&sip=0,mostbet,Mostbet,mostbet_assets,297832,True,Mostbet official website,True,,302 https://links-go9.top/mostbet_ios → 302 https://65r08go.com/QFqF → 200 https://ijwdpnmb.com/casino?registration=1&cid=8297204703&pid=297832&sip=0
mostbet-r6d.ru,latest,external,https://links-go9.top/mostbet,https://nvjnacmb.com/casino?registration=1&cid=8297204719&pid=297832&sip=0,mostbet,Mostbet,mostbet_assets,297832,True,Mostbet official website,True,,302 https://links-go9.top/mostbet → 302 https://65r08go.com/QFqF → 200 https://nvjnacmb.com/casino?registration=1&cid=8297204719&pid=297832&sip=0
mostbet-r6d.ru,latest,external,https://links-go9.top/mostbet_cr,https://ijwdpnmb.com/casino?registration=1&cid=8297204757&pid=297832&sip=0,mostbet,Mostbet,mostbet_assets,297832,True,Mostbet official website,True,,302 https://links-go9.top/mostbet_cr → 302 https://65r08go.com/QFqF → 200 https://ijwdpnmb.com/casino?registration=1&cid=8297204757&pid=297832&sip=0
mostbet-r10q.top,latest,external,https://links-go9.top/mostbet_android,https://nvjnacmb.com/casino?registration=1&cid=8297204659&pid=297832&sip=0,mostbet,Mostbet,mostbet_assets,297832,True,Mostbet official website,True,,302 https://links-go9.top/mostbet_android → 302 https://65r08go.com/QFqF → 200 https://nvjnacmb.com/casino?registration=1&cid=8297204659&pid=297832&sip=0
mostbet-r10q.top,latest,external,https://links-go9.top/mostbet_ios,https://ijwdpnmb.com/casino?registration=1&cid=8297204703&pid=297832&sip=0,mostbet,Mostbet,mostbet_assets,297832,True,Mostbet official website,True,,302 https://links-go9.top/mostbet_ios → 302 https://65r08go.com/QFqF → 200 https://ijwdpnmb.com/casino?registration=1&cid=8297204703&pid=297832&sip=0
mostbet-r10q.top,latest,external,https://links-go9.top/mostbet,https://nvjnacmb.com/casino?registration=1&cid=8297204719&pid=297832&sip=0,mostbet,Mostbet,mostbet_assets,297832,True,Mostbet official website,True,,302 https://links-go9.top/mostbet → 302 https://65r08go.com/QFqF → 200 https://nvjnacmb.com/casino?registration=1&cid=8297204719&pid=297832&sip=0
mostbet-r10q.top,latest,external,https://links-go9.top/mostbet_cr,https://ijwdpnmb.com/casino?registration=1&cid=8297204757&pid=297832&sip=0,mostbet,Mostbet,mostbet_assets,297832,True,Mostbet official website,True,,302 https://links-go9.top/mostbet_cr → 302 https://65r08go.com/QFqF → 200 https://ijwdpnmb.com/casino?registration=1&cid=8297204757&pid=297832&sip=0
mostbet-qyj86.sbs,latest,external,https://mostbet.partners/,,needs_browser,,http_undecided,,,,,,
mostbet-r9q.top,latest,home_redirect,https://mostbet-r9q.top/,https://mostbet-r10q.top/,mostbet,Mostbet,mostbet_assets,,True,,,,
mostbet-qzm72.cam,latest,external,https://mostbet.partners/,,needs_browser,,http_undecided,,,,,,
mostbet-qvn79.buzz,latest,external,https://mostbet.partners/,,needs_browser,,http_undecided,,,,,,
mostbet-qyz17.top,latest,external,https://mostbet.partners/,,needs_browser,,http_undecided,,,,,,
mostbet-qqp4.top,latest,external,https://mostbet.partners/,,needs_browser,,http_undecided,,,,,,
mostbet-quq66.cfd,latest,external,https://mostbet.partners/,,needs_browser,,http_undecided,,,,,,
mostbet-qs.buzz,latest,external,https://mostbet.partners/,,needs_browser,,http_undecided,,,,,,
mostbet-rak89wf.sbs,latest,external,https://mostbet.partners/,,needs_browser,,http_undecided,,,,,,
mostbet-qz.buzz,latest,external,https://mostbet.partners/,,needs_browser,,http_undecided,,,,,,
mostbet-qy.buzz,latest,external,https://mostbet.partners/,,needs_browser,,http_undecided,,,,,,
mostbet-r8q.ru,latest,home_redirect,https://mostbet-r8q.ru/,https://mostbet-r10q.top/,mostbet,Mostbet,mostbet_assets,,True,,,,
mostbet-rcm37.buzz,latest,external,https://mostbet.partners/,,needs_browser,,http_undecided,,,,,,
mostbet-qwp82.cam,latest,external,https://mostbet.partners/,,needs_browser,,http_undecided,,,,,,
mostbet-rating-casino1.top,latest,external,https://mostbet.partners/,,needs_browser,,http_undecided,,,,,,
mostbet-rdm87.sbs,latest,external,https://mostbet.partners/,,needs_browser,,http_undecided,,,,,,
mostbet-rch47.cam,latest,external,https://mostbet.partners/,,needs_browser,,http_undecided,,,,,,
mostbet-register-cz.com,latest,js:script_url,https://mostbet-cz-cz.dietavkrabicce.cz/,https://mostbet-cz-cz.dietavkrabicce.cz/,brand_site,Mostbet,name_only_weak,,False,"Mostbet CZ ⭐️ Bonus 40 000 CZK, online kasino a sportovní sázky",True,,200 https://mostbet-cz-cz.dietavkrabicce.cz/
mostbet-rating-casino2.top,latest,external,https://mostbet.partners/,,needs_browser,,http_undecided,,,,,,
mostbet-rating-casino3.top,latest,external,https://mostbet.partners/,,needs_browser,,http_undecided,,,,,,
mostbet-ral58ho.top,latest,external,https://mostbet.partners/,,needs_browser,,http_undecided,,,,,,
mostbet-rbz71.cam,latest,external,https://mostbet.partners/,,needs_browser,,http_undecided,,,,,,
mostbet-rating-casino.top,latest,external,https://mostbet.partners/,,needs_browser,,http_undecided,,,,,,
mostbet-rdo54.top,latest,external,https://mostbet.partners/,,needs_browser,,http_undecided,,,,,,
mostbet-rdn37.cfd,latest,external,https://mostbet.partners/,,needs_browser,,http_undecided,,,,,,
mostbet-rcn36.buzz,latest,external,https://mostbet.partners/,,needs_browser,,http_undecided,,,,,,
mostbet-qxn.online,latest,external,https://mostbet.partners/,,needs_browser,,http_undecided,,,,,,
mostbet-red.club,latest,external,https://mostbet.partners/,,needs_browser,,http_undecided,,,,,,
mostbet-red.space,latest,external,https://mostbet.partners/,,needs_browser,,http_undecided,,,,,,
mostbet-rcl88.top,latest,external,https://mostbet.partners/,,needs_browser,,http_undecided,,,,,,
mostbet-ph.com,latest,js:data-sf-a,https://regu.mostbet-ph.com?game=mos,,needs_browser,,http_undecided,,,,,,
mostbet-ph.com,latest,js:data-sf-a,https://regu.mostbet-ph.com?game=mos&mapp,,needs_browser,,http_undecided,,,,,,
mostbet-ph.com,latest,internal_page_link,https://www.dmca.com/Protection/Status.aspx?ID=585d130d-61da-4595-a43c-d1b566180c44&refurl=https://mostbet-ph.com/app/,https://www.dmca.com/Protection/Status.aspx?ID=585d130d-61da-4595-a43c-d1b566180c44&refurl=https://mostbet-ph.com/app/,brand_site,Mostbet,name_only_weak,,False,Mostbet App Download APK Latest Version... | Protected by DMCA.com,,,200 https://www.dmca.com/Protection/Status.aspx?ID=585d130d-61da-4595-a43c-d1b566180c44&refurl=https://mostbet-ph.com/app/
mostbet-ph.com,latest,internal_page_link,https://www.dmca.com/Protection/Status.aspx?ID=585d130d-61da-4595-a43c-d1b566180c44&refurl=https://mostbet-ph.com/registration/,https://www.dmca.com/Protection/Status.aspx?ID=585d130d-61da-4595-a43c-d1b566180c44&refurl=https://mostbet-ph.com/registration/,brand_site,Mostbet,name_only_weak,,False,Mostbet Register in the Philippines:... | Protected by DMCA.com,,,200 https://www.dmca.com/Protection/Status.aspx?ID=585d130d-61da-4595-a43c-d1b566180c44&refurl=https://mostbet-ph.com/registration/
mostbet-ph.com,latest,internal_page_link,https://www.dmca.com/Protection/Status.aspx?ID=585d130d-61da-4595-a43c-d1b566180c44&refurl=https://mostbet-ph.com/promo-code/,https://www.dmca.com/Protection/Status.aspx?ID=585d130d-61da-4595-a43c-d1b566180c44&refurl=https://mostbet-ph.com/promo-code/,brand_site,Mostbet,name_only_weak,,False,Mostbet Promo Code 2026: Get Additional... | Protected by DMCA.com,,,200 https://www.dmca.com/Protection/Status.aspx?ID=585d130d-61da-4595-a43c-d1b566180c44&refurl=https://mostbet-ph.com/promo-code/
mostbet-ph.com,latest,external,https://www.dmca.com/Protection/Status.aspx?ID=585d130d-61da-4595-a43c-d1b566180c44&refurl=https://mostbet-ph.com/,https://www.dmca.com/Protection/Status.aspx?ID=585d130d-61da-4595-a43c-d1b566180c44&refurl=https://mostbet-ph.com/,brand_site,Mostbet,name_only_weak,,False,Mostbet Casino - Login to Get Bonus... | Protected by DMCA.com,,,200 https://www.dmca.com/Protection/Status.aspx?ID=585d130d-61da-4595-a43c-d1b566180c44&refurl=https://mostbet-ph.com/
mostbet-rfm83.cam,latest,external,https://mostbet.partners/,,needs_browser,,http_undecided,,,,,,
mostbet-rg2.xyz,latest,external,https://mostbet.partners/,,needs_browser,,http_undecided,,,,,,
mostbet-rfru.buzz,latest,external,https://mostbet.partners/,,needs_browser,,http_undecided,,,,,,
mostbet-rhy95.buzz,latest,external,https://mostbet.partners/,,needs_browser,,http_undecided,,,,,,
mostbet-rgd32ig.sbs,latest,external,https://mostbet.partners/,,needs_browser,,http_undecided,,,,,,
mostbet-rhf15.buzz,latest,external,https://mostbet.partners/,,needs_browser,,http_undecided,,,,,,
mostbet-rje13.cfd,latest,external,https://mostbet.partners/,,needs_browser,,http_undecided,,,,,,
mostbet-rjw18gk.sbs,latest,external,https://mostbet.partners/,,needs_browser,,http_undecided,,,,,,
mostbet-rib77.cfd,latest,external,https://mostbet.partners/,,needs_browser,,http_undecided,,,,,,
mostbet-rjpfm70.cam,latest,external,https://mostbet.partners/,,needs_browser,,http_undecided,,,,,,
mostbet-rocket19.top,latest,external,https://links-go9.top/mostbet_android,https://nvjnacmb.com/casino?registration=1&cid=8297204659&pid=297832&sip=0,mostbet,Mostbet,mostbet_assets,297832,True,Mostbet official website,True,,302 https://links-go9.top/mostbet_android → 302 https://65r08go.com/QFqF → 200 https://nvjnacmb.com/casino?registration=1&cid=8297204659&pid=297832&sip=0
mostbet-rocket19.top,latest,external,https://links-go9.top/mostbet_ios,https://ijwdpnmb.com/casino?registration=1&cid=8297204703&pid=297832&sip=0,mostbet,Mostbet,mostbet_assets,297832,True,Mostbet official website,True,,302 https://links-go9.top/mostbet_ios → 302 https://65r08go.com/QFqF → 200 https://ijwdpnmb.com/casino?registration=1&cid=8297204703&pid=297832&sip=0
mostbet-rocket19.top,latest,external,https://links-go9.top/mostbet,https://nvjnacmb.com/casino?registration=1&cid=8297204719&pid=297832&sip=0,mostbet,Mostbet,mostbet_assets,297832,True,Mostbet official website,True,,302 https://links-go9.top/mostbet → 302 https://65r08go.com/QFqF → 200 https://nvjnacmb.com/casino?registration=1&cid=8297204719&pid=297832&sip=0
mostbet-rocket19.top,latest,external,https://links-go9.top/mostbet_cr,https://ijwdpnmb.com/casino?registration=1&cid=8297204757&pid=297832&sip=0,mostbet,Mostbet,mostbet_assets,297832,True,Mostbet official website,True,,302 https://links-go9.top/mostbet_cr → 302 https://65r08go.com/QFqF → 200 https://ijwdpnmb.com/casino?registration=1&cid=8297204757&pid=297832&sip=0
mostbet-rmh66.cam,latest,external,https://mostbet.partners/,,needs_browser,,http_undecided,,,,,,
mostbet-rkw58.cam,latest,external,https://mostbet.partners/,,needs_browser,,http_undecided,,,,,,
mostbet-rma28.cam,latest,external,https://mostbet.partners/,,needs_browser,,http_undecided,,,,,,
mostbet-roa86.sbs,latest,external,https://mostbet.partners/,,needs_browser,,http_undecided,,,,,,
mostbet-rnk16.cfd,latest,external,https://mostbet.partners/,,needs_browser,,http_undecided,,,,,,
mostbet-rocket18.top,latest,home_redirect,https://mostbet-rocket18.top/,https://mostbet-rocket19.top,mostbet,Mostbet,mostbet_assets,,True,,,,
mostbet-rid.xyz,latest,external,https://mostbet.partners/,,needs_browser,,http_undecided,,,,,,
mostbet-rmi19.cam,latest,external,https://mostbet.partners/,,needs_browser,,http_undecided,,,,,,
mostbet-rocket17.top,latest,home_redirect,https://mostbet-rocket17.top/,https://mostbet-rocket19.top,mostbet,Mostbet,mostbet_assets,,True,,,,
mostbet-rkj39.cfd,latest,external,https://mostbet.partners/,,needs_browser,,http_undecided,,,,,,
mostbet-rqn51.top,latest,external,https://mostbet.partners/,,needs_browser,,http_undecided,,,,,,
mostbet-royaii-new3.xyz,latest,external,https://mostbet.partners/,,needs_browser,,http_undecided,,,,,,
mostbet-rrz18.sbs,latest,external,https://mostbet.partners/,,needs_browser,,http_undecided,,,,,,
mostbet-rqv34.top,latest,external,https://mostbet.partners/,,needs_browser,,http_undecided,,,,,,
mostbet-rpr.lol,latest,external,https://mostbet.partners/,,needs_browser,,http_undecided,,,,,,
mostbet-rox.ru,latest,home_redirect,https://mostbet-rox.ru/,https://mostbet-s4z.ru/,mostbet,Mostbet,mostbet_assets,,True,,,,
mostbet-rty35.cfd,latest,external,https://mostbet.partners/,,needs_browser,,http_undecided,,,,,,
mostbet-royal-new2.xyz,latest,external,https://mostbet.partners/,,needs_browser,,http_undecided,,,,,,
mostbet-royal-new1.xyz,latest,external,https://mostbet.partners/,,needs_browser,,http_undecided,,,,,,
mostbet-rtm23.top,latest,external,https://mostbet.partners/,,needs_browser,,http_undecided,,,,,,
mostbet-rpv58.cfd,latest,external,https://mostbet.partners/,,needs_browser,,http_undecided,,,,,,
mostbet-rtg84.cfd,latest,external,https://mostbet.partners/,,needs_browser,,http_undecided,,,,,,
mostbet-rsq36.top,latest,external,https://mostbet.partners/,,needs_browser,,http_undecided,,,,,,
mostbet-rsc28.cfd,latest,external,https://mostbet.partners/,,needs_browser,,http_undecided,,,,,,
mostbet-rmu.top,latest,external,https://mostbet.partners/,,needs_browser,,http_undecided,,,,,,
mostbet-rtq74.top,latest,external,https://mostbet.partners/,,needs_browser,,http_undecided,,,,,,
mostbet-ru.life,latest,external,https://mostbet.partners/,,needs_browser,,http_undecided,,,,,,
mostbet-rush19.top,latest,external,https://links-go9.top/mostbet_android,https://nvjnacmb.com/casino?registration=1&cid=8297204659&pid=297832&sip=0,mostbet,Mostbet,mostbet_assets,297832,True,Mostbet official website,True,,302 https://links-go9.top/mostbet_android → 302 https://65r08go.com/QFqF → 200 https://nvjnacmb.com/casino?registration=1&cid=8297204659&pid=297832&sip=0
mostbet-rush19.top,latest,external,https://links-go9.top/mostbet_ios,https://ijwdpnmb.com/casino?registration=1&cid=8297204703&pid=297832&sip=0,mostbet,Mostbet,mostbet_assets,297832,True,Mostbet official website,True,,302 https://links-go9.top/mostbet_ios → 302 https://65r08go.com/QFqF → 200 https://ijwdpnmb.com/casino?registration=1&cid=8297204703&pid=297832&sip=0
mostbet-rush19.top,latest,external,https://links-go9.top/mostbet,https://nvjnacmb.com/casino?registration=1&cid=8297204719&pid=297832&sip=0,mostbet,Mostbet,mostbet_assets,297832,True,Mostbet official website,True,,302 https://links-go9.top/mostbet → 302 https://65r08go.com/QFqF → 200 https://nvjnacmb.com/casino?registration=1&cid=8297204719&pid=297832&sip=0
mostbet-rush19.top,latest,external,https://links-go9.top/mostbet_cr,https://ijwdpnmb.com/casino?registration=1&cid=8297204757&pid=297832&sip=0,mostbet,Mostbet,mostbet_assets,297832,True,Mostbet official website,True,,302 https://links-go9.top/mostbet_cr → 302 https://65r08go.com/QFqF → 200 https://ijwdpnmb.com/casino?registration=1&cid=8297204757&pid=297832&sip=0
mostbet-ruo11.buzz,latest,external,https://mostbet.partners/,,needs_browser,,http_undecided,,,,,,
mostbet-rsi.buzz,latest,external,https://mostbet.partners/,,needs_browser,,http_undecided,,,,,,
mostbet-ru2024.buzz,latest,external,https://mostbet.partners/,,needs_browser,,http_undecided,,,,,,
mostbet-rte66.cam,latest,external,https://mostbet.partners/,,needs_browser,,http_undecided,,,,,,
mostbet-rus-site.ru,latest,home_redirect,https://mostbet-rus-site.ru/,https://mostbet-r10q.top/,mostbet,Mostbet,mostbet_assets,,True,,,,
mostbet-rush18.top,latest,home_redirect,https://mostbet-rush18.top/,https://mostbet-rush19.top,mostbet,Mostbet,mostbet_assets,,True,,,,
mostbet-rvs94.cam,latest,external,https://mostbet.partners/,,needs_browser,,http_undecided,,,,,,
mostbet-rus2.club,latest,external,https://mostbet.partners/,,needs_browser,,http_undecided,,,,,,
mostbet-ruc27.top,latest,external,https://mostbet.partners/,,needs_browser,,http_undecided,,,,,,
mostbet-rwm13.sbs,latest,external,https://mostbet.partners/,,needs_browser,,http_undecided,,,,,,
mostbet-rvl82.top,latest,external,https://mostbet.partners/,,needs_browser,,http_undecided,,,,,,
mostbet-ryp29.top,latest,external,https://mostbet.partners/,,needs_browser,,http_undecided,,,,,,
mostbet-rxk57.top,latest,external,https://mostbet.partners/,,needs_browser,,http_undecided,,,,,,
mostbet-rwy2.cam,latest,external,https://mostbet.partners/,,needs_browser,,http_undecided,,,,,,
mostbet-s4z.ru,latest,external,https://links-go9.top/mostbet_android,https://nvjnacmb.com/casino?registration=1&cid=8297204659&pid=297832&sip=0,mostbet,Mostbet,mostbet_assets,297832,True,Mostbet official website,True,,302 https://links-go9.top/mostbet_android → 302 https://65r08go.com/QFqF → 200 https://nvjnacmb.com/casino?registration=1&cid=8297204659&pid=297832&sip=0
mostbet-s4z.ru,latest,external,https://links-go9.top/mostbet_ios,https://ijwdpnmb.com/casino?registration=1&cid=8297204703&pid=297832&sip=0,mostbet,Mostbet,mostbet_assets,297832,True,Mostbet official website,True,,302 https://links-go9.top/mostbet_ios → 302 https://65r08go.com/QFqF → 200 https://ijwdpnmb.com/casino?registration=1&cid=8297204703&pid=297832&sip=0
mostbet-s4z.ru,latest,external,https://links-go9.top/mostbet,https://nvjnacmb.com/casino?registration=1&cid=8297204719&pid=297832&sip=0,mostbet,Mostbet,mostbet_assets,297832,True,Mostbet official website,True,,302 https://links-go9.top/mostbet → 302 https://65r08go.com/QFqF → 200 https://nvjnacmb.com/casino?registration=1&cid=8297204719&pid=297832&sip=0
mostbet-s4z.ru,latest,external,https://links-go9.top/mostbet_cr,https://ijwdpnmb.com/casino?registration=1&cid=8297204757&pid=297832&sip=0,mostbet,Mostbet,mostbet_assets,297832,True,Mostbet official website,True,,302 https://links-go9.top/mostbet_cr → 302 https://65r08go.com/QFqF → 200 https://ijwdpnmb.com/casino?registration=1&cid=8297204757&pid=297832&sip=0
mostbet-rush17.top,latest,home_redirect,https://mostbet-rush17.top/,https://mostbet-rush19.top,mostbet,Mostbet,mostbet_assets,,True,,,,
mostbet-ryr28hl.sbs,latest,external,https://mostbet.partners/,,needs_browser,,http_undecided,,,,,,
mostbet-ryr49.cfd,latest,external,https://mostbet.partners/,,needs_browser,,http_undecided,,,,,,
mostbet-rww98.cfd,latest,external,https://mostbet.partners/,,needs_browser,,http_undecided,,,,,,
mostbet-rw7ixzm.buzz,latest,external,https://mostbet.partners/,,needs_browser,,http_undecided,,,,,,
mostbet-rym66ib.buzz,latest,external,https://mostbet.partners/,,needs_browser,,http_undecided,,,,,,
mostbet-rus27.top,latest,external,https://mostbet.partners/,,needs_browser,,http_undecided,,,,,,
mostbet-sas78.cfd,latest,external,https://mostbet.partners/,,needs_browser,,http_undecided,,,,,,
mostbet-rv.xyz,latest,external,https://mostbet.partners/,,needs_browser,,http_undecided,,,,,,
mostbet-sbk37.cam,latest,external,https://mostbet.partners/,,needs_browser,,http_undecided,,,,,,
mostbet-rzf85.sbs,latest,external,https://mostbet.partners/,,needs_browser,,http_undecided,,,,,,
mostbet-rus3.club,latest,external,https://mostbet.partners/,,needs_browser,,http_undecided,,,,,,
mostbet-sam45.top,latest,external,https://mostbet.partners/,,needs_browser,,http_undecided,,,,,,
mostbet-s6nv.xyz,latest,external,https://mostbet.partners/,,needs_browser,,http_undecided,,,,,,
mostbet-scm33.buzz,latest,external,https://mostbet.partners/,,needs_browser,,http_undecided,,,,,,
mostbet-seo99.cfd,latest,external,https://mostbet.partners/,,needs_browser,,http_undecided,,,,,,
mostbet-ru-site.ru,latest,home_redirect,https://mostbet-ru-site.ru/,https://mostbet-l8t.top,mostbet,Mostbet,mostbet_assets,,True,,,,
mostbet-ryt7.top,latest,external,https://mostbet.partners/,,needs_browser,,http_undecided,,,,,,
mostbet-shr32.buzz,latest,external,https://mostbet.partners/,,needs_browser,,http_undecided,,,,,,
mostbet-sdb35.sbs,latest,external,https://mostbet.partners/,,needs_browser,,http_undecided,,,,,,
mostbet-san36ju.buzz,latest,external,https://mostbet.partners/,,needs_browser,,http_undecided,,,,,,
mostbet-sak89.cam,latest,external,https://mostbet.partners/,,needs_browser,,http_undecided,,,,,,
mostbet-sbm42.cfd,latest,external,https://mostbet.partners/,,needs_browser,,http_undecided,,,,,,
mostbet-sfs26.cfd,latest,external,https://mostbet.partners/,,needs_browser,,http_undecided,,,,,,
mostbet-scl41sw.cfd,latest,external,https://mostbet.partners/,,needs_browser,,http_undecided,,,,,,
mostbet-sfc97.top,latest,external,https://mostbet.partners/,,needs_browser,,http_undecided,,,,,,
mostbet-shark.ru,latest,home_redirect,https://mostbet-shark.ru/,https://mostbet-go2418.top/,mostbet,Mostbet,mostbet_assets,,True,,,,
mostbet-site-review1.top,latest,external,https://links-go9.top/mostbet_android,https://nvjnacmb.com/casino?registration=1&cid=8297204659&pid=297832&sip=0,mostbet,Mostbet,mostbet_assets,297832,True,Mostbet official website,True,,302 https://links-go9.top/mostbet_android → 302 https://65r08go.com/QFqF → 200 https://nvjnacmb.com/casino?registration=1&cid=8297204659&pid=297832&sip=0
mostbet-site-review1.top,latest,external,https://links-go9.top/mostbet_ios,https://ijwdpnmb.com/casino?registration=1&cid=8297204703&pid=297832&sip=0,mostbet,Mostbet,mostbet_assets,297832,True,Mostbet official website,True,,302 https://links-go9.top/mostbet_ios → 302 https://65r08go.com/QFqF → 200 https://ijwdpnmb.com/casino?registration=1&cid=8297204703&pid=297832&sip=0
mostbet-site-review1.top,latest,external,https://links-go9.top/mostbet,https://nvjnacmb.com/casino?registration=1&cid=8297204719&pid=297832&sip=0,mostbet,Mostbet,mostbet_assets,297832,True,Mostbet official website,True,,302 https://links-go9.top/mostbet → 302 https://65r08go.com/QFqF → 200 https://nvjnacmb.com/casino?registration=1&cid=8297204719&pid=297832&sip=0
mostbet-site-review1.top,latest,external,https://links-go9.top/mostbet_cr,https://ijwdpnmb.com/casino?registration=1&cid=8297204757&pid=297832&sip=0,mostbet,Mostbet,mostbet_assets,297832,True,Mostbet official website,True,,302 https://links-go9.top/mostbet_cr → 302 https://65r08go.com/QFqF → 200 https://ijwdpnmb.com/casino?registration=1&cid=8297204757&pid=297832&sip=0
mostbet-site-links247.ru,latest,external,https://links-go9.top/mostbet_android,https://nvjnacmb.com/casino?registration=1&cid=8297204659&pid=297832&sip=0,mostbet,Mostbet,mostbet_assets,297832,True,Mostbet official website,True,,302 https://links-go9.top/mostbet_android → 302 https://65r08go.com/QFqF → 200 https://nvjnacmb.com/casino?registration=1&cid=8297204659&pid=297832&sip=0
mostbet-site-links247.ru,latest,external,https://links-go9.top/mostbet_ios,https://ijwdpnmb.com/casino?registration=1&cid=8297204703&pid=297832&sip=0,mostbet,Mostbet,mostbet_assets,297832,True,Mostbet official website,True,,302 https://links-go9.top/mostbet_ios → 302 https://65r08go.com/QFqF → 200 https://ijwdpnmb.com/casino?registration=1&cid=8297204703&pid=297832&sip=0
mostbet-site-links247.ru,latest,external,https://links-go9.top/mostbet,https://nvjnacmb.com/casino?registration=1&cid=8297204719&pid=297832&sip=0,mostbet,Mostbet,mostbet_assets,297832,True,Mostbet official website,True,,302 https://links-go9.top/mostbet → 302 https://65r08go.com/QFqF → 200 https://nvjnacmb.com/casino?registration=1&cid=8297204719&pid=297832&sip=0
mostbet-site-links247.ru,latest,external,https://links-go9.top/mostbet_cr,https://ijwdpnmb.com/casino?registration=1&cid=8297204757&pid=297832&sip=0,mostbet,Mostbet,mostbet_assets,297832,True,Mostbet official website,True,,302 https://links-go9.top/mostbet_cr → 302 https://65r08go.com/QFqF → 200 https://ijwdpnmb.com/casino?registration=1&cid=8297204757&pid=297832&sip=0
mostbet-sgp24.sbs,latest,external,https://mostbet.partners/,,needs_browser,,http_undecided,,,,,,
mostbet-sja74.buzz,latest,external,https://mostbet.partners/,,needs_browser,,http_undecided,,,,,,
mostbet-site-review.top,latest,home_redirect,https://mostbet-site-review.top/,https://mostbet-site-review1.top,mostbet,Mostbet,mostbet_assets,,True,,,,
mostbet-site-review.ru,latest,home_redirect,https://mostbet-site-review.ru/,https://mostbet-site-review1.top,mostbet,Mostbet,mostbet_assets,,True,,,,
mostbet-sjf64.cfd,latest,external,https://mostbet.partners/,,needs_browser,,http_undecided,,,,,,
mostbet-sjj39.buzz,latest,external,https://mostbet.partners/,,needs_browser,,http_undecided,,,,,,
mostbet-sfn44.buzz,latest,external,https://mostbet.partners/,,needs_browser,,http_undecided,,,,,,
mostbet-sjx36.buzz,latest,external,https://mostbet.partners/,,needs_browser,,http_undecided,,,,,,
mostbet-skachat.ru,latest,external,https://links-go9.top/mostbet,https://nvjnacmb.com/casino?registration=1&cid=8297204719&pid=297832&sip=0,mostbet,Mostbet,mostbet_assets,297832,True,Mostbet official website,True,,302 https://links-go9.top/mostbet → 302 https://65r08go.com/QFqF → 200 https://nvjnacmb.com/casino?registration=1&cid=8297204719&pid=297832&sip=0
mostbet-skachat.ru,latest,external,https://links-go9.top/mostbet_android,https://nvjnacmb.com/casino?registration=1&cid=8297204659&pid=297832&sip=0,mostbet,Mostbet,mostbet_assets,297832,True,Mostbet official website,True,,302 https://links-go9.top/mostbet_android → 302 https://65r08go.com/QFqF → 200 https://nvjnacmb.com/casino?registration=1&cid=8297204659&pid=297832&sip=0
mostbet-skachat.ru,latest,external,https://links-go9.top/mostbet_ios,https://ijwdpnmb.com/casino?registration=1&cid=8297204703&pid=297832&sip=0,mostbet,Mostbet,mostbet_assets,297832,True,Mostbet official website,True,,302 https://links-go9.top/mostbet_ios → 302 https://65r08go.com/QFqF → 200 https://ijwdpnmb.com/casino?registration=1&cid=8297204703&pid=297832&sip=0
mostbet-skachat.ru,latest,external,https://links-go9.top/mostbet_cr,https://ijwdpnmb.com/casino?registration=1&cid=8297204757&pid=297832&sip=0,mostbet,Mostbet,mostbet_assets,297832,True,Mostbet official website,True,,302 https://links-go9.top/mostbet_cr → 302 https://65r08go.com/QFqF → 200 https://ijwdpnmb.com/casino?registration=1&cid=8297204757&pid=297832&sip=0
mostbet-sjl16.cam,latest,external,https://mostbet.partners/,,needs_browser,,http_undecided,,,,,,
mostbet-skachat.top,latest,external,https://mostbet.partners/,,needs_browser,,http_undecided,,,,,,
mostbet-sju42.sbs,latest,external,https://mostbet.partners/,,needs_browser,,http_undecided,,,,,,
mostbet-slm13.sbs,latest,external,https://mostbet.partners/,,needs_browser,,http_undecided,,,,,,
mostbet-site.xyz,latest,external,https://mostbet.partners/,,needs_browser,,http_undecided,,,,,,
mostbet-skm97.cam,latest,external,https://mostbet.partners/,,needs_browser,,http_undecided,,,,,,
mostbet-sld48.sbs,latest,external,https://mostbet.partners/,,needs_browser,,http_undecided,,,,,,
mostbet-slot-casino.ru,latest,home_redirect,https://mostbet-slot-casino.ru/,https://mostbet-alpha17.top/,mostbet,Mostbet,mostbet_assets,,True,,,,
mostbet-slots-gry.pl,latest,internal_redirect_like,https://mostbet-slots-gry.pl/apk/,,needs_browser,,http_undecided,,,,,,
mostbet-slots-gry.pl,latest,external,https://links-go9.top/mostbet,https://nvjnacmb.com/casino?registration=1&cid=8297204719&pid=297832&sip=0,mostbet,Mostbet,mostbet_assets,297832,True,Mostbet official website,True,,302 https://links-go9.top/mostbet → 302 https://65r08go.com/QFqF → 200 https://nvjnacmb.com/casino?registration=1&cid=8297204719&pid=297832&sip=0
mostbet-slots-gry.pl,latest,external,https://links-go9.top/mostbet_android,https://nvjnacmb.com/casino?registration=1&cid=8297204659&pid=297832&sip=0,mostbet,Mostbet,mostbet_assets,297832,True,Mostbet official website,True,,302 https://links-go9.top/mostbet_android → 302 https://65r08go.com/QFqF → 200 https://nvjnacmb.com/casino?registration=1&cid=8297204659&pid=297832&sip=0
mostbet-slots-gry.pl,latest,external,https://links-go9.top/mostbet_ios,https://ijwdpnmb.com/casino?registration=1&cid=8297204703&pid=297832&sip=0,mostbet,Mostbet,mostbet_assets,297832,True,Mostbet official website,True,,302 https://links-go9.top/mostbet_ios → 302 https://65r08go.com/QFqF → 200 https://ijwdpnmb.com/casino?registration=1&cid=8297204703&pid=297832&sip=0
mostbet-slots-gry.pl,latest,external,https://links-go9.top/mostbet_cr,https://ijwdpnmb.com/casino?registration=1&cid=8297204757&pid=297832&sip=0,mostbet,Mostbet,mostbet_assets,297832,True,Mostbet official website,True,,302 https://links-go9.top/mostbet_cr → 302 https://65r08go.com/QFqF → 200 https://ijwdpnmb.com/casino?registration=1&cid=8297204757&pid=297832&sip=0
mostbet-slots-online.pl,latest,internal_redirect_like,https://mostbet-slots-online.pl/apk/,,needs_browser,,http_undecided,,,,,,
mostbet-slots-online.pl,latest,external,https://links-go9.top/mostbet,https://nvjnacmb.com/casino?registration=1&cid=8297204719&pid=297832&sip=0,mostbet,Mostbet,mostbet_assets,297832,True,Mostbet official website,True,,302 https://links-go9.top/mostbet → 302 https://65r08go.com/QFqF → 200 https://nvjnacmb.com/casino?registration=1&cid=8297204719&pid=297832&sip=0
mostbet-slots-online.pl,latest,external,https://links-go9.top/mostbet_android,https://nvjnacmb.com/casino?registration=1&cid=8297204659&pid=297832&sip=0,mostbet,Mostbet,mostbet_assets,297832,True,Mostbet official website,True,,302 https://links-go9.top/mostbet_android → 302 https://65r08go.com/QFqF → 200 https://nvjnacmb.com/casino?registration=1&cid=8297204659&pid=297832&sip=0
mostbet-slots-online.pl,latest,external,https://links-go9.top/mostbet_ios,https://ijwdpnmb.com/casino?registration=1&cid=8297204703&pid=297832&sip=0,mostbet,Mostbet,mostbet_assets,297832,True,Mostbet official website,True,,302 https://links-go9.top/mostbet_ios → 302 https://65r08go.com/QFqF → 200 https://ijwdpnmb.com/casino?registration=1&cid=8297204703&pid=297832&sip=0
mostbet-slots-online.pl,latest,external,https://links-go9.top/mostbet_cr,https://ijwdpnmb.com/casino?registration=1&cid=8297204757&pid=297832&sip=0,mostbet,Mostbet,mostbet_assets,297832,True,Mostbet official website,True,,302 https://links-go9.top/mostbet_cr → 302 https://65r08go.com/QFqF → 200 https://ijwdpnmb.com/casino?registration=1&cid=8297204757&pid=297832&sip=0
mostbet-sob28.cam,latest,external,https://mostbet.partners/,,needs_browser,,http_undecided,,,,,,
mostbet-sml63.buzz,latest,external,https://mostbet.partners/,,needs_browser,,http_undecided,,,,,,
mostbet-smw32.cfd,latest,external,https://mostbet.partners/,,needs_browser,,http_undecided,,,,,,
mostbet-snm46.cam,latest,external,https://mostbet.partners/,,needs_browser,,http_undecided,,,,,,
mostbet-spin18.top,latest,external,https://links-go9.top/mostbet_android,https://nvjnacmb.com/casino?registration=1&cid=8297204659&pid=297832&sip=0,mostbet,Mostbet,mostbet_assets,297832,True,Mostbet official website,True,,302 https://links-go9.top/mostbet_android → 302 https://65r08go.com/QFqF → 200 https://nvjnacmb.com/casino?registration=1&cid=8297204659&pid=297832&sip=0
mostbet-spin18.top,latest,external,https://links-go9.top/mostbet_ios,https://ijwdpnmb.com/casino?registration=1&cid=8297204703&pid=297832&sip=0,mostbet,Mostbet,mostbet_assets,297832,True,Mostbet official website,True,,302 https://links-go9.top/mostbet_ios → 302 https://65r08go.com/QFqF → 200 https://ijwdpnmb.com/casino?registration=1&cid=8297204703&pid=297832&sip=0
mostbet-spin18.top,latest,external,https://links-go9.top/mostbet,https://nvjnacmb.com/casino?registration=1&cid=8297204719&pid=297832&sip=0,mostbet,Mostbet,mostbet_assets,297832,True,Mostbet official website,True,,302 https://links-go9.top/mostbet → 302 https://65r08go.com/QFqF → 200 https://nvjnacmb.com/casino?registration=1&cid=8297204719&pid=297832&sip=0
mostbet-spin18.top,latest,external,https://links-go9.top/mostbet_cr,https://ijwdpnmb.com/casino?registration=1&cid=8297204757&pid=297832&sip=0,mostbet,Mostbet,mostbet_assets,297832,True,Mostbet official website,True,,302 https://links-go9.top/mostbet_cr → 302 https://65r08go.com/QFqF → 200 https://ijwdpnmb.com/casino?registration=1&cid=8297204757&pid=297832&sip=0
mostbet-snm78.cam,latest,external,https://mostbet.partners/,,needs_browser,,http_undecided,,,,,,
mostbet-sp1.top,latest,external,https://links-go9.top/mostbet_android,https://nvjnacmb.com/casino?registration=1&cid=8297204659&pid=297832&sip=0,mostbet,Mostbet,mostbet_assets,297832,True,Mostbet official website,True,,302 https://links-go9.top/mostbet_android → 302 https://65r08go.com/QFqF → 200 https://nvjnacmb.com/casino?registration=1&cid=8297204659&pid=297832&sip=0
mostbet-sp1.top,latest,external,https://links-go9.top/mostbet_ios,https://ijwdpnmb.com/casino?registration=1&cid=8297204703&pid=297832&sip=0,mostbet,Mostbet,mostbet_assets,297832,True,Mostbet official website,True,,302 https://links-go9.top/mostbet_ios → 302 https://65r08go.com/QFqF → 200 https://ijwdpnmb.com/casino?registration=1&cid=8297204703&pid=297832&sip=0
mostbet-sp1.top,latest,external,https://links-go9.top/mostbet,https://nvjnacmb.com/casino?registration=1&cid=8297204719&pid=297832&sip=0,mostbet,Mostbet,mostbet_assets,297832,True,Mostbet official website,True,,302 https://links-go9.top/mostbet → 302 https://65r08go.com/QFqF → 200 https://nvjnacmb.com/casino?registration=1&cid=8297204719&pid=297832&sip=0
mostbet-sp1.top,latest,external,https://links-go9.top/mostbet_cr,https://ijwdpnmb.com/casino?registration=1&cid=8297204757&pid=297832&sip=0,mostbet,Mostbet,mostbet_assets,297832,True,Mostbet official website,True,,302 https://links-go9.top/mostbet_cr → 302 https://65r08go.com/QFqF → 200 https://ijwdpnmb.com/casino?registration=1&cid=8297204757&pid=297832&sip=0
mostbet-sport-top.ru,latest,external,https://links-go9.top/mostbet_android,https://nvjnacmb.com/casino?registration=1&cid=8297204659&pid=297832&sip=0,mostbet,Mostbet,mostbet_assets,297832,True,Mostbet official website,True,,302 https://links-go9.top/mostbet_android → 302 https://65r08go.com/QFqF → 200 https://nvjnacmb.com/casino?registration=1&cid=8297204659&pid=297832&sip=0
mostbet-sport-top.ru,latest,external,https://links-go9.top/mostbet_ios,https://ijwdpnmb.com/casino?registration=1&cid=8297204703&pid=297832&sip=0,mostbet,Mostbet,mostbet_assets,297832,True,Mostbet official website,True,,302 https://links-go9.top/mostbet_ios → 302 https://65r08go.com/QFqF → 200 https://ijwdpnmb.com/casino?registration=1&cid=8297204703&pid=297832&sip=0
mostbet-sport-top.ru,latest,external,https://links-go9.top/mostbet,https://nvjnacmb.com/casino?registration=1&cid=8297204719&pid=297832&sip=0,mostbet,Mostbet,mostbet_assets,297832,True,Mostbet official website,True,,302 https://links-go9.top/mostbet → 302 https://65r08go.com/QFqF → 200 https://nvjnacmb.com/casino?registration=1&cid=8297204719&pid=297832&sip=0
mostbet-sport-top.ru,latest,external,https://links-go9.top/mostbet_cr,https://ijwdpnmb.com/casino?registration=1&cid=8297204757&pid=297832&sip=0,mostbet,Mostbet,mostbet_assets,297832,True,Mostbet official website,True,,302 https://links-go9.top/mostbet_cr → 302 https://65r08go.com/QFqF → 200 https://ijwdpnmb.com/casino?registration=1&cid=8297204757&pid=297832&sip=0
mostbet-spin17.top,latest,home_redirect,https://mostbet-spin17.top/,https://mostbet-spin18.top/,mostbet,Mostbet,mostbet_assets,,True,,,,
mostbet-spinup17.top,latest,home_redirect,https://mostbet-spinup17.top/,https://mostbet-sp1.top/,mostbet,Mostbet,mostbet_assets,,True,,,,
mostbet-smc85.cfd,latest,external,https://mostbet.partners/,,needs_browser,,http_undecided,,,,,,
mostbet-sqd73.top,latest,external,https://mostbet.partners/,,needs_browser,,http_undecided,,,,,,
mostbet-srg84.cfd,latest,external,https://mostbet.partners/,,needs_browser,,http_undecided,,,,,,
mostbet-sqa58.top,latest,external,https://mostbet.partners/,,needs_browser,,http_undecided,,,,,,
mostbet-srj43.buzz,latest,external,https://mostbet.partners/,,needs_browser,,http_undecided,,,,,,
mostbet-sloty.top,latest,external,https://mostbet.partners/,,needs_browser,,http_undecided,,,,,,
mostbet-spo28.buzz,latest,external,https://mostbet.partners/,,needs_browser,,http_undecided,,,,,,
mostbet-sqt56.sbs,latest,external,https://mostbet.partners/,,needs_browser,,http_undecided,,,,,,
mostbet-sonic.ru,latest,home_redirect,https://mostbet-sonic.ru/,https://mostbet-c6m.ru/,mostbet,Mostbet,mostbet_assets,,True,,,,
mostbet-spw6.cam,latest,external,https://mostbet.partners/,,needs_browser,,http_undecided,,,,,,
mostbet-stq94lr.cfd,latest,external,https://mostbet.partners/,,needs_browser,,http_undecided,,,,,,
mostbet-stf88.cfd,latest,external,https://mostbet.partners/,,needs_browser,,http_undecided,,,,,,
mostbet-stavim1.top,latest,external,https://links-go9.top/mostbet_android,https://nvjnacmb.com/casino?registration=1&cid=8297204659&pid=297832&sip=0,mostbet,Mostbet,mostbet_assets,297832,True,Mostbet official website,True,,302 https://links-go9.top/mostbet_android → 302 https://65r08go.com/QFqF → 200 https://nvjnacmb.com/casino?registration=1&cid=8297204659&pid=297832&sip=0
mostbet-stavim1.top,latest,external,https://links-go9.top/mostbet_ios,https://ijwdpnmb.com/casino?registration=1&cid=8297204703&pid=297832&sip=0,mostbet,Mostbet,mostbet_assets,297832,True,Mostbet official website,True,,302 https://links-go9.top/mostbet_ios → 302 https://65r08go.com/QFqF → 200 https://ijwdpnmb.com/casino?registration=1&cid=8297204703&pid=297832&sip=0
mostbet-stavim1.top,latest,external,https://links-go9.top/mostbet,https://nvjnacmb.com/casino?registration=1&cid=8297204719&pid=297832&sip=0,mostbet,Mostbet,mostbet_assets,297832,True,Mostbet official website,True,,302 https://links-go9.top/mostbet → 302 https://65r08go.com/QFqF → 200 https://nvjnacmb.com/casino?registration=1&cid=8297204719&pid=297832&sip=0
mostbet-stavim1.top,latest,external,https://links-go9.top/mostbet_cr,https://ijwdpnmb.com/casino?registration=1&cid=8297204757&pid=297832&sip=0,mostbet,Mostbet,mostbet_assets,297832,True,Mostbet official website,True,,302 https://links-go9.top/mostbet_cr → 302 https://65r08go.com/QFqF → 200 https://ijwdpnmb.com/casino?registration=1&cid=8297204757&pid=297832&sip=0
mostbet-sport-topsport.ru,latest,home_redirect,https://mostbet-sport-topsport.ru/,https://mostbet-sport-topsport3.top,mostbet,Mostbet,mostbet_assets,,True,,,,
mostbet-stavim.ru,latest,home_redirect,https://mostbet-stavim.ru/,https://mostbet-stavim1.top,mostbet,Mostbet,mostbet_assets,,True,,,,
mostbet-sport-topsport2.top,latest,home_redirect,https://mostbet-sport-topsport2.top/,https://mostbet-sport-topsport3.top,mostbet,Mostbet,mostbet_assets,,True,,,,
mostbet-stavim.top,latest,home_redirect,https://mostbet-stavim.top/,https://mostbet-stavim1.top,mostbet,Mostbet,mostbet_assets,,True,,,,
mostbet-swg39.cfd,latest,external,https://mostbet.partners/,,needs_browser,,http_undecided,,,,,,
mostbet-svi34.sbs,latest,external,https://mostbet.partners/,,needs_browser,,http_undecided,,,,,,
mostbet-swr91.buzz,latest,external,https://mostbet.partners/,,needs_browser,,http_undecided,,,,,,
mostbet-std7.buzz,latest,external,https://mostbet.partners/,,needs_browser,,http_undecided,,,,,,
mostbet-sug.top,latest,external,https://mostbet.partners/,,needs_browser,,http_undecided,,,,,,
mostbet-sxw67.top,latest,external,https://mostbet.partners/,,needs_browser,,http_undecided,,,,,,
mostbet-swb46.cfd,latest,external,https://mostbet.partners/,,needs_browser,,http_undecided,,,,,,
mostbet-sui51.cfd,latest,external,https://mostbet.partners/,,needs_browser,,http_undecided,,,,,,
mostbet-sport-topsport1.top,latest,home_redirect,https://mostbet-sport-topsport1.top/,https://mostbet-sport-topsport3.top,mostbet,Mostbet,mostbet_assets,,True,,,,
mostbet-sxh72.buzz,latest,external,https://mostbet.partners/,,needs_browser,,http_undecided,,,,,,
mostbet-sxz16.buzz,latest,external,https://mostbet.partners/,,needs_browser,,http_undecided,,,,,,
mostbet-stavki1.ru,latest,home_redirect,https://mostbet-stavki1.ru/,https://mostbet-zonebet18.top/,mostbet,Mostbet,mostbet_assets,,True,,,,
mostbet-swz18.buzz,latest,external,https://mostbet.partners/,,needs_browser,,http_undecided,,,,,,
mostbet-sto9.cam,latest,external,https://mostbet.partners/,,needs_browser,,http_undecided,,,,,,
mostbet-svw24.cam,latest,external,https://mostbet.partners/,,needs_browser,,http_undecided,,,,,,
mostbet-sxy0142.buzz,latest,external,https://mostbet.partners/,,needs_browser,,http_undecided,,,,,,
mostbet-t1xb.xyz,latest,external,https://mostbet.partners/,,needs_browser,,http_undecided,,,,,,
mostbet-szp63.cfd,latest,external,https://mostbet.partners/,,needs_browser,,http_undecided,,,,,,
mostbet-szo33kv.cfd,latest,external,https://mostbet.partners/,,needs_browser,,http_undecided,,,,,,
mostbet-tbk37.buzz,latest,external,https://mostbet.partners/,,needs_browser,,http_undecided,,,,,,
mostbet-sug4.buzz,latest,external,https://mostbet.partners/,,needs_browser,,http_undecided,,,,,,
mostbet-tdg41.cfd,latest,external,https://mostbet.partners/,,needs_browser,,http_undecided,,,,,,
mostbet-stz41.cfd,latest,external,https://mostbet.partners/,,needs_browser,,http_undecided,,,,,,
mostbet-tbrxa1p.buzz,latest,external,https://mostbet.partners/,,needs_browser,,http_undecided,,,,,,
mostbet-tcv83.cam,latest,external,https://mostbet.partners/,,needs_browser,,http_undecided,,,,,,
mostbet-tav66.cam,latest,external,https://mostbet.partners/,,needs_browser,,http_undecided,,,,,,
mostbet-tbd64.top,latest,external,https://mostbet.partners/,,needs_browser,,http_undecided,,,,,,
mostbet-sx0iyru.buzz,latest,external,https://mostbet.partners/,,needs_browser,,http_undecided,,,,,,
mostbet-tcj35.sbs,latest,external,https://mostbet.partners/,,needs_browser,,http_undecided,,,,,,
mostbet-t7q.ru,latest,home_redirect,https://mostbet-t7q.ru/,https://mostbet-casino-0tq.top/,mostbet,Mostbet,mostbet_assets,,True,,,,
mostbet-t2q.ru,latest,home_redirect,https://mostbet-t2q.ru/,https://mostbet-casino-t1q.top,mostbet,Mostbet,mostbet_assets,,True,,,,
mostbet-tes35.cam,latest,external,https://mostbet.partners/,,needs_browser,,http_undecided,,,,,,
mostbet-tdw56.sbs,latest,external,https://mostbet.partners/,,needs_browser,,http_undecided,,,,,,
mostbet-tas37.top,latest,external,https://mostbet.partners/,,needs_browser,,http_undecided,,,,,,
mostbet-tek27.cfd,latest,external,https://mostbet.partners/,,needs_browser,,http_undecided,,,,,,
mostbet-t3o9.xyz,latest,external,https://mostbet.partners/,,needs_browser,,http_undecided,,,,,,
mostbet-tfm57.buzz,latest,external,https://mostbet.partners/,,needs_browser,,http_undecided,,,,,,
mostbet-t4xj2gg.buzz,latest,external,https://mostbet.partners/,,needs_browser,,http_undecided,,,,,,
mostbet-tgt98.cam,latest,external,https://mostbet.partners/,,needs_browser,,http_undecided,,,,,,
mostbet-thy53.buzz,latest,external,https://mostbet.partners/,,needs_browser,,http_undecided,,,,,,
mostbet-tin68.cfd,latest,external,https://mostbet.partners/,,needs_browser,,http_undecided,,,,,,
mostbet-tik65.top,latest,external,https://mostbet.partners/,,needs_browser,,http_undecided,,,,,,
mostbet-tar.xyz,latest,external,https://mostbet.partners/,,needs_browser,,http_undecided,,,,,,
mostbet-t3n6b90.top,latest,external,https://mostbet.partners/,,needs_browser,,http_undecided,,,,,,
mostbet-tkz81.sbs,latest,external,https://mostbet.partners/,,needs_browser,,http_undecided,,,,,,
mostbet-tdj6.buzz,latest,external,https://mostbet.partners/,,needs_browser,,http_undecided,,,,,,
mostbet-tdm46sf.cfd,latest,external,https://mostbet.partners/,,needs_browser,,http_undecided,,,,,,
mostbet-tfr48.cfd,latest,external,https://mostbet.partners/,,needs_browser,,http_undecided,,,,,,
mostbet-tko58.sbs,latest,external,https://mostbet.partners/,,needs_browser,,http_undecided,,,,,,
mostbet-ted31.cam,latest,external,https://mostbet.partners/,,needs_browser,,http_undecided,,,,,,
mostbet-tdk.cam,latest,external,https://mostbet.partners/,,needs_browser,,http_undecided,,,,,,
mostbet-tgn92.cam,latest,external,https://mostbet.partners/,,needs_browser,,http_undecided,,,,,,
mostbet-tlo54.buzz,latest,external,https://mostbet.partners/,,needs_browser,,http_undecided,,,,,,
mostbet-tgk54.cam,latest,external,https://mostbet.partners/,,needs_browser,,http_undecided,,,,,,
mostbet-tfe91.cam,latest,external,https://mostbet.partners/,,needs_browser,,http_undecided,,,,,,
mostbet-tom47.cam,latest,external,https://mostbet.partners/,,needs_browser,,http_undecided,,,,,,
mostbet-tol81.cfd,latest,external,https://mostbet.partners/,,needs_browser,,http_undecided,,,,,,
mostbet-tjc85.top,latest,external,https://mostbet.partners/,,needs_browser,,http_undecided,,,,,,
mostbet-ton36.cfd,latest,external,https://mostbet.partners/,,needs_browser,,http_undecided,,,,,,
mostbet-tnx75.buzz,latest,external,https://mostbet.partners/,,needs_browser,,http_undecided,,,,,,
mostbet-top4.top,latest,external,https://links-go9.top/mostbet_android,https://nvjnacmb.com/casino?registration=1&cid=8297204659&pid=297832&sip=0,mostbet,Mostbet,mostbet_assets,297832,True,Mostbet official website,True,,302 https://links-go9.top/mostbet_android → 302 https://65r08go.com/QFqF → 200 https://nvjnacmb.com/casino?registration=1&cid=8297204659&pid=297832&sip=0
mostbet-top4.top,latest,external,https://links-go9.top/mostbet_ios,https://ijwdpnmb.com/casino?registration=1&cid=8297204703&pid=297832&sip=0,mostbet,Mostbet,mostbet_assets,297832,True,Mostbet official website,True,,302 https://links-go9.top/mostbet_ios → 302 https://65r08go.com/QFqF → 200 https://ijwdpnmb.com/casino?registration=1&cid=8297204703&pid=297832&sip=0
mostbet-top4.top,latest,external,https://links-go9.top/mostbet,https://nvjnacmb.com/casino?registration=1&cid=8297204719&pid=297832&sip=0,mostbet,Mostbet,mostbet_assets,297832,True,Mostbet official website,True,,302 https://links-go9.top/mostbet → 302 https://65r08go.com/QFqF → 200 https://nvjnacmb.com/casino?registration=1&cid=8297204719&pid=297832&sip=0
mostbet-top4.top,latest,external,https://links-go9.top/mostbet_cr,https://ijwdpnmb.com/casino?registration=1&cid=8297204757&pid=297832&sip=0,mostbet,Mostbet,mostbet_assets,297832,True,Mostbet official website,True,,302 https://links-go9.top/mostbet_cr → 302 https://65r08go.com/QFqF → 200 https://ijwdpnmb.com/casino?registration=1&cid=8297204757&pid=297832&sip=0
mostbet-tni5.cam,latest,external,https://mostbet.partners/,,needs_browser,,http_undecided,,,,,,
mostbet-top3.top,latest,home_redirect,https://mostbet-top3.top/,https://mostbet-top4.top,mostbet,Mostbet,mostbet_assets,,True,,,,
mostbet-top.top,latest,home_redirect,https://mostbet-top.top/,https://mostbet-top4.top,mostbet,Mostbet,mostbet_assets,,True,,,,
mostbet-top2.top,latest,home_redirect,https://mostbet-top2.top/,https://mostbet-top4.top,mostbet,Mostbet,mostbet_assets,,True,,,,
mostbet-top1.ru,latest,home_redirect,https://mostbet-top1.ru/,https://mostbet-xsw3.top/,mostbet,Mostbet,mostbet_assets,,True,,,,
mostbet-top1.top,latest,home_redirect,https://mostbet-top1.top/,https://mostbet-top4.top,mostbet,Mostbet,mostbet_assets,,True,,,,
mostbet-today.ru,latest,home_redirect,https://mostbet-today.ru/,https://mostbet-casino-w1f.top,mostbet,Mostbet,mostbet_assets,,True,,,,
mostbet-tqb91.buzz,latest,external,https://mostbet.partners/,,needs_browser,,http_undecided,,,,,,
mostbet-tqr71.top,latest,external,https://mostbet.partners/,,needs_browser,,http_undecided,,,,,,
mostbet-top-bet.ru,latest,home_redirect,https://mostbet-top-bet.ru/,https://mostbet-maxwin19.top,mostbet,Mostbet,mostbet_assets,,True,,,,
mostbet-trm18.top,latest,external,https://links-go9.top/mostbet_android,https://nvjnacmb.com/casino?registration=1&cid=8297204659&pid=297832&sip=0,mostbet,Mostbet,mostbet_assets,297832,True,Mostbet official website,True,,302 https://links-go9.top/mostbet_android → 302 https://65r08go.com/QFqF → 200 https://nvjnacmb.com/casino?registration=1&cid=8297204659&pid=297832&sip=0
mostbet-trm18.top,latest,external,https://links-go9.top/mostbet_ios,https://ijwdpnmb.com/casino?registration=1&cid=8297204703&pid=297832&sip=0,mostbet,Mostbet,mostbet_assets,297832,True,Mostbet official website,True,,302 https://links-go9.top/mostbet_ios → 302 https://65r08go.com/QFqF → 200 https://ijwdpnmb.com/casino?registration=1&cid=8297204703&pid=297832&sip=0
mostbet-trm18.top,latest,external,https://links-go9.top/mostbet,https://nvjnacmb.com/casino?registration=1&cid=8297204719&pid=297832&sip=0,mostbet,Mostbet,mostbet_assets,297832,True,Mostbet official website,True,,302 https://links-go9.top/mostbet → 302 https://65r08go.com/QFqF → 200 https://nvjnacmb.com/casino?registration=1&cid=8297204719&pid=297832&sip=0
mostbet-trm18.top,latest,external,https://links-go9.top/mostbet_cr,https://ijwdpnmb.com/casino?registration=1&cid=8297204757&pid=297832&sip=0,mostbet,Mostbet,mostbet_assets,297832,True,Mostbet official website,True,,302 https://links-go9.top/mostbet_cr → 302 https://65r08go.com/QFqF → 200 https://ijwdpnmb.com/casino?registration=1&cid=8297204757&pid=297832&sip=0
mostbet-tnz.xyz,latest,external,https://mostbet.partners/,,needs_browser,,http_undecided,,,,,,
mostbet-trg93.cfd,latest,external,https://mostbet.partners/,,needs_browser,,http_undecided,,,,,,
mostbet-trm16.top,latest,external,https://mostbet.partners/,,needs_browser,,http_undecided,,,,,,
mostbet-trg5.buzz,latest,external,https://mostbet.partners/,,needs_browser,,http_undecided,,,,,,
mostbet-trm17.top,latest,home_redirect,https://mostbet-trm17.top/,https://mostbet-trm18.top/,mostbet,Mostbet,mostbet_assets,,True,,,,
mostbet-tr1.ru,latest,home_redirect,https://mostbet-tr1.ru/,https://mostbet-arena18.top/,mostbet,Mostbet,mostbet_assets,,True,,,,
mostbet-trm14.top,latest,home_redirect,https://mostbet-trm14.top/,https://mostbet-trm18.top/,mostbet,Mostbet,mostbet_assets,,True,,,,
mostbet-trm15.top,latest,home_redirect,https://mostbet-trm15.top/,https://mostbet-trm18.top/,mostbet,Mostbet,mostbet_assets,,True,,,,
mostbet-turbo21.top,latest,external,https://links-go9.top/mostbet_android,https://nvjnacmb.com/casino?registration=1&cid=8297204659&pid=297832&sip=0,mostbet,Mostbet,mostbet_assets,297832,True,Mostbet official website,True,,302 https://links-go9.top/mostbet_android → 302 https://65r08go.com/QFqF → 200 https://nvjnacmb.com/casino?registration=1&cid=8297204659&pid=297832&sip=0
mostbet-turbo21.top,latest,external,https://links-go9.top/mostbet_ios,https://ijwdpnmb.com/casino?registration=1&cid=8297204703&pid=297832&sip=0,mostbet,Mostbet,mostbet_assets,297832,True,Mostbet official website,True,,302 https://links-go9.top/mostbet_ios → 302 https://65r08go.com/QFqF → 200 https://ijwdpnmb.com/casino?registration=1&cid=8297204703&pid=297832&sip=0
mostbet-turbo21.top,latest,external,https://links-go9.top/mostbet,https://nvjnacmb.com/casino?registration=1&cid=8297204719&pid=297832&sip=0,mostbet,Mostbet,mostbet_assets,297832,True,Mostbet official website,True,,302 https://links-go9.top/mostbet → 302 https://65r08go.com/QFqF → 200 https://nvjnacmb.com/casino?registration=1&cid=8297204719&pid=297832&sip=0
mostbet-turbo21.top,latest,external,https://links-go9.top/mostbet_cr,https://ijwdpnmb.com/casino?registration=1&cid=8297204757&pid=297832&sip=0,mostbet,Mostbet,mostbet_assets,297832,True,Mostbet official website,True,,302 https://links-go9.top/mostbet_cr → 302 https://65r08go.com/QFqF → 200 https://ijwdpnmb.com/casino?registration=1&cid=8297204757&pid=297832&sip=0
mostbet-tpg0.top,latest,external,https://mostbet.partners/,,needs_browser,,http_undecided,,,,,,
mostbet-tter1.top,latest,external,https://mostbet.partners/,,needs_browser,,http_undecided,,,,,,
mostbet-ttm79.top,latest,external,https://mostbet.partners/,,needs_browser,,http_undecided,,,,,,
mostbet-ttm21.buzz,latest,external,https://mostbet.partners/,,needs_browser,,http_undecided,,,,,,
mostbet-ttr.xyz,latest,external,https://mostbet.partners/,,needs_browser,,http_undecided,,,,,,
mostbet-turbo20.top,latest,home_redirect,https://mostbet-turbo20.top/,https://mostbet-turbo21.top,mostbet,Mostbet,mostbet_assets,,True,,,,
mostbet-turbo19.top,latest,home_redirect,https://mostbet-turbo19.top/,https://mostbet-turbo21.top,mostbet,Mostbet,mostbet_assets,,True,,,,
mostbet-ttu26.buzz,latest,external,https://mostbet.partners/,,needs_browser,,http_undecided,,,,,,
mostbet-turbo18.top,latest,home_redirect,https://mostbet-turbo18.top/,https://mostbet-turbo21.top,mostbet,Mostbet,mostbet_assets,,True,,,,
mostbet-turbo17.top,latest,home_redirect,https://mostbet-turbo17.top/,https://mostbet-turbo21.top,mostbet,Mostbet,mostbet_assets,,True,,,,
mostbet-tww81.sbs,latest,external,https://mostbet.partners/,,needs_browser,,http_undecided,,,,,,
mostbet-tuw28.cfd,latest,external,https://mostbet.partners/,,needs_browser,,http_undecided,,,,,,
mostbet-txc8.cam,latest,external,https://mostbet.partners/,,needs_browser,,http_undecided,,,,,,
mostbet-tyk33.top,latest,external,https://mostbet.partners/,,needs_browser,,http_undecided,,,,,,
mostbet-txm0.buzz,latest,external,https://mostbet.partners/,,needs_browser,,http_undecided,,,,,,
mostbet-tk.com,latest,js:data-href:b64,https://r7ycnmimb.com/QFUU,https://dokodvmb.com/casino?registration=1&cid=8297208009&pid=122988&sip=0,mostbet,Mostbet,mostbet_assets,122988,True,Mostbet official website,True,,302 https://r7ycnmimb.com/QFUU → 200 https://dokodvmb.com/casino?registration=1&cid=8297208009&pid=122988&sip=0
mostbet-twj51.buzz,latest,external,https://mostbet.partners/,,needs_browser,,http_undecided,,,,,,
mostbet-ty2.top,latest,external,https://mostbet.partners/,,needs_browser,,http_undecided,,,,,,
mostbet-two7.top,latest,external,https://mostbet.partners/,,needs_browser,,http_undecided,,,,,,
mostbet-twv69.buzz,latest,external,https://mostbet.partners/,,needs_browser,,http_undecided,,,,,,
mostbet-ucl14.buzz,latest,external,https://mostbet.partners/,,needs_browser,,http_undecided,,,,,,
mostbet-tza.xyz,latest,external,https://mostbet.partners/,,needs_browser,,http_undecided,,,,,,
mostbet-tzb92.cfd,latest,external,https://mostbet.partners/,,needs_browser,,http_undecided,,,,,,
mostbet-tzw92.sbs,latest,external,https://mostbet.partners/,,needs_browser,,http_undecided,,,,,,
mostbet-ucc0.top,latest,external,https://mostbet.partners/,,needs_browser,,http_undecided,,,,,,
mostbet-ucd6.buzz,latest,external,https://mostbet.partners/,,needs_browser,,http_undecided,,,,,,
mostbet-tzo82yy.buzz,latest,external,https://mostbet.partners/,,needs_browser,,http_undecided,,,,,,
mostbet-trgirs.com,latest,js:data-href:b64,https://r7ycnmimb.com/QFUU,https://dokodvmb.com/casino?registration=1&cid=8297208009&pid=122988&sip=0,mostbet,Mostbet,mostbet_assets,122988,True,Mostbet official website,True,,302 https://r7ycnmimb.com/QFUU → 200 https://dokodvmb.com/casino?registration=1&cid=8297208009&pid=122988&sip=0
mostbet-u9c.ru,latest,home_redirect,https://mostbet-u9c.ru/,https://mostbet-casino-1uc.top/,mostbet,Mostbet,mostbet_assets,,True,,,,
mostbet-trgirs1.com,latest,js:data-href:b64,https://r7ycnmimb.com/QFUU,https://dokodvmb.com/casino?registration=1&cid=8297208009&pid=122988&sip=0,mostbet,Mostbet,mostbet_assets,122988,True,Mostbet official website,True,,302 https://r7ycnmimb.com/QFUU → 200 https://dokodvmb.com/casino?registration=1&cid=8297208009&pid=122988&sip=0
mostbet-ugs84.cam,latest,external,https://mostbet.partners/,,needs_browser,,http_undecided,,,,,,
mostbet-ued14.buzz,latest,external,https://mostbet.partners/,,needs_browser,,http_undecided,,,,,,
mostbet-ukl56.cam,latest,external,https://mostbet.partners/,,needs_browser,,http_undecided,,,,,,
mostbet-ulc34.cam,latest,external,https://mostbet.partners/,,needs_browser,,http_undecided,,,,,,
mostbet-ujx16.cfd,latest,external,https://mostbet.partners/,,needs_browser,,http_undecided,,,,,,
mostbet-ufd73.sbs,latest,external,https://mostbet.partners/,,needs_browser,,http_undecided,,,,,,
mostbet-udk12.buzz,latest,external,https://mostbet.partners/,,needs_browser,,http_undecided,,,,,,
mostbet-tya1.buzz,latest,external,https://mostbet.partners/,,needs_browser,,http_undecided,,,,,,
mostbet-ucxwfbp.top,latest,external,https://mostbet.partners/,,needs_browser,,http_undecided,,,,,,
mostbet-ulf46.sbs,latest,external,https://mostbet.partners/,,needs_browser,,http_undecided,,,,,,
mostbet-ucg94gr.cam,latest,external,https://mostbet.partners/,,needs_browser,,http_undecided,,,,,,
mostbet-turk.com,latest,js:data-href:b64,https://r7ycnmimb.com/QFUU,https://dokodvmb.com/casino?registration=1&cid=8297208009&pid=122988&sip=0,mostbet,Mostbet,mostbet_assets,122988,True,Mostbet official website,True,,302 https://r7ycnmimb.com/QFUU → 200 https://dokodvmb.com/casino?registration=1&cid=8297208009&pid=122988&sip=0
mostbet-ujd5.cam,latest,external,https://mostbet.partners/,,needs_browser,,http_undecided,,,,,,
mostbet-uqc49.buzz,latest,external,https://mostbet.partners/,,needs_browser,,http_undecided,,,,,,
mostbet-uov29xb.cam,latest,external,https://mostbet.partners/,,needs_browser,,http_undecided,,,,,,
mostbet-uox41.top,latest,external,https://mostbet.partners/,,needs_browser,,http_undecided,,,,,,
mostbet-uoe95rg.cfd,latest,external,https://mostbet.partners/,,needs_browser,,http_undecided,,,,,,
mostbet-upg56.buzz,latest,external,https://mostbet.partners/,,needs_browser,,http_undecided,,,,,,
mostbet-udu86.cam,latest,external,https://mostbet.partners/,,needs_browser,,http_undecided,,,,,,
mostbet-ull33.cfd,latest,external,https://mostbet.partners/,,needs_browser,,http_undecided,,,,,,
mostbet-upd37.sbs,latest,external,https://mostbet.partners/,,needs_browser,,http_undecided,,,,,,
mostbet-uew1.top,latest,external,https://mostbet.partners/,,needs_browser,,http_undecided,,,,,,
mostbet-utg35.top,latest,external,https://mostbet.partners/,,needs_browser,,http_undecided,,,,,,
mostbet-turk1.com,latest,js:data-href:b64,https://r7ycnmimb.com/QFUU,https://dokodvmb.com/casino?registration=1&cid=8297208009&pid=122988&sip=0,mostbet,Mostbet,mostbet_assets,122988,True,Mostbet official website,True,,302 https://r7ycnmimb.com/QFUU → 200 https://dokodvmb.com/casino?registration=1&cid=8297208009&pid=122988&sip=0
mostbet-udk37.buzz,latest,external,https://mostbet.partners/,,needs_browser,,http_undecided,,,,,,
mostbet-unj69.sbs,latest,external,https://mostbet.partners/,,needs_browser,,http_undecided,,,,,,
mostbet-uvb82.cam,latest,external,https://mostbet.partners/,,needs_browser,,http_undecided,,,,,,
mostbet-uqf8icj.cam,latest,external,https://mostbet.partners/,,needs_browser,,http_undecided,,,,,,
mostbet-uqp15.top,latest,external,https://mostbet.partners/,,needs_browser,,http_undecided,,,,,,
mostbet-uvt56.top,latest,external,https://mostbet.partners/,,needs_browser,,http_undecided,,,,,,
mostbet-uri41.cfd,latest,external,https://mostbet.partners/,,needs_browser,,http_undecided,,,,,,
mostbet-uqt.xyz,latest,external,https://mostbet.partners/,,needs_browser,,http_undecided,,,,,,
mostbet-uus76.buzz,latest,external,https://mostbet.partners/,,needs_browser,,http_undecided,,,,,,
mostbet-usn89.sbs,latest,external,https://mostbet.partners/,,needs_browser,,http_undecided,,,,,,
mostbet-uxy35.top,latest,external,https://mostbet.partners/,,needs_browser,,http_undecided,,,,,,
mostbet-uyo24.cfd,latest,external,https://mostbet.partners/,,needs_browser,,http_undecided,,,,,,
mostbet-up.xyz,latest,external,http://nginx.org/,http://nginx.org/,non_gambling,nginx,no_gambling_words,,False,nginx,,,200 http://nginx.org/
mostbet-up.xyz,latest,external,http://nginx.com/,,needs_browser,,http_undecided,,,,,,
mostbet-uvk32.sbs,latest,external,https://mostbet.partners/,,needs_browser,,http_undecided,,,,,,
mostbet-uyu66yi.top,latest,external,https://mostbet.partners/,,needs_browser,,http_undecided,,,,,,
mostbet-uup0.xyz,latest,external,https://mostbet.partners/,,needs_browser,,http_undecided,,,,,,
mostbet-uwa57.cam,latest,external,https://mostbet.partners/,,needs_browser,,http_undecided,,,,,,
mostbet-usu.site,latest,external,https://mostbet.partners/,,needs_browser,,http_undecided,,,,,,
mostbet-uzc42.top,latest,external,https://mostbet.partners/,,needs_browser,,http_undecided,,,,,,
mostbet-v5h.top,latest,external,https://links-go9.top/mostbet_android,https://nvjnacmb.com/casino?registration=1&cid=8297204659&pid=297832&sip=0,mostbet,Mostbet,mostbet_assets,297832,True,Mostbet official website,True,,302 https://links-go9.top/mostbet_android → 302 https://65r08go.com/QFqF → 200 https://nvjnacmb.com/casino?registration=1&cid=8297204659&pid=297832&sip=0
mostbet-v5h.top,latest,external,https://links-go9.top/mostbet_ios,https://ijwdpnmb.com/casino?registration=1&cid=8297204703&pid=297832&sip=0,mostbet,Mostbet,mostbet_assets,297832,True,Mostbet official website,True,,302 https://links-go9.top/mostbet_ios → 302 https://65r08go.com/QFqF → 200 https://ijwdpnmb.com/casino?registration=1&cid=8297204703&pid=297832&sip=0
mostbet-v5h.top,latest,external,https://links-go9.top/mostbet,https://nvjnacmb.com/casino?registration=1&cid=8297204719&pid=297832&sip=0,mostbet,Mostbet,mostbet_assets,297832,True,Mostbet official website,True,,302 https://links-go9.top/mostbet → 302 https://65r08go.com/QFqF → 200 https://nvjnacmb.com/casino?registration=1&cid=8297204719&pid=297832&sip=0
mostbet-v5h.top,latest,external,https://links-go9.top/mostbet_cr,https://ijwdpnmb.com/casino?registration=1&cid=8297204757&pid=297832&sip=0,mostbet,Mostbet,mostbet_assets,297832,True,Mostbet official website,True,,302 https://links-go9.top/mostbet_cr → 302 https://65r08go.com/QFqF → 200 https://ijwdpnmb.com/casino?registration=1&cid=8297204757&pid=297832&sip=0
mostbet-turks-giris1.com,latest,js:data-href:b64,https://r7ycnmimb.com/QFUU,https://dokodvmb.com/casino?registration=1&cid=8297208009&pid=122988&sip=0,mostbet,Mostbet,mostbet_assets,122988,True,Mostbet official website,True,,302 https://r7ycnmimb.com/QFUU → 200 https://dokodvmb.com/casino?registration=1&cid=8297208009&pid=122988&sip=0
mostbet-v4h.top,latest,home_redirect,https://mostbet-v4h.top/,https://mostbet-v5h.top,mostbet,Mostbet,mostbet_assets,,True,,,,
mostbet-vba.top,latest,external,https://mostbet.partners/,,needs_browser,,http_undecided,,,,,,
mostbet-v3h.top,latest,home_redirect,https://mostbet-v3h.top/,https://mostbet-v5h.top,mostbet,Mostbet,mostbet_assets,,True,,,,
mostbet-vbh13.top,latest,external,https://links-go9.top/mostbet_android,https://nvjnacmb.com/casino?registration=1&cid=8297204659&pid=297832&sip=0,mostbet,Mostbet,mostbet_assets,297832,True,Mostbet official website,True,,302 https://links-go9.top/mostbet_android → 302 https://65r08go.com/QFqF → 200 https://nvjnacmb.com/casino?registration=1&cid=8297204659&pid=297832&sip=0
mostbet-vbh13.top,latest,external,https://links-go9.top/mostbet_ios,https://ijwdpnmb.com/casino?registration=1&cid=8297204703&pid=297832&sip=0,mostbet,Mostbet,mostbet_assets,297832,True,Mostbet official website,True,,302 https://links-go9.top/mostbet_ios → 302 https://65r08go.com/QFqF → 200 https://ijwdpnmb.com/casino?registration=1&cid=8297204703&pid=297832&sip=0
mostbet-vbh13.top,latest,external,https://links-go9.top/mostbet,https://nvjnacmb.com/casino?registration=1&cid=8297204719&pid=297832&sip=0,mostbet,Mostbet,mostbet_assets,297832,True,Mostbet official website,True,,302 https://links-go9.top/mostbet → 302 https://65r08go.com/QFqF → 200 https://nvjnacmb.com/casino?registration=1&cid=8297204719&pid=297832&sip=0
mostbet-vbh13.top,latest,external,https://links-go9.top/mostbet_cr,https://ijwdpnmb.com/casino?registration=1&cid=8297204757&pid=297832&sip=0,mostbet,Mostbet,mostbet_assets,297832,True,Mostbet official website,True,,302 https://links-go9.top/mostbet_cr → 302 https://65r08go.com/QFqF → 200 https://ijwdpnmb.com/casino?registration=1&cid=8297204757&pid=297832&sip=0
mostbet-utg.cam,latest,external,https://mostbet.partners/,,needs_browser,,http_undecided,,,,,,
mostbet-turkiyegr1.com,latest,js:data-href:b64,https://r7ycnmimb.com/QFUU,https://dokodvmb.com/casino?registration=1&cid=8297208009&pid=122988&sip=0,mostbet,Mostbet,mostbet_assets,122988,True,Mostbet official website,True,,302 https://r7ycnmimb.com/QFUU → 200 https://dokodvmb.com/casino?registration=1&cid=8297208009&pid=122988&sip=0
mostbet-vbu41.cam,latest,external,https://mostbet.partners/,,needs_browser,,http_undecided,,,,,,
mostbet-vcs81.buzz,latest,external,https://mostbet.partners/,,needs_browser,,http_undecided,,,,,,
mostbet-vbd81.buzz,latest,external,https://mostbet.partners/,,needs_browser,,http_undecided,,,,,,
mostbet-vel0.cam,latest,external,https://mostbet.partners/,,needs_browser,,http_undecided,,,,,,
mostbet-v3li.xyz,latest,external,https://mostbet.partners/,,needs_browser,,http_undecided,,,,,,
mostbet-v1h.top,latest,home_redirect,https://mostbet-v1h.top/,https://mostbet-v5h.top,mostbet,Mostbet,mostbet_assets,,True,,,,
mostbet-turks1.com,latest,js:data-href:b64,https://r7ycnmimb.com/QFUU,https://dokodvmb.com/casino?registration=1&cid=8297208009&pid=122988&sip=0,mostbet,Mostbet,mostbet_assets,122988,True,Mostbet official website,True,,302 https://r7ycnmimb.com/QFUU → 200 https://dokodvmb.com/casino?registration=1&cid=8297208009&pid=122988&sip=0
mostbet-v0h.ru,latest,home_redirect,https://mostbet-v0h.ru/,https://mostbet-v5h.top,mostbet,Mostbet,mostbet_assets,,True,,,,
mostbet-vhi67.cam,latest,external,https://mostbet.partners/,,needs_browser,,http_undecided,,,,,,
mostbet-vhod.pro,latest,external,https://mostbet.partners/,,needs_browser,,http_undecided,,,,,,
mostbet-v605.xyz,latest,external,https://mostbet.partners/,,needs_browser,,http_undecided,,,,,,
mostbet-vgz96.buzz,latest,external,https://mostbet.partners/,,needs_browser,,http_undecided,,,,,,
mostbet-vcbt.xyz,latest,external,https://mostbet.partners/,,needs_browser,,http_undecided,,,,,,
mostbet-v2h.top,latest,home_redirect,https://mostbet-v2h.top/,https://mostbet-v5h.top,mostbet,Mostbet,mostbet_assets,,True,,,,
mostbet-vjd67.sbs,latest,external,https://mostbet.partners/,,needs_browser,,http_undecided,,,,,,
mostbet-vbc79.cfd,latest,external,https://mostbet.partners/,,needs_browser,,http_undecided,,,,,,
mostbet-victory21.top,latest,external,https://links-go9.top/mostbet_android,https://nvjnacmb.com/casino?registration=1&cid=8297204659&pid=297832&sip=0,mostbet,Mostbet,mostbet_assets,297832,True,Mostbet official website,True,,302 https://links-go9.top/mostbet_android → 302 https://65r08go.com/QFqF → 200 https://nvjnacmb.com/casino?registration=1&cid=8297204659&pid=297832&sip=0
mostbet-victory21.top,latest,external,https://links-go9.top/mostbet_ios,https://ijwdpnmb.com/casino?registration=1&cid=8297204703&pid=297832&sip=0,mostbet,Mostbet,mostbet_assets,297832,True,Mostbet official website,True,,302 https://links-go9.top/mostbet_ios → 302 https://65r08go.com/QFqF → 200 https://ijwdpnmb.com/casino?registration=1&cid=8297204703&pid=297832&sip=0
mostbet-victory21.top,latest,external,https://links-go9.top/mostbet,https://nvjnacmb.com/casino?registration=1&cid=8297204719&pid=297832&sip=0,mostbet,Mostbet,mostbet_assets,297832,True,Mostbet official website,True,,302 https://links-go9.top/mostbet → 302 https://65r08go.com/QFqF → 200 https://nvjnacmb.com/casino?registration=1&cid=8297204719&pid=297832&sip=0
mostbet-victory21.top,latest,external,https://links-go9.top/mostbet_cr,https://ijwdpnmb.com/casino?registration=1&cid=8297204757&pid=297832&sip=0,mostbet,Mostbet,mostbet_assets,297832,True,Mostbet official website,True,,302 https://links-go9.top/mostbet_cr → 302 https://65r08go.com/QFqF → 200 https://ijwdpnmb.com/casino?registration=1&cid=8297204757&pid=297832&sip=0
mostbet-victory17.top,latest,home_redirect,https://mostbet-victory17.top/,https://mostbet-victory21.top,mostbet,Mostbet,mostbet_assets,,True,,,,
mostbet-victory20.top,latest,home_redirect,https://mostbet-victory20.top/,https://mostbet-victory21.top,mostbet,Mostbet,mostbet_assets,,True,,,,
mostbet-vmx33.cam,latest,external,https://mostbet.partners/,,needs_browser,,http_undecided,,,,,,
mostbet-turkeys.com,latest,js:data-href:b64,https://r7ycnmimb.com/QFUU,https://dokodvmb.com/casino?registration=1&cid=8297208009&pid=122988&sip=0,mostbet,Mostbet,mostbet_assets,122988,True,Mostbet official website,True,,302 https://r7ycnmimb.com/QFUU → 200 https://dokodvmb.com/casino?registration=1&cid=8297208009&pid=122988&sip=0
mostbet-vjw77.top,latest,external,https://mostbet.partners/,,needs_browser,,http_undecided,,,,,,
mostbet-vkd56.cam,latest,external,https://mostbet.partners/,,needs_browser,,http_undecided,,,,,,
mostbet-vmr85.buzz,latest,external,https://mostbet.partners/,,needs_browser,,http_undecided,,,,,,
mostbet-vkp26.buzz,latest,external,https://mostbet.partners/,,needs_browser,,http_undecided,,,,,,
mostbet-vko29.top,latest,external,https://mostbet.partners/,,needs_browser,,http_undecided,,,,,,
mostbet-voj56.top,latest,external,https://mostbet.partners/,,needs_browser,,http_undecided,,,,,,
mostbet-vmu89.sbs,latest,external,https://mostbet.partners/,,needs_browser,,http_undecided,,,,,,
mostbet-victory18.top,latest,home_redirect,https://mostbet-victory18.top/,https://mostbet-victory21.top,mostbet,Mostbet,mostbet_assets,,True,,,,
mostbet-victory19.top,latest,home_redirect,https://mostbet-victory19.top/,https://mostbet-victory21.top,mostbet,Mostbet,mostbet_assets,,True,,,,
mostbet-vji65.cam,latest,external,https://mostbet.partners/,,needs_browser,,http_undecided,,,,,,
mostbet-vnu49.buzz,latest,external,https://mostbet.partners/,,needs_browser,,http_undecided,,,,,,
mostbet-vlr82.sbs,latest,external,https://mostbet.partners/,,needs_browser,,http_undecided,,,,,,
mostbet-vnx48.top,latest,external,https://mostbet.partners/,,needs_browser,,http_undecided,,,,,,
mostbet-vpp59.buzz,latest,external,https://mostbet.partners/,,needs_browser,,http_undecided,,,,,,
mostbet-vmw62.buzz,latest,external,https://mostbet.partners/,,needs_browser,,http_undecided,,,,,,
mostbet-vor19.cam,latest,external,https://mostbet.partners/,,needs_browser,,http_undecided,,,,,,
mostbet-vla89.top,latest,external,https://mostbet.partners/,,needs_browser,,http_undecided,,,,,,
mostbet-vqq62hw.cam,latest,external,https://mostbet.partners/,,needs_browser,,http_undecided,,,,,,
mostbet-vpj41.top,latest,external,https://mostbet.partners/,,needs_browser,,http_undecided,,,,,,
mostbet-vqu91.buzz,latest,external,https://mostbet.partners/,,needs_browser,,http_undecided,,,,,,
mostbet-vro58.cfd,latest,external,https://mostbet.partners/,,needs_browser,,http_undecided,,,,,,
mostbet-uzb.net,latest,js:script_url,https://mostbet-uzb.net/link/app,https://mostbet-uzb.net/link/app,unknown,,not_html:,,,,,,200 https://mostbet-uzb.net/link/app
mostbet-uzb.net,latest,js:form,https://mostbet-uzb.net/link/casino,https://mostbet-uzb.net/link/casino,unknown,,not_html:,,,,,,200 https://mostbet-uzb.net/link/casino
mostbet-uzb.net,latest,internal_redirect_like,https://mostbet-uzb.net/link/bookmaker,https://mostbet-uzb.net/link/bookmaker,unknown,,not_html:,,,,,,200 https://mostbet-uzb.net/link/bookmaker
mostbet-uzb.net,latest,external,https://www.dmca.com/r/d9495yj,https://www.dmca.com/Protection/Status.aspx?id=7927d8b6-02ce-4f5e-a475-59ab6d6af5d0&refurl=https%3a%2f%2fmostbet-uzb.net%2f&rlo=true,brand_site,Mostbet,name_only_weak,,False,"Mostbet UZ Onlayn Cazino: Kirish, Yuklab... | Protected by DMCA.com",,,302 https://www.dmca.com/r/d9495yj → 200 https://www.dmca.com/Protection/Status.aspx?id=7927d8b6-02ce-4f5e-a475-59ab6d6af5d0&refurl=https%3a%2f%2fmostbet-uzb.net%2f&rlo=true
mostbet-vrr63.cam,latest,external,https://mostbet.partners/,,needs_browser,,http_undecided,,,,,,
mostbet-turks2.com,latest,js:data-href:b64,https://r7ycnmimb.com/QFUU,https://dokodvmb.com/casino?registration=1&cid=8297208009&pid=122988&sip=0,mostbet,Mostbet,mostbet_assets,122988,True,Mostbet official website,True,,302 https://r7ycnmimb.com/QFUU → 200 https://dokodvmb.com/casino?registration=1&cid=8297208009&pid=122988&sip=0
mostbet-vov2.cam,latest,external,https://mostbet.partners/,,needs_browser,,http_undecided,,,,,,
mostbet-vq.top,latest,external,https://mostbet.partners/,,needs_browser,,http_undecided,,,,,,
mostbet-vsa26.sbs,latest,external,https://mostbet.partners/,,needs_browser,,http_undecided,,,,,,
mostbet-vsv29.sbs,latest,external,https://mostbet.partners/,,needs_browser,,http_undecided,,,,,,
mostbet-vso75.top,latest,external,https://mostbet.partners/,,needs_browser,,http_undecided,,,,,,
mostbet-vuy68.top,latest,external,https://mostbet.partners/,,needs_browser,,http_undecided,,,,,,
mostbet-vyr29.sbs,latest,external,https://mostbet.partners/,,needs_browser,,http_undecided,,,,,,
mostbet-vsn36.buzz,latest,external,https://mostbet.partners/,,needs_browser,,http_undecided,,,,,,
mostbet-turks-giris.com,latest,js:data-href:b64,https://r7ycnmimb.com/QFUU,https://dokodvmb.com/casino?registration=1&cid=8297208009&pid=122988&sip=0,mostbet,Mostbet,mostbet_assets,122988,True,Mostbet official website,True,,302 https://r7ycnmimb.com/QFUU → 200 https://dokodvmb.com/casino?registration=1&cid=8297208009&pid=122988&sip=0
mostbet-vwz65.cam,latest,external,https://mostbet.partners/,,needs_browser,,http_undecided,,,,,,
mostbet-vtv17.sbs,latest,external,https://mostbet.partners/,,needs_browser,,http_undecided,,,,,,
mostbet-vr.xyz,latest,external,https://mostbet.partners/,,needs_browser,,http_undecided,,,,,,
mostbet-vsk15.buzz,latest,external,https://mostbet.partners/,,needs_browser,,http_undecided,,,,,,
mostbet-turky.com,latest,js:data-href:b64,https://r7ycnmimb.com/QFUU,https://dokodvmb.com/casino?registration=1&cid=8297208009&pid=122988&sip=0,mostbet,Mostbet,mostbet_assets,122988,True,Mostbet official website,True,,302 https://r7ycnmimb.com/QFUU → 200 https://dokodvmb.com/casino?registration=1&cid=8297208009&pid=122988&sip=0
mostbet-vzi39.buzz,latest,external,https://mostbet.partners/,,needs_browser,,http_undecided,,,,,,
mostbet-w11s.top,latest,external,https://links-go9.top/mostbet_android,https://nvjnacmb.com/casino?registration=1&cid=8297204659&pid=297832&sip=0,mostbet,Mostbet,mostbet_assets,297832,True,Mostbet official website,True,,302 https://links-go9.top/mostbet_android → 302 https://65r08go.com/QFqF → 200 https://nvjnacmb.com/casino?registration=1&cid=8297204659&pid=297832&sip=0
mostbet-w11s.top,latest,external,https://links-go9.top/mostbet_ios,https://ijwdpnmb.com/casino?registration=1&cid=8297204703&pid=297832&sip=0,mostbet,Mostbet,mostbet_assets,297832,True,Mostbet official website,True,,302 https://links-go9.top/mostbet_ios → 302 https://65r08go.com/QFqF → 200 https://ijwdpnmb.com/casino?registration=1&cid=8297204703&pid=297832&sip=0
mostbet-w11s.top,latest,external,https://links-go9.top/mostbet,https://nvjnacmb.com/casino?registration=1&cid=8297204719&pid=297832&sip=0,mostbet,Mostbet,mostbet_assets,297832,True,Mostbet official website,True,,302 https://links-go9.top/mostbet → 302 https://65r08go.com/QFqF → 200 https://nvjnacmb.com/casino?registration=1&cid=8297204719&pid=297832&sip=0
mostbet-w11s.top,latest,external,https://links-go9.top/mostbet_cr,https://ijwdpnmb.com/casino?registration=1&cid=8297204757&pid=297832&sip=0,mostbet,Mostbet,mostbet_assets,297832,True,Mostbet official website,True,,302 https://links-go9.top/mostbet_cr → 302 https://65r08go.com/QFqF → 200 https://ijwdpnmb.com/casino?registration=1&cid=8297204757&pid=297832&sip=0
mostbet-w10s.top,latest,home_redirect,https://mostbet-w10s.top/,https://mostbet-w11s.top,mostbet,Mostbet,mostbet_assets,,True,,,,
mostbet-vvc12.cam,latest,external,https://mostbet.partners/,,needs_browser,,http_undecided,,,,,,
mostbet-vtc13.sbs,latest,external,https://mostbet.partners/,,needs_browser,,http_undecided,,,,,,
mostbet-w8s.ru,latest,home_redirect,https://mostbet-w8s.ru/,https://mostbet-w11s.top,mostbet,Mostbet,mostbet_assets,,True,,,,
mostbet-vwt.xyz,latest,external,https://mostbet.partners/,,needs_browser,,http_undecided,,,,,,
mostbet-w7wojmp.top,latest,external,https://mostbet.partners/,,needs_browser,,http_undecided,,,,,,
mostbet-vpy48.sbs,latest,external,https://mostbet.partners/,,needs_browser,,http_undecided,,,,,,
mostbet-vqg1.top,latest,external,https://mostbet.partners/,,needs_browser,,http_undecided,,,,,,
mostbet-w4f.ru,latest,home_redirect,https://mostbet-w4f.ru/,https://mostbet-casino-w1f.top,mostbet,Mostbet,mostbet_assets,,True,,,,
mostbet-wad4.top,latest,external,https://mostbet.partners/,,needs_browser,,http_undecided,,,,,,
mostbet-turkiyegir.com,latest,js:data-href:b64,https://r7ycnmimb.com/QFUU,https://dokodvmb.com/casino?registration=1&cid=8297208009&pid=122988&sip=0,mostbet,Mostbet,mostbet_assets,122988,True,Mostbet official website,True,,302 https://r7ycnmimb.com/QFUU → 200 https://dokodvmb.com/casino?registration=1&cid=8297208009&pid=122988&sip=0
mostbet-w9s.top,latest,home_redirect,https://mostbet-w9s.top/,https://mostbet-w11s.top,mostbet,Mostbet,mostbet_assets,,True,,,,
mostbet-turky1.com,latest,js:data-href:b64,https://r7ycnmimb.com/QFUU,https://dokodvmb.com/casino?registration=1&cid=8297208009&pid=122988&sip=0,mostbet,Mostbet,mostbet_assets,122988,True,Mostbet official website,True,,302 https://r7ycnmimb.com/QFUU → 200 https://dokodvmb.com/casino?registration=1&cid=8297208009&pid=122988&sip=0
mostbet-waa2.xyz,latest,external,https://mostbet.partners/,,needs_browser,,http_undecided,,,,,,
mostbet-wak36.top,latest,external,https://mostbet.partners/,,needs_browser,,http_undecided,,,,,,
mostbet-waj8.xyz,latest,external,https://mostbet.partners/,,needs_browser,,http_undecided,,,,,,
mostbet-w2s.xyz,latest,external,https://mostbet.partners/,,needs_browser,,http_undecided,,,,,,
mostbet-wap1.top,latest,external,https://mostbet.partners/,,needs_browser,,http_undecided,,,,,,
mostbet-waa1.top,latest,external,https://mostbet.partners/,,needs_browser,,http_undecided,,,,,,
mostbet-vyw.top,latest,external,https://mostbet.partners/,,needs_browser,,http_undecided,,,,,,
mostbet-waz3.top,latest,external,https://mostbet.partners/,,needs_browser,,http_undecided,,,,,,
mostbet-wbf51.buzz,latest,external,https://mostbet.partners/,,needs_browser,,http_undecided,,,,,,
mostbet-wav8.xyz,latest,external,https://mostbet.partners/,,needs_browser,,http_undecided,,,,,,
mostbet-waz5.xyz,latest,external,https://mostbet.partners/,,needs_browser,,http_undecided,,,,,,
mostbet-wba57.cfd,latest,external,https://mostbet.partners/,,needs_browser,,http_undecided,,,,,,
mostbet-wbh5.xyz,latest,external,https://mostbet.partners/,,needs_browser,,http_undecided,,,,,,
mostbet-wbu68.cfd,latest,external,https://mostbet.partners/,,needs_browser,,http_undecided,,,,,,
mostbet-wbi5.top,latest,external,https://mostbet.partners/,,needs_browser,,http_undecided,,,,,,
mostbet-wbo1.top,latest,external,https://mostbet.partners/,,needs_browser,,http_undecided,,,,,,
mostbet-wbt3.top,latest,external,https://mostbet.partners/,,needs_browser,,http_undecided,,,,,,
mostbet-wcb1.xyz,latest,external,https://mostbet.partners/,,needs_browser,,http_undecided,,,,,,
mostbet-wbl4.top,latest,external,https://mostbet.partners/,,needs_browser,,http_undecided,,,,,,
mostbet-wco28.top,latest,external,https://mostbet.partners/,,needs_browser,,http_undecided,,,,,,
mostbet-wbx5.top,latest,external,https://mostbet.partners/,,needs_browser,,http_undecided,,,,,,
mostbet-wcn9.xyz,latest,external,https://mostbet.partners/,,needs_browser,,http_undecided,,,,,,
mostbet-wci2.top,latest,external,https://mostbet.partners/,,needs_browser,,http_undecided,,,,,,
mostbet-wct6.xyz,latest,external,https://mostbet.partners/,,needs_browser,,http_undecided,,,,,,
mostbet-wcz1.top,latest,external,https://mostbet.partners/,,needs_browser,,http_undecided,,,,,,
mostbet-wdn43.top,latest,external,https://mostbet.partners/,,needs_browser,,http_undecided,,,,,,
mostbet-wcx98.top,latest,external,https://mostbet.partners/,,needs_browser,,http_undecided,,,,,,
mostbet-wco7.top,latest,external,https://mostbet.partners/,,needs_browser,,http_undecided,,,,,,
mostbet-wcy9.xyz,latest,external,https://mostbet.partners/,,needs_browser,,http_undecided,,,,,,
mostbet-wdm2.xyz,latest,external,https://mostbet.partners/,,needs_browser,,http_undecided,,,,,,
mostbet-wdu1.top,latest,external,https://mostbet.partners/,,needs_browser,,http_undecided,,,,,,
mostbet-website.ru,latest,external,https://links-go9.top/mostbet,https://nvjnacmb.com/casino?registration=1&cid=8297204719&pid=297832&sip=0,mostbet,Mostbet,mostbet_assets,297832,True,Mostbet official website,True,,302 https://links-go9.top/mostbet → 302 https://65r08go.com/QFqF → 200 https://nvjnacmb.com/casino?registration=1&cid=8297204719&pid=297832&sip=0
mostbet-website.ru,latest,external,https://links-go9.top/mostbet_android,https://nvjnacmb.com/casino?registration=1&cid=8297204659&pid=297832&sip=0,mostbet,Mostbet,mostbet_assets,297832,True,Mostbet official website,True,,302 https://links-go9.top/mostbet_android → 302 https://65r08go.com/QFqF → 200 https://nvjnacmb.com/casino?registration=1&cid=8297204659&pid=297832&sip=0
mostbet-website.ru,latest,external,https://links-go9.top/mostbet_ios,https://ijwdpnmb.com/casino?registration=1&cid=8297204703&pid=297832&sip=0,mostbet,Mostbet,mostbet_assets,297832,True,Mostbet official website,True,,302 https://links-go9.top/mostbet_ios → 302 https://65r08go.com/QFqF → 200 https://ijwdpnmb.com/casino?registration=1&cid=8297204703&pid=297832&sip=0
mostbet-website.ru,latest,external,https://links-go9.top/mostbet_cr,https://ijwdpnmb.com/casino?registration=1&cid=8297204757&pid=297832&sip=0,mostbet,Mostbet,mostbet_assets,297832,True,Mostbet official website,True,,302 https://links-go9.top/mostbet_cr → 302 https://65r08go.com/QFqF → 200 https://ijwdpnmb.com/casino?registration=1&cid=8297204757&pid=297832&sip=0
mostbet-wdo5.top,latest,external,https://mostbet.partners/,,needs_browser,,http_undecided,,,,,,
mostbet-web4.xyz,latest,external,https://mostbet.partners/,,needs_browser,,http_undecided,,,,,,
mostbet-wdt9.top,latest,external,https://mostbet.partners/,,needs_browser,,http_undecided,,,,,,
mostbet-wds7.xyz,latest,external,https://mostbet.partners/,,needs_browser,,http_undecided,,,,,,
mostbet-wel73.top,latest,external,https://mostbet.partners/,,needs_browser,,http_undecided,,,,,,
mostbet-we8p.xyz,latest,external,https://mostbet.partners/,,needs_browser,,http_undecided,,,,,,
mostbet-wej8.top,latest,external,https://mostbet.partners/,,needs_browser,,http_undecided,,,,,,
mostbet-wet8.top,latest,external,https://mostbet.partners/,,needs_browser,,http_undecided,,,,,,
mostbet-wel8.top,latest,external,https://mostbet.partners/,,needs_browser,,http_undecided,,,,,,
mostbet-wel7.top,latest,external,https://mostbet.partners/,,needs_browser,,http_undecided,,,,,,
mostbet-wey7.top,latest,external,https://mostbet.partners/,,needs_browser,,http_undecided,,,,,,
mostbet-wfe8.top,latest,external,https://mostbet.partners/,,needs_browser,,http_undecided,,,,,,
mostbet-wfl56.cfd,latest,external,https://mostbet.partners/,,needs_browser,,http_undecided,,,,,,
mostbet-wev8.xyz,latest,external,https://mostbet.partners/,,needs_browser,,http_undecided,,,,,,
mostbet-wfo7.top,latest,external,https://mostbet.partners/,,needs_browser,,http_undecided,,,,,,
mostbet-wfe4.xyz,latest,external,https://mostbet.partners/,,needs_browser,,http_undecided,,,,,,
mostbet-wft3.top,latest,external,https://mostbet.partners/,,needs_browser,,http_undecided,,,,,,
mostbet-wfz1.xyz,latest,external,https://mostbet.partners/,,needs_browser,,http_undecided,,,,,,
mostbet-wfn1.xyz,latest,external,https://mostbet.partners/,,needs_browser,,http_undecided,,,,,,
mostbet-wfx3.top,latest,external,https://mostbet.partners/,,needs_browser,,http_undecided,,,,,,
mostbet-wgc3.top,latest,external,https://mostbet.partners/,,needs_browser,,http_undecided,,,,,,
mostbet-wgt81cy.cfd,latest,external,https://mostbet.partners/,,needs_browser,,http_undecided,,,,,,
mostbet-wgr4.xyz,latest,external,https://mostbet.partners/,,needs_browser,,http_undecided,,,,,,
mostbet-wgg22.buzz,latest,external,https://mostbet.partners/,,needs_browser,,http_undecided,,,,,,
mostbet-wgs49.sbs,latest,external,https://mostbet.partners/,,needs_browser,,http_undecided,,,,,,
mostbet-wfz8.top,latest,external,https://mostbet.partners/,,needs_browser,,http_undecided,,,,,,
mostbet-wgp9.top,latest,external,https://mostbet.partners/,,needs_browser,,http_undecided,,,,,,
mostbet-whf62.cfd,latest,external,https://mostbet.partners/,,needs_browser,,http_undecided,,,,,,
mostbet-wgn4.top,latest,external,https://mostbet.partners/,,needs_browser,,http_undecided,,,,,,
mostbet-wh.buzz,latest,external,https://mostbet.partners/,,needs_browser,,http_undecided,,,,,,
mostbet-who6.xyz,latest,external,https://mostbet.partners/,,needs_browser,,http_undecided,,,,,,
mostbet-wht95.cfd,latest,external,https://mostbet.partners/,,needs_browser,,http_undecided,,,,,,
mostbet-whm4.top,latest,external,https://mostbet.partners/,,needs_browser,,http_undecided,,,,,,
mostbet-whl6.top,latest,external,https://mostbet.partners/,,needs_browser,,http_undecided,,,,,,
mostbet-whq5.xyz,latest,external,https://mostbet.partners/,,needs_browser,,http_undecided,,,,,,
mostbet-whu9.top,latest,external,http://mostbet.com,https://mostbet.com/,mostbet,Mostbet,mostbet_assets,,False,Mostbet official website,True,,307 http://mostbet.com → 200 https://mostbet.com/
mostbet-whu9.top,latest,external,https://mostbet.partners/,,needs_browser,,http_undecided,,,,,,
mostbet-whz3.xyz,latest,external,https://mostbet.partners/,,needs_browser,,http_undecided,,,,,,
mostbet-wil1.xyz,latest,external,https://mostbet.partners/,,needs_browser,,http_undecided,,,,,,
mostbet-whv3.xyz,latest,external,https://mostbet.partners/,,needs_browser,,http_undecided,,,,,,
mostbet-wih8.xyz,latest,external,https://mostbet.partners/,,needs_browser,,http_undecided,,,,,,
mostbet-wiq4.top,latest,external,https://mostbet.partners/,,needs_browser,,http_undecided,,,,,,
mostbet-wi.buzz,latest,external,https://mostbet.partners/,,needs_browser,,http_undecided,,,,,,
mostbet-wie.lol,latest,external,https://mostbet.partners/,,needs_browser,,http_undecided,,,,,,
mostbet-wid8.xyz,latest,external,https://mostbet.partners/,,needs_browser,,http_undecided,,,,,,
mostbet-win1.lol,latest,external,https://mostbet.partners/,,needs_browser,,http_undecided,,,,,,
mostbet-wit2.top,latest,external,https://mostbet.partners/,,needs_browser,,http_undecided,,,,,,
mostbet-winner.website,latest,external,https://mostbet.partners/,,needs_browser,,http_undecided,,,,,,
mostbet-withdrawal.fun,latest,external,https://mostbet.partners/,,needs_browser,,http_undecided,,,,,,
mostbet-wiy7.top,latest,external,https://mostbet.partners/,,needs_browser,,http_undecided,,,,,,
mostbet-wjg9.top,latest,external,https://mostbet.partners/,,needs_browser,,http_undecided,,,,,,
mostbet-wjb7.top,latest,external,https://mostbet.partners/,,needs_browser,,http_undecided,,,,,,
mostbet-wiy3.xyz,latest,external,https://mostbet.partners/,,needs_browser,,http_undecided,,,,,,
mostbet-wjq57.cfd,latest,external,https://mostbet.partners/,,needs_browser,,http_undecided,,,,,,
mostbet-wjz4.xyz,latest,external,https://mostbet.partners/,,needs_browser,,http_undecided,,,,,,
mostbet-wjm8.top,latest,external,https://mostbet.partners/,,needs_browser,,http_undecided,,,,,,
mostbet-wjo4.top,latest,external,https://mostbet.partners/,,needs_browser,,http_undecided,,,,,,
mostbet-wka8.top,latest,external,https://mostbet.partners/,,needs_browser,,http_undecided,,,,,,
mostbet-wka2.top,latest,external,https://mostbet.partners/,,needs_browser,,http_undecided,,,,,,
mostbet-wins.com,latest,js:data-href:b64,https://r7ycnmimb.com/QFUU,https://dokodvmb.com/casino?registration=1&cid=8297208009&pid=122988&sip=0,mostbet,Mostbet,mostbet_assets,122988,True,Mostbet official website,True,,302 https://r7ycnmimb.com/QFUU → 200 https://dokodvmb.com/casino?registration=1&cid=8297208009&pid=122988&sip=0
mostbet-wins.net,latest,js:data-href:b64,https://r7ycnmimb.com/QFUU,https://dokodvmb.com/casino?registration=1&cid=8297208009&pid=122988&sip=0,mostbet,Mostbet,mostbet_assets,122988,True,Mostbet official website,True,,302 https://r7ycnmimb.com/QFUU → 200 https://dokodvmb.com/casino?registration=1&cid=8297208009&pid=122988&sip=0
mostbet-wjy6.top,latest,external,https://mostbet.partners/,,needs_browser,,http_undecided,,,,,,
mostbet-wkb1.xyz,latest,external,https://mostbet.partners/,,needs_browser,,http_undecided,,,,,,
mostbet-wjx8.xyz,latest,external,https://mostbet.partners/,,needs_browser,,http_undecided,,,,,,
mostbet-wkl28.top,latest,external,https://mostbet.partners/,,needs_browser,,http_undecided,,,,,,
mostbet-wkg17.cfd,latest,external,https://mostbet.partners/,,needs_browser,,http_undecided,,,,,,
mostbet-wkl7.top,latest,external,https://mostbet.partners/,,needs_browser,,http_undecided,,,,,,
mostbet-wkm8.top,latest,external,https://mostbet.partners/,,needs_browser,,http_undecided,,,,,,
mostbet-wke8.top,latest,external,https://mostbet.partners/,,needs_browser,,http_undecided,,,,,,
mostbet-wkp5.top,latest,external,https://mostbet.partners/,,needs_browser,,http_undecided,,,,,,
mostbet-wkq9.top,latest,external,https://mostbet.partners/,,needs_browser,,http_undecided,,,,,,
mostbet-wkn9.top,latest,external,https://mostbet.partners/,,needs_browser,,http_undecided,,,,,,
mostbet-wlp5.top,latest,external,https://mostbet.partners/,,needs_browser,,http_undecided,,,,,,
mostbet-wkw8.top,latest,external,https://mostbet.partners/,,needs_browser,,http_undecided,,,,,,
mostbet-wlh7.xyz,latest,external,https://mostbet.partners/,,needs_browser,,http_undecided,,,,,,
mostbet-wla7.top,latest,external,https://mostbet.partners/,,needs_browser,,http_undecided,,,,,,
mostbet-wls2.xyz,latest,external,https://mostbet.partners/,,needs_browser,,http_undecided,,,,,,
mostbet-wli9.xyz,latest,external,http://nginx.org/,http://nginx.org/,non_gambling,nginx,no_gambling_words,,False,nginx,True,,200 http://nginx.org/
mostbet-wli9.xyz,latest,external,http://nginx.com/,,needs_browser,,http_undecided,,,,,,
mostbet-wly8.top,latest,external,https://mostbet.partners/,,needs_browser,,http_undecided,,,,,,
mostbet-wmw36.top,latest,external,https://mostbet.partners/,,needs_browser,,http_undecided,,,,,,
mostbet-wmr9.top,latest,external,https://mostbet.partners/,,needs_browser,,http_undecided,,,,,,
mostbet-wnb4.xyz,latest,external,https://mostbet.partners/,,needs_browser,,http_undecided,,,,,,
mostbet-wnc6.top,latest,external,https://mostbet.partners/,,needs_browser,,http_undecided,,,,,,
mostbet-wnu81.sbs,latest,external,https://mostbet.partners/,,needs_browser,,http_undecided,,,,,,
mostbet-wns5.xyz,latest,external,https://mostbet.partners/,,needs_browser,,http_undecided,,,,,,
mostbet-wnz36.cam,latest,external,https://mostbet.partners/,,needs_browser,,http_undecided,,,,,,
mostbet-wnq8.xyz,latest,external,https://mostbet.partners/,,needs_browser,,http_undecided,,,,,,
mostbet-wnk8.xyz,latest,external,https://mostbet.partners/,,needs_browser,,http_undecided,,,,,,
mostbet-wnz3.top,latest,external,https://mostbet.partners/,,needs_browser,,http_undecided,,,,,,
mostbet-wnw4.top,latest,external,https://mostbet.partners/,,needs_browser,,http_undecided,,,,,,
mostbet-wnr2.top,latest,external,https://mostbet.partners/,,needs_browser,,http_undecided,,,,,,
mostbet-wof38qs.sbs,latest,external,https://mostbet.partners/,,needs_browser,,http_undecided,,,,,,
mostbet-wnx5.top,latest,external,https://mostbet.partners/,,needs_browser,,http_undecided,,,,,,
mostbet-woq11.top,latest,external,https://mostbet.partners/,,needs_browser,,http_undecided,,,,,,
mostbet-woj5.top,latest,external,https://mostbet.partners/,,needs_browser,,http_undecided,,,,,,
mostbet-wow61.cfd,latest,external,https://mostbet.partners/,,needs_browser,,http_undecided,,,,,,
mostbet-wpe49.top,latest,external,https://mostbet.partners/,,needs_browser,,http_undecided,,,,,,
mostbet-wpf95.buzz,latest,external,https://mostbet.partners/,,needs_browser,,http_undecided,,,,,,
mostbet-wpc8.top,latest,external,https://mostbet.partners/,,needs_browser,,http_undecided,,,,,,
mostbet-wpn23.cam,latest,external,https://mostbet.partners/,,needs_browser,,http_undecided,,,,,,
mostbet-wpc5.top,latest,external,https://mostbet.partners/,,needs_browser,,http_undecided,,,,,,
mostbet-wow7.xyz,latest,external,https://mostbet.partners/,,needs_browser,,http_undecided,,,,,,
mostbet-wpd8.xyz,latest,external,https://mostbet.partners/,,needs_browser,,http_undecided,,,,,,
mostbet-wpb7.top,latest,external,https://mostbet.partners/,,needs_browser,,http_undecided,,,,,,
mostbet-wpv3.top,latest,external,https://mostbet.partners/,,needs_browser,,http_undecided,,,,,,
mostbet-wpw89xx.sbs,latest,external,https://mostbet.partners/,,needs_browser,,http_undecided,,,,,,
mostbet-wpy5.top,latest,external,https://mostbet.partners/,,needs_browser,,http_undecided,,,,,,
mostbet-wqe69.buzz,latest,external,https://mostbet.partners/,,needs_browser,,http_undecided,,,,,,
mostbet-wqr36.cfd,latest,external,https://mostbet.partners/,,needs_browser,,http_undecided,,,,,,
mostbet-wqb5.top,latest,external,https://mostbet.partners/,,needs_browser,,http_undecided,,,,,,
mostbet-wqm77.cfd,latest,external,https://mostbet.partners/,,needs_browser,,http_undecided,,,,,,
mostbet-wq.buzz,latest,external,https://mostbet.partners/,,needs_browser,,http_undecided,,,,,,
mostbet-wqj51.buzz,latest,external,https://mostbet.partners/,,needs_browser,,http_undecided,,,,,,
mostbet-wqw57.top,latest,external,https://mostbet.partners/,,needs_browser,,http_undecided,,,,,,
mostbet-wqf7.top,latest,external,https://mostbet.partners/,,needs_browser,,http_undecided,,,,,,
mostbet-wra5.top,latest,external,https://mostbet.partners/,,needs_browser,,http_undecided,,,,,,
mostbet-wrb6.top,latest,external,https://mostbet.partners/,,needs_browser,,http_undecided,,,,,,
mostbet-wrc9.xyz,latest,external,https://mostbet.partners/,,needs_browser,,http_undecided,,,,,,
mostbet-wrp9.top,latest,external,https://mostbet.partners/,,needs_browser,,http_undecided,,,,,,
mostbet-wrq8.top,latest,external,https://mostbet.partners/,,needs_browser,,http_undecided,,,,,,
mostbet-wrw7.top,latest,external,https://mostbet.partners/,,needs_browser,,http_undecided,,,,,,
mostbet-wsl3.xyz,latest,external,https://mostbet.partners/,,needs_browser,,http_undecided,,,,,,
mostbet-wse6.top,latest,external,https://mostbet.partners/,,needs_browser,,http_undecided,,,,,,
mostbet-wsg1.top,latest,external,https://mostbet.partners/,,needs_browser,,http_undecided,,,,,,
mostbet-wsr3.top,latest,external,https://mostbet.partners/,,needs_browser,,http_undecided,,,,,,
mostbet-wsq46qk.cam,latest,external,https://mostbet.partners/,,needs_browser,,http_undecided,,,,,,
mostbet-wst4.top,latest,external,https://mostbet.partners/,,needs_browser,,http_undecided,,,,,,
mostbet-wse2.top,latest,external,https://mostbet.partners/,,needs_browser,,http_undecided,,,,,,
mostbet-wsr2.xyz,latest,external,https://mostbet.partners/,,needs_browser,,http_undecided,,,,,,
mostbet-wsj2.top,latest,external,https://mostbet.partners/,,needs_browser,,http_undecided,,,,,,
mostbet-wts27.cfd,latest,external,https://mostbet.partners/,,needs_browser,,http_undecided,,,,,,
mostbet-wtp42.cam,latest,external,https://mostbet.partners/,,needs_browser,,http_undecided,,,,,,
mostbet-wtk37.cam,latest,external,https://mostbet.partners/,,needs_browser,,http_undecided,,,,,,
mostbet-wsz8.xyz,latest,external,https://mostbet.partners/,,needs_browser,,http_undecided,,,,,,
mostbet-wtj5.xyz,latest,external,https://mostbet.partners/,,needs_browser,,http_undecided,,,,,,
mostbet-wt.buzz,latest,external,https://mostbet.partners/,,needs_browser,,http_undecided,,,,,,
mostbet-wte6.top,latest,external,https://mostbet.partners/,,needs_browser,,http_undecided,,,,,,
mostbet-wtg66.top,latest,external,https://mostbet.partners/,,needs_browser,,http_undecided,,,,,,
mostbet-wtx71.top,latest,external,https://mostbet.partners/,,needs_browser,,http_undecided,,,,,,
mostbet-wto6.xyz,latest,external,https://mostbet.partners/,,needs_browser,,http_undecided,,,,,,
mostbet-wuj6.top,latest,external,https://mostbet.partners/,,needs_browser,,http_undecided,,,,,,
mostbet-wuh1.xyz,latest,external,https://mostbet.partners/,,needs_browser,,http_undecided,,,,,,
mostbet-wuq8.top,latest,external,https://mostbet.partners/,,needs_browser,,http_undecided,,,,,,
mostbet-wva4.top,latest,external,https://mostbet.partners/,,needs_browser,,http_undecided,,,,,,
mostbet-wvd.lol,latest,external,https://mostbet.partners/,,needs_browser,,http_undecided,,,,,,
mostbet-wvj9.top,latest,external,https://mostbet.partners/,,needs_browser,,http_undecided,,,,,,
mostbet-wsn1.top,latest,external,https://mostbet.partners/,,needs_browser,,http_undecided,,,,,,
mostbet-wvq2.top,latest,external,https://mostbet.partners/,,needs_browser,,http_undecided,,,,,,
mostbet-wvp3.top,latest,external,https://mostbet.partners/,,needs_browser,,http_undecided,,,,,,
mostbet-wvu81.sbs,latest,external,https://mostbet.partners/,,needs_browser,,http_undecided,,,,,,
mostbet-wuq2.xyz,latest,external,https://mostbet.partners/,,needs_browser,,http_undecided,,,,,,
mostbet-wvr51.cfd,latest,external,https://mostbet.partners/,,needs_browser,,http_undecided,,,,,,
mostbet-wud3.top,latest,external,https://mostbet.partners/,,needs_browser,,http_undecided,,,,,,
mostbet-wvz.xyz,latest,external,https://mostbet.partners/,,needs_browser,,http_undecided,,,,,,
mostbet-wuq6.top,latest,external,https://mostbet.partners/,,needs_browser,,http_undecided,,,,,,
mostbet-wum7.top,latest,external,https://mostbet.partners/,,needs_browser,,http_undecided,,,,,,
mostbet-wvp7.xyz,latest,external,https://mostbet.partners/,,needs_browser,,http_undecided,,,,,,
mostbet-wuj9.top,latest,external,https://mostbet.partners/,,needs_browser,,http_undecided,,,,,,
mostbet-wts3.xyz,latest,external,https://mostbet.partners/,,needs_browser,,http_undecided,,,,,,
mostbet-wvv7.top,latest,external,https://mostbet.partners/,,needs_browser,,http_undecided,,,,,,
mostbet-wvq7.buzz,latest,external,https://mostbet.partners/,,needs_browser,,http_undecided,,,,,,
mostbet-wwb8.top,latest,external,https://mostbet.partners/,,needs_browser,,http_undecided,,,,,,
mostbet-wwa7.top,latest,external,https://mostbet.partners/,,needs_browser,,http_undecided,,,,,,
mostbet-wwc5.top,latest,external,https://mostbet.partners/,,needs_browser,,http_undecided,,,,,,
mostbet-wvx8.top,latest,external,https://mostbet.partners/,,needs_browser,,http_undecided,,,,,,
mostbet-wwj9.xyz,latest,external,https://mostbet.partners/,,needs_browser,,http_undecided,,,,,,
mostbet-wvz1.top,latest,external,https://mostbet.partners/,,needs_browser,,http_undecided,,,,,,
mostbet-wwv5.xyz,latest,external,https://mostbet.partners/,,needs_browser,,http_undecided,,,,,,
mostbet-wwb1.xyz,latest,external,https://mostbet.partners/,,needs_browser,,http_undecided,,,,,,
mostbet-wxh39.buzz,latest,external,https://mostbet.partners/,,needs_browser,,http_undecided,,,,,,
mostbet-wxd44.cam,latest,external,https://mostbet.partners/,,needs_browser,,http_undecided,,,,,,
mostbet-wxg6.top,latest,external,https://mostbet.partners/,,needs_browser,,http_undecided,,,,,,
mostbet-wxi1.top,latest,external,https://mostbet.partners/,,needs_browser,,http_undecided,,,,,,
mostbet-wxm6.xyz,latest,external,https://mostbet.partners/,,needs_browser,,http_undecided,,,,,,
mostbet-wxm2.xyz,latest,external,https://mostbet.partners/,,needs_browser,,http_undecided,,,,,,
mostbet-wyd3.top,latest,external,https://mostbet.partners/,,needs_browser,,http_undecided,,,,,,
mostbet-wyu72.cfd,latest,external,https://mostbet.partners/,,needs_browser,,http_undecided,,,,,,
mostbet-wyj4.xyz,latest,external,https://mostbet.partners/,,needs_browser,,http_undecided,,,,,,
mostbet-wyt9.top,latest,external,https://mostbet.partners/,,needs_browser,,http_undecided,,,,,,
mostbet-x10p.top,latest,external,https://links-go9.top/mostbet_android,https://nvjnacmb.com/casino?registration=1&cid=8297204659&pid=297832&sip=0,mostbet,Mostbet,mostbet_assets,297832,True,Mostbet official website,True,,302 https://links-go9.top/mostbet_android → 302 https://65r08go.com/QFqF → 200 https://nvjnacmb.com/casino?registration=1&cid=8297204659&pid=297832&sip=0
mostbet-x10p.top,latest,external,https://links-go9.top/mostbet_ios,https://ijwdpnmb.com/casino?registration=1&cid=8297204703&pid=297832&sip=0,mostbet,Mostbet,mostbet_assets,297832,True,Mostbet official website,True,,302 https://links-go9.top/mostbet_ios → 302 https://65r08go.com/QFqF → 200 https://ijwdpnmb.com/casino?registration=1&cid=8297204703&pid=297832&sip=0
mostbet-x10p.top,latest,external,https://links-go9.top/mostbet,https://nvjnacmb.com/casino?registration=1&cid=8297204719&pid=297832&sip=0,mostbet,Mostbet,mostbet_assets,297832,True,Mostbet official website,True,,302 https://links-go9.top/mostbet → 302 https://65r08go.com/QFqF → 200 https://nvjnacmb.com/casino?registration=1&cid=8297204719&pid=297832&sip=0
mostbet-x10p.top,latest,external,https://links-go9.top/mostbet_cr,https://ijwdpnmb.com/casino?registration=1&cid=8297204757&pid=297832&sip=0,mostbet,Mostbet,mostbet_assets,297832,True,Mostbet official website,True,,302 https://links-go9.top/mostbet_cr → 302 https://65r08go.com/QFqF → 200 https://ijwdpnmb.com/casino?registration=1&cid=8297204757&pid=297832&sip=0
mostbet-wzi8.top,latest,external,https://mostbet.partners/,,needs_browser,,http_undecided,,,,,,
mostbet-x4v.top,latest,external,https://links-go9.top/mostbet_android,https://nvjnacmb.com/casino?registration=1&cid=8297204659&pid=297832&sip=0,mostbet,Mostbet,mostbet_assets,297832,True,Mostbet official website,True,,302 https://links-go9.top/mostbet_android → 302 https://65r08go.com/QFqF → 200 https://nvjnacmb.com/casino?registration=1&cid=8297204659&pid=297832&sip=0
mostbet-x4v.top,latest,external,https://links-go9.top/mostbet_ios,https://ijwdpnmb.com/casino?registration=1&cid=8297204703&pid=297832&sip=0,mostbet,Mostbet,mostbet_assets,297832,True,Mostbet official website,True,,302 https://links-go9.top/mostbet_ios → 302 https://65r08go.com/QFqF → 200 https://ijwdpnmb.com/casino?registration=1&cid=8297204703&pid=297832&sip=0
mostbet-x4v.top,latest,external,https://links-go9.top/mostbet,https://nvjnacmb.com/casino?registration=1&cid=8297204719&pid=297832&sip=0,mostbet,Mostbet,mostbet_assets,297832,True,Mostbet official website,True,,302 https://links-go9.top/mostbet → 302 https://65r08go.com/QFqF → 200 https://nvjnacmb.com/casino?registration=1&cid=8297204719&pid=297832&sip=0
mostbet-x4v.top,latest,external,https://links-go9.top/mostbet_cr,https://ijwdpnmb.com/casino?registration=1&cid=8297204757&pid=297832&sip=0,mostbet,Mostbet,mostbet_assets,297832,True,Mostbet official website,True,,302 https://links-go9.top/mostbet_cr → 302 https://65r08go.com/QFqF → 200 https://ijwdpnmb.com/casino?registration=1&cid=8297204757&pid=297832&sip=0
mostbet-wzx9.top,latest,external,https://mostbet.partners/,,needs_browser,,http_undecided,,,,,,
mostbet-wzj9.xyz,latest,external,https://mostbet.partners/,,needs_browser,,http_undecided,,,,,,
mostbet-xao73.buzz,latest,external,https://mostbet.partners/,,needs_browser,,http_undecided,,,,,,
mostbet-wzx4.top,latest,external,https://mostbet.partners/,,needs_browser,,http_undecided,,,,,,
mostbet-xbet18.top,latest,external,https://links-go9.top/mostbet_android,https://nvjnacmb.com/casino?registration=1&cid=8297204659&pid=297832&sip=0,mostbet,Mostbet,mostbet_assets,297832,True,Mostbet official website,True,,302 https://links-go9.top/mostbet_android → 302 https://65r08go.com/QFqF → 200 https://nvjnacmb.com/casino?registration=1&cid=8297204659&pid=297832&sip=0
mostbet-xbet18.top,latest,external,https://links-go9.top/mostbet_ios,https://ijwdpnmb.com/casino?registration=1&cid=8297204703&pid=297832&sip=0,mostbet,Mostbet,mostbet_assets,297832,True,Mostbet official website,True,,302 https://links-go9.top/mostbet_ios → 302 https://65r08go.com/QFqF → 200 https://ijwdpnmb.com/casino?registration=1&cid=8297204703&pid=297832&sip=0
mostbet-xbet18.top,latest,external,https://links-go9.top/mostbet,https://nvjnacmb.com/casino?registration=1&cid=8297204719&pid=297832&sip=0,mostbet,Mostbet,mostbet_assets,297832,True,Mostbet official website,True,,302 https://links-go9.top/mostbet → 302 https://65r08go.com/QFqF → 200 https://nvjnacmb.com/casino?registration=1&cid=8297204719&pid=297832&sip=0
mostbet-xbet18.top,latest,external,https://links-go9.top/mostbet_cr,https://ijwdpnmb.com/casino?registration=1&cid=8297204757&pid=297832&sip=0,mostbet,Mostbet,mostbet_assets,297832,True,Mostbet official website,True,,302 https://links-go9.top/mostbet_cr → 302 https://65r08go.com/QFqF → 200 https://ijwdpnmb.com/casino?registration=1&cid=8297204757&pid=297832&sip=0
mostbet-wzz8.top,latest,external,https://mostbet.partners/,,needs_browser,,http_undecided,,,,,,
mostbet-xck72.cfd,latest,external,https://mostbet.partners/,,needs_browser,,http_undecided,,,,,,
mostbet-x1.site,latest,external,https://mostbet.partners/,,needs_browser,,http_undecided,,,,,,
mostbet-x9io8qn.top,latest,external,https://mostbet.partners/,,needs_browser,,http_undecided,,,,,,
mostbet-x1v.top,latest,home_redirect,https://mostbet-x1v.top/,https://mostbet-x4v.top,mostbet,Mostbet,mostbet_assets,,True,,,,
mostbet-x9p.top,latest,home_redirect,https://mostbet-x9p.top/,https://mostbet-x10p.top,mostbet,Mostbet,mostbet_assets,,True,,,,
mostbet-xaz76.cfd,latest,external,https://mostbet.partners/,,needs_browser,,http_undecided,,,,,,
mostbet-xet49.sbs,latest,external,https://mostbet.partners/,,needs_browser,,http_undecided,,,,,,
mostbet-x0v.ru,latest,home_redirect,https://mostbet-x0v.ru/,https://mostbet-x4v.top,mostbet,Mostbet,mostbet_assets,,True,,,,
mostbet-x3v.top,latest,home_redirect,https://mostbet-x3v.top/,https://mostbet-x4v.top,mostbet,Mostbet,mostbet_assets,,True,,,,
mostbet-xbet17.top,latest,home_redirect,https://mostbet-xbet17.top/,https://mostbet-xbet18.top/,mostbet,Mostbet,mostbet_assets,,True,,,,
mostbet-x7p.top,latest,home_redirect,https://mostbet-x7p.top/,https://mostbet-x10p.top,mostbet,Mostbet,mostbet_assets,,True,,,,
mostbet-x2v.top,latest,home_redirect,https://mostbet-x2v.top/,https://mostbet-x4v.top,mostbet,Mostbet,mostbet_assets,,True,,,,
mostbet-xdn42.cfd,latest,external,https://mostbet.partners/,,needs_browser,,http_undecided,,,,,,
mostbet-xdq22.top,latest,external,https://mostbet.partners/,,needs_browser,,http_undecided,,,,,,
mostbet-xfh36.cfd,latest,external,https://mostbet.partners/,,needs_browser,,http_undecided,,,,,,
mostbet-xht26ib.cam,latest,external,https://mostbet.partners/,,needs_browser,,http_undecided,,,,,,
mostbet-xgv7.buzz,latest,external,https://mostbet.partners/,,needs_browser,,http_undecided,,,,,,
mostbet-x8p.top,latest,home_redirect,https://mostbet-x8p.top/,https://mostbet-x10p.top,mostbet,Mostbet,mostbet_assets,,True,,,,
mostbet-x4p.ru,latest,home_redirect,https://mostbet-x4p.ru/,https://mostbet-x10p.top,mostbet,Mostbet,mostbet_assets,,True,,,,
mostbet-xcx21.top,latest,external,https://mostbet.partners/,,needs_browser,,http_undecided,,,,,,
mostbet-xline17.top,latest,external,https://links-go9.top/mostbet_android,https://nvjnacmb.com/casino?registration=1&cid=8297204659&pid=297832&sip=0,mostbet,Mostbet,mostbet_assets,297832,True,Mostbet official website,True,,302 https://links-go9.top/mostbet_android → 302 https://65r08go.com/QFqF → 200 https://nvjnacmb.com/casino?registration=1&cid=8297204659&pid=297832&sip=0
mostbet-xline17.top,latest,external,https://links-go9.top/mostbet_ios,https://ijwdpnmb.com/casino?registration=1&cid=8297204703&pid=297832&sip=0,mostbet,Mostbet,mostbet_assets,297832,True,Mostbet official website,True,,302 https://links-go9.top/mostbet_ios → 302 https://65r08go.com/QFqF → 200 https://ijwdpnmb.com/casino?registration=1&cid=8297204703&pid=297832&sip=0
mostbet-xline17.top,latest,external,https://links-go9.top/mostbet,https://nvjnacmb.com/casino?registration=1&cid=8297204719&pid=297832&sip=0,mostbet,Mostbet,mostbet_assets,297832,True,Mostbet official website,True,,302 https://links-go9.top/mostbet → 302 https://65r08go.com/QFqF → 200 https://nvjnacmb.com/casino?registration=1&cid=8297204719&pid=297832&sip=0
mostbet-xline17.top,latest,external,https://links-go9.top/mostbet_cr,https://ijwdpnmb.com/casino?registration=1&cid=8297204757&pid=297832&sip=0,mostbet,Mostbet,mostbet_assets,297832,True,Mostbet official website,True,,302 https://links-go9.top/mostbet_cr → 302 https://65r08go.com/QFqF → 200 https://ijwdpnmb.com/casino?registration=1&cid=8297204757&pid=297832&sip=0
mostbet-xce72.sbs,latest,external,https://mostbet.partners/,,needs_browser,,http_undecided,,,,,,
mostbet-x6p.top,latest,home_redirect,https://mostbet-x6p.top/,https://mostbet-x10p.top,mostbet,Mostbet,mostbet_assets,,True,,,,
mostbet-xlt67.cam,latest,external,https://mostbet.partners/,,needs_browser,,http_undecided,,,,,,
mostbet-xfx65.buzz,latest,external,https://mostbet.partners/,,needs_browser,,http_undecided,,,,,,
mostbet-xkg27.sbs,latest,external,https://mostbet.partners/,,needs_browser,,http_undecided,,,,,,
mostbet-xix38.buzz,latest,external,https://mostbet.partners/,,needs_browser,,http_undecided,,,,,,
mostbet-xfk87.buzz,latest,external,https://mostbet.partners/,,needs_browser,,http_undecided,,,,,,
mostbet-xkb45.sbs,latest,external,https://mostbet.partners/,,needs_browser,,http_undecided,,,,,,
mostbet-xci41.cfd,latest,external,https://mostbet.partners/,,needs_browser,,http_undecided,,,,,,
mostbet-xjf32.cfd,latest,external,https://mostbet.partners/,,needs_browser,,http_undecided,,,,,,
mostbet-xer53.buzz,latest,external,https://mostbet.partners/,,needs_browser,,http_undecided,,,,,,
mostbet-x5p.top,latest,home_redirect,https://mostbet-x5p.top/,https://mostbet-x10p.top,mostbet,Mostbet,mostbet_assets,,True,,,,
mostbet-xplay18.top,latest,external,https://links-go9.top/mostbet_android,https://nvjnacmb.com/casino?registration=1&cid=8297204659&pid=297832&sip=0,mostbet,Mostbet,mostbet_assets,297832,True,Mostbet official website,True,,302 https://links-go9.top/mostbet_android → 302 https://65r08go.com/QFqF → 200 https://nvjnacmb.com/casino?registration=1&cid=8297204659&pid=297832&sip=0
mostbet-xplay18.top,latest,external,https://links-go9.top/mostbet_ios,https://ijwdpnmb.com/casino?registration=1&cid=8297204703&pid=297832&sip=0,mostbet,Mostbet,mostbet_assets,297832,True,Mostbet official website,True,,302 https://links-go9.top/mostbet_ios → 302 https://65r08go.com/QFqF → 200 https://ijwdpnmb.com/casino?registration=1&cid=8297204703&pid=297832&sip=0
mostbet-xplay18.top,latest,external,https://links-go9.top/mostbet,https://nvjnacmb.com/casino?registration=1&cid=8297204719&pid=297832&sip=0,mostbet,Mostbet,mostbet_assets,297832,True,Mostbet official website,True,,302 https://links-go9.top/mostbet → 302 https://65r08go.com/QFqF → 200 https://nvjnacmb.com/casino?registration=1&cid=8297204719&pid=297832&sip=0
mostbet-xplay18.top,latest,external,https://links-go9.top/mostbet_cr,https://ijwdpnmb.com/casino?registration=1&cid=8297204757&pid=297832&sip=0,mostbet,Mostbet,mostbet_assets,297832,True,Mostbet official website,True,,302 https://links-go9.top/mostbet_cr → 302 https://65r08go.com/QFqF → 200 https://ijwdpnmb.com/casino?registration=1&cid=8297204757&pid=297832&sip=0
mostbet-xgw87.cam,latest,external,https://mostbet.partners/,,needs_browser,,http_undecided,,,,,,
mostbet-xmq65.cam,latest,external,https://mostbet.partners/,,needs_browser,,http_undecided,,,,,,
mostbet-xqb59.buzz,latest,external,https://mostbet.partners/,,needs_browser,,http_undecided,,,,,,
mostbet-xpi76nn.cfd,latest,external,https://mostbet.partners/,,needs_browser,,http_undecided,,,,,,
mostbet-xng27.sbs,latest,external,https://mostbet.partners/,,needs_browser,,http_undecided,,,,,,
mostbet-xrg36.cam,latest,external,https://mostbet.partners/,,needs_browser,,http_undecided,,,,,,
mostbet-xsj59.buzz,latest,external,https://mostbet.partners/,,needs_browser,,http_undecided,,,,,,
mostbet-xlo9.xyz,latest,external,https://mostbet.partners/,,needs_browser,,http_undecided,,,,,,
mostbet-xod86as.buzz,latest,external,https://mostbet.partners/,,needs_browser,,http_undecided,,,,,,
mostbet-xms26.cam,latest,external,https://mostbet.partners/,,needs_browser,,http_undecided,,,,,,
mostbet-xea52.cfd,latest,external,https://mostbet.partners/,,needs_browser,,http_undecided,,,,,,
mostbet-xba39.cfd,latest,external,https://mostbet.partners/,,needs_browser,,http_undecided,,,,,,
mostbet-xsw2.top,latest,external,https://links-go9.top/mostbet_android,https://nvjnacmb.com/casino?registration=1&cid=8297204659&pid=297832&sip=0,mostbet,Mostbet,mostbet_assets,297832,True,Mostbet official website,True,,302 https://links-go9.top/mostbet_android → 302 https://65r08go.com/QFqF → 200 https://nvjnacmb.com/casino?registration=1&cid=8297204659&pid=297832&sip=0
mostbet-xsw2.top,latest,external,https://links-go9.top/mostbet_ios,https://ijwdpnmb.com/casino?registration=1&cid=8297204703&pid=297832&sip=0,mostbet,Mostbet,mostbet_assets,297832,True,Mostbet official website,True,,302 https://links-go9.top/mostbet_ios → 302 https://65r08go.com/QFqF → 200 https://ijwdpnmb.com/casino?registration=1&cid=8297204703&pid=297832&sip=0
mostbet-xsw2.top,latest,external,https://links-go9.top/mostbet,https://nvjnacmb.com/casino?registration=1&cid=8297204719&pid=297832&sip=0,mostbet,Mostbet,mostbet_assets,297832,True,Mostbet official website,True,,302 https://links-go9.top/mostbet → 302 https://65r08go.com/QFqF → 200 https://nvjnacmb.com/casino?registration=1&cid=8297204719&pid=297832&sip=0
mostbet-xsw2.top,latest,external,https://links-go9.top/mostbet_cr,https://ijwdpnmb.com/casino?registration=1&cid=8297204757&pid=297832&sip=0,mostbet,Mostbet,mostbet_assets,297832,True,Mostbet official website,True,,302 https://links-go9.top/mostbet_cr → 302 https://65r08go.com/QFqF → 200 https://ijwdpnmb.com/casino?registration=1&cid=8297204757&pid=297832&sip=0
mostbet-xjx63.sbs,latest,external,https://mostbet.partners/,,needs_browser,,http_undecided,,,,,,
mostbet-xbz98.cfd,latest,external,https://mostbet.partners/,,needs_browser,,http_undecided,,,,,,
mostbet-xsw3.top,latest,external,https://links-go9.top/mostbet_android,https://nvjnacmb.com/casino?registration=1&cid=8297204659&pid=297832&sip=0,mostbet,Mostbet,mostbet_assets,297832,True,Mostbet official website,True,,302 https://links-go9.top/mostbet_android → 302 https://65r08go.com/QFqF → 200 https://nvjnacmb.com/casino?registration=1&cid=8297204659&pid=297832&sip=0
mostbet-xsw3.top,latest,external,https://links-go9.top/mostbet_ios,https://ijwdpnmb.com/casino?registration=1&cid=8297204703&pid=297832&sip=0,mostbet,Mostbet,mostbet_assets,297832,True,Mostbet official website,True,,302 https://links-go9.top/mostbet_ios → 302 https://65r08go.com/QFqF → 200 https://ijwdpnmb.com/casino?registration=1&cid=8297204703&pid=297832&sip=0
mostbet-xsw3.top,latest,external,https://links-go9.top/mostbet,https://nvjnacmb.com/casino?registration=1&cid=8297204719&pid=297832&sip=0,mostbet,Mostbet,mostbet_assets,297832,True,Mostbet official website,True,,302 https://links-go9.top/mostbet → 302 https://65r08go.com/QFqF → 200 https://nvjnacmb.com/casino?registration=1&cid=8297204719&pid=297832&sip=0
mostbet-xsw3.top,latest,external,https://links-go9.top/mostbet_cr,https://ijwdpnmb.com/casino?registration=1&cid=8297204757&pid=297832&sip=0,mostbet,Mostbet,mostbet_assets,297832,True,Mostbet official website,True,,302 https://links-go9.top/mostbet_cr → 302 https://65r08go.com/QFqF → 200 https://ijwdpnmb.com/casino?registration=1&cid=8297204757&pid=297832&sip=0
mostbet-xwc75.buzz,latest,external,https://mostbet.partners/,,needs_browser,,http_undecided,,,,,,
mostbet-xpkx.xyz,latest,external,https://mostbet.partners/,,needs_browser,,http_undecided,,,,,,
mostbet-xlh94.cam,latest,external,https://mostbet.partners/,,needs_browser,,http_undecided,,,,,,
mostbet-xgs98.sbs,latest,external,https://mostbet.partners/,,needs_browser,,http_undecided,,,,,,
mostbet-xsw1.top,latest,home_redirect,https://mostbet-xsw1.top/,https://mostbet-xsw3.top/,mostbet,Mostbet,mostbet_assets,,True,,,,
mostbet-xsw.top,latest,home_redirect,https://mostbet-xsw.top/,https://mostbet-xsw2.top/,mostbet,Mostbet,mostbet_assets,,True,,,,
mostbet-xwf52.cfd,latest,external,https://mostbet.partners/,,needs_browser,,http_undecided,,,,,,
mostbet-xlz15.buzz,latest,external,https://mostbet.partners/,,needs_browser,,http_undecided,,,,,,
mostbet-xya9.top,latest,external,https://mostbet.partners/,,needs_browser,,http_undecided,,,,,,
mostbet-xto77.cam,latest,external,https://mostbet.partners/,,needs_browser,,http_undecided,,,,,,
mostbet-xbm6.cam,latest,external,https://mostbet.partners/,,needs_browser,,http_undecided,,,,,,
mostbet-yah48.sbs,latest,external,https://mostbet.partners/,,needs_browser,,http_undecided,,,,,,
mostbet-ybg37.top,latest,external,https://mostbet.partners/,,needs_browser,,http_undecided,,,,,,
mostbet-y3p.ru,latest,external,https://links-go9.top/mostbet_android,https://nvjnacmb.com/casino?registration=1&cid=8297204659&pid=297832&sip=0,mostbet,Mostbet,mostbet_assets,297832,True,Mostbet official website,True,,302 https://links-go9.top/mostbet_android → 302 https://65r08go.com/QFqF → 200 https://nvjnacmb.com/casino?registration=1&cid=8297204659&pid=297832&sip=0
mostbet-y3p.ru,latest,external,https://links-go9.top/mostbet_ios,https://ijwdpnmb.com/casino?registration=1&cid=8297204703&pid=297832&sip=0,mostbet,Mostbet,mostbet_assets,297832,True,Mostbet official website,True,,302 https://links-go9.top/mostbet_ios → 302 https://65r08go.com/QFqF → 200 https://ijwdpnmb.com/casino?registration=1&cid=8297204703&pid=297832&sip=0
mostbet-y3p.ru,latest,external,https://links-go9.top/mostbet,https://nvjnacmb.com/casino?registration=1&cid=8297204719&pid=297832&sip=0,mostbet,Mostbet,mostbet_assets,297832,True,Mostbet official website,True,,302 https://links-go9.top/mostbet → 302 https://65r08go.com/QFqF → 200 https://nvjnacmb.com/casino?registration=1&cid=8297204719&pid=297832&sip=0
mostbet-y3p.ru,latest,external,https://links-go9.top/mostbet_cr,https://ijwdpnmb.com/casino?registration=1&cid=8297204757&pid=297832&sip=0,mostbet,Mostbet,mostbet_assets,297832,True,Mostbet official website,True,,302 https://links-go9.top/mostbet_cr → 302 https://65r08go.com/QFqF → 200 https://ijwdpnmb.com/casino?registration=1&cid=8297204757&pid=297832&sip=0
mostbet-y95be1m.top,latest,external,https://mostbet.partners/,,needs_browser,,http_undecided,,,,,,
mostbet-ybf61.sbs,latest,external,https://mostbet.partners/,,needs_browser,,http_undecided,,,,,,
mostbet-xvd63.cam,latest,external,https://mostbet.partners/,,needs_browser,,http_undecided,,,,,,
mostbet-xtreme17.top,latest,home_redirect,https://mostbet-xtreme17.top/,https://mostbet-casino-k0.top/,mostbet,Mostbet,mostbet_assets,,True,,,,
mostbet-yef79.cam,latest,external,https://mostbet.partners/,,needs_browser,,http_undecided,,,,,,
mostbet-yfc87.top,latest,external,https://mostbet.partners/,,needs_browser,,http_undecided,,,,,,
mostbet-xx2.xyz,latest,external,https://mostbet.partners/,,needs_browser,,http_undecided,,,,,,
mostbet-ybh72.cfd,latest,external,https://mostbet.partners/,,needs_browser,,http_undecided,,,,,,
mostbet-xzo52.buzz,latest,external,https://mostbet.partners/,,needs_browser,,http_undecided,,,,,,
mostbet-xfn2.buzz,latest,external,https://mostbet.partners/,,needs_browser,,http_undecided,,,,,,
mostbet-xou87.cam,latest,external,https://mostbet.partners/,,needs_browser,,http_undecided,,,,,,
mostbet-ydi67.cam,latest,external,https://mostbet.partners/,,needs_browser,,http_undecided,,,,,,
mostbet-yns41.buzz,latest,external,https://mostbet.partners/,,needs_browser,,http_undecided,,,,,,
mostbet-xlq.store,latest,external,https://mostbet.partners/,,needs_browser,,http_undecided,,,,,,
mostbet-yci51.cam,latest,external,https://mostbet.partners/,,needs_browser,,http_undecided,,,,,,
mostbet-yct27.cfd,latest,external,https://mostbet.partners/,,needs_browser,,http_undecided,,,,,,
mostbet-yee25.cam,latest,external,https://mostbet.partners/,,needs_browser,,http_undecided,,,,,,
mostbet-yng92.top,latest,external,https://mostbet.partners/,,needs_browser,,http_undecided,,,,,,
mostbet-ycmhp.top,latest,external,https://mostbet.partners/,,needs_browser,,http_undecided,,,,,,
mostbet-yez65.cam,latest,external,https://mostbet.partners/,,needs_browser,,http_undecided,,,,,,
mostbet-ykg73.cam,latest,external,https://mostbet.partners/,,needs_browser,,http_undecided,,,,,,
mostbet-ytz53.buzz,latest,external,https://mostbet.partners/,,needs_browser,,http_undecided,,,,,,
mostbet-yqm29.cfd,latest,external,https://mostbet.partners/,,needs_browser,,http_undecided,,,,,,
mostbet-ysb57.cfd,latest,external,https://mostbet.partners/,,needs_browser,,http_undecided,,,,,,
mostbet-ylr69.sbs,latest,external,https://mostbet.partners/,,needs_browser,,http_undecided,,,,,,
mostbet-ysx78.cfd,latest,external,https://mostbet.partners/,,needs_browser,,http_undecided,,,,,,
mostbet-yso85.cfd,latest,external,https://mostbet.partners/,,needs_browser,,http_undecided,,,,,,
mostbet-ynk13.cam,latest,external,https://mostbet.partners/,,needs_browser,,http_undecided,,,,,,
mostbet-xss0.top,latest,external,https://mostbet.partners/,,needs_browser,,http_undecided,,,,,,
mostbet-xix9.top,latest,external,https://mostbet.partners/,,needs_browser,,http_undecided,,,,,,
mostbet-xss.lol,latest,external,https://mostbet.partners/,,needs_browser,,http_undecided,,,,,,
mostbet-yyw77.cam,latest,external,https://mostbet.partners/,,needs_browser,,http_undecided,,,,,,
mostbet-yyy94.cam,latest,external,https://mostbet.partners/,,needs_browser,,http_undecided,,,,,,
mostbet-yzd46.sbs,latest,external,https://mostbet.partners/,,needs_browser,,http_undecided,,,,,,
mostbet-yzp51.cfd,latest,external,https://mostbet.partners/,,needs_browser,,http_undecided,,,,,,
mostbet-ytyglz9.top,latest,external,https://mostbet.partners/,,needs_browser,,http_undecided,,,,,,
mostbet-ywg16.cam,latest,external,https://mostbet.partners/,,needs_browser,,http_undecided,,,,,,
mostbet-yt1.top,latest,home_redirect,https://mostbet-yt1.top/,https://mostbet-casino-yt3.top,mostbet,Mostbet,mostbet_assets,,True,,,,
mostbet-z14i.top,latest,external,https://links-go9.top/mostbet_android,https://nvjnacmb.com/casino?registration=1&cid=8297204659&pid=297832&sip=0,mostbet,Mostbet,mostbet_assets,297832,True,Mostbet official website,True,,302 https://links-go9.top/mostbet_android → 302 https://65r08go.com/QFqF → 200 https://nvjnacmb.com/casino?registration=1&cid=8297204659&pid=297832&sip=0
mostbet-z14i.top,latest,external,https://links-go9.top/mostbet_ios,https://ijwdpnmb.com/casino?registration=1&cid=8297204703&pid=297832&sip=0,mostbet,Mostbet,mostbet_assets,297832,True,Mostbet official website,True,,302 https://links-go9.top/mostbet_ios → 302 https://65r08go.com/QFqF → 200 https://ijwdpnmb.com/casino?registration=1&cid=8297204703&pid=297832&sip=0
mostbet-z14i.top,latest,external,https://links-go9.top/mostbet,https://nvjnacmb.com/casino?registration=1&cid=8297204719&pid=297832&sip=0,mostbet,Mostbet,mostbet_assets,297832,True,Mostbet official website,True,,302 https://links-go9.top/mostbet → 302 https://65r08go.com/QFqF → 200 https://nvjnacmb.com/casino?registration=1&cid=8297204719&pid=297832&sip=0
mostbet-z14i.top,latest,external,https://links-go9.top/mostbet_cr,https://ijwdpnmb.com/casino?registration=1&cid=8297204757&pid=297832&sip=0,mostbet,Mostbet,mostbet_assets,297832,True,Mostbet official website,True,,302 https://links-go9.top/mostbet_cr → 302 https://65r08go.com/QFqF → 200 https://ijwdpnmb.com/casino?registration=1&cid=8297204757&pid=297832&sip=0
mostbet-z1r.ru,latest,external,https://links-go9.top/mostbet_android,https://nvjnacmb.com/casino?registration=1&cid=8297204659&pid=297832&sip=0,mostbet,Mostbet,mostbet_assets,297832,True,Mostbet official website,True,,302 https://links-go9.top/mostbet_android → 302 https://65r08go.com/QFqF → 200 https://nvjnacmb.com/casino?registration=1&cid=8297204659&pid=297832&sip=0
mostbet-z1r.ru,latest,external,https://links-go9.top/mostbet_ios,https://ijwdpnmb.com/casino?registration=1&cid=8297204703&pid=297832&sip=0,mostbet,Mostbet,mostbet_assets,297832,True,Mostbet official website,True,,302 https://links-go9.top/mostbet_ios → 302 https://65r08go.com/QFqF → 200 https://ijwdpnmb.com/casino?registration=1&cid=8297204703&pid=297832&sip=0
mostbet-z1r.ru,latest,external,https://links-go9.top/mostbet,https://nvjnacmb.com/casino?registration=1&cid=8297204719&pid=297832&sip=0,mostbet,Mostbet,mostbet_assets,297832,True,Mostbet official website,True,,302 https://links-go9.top/mostbet → 302 https://65r08go.com/QFqF → 200 https://nvjnacmb.com/casino?registration=1&cid=8297204719&pid=297832&sip=0
mostbet-z1r.ru,latest,external,https://links-go9.top/mostbet_cr,https://ijwdpnmb.com/casino?registration=1&cid=8297204757&pid=297832&sip=0,mostbet,Mostbet,mostbet_assets,297832,True,Mostbet official website,True,,302 https://links-go9.top/mostbet_cr → 302 https://65r08go.com/QFqF → 200 https://ijwdpnmb.com/casino?registration=1&cid=8297204757&pid=297832&sip=0
mostbet-yt0.top,latest,home_redirect,https://mostbet-yt0.top/,https://mostbet-casino-yt3.top,mostbet,Mostbet,mostbet_assets,,True,,,,
mostbet-yts.top,latest,home_redirect,https://mostbet-yts.top/,https://mostbet-casino-yt3.top,mostbet,Mostbet,mostbet_assets,,True,,,,
mostbet-yvm47.top,latest,external,https://mostbet.partners/,,needs_browser,,http_undecided,,,,,,
mostbet-yxp8.buzz,latest,external,https://mostbet.partners/,,needs_browser,,http_undecided,,,,,,
mostbet-yqq91.top,latest,external,https://mostbet.partners/,,needs_browser,,http_undecided,,,,,,
mostbet-yzx26.cfd,latest,external,https://mostbet.partners/,,needs_browser,,http_undecided,,,,,,
mostbet-yk10.buzz,latest,external,https://mostbet.partners/,,needs_browser,,http_undecided,,,,,,
mostbet-yzq24.cam,latest,external,https://mostbet.partners/,,needs_browser,,http_undecided,,,,,,
mostbet-z13i.top,latest,home_redirect,https://mostbet-z13i.top/,https://mostbet-z14i.top,mostbet,Mostbet,mostbet_assets,,True,,,,
mostbet-yvj86.top,latest,external,https://mostbet.partners/,,needs_browser,,http_undecided,,,,,,
mostbet-z11i.top,latest,home_redirect,https://mostbet-z11i.top/,https://mostbet-z14i.top,mostbet,Mostbet,mostbet_assets,,True,,,,
mostbet-zdh1.buzz,latest,external,https://mostbet.partners/,,needs_browser,,http_undecided,,,,,,
mostbet-yvs27.buzz,latest,external,https://mostbet.partners/,,needs_browser,,http_undecided,,,,,,
mostbet-zbx28.cam,latest,external,https://mostbet.partners/,,needs_browser,,http_undecided,,,,,,
mostbet-xvi4.cam,latest,external,https://mostbet.partners/,,needs_browser,,http_undecided,,,,,,
mostbet-z12i.top,latest,home_redirect,https://mostbet-z12i.top/,https://mostbet-z14i.top,mostbet,Mostbet,mostbet_assets,,True,,,,
mostbet-z10i.top,latest,home_redirect,https://mostbet-z10i.top/,https://mostbet-z14i.top,mostbet,Mostbet,mostbet_assets,,True,,,,
mostbet-z6r.top,latest,home_redirect,https://mostbet-z6r.top/,https://mostbet-casino-z0r.top/,mostbet,Mostbet,mostbet_assets,,True,,,,
mostbet-z5r.top,latest,home_redirect,https://mostbet-z5r.top/,https://mostbet-casino-z0r.top/,mostbet,Mostbet,mostbet_assets,,True,,,,
mostbet-z8i.top,latest,home_redirect,https://mostbet-z8i.top/,https://mostbet-z14i.top,mostbet,Mostbet,mostbet_assets,,True,,,,
mostbet-z5r.ru,latest,home_redirect,https://mostbet-z5r.ru/,https://mostbet-casino-z0r.top/,mostbet,Mostbet,mostbet_assets,,True,,,,
mostbet-z9i.top,latest,home_redirect,https://mostbet-z9i.top/,https://mostbet-z14i.top,mostbet,Mostbet,mostbet_assets,,True,,,,
mostbet-zerkala-bets.ru,latest,external,https://links-go9.top/mostbet,https://nvjnacmb.com/casino?registration=1&cid=8297204719&pid=297832&sip=0,mostbet,Mostbet,mostbet_assets,297832,True,Mostbet official website,True,,302 https://links-go9.top/mostbet → 302 https://65r08go.com/QFqF → 200 https://nvjnacmb.com/casino?registration=1&cid=8297204719&pid=297832&sip=0
mostbet-zerkala-bets.ru,latest,external,https://links-go9.top/mostbet_android,https://nvjnacmb.com/casino?registration=1&cid=8297204659&pid=297832&sip=0,mostbet,Mostbet,mostbet_assets,297832,True,Mostbet official website,True,,302 https://links-go9.top/mostbet_android → 302 https://65r08go.com/QFqF → 200 https://nvjnacmb.com/casino?registration=1&cid=8297204659&pid=297832&sip=0
mostbet-zerkala-bets.ru,latest,external,https://links-go9.top/mostbet_ios,https://ijwdpnmb.com/casino?registration=1&cid=8297204703&pid=297832&sip=0,mostbet,Mostbet,mostbet_assets,297832,True,Mostbet official website,True,,302 https://links-go9.top/mostbet_ios → 302 https://65r08go.com/QFqF → 200 https://ijwdpnmb.com/casino?registration=1&cid=8297204703&pid=297832&sip=0
mostbet-zerkala-bets.ru,latest,external,https://links-go9.top/mostbet_cr,https://ijwdpnmb.com/casino?registration=1&cid=8297204757&pid=297832&sip=0,mostbet,Mostbet,mostbet_assets,297832,True,Mostbet official website,True,,302 https://links-go9.top/mostbet_cr → 302 https://65r08go.com/QFqF → 200 https://ijwdpnmb.com/casino?registration=1&cid=8297204757&pid=297832&sip=0
mostbet-z480.xyz,latest,external,https://mostbet.partners/,,needs_browser,,http_undecided,,,,,,
mostbet-yji.lol,latest,external,https://mostbet.partners/,,needs_browser,,http_undecided,,,,,,
mostbet-ykz72.buzz,latest,external,https://mostbet.partners/,,needs_browser,,http_undecided,,,,,,
mostbet-ze6a1wb.cam,latest,external,https://mostbet.partners/,,needs_browser,,http_undecided,,,,,,
mostbet-yzh51.cam,latest,external,https://mostbet.partners/,,needs_browser,,http_undecided,,,,,,
mostbet-ywd93.top,latest,external,https://mostbet.partners/,,needs_browser,,http_undecided,,,,,,
mostbet-ywd59.top,latest,external,https://mostbet.partners/,,needs_browser,,http_undecided,,,,,,
mostbet-z7i.top,latest,home_redirect,https://mostbet-z7i.top/,https://mostbet-z14i.top,mostbet,Mostbet,mostbet_assets,,True,,,,
mostbet-yyf1.buzz,latest,external,https://mostbet.partners/,,needs_browser,,http_undecided,,,,,,
mostbet-yyb64.buzz,latest,external,https://mostbet.partners/,,needs_browser,,http_undecided,,,,,,
mostbet-zerkalo-9.xyz,latest,external,https://mostbet.partners/,,needs_browser,,http_undecided,,,,,,
mostbet-yjwajvk.top,latest,external,https://mostbet.partners/,,needs_browser,,http_undecided,,,,,,
mostbet-zerkalo-official.ru,latest,external,https://links-go9.top/mostbet_android,https://nvjnacmb.com/casino?registration=1&cid=8297204659&pid=297832&sip=0,mostbet,Mostbet,mostbet_assets,297832,True,Mostbet official website,True,,302 https://links-go9.top/mostbet_android → 302 https://65r08go.com/QFqF → 200 https://nvjnacmb.com/casino?registration=1&cid=8297204659&pid=297832&sip=0
mostbet-zerkalo-official.ru,latest,external,https://links-go9.top/mostbet_ios,https://ijwdpnmb.com/casino?registration=1&cid=8297204703&pid=297832&sip=0,mostbet,Mostbet,mostbet_assets,297832,True,Mostbet official website,True,,302 https://links-go9.top/mostbet_ios → 302 https://65r08go.com/QFqF → 200 https://ijwdpnmb.com/casino?registration=1&cid=8297204703&pid=297832&sip=0
mostbet-zerkalo-official.ru,latest,external,https://links-go9.top/mostbet,https://nvjnacmb.com/casino?registration=1&cid=8297204719&pid=297832&sip=0,mostbet,Mostbet,mostbet_assets,297832,True,Mostbet official website,True,,302 https://links-go9.top/mostbet → 302 https://65r08go.com/QFqF → 200 https://nvjnacmb.com/casino?registration=1&cid=8297204719&pid=297832&sip=0
mostbet-zerkalo-official.ru,latest,external,https://links-go9.top/mostbet_cr,https://ijwdpnmb.com/casino?registration=1&cid=8297204757&pid=297832&sip=0,mostbet,Mostbet,mostbet_assets,297832,True,Mostbet official website,True,,302 https://links-go9.top/mostbet_cr → 302 https://65r08go.com/QFqF → 200 https://ijwdpnmb.com/casino?registration=1&cid=8297204757&pid=297832&sip=0
mostbet-zbx45.cfd,latest,external,https://mostbet.partners/,,needs_browser,,http_undecided,,,,,,
mostbet-yxu5.cam,latest,external,https://mostbet.partners/,,needs_browser,,http_undecided,,,,,,
mostbet-zerk1.xyz,latest,external,https://mostbet.partners/,,needs_browser,,http_undecided,,,,,,
mostbet-zerkalo-10.xyz,latest,external,https://mostbet.partners/,,needs_browser,,http_undecided,,,,,,
mostbet-zerkalo-13.xyz,latest,external,https://mostbet.partners/,,needs_browser,,http_undecided,,,,,,
mostbet-zerkalo-krot1.xyz,latest,external,https://mostbet.partners/,,needs_browser,,http_undecided,,,,,,
mostbet-zerkalo-online1.top,latest,home_redirect,https://mostbet-zerkalo-online1.top/,https://mostbet-zerkalo-online2.top,mostbet,Mostbet,mostbet_assets,,True,,,,
mostbet-zcv1.cam,latest,external,https://mostbet.partners/,,needs_browser,,http_undecided,,,,,,
mostbet-zerkalo-officialsite.top,latest,external,https://mostbet.partners/,,needs_browser,,http_undecided,,,,,,
mostbet-ze1.top,latest,home_redirect,https://mostbet-ze1.top/,https://mostbet-casino-ze1.top,mostbet,Mostbet,mostbet_assets,,True,,,,
mostbet-zerkalo.biz,latest,external,https://mostbet.partners/,,needs_browser,,http_undecided,,,,,,
mostbet-zerkalo-ru1.ru,latest,home_redirect,https://mostbet-zerkalo-ru1.ru/,https://mostbet-trm18.top/,mostbet,Mostbet,mostbet_assets,,True,,,,
mostbet-zej.top,latest,external,https://mostbet.partners/,,needs_browser,,http_undecided,,,,,,
mostbet-ze2.top,latest,home_redirect,https://mostbet-ze2.top/,https://mostbet-casino-ze1.top,mostbet,Mostbet,mostbet_assets,,True,,,,
mostbet-zerkalo-top.ru,latest,home_redirect,https://mostbet-zerkalo-top.ru/,https://mostbet-x10p.top,mostbet,Mostbet,mostbet_assets,,True,,,,
mostbet-zerkalo-vhod.ru,latest,home_redirect,https://mostbet-zerkalo-vhod.ru/,https://mostbet-zerkalo-vhod1.top,mostbet,Mostbet,mostbet_assets,,True,,,,
mostbet-zerkalo-online.ru,latest,home_redirect,https://mostbet-zerkalo-online.ru/,https://mostbet-zerkalo-online2.top,mostbet,Mostbet,mostbet_assets,,True,,,,
mostbet-zerkalo-siteofficial.top,latest,external,https://mostbet.partners/,,needs_browser,,http_undecided,,,,,,
mostbet-zhf99.sbs,latest,external,https://mostbet.partners/,,needs_browser,,http_undecided,,,,,,
mostbet-zjp7.top,latest,external,https://mostbet.partners/,,needs_browser,,http_undecided,,,,,,
mostbet-zerkalo-zxa.xyz,latest,external,https://mostbet.partners/,,needs_browser,,http_undecided,,,,,,
mostbet-zms96.sbs,latest,external,https://mostbet.partners/,,needs_browser,,http_undecided,,,,,,
mostbet-zerkalo-4.xyz,latest,external,https://mostbet.partners/,,needs_browser,,http_undecided,,,,,,
mostbet-zerkalotop.online,latest,external,https://mostbet.partners/,,needs_browser,,http_undecided,,,,,,
mostbet-zfa26.buzz,latest,external,https://mostbet.partners/,,needs_browser,,http_undecided,,,,,,
mostbet-zerkalo0.ru,latest,home_redirect,https://mostbet-zerkalo0.ru/,https://mostbet-spin18.top/,mostbet,Mostbet,mostbet_assets,,True,,,,
mostbet-zerkalo-ru.ru,latest,home_redirect,https://mostbet-zerkalo-ru.ru/,https://mostbet-probet19.top,mostbet,Mostbet,mostbet_assets,,True,,,,
mostbet-zonebet18.top,latest,external,https://links-go9.top/mostbet_android,https://nvjnacmb.com/casino?registration=1&cid=8297204659&pid=297832&sip=0,mostbet,Mostbet,mostbet_assets,297832,True,Mostbet official website,True,,302 https://links-go9.top/mostbet_android → 302 https://65r08go.com/QFqF → 200 https://nvjnacmb.com/casino?registration=1&cid=8297204659&pid=297832&sip=0
mostbet-zonebet18.top,latest,external,https://links-go9.top/mostbet_ios,https://ijwdpnmb.com/casino?registration=1&cid=8297204703&pid=297832&sip=0,mostbet,Mostbet,mostbet_assets,297832,True,Mostbet official website,True,,302 https://links-go9.top/mostbet_ios → 302 https://65r08go.com/QFqF → 200 https://ijwdpnmb.com/casino?registration=1&cid=8297204703&pid=297832&sip=0
mostbet-zonebet18.top,latest,external,https://links-go9.top/mostbet,https://nvjnacmb.com/casino?registration=1&cid=8297204719&pid=297832&sip=0,mostbet,Mostbet,mostbet_assets,297832,True,Mostbet official website,True,,302 https://links-go9.top/mostbet → 302 https://65r08go.com/QFqF → 200 https://nvjnacmb.com/casino?registration=1&cid=8297204719&pid=297832&sip=0
mostbet-zonebet18.top,latest,external,https://links-go9.top/mostbet_cr,https://ijwdpnmb.com/casino?registration=1&cid=8297204757&pid=297832&sip=0,mostbet,Mostbet,mostbet_assets,297832,True,Mostbet official website,True,,302 https://links-go9.top/mostbet_cr → 302 https://65r08go.com/QFqF → 200 https://ijwdpnmb.com/casino?registration=1&cid=8297204757&pid=297832&sip=0
mostbet-zps96.buzz,latest,external,https://mostbet.partners/,,needs_browser,,http_undecided,,,,,,
mostbet-zonebet17.top,latest,home_redirect,https://mostbet-zonebet17.top/,https://mostbet-zonebet18.top/,mostbet,Mostbet,mostbet_assets,,True,,,,
mostbet-zfo84.buzz,latest,external,https://mostbet.partners/,,needs_browser,,http_undecided,,,,,,
mostbet-zns53.cfd,latest,external,https://mostbet.partners/,,needs_browser,,http_undecided,,,,,,
mostbet-zmj48.cfd,latest,external,https://mostbet.partners/,,needs_browser,,http_undecided,,,,,,
mostbet-zerk21.xyz,latest,external,https://mostbet.partners/,,needs_browser,,http_undecided,,,,,,
mostbet-zerkalo-sitekrots.top,latest,external,https://mostbet.partners/,,needs_browser,,http_undecided,,,,,,
mostbet-zip64.buzz,latest,external,https://mostbet.partners/,,needs_browser,,http_undecided,,,,,,
mostbet-zpk15.cfd,latest,external,https://mostbet.partners/,,needs_browser,,http_undecided,,,,,,
mostbet-zerk.xyz,latest,external,https://mostbet.partners/,,needs_browser,,http_undecided,,,,,,
mostbet-zjv.cam,latest,external,https://mostbet.partners/,,needs_browser,,http_undecided,,,,,,
mostbet-znj99.sbs,latest,external,https://mostbet.partners/,,needs_browser,,http_undecided,,,,,,
mostbet-zqe11.top,latest,external,https://mostbet.partners/,,needs_browser,,http_undecided,,,,,,
mostbet-zti42.cam,latest,external,https://mostbet.partners/,,needs_browser,,http_undecided,,,,,,
mostbet-zne47.top,latest,external,https://mostbet.partners/,,needs_browser,,http_undecided,,,,,,
mostbet-zic59.cam,latest,external,https://mostbet.partners/,,needs_browser,,http_undecided,,,,,,
mostbet-zia1.top,latest,external,https://mostbet.partners/,,needs_browser,,http_undecided,,,,,,
mostbet-zlu41.cam,latest,external,https://mostbet.partners/,,needs_browser,,http_undecided,,,,,,
mostbet-zerkalo3.site,latest,external,https://mostbet.partners/,,needs_browser,,http_undecided,,,,,,
mostbet-zry55.cam,latest,external,https://mostbet.partners/,,needs_browser,,http_undecided,,,,,,
mostbet-zoi1.top,latest,external,https://mostbet.partners/,,needs_browser,,http_undecided,,,,,,
mostbet-zmh78.top,latest,external,https://mostbet.partners/,,needs_browser,,http_undecided,,,,,,
mostbet-zy5.top,latest,external,https://links-go9.top/mostbet_android,https://nvjnacmb.com/casino?registration=1&cid=8297204659&pid=297832&sip=0,mostbet,Mostbet,mostbet_assets,297832,True,Mostbet official website,True,,302 https://links-go9.top/mostbet_android → 302 https://65r08go.com/QFqF → 200 https://nvjnacmb.com/casino?registration=1&cid=8297204659&pid=297832&sip=0
mostbet-zy5.top,latest,external,https://links-go9.top/mostbet_ios,https://ijwdpnmb.com/casino?registration=1&cid=8297204703&pid=297832&sip=0,mostbet,Mostbet,mostbet_assets,297832,True,Mostbet official website,True,,302 https://links-go9.top/mostbet_ios → 302 https://65r08go.com/QFqF → 200 https://ijwdpnmb.com/casino?registration=1&cid=8297204703&pid=297832&sip=0
mostbet-zy5.top,latest,external,https://links-go9.top/mostbet,https://nvjnacmb.com/casino?registration=1&cid=8297204719&pid=297832&sip=0,mostbet,Mostbet,mostbet_assets,297832,True,Mostbet official website,True,,302 https://links-go9.top/mostbet → 302 https://65r08go.com/QFqF → 200 https://nvjnacmb.com/casino?registration=1&cid=8297204719&pid=297832&sip=0
mostbet-zy5.top,latest,external,https://links-go9.top/mostbet_cr,https://ijwdpnmb.com/casino?registration=1&cid=8297204757&pid=297832&sip=0,mostbet,Mostbet,mostbet_assets,297832,True,Mostbet official website,True,,302 https://links-go9.top/mostbet_cr → 302 https://65r08go.com/QFqF → 200 https://ijwdpnmb.com/casino?registration=1&cid=8297204757&pid=297832&sip=0
mostbet-zmz34.buzz,latest,external,https://mostbet.partners/,,needs_browser,,http_undecided,,,,,,
mostbet-zob35.top,latest,external,https://mostbet.partners/,,needs_browser,,http_undecided,,,,,,
mostbet-zts65.cam,latest,external,https://mostbet.partners/,,needs_browser,,http_undecided,,,,,,
mostbet-zsh92.buzz,latest,external,https://mostbet.partners/,,needs_browser,,http_undecided,,,,,,
mostbet-zy3.top,latest,home_redirect,https://mostbet-zy3.top/,https://mostbet-zy5.top,mostbet,Mostbet,mostbet_assets,,True,,,,
mostbet-zy4.top,latest,home_redirect,https://mostbet-zy4.top/,https://mostbet-zy5.top,mostbet,Mostbet,mostbet_assets,,True,,,,
mostbet-zso94.sbs,latest,external,https://mostbet.partners/,,needs_browser,,http_undecided,,,,,,
mostbet-zqj46.buzz,latest,external,https://mostbet.partners/,,needs_browser,,http_undecided,,,,,,
mostbet-zws28qi.top,latest,external,https://mostbet.partners/,,needs_browser,,http_undecided,,,,,,
mostbet-zy1.top,latest,home_redirect,https://mostbet-zy1.top/,https://mostbet-zy5.top,mostbet,Mostbet,mostbet_assets,,True,,,,
mostbet-zy2.top,latest,home_redirect,https://mostbet-zy2.top/,https://mostbet-zy5.top,mostbet,Mostbet,mostbet_assets,,True,,,,
mostbet-zy0.top,latest,home_redirect,https://mostbet-zy0.top/,https://mostbet-zy5.top,mostbet,Mostbet,mostbet_assets,,True,,,,
mostbet-zss7.top,latest,external,https://mostbet.partners/,,needs_browser,,http_undecided,,,,,,
mostbet-zone2417.top,latest,external,https://links-go9.top/mostbet_android,https://nvjnacmb.com/casino?registration=1&cid=8297204659&pid=297832&sip=0,mostbet,Mostbet,mostbet_assets,297832,True,Mostbet official website,True,,302 https://links-go9.top/mostbet_android → 302 https://65r08go.com/QFqF → 200 https://nvjnacmb.com/casino?registration=1&cid=8297204659&pid=297832&sip=0
mostbet-zone2417.top,latest,external,https://links-go9.top/mostbet_ios,https://ijwdpnmb.com/casino?registration=1&cid=8297204703&pid=297832&sip=0,mostbet,Mostbet,mostbet_assets,297832,True,Mostbet official website,True,,302 https://links-go9.top/mostbet_ios → 302 https://65r08go.com/QFqF → 200 https://ijwdpnmb.com/casino?registration=1&cid=8297204703&pid=297832&sip=0
mostbet-zone2417.top,latest,external,https://links-go9.top/mostbet,https://nvjnacmb.com/casino?registration=1&cid=8297204719&pid=297832&sip=0,mostbet,Mostbet,mostbet_assets,297832,True,Mostbet official website,True,,302 https://links-go9.top/mostbet → 302 https://65r08go.com/QFqF → 200 https://nvjnacmb.com/casino?registration=1&cid=8297204719&pid=297832&sip=0
mostbet-zone2417.top,latest,external,https://links-go9.top/mostbet_cr,https://ijwdpnmb.com/casino?registration=1&cid=8297204757&pid=297832&sip=0,mostbet,Mostbet,mostbet_assets,297832,True,Mostbet official website,True,,302 https://links-go9.top/mostbet_cr → 302 https://65r08go.com/QFqF → 200 https://ijwdpnmb.com/casino?registration=1&cid=8297204757&pid=297832&sip=0
mostbet-zone2417.top,latest,external,http://1cupis.ru/,https://1cupis.ru/,gambling_site,1Cupis,gambling_words_unrecognized,,False,"Что такое ЕДИНЫЙ ЦУПИС, для чего он нужен и как помогает развитию спорта?",,,301 http://1cupis.ru/ → 200 https://1cupis.ru/
mostbet-zxj3.cam,latest,external,https://mostbet.partners/,,needs_browser,,http_undecided,,,,,,
mostbet02.online,latest,external,https://mostbet.partners/,,needs_browser,,http_undecided,,,,,,
mostbet-zzc1.buzz,latest,external,https://mostbet.partners/,,needs_browser,,http_undecided,,,,,,
mostbet-zpi.xyz,latest,external,https://mostbet.partners/,,needs_browser,,http_undecided,,,,,,
mostbet11-24.ru,latest,external,https://links-go9.top/mostbet_android,https://nvjnacmb.com/casino?registration=1&cid=8297204659&pid=297832&sip=0,mostbet,Mostbet,mostbet_assets,297832,True,Mostbet official website,True,,302 https://links-go9.top/mostbet_android → 302 https://65r08go.com/QFqF → 200 https://nvjnacmb.com/casino?registration=1&cid=8297204659&pid=297832&sip=0
mostbet11-24.ru,latest,external,https://links-go9.top/mostbet_ios,https://ijwdpnmb.com/casino?registration=1&cid=8297204703&pid=297832&sip=0,mostbet,Mostbet,mostbet_assets,297832,True,Mostbet official website,True,,302 https://links-go9.top/mostbet_ios → 302 https://65r08go.com/QFqF → 200 https://ijwdpnmb.com/casino?registration=1&cid=8297204703&pid=297832&sip=0
mostbet11-24.ru,latest,external,https://links-go9.top/mostbet,https://nvjnacmb.com/casino?registration=1&cid=8297204719&pid=297832&sip=0,mostbet,Mostbet,mostbet_assets,297832,True,Mostbet official website,True,,302 https://links-go9.top/mostbet → 302 https://65r08go.com/QFqF → 200 https://nvjnacmb.com/casino?registration=1&cid=8297204719&pid=297832&sip=0
mostbet11-24.ru,latest,external,https://links-go9.top/mostbet_cr,https://ijwdpnmb.com/casino?registration=1&cid=8297204757&pid=297832&sip=0,mostbet,Mostbet,mostbet_assets,297832,True,Mostbet official website,True,,302 https://links-go9.top/mostbet_cr → 302 https://65r08go.com/QFqF → 200 https://ijwdpnmb.com/casino?registration=1&cid=8297204757&pid=297832&sip=0
mostbet114.top,latest,external,https://links-go9.top/mostbet,https://nvjnacmb.com/casino?registration=1&cid=8297204719&pid=297832&sip=0,mostbet,Mostbet,mostbet_assets,297832,True,Mostbet official website,True,,302 https://links-go9.top/mostbet → 302 https://65r08go.com/QFqF → 200 https://nvjnacmb.com/casino?registration=1&cid=8297204719&pid=297832&sip=0
mostbet114.top,latest,external,https://links-go9.top/mostbet_android,https://nvjnacmb.com/casino?registration=1&cid=8297204659&pid=297832&sip=0,mostbet,Mostbet,mostbet_assets,297832,True,Mostbet official website,True,,302 https://links-go9.top/mostbet_android → 302 https://65r08go.com/QFqF → 200 https://nvjnacmb.com/casino?registration=1&cid=8297204659&pid=297832&sip=0
mostbet114.top,latest,external,https://links-go9.top/mostbet_ios,https://ijwdpnmb.com/casino?registration=1&cid=8297204703&pid=297832&sip=0,mostbet,Mostbet,mostbet_assets,297832,True,Mostbet official website,True,,302 https://links-go9.top/mostbet_ios → 302 https://65r08go.com/QFqF → 200 https://ijwdpnmb.com/casino?registration=1&cid=8297204703&pid=297832&sip=0
mostbet114.top,latest,external,https://links-go9.top/mostbet_cr,https://ijwdpnmb.com/casino?registration=1&cid=8297204757&pid=297832&sip=0,mostbet,Mostbet,mostbet_assets,297832,True,Mostbet official website,True,,302 https://links-go9.top/mostbet_cr → 302 https://65r08go.com/QFqF → 200 https://ijwdpnmb.com/casino?registration=1&cid=8297204757&pid=297832&sip=0
mostbet1-sport.ru,latest,home_redirect,https://mostbet1-sport.ru/,https://mostbet-betnow17.top/,mostbet,Mostbet,mostbet_assets,,True,,,,
mostbet112.ru,latest,external,https://links-go9.top/mostbet,https://nvjnacmb.com/casino?registration=1&cid=8297204719&pid=297832&sip=0,mostbet,Mostbet,mostbet_assets,297832,True,Mostbet official website,True,,302 https://links-go9.top/mostbet → 302 https://65r08go.com/QFqF → 200 https://nvjnacmb.com/casino?registration=1&cid=8297204719&pid=297832&sip=0
mostbet112.ru,latest,external,https://links-go9.top/mostbet_android,https://nvjnacmb.com/casino?registration=1&cid=8297204659&pid=297832&sip=0,mostbet,Mostbet,mostbet_assets,297832,True,Mostbet official website,True,,302 https://links-go9.top/mostbet_android → 302 https://65r08go.com/QFqF → 200 https://nvjnacmb.com/casino?registration=1&cid=8297204659&pid=297832&sip=0
mostbet112.ru,latest,external,https://links-go9.top/mostbet_ios,https://ijwdpnmb.com/casino?registration=1&cid=8297204703&pid=297832&sip=0,mostbet,Mostbet,mostbet_assets,297832,True,Mostbet official website,True,,302 https://links-go9.top/mostbet_ios → 302 https://65r08go.com/QFqF → 200 https://ijwdpnmb.com/casino?registration=1&cid=8297204703&pid=297832&sip=0
mostbet112.ru,latest,external,https://links-go9.top/mostbet_cr,https://ijwdpnmb.com/casino?registration=1&cid=8297204757&pid=297832&sip=0,mostbet,Mostbet,mostbet_assets,297832,True,Mostbet official website,True,,302 https://links-go9.top/mostbet_cr → 302 https://65r08go.com/QFqF → 200 https://ijwdpnmb.com/casino?registration=1&cid=8297204757&pid=297832&sip=0
mostbet20006.top,latest,external,https://links-go9.top/mostbet,https://nvjnacmb.com/casino?registration=1&cid=8297204719&pid=297832&sip=0,mostbet,Mostbet,mostbet_assets,297832,True,Mostbet official website,True,,302 https://links-go9.top/mostbet → 302 https://65r08go.com/QFqF → 200 https://nvjnacmb.com/casino?registration=1&cid=8297204719&pid=297832&sip=0
mostbet20006.top,latest,external,https://links-go9.top/mostbet_android,https://nvjnacmb.com/casino?registration=1&cid=8297204659&pid=297832&sip=0,mostbet,Mostbet,mostbet_assets,297832,True,Mostbet official website,True,,302 https://links-go9.top/mostbet_android → 302 https://65r08go.com/QFqF → 200 https://nvjnacmb.com/casino?registration=1&cid=8297204659&pid=297832&sip=0
mostbet20006.top,latest,external,https://links-go9.top/mostbet_ios,https://ijwdpnmb.com/casino?registration=1&cid=8297204703&pid=297832&sip=0,mostbet,Mostbet,mostbet_assets,297832,True,Mostbet official website,True,,302 https://links-go9.top/mostbet_ios → 302 https://65r08go.com/QFqF → 200 https://ijwdpnmb.com/casino?registration=1&cid=8297204703&pid=297832&sip=0
mostbet20006.top,latest,external,https://links-go9.top/mostbet_cr,https://ijwdpnmb.com/casino?registration=1&cid=8297204757&pid=297832&sip=0,mostbet,Mostbet,mostbet_assets,297832,True,Mostbet official website,True,,302 https://links-go9.top/mostbet_cr → 302 https://65r08go.com/QFqF → 200 https://ijwdpnmb.com/casino?registration=1&cid=8297204757&pid=297832&sip=0
mostbet-yuklemek.com,latest,internal_redirect_like,https://mostbet-yuklemek.com/visit/download/,https://uksyxemb.com/casino?registration=1&cid=8297210913&pid=248988&sip=0,mostbet,Mostbet,mostbet_assets,248988,True,Mostbet official website,,,301 https://mostbet-yuklemek.com/visit/download/ → 302 https://fifteenspins.com/m9CxxDc3?domain=mostbet-yuklemek.com&page=download → 302 https://vs66cd75semb.com/rAmF?sub2=mostbet-yuklemek.com&sub1=38l6ghi1ba7pc&sub3={url} → 200 https://uksyxemb.com/casino?registration=1&cid=8297210913&pid=248988&sip=0
mostbet-yuklemek.com,latest,internal_redirect_like,https://mostbet-yuklemek.com/visit/,https://uksyxemb.com/casino?registration=1&cid=8297210977&pid=248988&sip=0,mostbet,Mostbet,mostbet_assets,248988,True,Mostbet official website,,,301 https://mostbet-yuklemek.com/visit/ → 302 https://fifteenspins.com/m9CxxDc3?domain=mostbet-yuklemek.com → 302 https://vs66cd75semb.com/rAmF?sub2=mostbet-yuklemek.com&sub1=38l6ghi1ba7ph&sub3={url} → 200 https://uksyxemb.com/casino?registration=1&cid=8297210977&pid=248988&sip=0
mostbet1.buzz,latest,external,https://mostbet.partners/,,needs_browser,,http_undecided,,,,,,
mostbet15.site,latest,external,https://mostbet.partners/,,needs_browser,,http_undecided,,,,,,
mostbet113.ru,latest,external,https://links-go9.top/mostbet,https://nvjnacmb.com/casino?registration=1&cid=8297204719&pid=297832&sip=0,mostbet,Mostbet,mostbet_assets,297832,True,Mostbet official website,True,,302 https://links-go9.top/mostbet → 302 https://65r08go.com/QFqF → 200 https://nvjnacmb.com/casino?registration=1&cid=8297204719&pid=297832&sip=0
mostbet113.ru,latest,external,https://links-go9.top/mostbet_android,https://nvjnacmb.com/casino?registration=1&cid=8297204659&pid=297832&sip=0,mostbet,Mostbet,mostbet_assets,297832,True,Mostbet official website,True,,302 https://links-go9.top/mostbet_android → 302 https://65r08go.com/QFqF → 200 https://nvjnacmb.com/casino?registration=1&cid=8297204659&pid=297832&sip=0
mostbet113.ru,latest,external,https://links-go9.top/mostbet_ios,https://ijwdpnmb.com/casino?registration=1&cid=8297204703&pid=297832&sip=0,mostbet,Mostbet,mostbet_assets,297832,True,Mostbet official website,True,,302 https://links-go9.top/mostbet_ios → 302 https://65r08go.com/QFqF → 200 https://ijwdpnmb.com/casino?registration=1&cid=8297204703&pid=297832&sip=0
mostbet113.ru,latest,external,https://links-go9.top/mostbet_cr,https://ijwdpnmb.com/casino?registration=1&cid=8297204757&pid=297832&sip=0,mostbet,Mostbet,mostbet_assets,297832,True,Mostbet official website,True,,302 https://links-go9.top/mostbet_cr → 302 https://65r08go.com/QFqF → 200 https://ijwdpnmb.com/casino?registration=1&cid=8297204757&pid=297832&sip=0
mostbet20006.ru,latest,external,https://links-go9.top/mostbet,https://nvjnacmb.com/casino?registration=1&cid=8297204719&pid=297832&sip=0,mostbet,Mostbet,mostbet_assets,297832,True,Mostbet official website,True,,302 https://links-go9.top/mostbet → 302 https://65r08go.com/QFqF → 200 https://nvjnacmb.com/casino?registration=1&cid=8297204719&pid=297832&sip=0
mostbet20006.ru,latest,external,https://links-go9.top/mostbet_android,https://nvjnacmb.com/casino?registration=1&cid=8297204659&pid=297832&sip=0,mostbet,Mostbet,mostbet_assets,297832,True,Mostbet official website,True,,302 https://links-go9.top/mostbet_android → 302 https://65r08go.com/QFqF → 200 https://nvjnacmb.com/casino?registration=1&cid=8297204659&pid=297832&sip=0
mostbet20006.ru,latest,external,https://links-go9.top/mostbet_ios,https://ijwdpnmb.com/casino?registration=1&cid=8297204703&pid=297832&sip=0,mostbet,Mostbet,mostbet_assets,297832,True,Mostbet official website,True,,302 https://links-go9.top/mostbet_ios → 302 https://65r08go.com/QFqF → 200 https://ijwdpnmb.com/casino?registration=1&cid=8297204703&pid=297832&sip=0
mostbet20006.ru,latest,external,https://links-go9.top/mostbet_cr,https://ijwdpnmb.com/casino?registration=1&cid=8297204757&pid=297832&sip=0,mostbet,Mostbet,mostbet_assets,297832,True,Mostbet official website,True,,302 https://links-go9.top/mostbet_cr → 302 https://65r08go.com/QFqF → 200 https://ijwdpnmb.com/casino?registration=1&cid=8297204757&pid=297832&sip=0
mostbet20007.top,latest,external,https://links-go9.top/mostbet,https://nvjnacmb.com/casino?registration=1&cid=8297204719&pid=297832&sip=0,mostbet,Mostbet,mostbet_assets,297832,True,Mostbet official website,True,,302 https://links-go9.top/mostbet → 302 https://65r08go.com/QFqF → 200 https://nvjnacmb.com/casino?registration=1&cid=8297204719&pid=297832&sip=0
mostbet20007.top,latest,external,https://links-go9.top/mostbet_android,https://nvjnacmb.com/casino?registration=1&cid=8297204659&pid=297832&sip=0,mostbet,Mostbet,mostbet_assets,297832,True,Mostbet official website,True,,302 https://links-go9.top/mostbet_android → 302 https://65r08go.com/QFqF → 200 https://nvjnacmb.com/casino?registration=1&cid=8297204659&pid=297832&sip=0
mostbet20007.top,latest,external,https://links-go9.top/mostbet_ios,https://ijwdpnmb.com/casino?registration=1&cid=8297204703&pid=297832&sip=0,mostbet,Mostbet,mostbet_assets,297832,True,Mostbet official website,True,,302 https://links-go9.top/mostbet_ios → 302 https://65r08go.com/QFqF → 200 https://ijwdpnmb.com/casino?registration=1&cid=8297204703&pid=297832&sip=0
mostbet20007.top,latest,external,https://links-go9.top/mostbet_cr,https://ijwdpnmb.com/casino?registration=1&cid=8297204757&pid=297832&sip=0,mostbet,Mostbet,mostbet_assets,297832,True,Mostbet official website,True,,302 https://links-go9.top/mostbet_cr → 302 https://65r08go.com/QFqF → 200 https://ijwdpnmb.com/casino?registration=1&cid=8297204757&pid=297832&sip=0
mostbet1ttrussia19.xyz,latest,external,https://mostbet.partners/,,needs_browser,,http_undecided,,,,,,
mostbet25-11.top,latest,external,https://links-go9.top/mostbet,https://nvjnacmb.com/casino?registration=1&cid=8297204719&pid=297832&sip=0,mostbet,Mostbet,mostbet_assets,297832,True,Mostbet official website,True,,302 https://links-go9.top/mostbet → 302 https://65r08go.com/QFqF → 200 https://nvjnacmb.com/casino?registration=1&cid=8297204719&pid=297832&sip=0
mostbet25-11.top,latest,external,https://links-go9.top/mostbet_android,https://nvjnacmb.com/casino?registration=1&cid=8297204659&pid=297832&sip=0,mostbet,Mostbet,mostbet_assets,297832,True,Mostbet official website,True,,302 https://links-go9.top/mostbet_android → 302 https://65r08go.com/QFqF → 200 https://nvjnacmb.com/casino?registration=1&cid=8297204659&pid=297832&sip=0
mostbet25-11.top,latest,external,https://links-go9.top/mostbet_ios,https://ijwdpnmb.com/casino?registration=1&cid=8297204703&pid=297832&sip=0,mostbet,Mostbet,mostbet_assets,297832,True,Mostbet official website,True,,302 https://links-go9.top/mostbet_ios → 302 https://65r08go.com/QFqF → 200 https://ijwdpnmb.com/casino?registration=1&cid=8297204703&pid=297832&sip=0
mostbet25-11.top,latest,external,https://links-go9.top/mostbet_cr,https://ijwdpnmb.com/casino?registration=1&cid=8297204757&pid=297832&sip=0,mostbet,Mostbet,mostbet_assets,297832,True,Mostbet official website,True,,302 https://links-go9.top/mostbet_cr → 302 https://65r08go.com/QFqF → 200 https://ijwdpnmb.com/casino?registration=1&cid=8297204757&pid=297832&sip=0
mostbet25-13.top,latest,external,https://links-go9.top/mostbet,https://nvjnacmb.com/casino?registration=1&cid=8297204719&pid=297832&sip=0,mostbet,Mostbet,mostbet_assets,297832,True,Mostbet official website,True,,302 https://links-go9.top/mostbet → 302 https://65r08go.com/QFqF → 200 https://nvjnacmb.com/casino?registration=1&cid=8297204719&pid=297832&sip=0
mostbet25-13.top,latest,external,https://links-go9.top/mostbet_android,https://nvjnacmb.com/casino?registration=1&cid=8297204659&pid=297832&sip=0,mostbet,Mostbet,mostbet_assets,297832,True,Mostbet official website,True,,302 https://links-go9.top/mostbet_android → 302 https://65r08go.com/QFqF → 200 https://nvjnacmb.com/casino?registration=1&cid=8297204659&pid=297832&sip=0
mostbet25-13.top,latest,external,https://links-go9.top/mostbet_ios,https://ijwdpnmb.com/casino?registration=1&cid=8297204703&pid=297832&sip=0,mostbet,Mostbet,mostbet_assets,297832,True,Mostbet official website,True,,302 https://links-go9.top/mostbet_ios → 302 https://65r08go.com/QFqF → 200 https://ijwdpnmb.com/casino?registration=1&cid=8297204703&pid=297832&sip=0
mostbet25-13.top,latest,external,https://links-go9.top/mostbet_cr,https://ijwdpnmb.com/casino?registration=1&cid=8297204757&pid=297832&sip=0,mostbet,Mostbet,mostbet_assets,297832,True,Mostbet official website,True,,302 https://links-go9.top/mostbet_cr → 302 https://65r08go.com/QFqF → 200 https://ijwdpnmb.com/casino?registration=1&cid=8297204757&pid=297832&sip=0
mostbet1ttrussia57.xyz,latest,external,https://mostbet.partners/,,needs_browser,,http_undecided,,,,,,
mostbet20005.ru,latest,external,https://links-go9.top/mostbet,https://nvjnacmb.com/casino?registration=1&cid=8297204719&pid=297832&sip=0,mostbet,Mostbet,mostbet_assets,297832,True,Mostbet official website,True,,302 https://links-go9.top/mostbet → 302 https://65r08go.com/QFqF → 200 https://nvjnacmb.com/casino?registration=1&cid=8297204719&pid=297832&sip=0
mostbet20005.ru,latest,external,https://links-go9.top/mostbet_android,https://nvjnacmb.com/casino?registration=1&cid=8297204659&pid=297832&sip=0,mostbet,Mostbet,mostbet_assets,297832,True,Mostbet official website,True,,302 https://links-go9.top/mostbet_android → 302 https://65r08go.com/QFqF → 200 https://nvjnacmb.com/casino?registration=1&cid=8297204659&pid=297832&sip=0
mostbet20005.ru,latest,external,https://links-go9.top/mostbet_ios,https://ijwdpnmb.com/casino?registration=1&cid=8297204703&pid=297832&sip=0,mostbet,Mostbet,mostbet_assets,297832,True,Mostbet official website,True,,302 https://links-go9.top/mostbet_ios → 302 https://65r08go.com/QFqF → 200 https://ijwdpnmb.com/casino?registration=1&cid=8297204703&pid=297832&sip=0
mostbet20005.ru,latest,external,https://links-go9.top/mostbet_cr,https://ijwdpnmb.com/casino?registration=1&cid=8297204757&pid=297832&sip=0,mostbet,Mostbet,mostbet_assets,297832,True,Mostbet official website,True,,302 https://links-go9.top/mostbet_cr → 302 https://65r08go.com/QFqF → 200 https://ijwdpnmb.com/casino?registration=1&cid=8297204757&pid=297832&sip=0
mostbet25-12.top,latest,external,https://links-go9.top/mostbet,https://nvjnacmb.com/casino?registration=1&cid=8297204719&pid=297832&sip=0,mostbet,Mostbet,mostbet_assets,297832,True,Mostbet official website,True,,302 https://links-go9.top/mostbet → 302 https://65r08go.com/QFqF → 200 https://nvjnacmb.com/casino?registration=1&cid=8297204719&pid=297832&sip=0
mostbet25-12.top,latest,external,https://links-go9.top/mostbet_android,https://nvjnacmb.com/casino?registration=1&cid=8297204659&pid=297832&sip=0,mostbet,Mostbet,mostbet_assets,297832,True,Mostbet official website,True,,302 https://links-go9.top/mostbet_android → 302 https://65r08go.com/QFqF → 200 https://nvjnacmb.com/casino?registration=1&cid=8297204659&pid=297832&sip=0
mostbet25-12.top,latest,external,https://links-go9.top/mostbet_ios,https://ijwdpnmb.com/casino?registration=1&cid=8297204703&pid=297832&sip=0,mostbet,Mostbet,mostbet_assets,297832,True,Mostbet official website,True,,302 https://links-go9.top/mostbet_ios → 302 https://65r08go.com/QFqF → 200 https://ijwdpnmb.com/casino?registration=1&cid=8297204703&pid=297832&sip=0
mostbet25-12.top,latest,external,https://links-go9.top/mostbet_cr,https://ijwdpnmb.com/casino?registration=1&cid=8297204757&pid=297832&sip=0,mostbet,Mostbet,mostbet_assets,297832,True,Mostbet official website,True,,302 https://links-go9.top/mostbet_cr → 302 https://65r08go.com/QFqF → 200 https://ijwdpnmb.com/casino?registration=1&cid=8297204757&pid=297832&sip=0
mostbet3022.top,latest,external,https://links-go9.top/mostbet,https://nvjnacmb.com/casino?registration=1&cid=8297204719&pid=297832&sip=0,mostbet,Mostbet,mostbet_assets,297832,True,Mostbet official website,True,,302 https://links-go9.top/mostbet → 302 https://65r08go.com/QFqF → 200 https://nvjnacmb.com/casino?registration=1&cid=8297204719&pid=297832&sip=0
mostbet3022.top,latest,external,https://links-go9.top/mostbet_android,https://nvjnacmb.com/casino?registration=1&cid=8297204659&pid=297832&sip=0,mostbet,Mostbet,mostbet_assets,297832,True,Mostbet official website,True,,302 https://links-go9.top/mostbet_android → 302 https://65r08go.com/QFqF → 200 https://nvjnacmb.com/casino?registration=1&cid=8297204659&pid=297832&sip=0
mostbet3022.top,latest,external,https://links-go9.top/mostbet_ios,https://ijwdpnmb.com/casino?registration=1&cid=8297204703&pid=297832&sip=0,mostbet,Mostbet,mostbet_assets,297832,True,Mostbet official website,True,,302 https://links-go9.top/mostbet_ios → 302 https://65r08go.com/QFqF → 200 https://ijwdpnmb.com/casino?registration=1&cid=8297204703&pid=297832&sip=0
mostbet3022.top,latest,external,https://links-go9.top/mostbet_cr,https://ijwdpnmb.com/casino?registration=1&cid=8297204757&pid=297832&sip=0,mostbet,Mostbet,mostbet_assets,297832,True,Mostbet official website,True,,302 https://links-go9.top/mostbet_cr → 302 https://65r08go.com/QFqF → 200 https://ijwdpnmb.com/casino?registration=1&cid=8297204757&pid=297832&sip=0
mostbet3021.ru,latest,external,https://links-go9.top/mostbet,https://nvjnacmb.com/casino?registration=1&cid=8297204719&pid=297832&sip=0,mostbet,Mostbet,mostbet_assets,297832,True,Mostbet official website,True,,302 https://links-go9.top/mostbet → 302 https://65r08go.com/QFqF → 200 https://nvjnacmb.com/casino?registration=1&cid=8297204719&pid=297832&sip=0
mostbet3021.ru,latest,external,https://links-go9.top/mostbet_android,https://nvjnacmb.com/casino?registration=1&cid=8297204659&pid=297832&sip=0,mostbet,Mostbet,mostbet_assets,297832,True,Mostbet official website,True,,302 https://links-go9.top/mostbet_android → 302 https://65r08go.com/QFqF → 200 https://nvjnacmb.com/casino?registration=1&cid=8297204659&pid=297832&sip=0
mostbet3021.ru,latest,external,https://links-go9.top/mostbet_ios,https://ijwdpnmb.com/casino?registration=1&cid=8297204703&pid=297832&sip=0,mostbet,Mostbet,mostbet_assets,297832,True,Mostbet official website,True,,302 https://links-go9.top/mostbet_ios → 302 https://65r08go.com/QFqF → 200 https://ijwdpnmb.com/casino?registration=1&cid=8297204703&pid=297832&sip=0
mostbet3021.ru,latest,external,https://links-go9.top/mostbet_cr,https://ijwdpnmb.com/casino?registration=1&cid=8297204757&pid=297832&sip=0,mostbet,Mostbet,mostbet_assets,297832,True,Mostbet official website,True,,302 https://links-go9.top/mostbet_cr → 302 https://65r08go.com/QFqF → 200 https://ijwdpnmb.com/casino?registration=1&cid=8297204757&pid=297832&sip=0
mostbet2.top,latest,external,https://mostbet.partners/,,needs_browser,,http_undecided,,,,,,
mostbet3025.top,latest,external,https://links-go9.top/mostbet,https://nvjnacmb.com/casino?registration=1&cid=8297204719&pid=297832&sip=0,mostbet,Mostbet,mostbet_assets,297832,True,Mostbet official website,True,,302 https://links-go9.top/mostbet → 302 https://65r08go.com/QFqF → 200 https://nvjnacmb.com/casino?registration=1&cid=8297204719&pid=297832&sip=0
mostbet3025.top,latest,external,https://links-go9.top/mostbet_android,https://nvjnacmb.com/casino?registration=1&cid=8297204659&pid=297832&sip=0,mostbet,Mostbet,mostbet_assets,297832,True,Mostbet official website,True,,302 https://links-go9.top/mostbet_android → 302 https://65r08go.com/QFqF → 200 https://nvjnacmb.com/casino?registration=1&cid=8297204659&pid=297832&sip=0
mostbet3025.top,latest,external,https://links-go9.top/mostbet_ios,https://ijwdpnmb.com/casino?registration=1&cid=8297204703&pid=297832&sip=0,mostbet,Mostbet,mostbet_assets,297832,True,Mostbet official website,True,,302 https://links-go9.top/mostbet_ios → 302 https://65r08go.com/QFqF → 200 https://ijwdpnmb.com/casino?registration=1&cid=8297204703&pid=297832&sip=0
mostbet3025.top,latest,external,https://links-go9.top/mostbet_cr,https://ijwdpnmb.com/casino?registration=1&cid=8297204757&pid=297832&sip=0,mostbet,Mostbet,mostbet_assets,297832,True,Mostbet official website,True,,302 https://links-go9.top/mostbet_cr → 302 https://65r08go.com/QFqF → 200 https://ijwdpnmb.com/casino?registration=1&cid=8297204757&pid=297832&sip=0
mostbet3024.ru,latest,external,https://links-go9.top/mostbet,https://nvjnacmb.com/casino?registration=1&cid=8297204719&pid=297832&sip=0,mostbet,Mostbet,mostbet_assets,297832,True,Mostbet official website,True,,302 https://links-go9.top/mostbet → 302 https://65r08go.com/QFqF → 200 https://nvjnacmb.com/casino?registration=1&cid=8297204719&pid=297832&sip=0
mostbet3024.ru,latest,external,https://links-go9.top/mostbet_android,https://nvjnacmb.com/casino?registration=1&cid=8297204659&pid=297832&sip=0,mostbet,Mostbet,mostbet_assets,297832,True,Mostbet official website,True,,302 https://links-go9.top/mostbet_android → 302 https://65r08go.com/QFqF → 200 https://nvjnacmb.com/casino?registration=1&cid=8297204659&pid=297832&sip=0
mostbet3024.ru,latest,external,https://links-go9.top/mostbet_ios,https://ijwdpnmb.com/casino?registration=1&cid=8297204703&pid=297832&sip=0,mostbet,Mostbet,mostbet_assets,297832,True,Mostbet official website,True,,302 https://links-go9.top/mostbet_ios → 302 https://65r08go.com/QFqF → 200 https://ijwdpnmb.com/casino?registration=1&cid=8297204703&pid=297832&sip=0
mostbet3024.ru,latest,external,https://links-go9.top/mostbet_cr,https://ijwdpnmb.com/casino?registration=1&cid=8297204757&pid=297832&sip=0,mostbet,Mostbet,mostbet_assets,297832,True,Mostbet official website,True,,302 https://links-go9.top/mostbet_cr → 302 https://65r08go.com/QFqF → 200 https://ijwdpnmb.com/casino?registration=1&cid=8297204757&pid=297832&sip=0
mostbet3002.ru,latest,external,https://links-go9.top/mostbet,https://nvjnacmb.com/casino?registration=1&cid=8297204719&pid=297832&sip=0,mostbet,Mostbet,mostbet_assets,297832,True,Mostbet official website,True,,302 https://links-go9.top/mostbet → 302 https://65r08go.com/QFqF → 200 https://nvjnacmb.com/casino?registration=1&cid=8297204719&pid=297832&sip=0
mostbet3002.ru,latest,external,https://links-go9.top/mostbet_android,https://nvjnacmb.com/casino?registration=1&cid=8297204659&pid=297832&sip=0,mostbet,Mostbet,mostbet_assets,297832,True,Mostbet official website,True,,302 https://links-go9.top/mostbet_android → 302 https://65r08go.com/QFqF → 200 https://nvjnacmb.com/casino?registration=1&cid=8297204659&pid=297832&sip=0
mostbet3002.ru,latest,external,https://links-go9.top/mostbet_ios,https://ijwdpnmb.com/casino?registration=1&cid=8297204703&pid=297832&sip=0,mostbet,Mostbet,mostbet_assets,297832,True,Mostbet official website,True,,302 https://links-go9.top/mostbet_ios → 302 https://65r08go.com/QFqF → 200 https://ijwdpnmb.com/casino?registration=1&cid=8297204703&pid=297832&sip=0
mostbet3002.ru,latest,external,https://links-go9.top/mostbet_cr,https://ijwdpnmb.com/casino?registration=1&cid=8297204757&pid=297832&sip=0,mostbet,Mostbet,mostbet_assets,297832,True,Mostbet official website,True,,302 https://links-go9.top/mostbet_cr → 302 https://65r08go.com/QFqF → 200 https://ijwdpnmb.com/casino?registration=1&cid=8297204757&pid=297832&sip=0
mostbet3003.top,latest,external,https://links-go9.top/mostbet,https://nvjnacmb.com/casino?registration=1&cid=8297204719&pid=297832&sip=0,mostbet,Mostbet,mostbet_assets,297832,True,Mostbet official website,True,,302 https://links-go9.top/mostbet → 302 https://65r08go.com/QFqF → 200 https://nvjnacmb.com/casino?registration=1&cid=8297204719&pid=297832&sip=0
mostbet3003.top,latest,external,https://links-go9.top/mostbet_android,https://nvjnacmb.com/casino?registration=1&cid=8297204659&pid=297832&sip=0,mostbet,Mostbet,mostbet_assets,297832,True,Mostbet official website,True,,302 https://links-go9.top/mostbet_android → 302 https://65r08go.com/QFqF → 200 https://nvjnacmb.com/casino?registration=1&cid=8297204659&pid=297832&sip=0
mostbet3003.top,latest,external,https://links-go9.top/mostbet_ios,https://ijwdpnmb.com/casino?registration=1&cid=8297204703&pid=297832&sip=0,mostbet,Mostbet,mostbet_assets,297832,True,Mostbet official website,True,,302 https://links-go9.top/mostbet_ios → 302 https://65r08go.com/QFqF → 200 https://ijwdpnmb.com/casino?registration=1&cid=8297204703&pid=297832&sip=0
mostbet3003.top,latest,external,https://links-go9.top/mostbet_cr,https://ijwdpnmb.com/casino?registration=1&cid=8297204757&pid=297832&sip=0,mostbet,Mostbet,mostbet_assets,297832,True,Mostbet official website,True,,302 https://links-go9.top/mostbet_cr → 302 https://65r08go.com/QFqF → 200 https://ijwdpnmb.com/casino?registration=1&cid=8297204757&pid=297832&sip=0
mostbet3026.top,latest,external,https://links-go9.top/mostbet,https://nvjnacmb.com/casino?registration=1&cid=8297204719&pid=297832&sip=0,mostbet,Mostbet,mostbet_assets,297832,True,Mostbet official website,True,,302 https://links-go9.top/mostbet → 302 https://65r08go.com/QFqF → 200 https://nvjnacmb.com/casino?registration=1&cid=8297204719&pid=297832&sip=0
mostbet3026.top,latest,external,https://links-go9.top/mostbet_android,https://nvjnacmb.com/casino?registration=1&cid=8297204659&pid=297832&sip=0,mostbet,Mostbet,mostbet_assets,297832,True,Mostbet official website,True,,302 https://links-go9.top/mostbet_android → 302 https://65r08go.com/QFqF → 200 https://nvjnacmb.com/casino?registration=1&cid=8297204659&pid=297832&sip=0
mostbet3026.top,latest,external,https://links-go9.top/mostbet_ios,https://ijwdpnmb.com/casino?registration=1&cid=8297204703&pid=297832&sip=0,mostbet,Mostbet,mostbet_assets,297832,True,Mostbet official website,True,,302 https://links-go9.top/mostbet_ios → 302 https://65r08go.com/QFqF → 200 https://ijwdpnmb.com/casino?registration=1&cid=8297204703&pid=297832&sip=0
mostbet3026.top,latest,external,https://links-go9.top/mostbet_cr,https://ijwdpnmb.com/casino?registration=1&cid=8297204757&pid=297832&sip=0,mostbet,Mostbet,mostbet_assets,297832,True,Mostbet official website,True,,302 https://links-go9.top/mostbet_cr → 302 https://65r08go.com/QFqF → 200 https://ijwdpnmb.com/casino?registration=1&cid=8297204757&pid=297832&sip=0
mostbet3025.ru,latest,external,https://links-go9.top/mostbet,https://nvjnacmb.com/casino?registration=1&cid=8297204719&pid=297832&sip=0,mostbet,Mostbet,mostbet_assets,297832,True,Mostbet official website,True,,302 https://links-go9.top/mostbet → 302 https://65r08go.com/QFqF → 200 https://nvjnacmb.com/casino?registration=1&cid=8297204719&pid=297832&sip=0
mostbet3025.ru,latest,external,https://links-go9.top/mostbet_android,https://nvjnacmb.com/casino?registration=1&cid=8297204659&pid=297832&sip=0,mostbet,Mostbet,mostbet_assets,297832,True,Mostbet official website,True,,302 https://links-go9.top/mostbet_android → 302 https://65r08go.com/QFqF → 200 https://nvjnacmb.com/casino?registration=1&cid=8297204659&pid=297832&sip=0
mostbet3025.ru,latest,external,https://links-go9.top/mostbet_ios,https://ijwdpnmb.com/casino?registration=1&cid=8297204703&pid=297832&sip=0,mostbet,Mostbet,mostbet_assets,297832,True,Mostbet official website,True,,302 https://links-go9.top/mostbet_ios → 302 https://65r08go.com/QFqF → 200 https://ijwdpnmb.com/casino?registration=1&cid=8297204703&pid=297832&sip=0
mostbet3025.ru,latest,external,https://links-go9.top/mostbet_cr,https://ijwdpnmb.com/casino?registration=1&cid=8297204757&pid=297832&sip=0,mostbet,Mostbet,mostbet_assets,297832,True,Mostbet official website,True,,302 https://links-go9.top/mostbet_cr → 302 https://65r08go.com/QFqF → 200 https://ijwdpnmb.com/casino?registration=1&cid=8297204757&pid=297832&sip=0
mostbet3031.top,latest,external,https://links-go9.top/mostbet,https://nvjnacmb.com/casino?registration=1&cid=8297204719&pid=297832&sip=0,mostbet,Mostbet,mostbet_assets,297832,True,Mostbet official website,True,,302 https://links-go9.top/mostbet → 302 https://65r08go.com/QFqF → 200 https://nvjnacmb.com/casino?registration=1&cid=8297204719&pid=297832&sip=0
mostbet3031.top,latest,external,https://links-go9.top/mostbet_android,https://nvjnacmb.com/casino?registration=1&cid=8297204659&pid=297832&sip=0,mostbet,Mostbet,mostbet_assets,297832,True,Mostbet official website,True,,302 https://links-go9.top/mostbet_android → 302 https://65r08go.com/QFqF → 200 https://nvjnacmb.com/casino?registration=1&cid=8297204659&pid=297832&sip=0
mostbet3031.top,latest,external,https://links-go9.top/mostbet_ios,https://ijwdpnmb.com/casino?registration=1&cid=8297204703&pid=297832&sip=0,mostbet,Mostbet,mostbet_assets,297832,True,Mostbet official website,True,,302 https://links-go9.top/mostbet_ios → 302 https://65r08go.com/QFqF → 200 https://ijwdpnmb.com/casino?registration=1&cid=8297204703&pid=297832&sip=0
mostbet3031.top,latest,external,https://links-go9.top/mostbet_cr,https://ijwdpnmb.com/casino?registration=1&cid=8297204757&pid=297832&sip=0,mostbet,Mostbet,mostbet_assets,297832,True,Mostbet official website,True,,302 https://links-go9.top/mostbet_cr → 302 https://65r08go.com/QFqF → 200 https://ijwdpnmb.com/casino?registration=1&cid=8297204757&pid=297832&sip=0
mostbet3032.top,latest,external,https://links-go9.top/mostbet,https://nvjnacmb.com/casino?registration=1&cid=8297204719&pid=297832&sip=0,mostbet,Mostbet,mostbet_assets,297832,True,Mostbet official website,True,,302 https://links-go9.top/mostbet → 302 https://65r08go.com/QFqF → 200 https://nvjnacmb.com/casino?registration=1&cid=8297204719&pid=297832&sip=0
mostbet3032.top,latest,external,https://links-go9.top/mostbet_android,https://nvjnacmb.com/casino?registration=1&cid=8297204659&pid=297832&sip=0,mostbet,Mostbet,mostbet_assets,297832,True,Mostbet official website,True,,302 https://links-go9.top/mostbet_android → 302 https://65r08go.com/QFqF → 200 https://nvjnacmb.com/casino?registration=1&cid=8297204659&pid=297832&sip=0
mostbet3032.top,latest,external,https://links-go9.top/mostbet_ios,https://ijwdpnmb.com/casino?registration=1&cid=8297204703&pid=297832&sip=0,mostbet,Mostbet,mostbet_assets,297832,True,Mostbet official website,True,,302 https://links-go9.top/mostbet_ios → 302 https://65r08go.com/QFqF → 200 https://ijwdpnmb.com/casino?registration=1&cid=8297204703&pid=297832&sip=0
mostbet3032.top,latest,external,https://links-go9.top/mostbet_cr,https://ijwdpnmb.com/casino?registration=1&cid=8297204757&pid=297832&sip=0,mostbet,Mostbet,mostbet_assets,297832,True,Mostbet official website,True,,302 https://links-go9.top/mostbet_cr → 302 https://65r08go.com/QFqF → 200 https://ijwdpnmb.com/casino?registration=1&cid=8297204757&pid=297832&sip=0
mostbet3028.top,latest,external,https://links-go9.top/mostbet,https://nvjnacmb.com/casino?registration=1&cid=8297204719&pid=297832&sip=0,mostbet,Mostbet,mostbet_assets,297832,True,Mostbet official website,True,,302 https://links-go9.top/mostbet → 302 https://65r08go.com/QFqF → 200 https://nvjnacmb.com/casino?registration=1&cid=8297204719&pid=297832&sip=0
mostbet3028.top,latest,external,https://links-go9.top/mostbet_android,https://nvjnacmb.com/casino?registration=1&cid=8297204659&pid=297832&sip=0,mostbet,Mostbet,mostbet_assets,297832,True,Mostbet official website,True,,302 https://links-go9.top/mostbet_android → 302 https://65r08go.com/QFqF → 200 https://nvjnacmb.com/casino?registration=1&cid=8297204659&pid=297832&sip=0
mostbet3028.top,latest,external,https://links-go9.top/mostbet_ios,https://ijwdpnmb.com/casino?registration=1&cid=8297204703&pid=297832&sip=0,mostbet,Mostbet,mostbet_assets,297832,True,Mostbet official website,True,,302 https://links-go9.top/mostbet_ios → 302 https://65r08go.com/QFqF → 200 https://ijwdpnmb.com/casino?registration=1&cid=8297204703&pid=297832&sip=0
mostbet3028.top,latest,external,https://links-go9.top/mostbet_cr,https://ijwdpnmb.com/casino?registration=1&cid=8297204757&pid=297832&sip=0,mostbet,Mostbet,mostbet_assets,297832,True,Mostbet official website,True,,302 https://links-go9.top/mostbet_cr → 302 https://65r08go.com/QFqF → 200 https://ijwdpnmb.com/casino?registration=1&cid=8297204757&pid=297832&sip=0
mostbet3003.ru,latest,external,https://links-go9.top/mostbet,https://nvjnacmb.com/casino?registration=1&cid=8297204719&pid=297832&sip=0,mostbet,Mostbet,mostbet_assets,297832,True,Mostbet official website,True,,302 https://links-go9.top/mostbet → 302 https://65r08go.com/QFqF → 200 https://nvjnacmb.com/casino?registration=1&cid=8297204719&pid=297832&sip=0
mostbet3003.ru,latest,external,https://links-go9.top/mostbet_android,https://nvjnacmb.com/casino?registration=1&cid=8297204659&pid=297832&sip=0,mostbet,Mostbet,mostbet_assets,297832,True,Mostbet official website,True,,302 https://links-go9.top/mostbet_android → 302 https://65r08go.com/QFqF → 200 https://nvjnacmb.com/casino?registration=1&cid=8297204659&pid=297832&sip=0
mostbet3003.ru,latest,external,https://links-go9.top/mostbet_ios,https://ijwdpnmb.com/casino?registration=1&cid=8297204703&pid=297832&sip=0,mostbet,Mostbet,mostbet_assets,297832,True,Mostbet official website,True,,302 https://links-go9.top/mostbet_ios → 302 https://65r08go.com/QFqF → 200 https://ijwdpnmb.com/casino?registration=1&cid=8297204703&pid=297832&sip=0
mostbet3003.ru,latest,external,https://links-go9.top/mostbet_cr,https://ijwdpnmb.com/casino?registration=1&cid=8297204757&pid=297832&sip=0,mostbet,Mostbet,mostbet_assets,297832,True,Mostbet official website,True,,302 https://links-go9.top/mostbet_cr → 302 https://65r08go.com/QFqF → 200 https://ijwdpnmb.com/casino?registration=1&cid=8297204757&pid=297832&sip=0
mostbet3004.top,latest,external,https://links-go9.top/mostbet,https://nvjnacmb.com/casino?registration=1&cid=8297204719&pid=297832&sip=0,mostbet,Mostbet,mostbet_assets,297832,True,Mostbet official website,True,,302 https://links-go9.top/mostbet → 302 https://65r08go.com/QFqF → 200 https://nvjnacmb.com/casino?registration=1&cid=8297204719&pid=297832&sip=0
mostbet3004.top,latest,external,https://links-go9.top/mostbet_android,https://nvjnacmb.com/casino?registration=1&cid=8297204659&pid=297832&sip=0,mostbet,Mostbet,mostbet_assets,297832,True,Mostbet official website,True,,302 https://links-go9.top/mostbet_android → 302 https://65r08go.com/QFqF → 200 https://nvjnacmb.com/casino?registration=1&cid=8297204659&pid=297832&sip=0
mostbet3004.top,latest,external,https://links-go9.top/mostbet_ios,https://ijwdpnmb.com/casino?registration=1&cid=8297204703&pid=297832&sip=0,mostbet,Mostbet,mostbet_assets,297832,True,Mostbet official website,True,,302 https://links-go9.top/mostbet_ios → 302 https://65r08go.com/QFqF → 200 https://ijwdpnmb.com/casino?registration=1&cid=8297204703&pid=297832&sip=0
mostbet3004.top,latest,external,https://links-go9.top/mostbet_cr,https://ijwdpnmb.com/casino?registration=1&cid=8297204757&pid=297832&sip=0,mostbet,Mostbet,mostbet_assets,297832,True,Mostbet official website,True,,302 https://links-go9.top/mostbet_cr → 302 https://65r08go.com/QFqF → 200 https://ijwdpnmb.com/casino?registration=1&cid=8297204757&pid=297832&sip=0
mostbet3005.top,latest,external,https://links-go9.top/mostbet,https://nvjnacmb.com/casino?registration=1&cid=8297204719&pid=297832&sip=0,mostbet,Mostbet,mostbet_assets,297832,True,Mostbet official website,True,,302 https://links-go9.top/mostbet → 302 https://65r08go.com/QFqF → 200 https://nvjnacmb.com/casino?registration=1&cid=8297204719&pid=297832&sip=0
mostbet3005.top,latest,external,https://links-go9.top/mostbet_android,https://nvjnacmb.com/casino?registration=1&cid=8297204659&pid=297832&sip=0,mostbet,Mostbet,mostbet_assets,297832,True,Mostbet official website,True,,302 https://links-go9.top/mostbet_android → 302 https://65r08go.com/QFqF → 200 https://nvjnacmb.com/casino?registration=1&cid=8297204659&pid=297832&sip=0
mostbet3005.top,latest,external,https://links-go9.top/mostbet_ios,https://ijwdpnmb.com/casino?registration=1&cid=8297204703&pid=297832&sip=0,mostbet,Mostbet,mostbet_assets,297832,True,Mostbet official website,True,,302 https://links-go9.top/mostbet_ios → 302 https://65r08go.com/QFqF → 200 https://ijwdpnmb.com/casino?registration=1&cid=8297204703&pid=297832&sip=0
mostbet3005.top,latest,external,https://links-go9.top/mostbet_cr,https://ijwdpnmb.com/casino?registration=1&cid=8297204757&pid=297832&sip=0,mostbet,Mostbet,mostbet_assets,297832,True,Mostbet official website,True,,302 https://links-go9.top/mostbet_cr → 302 https://65r08go.com/QFqF → 200 https://ijwdpnmb.com/casino?registration=1&cid=8297204757&pid=297832&sip=0
mostbet25-10.top,latest,external,https://links-go9.top/mostbet,https://nvjnacmb.com/casino?registration=1&cid=8297204719&pid=297832&sip=0,mostbet,Mostbet,mostbet_assets,297832,True,Mostbet official website,True,,302 https://links-go9.top/mostbet → 302 https://65r08go.com/QFqF → 200 https://nvjnacmb.com/casino?registration=1&cid=8297204719&pid=297832&sip=0
mostbet25-10.top,latest,external,https://links-go9.top/mostbet_android,https://nvjnacmb.com/casino?registration=1&cid=8297204659&pid=297832&sip=0,mostbet,Mostbet,mostbet_assets,297832,True,Mostbet official website,True,,302 https://links-go9.top/mostbet_android → 302 https://65r08go.com/QFqF → 200 https://nvjnacmb.com/casino?registration=1&cid=8297204659&pid=297832&sip=0
mostbet25-10.top,latest,external,https://links-go9.top/mostbet_ios,https://ijwdpnmb.com/casino?registration=1&cid=8297204703&pid=297832&sip=0,mostbet,Mostbet,mostbet_assets,297832,True,Mostbet official website,True,,302 https://links-go9.top/mostbet_ios → 302 https://65r08go.com/QFqF → 200 https://ijwdpnmb.com/casino?registration=1&cid=8297204703&pid=297832&sip=0
mostbet25-10.top,latest,external,https://links-go9.top/mostbet_cr,https://ijwdpnmb.com/casino?registration=1&cid=8297204757&pid=297832&sip=0,mostbet,Mostbet,mostbet_assets,297832,True,Mostbet official website,True,,302 https://links-go9.top/mostbet_cr → 302 https://65r08go.com/QFqF → 200 https://ijwdpnmb.com/casino?registration=1&cid=8297204757&pid=297832&sip=0
mostbet3007.top,latest,external,https://links-go9.top/mostbet,https://nvjnacmb.com/casino?registration=1&cid=8297204719&pid=297832&sip=0,mostbet,Mostbet,mostbet_assets,297832,True,Mostbet official website,True,,302 https://links-go9.top/mostbet → 302 https://65r08go.com/QFqF → 200 https://nvjnacmb.com/casino?registration=1&cid=8297204719&pid=297832&sip=0
mostbet3007.top,latest,external,https://links-go9.top/mostbet_android,https://nvjnacmb.com/casino?registration=1&cid=8297204659&pid=297832&sip=0,mostbet,Mostbet,mostbet_assets,297832,True,Mostbet official website,True,,302 https://links-go9.top/mostbet_android → 302 https://65r08go.com/QFqF → 200 https://nvjnacmb.com/casino?registration=1&cid=8297204659&pid=297832&sip=0
mostbet3007.top,latest,external,https://links-go9.top/mostbet_ios,https://ijwdpnmb.com/casino?registration=1&cid=8297204703&pid=297832&sip=0,mostbet,Mostbet,mostbet_assets,297832,True,Mostbet official website,True,,302 https://links-go9.top/mostbet_ios → 302 https://65r08go.com/QFqF → 200 https://ijwdpnmb.com/casino?registration=1&cid=8297204703&pid=297832&sip=0
mostbet3007.top,latest,external,https://links-go9.top/mostbet_cr,https://ijwdpnmb.com/casino?registration=1&cid=8297204757&pid=297832&sip=0,mostbet,Mostbet,mostbet_assets,297832,True,Mostbet official website,True,,302 https://links-go9.top/mostbet_cr → 302 https://65r08go.com/QFqF → 200 https://ijwdpnmb.com/casino?registration=1&cid=8297204757&pid=297832&sip=0
mostbet3038.top,latest,external,https://links-go9.top/mostbet,https://nvjnacmb.com/casino?registration=1&cid=8297204719&pid=297832&sip=0,mostbet,Mostbet,mostbet_assets,297832,True,Mostbet official website,True,,302 https://links-go9.top/mostbet → 302 https://65r08go.com/QFqF → 200 https://nvjnacmb.com/casino?registration=1&cid=8297204719&pid=297832&sip=0
mostbet3038.top,latest,external,https://links-go9.top/mostbet_android,https://nvjnacmb.com/casino?registration=1&cid=8297204659&pid=297832&sip=0,mostbet,Mostbet,mostbet_assets,297832,True,Mostbet official website,True,,302 https://links-go9.top/mostbet_android → 302 https://65r08go.com/QFqF → 200 https://nvjnacmb.com/casino?registration=1&cid=8297204659&pid=297832&sip=0
mostbet3038.top,latest,external,https://links-go9.top/mostbet_ios,https://ijwdpnmb.com/casino?registration=1&cid=8297204703&pid=297832&sip=0,mostbet,Mostbet,mostbet_assets,297832,True,Mostbet official website,True,,302 https://links-go9.top/mostbet_ios → 302 https://65r08go.com/QFqF → 200 https://ijwdpnmb.com/casino?registration=1&cid=8297204703&pid=297832&sip=0
mostbet3038.top,latest,external,https://links-go9.top/mostbet_cr,https://ijwdpnmb.com/casino?registration=1&cid=8297204757&pid=297832&sip=0,mostbet,Mostbet,mostbet_assets,297832,True,Mostbet official website,True,,302 https://links-go9.top/mostbet_cr → 302 https://65r08go.com/QFqF → 200 https://ijwdpnmb.com/casino?registration=1&cid=8297204757&pid=297832&sip=0
mostbet3036.ru,latest,external,https://links-go9.top/mostbet,https://nvjnacmb.com/casino?registration=1&cid=8297204719&pid=297832&sip=0,mostbet,Mostbet,mostbet_assets,297832,True,Mostbet official website,True,,302 https://links-go9.top/mostbet → 302 https://65r08go.com/QFqF → 200 https://nvjnacmb.com/casino?registration=1&cid=8297204719&pid=297832&sip=0
mostbet3036.ru,latest,external,https://links-go9.top/mostbet_android,https://nvjnacmb.com/casino?registration=1&cid=8297204659&pid=297832&sip=0,mostbet,Mostbet,mostbet_assets,297832,True,Mostbet official website,True,,302 https://links-go9.top/mostbet_android → 302 https://65r08go.com/QFqF → 200 https://nvjnacmb.com/casino?registration=1&cid=8297204659&pid=297832&sip=0
mostbet3036.ru,latest,external,https://links-go9.top/mostbet_ios,https://ijwdpnmb.com/casino?registration=1&cid=8297204703&pid=297832&sip=0,mostbet,Mostbet,mostbet_assets,297832,True,Mostbet official website,True,,302 https://links-go9.top/mostbet_ios → 302 https://65r08go.com/QFqF → 200 https://ijwdpnmb.com/casino?registration=1&cid=8297204703&pid=297832&sip=0
mostbet3036.ru,latest,external,https://links-go9.top/mostbet_cr,https://ijwdpnmb.com/casino?registration=1&cid=8297204757&pid=297832&sip=0,mostbet,Mostbet,mostbet_assets,297832,True,Mostbet official website,True,,302 https://links-go9.top/mostbet_cr → 302 https://65r08go.com/QFqF → 200 https://ijwdpnmb.com/casino?registration=1&cid=8297204757&pid=297832&sip=0
mostbet3004.ru,latest,external,https://links-go9.top/mostbet,https://nvjnacmb.com/casino?registration=1&cid=8297204719&pid=297832&sip=0,mostbet,Mostbet,mostbet_assets,297832,True,Mostbet official website,True,,302 https://links-go9.top/mostbet → 302 https://65r08go.com/QFqF → 200 https://nvjnacmb.com/casino?registration=1&cid=8297204719&pid=297832&sip=0
mostbet3004.ru,latest,external,https://links-go9.top/mostbet_android,https://nvjnacmb.com/casino?registration=1&cid=8297204659&pid=297832&sip=0,mostbet,Mostbet,mostbet_assets,297832,True,Mostbet official website,True,,302 https://links-go9.top/mostbet_android → 302 https://65r08go.com/QFqF → 200 https://nvjnacmb.com/casino?registration=1&cid=8297204659&pid=297832&sip=0
mostbet3004.ru,latest,external,https://links-go9.top/mostbet_ios,https://ijwdpnmb.com/casino?registration=1&cid=8297204703&pid=297832&sip=0,mostbet,Mostbet,mostbet_assets,297832,True,Mostbet official website,True,,302 https://links-go9.top/mostbet_ios → 302 https://65r08go.com/QFqF → 200 https://ijwdpnmb.com/casino?registration=1&cid=8297204703&pid=297832&sip=0
mostbet3004.ru,latest,external,https://links-go9.top/mostbet_cr,https://ijwdpnmb.com/casino?registration=1&cid=8297204757&pid=297832&sip=0,mostbet,Mostbet,mostbet_assets,297832,True,Mostbet official website,True,,302 https://links-go9.top/mostbet_cr → 302 https://65r08go.com/QFqF → 200 https://ijwdpnmb.com/casino?registration=1&cid=8297204757&pid=297832&sip=0
mostbet25-11.ru,latest,external,https://links-go9.top/mostbet,https://nvjnacmb.com/casino?registration=1&cid=8297204719&pid=297832&sip=0,mostbet,Mostbet,mostbet_assets,297832,True,Mostbet official website,True,,302 https://links-go9.top/mostbet → 302 https://65r08go.com/QFqF → 200 https://nvjnacmb.com/casino?registration=1&cid=8297204719&pid=297832&sip=0
mostbet25-11.ru,latest,external,https://links-go9.top/mostbet_android,https://nvjnacmb.com/casino?registration=1&cid=8297204659&pid=297832&sip=0,mostbet,Mostbet,mostbet_assets,297832,True,Mostbet official website,True,,302 https://links-go9.top/mostbet_android → 302 https://65r08go.com/QFqF → 200 https://nvjnacmb.com/casino?registration=1&cid=8297204659&pid=297832&sip=0
mostbet25-11.ru,latest,external,https://links-go9.top/mostbet_ios,https://ijwdpnmb.com/casino?registration=1&cid=8297204703&pid=297832&sip=0,mostbet,Mostbet,mostbet_assets,297832,True,Mostbet official website,True,,302 https://links-go9.top/mostbet_ios → 302 https://65r08go.com/QFqF → 200 https://ijwdpnmb.com/casino?registration=1&cid=8297204703&pid=297832&sip=0
mostbet25-11.ru,latest,external,https://links-go9.top/mostbet_cr,https://ijwdpnmb.com/casino?registration=1&cid=8297204757&pid=297832&sip=0,mostbet,Mostbet,mostbet_assets,297832,True,Mostbet official website,True,,302 https://links-go9.top/mostbet_cr → 302 https://65r08go.com/QFqF → 200 https://ijwdpnmb.com/casino?registration=1&cid=8297204757&pid=297832&sip=0
mostbet2018.ru,latest,home_redirect,https://mostbet2018.ru/,https://mostbet-victory21.top,mostbet,Mostbet,mostbet_assets,,True,,,,
mostbet3027.ru,latest,external,https://links-go9.top/mostbet,https://nvjnacmb.com/casino?registration=1&cid=8297204719&pid=297832&sip=0,mostbet,Mostbet,mostbet_assets,297832,True,Mostbet official website,True,,302 https://links-go9.top/mostbet → 302 https://65r08go.com/QFqF → 200 https://nvjnacmb.com/casino?registration=1&cid=8297204719&pid=297832&sip=0
mostbet3027.ru,latest,external,https://links-go9.top/mostbet_android,https://nvjnacmb.com/casino?registration=1&cid=8297204659&pid=297832&sip=0,mostbet,Mostbet,mostbet_assets,297832,True,Mostbet official website,True,,302 https://links-go9.top/mostbet_android → 302 https://65r08go.com/QFqF → 200 https://nvjnacmb.com/casino?registration=1&cid=8297204659&pid=297832&sip=0
mostbet3027.ru,latest,external,https://links-go9.top/mostbet_ios,https://ijwdpnmb.com/casino?registration=1&cid=8297204703&pid=297832&sip=0,mostbet,Mostbet,mostbet_assets,297832,True,Mostbet official website,True,,302 https://links-go9.top/mostbet_ios → 302 https://65r08go.com/QFqF → 200 https://ijwdpnmb.com/casino?registration=1&cid=8297204703&pid=297832&sip=0
mostbet3027.ru,latest,external,https://links-go9.top/mostbet_cr,https://ijwdpnmb.com/casino?registration=1&cid=8297204757&pid=297832&sip=0,mostbet,Mostbet,mostbet_assets,297832,True,Mostbet official website,True,,302 https://links-go9.top/mostbet_cr → 302 https://65r08go.com/QFqF → 200 https://ijwdpnmb.com/casino?registration=1&cid=8297204757&pid=297832&sip=0
mostbet3031.ru,latest,external,https://links-go9.top/mostbet,https://nvjnacmb.com/casino?registration=1&cid=8297204719&pid=297832&sip=0,mostbet,Mostbet,mostbet_assets,297832,True,Mostbet official website,True,,302 https://links-go9.top/mostbet → 302 https://65r08go.com/QFqF → 200 https://nvjnacmb.com/casino?registration=1&cid=8297204719&pid=297832&sip=0
mostbet3031.ru,latest,external,https://links-go9.top/mostbet_android,https://nvjnacmb.com/casino?registration=1&cid=8297204659&pid=297832&sip=0,mostbet,Mostbet,mostbet_assets,297832,True,Mostbet official website,True,,302 https://links-go9.top/mostbet_android → 302 https://65r08go.com/QFqF → 200 https://nvjnacmb.com/casino?registration=1&cid=8297204659&pid=297832&sip=0
mostbet3031.ru,latest,external,https://links-go9.top/mostbet_ios,https://ijwdpnmb.com/casino?registration=1&cid=8297204703&pid=297832&sip=0,mostbet,Mostbet,mostbet_assets,297832,True,Mostbet official website,True,,302 https://links-go9.top/mostbet_ios → 302 https://65r08go.com/QFqF → 200 https://ijwdpnmb.com/casino?registration=1&cid=8297204703&pid=297832&sip=0
mostbet3031.ru,latest,external,https://links-go9.top/mostbet_cr,https://ijwdpnmb.com/casino?registration=1&cid=8297204757&pid=297832&sip=0,mostbet,Mostbet,mostbet_assets,297832,True,Mostbet official website,True,,302 https://links-go9.top/mostbet_cr → 302 https://65r08go.com/QFqF → 200 https://ijwdpnmb.com/casino?registration=1&cid=8297204757&pid=297832&sip=0
mostbet3030.ru,latest,external,https://links-go9.top/mostbet,https://nvjnacmb.com/casino?registration=1&cid=8297204719&pid=297832&sip=0,mostbet,Mostbet,mostbet_assets,297832,True,Mostbet official website,True,,302 https://links-go9.top/mostbet → 302 https://65r08go.com/QFqF → 200 https://nvjnacmb.com/casino?registration=1&cid=8297204719&pid=297832&sip=0
mostbet3030.ru,latest,external,https://links-go9.top/mostbet_android,https://nvjnacmb.com/casino?registration=1&cid=8297204659&pid=297832&sip=0,mostbet,Mostbet,mostbet_assets,297832,True,Mostbet official website,True,,302 https://links-go9.top/mostbet_android → 302 https://65r08go.com/QFqF → 200 https://nvjnacmb.com/casino?registration=1&cid=8297204659&pid=297832&sip=0
mostbet3030.ru,latest,external,https://links-go9.top/mostbet_ios,https://ijwdpnmb.com/casino?registration=1&cid=8297204703&pid=297832&sip=0,mostbet,Mostbet,mostbet_assets,297832,True,Mostbet official website,True,,302 https://links-go9.top/mostbet_ios → 302 https://65r08go.com/QFqF → 200 https://ijwdpnmb.com/casino?registration=1&cid=8297204703&pid=297832&sip=0
mostbet3030.ru,latest,external,https://links-go9.top/mostbet_cr,https://ijwdpnmb.com/casino?registration=1&cid=8297204757&pid=297832&sip=0,mostbet,Mostbet,mostbet_assets,297832,True,Mostbet official website,True,,302 https://links-go9.top/mostbet_cr → 302 https://65r08go.com/QFqF → 200 https://ijwdpnmb.com/casino?registration=1&cid=8297204757&pid=297832&sip=0
mostbet25-09.ru,latest,external,https://links-go9.top/mostbet,https://nvjnacmb.com/casino?registration=1&cid=8297204719&pid=297832&sip=0,mostbet,Mostbet,mostbet_assets,297832,True,Mostbet official website,True,,302 https://links-go9.top/mostbet → 302 https://65r08go.com/QFqF → 200 https://nvjnacmb.com/casino?registration=1&cid=8297204719&pid=297832&sip=0
mostbet25-09.ru,latest,external,https://links-go9.top/mostbet_android,https://nvjnacmb.com/casino?registration=1&cid=8297204659&pid=297832&sip=0,mostbet,Mostbet,mostbet_assets,297832,True,Mostbet official website,True,,302 https://links-go9.top/mostbet_android → 302 https://65r08go.com/QFqF → 200 https://nvjnacmb.com/casino?registration=1&cid=8297204659&pid=297832&sip=0
mostbet25-09.ru,latest,external,https://links-go9.top/mostbet_ios,https://ijwdpnmb.com/casino?registration=1&cid=8297204703&pid=297832&sip=0,mostbet,Mostbet,mostbet_assets,297832,True,Mostbet official website,True,,302 https://links-go9.top/mostbet_ios → 302 https://65r08go.com/QFqF → 200 https://ijwdpnmb.com/casino?registration=1&cid=8297204703&pid=297832&sip=0
mostbet25-09.ru,latest,external,https://links-go9.top/mostbet_cr,https://ijwdpnmb.com/casino?registration=1&cid=8297204757&pid=297832&sip=0,mostbet,Mostbet,mostbet_assets,297832,True,Mostbet official website,True,,302 https://links-go9.top/mostbet_cr → 302 https://65r08go.com/QFqF → 200 https://ijwdpnmb.com/casino?registration=1&cid=8297204757&pid=297832&sip=0
mostbet3044.top,latest,external,https://links-go9.top/mostbet,https://nvjnacmb.com/casino?registration=1&cid=8297204719&pid=297832&sip=0,mostbet,Mostbet,mostbet_assets,297832,True,Mostbet official website,True,,302 https://links-go9.top/mostbet → 302 https://65r08go.com/QFqF → 200 https://nvjnacmb.com/casino?registration=1&cid=8297204719&pid=297832&sip=0
mostbet3044.top,latest,external,https://links-go9.top/mostbet_android,https://nvjnacmb.com/casino?registration=1&cid=8297204659&pid=297832&sip=0,mostbet,Mostbet,mostbet_assets,297832,True,Mostbet official website,True,,302 https://links-go9.top/mostbet_android → 302 https://65r08go.com/QFqF → 200 https://nvjnacmb.com/casino?registration=1&cid=8297204659&pid=297832&sip=0
mostbet3044.top,latest,external,https://links-go9.top/mostbet_ios,https://ijwdpnmb.com/casino?registration=1&cid=8297204703&pid=297832&sip=0,mostbet,Mostbet,mostbet_assets,297832,True,Mostbet official website,True,,302 https://links-go9.top/mostbet_ios → 302 https://65r08go.com/QFqF → 200 https://ijwdpnmb.com/casino?registration=1&cid=8297204703&pid=297832&sip=0
mostbet3044.top,latest,external,https://links-go9.top/mostbet_cr,https://ijwdpnmb.com/casino?registration=1&cid=8297204757&pid=297832&sip=0,mostbet,Mostbet,mostbet_assets,297832,True,Mostbet official website,True,,302 https://links-go9.top/mostbet_cr → 302 https://65r08go.com/QFqF → 200 https://ijwdpnmb.com/casino?registration=1&cid=8297204757&pid=297832&sip=0
mostbet3006.ru,latest,external,https://links-go9.top/mostbet,https://nvjnacmb.com/casino?registration=1&cid=8297204719&pid=297832&sip=0,mostbet,Mostbet,mostbet_assets,297832,True,Mostbet official website,True,,302 https://links-go9.top/mostbet → 302 https://65r08go.com/QFqF → 200 https://nvjnacmb.com/casino?registration=1&cid=8297204719&pid=297832&sip=0
mostbet3006.ru,latest,external,https://links-go9.top/mostbet_android,https://nvjnacmb.com/casino?registration=1&cid=8297204659&pid=297832&sip=0,mostbet,Mostbet,mostbet_assets,297832,True,Mostbet official website,True,,302 https://links-go9.top/mostbet_android → 302 https://65r08go.com/QFqF → 200 https://nvjnacmb.com/casino?registration=1&cid=8297204659&pid=297832&sip=0
mostbet3006.ru,latest,external,https://links-go9.top/mostbet_ios,https://ijwdpnmb.com/casino?registration=1&cid=8297204703&pid=297832&sip=0,mostbet,Mostbet,mostbet_assets,297832,True,Mostbet official website,True,,302 https://links-go9.top/mostbet_ios → 302 https://65r08go.com/QFqF → 200 https://ijwdpnmb.com/casino?registration=1&cid=8297204703&pid=297832&sip=0
mostbet3006.ru,latest,external,https://links-go9.top/mostbet_cr,https://ijwdpnmb.com/casino?registration=1&cid=8297204757&pid=297832&sip=0,mostbet,Mostbet,mostbet_assets,297832,True,Mostbet official website,True,,302 https://links-go9.top/mostbet_cr → 302 https://65r08go.com/QFqF → 200 https://ijwdpnmb.com/casino?registration=1&cid=8297204757&pid=297832&sip=0
mostbet3043.top,latest,external,https://links-go9.top/mostbet,https://nvjnacmb.com/casino?registration=1&cid=8297204719&pid=297832&sip=0,mostbet,Mostbet,mostbet_assets,297832,True,Mostbet official website,True,,302 https://links-go9.top/mostbet → 302 https://65r08go.com/QFqF → 200 https://nvjnacmb.com/casino?registration=1&cid=8297204719&pid=297832&sip=0
mostbet3043.top,latest,external,https://links-go9.top/mostbet_android,https://nvjnacmb.com/casino?registration=1&cid=8297204659&pid=297832&sip=0,mostbet,Mostbet,mostbet_assets,297832,True,Mostbet official website,True,,302 https://links-go9.top/mostbet_android → 302 https://65r08go.com/QFqF → 200 https://nvjnacmb.com/casino?registration=1&cid=8297204659&pid=297832&sip=0
mostbet3043.top,latest,external,https://links-go9.top/mostbet_ios,https://ijwdpnmb.com/casino?registration=1&cid=8297204703&pid=297832&sip=0,mostbet,Mostbet,mostbet_assets,297832,True,Mostbet official website,True,,302 https://links-go9.top/mostbet_ios → 302 https://65r08go.com/QFqF → 200 https://ijwdpnmb.com/casino?registration=1&cid=8297204703&pid=297832&sip=0
mostbet3043.top,latest,external,https://links-go9.top/mostbet_cr,https://ijwdpnmb.com/casino?registration=1&cid=8297204757&pid=297832&sip=0,mostbet,Mostbet,mostbet_assets,297832,True,Mostbet official website,True,,302 https://links-go9.top/mostbet_cr → 302 https://65r08go.com/QFqF → 200 https://ijwdpnmb.com/casino?registration=1&cid=8297204757&pid=297832&sip=0
mostbet3039.top,latest,external,https://links-go9.top/mostbet,https://nvjnacmb.com/casino?registration=1&cid=8297204719&pid=297832&sip=0,mostbet,Mostbet,mostbet_assets,297832,True,Mostbet official website,True,,302 https://links-go9.top/mostbet → 302 https://65r08go.com/QFqF → 200 https://nvjnacmb.com/casino?registration=1&cid=8297204719&pid=297832&sip=0
mostbet3039.top,latest,external,https://links-go9.top/mostbet_android,https://nvjnacmb.com/casino?registration=1&cid=8297204659&pid=297832&sip=0,mostbet,Mostbet,mostbet_assets,297832,True,Mostbet official website,True,,302 https://links-go9.top/mostbet_android → 302 https://65r08go.com/QFqF → 200 https://nvjnacmb.com/casino?registration=1&cid=8297204659&pid=297832&sip=0
mostbet3039.top,latest,external,https://links-go9.top/mostbet_ios,https://ijwdpnmb.com/casino?registration=1&cid=8297204703&pid=297832&sip=0,mostbet,Mostbet,mostbet_assets,297832,True,Mostbet official website,True,,302 https://links-go9.top/mostbet_ios → 302 https://65r08go.com/QFqF → 200 https://ijwdpnmb.com/casino?registration=1&cid=8297204703&pid=297832&sip=0
mostbet3039.top,latest,external,https://links-go9.top/mostbet_cr,https://ijwdpnmb.com/casino?registration=1&cid=8297204757&pid=297832&sip=0,mostbet,Mostbet,mostbet_assets,297832,True,Mostbet official website,True,,302 https://links-go9.top/mostbet_cr → 302 https://65r08go.com/QFqF → 200 https://ijwdpnmb.com/casino?registration=1&cid=8297204757&pid=297832&sip=0
mostbet3050.top,latest,external,https://links-go9.top/mostbet,https://nvjnacmb.com/casino?registration=1&cid=8297204719&pid=297832&sip=0,mostbet,Mostbet,mostbet_assets,297832,True,Mostbet official website,True,,302 https://links-go9.top/mostbet → 302 https://65r08go.com/QFqF → 200 https://nvjnacmb.com/casino?registration=1&cid=8297204719&pid=297832&sip=0
mostbet3050.top,latest,external,https://links-go9.top/mostbet_android,https://nvjnacmb.com/casino?registration=1&cid=8297204659&pid=297832&sip=0,mostbet,Mostbet,mostbet_assets,297832,True,Mostbet official website,True,,302 https://links-go9.top/mostbet_android → 302 https://65r08go.com/QFqF → 200 https://nvjnacmb.com/casino?registration=1&cid=8297204659&pid=297832&sip=0
mostbet3050.top,latest,external,https://links-go9.top/mostbet_ios,https://ijwdpnmb.com/casino?registration=1&cid=8297204703&pid=297832&sip=0,mostbet,Mostbet,mostbet_assets,297832,True,Mostbet official website,True,,302 https://links-go9.top/mostbet_ios → 302 https://65r08go.com/QFqF → 200 https://ijwdpnmb.com/casino?registration=1&cid=8297204703&pid=297832&sip=0
mostbet3050.top,latest,external,https://links-go9.top/mostbet_cr,https://ijwdpnmb.com/casino?registration=1&cid=8297204757&pid=297832&sip=0,mostbet,Mostbet,mostbet_assets,297832,True,Mostbet official website,True,,302 https://links-go9.top/mostbet_cr → 302 https://65r08go.com/QFqF → 200 https://ijwdpnmb.com/casino?registration=1&cid=8297204757&pid=297832&sip=0
mostbet3045.top,latest,external,https://links-go9.top/mostbet,https://nvjnacmb.com/casino?registration=1&cid=8297204719&pid=297832&sip=0,mostbet,Mostbet,mostbet_assets,297832,True,Mostbet official website,True,,302 https://links-go9.top/mostbet → 302 https://65r08go.com/QFqF → 200 https://nvjnacmb.com/casino?registration=1&cid=8297204719&pid=297832&sip=0
mostbet3045.top,latest,external,https://links-go9.top/mostbet_android,https://nvjnacmb.com/casino?registration=1&cid=8297204659&pid=297832&sip=0,mostbet,Mostbet,mostbet_assets,297832,True,Mostbet official website,True,,302 https://links-go9.top/mostbet_android → 302 https://65r08go.com/QFqF → 200 https://nvjnacmb.com/casino?registration=1&cid=8297204659&pid=297832&sip=0
mostbet3045.top,latest,external,https://links-go9.top/mostbet_ios,https://ijwdpnmb.com/casino?registration=1&cid=8297204703&pid=297832&sip=0,mostbet,Mostbet,mostbet_assets,297832,True,Mostbet official website,True,,302 https://links-go9.top/mostbet_ios → 302 https://65r08go.com/QFqF → 200 https://ijwdpnmb.com/casino?registration=1&cid=8297204703&pid=297832&sip=0
mostbet3045.top,latest,external,https://links-go9.top/mostbet_cr,https://ijwdpnmb.com/casino?registration=1&cid=8297204757&pid=297832&sip=0,mostbet,Mostbet,mostbet_assets,297832,True,Mostbet official website,True,,302 https://links-go9.top/mostbet_cr → 302 https://65r08go.com/QFqF → 200 https://ijwdpnmb.com/casino?registration=1&cid=8297204757&pid=297832&sip=0
mostbet3053.ru,latest,external,https://links-go9.top/mostbet,https://nvjnacmb.com/casino?registration=1&cid=8297204719&pid=297832&sip=0,mostbet,Mostbet,mostbet_assets,297832,True,Mostbet official website,True,,302 https://links-go9.top/mostbet → 302 https://65r08go.com/QFqF → 200 https://nvjnacmb.com/casino?registration=1&cid=8297204719&pid=297832&sip=0
mostbet3053.ru,latest,external,https://links-go9.top/mostbet_android,https://nvjnacmb.com/casino?registration=1&cid=8297204659&pid=297832&sip=0,mostbet,Mostbet,mostbet_assets,297832,True,Mostbet official website,True,,302 https://links-go9.top/mostbet_android → 302 https://65r08go.com/QFqF → 200 https://nvjnacmb.com/casino?registration=1&cid=8297204659&pid=297832&sip=0
mostbet3053.ru,latest,external,https://links-go9.top/mostbet_ios,https://ijwdpnmb.com/casino?registration=1&cid=8297204703&pid=297832&sip=0,mostbet,Mostbet,mostbet_assets,297832,True,Mostbet official website,True,,302 https://links-go9.top/mostbet_ios → 302 https://65r08go.com/QFqF → 200 https://ijwdpnmb.com/casino?registration=1&cid=8297204703&pid=297832&sip=0
mostbet3053.ru,latest,external,https://links-go9.top/mostbet_cr,https://ijwdpnmb.com/casino?registration=1&cid=8297204757&pid=297832&sip=0,mostbet,Mostbet,mostbet_assets,297832,True,Mostbet official website,True,,302 https://links-go9.top/mostbet_cr → 302 https://65r08go.com/QFqF → 200 https://ijwdpnmb.com/casino?registration=1&cid=8297204757&pid=297832&sip=0
mostbet3046.top,latest,external,https://links-go9.top/mostbet,https://nvjnacmb.com/casino?registration=1&cid=8297204719&pid=297832&sip=0,mostbet,Mostbet,mostbet_assets,297832,True,Mostbet official website,True,,302 https://links-go9.top/mostbet → 302 https://65r08go.com/QFqF → 200 https://nvjnacmb.com/casino?registration=1&cid=8297204719&pid=297832&sip=0
mostbet3046.top,latest,external,https://links-go9.top/mostbet_android,https://nvjnacmb.com/casino?registration=1&cid=8297204659&pid=297832&sip=0,mostbet,Mostbet,mostbet_assets,297832,True,Mostbet official website,True,,302 https://links-go9.top/mostbet_android → 302 https://65r08go.com/QFqF → 200 https://nvjnacmb.com/casino?registration=1&cid=8297204659&pid=297832&sip=0
mostbet3046.top,latest,external,https://links-go9.top/mostbet_ios,https://ijwdpnmb.com/casino?registration=1&cid=8297204703&pid=297832&sip=0,mostbet,Mostbet,mostbet_assets,297832,True,Mostbet official website,True,,302 https://links-go9.top/mostbet_ios → 302 https://65r08go.com/QFqF → 200 https://ijwdpnmb.com/casino?registration=1&cid=8297204703&pid=297832&sip=0
mostbet3046.top,latest,external,https://links-go9.top/mostbet_cr,https://ijwdpnmb.com/casino?registration=1&cid=8297204757&pid=297832&sip=0,mostbet,Mostbet,mostbet_assets,297832,True,Mostbet official website,True,,302 https://links-go9.top/mostbet_cr → 302 https://65r08go.com/QFqF → 200 https://ijwdpnmb.com/casino?registration=1&cid=8297204757&pid=297832&sip=0
mostbet3038.ru,latest,external,https://links-go9.top/mostbet,https://nvjnacmb.com/casino?registration=1&cid=8297204719&pid=297832&sip=0,mostbet,Mostbet,mostbet_assets,297832,True,Mostbet official website,True,,302 https://links-go9.top/mostbet → 302 https://65r08go.com/QFqF → 200 https://nvjnacmb.com/casino?registration=1&cid=8297204719&pid=297832&sip=0
mostbet3038.ru,latest,external,https://links-go9.top/mostbet_android,https://nvjnacmb.com/casino?registration=1&cid=8297204659&pid=297832&sip=0,mostbet,Mostbet,mostbet_assets,297832,True,Mostbet official website,True,,302 https://links-go9.top/mostbet_android → 302 https://65r08go.com/QFqF → 200 https://nvjnacmb.com/casino?registration=1&cid=8297204659&pid=297832&sip=0
mostbet3038.ru,latest,external,https://links-go9.top/mostbet_ios,https://ijwdpnmb.com/casino?registration=1&cid=8297204703&pid=297832&sip=0,mostbet,Mostbet,mostbet_assets,297832,True,Mostbet official website,True,,302 https://links-go9.top/mostbet_ios → 302 https://65r08go.com/QFqF → 200 https://ijwdpnmb.com/casino?registration=1&cid=8297204703&pid=297832&sip=0
mostbet3038.ru,latest,external,https://links-go9.top/mostbet_cr,https://ijwdpnmb.com/casino?registration=1&cid=8297204757&pid=297832&sip=0,mostbet,Mostbet,mostbet_assets,297832,True,Mostbet official website,True,,302 https://links-go9.top/mostbet_cr → 302 https://65r08go.com/QFqF → 200 https://ijwdpnmb.com/casino?registration=1&cid=8297204757&pid=297832&sip=0
mostbet24.ru,latest,home_redirect,https://mostbet24.ru/,https://moxtbet-j6q.top,mostbet,Mostbet,mostbet_assets,,True,,,,
mostbet3.ru,latest,home_redirect,https://mostbet3.ru/,https://mostbet-j7.top/,mostbet,Mostbet,mostbet_assets,,True,,,,
mostbet316-space.ru,latest,external,https://links-go9.top/mostbet_android,https://nvjnacmb.com/casino?registration=1&cid=8297204659&pid=297832&sip=0,mostbet,Mostbet,mostbet_assets,297832,True,Mostbet official website,True,,302 https://links-go9.top/mostbet_android → 302 https://65r08go.com/QFqF → 200 https://nvjnacmb.com/casino?registration=1&cid=8297204659&pid=297832&sip=0
mostbet316-space.ru,latest,external,https://links-go9.top/mostbet_ios,https://ijwdpnmb.com/casino?registration=1&cid=8297204703&pid=297832&sip=0,mostbet,Mostbet,mostbet_assets,297832,True,Mostbet official website,True,,302 https://links-go9.top/mostbet_ios → 302 https://65r08go.com/QFqF → 200 https://ijwdpnmb.com/casino?registration=1&cid=8297204703&pid=297832&sip=0
mostbet316-space.ru,latest,external,https://links-go9.top/mostbet,https://nvjnacmb.com/casino?registration=1&cid=8297204719&pid=297832&sip=0,mostbet,Mostbet,mostbet_assets,297832,True,Mostbet official website,True,,302 https://links-go9.top/mostbet → 302 https://65r08go.com/QFqF → 200 https://nvjnacmb.com/casino?registration=1&cid=8297204719&pid=297832&sip=0
mostbet316-space.ru,latest,external,https://links-go9.top/mostbet_cr,https://ijwdpnmb.com/casino?registration=1&cid=8297204757&pid=297832&sip=0,mostbet,Mostbet,mostbet_assets,297832,True,Mostbet official website,True,,302 https://links-go9.top/mostbet_cr → 302 https://65r08go.com/QFqF → 200 https://ijwdpnmb.com/casino?registration=1&cid=8297204757&pid=297832&sip=0
mostbet35-playgame.ru,latest,external,https://links-go9.top/mostbet_android,https://nvjnacmb.com/casino?registration=1&cid=8297204659&pid=297832&sip=0,mostbet,Mostbet,mostbet_assets,297832,True,Mostbet official website,True,,302 https://links-go9.top/mostbet_android → 302 https://65r08go.com/QFqF → 200 https://nvjnacmb.com/casino?registration=1&cid=8297204659&pid=297832&sip=0
mostbet35-playgame.ru,latest,external,https://links-go9.top/mostbet_ios,https://ijwdpnmb.com/casino?registration=1&cid=8297204703&pid=297832&sip=0,mostbet,Mostbet,mostbet_assets,297832,True,Mostbet official website,True,,302 https://links-go9.top/mostbet_ios → 302 https://65r08go.com/QFqF → 200 https://ijwdpnmb.com/casino?registration=1&cid=8297204703&pid=297832&sip=0
mostbet35-playgame.ru,latest,external,https://links-go9.top/mostbet,https://nvjnacmb.com/casino?registration=1&cid=8297204719&pid=297832&sip=0,mostbet,Mostbet,mostbet_assets,297832,True,Mostbet official website,True,,302 https://links-go9.top/mostbet → 302 https://65r08go.com/QFqF → 200 https://nvjnacmb.com/casino?registration=1&cid=8297204719&pid=297832&sip=0
mostbet35-playgame.ru,latest,external,https://links-go9.top/mostbet_cr,https://ijwdpnmb.com/casino?registration=1&cid=8297204757&pid=297832&sip=0,mostbet,Mostbet,mostbet_assets,297832,True,Mostbet official website,True,,302 https://links-go9.top/mostbet_cr → 302 https://65r08go.com/QFqF → 200 https://ijwdpnmb.com/casino?registration=1&cid=8297204757&pid=297832&sip=0
mostbet3043.ru,latest,external,https://links-go9.top/mostbet,https://nvjnacmb.com/casino?registration=1&cid=8297204719&pid=297832&sip=0,mostbet,Mostbet,mostbet_assets,297832,True,Mostbet official website,True,,302 https://links-go9.top/mostbet → 302 https://65r08go.com/QFqF → 200 https://nvjnacmb.com/casino?registration=1&cid=8297204719&pid=297832&sip=0
mostbet3043.ru,latest,external,https://links-go9.top/mostbet_android,https://nvjnacmb.com/casino?registration=1&cid=8297204659&pid=297832&sip=0,mostbet,Mostbet,mostbet_assets,297832,True,Mostbet official website,True,,302 https://links-go9.top/mostbet_android → 302 https://65r08go.com/QFqF → 200 https://nvjnacmb.com/casino?registration=1&cid=8297204659&pid=297832&sip=0
mostbet3043.ru,latest,external,https://links-go9.top/mostbet_ios,https://ijwdpnmb.com/casino?registration=1&cid=8297204703&pid=297832&sip=0,mostbet,Mostbet,mostbet_assets,297832,True,Mostbet official website,True,,302 https://links-go9.top/mostbet_ios → 302 https://65r08go.com/QFqF → 200 https://ijwdpnmb.com/casino?registration=1&cid=8297204703&pid=297832&sip=0
mostbet3043.ru,latest,external,https://links-go9.top/mostbet_cr,https://ijwdpnmb.com/casino?registration=1&cid=8297204757&pid=297832&sip=0,mostbet,Mostbet,mostbet_assets,297832,True,Mostbet official website,True,,302 https://links-go9.top/mostbet_cr → 302 https://65r08go.com/QFqF → 200 https://ijwdpnmb.com/casino?registration=1&cid=8297204757&pid=297832&sip=0
mostbet3044.ru,latest,external,https://links-go9.top/mostbet,https://nvjnacmb.com/casino?registration=1&cid=8297204719&pid=297832&sip=0,mostbet,Mostbet,mostbet_assets,297832,True,Mostbet official website,True,,302 https://links-go9.top/mostbet → 302 https://65r08go.com/QFqF → 200 https://nvjnacmb.com/casino?registration=1&cid=8297204719&pid=297832&sip=0
mostbet3044.ru,latest,external,https://links-go9.top/mostbet_android,https://nvjnacmb.com/casino?registration=1&cid=8297204659&pid=297832&sip=0,mostbet,Mostbet,mostbet_assets,297832,True,Mostbet official website,True,,302 https://links-go9.top/mostbet_android → 302 https://65r08go.com/QFqF → 200 https://nvjnacmb.com/casino?registration=1&cid=8297204659&pid=297832&sip=0
mostbet3044.ru,latest,external,https://links-go9.top/mostbet_ios,https://ijwdpnmb.com/casino?registration=1&cid=8297204703&pid=297832&sip=0,mostbet,Mostbet,mostbet_assets,297832,True,Mostbet official website,True,,302 https://links-go9.top/mostbet_ios → 302 https://65r08go.com/QFqF → 200 https://ijwdpnmb.com/casino?registration=1&cid=8297204703&pid=297832&sip=0
mostbet3044.ru,latest,external,https://links-go9.top/mostbet_cr,https://ijwdpnmb.com/casino?registration=1&cid=8297204757&pid=297832&sip=0,mostbet,Mostbet,mostbet_assets,297832,True,Mostbet official website,True,,302 https://links-go9.top/mostbet_cr → 302 https://65r08go.com/QFqF → 200 https://ijwdpnmb.com/casino?registration=1&cid=8297204757&pid=297832&sip=0
mostbet33002.top,latest,external,https://links-go9.top/mostbet,https://nvjnacmb.com/casino?registration=1&cid=8297204719&pid=297832&sip=0,mostbet,Mostbet,mostbet_assets,297832,True,Mostbet official website,True,,302 https://links-go9.top/mostbet → 302 https://65r08go.com/QFqF → 200 https://nvjnacmb.com/casino?registration=1&cid=8297204719&pid=297832&sip=0
mostbet33002.top,latest,external,https://links-go9.top/mostbet_android,https://nvjnacmb.com/casino?registration=1&cid=8297204659&pid=297832&sip=0,mostbet,Mostbet,mostbet_assets,297832,True,Mostbet official website,True,,302 https://links-go9.top/mostbet_android → 302 https://65r08go.com/QFqF → 200 https://nvjnacmb.com/casino?registration=1&cid=8297204659&pid=297832&sip=0
mostbet33002.top,latest,external,https://links-go9.top/mostbet_ios,https://ijwdpnmb.com/casino?registration=1&cid=8297204703&pid=297832&sip=0,mostbet,Mostbet,mostbet_assets,297832,True,Mostbet official website,True,,302 https://links-go9.top/mostbet_ios → 302 https://65r08go.com/QFqF → 200 https://ijwdpnmb.com/casino?registration=1&cid=8297204703&pid=297832&sip=0
mostbet33002.top,latest,external,https://links-go9.top/mostbet_cr,https://ijwdpnmb.com/casino?registration=1&cid=8297204757&pid=297832&sip=0,mostbet,Mostbet,mostbet_assets,297832,True,Mostbet official website,True,,302 https://links-go9.top/mostbet_cr → 302 https://65r08go.com/QFqF → 200 https://ijwdpnmb.com/casino?registration=1&cid=8297204757&pid=297832&sip=0
mostbet3049.ru,latest,external,https://links-go9.top/mostbet,https://nvjnacmb.com/casino?registration=1&cid=8297204719&pid=297832&sip=0,mostbet,Mostbet,mostbet_assets,297832,True,Mostbet official website,True,,302 https://links-go9.top/mostbet → 302 https://65r08go.com/QFqF → 200 https://nvjnacmb.com/casino?registration=1&cid=8297204719&pid=297832&sip=0
mostbet3049.ru,latest,external,https://links-go9.top/mostbet_android,https://nvjnacmb.com/casino?registration=1&cid=8297204659&pid=297832&sip=0,mostbet,Mostbet,mostbet_assets,297832,True,Mostbet official website,True,,302 https://links-go9.top/mostbet_android → 302 https://65r08go.com/QFqF → 200 https://nvjnacmb.com/casino?registration=1&cid=8297204659&pid=297832&sip=0
mostbet3049.ru,latest,external,https://links-go9.top/mostbet_ios,https://ijwdpnmb.com/casino?registration=1&cid=8297204703&pid=297832&sip=0,mostbet,Mostbet,mostbet_assets,297832,True,Mostbet official website,True,,302 https://links-go9.top/mostbet_ios → 302 https://65r08go.com/QFqF → 200 https://ijwdpnmb.com/casino?registration=1&cid=8297204703&pid=297832&sip=0
mostbet3049.ru,latest,external,https://links-go9.top/mostbet_cr,https://ijwdpnmb.com/casino?registration=1&cid=8297204757&pid=297832&sip=0,mostbet,Mostbet,mostbet_assets,297832,True,Mostbet official website,True,,302 https://links-go9.top/mostbet_cr → 302 https://65r08go.com/QFqF → 200 https://ijwdpnmb.com/casino?registration=1&cid=8297204757&pid=297832&sip=0
mostbet3045.ru,latest,external,https://links-go9.top/mostbet,https://nvjnacmb.com/casino?registration=1&cid=8297204719&pid=297832&sip=0,mostbet,Mostbet,mostbet_assets,297832,True,Mostbet official website,True,,302 https://links-go9.top/mostbet → 302 https://65r08go.com/QFqF → 200 https://nvjnacmb.com/casino?registration=1&cid=8297204719&pid=297832&sip=0
mostbet3045.ru,latest,external,https://links-go9.top/mostbet_android,https://nvjnacmb.com/casino?registration=1&cid=8297204659&pid=297832&sip=0,mostbet,Mostbet,mostbet_assets,297832,True,Mostbet official website,True,,302 https://links-go9.top/mostbet_android → 302 https://65r08go.com/QFqF → 200 https://nvjnacmb.com/casino?registration=1&cid=8297204659&pid=297832&sip=0
mostbet3045.ru,latest,external,https://links-go9.top/mostbet_ios,https://ijwdpnmb.com/casino?registration=1&cid=8297204703&pid=297832&sip=0,mostbet,Mostbet,mostbet_assets,297832,True,Mostbet official website,True,,302 https://links-go9.top/mostbet_ios → 302 https://65r08go.com/QFqF → 200 https://ijwdpnmb.com/casino?registration=1&cid=8297204703&pid=297832&sip=0
mostbet3045.ru,latest,external,https://links-go9.top/mostbet_cr,https://ijwdpnmb.com/casino?registration=1&cid=8297204757&pid=297832&sip=0,mostbet,Mostbet,mostbet_assets,297832,True,Mostbet official website,True,,302 https://links-go9.top/mostbet_cr → 302 https://65r08go.com/QFqF → 200 https://ijwdpnmb.com/casino?registration=1&cid=8297204757&pid=297832&sip=0
mostbet3042.ru,latest,external,https://links-go9.top/mostbet,https://nvjnacmb.com/casino?registration=1&cid=8297204719&pid=297832&sip=0,mostbet,Mostbet,mostbet_assets,297832,True,Mostbet official website,True,,302 https://links-go9.top/mostbet → 302 https://65r08go.com/QFqF → 200 https://nvjnacmb.com/casino?registration=1&cid=8297204719&pid=297832&sip=0
mostbet3042.ru,latest,external,https://links-go9.top/mostbet_android,https://nvjnacmb.com/casino?registration=1&cid=8297204659&pid=297832&sip=0,mostbet,Mostbet,mostbet_assets,297832,True,Mostbet official website,True,,302 https://links-go9.top/mostbet_android → 302 https://65r08go.com/QFqF → 200 https://nvjnacmb.com/casino?registration=1&cid=8297204659&pid=297832&sip=0
mostbet3042.ru,latest,external,https://links-go9.top/mostbet_ios,https://ijwdpnmb.com/casino?registration=1&cid=8297204703&pid=297832&sip=0,mostbet,Mostbet,mostbet_assets,297832,True,Mostbet official website,True,,302 https://links-go9.top/mostbet_ios → 302 https://65r08go.com/QFqF → 200 https://ijwdpnmb.com/casino?registration=1&cid=8297204703&pid=297832&sip=0
mostbet3042.ru,latest,external,https://links-go9.top/mostbet_cr,https://ijwdpnmb.com/casino?registration=1&cid=8297204757&pid=297832&sip=0,mostbet,Mostbet,mostbet_assets,297832,True,Mostbet official website,True,,302 https://links-go9.top/mostbet_cr → 302 https://65r08go.com/QFqF → 200 https://ijwdpnmb.com/casino?registration=1&cid=8297204757&pid=297832&sip=0
mostbet33003.top,latest,external,https://links-go9.top/mostbet,https://nvjnacmb.com/casino?registration=1&cid=8297204719&pid=297832&sip=0,mostbet,Mostbet,mostbet_assets,297832,True,Mostbet official website,True,,302 https://links-go9.top/mostbet → 302 https://65r08go.com/QFqF → 200 https://nvjnacmb.com/casino?registration=1&cid=8297204719&pid=297832&sip=0
mostbet33003.top,latest,external,https://links-go9.top/mostbet_android,https://nvjnacmb.com/casino?registration=1&cid=8297204659&pid=297832&sip=0,mostbet,Mostbet,mostbet_assets,297832,True,Mostbet official website,True,,302 https://links-go9.top/mostbet_android → 302 https://65r08go.com/QFqF → 200 https://nvjnacmb.com/casino?registration=1&cid=8297204659&pid=297832&sip=0
mostbet33003.top,latest,external,https://links-go9.top/mostbet_ios,https://ijwdpnmb.com/casino?registration=1&cid=8297204703&pid=297832&sip=0,mostbet,Mostbet,mostbet_assets,297832,True,Mostbet official website,True,,302 https://links-go9.top/mostbet_ios → 302 https://65r08go.com/QFqF → 200 https://ijwdpnmb.com/casino?registration=1&cid=8297204703&pid=297832&sip=0
mostbet33003.top,latest,external,https://links-go9.top/mostbet_cr,https://ijwdpnmb.com/casino?registration=1&cid=8297204757&pid=297832&sip=0,mostbet,Mostbet,mostbet_assets,297832,True,Mostbet official website,True,,302 https://links-go9.top/mostbet_cr → 302 https://65r08go.com/QFqF → 200 https://ijwdpnmb.com/casino?registration=1&cid=8297204757&pid=297832&sip=0
mostbet3054.ru,latest,external,https://links-go9.top/mostbet,https://nvjnacmb.com/casino?registration=1&cid=8297204719&pid=297832&sip=0,mostbet,Mostbet,mostbet_assets,297832,True,Mostbet official website,True,,302 https://links-go9.top/mostbet → 302 https://65r08go.com/QFqF → 200 https://nvjnacmb.com/casino?registration=1&cid=8297204719&pid=297832&sip=0
mostbet3054.ru,latest,external,https://links-go9.top/mostbet_android,https://nvjnacmb.com/casino?registration=1&cid=8297204659&pid=297832&sip=0,mostbet,Mostbet,mostbet_assets,297832,True,Mostbet official website,True,,302 https://links-go9.top/mostbet_android → 302 https://65r08go.com/QFqF → 200 https://nvjnacmb.com/casino?registration=1&cid=8297204659&pid=297832&sip=0
mostbet3054.ru,latest,external,https://links-go9.top/mostbet_ios,https://ijwdpnmb.com/casino?registration=1&cid=8297204703&pid=297832&sip=0,mostbet,Mostbet,mostbet_assets,297832,True,Mostbet official website,True,,302 https://links-go9.top/mostbet_ios → 302 https://65r08go.com/QFqF → 200 https://ijwdpnmb.com/casino?registration=1&cid=8297204703&pid=297832&sip=0
mostbet3054.ru,latest,external,https://links-go9.top/mostbet_cr,https://ijwdpnmb.com/casino?registration=1&cid=8297204757&pid=297832&sip=0,mostbet,Mostbet,mostbet_assets,297832,True,Mostbet official website,True,,302 https://links-go9.top/mostbet_cr → 302 https://65r08go.com/QFqF → 200 https://ijwdpnmb.com/casino?registration=1&cid=8297204757&pid=297832&sip=0
mostbet1az.com,latest,js:data-href,https://regi.mostbet1az.com/WLPLGmU?type=app,,needs_browser,,http_undecided,,,,,,
mostbet1az.com,latest,js:data-url,https://regi.mostbet1az.com/WLPLGmU,,needs_browser,,http_undecided,,,,,,
mostbet1az.com,latest,js:data-sf-a,https://play.mostbet1az.com/eJdAQ7s,https://play.mostbet1az.com/eJdAQ7s,dead,,connect_error,,,,,,
mostbet33001.ru,latest,external,https://links-go9.top/mostbet,https://nvjnacmb.com/casino?registration=1&cid=8297204719&pid=297832&sip=0,mostbet,Mostbet,mostbet_assets,297832,True,Mostbet official website,True,,302 https://links-go9.top/mostbet → 302 https://65r08go.com/QFqF → 200 https://nvjnacmb.com/casino?registration=1&cid=8297204719&pid=297832&sip=0
mostbet33001.ru,latest,external,https://links-go9.top/mostbet_android,https://nvjnacmb.com/casino?registration=1&cid=8297204659&pid=297832&sip=0,mostbet,Mostbet,mostbet_assets,297832,True,Mostbet official website,True,,302 https://links-go9.top/mostbet_android → 302 https://65r08go.com/QFqF → 200 https://nvjnacmb.com/casino?registration=1&cid=8297204659&pid=297832&sip=0
mostbet33001.ru,latest,external,https://links-go9.top/mostbet_ios,https://ijwdpnmb.com/casino?registration=1&cid=8297204703&pid=297832&sip=0,mostbet,Mostbet,mostbet_assets,297832,True,Mostbet official website,True,,302 https://links-go9.top/mostbet_ios → 302 https://65r08go.com/QFqF → 200 https://ijwdpnmb.com/casino?registration=1&cid=8297204703&pid=297832&sip=0
mostbet33001.ru,latest,external,https://links-go9.top/mostbet_cr,https://ijwdpnmb.com/casino?registration=1&cid=8297204757&pid=297832&sip=0,mostbet,Mostbet,mostbet_assets,297832,True,Mostbet official website,True,,302 https://links-go9.top/mostbet_cr → 302 https://65r08go.com/QFqF → 200 https://ijwdpnmb.com/casino?registration=1&cid=8297204757&pid=297832&sip=0
mostbet33002.ru,latest,external,https://links-go9.top/mostbet,https://nvjnacmb.com/casino?registration=1&cid=8297204719&pid=297832&sip=0,mostbet,Mostbet,mostbet_assets,297832,True,Mostbet official website,True,,302 https://links-go9.top/mostbet → 302 https://65r08go.com/QFqF → 200 https://nvjnacmb.com/casino?registration=1&cid=8297204719&pid=297832&sip=0
mostbet33002.ru,latest,external,https://links-go9.top/mostbet_android,https://nvjnacmb.com/casino?registration=1&cid=8297204659&pid=297832&sip=0,mostbet,Mostbet,mostbet_assets,297832,True,Mostbet official website,True,,302 https://links-go9.top/mostbet_android → 302 https://65r08go.com/QFqF → 200 https://nvjnacmb.com/casino?registration=1&cid=8297204659&pid=297832&sip=0
mostbet33002.ru,latest,external,https://links-go9.top/mostbet_ios,https://ijwdpnmb.com/casino?registration=1&cid=8297204703&pid=297832&sip=0,mostbet,Mostbet,mostbet_assets,297832,True,Mostbet official website,True,,302 https://links-go9.top/mostbet_ios → 302 https://65r08go.com/QFqF → 200 https://ijwdpnmb.com/casino?registration=1&cid=8297204703&pid=297832&sip=0
mostbet33002.ru,latest,external,https://links-go9.top/mostbet_cr,https://ijwdpnmb.com/casino?registration=1&cid=8297204757&pid=297832&sip=0,mostbet,Mostbet,mostbet_assets,297832,True,Mostbet official website,True,,302 https://links-go9.top/mostbet_cr → 302 https://65r08go.com/QFqF → 200 https://ijwdpnmb.com/casino?registration=1&cid=8297204757&pid=297832&sip=0
mostbet276-x.ru,latest,home_redirect,https://mostbet276-x.ru/,https://mostbet-f11n.top,mostbet,Mostbet,mostbet_assets,,True,,,,
mostbet3062-ru.top,latest,home_redirect,https://mostbet3062-ru.top/,https://mostbet3063-ru.top,mostbet,Mostbet,mostbet_assets,,True,,,,
mostbet3061-ru.ru,latest,home_redirect,https://mostbet3061-ru.ru/,https://mostbet3063-ru.top,mostbet,Mostbet,mostbet_assets,,True,,,,
mostbet416.ru,latest,home_redirect,https://mostbet416.ru/,https://mostbet-casino-a0w.top/,mostbet,Mostbet,mostbet_assets,,True,,,,
mostbet5010.top,latest,external,https://links-go9.top/mostbet,https://nvjnacmb.com/casino?registration=1&cid=8297204719&pid=297832&sip=0,mostbet,Mostbet,mostbet_assets,297832,True,Mostbet official website,True,,302 https://links-go9.top/mostbet → 302 https://65r08go.com/QFqF → 200 https://nvjnacmb.com/casino?registration=1&cid=8297204719&pid=297832&sip=0
mostbet5010.top,latest,external,https://links-go9.top/mostbet_android,https://nvjnacmb.com/casino?registration=1&cid=8297204659&pid=297832&sip=0,mostbet,Mostbet,mostbet_assets,297832,True,Mostbet official website,True,,302 https://links-go9.top/mostbet_android → 302 https://65r08go.com/QFqF → 200 https://nvjnacmb.com/casino?registration=1&cid=8297204659&pid=297832&sip=0
mostbet5010.top,latest,external,https://links-go9.top/mostbet_ios,https://ijwdpnmb.com/casino?registration=1&cid=8297204703&pid=297832&sip=0,mostbet,Mostbet,mostbet_assets,297832,True,Mostbet official website,True,,302 https://links-go9.top/mostbet_ios → 302 https://65r08go.com/QFqF → 200 https://ijwdpnmb.com/casino?registration=1&cid=8297204703&pid=297832&sip=0
mostbet5010.top,latest,external,https://links-go9.top/mostbet_cr,https://ijwdpnmb.com/casino?registration=1&cid=8297204757&pid=297832&sip=0,mostbet,Mostbet,mostbet_assets,297832,True,Mostbet official website,True,,302 https://links-go9.top/mostbet_cr → 302 https://65r08go.com/QFqF → 200 https://ijwdpnmb.com/casino?registration=1&cid=8297204757&pid=297832&sip=0
mostbet5009.top,latest,external,https://links-go9.top/mostbet,https://nvjnacmb.com/casino?registration=1&cid=8297204719&pid=297832&sip=0,mostbet,Mostbet,mostbet_assets,297832,True,Mostbet official website,True,,302 https://links-go9.top/mostbet → 302 https://65r08go.com/QFqF → 200 https://nvjnacmb.com/casino?registration=1&cid=8297204719&pid=297832&sip=0
mostbet5009.top,latest,external,https://links-go9.top/mostbet_android,https://nvjnacmb.com/casino?registration=1&cid=8297204659&pid=297832&sip=0,mostbet,Mostbet,mostbet_assets,297832,True,Mostbet official website,True,,302 https://links-go9.top/mostbet_android → 302 https://65r08go.com/QFqF → 200 https://nvjnacmb.com/casino?registration=1&cid=8297204659&pid=297832&sip=0
mostbet5009.top,latest,external,https://links-go9.top/mostbet_ios,https://ijwdpnmb.com/casino?registration=1&cid=8297204703&pid=297832&sip=0,mostbet,Mostbet,mostbet_assets,297832,True,Mostbet official website,True,,302 https://links-go9.top/mostbet_ios → 302 https://65r08go.com/QFqF → 200 https://ijwdpnmb.com/casino?registration=1&cid=8297204703&pid=297832&sip=0
mostbet5009.top,latest,external,https://links-go9.top/mostbet_cr,https://ijwdpnmb.com/casino?registration=1&cid=8297204757&pid=297832&sip=0,mostbet,Mostbet,mostbet_assets,297832,True,Mostbet official website,True,,302 https://links-go9.top/mostbet_cr → 302 https://65r08go.com/QFqF → 200 https://ijwdpnmb.com/casino?registration=1&cid=8297204757&pid=297832&sip=0
mostbet5005.top,latest,external,https://links-go9.top/mostbet,https://nvjnacmb.com/casino?registration=1&cid=8297204719&pid=297832&sip=0,mostbet,Mostbet,mostbet_assets,297832,True,Mostbet official website,True,,302 https://links-go9.top/mostbet → 302 https://65r08go.com/QFqF → 200 https://nvjnacmb.com/casino?registration=1&cid=8297204719&pid=297832&sip=0
mostbet5005.top,latest,external,https://links-go9.top/mostbet_android,https://nvjnacmb.com/casino?registration=1&cid=8297204659&pid=297832&sip=0,mostbet,Mostbet,mostbet_assets,297832,True,Mostbet official website,True,,302 https://links-go9.top/mostbet_android → 302 https://65r08go.com/QFqF → 200 https://nvjnacmb.com/casino?registration=1&cid=8297204659&pid=297832&sip=0
mostbet5005.top,latest,external,https://links-go9.top/mostbet_ios,https://ijwdpnmb.com/casino?registration=1&cid=8297204703&pid=297832&sip=0,mostbet,Mostbet,mostbet_assets,297832,True,Mostbet official website,True,,302 https://links-go9.top/mostbet_ios → 302 https://65r08go.com/QFqF → 200 https://ijwdpnmb.com/casino?registration=1&cid=8297204703&pid=297832&sip=0
mostbet5005.top,latest,external,https://links-go9.top/mostbet_cr,https://ijwdpnmb.com/casino?registration=1&cid=8297204757&pid=297832&sip=0,mostbet,Mostbet,mostbet_assets,297832,True,Mostbet official website,True,,302 https://links-go9.top/mostbet_cr → 302 https://65r08go.com/QFqF → 200 https://ijwdpnmb.com/casino?registration=1&cid=8297204757&pid=297832&sip=0
mostbet5006.top,latest,external,https://links-go9.top/mostbet,https://nvjnacmb.com/casino?registration=1&cid=8297204719&pid=297832&sip=0,mostbet,Mostbet,mostbet_assets,297832,True,Mostbet official website,True,,302 https://links-go9.top/mostbet → 302 https://65r08go.com/QFqF → 200 https://nvjnacmb.com/casino?registration=1&cid=8297204719&pid=297832&sip=0
mostbet5006.top,latest,external,https://links-go9.top/mostbet_android,https://nvjnacmb.com/casino?registration=1&cid=8297204659&pid=297832&sip=0,mostbet,Mostbet,mostbet_assets,297832,True,Mostbet official website,True,,302 https://links-go9.top/mostbet_android → 302 https://65r08go.com/QFqF → 200 https://nvjnacmb.com/casino?registration=1&cid=8297204659&pid=297832&sip=0
mostbet5006.top,latest,external,https://links-go9.top/mostbet_ios,https://ijwdpnmb.com/casino?registration=1&cid=8297204703&pid=297832&sip=0,mostbet,Mostbet,mostbet_assets,297832,True,Mostbet official website,True,,302 https://links-go9.top/mostbet_ios → 302 https://65r08go.com/QFqF → 200 https://ijwdpnmb.com/casino?registration=1&cid=8297204703&pid=297832&sip=0
mostbet5006.top,latest,external,https://links-go9.top/mostbet_cr,https://ijwdpnmb.com/casino?registration=1&cid=8297204757&pid=297832&sip=0,mostbet,Mostbet,mostbet_assets,297832,True,Mostbet official website,True,,302 https://links-go9.top/mostbet_cr → 302 https://65r08go.com/QFqF → 200 https://ijwdpnmb.com/casino?registration=1&cid=8297204757&pid=297832&sip=0
mostbet5011.top,latest,external,https://links-go9.top/mostbet,https://nvjnacmb.com/casino?registration=1&cid=8297204719&pid=297832&sip=0,mostbet,Mostbet,mostbet_assets,297832,True,Mostbet official website,True,,302 https://links-go9.top/mostbet → 302 https://65r08go.com/QFqF → 200 https://nvjnacmb.com/casino?registration=1&cid=8297204719&pid=297832&sip=0
mostbet5011.top,latest,external,https://links-go9.top/mostbet_android,https://nvjnacmb.com/casino?registration=1&cid=8297204659&pid=297832&sip=0,mostbet,Mostbet,mostbet_assets,297832,True,Mostbet official website,True,,302 https://links-go9.top/mostbet_android → 302 https://65r08go.com/QFqF → 200 https://nvjnacmb.com/casino?registration=1&cid=8297204659&pid=297832&sip=0
mostbet5011.top,latest,external,https://links-go9.top/mostbet_ios,https://ijwdpnmb.com/casino?registration=1&cid=8297204703&pid=297832&sip=0,mostbet,Mostbet,mostbet_assets,297832,True,Mostbet official website,True,,302 https://links-go9.top/mostbet_ios → 302 https://65r08go.com/QFqF → 200 https://ijwdpnmb.com/casino?registration=1&cid=8297204703&pid=297832&sip=0
mostbet5011.top,latest,external,https://links-go9.top/mostbet_cr,https://ijwdpnmb.com/casino?registration=1&cid=8297204757&pid=297832&sip=0,mostbet,Mostbet,mostbet_assets,297832,True,Mostbet official website,True,,302 https://links-go9.top/mostbet_cr → 302 https://65r08go.com/QFqF → 200 https://ijwdpnmb.com/casino?registration=1&cid=8297204757&pid=297832&sip=0
mostbet3900.buzz,latest,external,https://mostbet.partners/,,needs_browser,,http_undecided,,,,,,
mostbet50.ru,latest,home_redirect,https://mostbet50.ru/,https://mostbet53.top/,mostbet,Mostbet,mostbet_assets,,True,,,,
mostbet56.top,latest,external,https://links-go9.top/mostbet_android,https://nvjnacmb.com/casino?registration=1&cid=8297204659&pid=297832&sip=0,mostbet,Mostbet,mostbet_assets,297832,True,Mostbet official website,True,,302 https://links-go9.top/mostbet_android → 302 https://65r08go.com/QFqF → 200 https://nvjnacmb.com/casino?registration=1&cid=8297204659&pid=297832&sip=0
mostbet56.top,latest,external,https://links-go9.top/mostbet_ios,https://ijwdpnmb.com/casino?registration=1&cid=8297204703&pid=297832&sip=0,mostbet,Mostbet,mostbet_assets,297832,True,Mostbet official website,True,,302 https://links-go9.top/mostbet_ios → 302 https://65r08go.com/QFqF → 200 https://ijwdpnmb.com/casino?registration=1&cid=8297204703&pid=297832&sip=0
mostbet56.top,latest,external,https://links-go9.top/mostbet,https://nvjnacmb.com/casino?registration=1&cid=8297204719&pid=297832&sip=0,mostbet,Mostbet,mostbet_assets,297832,True,Mostbet official website,True,,302 https://links-go9.top/mostbet → 302 https://65r08go.com/QFqF → 200 https://nvjnacmb.com/casino?registration=1&cid=8297204719&pid=297832&sip=0
mostbet56.top,latest,external,https://links-go9.top/mostbet_cr,https://ijwdpnmb.com/casino?registration=1&cid=8297204757&pid=297832&sip=0,mostbet,Mostbet,mostbet_assets,297832,True,Mostbet official website,True,,302 https://links-go9.top/mostbet_cr → 302 https://65r08go.com/QFqF → 200 https://ijwdpnmb.com/casino?registration=1&cid=8297204757&pid=297832&sip=0
mostbet5004.top,latest,external,https://links-go9.top/mostbet,https://nvjnacmb.com/casino?registration=1&cid=8297204719&pid=297832&sip=0,mostbet,Mostbet,mostbet_assets,297832,True,Mostbet official website,True,,302 https://links-go9.top/mostbet → 302 https://65r08go.com/QFqF → 200 https://nvjnacmb.com/casino?registration=1&cid=8297204719&pid=297832&sip=0
mostbet5004.top,latest,external,https://links-go9.top/mostbet_android,https://nvjnacmb.com/casino?registration=1&cid=8297204659&pid=297832&sip=0,mostbet,Mostbet,mostbet_assets,297832,True,Mostbet official website,True,,302 https://links-go9.top/mostbet_android → 302 https://65r08go.com/QFqF → 200 https://nvjnacmb.com/casino?registration=1&cid=8297204659&pid=297832&sip=0
mostbet5004.top,latest,external,https://links-go9.top/mostbet_ios,https://ijwdpnmb.com/casino?registration=1&cid=8297204703&pid=297832&sip=0,mostbet,Mostbet,mostbet_assets,297832,True,Mostbet official website,True,,302 https://links-go9.top/mostbet_ios → 302 https://65r08go.com/QFqF → 200 https://ijwdpnmb.com/casino?registration=1&cid=8297204703&pid=297832&sip=0
mostbet5004.top,latest,external,https://links-go9.top/mostbet_cr,https://ijwdpnmb.com/casino?registration=1&cid=8297204757&pid=297832&sip=0,mostbet,Mostbet,mostbet_assets,297832,True,Mostbet official website,True,,302 https://links-go9.top/mostbet_cr → 302 https://65r08go.com/QFqF → 200 https://ijwdpnmb.com/casino?registration=1&cid=8297204757&pid=297832&sip=0
mostbet5022.top,latest,external,https://links-go9.top/mostbet,https://nvjnacmb.com/casino?registration=1&cid=8297204719&pid=297832&sip=0,mostbet,Mostbet,mostbet_assets,297832,True,Mostbet official website,True,,302 https://links-go9.top/mostbet → 302 https://65r08go.com/QFqF → 200 https://nvjnacmb.com/casino?registration=1&cid=8297204719&pid=297832&sip=0
mostbet5022.top,latest,external,https://links-go9.top/mostbet_android,https://nvjnacmb.com/casino?registration=1&cid=8297204659&pid=297832&sip=0,mostbet,Mostbet,mostbet_assets,297832,True,Mostbet official website,True,,302 https://links-go9.top/mostbet_android → 302 https://65r08go.com/QFqF → 200 https://nvjnacmb.com/casino?registration=1&cid=8297204659&pid=297832&sip=0
mostbet5022.top,latest,external,https://links-go9.top/mostbet_ios,https://ijwdpnmb.com/casino?registration=1&cid=8297204703&pid=297832&sip=0,mostbet,Mostbet,mostbet_assets,297832,True,Mostbet official website,True,,302 https://links-go9.top/mostbet_ios → 302 https://65r08go.com/QFqF → 200 https://ijwdpnmb.com/casino?registration=1&cid=8297204703&pid=297832&sip=0
mostbet5022.top,latest,external,https://links-go9.top/mostbet_cr,https://ijwdpnmb.com/casino?registration=1&cid=8297204757&pid=297832&sip=0,mostbet,Mostbet,mostbet_assets,297832,True,Mostbet official website,True,,302 https://links-go9.top/mostbet_cr → 302 https://65r08go.com/QFqF → 200 https://ijwdpnmb.com/casino?registration=1&cid=8297204757&pid=297832&sip=0
mostbet53.top,latest,external,https://links-go9.top/mostbet_android,https://nvjnacmb.com/casino?registration=1&cid=8297204659&pid=297832&sip=0,mostbet,Mostbet,mostbet_assets,297832,True,Mostbet official website,True,,302 https://links-go9.top/mostbet_android → 302 https://65r08go.com/QFqF → 200 https://nvjnacmb.com/casino?registration=1&cid=8297204659&pid=297832&sip=0
mostbet53.top,latest,external,https://links-go9.top/mostbet_ios,https://ijwdpnmb.com/casino?registration=1&cid=8297204703&pid=297832&sip=0,mostbet,Mostbet,mostbet_assets,297832,True,Mostbet official website,True,,302 https://links-go9.top/mostbet_ios → 302 https://65r08go.com/QFqF → 200 https://ijwdpnmb.com/casino?registration=1&cid=8297204703&pid=297832&sip=0
mostbet53.top,latest,external,https://links-go9.top/mostbet,https://nvjnacmb.com/casino?registration=1&cid=8297204719&pid=297832&sip=0,mostbet,Mostbet,mostbet_assets,297832,True,Mostbet official website,True,,302 https://links-go9.top/mostbet → 302 https://65r08go.com/QFqF → 200 https://nvjnacmb.com/casino?registration=1&cid=8297204719&pid=297832&sip=0
mostbet53.top,latest,external,https://links-go9.top/mostbet_cr,https://ijwdpnmb.com/casino?registration=1&cid=8297204757&pid=297832&sip=0,mostbet,Mostbet,mostbet_assets,297832,True,Mostbet official website,True,,302 https://links-go9.top/mostbet_cr → 302 https://65r08go.com/QFqF → 200 https://ijwdpnmb.com/casino?registration=1&cid=8297204757&pid=297832&sip=0
mostbet456.ru,latest,home_redirect,https://mostbet456.ru/,https://mostbet-newwin18.top/,mostbet,Mostbet,mostbet_assets,,True,,,,
mostbet55.top,latest,home_redirect,https://mostbet55.top/,https://mostbet56.top/,mostbet,Mostbet,mostbet_assets,,True,,,,
mostbet5009.ru,latest,external,https://links-go9.top/mostbet,https://nvjnacmb.com/casino?registration=1&cid=8297204719&pid=297832&sip=0,mostbet,Mostbet,mostbet_assets,297832,True,Mostbet official website,True,,302 https://links-go9.top/mostbet → 302 https://65r08go.com/QFqF → 200 https://nvjnacmb.com/casino?registration=1&cid=8297204719&pid=297832&sip=0
mostbet5009.ru,latest,external,https://links-go9.top/mostbet_android,https://nvjnacmb.com/casino?registration=1&cid=8297204659&pid=297832&sip=0,mostbet,Mostbet,mostbet_assets,297832,True,Mostbet official website,True,,302 https://links-go9.top/mostbet_android → 302 https://65r08go.com/QFqF → 200 https://nvjnacmb.com/casino?registration=1&cid=8297204659&pid=297832&sip=0
mostbet5009.ru,latest,external,https://links-go9.top/mostbet_ios,https://ijwdpnmb.com/casino?registration=1&cid=8297204703&pid=297832&sip=0,mostbet,Mostbet,mostbet_assets,297832,True,Mostbet official website,True,,302 https://links-go9.top/mostbet_ios → 302 https://65r08go.com/QFqF → 200 https://ijwdpnmb.com/casino?registration=1&cid=8297204703&pid=297832&sip=0
mostbet5009.ru,latest,external,https://links-go9.top/mostbet_cr,https://ijwdpnmb.com/casino?registration=1&cid=8297204757&pid=297832&sip=0,mostbet,Mostbet,mostbet_assets,297832,True,Mostbet official website,True,,302 https://links-go9.top/mostbet_cr → 302 https://65r08go.com/QFqF → 200 https://ijwdpnmb.com/casino?registration=1&cid=8297204757&pid=297832&sip=0
mostbet5010.ru,latest,external,https://links-go9.top/mostbet,https://nvjnacmb.com/casino?registration=1&cid=8297204719&pid=297832&sip=0,mostbet,Mostbet,mostbet_assets,297832,True,Mostbet official website,True,,302 https://links-go9.top/mostbet → 302 https://65r08go.com/QFqF → 200 https://nvjnacmb.com/casino?registration=1&cid=8297204719&pid=297832&sip=0
mostbet5010.ru,latest,external,https://links-go9.top/mostbet_android,https://nvjnacmb.com/casino?registration=1&cid=8297204659&pid=297832&sip=0,mostbet,Mostbet,mostbet_assets,297832,True,Mostbet official website,True,,302 https://links-go9.top/mostbet_android → 302 https://65r08go.com/QFqF → 200 https://nvjnacmb.com/casino?registration=1&cid=8297204659&pid=297832&sip=0
mostbet5010.ru,latest,external,https://links-go9.top/mostbet_ios,https://ijwdpnmb.com/casino?registration=1&cid=8297204703&pid=297832&sip=0,mostbet,Mostbet,mostbet_assets,297832,True,Mostbet official website,True,,302 https://links-go9.top/mostbet_ios → 302 https://65r08go.com/QFqF → 200 https://ijwdpnmb.com/casino?registration=1&cid=8297204703&pid=297832&sip=0
mostbet5010.ru,latest,external,https://links-go9.top/mostbet_cr,https://ijwdpnmb.com/casino?registration=1&cid=8297204757&pid=297832&sip=0,mostbet,Mostbet,mostbet_assets,297832,True,Mostbet official website,True,,302 https://links-go9.top/mostbet_cr → 302 https://65r08go.com/QFqF → 200 https://ijwdpnmb.com/casino?registration=1&cid=8297204757&pid=297832&sip=0
mostbet5008.ru,latest,external,https://links-go9.top/mostbet,https://nvjnacmb.com/casino?registration=1&cid=8297204719&pid=297832&sip=0,mostbet,Mostbet,mostbet_assets,297832,True,Mostbet official website,True,,302 https://links-go9.top/mostbet → 302 https://65r08go.com/QFqF → 200 https://nvjnacmb.com/casino?registration=1&cid=8297204719&pid=297832&sip=0
mostbet5008.ru,latest,external,https://links-go9.top/mostbet_android,https://nvjnacmb.com/casino?registration=1&cid=8297204659&pid=297832&sip=0,mostbet,Mostbet,mostbet_assets,297832,True,Mostbet official website,True,,302 https://links-go9.top/mostbet_android → 302 https://65r08go.com/QFqF → 200 https://nvjnacmb.com/casino?registration=1&cid=8297204659&pid=297832&sip=0
mostbet5008.ru,latest,external,https://links-go9.top/mostbet_ios,https://ijwdpnmb.com/casino?registration=1&cid=8297204703&pid=297832&sip=0,mostbet,Mostbet,mostbet_assets,297832,True,Mostbet official website,True,,302 https://links-go9.top/mostbet_ios → 302 https://65r08go.com/QFqF → 200 https://ijwdpnmb.com/casino?registration=1&cid=8297204703&pid=297832&sip=0
mostbet5008.ru,latest,external,https://links-go9.top/mostbet_cr,https://ijwdpnmb.com/casino?registration=1&cid=8297204757&pid=297832&sip=0,mostbet,Mostbet,mostbet_assets,297832,True,Mostbet official website,True,,302 https://links-go9.top/mostbet_cr → 302 https://65r08go.com/QFqF → 200 https://ijwdpnmb.com/casino?registration=1&cid=8297204757&pid=297832&sip=0
mostbet51.top,latest,home_redirect,https://mostbet51.top/,https://mostbet53.top/,mostbet,Mostbet,mostbet_assets,,True,,,,
mostbet5003.ru,latest,external,https://links-go9.top/mostbet,https://nvjnacmb.com/casino?registration=1&cid=8297204719&pid=297832&sip=0,mostbet,Mostbet,mostbet_assets,297832,True,Mostbet official website,True,,302 https://links-go9.top/mostbet → 302 https://65r08go.com/QFqF → 200 https://nvjnacmb.com/casino?registration=1&cid=8297204719&pid=297832&sip=0
mostbet5003.ru,latest,external,https://links-go9.top/mostbet_android,https://nvjnacmb.com/casino?registration=1&cid=8297204659&pid=297832&sip=0,mostbet,Mostbet,mostbet_assets,297832,True,Mostbet official website,True,,302 https://links-go9.top/mostbet_android → 302 https://65r08go.com/QFqF → 200 https://nvjnacmb.com/casino?registration=1&cid=8297204659&pid=297832&sip=0
mostbet5003.ru,latest,external,https://links-go9.top/mostbet_ios,https://ijwdpnmb.com/casino?registration=1&cid=8297204703&pid=297832&sip=0,mostbet,Mostbet,mostbet_assets,297832,True,Mostbet official website,True,,302 https://links-go9.top/mostbet_ios → 302 https://65r08go.com/QFqF → 200 https://ijwdpnmb.com/casino?registration=1&cid=8297204703&pid=297832&sip=0
mostbet5003.ru,latest,external,https://links-go9.top/mostbet_cr,https://ijwdpnmb.com/casino?registration=1&cid=8297204757&pid=297832&sip=0,mostbet,Mostbet,mostbet_assets,297832,True,Mostbet official website,True,,302 https://links-go9.top/mostbet_cr → 302 https://65r08go.com/QFqF → 200 https://ijwdpnmb.com/casino?registration=1&cid=8297204757&pid=297832&sip=0
mostbet6015.top,latest,external,https://links-go9.top/mostbet,https://nvjnacmb.com/casino?registration=1&cid=8297204719&pid=297832&sip=0,mostbet,Mostbet,mostbet_assets,297832,True,Mostbet official website,True,,302 https://links-go9.top/mostbet → 302 https://65r08go.com/QFqF → 200 https://nvjnacmb.com/casino?registration=1&cid=8297204719&pid=297832&sip=0
mostbet6015.top,latest,external,https://links-go9.top/mostbet_android,https://nvjnacmb.com/casino?registration=1&cid=8297204659&pid=297832&sip=0,mostbet,Mostbet,mostbet_assets,297832,True,Mostbet official website,True,,302 https://links-go9.top/mostbet_android → 302 https://65r08go.com/QFqF → 200 https://nvjnacmb.com/casino?registration=1&cid=8297204659&pid=297832&sip=0
mostbet6015.top,latest,external,https://links-go9.top/mostbet_ios,https://ijwdpnmb.com/casino?registration=1&cid=8297204703&pid=297832&sip=0,mostbet,Mostbet,mostbet_assets,297832,True,Mostbet official website,True,,302 https://links-go9.top/mostbet_ios → 302 https://65r08go.com/QFqF → 200 https://ijwdpnmb.com/casino?registration=1&cid=8297204703&pid=297832&sip=0
mostbet6015.top,latest,external,https://links-go9.top/mostbet_cr,https://ijwdpnmb.com/casino?registration=1&cid=8297204757&pid=297832&sip=0,mostbet,Mostbet,mostbet_assets,297832,True,Mostbet official website,True,,302 https://links-go9.top/mostbet_cr → 302 https://65r08go.com/QFqF → 200 https://ijwdpnmb.com/casino?registration=1&cid=8297204757&pid=297832&sip=0
mostbet5007.top,latest,external,https://links-go9.top/mostbet,https://nvjnacmb.com/casino?registration=1&cid=8297204719&pid=297832&sip=0,mostbet,Mostbet,mostbet_assets,297832,True,Mostbet official website,True,,302 https://links-go9.top/mostbet → 302 https://65r08go.com/QFqF → 200 https://nvjnacmb.com/casino?registration=1&cid=8297204719&pid=297832&sip=0
mostbet5007.top,latest,external,https://links-go9.top/mostbet_android,https://nvjnacmb.com/casino?registration=1&cid=8297204659&pid=297832&sip=0,mostbet,Mostbet,mostbet_assets,297832,True,Mostbet official website,True,,302 https://links-go9.top/mostbet_android → 302 https://65r08go.com/QFqF → 200 https://nvjnacmb.com/casino?registration=1&cid=8297204659&pid=297832&sip=0
mostbet5007.top,latest,external,https://links-go9.top/mostbet_ios,https://ijwdpnmb.com/casino?registration=1&cid=8297204703&pid=297832&sip=0,mostbet,Mostbet,mostbet_assets,297832,True,Mostbet official website,True,,302 https://links-go9.top/mostbet_ios → 302 https://65r08go.com/QFqF → 200 https://ijwdpnmb.com/casino?registration=1&cid=8297204703&pid=297832&sip=0
mostbet5007.top,latest,external,https://links-go9.top/mostbet_cr,https://ijwdpnmb.com/casino?registration=1&cid=8297204757&pid=297832&sip=0,mostbet,Mostbet,mostbet_assets,297832,True,Mostbet official website,True,,302 https://links-go9.top/mostbet_cr → 302 https://65r08go.com/QFqF → 200 https://ijwdpnmb.com/casino?registration=1&cid=8297204757&pid=297832&sip=0
mostbet5021.ru,latest,external,https://links-go9.top/mostbet,https://nvjnacmb.com/casino?registration=1&cid=8297204719&pid=297832&sip=0,mostbet,Mostbet,mostbet_assets,297832,True,Mostbet official website,True,,302 https://links-go9.top/mostbet → 302 https://65r08go.com/QFqF → 200 https://nvjnacmb.com/casino?registration=1&cid=8297204719&pid=297832&sip=0
mostbet5021.ru,latest,external,https://links-go9.top/mostbet_android,https://nvjnacmb.com/casino?registration=1&cid=8297204659&pid=297832&sip=0,mostbet,Mostbet,mostbet_assets,297832,True,Mostbet official website,True,,302 https://links-go9.top/mostbet_android → 302 https://65r08go.com/QFqF → 200 https://nvjnacmb.com/casino?registration=1&cid=8297204659&pid=297832&sip=0
mostbet5021.ru,latest,external,https://links-go9.top/mostbet_ios,https://ijwdpnmb.com/casino?registration=1&cid=8297204703&pid=297832&sip=0,mostbet,Mostbet,mostbet_assets,297832,True,Mostbet official website,True,,302 https://links-go9.top/mostbet_ios → 302 https://65r08go.com/QFqF → 200 https://ijwdpnmb.com/casino?registration=1&cid=8297204703&pid=297832&sip=0
mostbet5021.ru,latest,external,https://links-go9.top/mostbet_cr,https://ijwdpnmb.com/casino?registration=1&cid=8297204757&pid=297832&sip=0,mostbet,Mostbet,mostbet_assets,297832,True,Mostbet official website,True,,302 https://links-go9.top/mostbet_cr → 302 https://65r08go.com/QFqF → 200 https://ijwdpnmb.com/casino?registration=1&cid=8297204757&pid=297832&sip=0
mostbet5006.ru,latest,external,https://links-go9.top/mostbet,https://nvjnacmb.com/casino?registration=1&cid=8297204719&pid=297832&sip=0,mostbet,Mostbet,mostbet_assets,297832,True,Mostbet official website,True,,302 https://links-go9.top/mostbet → 302 https://65r08go.com/QFqF → 200 https://nvjnacmb.com/casino?registration=1&cid=8297204719&pid=297832&sip=0
mostbet5006.ru,latest,external,https://links-go9.top/mostbet_android,https://nvjnacmb.com/casino?registration=1&cid=8297204659&pid=297832&sip=0,mostbet,Mostbet,mostbet_assets,297832,True,Mostbet official website,True,,302 https://links-go9.top/mostbet_android → 302 https://65r08go.com/QFqF → 200 https://nvjnacmb.com/casino?registration=1&cid=8297204659&pid=297832&sip=0
mostbet5006.ru,latest,external,https://links-go9.top/mostbet_ios,https://ijwdpnmb.com/casino?registration=1&cid=8297204703&pid=297832&sip=0,mostbet,Mostbet,mostbet_assets,297832,True,Mostbet official website,True,,302 https://links-go9.top/mostbet_ios → 302 https://65r08go.com/QFqF → 200 https://ijwdpnmb.com/casino?registration=1&cid=8297204703&pid=297832&sip=0
mostbet5006.ru,latest,external,https://links-go9.top/mostbet_cr,https://ijwdpnmb.com/casino?registration=1&cid=8297204757&pid=297832&sip=0,mostbet,Mostbet,mostbet_assets,297832,True,Mostbet official website,True,,302 https://links-go9.top/mostbet_cr → 302 https://65r08go.com/QFqF → 200 https://ijwdpnmb.com/casino?registration=1&cid=8297204757&pid=297832&sip=0
mostbet6006.top,latest,external,https://links-go9.top/mostbet,https://nvjnacmb.com/casino?registration=1&cid=8297204719&pid=297832&sip=0,mostbet,Mostbet,mostbet_assets,297832,True,Mostbet official website,True,,302 https://links-go9.top/mostbet → 302 https://65r08go.com/QFqF → 200 https://nvjnacmb.com/casino?registration=1&cid=8297204719&pid=297832&sip=0
mostbet6006.top,latest,external,https://links-go9.top/mostbet_android,https://nvjnacmb.com/casino?registration=1&cid=8297204659&pid=297832&sip=0,mostbet,Mostbet,mostbet_assets,297832,True,Mostbet official website,True,,302 https://links-go9.top/mostbet_android → 302 https://65r08go.com/QFqF → 200 https://nvjnacmb.com/casino?registration=1&cid=8297204659&pid=297832&sip=0
mostbet6006.top,latest,external,https://links-go9.top/mostbet_ios,https://ijwdpnmb.com/casino?registration=1&cid=8297204703&pid=297832&sip=0,mostbet,Mostbet,mostbet_assets,297832,True,Mostbet official website,True,,302 https://links-go9.top/mostbet_ios → 302 https://65r08go.com/QFqF → 200 https://ijwdpnmb.com/casino?registration=1&cid=8297204703&pid=297832&sip=0
mostbet6006.top,latest,external,https://links-go9.top/mostbet_cr,https://ijwdpnmb.com/casino?registration=1&cid=8297204757&pid=297832&sip=0,mostbet,Mostbet,mostbet_assets,297832,True,Mostbet official website,True,,302 https://links-go9.top/mostbet_cr → 302 https://65r08go.com/QFqF → 200 https://ijwdpnmb.com/casino?registration=1&cid=8297204757&pid=297832&sip=0
mostbet5007.ru,latest,external,https://links-go9.top/mostbet,https://nvjnacmb.com/casino?registration=1&cid=8297204719&pid=297832&sip=0,mostbet,Mostbet,mostbet_assets,297832,True,Mostbet official website,True,,302 https://links-go9.top/mostbet → 302 https://65r08go.com/QFqF → 200 https://nvjnacmb.com/casino?registration=1&cid=8297204719&pid=297832&sip=0
mostbet5007.ru,latest,external,https://links-go9.top/mostbet_android,https://nvjnacmb.com/casino?registration=1&cid=8297204659&pid=297832&sip=0,mostbet,Mostbet,mostbet_assets,297832,True,Mostbet official website,True,,302 https://links-go9.top/mostbet_android → 302 https://65r08go.com/QFqF → 200 https://nvjnacmb.com/casino?registration=1&cid=8297204659&pid=297832&sip=0
mostbet5007.ru,latest,external,https://links-go9.top/mostbet_ios,https://ijwdpnmb.com/casino?registration=1&cid=8297204703&pid=297832&sip=0,mostbet,Mostbet,mostbet_assets,297832,True,Mostbet official website,True,,302 https://links-go9.top/mostbet_ios → 302 https://65r08go.com/QFqF → 200 https://ijwdpnmb.com/casino?registration=1&cid=8297204703&pid=297832&sip=0
mostbet5007.ru,latest,external,https://links-go9.top/mostbet_cr,https://ijwdpnmb.com/casino?registration=1&cid=8297204757&pid=297832&sip=0,mostbet,Mostbet,mostbet_assets,297832,True,Mostbet official website,True,,302 https://links-go9.top/mostbet_cr → 302 https://65r08go.com/QFqF → 200 https://ijwdpnmb.com/casino?registration=1&cid=8297204757&pid=297832&sip=0
mostbet6037.top,latest,external,https://links-go9.top/mostbet,https://nvjnacmb.com/casino?registration=1&cid=8297204719&pid=297832&sip=0,mostbet,Mostbet,mostbet_assets,297832,True,Mostbet official website,True,,302 https://links-go9.top/mostbet → 302 https://65r08go.com/QFqF → 200 https://nvjnacmb.com/casino?registration=1&cid=8297204719&pid=297832&sip=0
mostbet6037.top,latest,external,https://links-go9.top/mostbet_android,https://nvjnacmb.com/casino?registration=1&cid=8297204659&pid=297832&sip=0,mostbet,Mostbet,mostbet_assets,297832,True,Mostbet official website,True,,302 https://links-go9.top/mostbet_android → 302 https://65r08go.com/QFqF → 200 https://nvjnacmb.com/casino?registration=1&cid=8297204659&pid=297832&sip=0
mostbet6037.top,latest,external,https://links-go9.top/mostbet_ios,https://ijwdpnmb.com/casino?registration=1&cid=8297204703&pid=297832&sip=0,mostbet,Mostbet,mostbet_assets,297832,True,Mostbet official website,True,,302 https://links-go9.top/mostbet_ios → 302 https://65r08go.com/QFqF → 200 https://ijwdpnmb.com/casino?registration=1&cid=8297204703&pid=297832&sip=0
mostbet6037.top,latest,external,https://links-go9.top/mostbet_cr,https://ijwdpnmb.com/casino?registration=1&cid=8297204757&pid=297832&sip=0,mostbet,Mostbet,mostbet_assets,297832,True,Mostbet official website,True,,302 https://links-go9.top/mostbet_cr → 302 https://65r08go.com/QFqF → 200 https://ijwdpnmb.com/casino?registration=1&cid=8297204757&pid=297832&sip=0
mostbet5004.ru,latest,external,https://links-go9.top/mostbet,https://nvjnacmb.com/casino?registration=1&cid=8297204719&pid=297832&sip=0,mostbet,Mostbet,mostbet_assets,297832,True,Mostbet official website,True,,302 https://links-go9.top/mostbet → 302 https://65r08go.com/QFqF → 200 https://nvjnacmb.com/casino?registration=1&cid=8297204719&pid=297832&sip=0
mostbet5004.ru,latest,external,https://links-go9.top/mostbet_android,https://nvjnacmb.com/casino?registration=1&cid=8297204659&pid=297832&sip=0,mostbet,Mostbet,mostbet_assets,297832,True,Mostbet official website,True,,302 https://links-go9.top/mostbet_android → 302 https://65r08go.com/QFqF → 200 https://nvjnacmb.com/casino?registration=1&cid=8297204659&pid=297832&sip=0
mostbet5004.ru,latest,external,https://links-go9.top/mostbet_ios,https://ijwdpnmb.com/casino?registration=1&cid=8297204703&pid=297832&sip=0,mostbet,Mostbet,mostbet_assets,297832,True,Mostbet official website,True,,302 https://links-go9.top/mostbet_ios → 302 https://65r08go.com/QFqF → 200 https://ijwdpnmb.com/casino?registration=1&cid=8297204703&pid=297832&sip=0
mostbet5004.ru,latest,external,https://links-go9.top/mostbet_cr,https://ijwdpnmb.com/casino?registration=1&cid=8297204757&pid=297832&sip=0,mostbet,Mostbet,mostbet_assets,297832,True,Mostbet official website,True,,302 https://links-go9.top/mostbet_cr → 302 https://65r08go.com/QFqF → 200 https://ijwdpnmb.com/casino?registration=1&cid=8297204757&pid=297832&sip=0
mostbet6040.top,latest,external,https://links-go9.top/mostbet,https://nvjnacmb.com/casino?registration=1&cid=8297204719&pid=297832&sip=0,mostbet,Mostbet,mostbet_assets,297832,True,Mostbet official website,True,,302 https://links-go9.top/mostbet → 302 https://65r08go.com/QFqF → 200 https://nvjnacmb.com/casino?registration=1&cid=8297204719&pid=297832&sip=0
mostbet6040.top,latest,external,https://links-go9.top/mostbet_android,https://nvjnacmb.com/casino?registration=1&cid=8297204659&pid=297832&sip=0,mostbet,Mostbet,mostbet_assets,297832,True,Mostbet official website,True,,302 https://links-go9.top/mostbet_android → 302 https://65r08go.com/QFqF → 200 https://nvjnacmb.com/casino?registration=1&cid=8297204659&pid=297832&sip=0
mostbet6040.top,latest,external,https://links-go9.top/mostbet_ios,https://ijwdpnmb.com/casino?registration=1&cid=8297204703&pid=297832&sip=0,mostbet,Mostbet,mostbet_assets,297832,True,Mostbet official website,True,,302 https://links-go9.top/mostbet_ios → 302 https://65r08go.com/QFqF → 200 https://ijwdpnmb.com/casino?registration=1&cid=8297204703&pid=297832&sip=0
mostbet6040.top,latest,external,https://links-go9.top/mostbet_cr,https://ijwdpnmb.com/casino?registration=1&cid=8297204757&pid=297832&sip=0,mostbet,Mostbet,mostbet_assets,297832,True,Mostbet official website,True,,302 https://links-go9.top/mostbet_cr → 302 https://65r08go.com/QFqF → 200 https://ijwdpnmb.com/casino?registration=1&cid=8297204757&pid=297832&sip=0
mostbet6042.top,latest,external,https://links-go9.top/mostbet,https://nvjnacmb.com/casino?registration=1&cid=8297204719&pid=297832&sip=0,mostbet,Mostbet,mostbet_assets,297832,True,Mostbet official website,True,,302 https://links-go9.top/mostbet → 302 https://65r08go.com/QFqF → 200 https://nvjnacmb.com/casino?registration=1&cid=8297204719&pid=297832&sip=0
mostbet6042.top,latest,external,https://links-go9.top/mostbet_android,https://nvjnacmb.com/casino?registration=1&cid=8297204659&pid=297832&sip=0,mostbet,Mostbet,mostbet_assets,297832,True,Mostbet official website,True,,302 https://links-go9.top/mostbet_android → 302 https://65r08go.com/QFqF → 200 https://nvjnacmb.com/casino?registration=1&cid=8297204659&pid=297832&sip=0
mostbet6042.top,latest,external,https://links-go9.top/mostbet_ios,https://ijwdpnmb.com/casino?registration=1&cid=8297204703&pid=297832&sip=0,mostbet,Mostbet,mostbet_assets,297832,True,Mostbet official website,True,,302 https://links-go9.top/mostbet_ios → 302 https://65r08go.com/QFqF → 200 https://ijwdpnmb.com/casino?registration=1&cid=8297204703&pid=297832&sip=0
mostbet6042.top,latest,external,https://links-go9.top/mostbet_cr,https://ijwdpnmb.com/casino?registration=1&cid=8297204757&pid=297832&sip=0,mostbet,Mostbet,mostbet_assets,297832,True,Mostbet official website,True,,302 https://links-go9.top/mostbet_cr → 302 https://65r08go.com/QFqF → 200 https://ijwdpnmb.com/casino?registration=1&cid=8297204757&pid=297832&sip=0
mostbet6041.top,latest,external,https://links-go9.top/mostbet,https://nvjnacmb.com/casino?registration=1&cid=8297204719&pid=297832&sip=0,mostbet,Mostbet,mostbet_assets,297832,True,Mostbet official website,True,,302 https://links-go9.top/mostbet → 302 https://65r08go.com/QFqF → 200 https://nvjnacmb.com/casino?registration=1&cid=8297204719&pid=297832&sip=0
mostbet6041.top,latest,external,https://links-go9.top/mostbet_android,https://nvjnacmb.com/casino?registration=1&cid=8297204659&pid=297832&sip=0,mostbet,Mostbet,mostbet_assets,297832,True,Mostbet official website,True,,302 https://links-go9.top/mostbet_android → 302 https://65r08go.com/QFqF → 200 https://nvjnacmb.com/casino?registration=1&cid=8297204659&pid=297832&sip=0
mostbet6041.top,latest,external,https://links-go9.top/mostbet_ios,https://ijwdpnmb.com/casino?registration=1&cid=8297204703&pid=297832&sip=0,mostbet,Mostbet,mostbet_assets,297832,True,Mostbet official website,True,,302 https://links-go9.top/mostbet_ios → 302 https://65r08go.com/QFqF → 200 https://ijwdpnmb.com/casino?registration=1&cid=8297204703&pid=297832&sip=0
mostbet6041.top,latest,external,https://links-go9.top/mostbet_cr,https://ijwdpnmb.com/casino?registration=1&cid=8297204757&pid=297832&sip=0,mostbet,Mostbet,mostbet_assets,297832,True,Mostbet official website,True,,302 https://links-go9.top/mostbet_cr → 302 https://65r08go.com/QFqF → 200 https://ijwdpnmb.com/casino?registration=1&cid=8297204757&pid=297832&sip=0
mostbet6042.ru,latest,external,https://links-go9.top/mostbet,https://nvjnacmb.com/casino?registration=1&cid=8297204719&pid=297832&sip=0,mostbet,Mostbet,mostbet_assets,297832,True,Mostbet official website,True,,302 https://links-go9.top/mostbet → 302 https://65r08go.com/QFqF → 200 https://nvjnacmb.com/casino?registration=1&cid=8297204719&pid=297832&sip=0
mostbet6042.ru,latest,external,https://links-go9.top/mostbet_android,https://nvjnacmb.com/casino?registration=1&cid=8297204659&pid=297832&sip=0,mostbet,Mostbet,mostbet_assets,297832,True,Mostbet official website,True,,302 https://links-go9.top/mostbet_android → 302 https://65r08go.com/QFqF → 200 https://nvjnacmb.com/casino?registration=1&cid=8297204659&pid=297832&sip=0
mostbet6042.ru,latest,external,https://links-go9.top/mostbet_ios,https://ijwdpnmb.com/casino?registration=1&cid=8297204703&pid=297832&sip=0,mostbet,Mostbet,mostbet_assets,297832,True,Mostbet official website,True,,302 https://links-go9.top/mostbet_ios → 302 https://65r08go.com/QFqF → 200 https://ijwdpnmb.com/casino?registration=1&cid=8297204703&pid=297832&sip=0
mostbet6042.ru,latest,external,https://links-go9.top/mostbet_cr,https://ijwdpnmb.com/casino?registration=1&cid=8297204757&pid=297832&sip=0,mostbet,Mostbet,mostbet_assets,297832,True,Mostbet official website,True,,302 https://links-go9.top/mostbet_cr → 302 https://65r08go.com/QFqF → 200 https://ijwdpnmb.com/casino?registration=1&cid=8297204757&pid=297832&sip=0
mostbet6040.ru,latest,external,https://links-go9.top/mostbet,https://nvjnacmb.com/casino?registration=1&cid=8297204719&pid=297832&sip=0,mostbet,Mostbet,mostbet_assets,297832,True,Mostbet official website,True,,302 https://links-go9.top/mostbet → 302 https://65r08go.com/QFqF → 200 https://nvjnacmb.com/casino?registration=1&cid=8297204719&pid=297832&sip=0
mostbet6040.ru,latest,external,https://links-go9.top/mostbet_android,https://nvjnacmb.com/casino?registration=1&cid=8297204659&pid=297832&sip=0,mostbet,Mostbet,mostbet_assets,297832,True,Mostbet official website,True,,302 https://links-go9.top/mostbet_android → 302 https://65r08go.com/QFqF → 200 https://nvjnacmb.com/casino?registration=1&cid=8297204659&pid=297832&sip=0
mostbet6040.ru,latest,external,https://links-go9.top/mostbet_ios,https://ijwdpnmb.com/casino?registration=1&cid=8297204703&pid=297832&sip=0,mostbet,Mostbet,mostbet_assets,297832,True,Mostbet official website,True,,302 https://links-go9.top/mostbet_ios → 302 https://65r08go.com/QFqF → 200 https://ijwdpnmb.com/casino?registration=1&cid=8297204703&pid=297832&sip=0
mostbet6040.ru,latest,external,https://links-go9.top/mostbet_cr,https://ijwdpnmb.com/casino?registration=1&cid=8297204757&pid=297832&sip=0,mostbet,Mostbet,mostbet_assets,297832,True,Mostbet official website,True,,302 https://links-go9.top/mostbet_cr → 302 https://65r08go.com/QFqF → 200 https://ijwdpnmb.com/casino?registration=1&cid=8297204757&pid=297832&sip=0
mostbet6005.ru,latest,external,https://links-go9.top/mostbet,https://nvjnacmb.com/casino?registration=1&cid=8297204719&pid=297832&sip=0,mostbet,Mostbet,mostbet_assets,297832,True,Mostbet official website,True,,302 https://links-go9.top/mostbet → 302 https://65r08go.com/QFqF → 200 https://nvjnacmb.com/casino?registration=1&cid=8297204719&pid=297832&sip=0
mostbet6005.ru,latest,external,https://links-go9.top/mostbet_android,https://nvjnacmb.com/casino?registration=1&cid=8297204659&pid=297832&sip=0,mostbet,Mostbet,mostbet_assets,297832,True,Mostbet official website,True,,302 https://links-go9.top/mostbet_android → 302 https://65r08go.com/QFqF → 200 https://nvjnacmb.com/casino?registration=1&cid=8297204659&pid=297832&sip=0
mostbet6005.ru,latest,external,https://links-go9.top/mostbet_ios,https://ijwdpnmb.com/casino?registration=1&cid=8297204703&pid=297832&sip=0,mostbet,Mostbet,mostbet_assets,297832,True,Mostbet official website,True,,302 https://links-go9.top/mostbet_ios → 302 https://65r08go.com/QFqF → 200 https://ijwdpnmb.com/casino?registration=1&cid=8297204703&pid=297832&sip=0
mostbet6005.ru,latest,external,https://links-go9.top/mostbet_cr,https://ijwdpnmb.com/casino?registration=1&cid=8297204757&pid=297832&sip=0,mostbet,Mostbet,mostbet_assets,297832,True,Mostbet official website,True,,302 https://links-go9.top/mostbet_cr → 302 https://65r08go.com/QFqF → 200 https://ijwdpnmb.com/casino?registration=1&cid=8297204757&pid=297832&sip=0
mostbet6039.ru,latest,external,https://links-go9.top/mostbet,https://nvjnacmb.com/casino?registration=1&cid=8297204719&pid=297832&sip=0,mostbet,Mostbet,mostbet_assets,297832,True,Mostbet official website,True,,302 https://links-go9.top/mostbet → 302 https://65r08go.com/QFqF → 200 https://nvjnacmb.com/casino?registration=1&cid=8297204719&pid=297832&sip=0
mostbet6039.ru,latest,external,https://links-go9.top/mostbet_android,https://nvjnacmb.com/casino?registration=1&cid=8297204659&pid=297832&sip=0,mostbet,Mostbet,mostbet_assets,297832,True,Mostbet official website,True,,302 https://links-go9.top/mostbet_android → 302 https://65r08go.com/QFqF → 200 https://nvjnacmb.com/casino?registration=1&cid=8297204659&pid=297832&sip=0
mostbet6039.ru,latest,external,https://links-go9.top/mostbet_ios,https://ijwdpnmb.com/casino?registration=1&cid=8297204703&pid=297832&sip=0,mostbet,Mostbet,mostbet_assets,297832,True,Mostbet official website,True,,302 https://links-go9.top/mostbet_ios → 302 https://65r08go.com/QFqF → 200 https://ijwdpnmb.com/casino?registration=1&cid=8297204703&pid=297832&sip=0
mostbet6039.ru,latest,external,https://links-go9.top/mostbet_cr,https://ijwdpnmb.com/casino?registration=1&cid=8297204757&pid=297832&sip=0,mostbet,Mostbet,mostbet_assets,297832,True,Mostbet official website,True,,302 https://links-go9.top/mostbet_cr → 302 https://65r08go.com/QFqF → 200 https://ijwdpnmb.com/casino?registration=1&cid=8297204757&pid=297832&sip=0
mostbet6036.ru,latest,external,https://links-go9.top/mostbet,https://nvjnacmb.com/casino?registration=1&cid=8297204719&pid=297832&sip=0,mostbet,Mostbet,mostbet_assets,297832,True,Mostbet official website,True,,302 https://links-go9.top/mostbet → 302 https://65r08go.com/QFqF → 200 https://nvjnacmb.com/casino?registration=1&cid=8297204719&pid=297832&sip=0
mostbet6036.ru,latest,external,https://links-go9.top/mostbet_android,https://nvjnacmb.com/casino?registration=1&cid=8297204659&pid=297832&sip=0,mostbet,Mostbet,mostbet_assets,297832,True,Mostbet official website,True,,302 https://links-go9.top/mostbet_android → 302 https://65r08go.com/QFqF → 200 https://nvjnacmb.com/casino?registration=1&cid=8297204659&pid=297832&sip=0
mostbet6036.ru,latest,external,https://links-go9.top/mostbet_ios,https://ijwdpnmb.com/casino?registration=1&cid=8297204703&pid=297832&sip=0,mostbet,Mostbet,mostbet_assets,297832,True,Mostbet official website,True,,302 https://links-go9.top/mostbet_ios → 302 https://65r08go.com/QFqF → 200 https://ijwdpnmb.com/casino?registration=1&cid=8297204703&pid=297832&sip=0
mostbet6036.ru,latest,external,https://links-go9.top/mostbet_cr,https://ijwdpnmb.com/casino?registration=1&cid=8297204757&pid=297832&sip=0,mostbet,Mostbet,mostbet_assets,297832,True,Mostbet official website,True,,302 https://links-go9.top/mostbet_cr → 302 https://65r08go.com/QFqF → 200 https://ijwdpnmb.com/casino?registration=1&cid=8297204757&pid=297832&sip=0
mostbet7001.ru,latest,external,https://links-go9.top/mostbet,https://nvjnacmb.com/casino?registration=1&cid=8297204719&pid=297832&sip=0,mostbet,Mostbet,mostbet_assets,297832,True,Mostbet official website,True,,302 https://links-go9.top/mostbet → 302 https://65r08go.com/QFqF → 200 https://nvjnacmb.com/casino?registration=1&cid=8297204719&pid=297832&sip=0
mostbet7001.ru,latest,external,https://links-go9.top/mostbet_android,https://nvjnacmb.com/casino?registration=1&cid=8297204659&pid=297832&sip=0,mostbet,Mostbet,mostbet_assets,297832,True,Mostbet official website,True,,302 https://links-go9.top/mostbet_android → 302 https://65r08go.com/QFqF → 200 https://nvjnacmb.com/casino?registration=1&cid=8297204659&pid=297832&sip=0
mostbet7001.ru,latest,external,https://links-go9.top/mostbet_ios,https://ijwdpnmb.com/casino?registration=1&cid=8297204703&pid=297832&sip=0,mostbet,Mostbet,mostbet_assets,297832,True,Mostbet official website,True,,302 https://links-go9.top/mostbet_ios → 302 https://65r08go.com/QFqF → 200 https://ijwdpnmb.com/casino?registration=1&cid=8297204703&pid=297832&sip=0
mostbet7001.ru,latest,external,https://links-go9.top/mostbet_cr,https://ijwdpnmb.com/casino?registration=1&cid=8297204757&pid=297832&sip=0,mostbet,Mostbet,mostbet_assets,297832,True,Mostbet official website,True,,302 https://links-go9.top/mostbet_cr → 302 https://65r08go.com/QFqF → 200 https://ijwdpnmb.com/casino?registration=1&cid=8297204757&pid=297832&sip=0
mostbet6014.ru,latest,external,https://links-go9.top/mostbet,https://nvjnacmb.com/casino?registration=1&cid=8297204719&pid=297832&sip=0,mostbet,Mostbet,mostbet_assets,297832,True,Mostbet official website,True,,302 https://links-go9.top/mostbet → 302 https://65r08go.com/QFqF → 200 https://nvjnacmb.com/casino?registration=1&cid=8297204719&pid=297832&sip=0
mostbet6014.ru,latest,external,https://links-go9.top/mostbet_android,https://nvjnacmb.com/casino?registration=1&cid=8297204659&pid=297832&sip=0,mostbet,Mostbet,mostbet_assets,297832,True,Mostbet official website,True,,302 https://links-go9.top/mostbet_android → 302 https://65r08go.com/QFqF → 200 https://nvjnacmb.com/casino?registration=1&cid=8297204659&pid=297832&sip=0
mostbet6014.ru,latest,external,https://links-go9.top/mostbet_ios,https://ijwdpnmb.com/casino?registration=1&cid=8297204703&pid=297832&sip=0,mostbet,Mostbet,mostbet_assets,297832,True,Mostbet official website,True,,302 https://links-go9.top/mostbet_ios → 302 https://65r08go.com/QFqF → 200 https://ijwdpnmb.com/casino?registration=1&cid=8297204703&pid=297832&sip=0
mostbet6014.ru,latest,external,https://links-go9.top/mostbet_cr,https://ijwdpnmb.com/casino?registration=1&cid=8297204757&pid=297832&sip=0,mostbet,Mostbet,mostbet_assets,297832,True,Mostbet official website,True,,302 https://links-go9.top/mostbet_cr → 302 https://65r08go.com/QFqF → 200 https://ijwdpnmb.com/casino?registration=1&cid=8297204757&pid=297832&sip=0
mostbet7003.top,latest,external,https://links-go9.top/mostbet,https://nvjnacmb.com/casino?registration=1&cid=8297204719&pid=297832&sip=0,mostbet,Mostbet,mostbet_assets,297832,True,Mostbet official website,True,,302 https://links-go9.top/mostbet → 302 https://65r08go.com/QFqF → 200 https://nvjnacmb.com/casino?registration=1&cid=8297204719&pid=297832&sip=0
mostbet7003.top,latest,external,https://links-go9.top/mostbet_android,https://nvjnacmb.com/casino?registration=1&cid=8297204659&pid=297832&sip=0,mostbet,Mostbet,mostbet_assets,297832,True,Mostbet official website,True,,302 https://links-go9.top/mostbet_android → 302 https://65r08go.com/QFqF → 200 https://nvjnacmb.com/casino?registration=1&cid=8297204659&pid=297832&sip=0
mostbet7003.top,latest,external,https://links-go9.top/mostbet_ios,https://ijwdpnmb.com/casino?registration=1&cid=8297204703&pid=297832&sip=0,mostbet,Mostbet,mostbet_assets,297832,True,Mostbet official website,True,,302 https://links-go9.top/mostbet_ios → 302 https://65r08go.com/QFqF → 200 https://ijwdpnmb.com/casino?registration=1&cid=8297204703&pid=297832&sip=0
mostbet7003.top,latest,external,https://links-go9.top/mostbet_cr,https://ijwdpnmb.com/casino?registration=1&cid=8297204757&pid=297832&sip=0,mostbet,Mostbet,mostbet_assets,297832,True,Mostbet official website,True,,302 https://links-go9.top/mostbet_cr → 302 https://65r08go.com/QFqF → 200 https://ijwdpnmb.com/casino?registration=1&cid=8297204757&pid=297832&sip=0
mostbet7003.ru,latest,external,https://links-go9.top/mostbet,https://nvjnacmb.com/casino?registration=1&cid=8297204719&pid=297832&sip=0,mostbet,Mostbet,mostbet_assets,297832,True,Mostbet official website,True,,302 https://links-go9.top/mostbet → 302 https://65r08go.com/QFqF → 200 https://nvjnacmb.com/casino?registration=1&cid=8297204719&pid=297832&sip=0
mostbet7003.ru,latest,external,https://links-go9.top/mostbet_android,https://nvjnacmb.com/casino?registration=1&cid=8297204659&pid=297832&sip=0,mostbet,Mostbet,mostbet_assets,297832,True,Mostbet official website,True,,302 https://links-go9.top/mostbet_android → 302 https://65r08go.com/QFqF → 200 https://nvjnacmb.com/casino?registration=1&cid=8297204659&pid=297832&sip=0
mostbet7003.ru,latest,external,https://links-go9.top/mostbet_ios,https://ijwdpnmb.com/casino?registration=1&cid=8297204703&pid=297832&sip=0,mostbet,Mostbet,mostbet_assets,297832,True,Mostbet official website,True,,302 https://links-go9.top/mostbet_ios → 302 https://65r08go.com/QFqF → 200 https://ijwdpnmb.com/casino?registration=1&cid=8297204703&pid=297832&sip=0
mostbet7003.ru,latest,external,https://links-go9.top/mostbet_cr,https://ijwdpnmb.com/casino?registration=1&cid=8297204757&pid=297832&sip=0,mostbet,Mostbet,mostbet_assets,297832,True,Mostbet official website,True,,302 https://links-go9.top/mostbet_cr → 302 https://65r08go.com/QFqF → 200 https://ijwdpnmb.com/casino?registration=1&cid=8297204757&pid=297832&sip=0
mostbet7005.top,latest,external,https://links-go9.top/mostbet,https://nvjnacmb.com/casino?registration=1&cid=8297204719&pid=297832&sip=0,mostbet,Mostbet,mostbet_assets,297832,True,Mostbet official website,True,,302 https://links-go9.top/mostbet → 302 https://65r08go.com/QFqF → 200 https://nvjnacmb.com/casino?registration=1&cid=8297204719&pid=297832&sip=0
mostbet7005.top,latest,external,https://links-go9.top/mostbet_android,https://nvjnacmb.com/casino?registration=1&cid=8297204659&pid=297832&sip=0,mostbet,Mostbet,mostbet_assets,297832,True,Mostbet official website,True,,302 https://links-go9.top/mostbet_android → 302 https://65r08go.com/QFqF → 200 https://nvjnacmb.com/casino?registration=1&cid=8297204659&pid=297832&sip=0
mostbet7005.top,latest,external,https://links-go9.top/mostbet_ios,https://ijwdpnmb.com/casino?registration=1&cid=8297204703&pid=297832&sip=0,mostbet,Mostbet,mostbet_assets,297832,True,Mostbet official website,True,,302 https://links-go9.top/mostbet_ios → 302 https://65r08go.com/QFqF → 200 https://ijwdpnmb.com/casino?registration=1&cid=8297204703&pid=297832&sip=0
mostbet7005.top,latest,external,https://links-go9.top/mostbet_cr,https://ijwdpnmb.com/casino?registration=1&cid=8297204757&pid=297832&sip=0,mostbet,Mostbet,mostbet_assets,297832,True,Mostbet official website,True,,302 https://links-go9.top/mostbet_cr → 302 https://65r08go.com/QFqF → 200 https://ijwdpnmb.com/casino?registration=1&cid=8297204757&pid=297832&sip=0
mostbet6041.ru,latest,external,https://links-go9.top/mostbet,https://nvjnacmb.com/casino?registration=1&cid=8297204719&pid=297832&sip=0,mostbet,Mostbet,mostbet_assets,297832,True,Mostbet official website,True,,302 https://links-go9.top/mostbet → 302 https://65r08go.com/QFqF → 200 https://nvjnacmb.com/casino?registration=1&cid=8297204719&pid=297832&sip=0
mostbet6041.ru,latest,external,https://links-go9.top/mostbet_android,https://nvjnacmb.com/casino?registration=1&cid=8297204659&pid=297832&sip=0,mostbet,Mostbet,mostbet_assets,297832,True,Mostbet official website,True,,302 https://links-go9.top/mostbet_android → 302 https://65r08go.com/QFqF → 200 https://nvjnacmb.com/casino?registration=1&cid=8297204659&pid=297832&sip=0
mostbet6041.ru,latest,external,https://links-go9.top/mostbet_ios,https://ijwdpnmb.com/casino?registration=1&cid=8297204703&pid=297832&sip=0,mostbet,Mostbet,mostbet_assets,297832,True,Mostbet official website,True,,302 https://links-go9.top/mostbet_ios → 302 https://65r08go.com/QFqF → 200 https://ijwdpnmb.com/casino?registration=1&cid=8297204703&pid=297832&sip=0
mostbet6041.ru,latest,external,https://links-go9.top/mostbet_cr,https://ijwdpnmb.com/casino?registration=1&cid=8297204757&pid=297832&sip=0,mostbet,Mostbet,mostbet_assets,297832,True,Mostbet official website,True,,302 https://links-go9.top/mostbet_cr → 302 https://65r08go.com/QFqF → 200 https://ijwdpnmb.com/casino?registration=1&cid=8297204757&pid=297832&sip=0
mostbet7007.top,latest,external,https://links-go9.top/mostbet,https://nvjnacmb.com/casino?registration=1&cid=8297204719&pid=297832&sip=0,mostbet,Mostbet,mostbet_assets,297832,True,Mostbet official website,True,,302 https://links-go9.top/mostbet → 302 https://65r08go.com/QFqF → 200 https://nvjnacmb.com/casino?registration=1&cid=8297204719&pid=297832&sip=0
mostbet7007.top,latest,external,https://links-go9.top/mostbet_android,https://nvjnacmb.com/casino?registration=1&cid=8297204659&pid=297832&sip=0,mostbet,Mostbet,mostbet_assets,297832,True,Mostbet official website,True,,302 https://links-go9.top/mostbet_android → 302 https://65r08go.com/QFqF → 200 https://nvjnacmb.com/casino?registration=1&cid=8297204659&pid=297832&sip=0
mostbet7007.top,latest,external,https://links-go9.top/mostbet_ios,https://ijwdpnmb.com/casino?registration=1&cid=8297204703&pid=297832&sip=0,mostbet,Mostbet,mostbet_assets,297832,True,Mostbet official website,True,,302 https://links-go9.top/mostbet_ios → 302 https://65r08go.com/QFqF → 200 https://ijwdpnmb.com/casino?registration=1&cid=8297204703&pid=297832&sip=0
mostbet7007.top,latest,external,https://links-go9.top/mostbet_cr,https://ijwdpnmb.com/casino?registration=1&cid=8297204757&pid=297832&sip=0,mostbet,Mostbet,mostbet_assets,297832,True,Mostbet official website,True,,302 https://links-go9.top/mostbet_cr → 302 https://65r08go.com/QFqF → 200 https://ijwdpnmb.com/casino?registration=1&cid=8297204757&pid=297832&sip=0
mostbet7008.top,latest,external,https://links-go9.top/mostbet,https://nvjnacmb.com/casino?registration=1&cid=8297204719&pid=297832&sip=0,mostbet,Mostbet,mostbet_assets,297832,True,Mostbet official website,True,,302 https://links-go9.top/mostbet → 302 https://65r08go.com/QFqF → 200 https://nvjnacmb.com/casino?registration=1&cid=8297204719&pid=297832&sip=0
mostbet7008.top,latest,external,https://links-go9.top/mostbet_android,https://nvjnacmb.com/casino?registration=1&cid=8297204659&pid=297832&sip=0,mostbet,Mostbet,mostbet_assets,297832,True,Mostbet official website,True,,302 https://links-go9.top/mostbet_android → 302 https://65r08go.com/QFqF → 200 https://nvjnacmb.com/casino?registration=1&cid=8297204659&pid=297832&sip=0
mostbet7008.top,latest,external,https://links-go9.top/mostbet_ios,https://ijwdpnmb.com/casino?registration=1&cid=8297204703&pid=297832&sip=0,mostbet,Mostbet,mostbet_assets,297832,True,Mostbet official website,True,,302 https://links-go9.top/mostbet_ios → 302 https://65r08go.com/QFqF → 200 https://ijwdpnmb.com/casino?registration=1&cid=8297204703&pid=297832&sip=0
mostbet7008.top,latest,external,https://links-go9.top/mostbet_cr,https://ijwdpnmb.com/casino?registration=1&cid=8297204757&pid=297832&sip=0,mostbet,Mostbet,mostbet_assets,297832,True,Mostbet official website,True,,302 https://links-go9.top/mostbet_cr → 302 https://65r08go.com/QFqF → 200 https://ijwdpnmb.com/casino?registration=1&cid=8297204757&pid=297832&sip=0
mostbet633.ru,latest,home_redirect,https://mostbet633.ru/,https://mostbet-p3k.top/,mostbet,Mostbet,mostbet_assets,,True,,,,
mostbet666.ru,latest,home_redirect,https://mostbet666.ru/,https://mostbet667.top,mostbet,Mostbet,mostbet_assets,,True,,,,
mostbet7004.ru,latest,external,https://links-go9.top/mostbet,https://nvjnacmb.com/casino?registration=1&cid=8297204719&pid=297832&sip=0,mostbet,Mostbet,mostbet_assets,297832,True,Mostbet official website,True,,302 https://links-go9.top/mostbet → 302 https://65r08go.com/QFqF → 200 https://nvjnacmb.com/casino?registration=1&cid=8297204719&pid=297832&sip=0
mostbet7004.ru,latest,external,https://links-go9.top/mostbet_android,https://nvjnacmb.com/casino?registration=1&cid=8297204659&pid=297832&sip=0,mostbet,Mostbet,mostbet_assets,297832,True,Mostbet official website,True,,302 https://links-go9.top/mostbet_android → 302 https://65r08go.com/QFqF → 200 https://nvjnacmb.com/casino?registration=1&cid=8297204659&pid=297832&sip=0
mostbet7004.ru,latest,external,https://links-go9.top/mostbet_ios,https://ijwdpnmb.com/casino?registration=1&cid=8297204703&pid=297832&sip=0,mostbet,Mostbet,mostbet_assets,297832,True,Mostbet official website,True,,302 https://links-go9.top/mostbet_ios → 302 https://65r08go.com/QFqF → 200 https://ijwdpnmb.com/casino?registration=1&cid=8297204703&pid=297832&sip=0
mostbet7004.ru,latest,external,https://links-go9.top/mostbet_cr,https://ijwdpnmb.com/casino?registration=1&cid=8297204757&pid=297832&sip=0,mostbet,Mostbet,mostbet_assets,297832,True,Mostbet official website,True,,302 https://links-go9.top/mostbet_cr → 302 https://65r08go.com/QFqF → 200 https://ijwdpnmb.com/casino?registration=1&cid=8297204757&pid=297832&sip=0
mostbet7002.ru,latest,external,https://links-go9.top/mostbet,https://nvjnacmb.com/casino?registration=1&cid=8297204719&pid=297832&sip=0,mostbet,Mostbet,mostbet_assets,297832,True,Mostbet official website,True,,302 https://links-go9.top/mostbet → 302 https://65r08go.com/QFqF → 200 https://nvjnacmb.com/casino?registration=1&cid=8297204719&pid=297832&sip=0
mostbet7002.ru,latest,external,https://links-go9.top/mostbet_android,https://nvjnacmb.com/casino?registration=1&cid=8297204659&pid=297832&sip=0,mostbet,Mostbet,mostbet_assets,297832,True,Mostbet official website,True,,302 https://links-go9.top/mostbet_android → 302 https://65r08go.com/QFqF → 200 https://nvjnacmb.com/casino?registration=1&cid=8297204659&pid=297832&sip=0
mostbet7002.ru,latest,external,https://links-go9.top/mostbet_ios,https://ijwdpnmb.com/casino?registration=1&cid=8297204703&pid=297832&sip=0,mostbet,Mostbet,mostbet_assets,297832,True,Mostbet official website,True,,302 https://links-go9.top/mostbet_ios → 302 https://65r08go.com/QFqF → 200 https://ijwdpnmb.com/casino?registration=1&cid=8297204703&pid=297832&sip=0
mostbet7002.ru,latest,external,https://links-go9.top/mostbet_cr,https://ijwdpnmb.com/casino?registration=1&cid=8297204757&pid=297832&sip=0,mostbet,Mostbet,mostbet_assets,297832,True,Mostbet official website,True,,302 https://links-go9.top/mostbet_cr → 302 https://65r08go.com/QFqF → 200 https://ijwdpnmb.com/casino?registration=1&cid=8297204757&pid=297832&sip=0
mostbet7006.ru,latest,external,https://links-go9.top/mostbet,https://nvjnacmb.com/casino?registration=1&cid=8297204719&pid=297832&sip=0,mostbet,Mostbet,mostbet_assets,297832,True,Mostbet official website,True,,302 https://links-go9.top/mostbet → 302 https://65r08go.com/QFqF → 200 https://nvjnacmb.com/casino?registration=1&cid=8297204719&pid=297832&sip=0
mostbet7006.ru,latest,external,https://links-go9.top/mostbet_android,https://nvjnacmb.com/casino?registration=1&cid=8297204659&pid=297832&sip=0,mostbet,Mostbet,mostbet_assets,297832,True,Mostbet official website,True,,302 https://links-go9.top/mostbet_android → 302 https://65r08go.com/QFqF → 200 https://nvjnacmb.com/casino?registration=1&cid=8297204659&pid=297832&sip=0
mostbet7006.ru,latest,external,https://links-go9.top/mostbet_ios,https://ijwdpnmb.com/casino?registration=1&cid=8297204703&pid=297832&sip=0,mostbet,Mostbet,mostbet_assets,297832,True,Mostbet official website,True,,302 https://links-go9.top/mostbet_ios → 302 https://65r08go.com/QFqF → 200 https://ijwdpnmb.com/casino?registration=1&cid=8297204703&pid=297832&sip=0
mostbet7006.ru,latest,external,https://links-go9.top/mostbet_cr,https://ijwdpnmb.com/casino?registration=1&cid=8297204757&pid=297832&sip=0,mostbet,Mostbet,mostbet_assets,297832,True,Mostbet official website,True,,302 https://links-go9.top/mostbet_cr → 302 https://65r08go.com/QFqF → 200 https://ijwdpnmb.com/casino?registration=1&cid=8297204757&pid=297832&sip=0
mostbet7007.ru,latest,external,https://links-go9.top/mostbet,https://nvjnacmb.com/casino?registration=1&cid=8297204719&pid=297832&sip=0,mostbet,Mostbet,mostbet_assets,297832,True,Mostbet official website,True,,302 https://links-go9.top/mostbet → 302 https://65r08go.com/QFqF → 200 https://nvjnacmb.com/casino?registration=1&cid=8297204719&pid=297832&sip=0
mostbet7007.ru,latest,external,https://links-go9.top/mostbet_android,https://nvjnacmb.com/casino?registration=1&cid=8297204659&pid=297832&sip=0,mostbet,Mostbet,mostbet_assets,297832,True,Mostbet official website,True,,302 https://links-go9.top/mostbet_android → 302 https://65r08go.com/QFqF → 200 https://nvjnacmb.com/casino?registration=1&cid=8297204659&pid=297832&sip=0
mostbet7007.ru,latest,external,https://links-go9.top/mostbet_ios,https://ijwdpnmb.com/casino?registration=1&cid=8297204703&pid=297832&sip=0,mostbet,Mostbet,mostbet_assets,297832,True,Mostbet official website,True,,302 https://links-go9.top/mostbet_ios → 302 https://65r08go.com/QFqF → 200 https://ijwdpnmb.com/casino?registration=1&cid=8297204703&pid=297832&sip=0
mostbet7007.ru,latest,external,https://links-go9.top/mostbet_cr,https://ijwdpnmb.com/casino?registration=1&cid=8297204757&pid=297832&sip=0,mostbet,Mostbet,mostbet_assets,297832,True,Mostbet official website,True,,302 https://links-go9.top/mostbet_cr → 302 https://65r08go.com/QFqF → 200 https://ijwdpnmb.com/casino?registration=1&cid=8297204757&pid=297832&sip=0
mostbet8002.top,latest,external,https://links-go9.top/mostbet,https://nvjnacmb.com/casino?registration=1&cid=8297204719&pid=297832&sip=0,mostbet,Mostbet,mostbet_assets,297832,True,Mostbet official website,True,,302 https://links-go9.top/mostbet → 302 https://65r08go.com/QFqF → 200 https://nvjnacmb.com/casino?registration=1&cid=8297204719&pid=297832&sip=0
mostbet8002.top,latest,external,https://links-go9.top/mostbet_android,https://nvjnacmb.com/casino?registration=1&cid=8297204659&pid=297832&sip=0,mostbet,Mostbet,mostbet_assets,297832,True,Mostbet official website,True,,302 https://links-go9.top/mostbet_android → 302 https://65r08go.com/QFqF → 200 https://nvjnacmb.com/casino?registration=1&cid=8297204659&pid=297832&sip=0
mostbet8002.top,latest,external,https://links-go9.top/mostbet_ios,https://ijwdpnmb.com/casino?registration=1&cid=8297204703&pid=297832&sip=0,mostbet,Mostbet,mostbet_assets,297832,True,Mostbet official website,True,,302 https://links-go9.top/mostbet_ios → 302 https://65r08go.com/QFqF → 200 https://ijwdpnmb.com/casino?registration=1&cid=8297204703&pid=297832&sip=0
mostbet8002.top,latest,external,https://links-go9.top/mostbet_cr,https://ijwdpnmb.com/casino?registration=1&cid=8297204757&pid=297832&sip=0,mostbet,Mostbet,mostbet_assets,297832,True,Mostbet official website,True,,302 https://links-go9.top/mostbet_cr → 302 https://65r08go.com/QFqF → 200 https://ijwdpnmb.com/casino?registration=1&cid=8297204757&pid=297832&sip=0
mostbet777b82onus.xyz,latest,external,https://mostbet.partners/,,needs_browser,,http_undecided,,,,,,
mostbet750.ru,latest,home_redirect,https://mostbet750.ru/,https://mostbet-sp1.top/,mostbet,Mostbet,mostbet_assets,,True,,,,
mostbet87.top,latest,external,https://links-go9.top/mostbet_android,https://nvjnacmb.com/casino?registration=1&cid=8297204659&pid=297832&sip=0,mostbet,Mostbet,mostbet_assets,297832,True,Mostbet official website,True,,302 https://links-go9.top/mostbet_android → 302 https://65r08go.com/QFqF → 200 https://nvjnacmb.com/casino?registration=1&cid=8297204659&pid=297832&sip=0
mostbet87.top,latest,external,https://links-go9.top/mostbet_ios,https://ijwdpnmb.com/casino?registration=1&cid=8297204703&pid=297832&sip=0,mostbet,Mostbet,mostbet_assets,297832,True,Mostbet official website,True,,302 https://links-go9.top/mostbet_ios → 302 https://65r08go.com/QFqF → 200 https://ijwdpnmb.com/casino?registration=1&cid=8297204703&pid=297832&sip=0
mostbet87.top,latest,external,https://links-go9.top/mostbet,https://nvjnacmb.com/casino?registration=1&cid=8297204719&pid=297832&sip=0,mostbet,Mostbet,mostbet_assets,297832,True,Mostbet official website,True,,302 https://links-go9.top/mostbet → 302 https://65r08go.com/QFqF → 200 https://nvjnacmb.com/casino?registration=1&cid=8297204719&pid=297832&sip=0
mostbet87.top,latest,external,https://links-go9.top/mostbet_cr,https://ijwdpnmb.com/casino?registration=1&cid=8297204757&pid=297832&sip=0,mostbet,Mostbet,mostbet_assets,297832,True,Mostbet official website,True,,302 https://links-go9.top/mostbet_cr → 302 https://65r08go.com/QFqF → 200 https://ijwdpnmb.com/casino?registration=1&cid=8297204757&pid=297832&sip=0
mostbet777boy1nus.xyz,latest,external,https://mostbet.partners/,,needs_browser,,http_undecided,,,,,,
mostbet8003.top,latest,external,https://links-go9.top/mostbet,https://nvjnacmb.com/casino?registration=1&cid=8297204719&pid=297832&sip=0,mostbet,Mostbet,mostbet_assets,297832,True,Mostbet official website,True,,302 https://links-go9.top/mostbet → 302 https://65r08go.com/QFqF → 200 https://nvjnacmb.com/casino?registration=1&cid=8297204719&pid=297832&sip=0
mostbet8003.top,latest,external,https://links-go9.top/mostbet_android,https://nvjnacmb.com/casino?registration=1&cid=8297204659&pid=297832&sip=0,mostbet,Mostbet,mostbet_assets,297832,True,Mostbet official website,True,,302 https://links-go9.top/mostbet_android → 302 https://65r08go.com/QFqF → 200 https://nvjnacmb.com/casino?registration=1&cid=8297204659&pid=297832&sip=0
mostbet8003.top,latest,external,https://links-go9.top/mostbet_ios,https://ijwdpnmb.com/casino?registration=1&cid=8297204703&pid=297832&sip=0,mostbet,Mostbet,mostbet_assets,297832,True,Mostbet official website,True,,302 https://links-go9.top/mostbet_ios → 302 https://65r08go.com/QFqF → 200 https://ijwdpnmb.com/casino?registration=1&cid=8297204703&pid=297832&sip=0
mostbet8003.top,latest,external,https://links-go9.top/mostbet_cr,https://ijwdpnmb.com/casino?registration=1&cid=8297204757&pid=297832&sip=0,mostbet,Mostbet,mostbet_assets,297832,True,Mostbet official website,True,,302 https://links-go9.top/mostbet_cr → 302 https://65r08go.com/QFqF → 200 https://ijwdpnmb.com/casino?registration=1&cid=8297204757&pid=297832&sip=0
mostbet8004.top,latest,external,https://links-go9.top/mostbet,https://nvjnacmb.com/casino?registration=1&cid=8297204719&pid=297832&sip=0,mostbet,Mostbet,mostbet_assets,297832,True,Mostbet official website,True,,302 https://links-go9.top/mostbet → 302 https://65r08go.com/QFqF → 200 https://nvjnacmb.com/casino?registration=1&cid=8297204719&pid=297832&sip=0
mostbet8004.top,latest,external,https://links-go9.top/mostbet_android,https://nvjnacmb.com/casino?registration=1&cid=8297204659&pid=297832&sip=0,mostbet,Mostbet,mostbet_assets,297832,True,Mostbet official website,True,,302 https://links-go9.top/mostbet_android → 302 https://65r08go.com/QFqF → 200 https://nvjnacmb.com/casino?registration=1&cid=8297204659&pid=297832&sip=0
mostbet8004.top,latest,external,https://links-go9.top/mostbet_ios,https://ijwdpnmb.com/casino?registration=1&cid=8297204703&pid=297832&sip=0,mostbet,Mostbet,mostbet_assets,297832,True,Mostbet official website,True,,302 https://links-go9.top/mostbet_ios → 302 https://65r08go.com/QFqF → 200 https://ijwdpnmb.com/casino?registration=1&cid=8297204703&pid=297832&sip=0
mostbet8004.top,latest,external,https://links-go9.top/mostbet_cr,https://ijwdpnmb.com/casino?registration=1&cid=8297204757&pid=297832&sip=0,mostbet,Mostbet,mostbet_assets,297832,True,Mostbet official website,True,,302 https://links-go9.top/mostbet_cr → 302 https://65r08go.com/QFqF → 200 https://ijwdpnmb.com/casino?registration=1&cid=8297204757&pid=297832&sip=0
mostbet8007.top,latest,external,https://links-go9.top/mostbet,https://nvjnacmb.com/casino?registration=1&cid=8297204719&pid=297832&sip=0,mostbet,Mostbet,mostbet_assets,297832,True,Mostbet official website,True,,302 https://links-go9.top/mostbet → 302 https://65r08go.com/QFqF → 200 https://nvjnacmb.com/casino?registration=1&cid=8297204719&pid=297832&sip=0
mostbet8007.top,latest,external,https://links-go9.top/mostbet_android,https://nvjnacmb.com/casino?registration=1&cid=8297204659&pid=297832&sip=0,mostbet,Mostbet,mostbet_assets,297832,True,Mostbet official website,True,,302 https://links-go9.top/mostbet_android → 302 https://65r08go.com/QFqF → 200 https://nvjnacmb.com/casino?registration=1&cid=8297204659&pid=297832&sip=0
mostbet8007.top,latest,external,https://links-go9.top/mostbet_ios,https://ijwdpnmb.com/casino?registration=1&cid=8297204703&pid=297832&sip=0,mostbet,Mostbet,mostbet_assets,297832,True,Mostbet official website,True,,302 https://links-go9.top/mostbet_ios → 302 https://65r08go.com/QFqF → 200 https://ijwdpnmb.com/casino?registration=1&cid=8297204703&pid=297832&sip=0
mostbet8007.top,latest,external,https://links-go9.top/mostbet_cr,https://ijwdpnmb.com/casino?registration=1&cid=8297204757&pid=297832&sip=0,mostbet,Mostbet,mostbet_assets,297832,True,Mostbet official website,True,,302 https://links-go9.top/mostbet_cr → 302 https://65r08go.com/QFqF → 200 https://ijwdpnmb.com/casino?registration=1&cid=8297204757&pid=297832&sip=0
mostbet8001.ru,latest,external,https://links-go9.top/mostbet,https://nvjnacmb.com/casino?registration=1&cid=8297204719&pid=297832&sip=0,mostbet,Mostbet,mostbet_assets,297832,True,Mostbet official website,True,,302 https://links-go9.top/mostbet → 302 https://65r08go.com/QFqF → 200 https://nvjnacmb.com/casino?registration=1&cid=8297204719&pid=297832&sip=0
mostbet8001.ru,latest,external,https://links-go9.top/mostbet_android,https://nvjnacmb.com/casino?registration=1&cid=8297204659&pid=297832&sip=0,mostbet,Mostbet,mostbet_assets,297832,True,Mostbet official website,True,,302 https://links-go9.top/mostbet_android → 302 https://65r08go.com/QFqF → 200 https://nvjnacmb.com/casino?registration=1&cid=8297204659&pid=297832&sip=0
mostbet8001.ru,latest,external,https://links-go9.top/mostbet_ios,https://ijwdpnmb.com/casino?registration=1&cid=8297204703&pid=297832&sip=0,mostbet,Mostbet,mostbet_assets,297832,True,Mostbet official website,True,,302 https://links-go9.top/mostbet_ios → 302 https://65r08go.com/QFqF → 200 https://ijwdpnmb.com/casino?registration=1&cid=8297204703&pid=297832&sip=0
mostbet8001.ru,latest,external,https://links-go9.top/mostbet_cr,https://ijwdpnmb.com/casino?registration=1&cid=8297204757&pid=297832&sip=0,mostbet,Mostbet,mostbet_assets,297832,True,Mostbet official website,True,,302 https://links-go9.top/mostbet_cr → 302 https://65r08go.com/QFqF → 200 https://ijwdpnmb.com/casino?registration=1&cid=8297204757&pid=297832&sip=0
mostbet8002.ru,latest,external,https://links-go9.top/mostbet,https://nvjnacmb.com/casino?registration=1&cid=8297204719&pid=297832&sip=0,mostbet,Mostbet,mostbet_assets,297832,True,Mostbet official website,True,,302 https://links-go9.top/mostbet → 302 https://65r08go.com/QFqF → 200 https://nvjnacmb.com/casino?registration=1&cid=8297204719&pid=297832&sip=0
mostbet8002.ru,latest,external,https://links-go9.top/mostbet_android,https://nvjnacmb.com/casino?registration=1&cid=8297204659&pid=297832&sip=0,mostbet,Mostbet,mostbet_assets,297832,True,Mostbet official website,True,,302 https://links-go9.top/mostbet_android → 302 https://65r08go.com/QFqF → 200 https://nvjnacmb.com/casino?registration=1&cid=8297204659&pid=297832&sip=0
mostbet8002.ru,latest,external,https://links-go9.top/mostbet_ios,https://ijwdpnmb.com/casino?registration=1&cid=8297204703&pid=297832&sip=0,mostbet,Mostbet,mostbet_assets,297832,True,Mostbet official website,True,,302 https://links-go9.top/mostbet_ios → 302 https://65r08go.com/QFqF → 200 https://ijwdpnmb.com/casino?registration=1&cid=8297204703&pid=297832&sip=0
mostbet8002.ru,latest,external,https://links-go9.top/mostbet_cr,https://ijwdpnmb.com/casino?registration=1&cid=8297204757&pid=297832&sip=0,mostbet,Mostbet,mostbet_assets,297832,True,Mostbet official website,True,,302 https://links-go9.top/mostbet_cr → 302 https://65r08go.com/QFqF → 200 https://ijwdpnmb.com/casino?registration=1&cid=8297204757&pid=297832&sip=0
mostbet895-rox.top,latest,external,https://links-go9.top/mostbet_android,https://nvjnacmb.com/casino?registration=1&cid=8297204659&pid=297832&sip=0,mostbet,Mostbet,mostbet_assets,297832,True,Mostbet official website,True,,302 https://links-go9.top/mostbet_android → 302 https://65r08go.com/QFqF → 200 https://nvjnacmb.com/casino?registration=1&cid=8297204659&pid=297832&sip=0
mostbet895-rox.top,latest,external,https://links-go9.top/mostbet_ios,https://ijwdpnmb.com/casino?registration=1&cid=8297204703&pid=297832&sip=0,mostbet,Mostbet,mostbet_assets,297832,True,Mostbet official website,True,,302 https://links-go9.top/mostbet_ios → 302 https://65r08go.com/QFqF → 200 https://ijwdpnmb.com/casino?registration=1&cid=8297204703&pid=297832&sip=0
mostbet895-rox.top,latest,external,https://links-go9.top/mostbet,https://nvjnacmb.com/casino?registration=1&cid=8297204719&pid=297832&sip=0,mostbet,Mostbet,mostbet_assets,297832,True,Mostbet official website,True,,302 https://links-go9.top/mostbet → 302 https://65r08go.com/QFqF → 200 https://nvjnacmb.com/casino?registration=1&cid=8297204719&pid=297832&sip=0
mostbet895-rox.top,latest,external,https://links-go9.top/mostbet_cr,https://ijwdpnmb.com/casino?registration=1&cid=8297204757&pid=297832&sip=0,mostbet,Mostbet,mostbet_assets,297832,True,Mostbet official website,True,,302 https://links-go9.top/mostbet_cr → 302 https://65r08go.com/QFqF → 200 https://ijwdpnmb.com/casino?registration=1&cid=8297204757&pid=297832&sip=0
mostbet993-golden.ru,latest,external,https://links-go9.top/mostbet_android,https://nvjnacmb.com/casino?registration=1&cid=8297204659&pid=297832&sip=0,mostbet,Mostbet,mostbet_assets,297832,True,Mostbet official website,True,,302 https://links-go9.top/mostbet_android → 302 https://65r08go.com/QFqF → 200 https://nvjnacmb.com/casino?registration=1&cid=8297204659&pid=297832&sip=0
mostbet993-golden.ru,latest,external,https://links-go9.top/mostbet_ios,https://ijwdpnmb.com/casino?registration=1&cid=8297204703&pid=297832&sip=0,mostbet,Mostbet,mostbet_assets,297832,True,Mostbet official website,True,,302 https://links-go9.top/mostbet_ios → 302 https://65r08go.com/QFqF → 200 https://ijwdpnmb.com/casino?registration=1&cid=8297204703&pid=297832&sip=0
mostbet993-golden.ru,latest,external,https://links-go9.top/mostbet,https://nvjnacmb.com/casino?registration=1&cid=8297204719&pid=297832&sip=0,mostbet,Mostbet,mostbet_assets,297832,True,Mostbet official website,True,,302 https://links-go9.top/mostbet → 302 https://65r08go.com/QFqF → 200 https://nvjnacmb.com/casino?registration=1&cid=8297204719&pid=297832&sip=0
mostbet993-golden.ru,latest,external,https://links-go9.top/mostbet_cr,https://ijwdpnmb.com/casino?registration=1&cid=8297204757&pid=297832&sip=0,mostbet,Mostbet,mostbet_assets,297832,True,Mostbet official website,True,,302 https://links-go9.top/mostbet_cr → 302 https://65r08go.com/QFqF → 200 https://ijwdpnmb.com/casino?registration=1&cid=8297204757&pid=297832&sip=0
mostbet86.top,latest,home_redirect,https://mostbet86.top/,https://mostbet87.top/,mostbet,Mostbet,mostbet_assets,,True,,,,
mostbet894-rox.top,latest,home_redirect,https://mostbet894-rox.top/,https://mostbet895-rox.top,mostbet,Mostbet,mostbet_assets,,True,,,,
mostbet86.ru,latest,home_redirect,https://mostbet86.ru/,https://mostbet87.top/,mostbet,Mostbet,mostbet_assets,,True,,,,
mostbet8003.ru,latest,external,https://links-go9.top/mostbet,https://nvjnacmb.com/casino?registration=1&cid=8297204719&pid=297832&sip=0,mostbet,Mostbet,mostbet_assets,297832,True,Mostbet official website,True,,302 https://links-go9.top/mostbet → 302 https://65r08go.com/QFqF → 200 https://nvjnacmb.com/casino?registration=1&cid=8297204719&pid=297832&sip=0
mostbet8003.ru,latest,external,https://links-go9.top/mostbet_android,https://nvjnacmb.com/casino?registration=1&cid=8297204659&pid=297832&sip=0,mostbet,Mostbet,mostbet_assets,297832,True,Mostbet official website,True,,302 https://links-go9.top/mostbet_android → 302 https://65r08go.com/QFqF → 200 https://nvjnacmb.com/casino?registration=1&cid=8297204659&pid=297832&sip=0
mostbet8003.ru,latest,external,https://links-go9.top/mostbet_ios,https://ijwdpnmb.com/casino?registration=1&cid=8297204703&pid=297832&sip=0,mostbet,Mostbet,mostbet_assets,297832,True,Mostbet official website,True,,302 https://links-go9.top/mostbet_ios → 302 https://65r08go.com/QFqF → 200 https://ijwdpnmb.com/casino?registration=1&cid=8297204703&pid=297832&sip=0
mostbet8003.ru,latest,external,https://links-go9.top/mostbet_cr,https://ijwdpnmb.com/casino?registration=1&cid=8297204757&pid=297832&sip=0,mostbet,Mostbet,mostbet_assets,297832,True,Mostbet official website,True,,302 https://links-go9.top/mostbet_cr → 302 https://65r08go.com/QFqF → 200 https://ijwdpnmb.com/casino?registration=1&cid=8297204757&pid=297832&sip=0
mostbet7975.buzz,latest,external,https://mostbet.partners/,,needs_browser,,http_undecided,,,,,,
mostbet984-cazzino.ru,latest,home_redirect,https://mostbet984-cazzino.ru/,https://mostbet-casino-k0n.top/,mostbet,Mostbet,mostbet_assets,,True,,,,
mostbet8006.ru,latest,external,https://links-go9.top/mostbet,https://nvjnacmb.com/casino?registration=1&cid=8297204719&pid=297832&sip=0,mostbet,Mostbet,mostbet_assets,297832,True,Mostbet official website,True,,302 https://links-go9.top/mostbet → 302 https://65r08go.com/QFqF → 200 https://nvjnacmb.com/casino?registration=1&cid=8297204719&pid=297832&sip=0
mostbet8006.ru,latest,external,https://links-go9.top/mostbet_android,https://nvjnacmb.com/casino?registration=1&cid=8297204659&pid=297832&sip=0,mostbet,Mostbet,mostbet_assets,297832,True,Mostbet official website,True,,302 https://links-go9.top/mostbet_android → 302 https://65r08go.com/QFqF → 200 https://nvjnacmb.com/casino?registration=1&cid=8297204659&pid=297832&sip=0
mostbet8006.ru,latest,external,https://links-go9.top/mostbet_ios,https://ijwdpnmb.com/casino?registration=1&cid=8297204703&pid=297832&sip=0,mostbet,Mostbet,mostbet_assets,297832,True,Mostbet official website,True,,302 https://links-go9.top/mostbet_ios → 302 https://65r08go.com/QFqF → 200 https://ijwdpnmb.com/casino?registration=1&cid=8297204703&pid=297832&sip=0
mostbet8006.ru,latest,external,https://links-go9.top/mostbet_cr,https://ijwdpnmb.com/casino?registration=1&cid=8297204757&pid=297832&sip=0,mostbet,Mostbet,mostbet_assets,297832,True,Mostbet official website,True,,302 https://links-go9.top/mostbet_cr → 302 https://65r08go.com/QFqF → 200 https://ijwdpnmb.com/casino?registration=1&cid=8297204757&pid=297832&sip=0
mostbet893-rox.ru,latest,home_redirect,https://mostbet893-rox.ru/,https://mostbet895-rox.top,mostbet,Mostbet,mostbet_assets,,True,,,,
mostbeta9.xyz,latest,external,https://mostbet.partners/,,needs_browser,,http_undecided,,,,,,
mostbet77.ru,latest,home_redirect,https://mostbet77.ru/,https://mostbet-w11s.top,mostbet,Mostbet,mostbet_assets,,True,,,,
mostbetamp10.xyz,latest,external,https://mostbet.partners/,,needs_browser,,http_undecided,,,,,,
mostbetamp1.xyz,latest,external,https://mostbet.partners/,,needs_browser,,http_undecided,,,,,,
mostbetamp3.xyz,latest,external,https://mostbet.partners/,,needs_browser,,http_undecided,,,,,,
mostbetamp7.xyz,latest,external,https://mostbet.partners/,,needs_browser,,http_undecided,,,,,,
mostbetamp2.xyz,latest,external,https://mostbet.partners/,,needs_browser,,http_undecided,,,,,,
mostbeta10.top,latest,external,https://mostbet.partners/,,needs_browser,,http_undecided,,,,,,
mostbeta12.top,latest,external,https://mostbet.partners/,,needs_browser,,http_undecided,,,,,,
mostbetamp9.xyz,latest,external,https://mostbet.partners/,,needs_browser,,http_undecided,,,,,,
mostbetamp8.xyz,latest,external,https://mostbet.partners/,,needs_browser,,http_undecided,,,,,,
mostbetamp6.xyz,latest,external,https://mostbet.partners/,,needs_browser,,http_undecided,,,,,,
mostbetamp5.xyz,latest,external,https://mostbet.partners/,,needs_browser,,http_undecided,,,,,,
mostbet.hu.net,latest,js:script_url,https://signup-page.com/NJytTx,,needs_browser,,http_undecided,,,,,,
mostbetaposta.com,latest,internal_redirect_like,https://mostbetaposta.com/go/main,https://uksyxemb.com/pregame?cid=8297211253&pid=9550&sip=0,mostbet,Mostbet,mostbet_assets,9550,True,Mostbet official website,,,302 https://mostbetaposta.com/go/main → 302 https://vs66cd75semb.com/dAhs?sub1=38l6ghi1n83d5 → 200 https://uksyxemb.com/pregame?cid=8297211253&pid=9550&sip=0
mostbetazplay.ru,latest,external,https://links-go9.top/mostbet_android,https://nvjnacmb.com/casino?registration=1&cid=8297204659&pid=297832&sip=0,mostbet,Mostbet,mostbet_assets,297832,True,Mostbet official website,True,,302 https://links-go9.top/mostbet_android → 302 https://65r08go.com/QFqF → 200 https://nvjnacmb.com/casino?registration=1&cid=8297204659&pid=297832&sip=0
mostbetazplay.ru,latest,external,https://links-go9.top/mostbet_ios,https://ijwdpnmb.com/casino?registration=1&cid=8297204703&pid=297832&sip=0,mostbet,Mostbet,mostbet_assets,297832,True,Mostbet official website,True,,302 https://links-go9.top/mostbet_ios → 302 https://65r08go.com/QFqF → 200 https://ijwdpnmb.com/casino?registration=1&cid=8297204703&pid=297832&sip=0
mostbetazplay.ru,latest,external,https://links-go9.top/mostbet,https://nvjnacmb.com/casino?registration=1&cid=8297204719&pid=297832&sip=0,mostbet,Mostbet,mostbet_assets,297832,True,Mostbet official website,True,,302 https://links-go9.top/mostbet → 302 https://65r08go.com/QFqF → 200 https://nvjnacmb.com/casino?registration=1&cid=8297204719&pid=297832&sip=0
mostbetazplay.ru,latest,external,https://links-go9.top/mostbet_cr,https://ijwdpnmb.com/casino?registration=1&cid=8297204757&pid=297832&sip=0,mostbet,Mostbet,mostbet_assets,297832,True,Mostbet official website,True,,302 https://links-go9.top/mostbet_cr → 302 https://65r08go.com/QFqF → 200 https://ijwdpnmb.com/casino?registration=1&cid=8297204757&pid=297832&sip=0
mostbetbad1.top,latest,external,https://links-go9.top/mostbet_android,https://nvjnacmb.com/casino?registration=1&cid=8297204659&pid=297832&sip=0,mostbet,Mostbet,mostbet_assets,297832,True,Mostbet official website,True,,302 https://links-go9.top/mostbet_android → 302 https://65r08go.com/QFqF → 200 https://nvjnacmb.com/casino?registration=1&cid=8297204659&pid=297832&sip=0
mostbetbad1.top,latest,external,https://links-go9.top/mostbet_ios,https://ijwdpnmb.com/casino?registration=1&cid=8297204703&pid=297832&sip=0,mostbet,Mostbet,mostbet_assets,297832,True,Mostbet official website,True,,302 https://links-go9.top/mostbet_ios → 302 https://65r08go.com/QFqF → 200 https://ijwdpnmb.com/casino?registration=1&cid=8297204703&pid=297832&sip=0
mostbetbad1.top,latest,external,https://links-go9.top/mostbet,https://nvjnacmb.com/casino?registration=1&cid=8297204719&pid=297832&sip=0,mostbet,Mostbet,mostbet_assets,297832,True,Mostbet official website,True,,302 https://links-go9.top/mostbet → 302 https://65r08go.com/QFqF → 200 https://nvjnacmb.com/casino?registration=1&cid=8297204719&pid=297832&sip=0
mostbetbad1.top,latest,external,https://links-go9.top/mostbet_cr,https://ijwdpnmb.com/casino?registration=1&cid=8297204757&pid=297832&sip=0,mostbet,Mostbet,mostbet_assets,297832,True,Mostbet official website,True,,302 https://links-go9.top/mostbet_cr → 302 https://65r08go.com/QFqF → 200 https://ijwdpnmb.com/casino?registration=1&cid=8297204757&pid=297832&sip=0
mostbetaussie.com,latest,internal_redirect_like,https://mostbetaussie.com/go,,needs_browser,,http_undecided,,,,,,
mostbet1-indian.com,latest,js:data-decoded-text:b64,https://link.mostbet1.in/6uxtTqS,,needs_browser,,http_undecided,,,,,,
mostbet1-indian.com,latest,js:form,https://mostbet1-indian.com/wp-comments-post.php,,needs_browser,,http_undecided,,,,,,
mostbet1-indian.com,latest,external,https://mostbet1-bd.com/,https://mostbet-bd.us.com/,mostbet,Mostbet,name_only_weak,,True,Mostbet BD - Official Online Casino & Sports Betting Website in Bangladesh,,,301 https://mostbet1-bd.com/ → 200 https://mostbet-bd.us.com/
mostbet1-indian.com,latest,external,https://www.livecasinocomparer.com/online-casino/mostbet-review/,https://www.livecasinocomparer.com/online-casino/mostbet-review/,brand_site,Mostbet,name_only_weak,,False,Mostbet Casino Review (September 2026): Get an Exclusive Bonus,,,200 https://www.livecasinocomparer.com/online-casino/mostbet-review/
mostbetbad.ru,latest,home_redirect,https://mostbetbad.ru/,https://mostbetbad1.top,mostbet,Mostbet,mostbet_assets,,True,,,,
mostbetbad.top,latest,home_redirect,https://mostbetbad.top/,https://mostbetbad1.top,mostbet,Mostbet,mostbet_assets,,True,,,,
mostbetbaking-reg.top,latest,external,https://links-go9.top/mostbet_android,https://nvjnacmb.com/casino?registration=1&cid=8297204659&pid=297832&sip=0,mostbet,Mostbet,mostbet_assets,297832,True,Mostbet official website,True,,302 https://links-go9.top/mostbet_android → 302 https://65r08go.com/QFqF → 200 https://nvjnacmb.com/casino?registration=1&cid=8297204659&pid=297832&sip=0
mostbetbaking-reg.top,latest,external,https://links-go9.top/mostbet_ios,https://ijwdpnmb.com/casino?registration=1&cid=8297204703&pid=297832&sip=0,mostbet,Mostbet,mostbet_assets,297832,True,Mostbet official website,True,,302 https://links-go9.top/mostbet_ios → 302 https://65r08go.com/QFqF → 200 https://ijwdpnmb.com/casino?registration=1&cid=8297204703&pid=297832&sip=0
mostbetbaking-reg.top,latest,external,https://links-go9.top/mostbet,https://nvjnacmb.com/casino?registration=1&cid=8297204719&pid=297832&sip=0,mostbet,Mostbet,mostbet_assets,297832,True,Mostbet official website,True,,302 https://links-go9.top/mostbet → 302 https://65r08go.com/QFqF → 200 https://nvjnacmb.com/casino?registration=1&cid=8297204719&pid=297832&sip=0
mostbetbaking-reg.top,latest,external,https://links-go9.top/mostbet_cr,https://ijwdpnmb.com/casino?registration=1&cid=8297204757&pid=297832&sip=0,mostbet,Mostbet,mostbet_assets,297832,True,Mostbet official website,True,,302 https://links-go9.top/mostbet_cr → 302 https://65r08go.com/QFqF → 200 https://ijwdpnmb.com/casino?registration=1&cid=8297204757&pid=297832&sip=0
mostbetbaking-reg.ru,latest,home_redirect,https://mostbetbaking-reg.ru/,https://mostbetbaking-reg.top/,mostbet,Mostbet,mostbet_assets,,True,,,,
mostbetbasket.ru,latest,external,https://links-go9.top/mostbet_android,https://nvjnacmb.com/casino?registration=1&cid=8297204659&pid=297832&sip=0,mostbet,Mostbet,mostbet_assets,297832,True,Mostbet official website,True,,302 https://links-go9.top/mostbet_android → 302 https://65r08go.com/QFqF → 200 https://nvjnacmb.com/casino?registration=1&cid=8297204659&pid=297832&sip=0
mostbetbasket.ru,latest,external,https://links-go9.top/mostbet_ios,https://ijwdpnmb.com/casino?registration=1&cid=8297204703&pid=297832&sip=0,mostbet,Mostbet,mostbet_assets,297832,True,Mostbet official website,True,,302 https://links-go9.top/mostbet_ios → 302 https://65r08go.com/QFqF → 200 https://ijwdpnmb.com/casino?registration=1&cid=8297204703&pid=297832&sip=0
mostbetbasket.ru,latest,external,https://links-go9.top/mostbet,https://nvjnacmb.com/casino?registration=1&cid=8297204719&pid=297832&sip=0,mostbet,Mostbet,mostbet_assets,297832,True,Mostbet official website,True,,302 https://links-go9.top/mostbet → 302 https://65r08go.com/QFqF → 200 https://nvjnacmb.com/casino?registration=1&cid=8297204719&pid=297832&sip=0
mostbetbasket.ru,latest,external,https://links-go9.top/mostbet_cr,https://ijwdpnmb.com/casino?registration=1&cid=8297204757&pid=297832&sip=0,mostbet,Mostbet,mostbet_assets,297832,True,Mostbet official website,True,,302 https://links-go9.top/mostbet_cr → 302 https://65r08go.com/QFqF → 200 https://ijwdpnmb.com/casino?registration=1&cid=8297204757&pid=297832&sip=0
mostbetbest.ru,latest,external,https://links-go9.top/mostbet,https://nvjnacmb.com/casino?registration=1&cid=8297204719&pid=297832&sip=0,mostbet,Mostbet,mostbet_assets,297832,True,Mostbet official website,True,,302 https://links-go9.top/mostbet → 302 https://65r08go.com/QFqF → 200 https://nvjnacmb.com/casino?registration=1&cid=8297204719&pid=297832&sip=0
mostbetbest.ru,latest,external,https://links-go9.top/mostbet_android,https://nvjnacmb.com/casino?registration=1&cid=8297204659&pid=297832&sip=0,mostbet,Mostbet,mostbet_assets,297832,True,Mostbet official website,True,,302 https://links-go9.top/mostbet_android → 302 https://65r08go.com/QFqF → 200 https://nvjnacmb.com/casino?registration=1&cid=8297204659&pid=297832&sip=0
mostbetbest.ru,latest,external,https://links-go9.top/mostbet_ios,https://ijwdpnmb.com/casino?registration=1&cid=8297204703&pid=297832&sip=0,mostbet,Mostbet,mostbet_assets,297832,True,Mostbet official website,True,,302 https://links-go9.top/mostbet_ios → 302 https://65r08go.com/QFqF → 200 https://ijwdpnmb.com/casino?registration=1&cid=8297204703&pid=297832&sip=0
mostbetbest.ru,latest,external,https://links-go9.top/mostbet_cr,https://ijwdpnmb.com/casino?registration=1&cid=8297204757&pid=297832&sip=0,mostbet,Mostbet,mostbet_assets,297832,True,Mostbet official website,True,,302 https://links-go9.top/mostbet_cr → 302 https://65r08go.com/QFqF → 200 https://ijwdpnmb.com/casino?registration=1&cid=8297204757&pid=297832&sip=0
mostbetbonuss2.top,latest,external,https://links-go9.top/mostbet_android,https://nvjnacmb.com/casino?registration=1&cid=8297204659&pid=297832&sip=0,mostbet,Mostbet,mostbet_assets,297832,True,Mostbet official website,True,,302 https://links-go9.top/mostbet_android → 302 https://65r08go.com/QFqF → 200 https://nvjnacmb.com/casino?registration=1&cid=8297204659&pid=297832&sip=0
mostbetbonuss2.top,latest,external,https://links-go9.top/mostbet_ios,https://ijwdpnmb.com/casino?registration=1&cid=8297204703&pid=297832&sip=0,mostbet,Mostbet,mostbet_assets,297832,True,Mostbet official website,True,,302 https://links-go9.top/mostbet_ios → 302 https://65r08go.com/QFqF → 200 https://ijwdpnmb.com/casino?registration=1&cid=8297204703&pid=297832&sip=0
mostbetbonuss2.top,latest,external,https://links-go9.top/mostbet,https://nvjnacmb.com/casino?registration=1&cid=8297204719&pid=297832&sip=0,mostbet,Mostbet,mostbet_assets,297832,True,Mostbet official website,True,,302 https://links-go9.top/mostbet → 302 https://65r08go.com/QFqF → 200 https://nvjnacmb.com/casino?registration=1&cid=8297204719&pid=297832&sip=0
mostbetbonuss2.top,latest,external,https://links-go9.top/mostbet_cr,https://ijwdpnmb.com/casino?registration=1&cid=8297204757&pid=297832&sip=0,mostbet,Mostbet,mostbet_assets,297832,True,Mostbet official website,True,,302 https://links-go9.top/mostbet_cr → 302 https://65r08go.com/QFqF → 200 https://ijwdpnmb.com/casino?registration=1&cid=8297204757&pid=297832&sip=0
mostbetbonuss1.top,latest,home_redirect,https://mostbetbonuss1.top/,https://mostbetbonuss2.top,mostbet,Mostbet,mostbet_assets,,True,,,,
mostbetbonuss.ru,latest,home_redirect,https://mostbetbonuss.ru/,https://mostbetbonuss2.top,mostbet,Mostbet,mostbet_assets,,True,,,,
mostbeta0.com,latest,external,https://0700beta.com/,,needs_browser,,http_undecided,,,,,,
mostbetbuk.ru,latest,home_redirect,https://mostbetbuk.ru/,https://mostbet-casino-j2v.top,mostbet,Mostbet,mostbet_assets,,True,,,,
mostbetaz-giris.ink,latest,js:data-href,https://regi.mostbet1az.com/WLPLGmU?type=app,,needs_browser,,http_undecided,,,,,,
mostbetaz-giris.ink,latest,js:data-url,https://regi.mostbet1az.com/WLPLGmU,,needs_browser,,http_undecided,,,,,,
mostbetaz-giris.ink,latest,js:data-sf-a,https://play.mostbet1az.com/eJdAQ7s,https://play.mostbet1az.com/eJdAQ7s,dead,,connect_error,,,,,,
mostbetaz-kazino.click,latest,js:data-href,https://regi.mostbet1az.com/WLPLGmU?type=app,,needs_browser,,http_undecided,,,,,,
mostbetaz-kazino.click,latest,js:data-url,https://regi.mostbet1az.com/WLPLGmU,,needs_browser,,http_undecided,,,,,,
mostbetaz-kazino.click,latest,js:data-sf-a,https://play.mostbet1az.com/eJdAQ7s,https://play.mostbet1az.com/eJdAQ7s,dead,,connect_error,,,,,,
mostbetc.buzz,latest,external,https://mostbet.partners/,,needs_browser,,http_undecided,,,,,,
mostbetcasino-fun.ru,latest,home_redirect,https://mostbetcasino-fun.ru/,https://mostbet-hero17.top/,mostbet,Mostbet,mostbet_assets,,True,,,,
mostbetcasino-play2.top,latest,external,https://links-go9.top/mostbet_android,https://nvjnacmb.com/casino?registration=1&cid=8297204659&pid=297832&sip=0,mostbet,Mostbet,mostbet_assets,297832,True,Mostbet official website,True,,302 https://links-go9.top/mostbet_android → 302 https://65r08go.com/QFqF → 200 https://nvjnacmb.com/casino?registration=1&cid=8297204659&pid=297832&sip=0
mostbetcasino-play2.top,latest,external,https://links-go9.top/mostbet_ios,https://ijwdpnmb.com/casino?registration=1&cid=8297204703&pid=297832&sip=0,mostbet,Mostbet,mostbet_assets,297832,True,Mostbet official website,True,,302 https://links-go9.top/mostbet_ios → 302 https://65r08go.com/QFqF → 200 https://ijwdpnmb.com/casino?registration=1&cid=8297204703&pid=297832&sip=0
mostbetcasino-play2.top,latest,external,https://links-go9.top/mostbet,https://nvjnacmb.com/casino?registration=1&cid=8297204719&pid=297832&sip=0,mostbet,Mostbet,mostbet_assets,297832,True,Mostbet official website,True,,302 https://links-go9.top/mostbet → 302 https://65r08go.com/QFqF → 200 https://nvjnacmb.com/casino?registration=1&cid=8297204719&pid=297832&sip=0
mostbetcasino-play2.top,latest,external,https://links-go9.top/mostbet_cr,https://ijwdpnmb.com/casino?registration=1&cid=8297204757&pid=297832&sip=0,mostbet,Mostbet,mostbet_assets,297832,True,Mostbet official website,True,,302 https://links-go9.top/mostbet_cr → 302 https://65r08go.com/QFqF → 200 https://ijwdpnmb.com/casino?registration=1&cid=8297204757&pid=297832&sip=0
mostbetcasino-cz.cz,latest,js:script_url,https://signup-page.com/NJytTx,,needs_browser,,http_undecided,,,,,,
mostbetcasino-play.top,latest,home_redirect,https://mostbetcasino-play.top/,https://mostbetcasino-play2.top,mostbet,Mostbet,mostbet_assets,,True,,,,
mostbetcasino-cz.eu,latest,js:script_url,https://signup-page.com/NJytTx,,needs_browser,,http_undecided,,,,,,
mostbetcasino-play1.top,latest,home_redirect,https://mostbetcasino-play1.top/,https://mostbetcasino-play2.top,mostbet,Mostbet,mostbet_assets,,True,,,,
mostbetcasino-mobail.fun,latest,external,https://mostbet.partners/,,needs_browser,,http_undecided,,,,,,
mostbetcasino-play.ru,latest,home_redirect,https://mostbetcasino-play.ru/,https://mostbetcasino-play2.top,mostbet,Mostbet,mostbet_assets,,True,,,,
mostbetcasino-online.ru,latest,home_redirect,https://mostbetcasino-online.ru/,https://mostbet-casino-1ol.top,mostbet,Mostbet,mostbet_assets,,True,,,,
mostbetcasino-wins1.top,latest,external,https://links-go9.top/mostbet_android,https://nvjnacmb.com/casino?registration=1&cid=8297204659&pid=297832&sip=0,mostbet,Mostbet,mostbet_assets,297832,True,Mostbet official website,True,,302 https://links-go9.top/mostbet_android → 302 https://65r08go.com/QFqF → 200 https://nvjnacmb.com/casino?registration=1&cid=8297204659&pid=297832&sip=0
mostbetcasino-wins1.top,latest,external,https://links-go9.top/mostbet_ios,https://ijwdpnmb.com/casino?registration=1&cid=8297204703&pid=297832&sip=0,mostbet,Mostbet,mostbet_assets,297832,True,Mostbet official website,True,,302 https://links-go9.top/mostbet_ios → 302 https://65r08go.com/QFqF → 200 https://ijwdpnmb.com/casino?registration=1&cid=8297204703&pid=297832&sip=0
mostbetcasino-wins1.top,latest,external,https://links-go9.top/mostbet,https://nvjnacmb.com/casino?registration=1&cid=8297204719&pid=297832&sip=0,mostbet,Mostbet,mostbet_assets,297832,True,Mostbet official website,True,,302 https://links-go9.top/mostbet → 302 https://65r08go.com/QFqF → 200 https://nvjnacmb.com/casino?registration=1&cid=8297204719&pid=297832&sip=0
mostbetcasino-wins1.top,latest,external,https://links-go9.top/mostbet_cr,https://ijwdpnmb.com/casino?registration=1&cid=8297204757&pid=297832&sip=0,mostbet,Mostbet,mostbet_assets,297832,True,Mostbet official website,True,,302 https://links-go9.top/mostbet_cr → 302 https://65r08go.com/QFqF → 200 https://ijwdpnmb.com/casino?registration=1&cid=8297204757&pid=297832&sip=0
mostbetcasino-wins.ru,latest,home_redirect,https://mostbetcasino-wins.ru/,https://mostbetcasino-wins1.top,mostbet,Mostbet,mostbet_assets,,True,,,,
mostbetcasino-wins.top,latest,home_redirect,https://mostbetcasino-wins.top/,https://mostbetcasino-wins1.top,mostbet,Mostbet,mostbet_assets,,True,,,,
mostbetcasino18.top,latest,external,https://links-go9.top/mostbet,https://nvjnacmb.com/casino?registration=1&cid=8297204719&pid=297832&sip=0,mostbet,Mostbet,mostbet_assets,297832,True,Mostbet official website,True,,302 https://links-go9.top/mostbet → 302 https://65r08go.com/QFqF → 200 https://nvjnacmb.com/casino?registration=1&cid=8297204719&pid=297832&sip=0
mostbetcasino18.top,latest,external,https://links-go9.top/mostbet_android,https://nvjnacmb.com/casino?registration=1&cid=8297204659&pid=297832&sip=0,mostbet,Mostbet,mostbet_assets,297832,True,Mostbet official website,True,,302 https://links-go9.top/mostbet_android → 302 https://65r08go.com/QFqF → 200 https://nvjnacmb.com/casino?registration=1&cid=8297204659&pid=297832&sip=0
mostbetcasino18.top,latest,external,https://links-go9.top/mostbet_ios,https://ijwdpnmb.com/casino?registration=1&cid=8297204703&pid=297832&sip=0,mostbet,Mostbet,mostbet_assets,297832,True,Mostbet official website,True,,302 https://links-go9.top/mostbet_ios → 302 https://65r08go.com/QFqF → 200 https://ijwdpnmb.com/casino?registration=1&cid=8297204703&pid=297832&sip=0
mostbetcasino18.top,latest,external,https://links-go9.top/mostbet_cr,https://ijwdpnmb.com/casino?registration=1&cid=8297204757&pid=297832&sip=0,mostbet,Mostbet,mostbet_assets,297832,True,Mostbet official website,True,,302 https://links-go9.top/mostbet_cr → 302 https://65r08go.com/QFqF → 200 https://ijwdpnmb.com/casino?registration=1&cid=8297204757&pid=297832&sip=0
mostbetcasino17.top,latest,external,https://links-go9.top/mostbet,https://nvjnacmb.com/casino?registration=1&cid=8297204719&pid=297832&sip=0,mostbet,Mostbet,mostbet_assets,297832,True,Mostbet official website,True,,302 https://links-go9.top/mostbet → 302 https://65r08go.com/QFqF → 200 https://nvjnacmb.com/casino?registration=1&cid=8297204719&pid=297832&sip=0
mostbetcasino17.top,latest,external,https://links-go9.top/mostbet_android,https://nvjnacmb.com/casino?registration=1&cid=8297204659&pid=297832&sip=0,mostbet,Mostbet,mostbet_assets,297832,True,Mostbet official website,True,,302 https://links-go9.top/mostbet_android → 302 https://65r08go.com/QFqF → 200 https://nvjnacmb.com/casino?registration=1&cid=8297204659&pid=297832&sip=0
mostbetcasino17.top,latest,external,https://links-go9.top/mostbet_ios,https://ijwdpnmb.com/casino?registration=1&cid=8297204703&pid=297832&sip=0,mostbet,Mostbet,mostbet_assets,297832,True,Mostbet official website,True,,302 https://links-go9.top/mostbet_ios → 302 https://65r08go.com/QFqF → 200 https://ijwdpnmb.com/casino?registration=1&cid=8297204703&pid=297832&sip=0
mostbetcasino17.top,latest,external,https://links-go9.top/mostbet_cr,https://ijwdpnmb.com/casino?registration=1&cid=8297204757&pid=297832&sip=0,mostbet,Mostbet,mostbet_assets,297832,True,Mostbet official website,True,,302 https://links-go9.top/mostbet_cr → 302 https://65r08go.com/QFqF → 200 https://ijwdpnmb.com/casino?registration=1&cid=8297204757&pid=297832&sip=0
mostbetcasino.gr,latest,js:script_url,https://rroffer.vip/kB8NXz,,needs_browser,,http_undecided,,,,,,
mostbetcasino16.top,latest,external,https://links-go9.top/mostbet,https://nvjnacmb.com/casino?registration=1&cid=8297204719&pid=297832&sip=0,mostbet,Mostbet,mostbet_assets,297832,True,Mostbet official website,True,,302 https://links-go9.top/mostbet → 302 https://65r08go.com/QFqF → 200 https://nvjnacmb.com/casino?registration=1&cid=8297204719&pid=297832&sip=0
mostbetcasino16.top,latest,external,https://links-go9.top/mostbet_android,https://nvjnacmb.com/casino?registration=1&cid=8297204659&pid=297832&sip=0,mostbet,Mostbet,mostbet_assets,297832,True,Mostbet official website,True,,302 https://links-go9.top/mostbet_android → 302 https://65r08go.com/QFqF → 200 https://nvjnacmb.com/casino?registration=1&cid=8297204659&pid=297832&sip=0
mostbetcasino16.top,latest,external,https://links-go9.top/mostbet_ios,https://ijwdpnmb.com/casino?registration=1&cid=8297204703&pid=297832&sip=0,mostbet,Mostbet,mostbet_assets,297832,True,Mostbet official website,True,,302 https://links-go9.top/mostbet_ios → 302 https://65r08go.com/QFqF → 200 https://ijwdpnmb.com/casino?registration=1&cid=8297204703&pid=297832&sip=0
mostbetcasino16.top,latest,external,https://links-go9.top/mostbet_cr,https://ijwdpnmb.com/casino?registration=1&cid=8297204757&pid=297832&sip=0,mostbet,Mostbet,mostbet_assets,297832,True,Mostbet official website,True,,302 https://links-go9.top/mostbet_cr → 302 https://65r08go.com/QFqF → 200 https://ijwdpnmb.com/casino?registration=1&cid=8297204757&pid=297832&sip=0
mostbetcasino15.top,latest,external,https://links-go9.top/mostbet,https://nvjnacmb.com/casino?registration=1&cid=8297204719&pid=297832&sip=0,mostbet,Mostbet,mostbet_assets,297832,True,Mostbet official website,True,,302 https://links-go9.top/mostbet → 302 https://65r08go.com/QFqF → 200 https://nvjnacmb.com/casino?registration=1&cid=8297204719&pid=297832&sip=0
mostbetcasino15.top,latest,external,https://links-go9.top/mostbet_android,https://nvjnacmb.com/casino?registration=1&cid=8297204659&pid=297832&sip=0,mostbet,Mostbet,mostbet_assets,297832,True,Mostbet official website,True,,302 https://links-go9.top/mostbet_android → 302 https://65r08go.com/QFqF → 200 https://nvjnacmb.com/casino?registration=1&cid=8297204659&pid=297832&sip=0
mostbetcasino15.top,latest,external,https://links-go9.top/mostbet_ios,https://ijwdpnmb.com/casino?registration=1&cid=8297204703&pid=297832&sip=0,mostbet,Mostbet,mostbet_assets,297832,True,Mostbet official website,True,,302 https://links-go9.top/mostbet_ios → 302 https://65r08go.com/QFqF → 200 https://ijwdpnmb.com/casino?registration=1&cid=8297204703&pid=297832&sip=0
mostbetcasino15.top,latest,external,https://links-go9.top/mostbet_cr,https://ijwdpnmb.com/casino?registration=1&cid=8297204757&pid=297832&sip=0,mostbet,Mostbet,mostbet_assets,297832,True,Mostbet official website,True,,302 https://links-go9.top/mostbet_cr → 302 https://65r08go.com/QFqF → 200 https://ijwdpnmb.com/casino?registration=1&cid=8297204757&pid=297832&sip=0
mostbetcasino14.ru,latest,external,https://links-go9.top/mostbet,https://nvjnacmb.com/casino?registration=1&cid=8297204719&pid=297832&sip=0,mostbet,Mostbet,mostbet_assets,297832,True,Mostbet official website,True,,302 https://links-go9.top/mostbet → 302 https://65r08go.com/QFqF → 200 https://nvjnacmb.com/casino?registration=1&cid=8297204719&pid=297832&sip=0
mostbetcasino14.ru,latest,external,https://links-go9.top/mostbet_android,https://nvjnacmb.com/casino?registration=1&cid=8297204659&pid=297832&sip=0,mostbet,Mostbet,mostbet_assets,297832,True,Mostbet official website,True,,302 https://links-go9.top/mostbet_android → 302 https://65r08go.com/QFqF → 200 https://nvjnacmb.com/casino?registration=1&cid=8297204659&pid=297832&sip=0
mostbetcasino14.ru,latest,external,https://links-go9.top/mostbet_ios,https://ijwdpnmb.com/casino?registration=1&cid=8297204703&pid=297832&sip=0,mostbet,Mostbet,mostbet_assets,297832,True,Mostbet official website,True,,302 https://links-go9.top/mostbet_ios → 302 https://65r08go.com/QFqF → 200 https://ijwdpnmb.com/casino?registration=1&cid=8297204703&pid=297832&sip=0
mostbetcasino14.ru,latest,external,https://links-go9.top/mostbet_cr,https://ijwdpnmb.com/casino?registration=1&cid=8297204757&pid=297832&sip=0,mostbet,Mostbet,mostbet_assets,297832,True,Mostbet official website,True,,302 https://links-go9.top/mostbet_cr → 302 https://65r08go.com/QFqF → 200 https://ijwdpnmb.com/casino?registration=1&cid=8297204757&pid=297832&sip=0
mostbetcasino24.ru,latest,external,https://links-go9.top/mostbet_android,https://nvjnacmb.com/casino?registration=1&cid=8297204659&pid=297832&sip=0,mostbet,Mostbet,mostbet_assets,297832,True,Mostbet official website,True,,302 https://links-go9.top/mostbet_android → 302 https://65r08go.com/QFqF → 200 https://nvjnacmb.com/casino?registration=1&cid=8297204659&pid=297832&sip=0
mostbetcasino24.ru,latest,external,https://links-go9.top/mostbet_ios,https://ijwdpnmb.com/casino?registration=1&cid=8297204703&pid=297832&sip=0,mostbet,Mostbet,mostbet_assets,297832,True,Mostbet official website,True,,302 https://links-go9.top/mostbet_ios → 302 https://65r08go.com/QFqF → 200 https://ijwdpnmb.com/casino?registration=1&cid=8297204703&pid=297832&sip=0
mostbetcasino24.ru,latest,external,https://links-go9.top/mostbet,https://nvjnacmb.com/casino?registration=1&cid=8297204719&pid=297832&sip=0,mostbet,Mostbet,mostbet_assets,297832,True,Mostbet official website,True,,302 https://links-go9.top/mostbet → 302 https://65r08go.com/QFqF → 200 https://nvjnacmb.com/casino?registration=1&cid=8297204719&pid=297832&sip=0
mostbetcasino24.ru,latest,external,https://links-go9.top/mostbet_cr,https://ijwdpnmb.com/casino?registration=1&cid=8297204757&pid=297832&sip=0,mostbet,Mostbet,mostbet_assets,297832,True,Mostbet official website,True,,302 https://links-go9.top/mostbet_cr → 302 https://65r08go.com/QFqF → 200 https://ijwdpnmb.com/casino?registration=1&cid=8297204757&pid=297832&sip=0
mostbetcasino2.xyz,latest,external,https://mostbet.partners/,,needs_browser,,http_undecided,,,,,,
mostbetcasino.hu.net,latest,js:script_url,https://signup-page.com/NJytTx,,needs_browser,,http_undecided,,,,,,
mostbetcasinoplay-fun.top,latest,external,https://links-go9.top/mostbet_android,https://nvjnacmb.com/casino?registration=1&cid=8297204659&pid=297832&sip=0,mostbet,Mostbet,mostbet_assets,297832,True,Mostbet official website,True,,302 https://links-go9.top/mostbet_android → 302 https://65r08go.com/QFqF → 200 https://nvjnacmb.com/casino?registration=1&cid=8297204659&pid=297832&sip=0
mostbetcasinoplay-fun.top,latest,external,https://links-go9.top/mostbet_ios,https://ijwdpnmb.com/casino?registration=1&cid=8297204703&pid=297832&sip=0,mostbet,Mostbet,mostbet_assets,297832,True,Mostbet official website,True,,302 https://links-go9.top/mostbet_ios → 302 https://65r08go.com/QFqF → 200 https://ijwdpnmb.com/casino?registration=1&cid=8297204703&pid=297832&sip=0
mostbetcasinoplay-fun.top,latest,external,https://links-go9.top/mostbet,https://nvjnacmb.com/casino?registration=1&cid=8297204719&pid=297832&sip=0,mostbet,Mostbet,mostbet_assets,297832,True,Mostbet official website,True,,302 https://links-go9.top/mostbet → 302 https://65r08go.com/QFqF → 200 https://nvjnacmb.com/casino?registration=1&cid=8297204719&pid=297832&sip=0
mostbetcasinoplay-fun.top,latest,external,https://links-go9.top/mostbet_cr,https://ijwdpnmb.com/casino?registration=1&cid=8297204757&pid=297832&sip=0,mostbet,Mostbet,mostbet_assets,297832,True,Mostbet official website,True,,302 https://links-go9.top/mostbet_cr → 302 https://65r08go.com/QFqF → 200 https://ijwdpnmb.com/casino?registration=1&cid=8297204757&pid=297832&sip=0
mostbetcasinoplay-fun.ru,latest,home_redirect,https://mostbetcasinoplay-fun.ru/,https://mostbetcasinoplay-fun.top/,mostbet,Mostbet,mostbet_assets,,True,,,,
mostbetcasinos-fun.top,latest,external,https://links-go9.top/mostbet_android,https://nvjnacmb.com/casino?registration=1&cid=8297204659&pid=297832&sip=0,mostbet,Mostbet,mostbet_assets,297832,True,Mostbet official website,True,,302 https://links-go9.top/mostbet_android → 302 https://65r08go.com/QFqF → 200 https://nvjnacmb.com/casino?registration=1&cid=8297204659&pid=297832&sip=0
mostbetcasinos-fun.top,latest,external,https://links-go9.top/mostbet_ios,https://ijwdpnmb.com/casino?registration=1&cid=8297204703&pid=297832&sip=0,mostbet,Mostbet,mostbet_assets,297832,True,Mostbet official website,True,,302 https://links-go9.top/mostbet_ios → 302 https://65r08go.com/QFqF → 200 https://ijwdpnmb.com/casino?registration=1&cid=8297204703&pid=297832&sip=0
mostbetcasinos-fun.top,latest,external,https://links-go9.top/mostbet,https://nvjnacmb.com/casino?registration=1&cid=8297204719&pid=297832&sip=0,mostbet,Mostbet,mostbet_assets,297832,True,Mostbet official website,True,,302 https://links-go9.top/mostbet → 302 https://65r08go.com/QFqF → 200 https://nvjnacmb.com/casino?registration=1&cid=8297204719&pid=297832&sip=0
mostbetcasinos-fun.top,latest,external,https://links-go9.top/mostbet_cr,https://ijwdpnmb.com/casino?registration=1&cid=8297204757&pid=297832&sip=0,mostbet,Mostbet,mostbet_assets,297832,True,Mostbet official website,True,,302 https://links-go9.top/mostbet_cr → 302 https://65r08go.com/QFqF → 200 https://ijwdpnmb.com/casino?registration=1&cid=8297204757&pid=297832&sip=0
mostbetcasinoplay.ru,latest,home_redirect,https://mostbetcasinoplay.ru/,https://mostbet-casino-k0.top/,mostbet,Mostbet,mostbet_assets,,True,,,,
mostbetcasinos-fun.ru,latest,home_redirect,https://mostbetcasinos-fun.ru/,https://mostbetcasinos-fun.top/,mostbet,Mostbet,mostbet_assets,,True,,,,
mostbetcasinos-slots.xyz,latest,external,https://mostbet.partners/,,needs_browser,,http_undecided,,,,,,
mostbetapp.de,latest,js:form,https://mostbetapp.de/server-endpoint.php,,needs_browser,,http_undecided,,,,,,
mostbetapp.de,latest,js:script_url,https://mostbet.com/,https://mostbet.com/,mostbet,Mostbet,mostbet_assets,,False,Mostbet official website,True,,200 https://mostbet.com/
mostbetapp.de,latest,js:data-source,https://mostbetapp.de/slot-banners/?t=popular,,needs_browser,,http_undecided,,,,,,
mostbetapp.de,latest,js:data-source,https://mostbetapp.de/slot-banners/?t=2,,needs_browser,,http_undecided,,,,,,
mostbetapp.de,latest,js:data-source,https://mostbetapp.de/slot-banners/?t=3,,needs_browser,,http_undecided,,,,,,
mostbetapp.de,latest,js:data-source,https://mostbetapp.de/slot-banners/?t=betting,,needs_browser,,http_undecided,,,,,,
mostbetcasinosplay.top,latest,external,https://links-go9.top/mostbet_android,https://nvjnacmb.com/casino?registration=1&cid=8297204659&pid=297832&sip=0,mostbet,Mostbet,mostbet_assets,297832,True,Mostbet official website,True,,302 https://links-go9.top/mostbet_android → 302 https://65r08go.com/QFqF → 200 https://nvjnacmb.com/casino?registration=1&cid=8297204659&pid=297832&sip=0
mostbetcasinosplay.top,latest,external,https://links-go9.top/mostbet_ios,https://ijwdpnmb.com/casino?registration=1&cid=8297204703&pid=297832&sip=0,mostbet,Mostbet,mostbet_assets,297832,True,Mostbet official website,True,,302 https://links-go9.top/mostbet_ios → 302 https://65r08go.com/QFqF → 200 https://ijwdpnmb.com/casino?registration=1&cid=8297204703&pid=297832&sip=0
mostbetcasinosplay.top,latest,external,https://links-go9.top/mostbet,https://nvjnacmb.com/casino?registration=1&cid=8297204719&pid=297832&sip=0,mostbet,Mostbet,mostbet_assets,297832,True,Mostbet official website,True,,302 https://links-go9.top/mostbet → 302 https://65r08go.com/QFqF → 200 https://nvjnacmb.com/casino?registration=1&cid=8297204719&pid=297832&sip=0
mostbetcasinosplay.top,latest,external,https://links-go9.top/mostbet_cr,https://ijwdpnmb.com/casino?registration=1&cid=8297204757&pid=297832&sip=0,mostbet,Mostbet,mostbet_assets,297832,True,Mostbet official website,True,,302 https://links-go9.top/mostbet_cr → 302 https://65r08go.com/QFqF → 200 https://ijwdpnmb.com/casino?registration=1&cid=8297204757&pid=297832&sip=0
mostbetcasinosplay.ru,latest,home_redirect,https://mostbetcasinosplay.ru/,https://mostbetcasinosplay.top/,mostbet,Mostbet,mostbet_assets,,True,,,,
mostbetcasinos.com,latest,js:script_url,https://ioffer.vip/cWT7nk,,needs_browser,,http_undecided,,,,,,
mostbetcazino-funs1.top,latest,external,https://links-go9.top/mostbet_android,https://nvjnacmb.com/casino?registration=1&cid=8297204659&pid=297832&sip=0,mostbet,Mostbet,mostbet_assets,297832,True,Mostbet official website,True,,302 https://links-go9.top/mostbet_android → 302 https://65r08go.com/QFqF → 200 https://nvjnacmb.com/casino?registration=1&cid=8297204659&pid=297832&sip=0
mostbetcazino-funs1.top,latest,external,https://links-go9.top/mostbet_ios,https://ijwdpnmb.com/casino?registration=1&cid=8297204703&pid=297832&sip=0,mostbet,Mostbet,mostbet_assets,297832,True,Mostbet official website,True,,302 https://links-go9.top/mostbet_ios → 302 https://65r08go.com/QFqF → 200 https://ijwdpnmb.com/casino?registration=1&cid=8297204703&pid=297832&sip=0
mostbetcazino-funs1.top,latest,external,https://links-go9.top/mostbet,https://nvjnacmb.com/casino?registration=1&cid=8297204719&pid=297832&sip=0,mostbet,Mostbet,mostbet_assets,297832,True,Mostbet official website,True,,302 https://links-go9.top/mostbet → 302 https://65r08go.com/QFqF → 200 https://nvjnacmb.com/casino?registration=1&cid=8297204719&pid=297832&sip=0
mostbetcazino-funs1.top,latest,external,https://links-go9.top/mostbet_cr,https://ijwdpnmb.com/casino?registration=1&cid=8297204757&pid=297832&sip=0,mostbet,Mostbet,mostbet_assets,297832,True,Mostbet official website,True,,302 https://links-go9.top/mostbet_cr → 302 https://65r08go.com/QFqF → 200 https://ijwdpnmb.com/casino?registration=1&cid=8297204757&pid=297832&sip=0
mostbetcazino-funs.top,latest,home_redirect,https://mostbetcazino-funs.top/,https://mostbetcazino-funs1.top,mostbet,Mostbet,mostbet_assets,,True,,,,
mostbetcazino-funs.ru,latest,home_redirect,https://mostbetcazino-funs.ru/,https://mostbetcazino-funs1.top,mostbet,Mostbet,mostbet_assets,,True,,,,
mostbetcazino-win1.top,latest,external,https://links-go9.top/mostbet_android,https://nvjnacmb.com/casino?registration=1&cid=8297204659&pid=297832&sip=0,mostbet,Mostbet,mostbet_assets,297832,True,Mostbet official website,True,,302 https://links-go9.top/mostbet_android → 302 https://65r08go.com/QFqF → 200 https://nvjnacmb.com/casino?registration=1&cid=8297204659&pid=297832&sip=0
mostbetcazino-win1.top,latest,external,https://links-go9.top/mostbet_ios,https://ijwdpnmb.com/casino?registration=1&cid=8297204703&pid=297832&sip=0,mostbet,Mostbet,mostbet_assets,297832,True,Mostbet official website,True,,302 https://links-go9.top/mostbet_ios → 302 https://65r08go.com/QFqF → 200 https://ijwdpnmb.com/casino?registration=1&cid=8297204703&pid=297832&sip=0
mostbetcazino-win1.top,latest,external,https://links-go9.top/mostbet,https://nvjnacmb.com/casino?registration=1&cid=8297204719&pid=297832&sip=0,mostbet,Mostbet,mostbet_assets,297832,True,Mostbet official website,True,,302 https://links-go9.top/mostbet → 302 https://65r08go.com/QFqF → 200 https://nvjnacmb.com/casino?registration=1&cid=8297204719&pid=297832&sip=0
mostbetcazino-win1.top,latest,external,https://links-go9.top/mostbet_cr,https://ijwdpnmb.com/casino?registration=1&cid=8297204757&pid=297832&sip=0,mostbet,Mostbet,mostbet_assets,297832,True,Mostbet official website,True,,302 https://links-go9.top/mostbet_cr → 302 https://65r08go.com/QFqF → 200 https://ijwdpnmb.com/casino?registration=1&cid=8297204757&pid=297832&sip=0
mostbetcazino-online.ru,latest,home_redirect,https://mostbetcazino-online.ru/,https://mostbet-platinum18.top/,mostbet,Mostbet,mostbet_assets,,True,,,,
mostbetcazino-win.ru,latest,home_redirect,https://mostbetcazino-win.ru/,https://mostbetcazino-win1.top,mostbet,Mostbet,mostbet_assets,,True,,,,
mostbetcazino-fun.ru,latest,home_redirect,https://mostbetcazino-fun.ru/,https://mostbet-grt2.top,mostbet,Mostbet,mostbet_assets,,True,,,,
mostbetcazino-win.top,latest,home_redirect,https://mostbetcazino-win.top/,https://mostbetcazino-win1.top,mostbet,Mostbet,mostbet_assets,,True,,,,
mostbetcazino.pro,latest,external,https://mostbet.partners/,,needs_browser,,http_undecided,,,,,,
mostbetcazinoplay.top,latest,external,https://links-go9.top/mostbet_android,https://nvjnacmb.com/casino?registration=1&cid=8297204659&pid=297832&sip=0,mostbet,Mostbet,mostbet_assets,297832,True,Mostbet official website,True,,302 https://links-go9.top/mostbet_android → 302 https://65r08go.com/QFqF → 200 https://nvjnacmb.com/casino?registration=1&cid=8297204659&pid=297832&sip=0
mostbetcazinoplay.top,latest,external,https://links-go9.top/mostbet_ios,https://ijwdpnmb.com/casino?registration=1&cid=8297204703&pid=297832&sip=0,mostbet,Mostbet,mostbet_assets,297832,True,Mostbet official website,True,,302 https://links-go9.top/mostbet_ios → 302 https://65r08go.com/QFqF → 200 https://ijwdpnmb.com/casino?registration=1&cid=8297204703&pid=297832&sip=0
mostbetcazinoplay.top,latest,external,https://links-go9.top/mostbet,https://nvjnacmb.com/casino?registration=1&cid=8297204719&pid=297832&sip=0,mostbet,Mostbet,mostbet_assets,297832,True,Mostbet official website,True,,302 https://links-go9.top/mostbet → 302 https://65r08go.com/QFqF → 200 https://nvjnacmb.com/casino?registration=1&cid=8297204719&pid=297832&sip=0
mostbetcazinoplay.top,latest,external,https://links-go9.top/mostbet_cr,https://ijwdpnmb.com/casino?registration=1&cid=8297204757&pid=297832&sip=0,mostbet,Mostbet,mostbet_assets,297832,True,Mostbet official website,True,,302 https://links-go9.top/mostbet_cr → 302 https://65r08go.com/QFqF → 200 https://ijwdpnmb.com/casino?registration=1&cid=8297204757&pid=297832&sip=0
mostbetcazinoplay.ru,latest,home_redirect,https://mostbetcazinoplay.ru/,https://mostbetcazinoplay.top/,mostbet,Mostbet,mostbet_assets,,True,,,,
mostbetcazinobet.ru,latest,home_redirect,https://mostbetcazinobet.ru/,https://mostbet-caz2.top,mostbet,Mostbet,mostbet_assets,,True,,,,
mostbetcazinos-fun.ru,latest,home_redirect,https://mostbetcazinos-fun.ru/,https://mostbet-gold17.top/,mostbet,Mostbet,mostbet_assets,,True,,,,
mostbetcazinobet.top,latest,home_redirect,https://mostbetcazinobet.top/,https://mostbet-caz2.top,mostbet,Mostbet,mostbet_assets,,True,,,,
mostbetcazinoslots.top,latest,external,https://links-go9.top/mostbet_android,https://nvjnacmb.com/casino?registration=1&cid=8297204659&pid=297832&sip=0,mostbet,Mostbet,mostbet_assets,297832,True,Mostbet official website,True,,302 https://links-go9.top/mostbet_android → 302 https://65r08go.com/QFqF → 200 https://nvjnacmb.com/casino?registration=1&cid=8297204659&pid=297832&sip=0
mostbetcazinoslots.top,latest,external,https://links-go9.top/mostbet_ios,https://ijwdpnmb.com/casino?registration=1&cid=8297204703&pid=297832&sip=0,mostbet,Mostbet,mostbet_assets,297832,True,Mostbet official website,True,,302 https://links-go9.top/mostbet_ios → 302 https://65r08go.com/QFqF → 200 https://ijwdpnmb.com/casino?registration=1&cid=8297204703&pid=297832&sip=0
mostbetcazinoslots.top,latest,external,https://links-go9.top/mostbet,https://nvjnacmb.com/casino?registration=1&cid=8297204719&pid=297832&sip=0,mostbet,Mostbet,mostbet_assets,297832,True,Mostbet official website,True,,302 https://links-go9.top/mostbet → 302 https://65r08go.com/QFqF → 200 https://nvjnacmb.com/casino?registration=1&cid=8297204719&pid=297832&sip=0
mostbetcazinoslots.top,latest,external,https://links-go9.top/mostbet_cr,https://ijwdpnmb.com/casino?registration=1&cid=8297204757&pid=297832&sip=0,mostbet,Mostbet,mostbet_assets,297832,True,Mostbet official website,True,,302 https://links-go9.top/mostbet_cr → 302 https://65r08go.com/QFqF → 200 https://ijwdpnmb.com/casino?registration=1&cid=8297204757&pid=297832&sip=0
mostbetcazinoslots.ru,latest,home_redirect,https://mostbetcazinoslots.ru/,https://mostbetcazinoslots.top/,mostbet,Mostbet,mostbet_assets,,True,,,,
mostbetcazinosplay.top,latest,external,https://links-go9.top/mostbet_android,https://nvjnacmb.com/casino?registration=1&cid=8297204659&pid=297832&sip=0,mostbet,Mostbet,mostbet_assets,297832,True,Mostbet official website,True,,302 https://links-go9.top/mostbet_android → 302 https://65r08go.com/QFqF → 200 https://nvjnacmb.com/casino?registration=1&cid=8297204659&pid=297832&sip=0
mostbetcazinosplay.top,latest,external,https://links-go9.top/mostbet_ios,https://ijwdpnmb.com/casino?registration=1&cid=8297204703&pid=297832&sip=0,mostbet,Mostbet,mostbet_assets,297832,True,Mostbet official website,True,,302 https://links-go9.top/mostbet_ios → 302 https://65r08go.com/QFqF → 200 https://ijwdpnmb.com/casino?registration=1&cid=8297204703&pid=297832&sip=0
mostbetcazinosplay.top,latest,external,https://links-go9.top/mostbet,https://nvjnacmb.com/casino?registration=1&cid=8297204719&pid=297832&sip=0,mostbet,Mostbet,mostbet_assets,297832,True,Mostbet official website,True,,302 https://links-go9.top/mostbet → 302 https://65r08go.com/QFqF → 200 https://nvjnacmb.com/casino?registration=1&cid=8297204719&pid=297832&sip=0
mostbetcazinosplay.top,latest,external,https://links-go9.top/mostbet_cr,https://ijwdpnmb.com/casino?registration=1&cid=8297204757&pid=297832&sip=0,mostbet,Mostbet,mostbet_assets,297832,True,Mostbet official website,True,,302 https://links-go9.top/mostbet_cr → 302 https://65r08go.com/QFqF → 200 https://ijwdpnmb.com/casino?registration=1&cid=8297204757&pid=297832&sip=0
mostbetbonus.de,latest,js:form,https://mostbetbonus.de/server-endpoint.php,,needs_browser,,http_undecided,,,,,,
mostbetbonus.de,latest,js:script_url,https://mostbet.com/,https://mostbet.com/,mostbet,Mostbet,mostbet_assets,,False,Mostbet official website,True,,200 https://mostbet.com/
mostbetbonus.de,latest,js:data-source,https://mostbetbonus.de/slot-banners/?t=popular,,needs_browser,,http_undecided,,,,,,
mostbetbonus.de,latest,js:data-source,https://mostbetbonus.de/slot-banners/?t=2,,needs_browser,,http_undecided,,,,,,
mostbetbonus.de,latest,js:data-source,https://mostbetbonus.de/slot-banners/?t=3,,needs_browser,,http_undecided,,,,,,
mostbetbonus.de,latest,js:data-source,https://mostbetbonus.de/slot-banners/?t=betting,,needs_browser,,http_undecided,,,,,,
mostbetcazinos.ru,latest,home_redirect,https://mostbetcazinos.ru/,https://mostbet-grand19.top,mostbet,Mostbet,mostbet_assets,,True,,,,
mostbetcazinosplay.ru,latest,home_redirect,https://mostbetcazinosplay.ru/,https://mostbetcazinosplay.top/,mostbet,Mostbet,mostbet_assets,,True,,,,
mostbetcentr.ru,latest,home_redirect,https://mostbetcentr.ru/,https://mostbet-casino-1uc.top/,mostbet,Mostbet,mostbet_assets,,True,,,,
mostbetclicker1.top,latest,external,https://links-go9.top/mostbet_android,https://nvjnacmb.com/casino?registration=1&cid=8297204659&pid=297832&sip=0,mostbet,Mostbet,mostbet_assets,297832,True,Mostbet official website,True,,302 https://links-go9.top/mostbet_android → 302 https://65r08go.com/QFqF → 200 https://nvjnacmb.com/casino?registration=1&cid=8297204659&pid=297832&sip=0
mostbetclicker1.top,latest,external,https://links-go9.top/mostbet_ios,https://ijwdpnmb.com/casino?registration=1&cid=8297204703&pid=297832&sip=0,mostbet,Mostbet,mostbet_assets,297832,True,Mostbet official website,True,,302 https://links-go9.top/mostbet_ios → 302 https://65r08go.com/QFqF → 200 https://ijwdpnmb.com/casino?registration=1&cid=8297204703&pid=297832&sip=0
mostbetclicker1.top,latest,external,https://links-go9.top/mostbet,https://nvjnacmb.com/casino?registration=1&cid=8297204719&pid=297832&sip=0,mostbet,Mostbet,mostbet_assets,297832,True,Mostbet official website,True,,302 https://links-go9.top/mostbet → 302 https://65r08go.com/QFqF → 200 https://nvjnacmb.com/casino?registration=1&cid=8297204719&pid=297832&sip=0
mostbetclicker1.top,latest,external,https://links-go9.top/mostbet_cr,https://ijwdpnmb.com/casino?registration=1&cid=8297204757&pid=297832&sip=0,mostbet,Mostbet,mostbet_assets,297832,True,Mostbet official website,True,,302 https://links-go9.top/mostbet_cr → 302 https://65r08go.com/QFqF → 200 https://ijwdpnmb.com/casino?registration=1&cid=8297204757&pid=297832&sip=0
mostbetclb.vip,latest,external,https://mostbet.partners/,,needs_browser,,http_undecided,,,,,,
mostbetclicker.ru,latest,home_redirect,https://mostbetclicker.ru/,https://mostbetclicker1.top/,mostbet,Mostbet,mostbet_assets,,True,,,,
mostbetclb.club,latest,external,https://mostbet.partners/,,needs_browser,,http_undecided,,,,,,
mostbetclick.ru,latest,home_redirect,https://mostbetclick.ru/,https://mostbetclick1.top,mostbet,Mostbet,mostbet_assets,,True,,,,
mostbeter.ru,latest,home_redirect,https://mostbeter.ru/,https://mostbet-r6d.ru/,mostbet,Mostbet,mostbet_assets,,True,,,,
mostbetextra.ru,latest,home_redirect,https://mostbetextra.ru/,https://mostbetextra1.top/,mostbet,Mostbet,mostbet_assets,,True,,,,
mostbetextra1.top,latest,external,https://links-go9.top/mostbet_android,https://nvjnacmb.com/casino?registration=1&cid=8297204659&pid=297832&sip=0,mostbet,Mostbet,mostbet_assets,297832,True,Mostbet official website,True,,302 https://links-go9.top/mostbet_android → 302 https://65r08go.com/QFqF → 200 https://nvjnacmb.com/casino?registration=1&cid=8297204659&pid=297832&sip=0
mostbetextra1.top,latest,external,https://links-go9.top/mostbet_ios,https://ijwdpnmb.com/casino?registration=1&cid=8297204703&pid=297832&sip=0,mostbet,Mostbet,mostbet_assets,297832,True,Mostbet official website,True,,302 https://links-go9.top/mostbet_ios → 302 https://65r08go.com/QFqF → 200 https://ijwdpnmb.com/casino?registration=1&cid=8297204703&pid=297832&sip=0
mostbetextra1.top,latest,external,https://links-go9.top/mostbet,https://nvjnacmb.com/casino?registration=1&cid=8297204719&pid=297832&sip=0,mostbet,Mostbet,mostbet_assets,297832,True,Mostbet official website,True,,302 https://links-go9.top/mostbet → 302 https://65r08go.com/QFqF → 200 https://nvjnacmb.com/casino?registration=1&cid=8297204719&pid=297832&sip=0
mostbetextra1.top,latest,external,https://links-go9.top/mostbet_cr,https://ijwdpnmb.com/casino?registration=1&cid=8297204757&pid=297832&sip=0,mostbet,Mostbet,mostbet_assets,297832,True,Mostbet official website,True,,302 https://links-go9.top/mostbet_cr → 302 https://65r08go.com/QFqF → 200 https://ijwdpnmb.com/casino?registration=1&cid=8297204757&pid=297832&sip=0
mostbetfans4.xyz,latest,external,https://mostbet.partners/,,needs_browser,,http_undecided,,,,,,
mostbetfan2.xyz,latest,external,https://mostbet.partners/,,needs_browser,,http_undecided,,,,,,
mostbetforum1.top,latest,external,https://links-go9.top/mostbet_android,https://nvjnacmb.com/casino?registration=1&cid=8297204659&pid=297832&sip=0,mostbet,Mostbet,mostbet_assets,297832,True,Mostbet official website,True,,302 https://links-go9.top/mostbet_android → 302 https://65r08go.com/QFqF → 200 https://nvjnacmb.com/casino?registration=1&cid=8297204659&pid=297832&sip=0
mostbetforum1.top,latest,external,https://links-go9.top/mostbet_ios,https://ijwdpnmb.com/casino?registration=1&cid=8297204703&pid=297832&sip=0,mostbet,Mostbet,mostbet_assets,297832,True,Mostbet official website,True,,302 https://links-go9.top/mostbet_ios → 302 https://65r08go.com/QFqF → 200 https://ijwdpnmb.com/casino?registration=1&cid=8297204703&pid=297832&sip=0
mostbetforum1.top,latest,external,https://links-go9.top/mostbet,https://nvjnacmb.com/casino?registration=1&cid=8297204719&pid=297832&sip=0,mostbet,Mostbet,mostbet_assets,297832,True,Mostbet official website,True,,302 https://links-go9.top/mostbet → 302 https://65r08go.com/QFqF → 200 https://nvjnacmb.com/casino?registration=1&cid=8297204719&pid=297832&sip=0
mostbetforum1.top,latest,external,https://links-go9.top/mostbet_cr,https://ijwdpnmb.com/casino?registration=1&cid=8297204757&pid=297832&sip=0,mostbet,Mostbet,mostbet_assets,297832,True,Mostbet official website,True,,302 https://links-go9.top/mostbet_cr → 302 https://65r08go.com/QFqF → 200 https://ijwdpnmb.com/casino?registration=1&cid=8297204757&pid=297832&sip=0
mostbetforum.ru,latest,home_redirect,https://mostbetforum.ru/,https://mostbetforum1.top/,mostbet,Mostbet,mostbet_assets,,True,,,,
mostbetcasinode.de,latest,js:form,https://mostbetcasinode.de/server-endpoint.php,,needs_browser,,http_undecided,,,,,,
mostbetcasinode.de,latest,js:script_url,https://mostbet.com/,https://mostbet.com/,mostbet,Mostbet,mostbet_assets,,False,Mostbet official website,True,,200 https://mostbet.com/
mostbetcasinode.de,latest,js:data-source,https://mostbetcasinode.de/slot-banners/?t=popular,,needs_browser,,http_undecided,,,,,,
mostbetcasinode.de,latest,js:data-source,https://mostbetcasinode.de/slot-banners/?t=2,,needs_browser,,http_undecided,,,,,,
mostbetcasinode.de,latest,js:data-source,https://mostbetcasinode.de/slot-banners/?t=3,,needs_browser,,http_undecided,,,,,,
mostbetcasinode.de,latest,js:data-source,https://mostbetcasinode.de/slot-banners/?t=betting,,needs_browser,,http_undecided,,,,,,
mostbetapp.bet,latest,internal_page_link,https://www.dmca.com/&refurl=https://mostbetapp.bet/registration/,https://www.dmca.com/Home/Error.aspx?aspxerrorpath=/&refurl=https:/mostbetapp.bet/registration/,non_gambling,DMCA Protection & Takedown Services,no_gambling_words,,False,An error has occurred in trying process your request,,,302 https://www.dmca.com/&refurl=https://mostbetapp.bet/registration/ → 200 https://www.dmca.com/Home/Error.aspx?aspxerrorpath=/&refurl=https:/mostbetapp.bet/registration/
mostbetapp.bet,latest,internal_page_link,https://www.dmca.com/&refurl=https://mostbetapp.bet/promo-code/,https://www.dmca.com/Home/Error.aspx?aspxerrorpath=/&refurl=https:/mostbetapp.bet/promo-code/,non_gambling,DMCA Protection & Takedown Services,no_gambling_words,,False,An error has occurred in trying process your request,,,302 https://www.dmca.com/&refurl=https://mostbetapp.bet/promo-code/ → 200 https://www.dmca.com/Home/Error.aspx?aspxerrorpath=/&refurl=https:/mostbetapp.bet/promo-code/
mostbetapp.bet,latest,internal_page_link,https://www.dmca.com/&refurl=https://mostbetapp.bet/affiliate/,https://www.dmca.com/Home/Error.aspx?aspxerrorpath=/&refurl=https:/mostbetapp.bet/affiliate/,non_gambling,DMCA Protection & Takedown Services,no_gambling_words,,False,An error has occurred in trying process your request,,,302 https://www.dmca.com/&refurl=https://mostbetapp.bet/affiliate/ → 200 https://www.dmca.com/Home/Error.aspx?aspxerrorpath=/&refurl=https:/mostbetapp.bet/affiliate/
mostbetapp.bet,latest,external,https://www.dmca.com/&refurl=https://mostbetapp.bet/,https://www.dmca.com/Home/Error.aspx?aspxerrorpath=/&refurl=https:/mostbetapp.bet/,non_gambling,DMCA Protection & Takedown Services,no_gambling_words,,False,An error has occurred in trying process your request,,,302 https://www.dmca.com/&refurl=https://mostbetapp.bet/ → 200 https://www.dmca.com/Home/Error.aspx?aspxerrorpath=/&refurl=https:/mostbetapp.bet/
mostbetcasinobonus.de,latest,js:form,https://mostbetcasinobonus.de/server-endpoint.php,,needs_browser,,http_undecided,,,,,,
mostbetcasinobonus.de,latest,js:script_url,https://mostbet.com/,https://mostbet.com/,mostbet,Mostbet,mostbet_assets,,False,Mostbet official website,True,,200 https://mostbet.com/
mostbetcasinobonus.de,latest,js:data-source,https://mostbetcasinobonus.de/slot-banners/?t=popular,,needs_browser,,http_undecided,,,,,,
mostbetcasinobonus.de,latest,js:data-source,https://mostbetcasinobonus.de/slot-banners/?t=2,,needs_browser,,http_undecided,,,,,,
mostbetcasinobonus.de,latest,js:data-source,https://mostbetcasinobonus.de/slot-banners/?t=3,,needs_browser,,http_undecided,,,,,,
mostbetcasinobonus.de,latest,js:data-source,https://mostbetcasinobonus.de/slot-banners/?t=betting,,needs_browser,,http_undecided,,,,,,
mostbetcasinologin.de,latest,js:form,https://mostbetcasinologin.de/server-endpoint.php,,needs_browser,,http_undecided,,,,,,
mostbetcasinologin.de,latest,js:script_url,https://mostbet.com/,https://mostbet.com/,mostbet,Mostbet,mostbet_assets,,False,Mostbet official website,True,,200 https://mostbet.com/
mostbetcasinologin.de,latest,js:data-source,https://mostbetcasinologin.de/slot-banners/?t=popular,,needs_browser,,http_undecided,,,,,,
mostbetcasinologin.de,latest,js:data-source,https://mostbetcasinologin.de/slot-banners/?t=2,,needs_browser,,http_undecided,,,,,,
mostbetcasinologin.de,latest,js:data-source,https://mostbetcasinologin.de/slot-banners/?t=3,,needs_browser,,http_undecided,,,,,,
mostbetcasinologin.de,latest,js:data-source,https://mostbetcasinologin.de/slot-banners/?t=betting,,needs_browser,,http_undecided,,,,,,
mostbetjoy.ru,latest,home_redirect,https://mostbetjoy.ru/,https://mostbet-fortune17.top/,mostbet,Mostbet,mostbet_assets,,True,,,,
mostbetit.ru,latest,home_redirect,https://mostbetit.ru/,https://mostbet-y3p.ru/,mostbet,Mostbet,mostbet_assets,,True,,,,
mostbetkazinorf1.top,latest,external,https://links-go9.top/mostbet,https://nvjnacmb.com/casino?registration=1&cid=8297204719&pid=297832&sip=0,mostbet,Mostbet,mostbet_assets,297832,True,Mostbet official website,True,,302 https://links-go9.top/mostbet → 302 https://65r08go.com/QFqF → 200 https://nvjnacmb.com/casino?registration=1&cid=8297204719&pid=297832&sip=0
mostbetkazinorf1.top,latest,external,https://links-go9.top/mostbet_android,https://nvjnacmb.com/casino?registration=1&cid=8297204659&pid=297832&sip=0,mostbet,Mostbet,mostbet_assets,297832,True,Mostbet official website,True,,302 https://links-go9.top/mostbet_android → 302 https://65r08go.com/QFqF → 200 https://nvjnacmb.com/casino?registration=1&cid=8297204659&pid=297832&sip=0
mostbetkazinorf1.top,latest,external,https://links-go9.top/mostbet_ios,https://ijwdpnmb.com/casino?registration=1&cid=8297204703&pid=297832&sip=0,mostbet,Mostbet,mostbet_assets,297832,True,Mostbet official website,True,,302 https://links-go9.top/mostbet_ios → 302 https://65r08go.com/QFqF → 200 https://ijwdpnmb.com/casino?registration=1&cid=8297204703&pid=297832&sip=0
mostbetkazinorf1.top,latest,external,https://links-go9.top/mostbet_cr,https://ijwdpnmb.com/casino?registration=1&cid=8297204757&pid=297832&sip=0,mostbet,Mostbet,mostbet_assets,297832,True,Mostbet official website,True,,302 https://links-go9.top/mostbet_cr → 302 https://65r08go.com/QFqF → 200 https://ijwdpnmb.com/casino?registration=1&cid=8297204757&pid=297832&sip=0
mostbethu.eu,latest,js:script_url,https://go.visiting.casino/cdK4tT,,needs_browser,,http_undecided,,,,,,
mostbetkazinorf.ru,latest,external,https://links-go9.top/mostbet,https://nvjnacmb.com/casino?registration=1&cid=8297204719&pid=297832&sip=0,mostbet,Mostbet,mostbet_assets,297832,True,Mostbet official website,True,,302 https://links-go9.top/mostbet → 302 https://65r08go.com/QFqF → 200 https://nvjnacmb.com/casino?registration=1&cid=8297204719&pid=297832&sip=0
mostbetkazinorf.ru,latest,external,https://links-go9.top/mostbet_android,https://nvjnacmb.com/casino?registration=1&cid=8297204659&pid=297832&sip=0,mostbet,Mostbet,mostbet_assets,297832,True,Mostbet official website,True,,302 https://links-go9.top/mostbet_android → 302 https://65r08go.com/QFqF → 200 https://nvjnacmb.com/casino?registration=1&cid=8297204659&pid=297832&sip=0
mostbetkazinorf.ru,latest,external,https://links-go9.top/mostbet_ios,https://ijwdpnmb.com/casino?registration=1&cid=8297204703&pid=297832&sip=0,mostbet,Mostbet,mostbet_assets,297832,True,Mostbet official website,True,,302 https://links-go9.top/mostbet_ios → 302 https://65r08go.com/QFqF → 200 https://ijwdpnmb.com/casino?registration=1&cid=8297204703&pid=297832&sip=0
mostbetkazinorf.ru,latest,external,https://links-go9.top/mostbet_cr,https://ijwdpnmb.com/casino?registration=1&cid=8297204757&pid=297832&sip=0,mostbet,Mostbet,mostbet_assets,297832,True,Mostbet official website,True,,302 https://links-go9.top/mostbet_cr → 302 https://65r08go.com/QFqF → 200 https://ijwdpnmb.com/casino?registration=1&cid=8297204757&pid=297832&sip=0
mostbetlogin.pro,latest,external,https://mostbet.partners/,,needs_browser,,http_undecided,,,,,,
mostbetbr.br.com,latest,js:data-url,https://join.mostbetbr.com.br/zNMvnFX,,needs_browser,,http_undecided,,,,,,
mostbetm.ru,latest,home_redirect,https://mostbetm.ru/,https://mostbet-l1k.ru/,mostbet,Mostbet,mostbet_assets,,True,,,,
mostbetkaszino.org,latest,js:script_url,https://trcker.vip/HTQqHJ,,needs_browser,,http_undecided,,,,,,
mostbetkaszino.org,latest,internal_page_link,https://sztfh.hu/tevekenysegek/szerencsejatek-felugyelet/jatekosvedelem/,https://sztfh.hu/tevekenysegek/szerencsejatek-felugyelet/jatekosvedelem/,non_gambling,Játékosvédelem,no_gambling_words,,False,Játékosvédelem – Szabályozott Tevékenységek Felügyelet Hatósága,,,200 https://sztfh.hu/tevekenysegek/szerencsejatek-felugyelet/jatekosvedelem/
mostbetnew.site,latest,external,https://mostbet.partners/,,needs_browser,,http_undecided,,,,,,
mostbetnew1.top,latest,home_redirect,https://mostbetnew1.top/,https://mostbetnew2.top,mostbet,Mostbet,mostbet_assets,,True,,,,
mostbetnew.ru,latest,home_redirect,https://mostbetnew.ru/,https://mostbetnew2.top,mostbet,Mostbet,mostbet_assets,,True,,,,
mostbetnow1.top,latest,external,https://links-go9.top/mostbet_android,https://nvjnacmb.com/casino?registration=1&cid=8297204659&pid=297832&sip=0,mostbet,Mostbet,mostbet_assets,297832,True,Mostbet official website,True,,302 https://links-go9.top/mostbet_android → 302 https://65r08go.com/QFqF → 200 https://nvjnacmb.com/casino?registration=1&cid=8297204659&pid=297832&sip=0
mostbetnow1.top,latest,external,https://links-go9.top/mostbet_ios,https://ijwdpnmb.com/casino?registration=1&cid=8297204703&pid=297832&sip=0,mostbet,Mostbet,mostbet_assets,297832,True,Mostbet official website,True,,302 https://links-go9.top/mostbet_ios → 302 https://65r08go.com/QFqF → 200 https://ijwdpnmb.com/casino?registration=1&cid=8297204703&pid=297832&sip=0
mostbetnow1.top,latest,external,https://links-go9.top/mostbet,https://nvjnacmb.com/casino?registration=1&cid=8297204719&pid=297832&sip=0,mostbet,Mostbet,mostbet_assets,297832,True,Mostbet official website,True,,302 https://links-go9.top/mostbet → 302 https://65r08go.com/QFqF → 200 https://nvjnacmb.com/casino?registration=1&cid=8297204719&pid=297832&sip=0
mostbetnow1.top,latest,external,https://links-go9.top/mostbet_cr,https://ijwdpnmb.com/casino?registration=1&cid=8297204757&pid=297832&sip=0,mostbet,Mostbet,mostbet_assets,297832,True,Mostbet official website,True,,302 https://links-go9.top/mostbet_cr → 302 https://65r08go.com/QFqF → 200 https://ijwdpnmb.com/casino?registration=1&cid=8297204757&pid=297832&sip=0
mostbetnow.ru,latest,home_redirect,https://mostbetnow.ru/,https://mostbetnow1.top/,mostbet,Mostbet,mostbet_assets,,True,,,,
mostbetmagyar.org,latest,internal_redirect_like,https://mostbetmagyar.org/go/,https://1xbet.rs:443/en/registration?tag=d_3755482m_22585c_smartlink&pb=45b3a2c401b14a689ff48b44eca10dc2&click_id=38l6ghi.637.a265co&r=registration,other_gambling,1xBet,fields:1xBet,,True,1xBet registration ᐉ Sign up,,,301 https://mostbetmagyar.org/go/ → 301 http://wcgki50.top/hDnW6D → 302 https://wcgki50.top/hDnW6D → 303 https://refpa-57015.com/L?tag=d_3755482m_22585c_smartlink&pb=45b3a2c401b14a689ff48b44eca10dc2&click_id=38l6ghi.637.a265co&r=registration → 200 https://1xbet.rs:443/en/registration?tag=d_3755482m_22585c_smartlink&pb=45b3a2c401b14a689ff48b44eca10dc2&click_id=38l6ghi.637.a265co&r=registration
mostbeton24.ru,latest,home_redirect,https://mostbeton24.ru/,https://mostbet-1e.ru/,mostbet,Mostbet,mostbet_assets,,True,,,,
mostbetofficialsite.top,latest,external,https://mostbet.partners/,,needs_browser,,http_undecided,,,,,,
mostbetoyna.top,latest,external,https://links-go9.top/mostbet_android,https://nvjnacmb.com/casino?registration=1&cid=8297204659&pid=297832&sip=0,mostbet,Mostbet,mostbet_assets,297832,True,Mostbet official website,True,,302 https://links-go9.top/mostbet_android → 302 https://65r08go.com/QFqF → 200 https://nvjnacmb.com/casino?registration=1&cid=8297204659&pid=297832&sip=0
mostbetoyna.top,latest,external,https://links-go9.top/mostbet_ios,https://ijwdpnmb.com/casino?registration=1&cid=8297204703&pid=297832&sip=0,mostbet,Mostbet,mostbet_assets,297832,True,Mostbet official website,True,,302 https://links-go9.top/mostbet_ios → 302 https://65r08go.com/QFqF → 200 https://ijwdpnmb.com/casino?registration=1&cid=8297204703&pid=297832&sip=0
mostbetoyna.top,latest,external,https://links-go9.top/mostbet,https://nvjnacmb.com/casino?registration=1&cid=8297204719&pid=297832&sip=0,mostbet,Mostbet,mostbet_assets,297832,True,Mostbet official website,True,,302 https://links-go9.top/mostbet → 302 https://65r08go.com/QFqF → 200 https://nvjnacmb.com/casino?registration=1&cid=8297204719&pid=297832&sip=0
mostbetoyna.top,latest,external,https://links-go9.top/mostbet_cr,https://ijwdpnmb.com/casino?registration=1&cid=8297204757&pid=297832&sip=0,mostbet,Mostbet,mostbet_assets,297832,True,Mostbet official website,True,,302 https://links-go9.top/mostbet_cr → 302 https://65r08go.com/QFqF → 200 https://ijwdpnmb.com/casino?registration=1&cid=8297204757&pid=297832&sip=0
mostbetoyna.ru,latest,home_redirect,https://mostbetoyna.ru/,https://mostbetoyna.top/,mostbet,Mostbet,mostbet_assets,,True,,,,
mostbetofficial.ru,latest,home_redirect,https://mostbetofficial.ru/,https://mostbet-prime19.top,mostbet,Mostbet,mostbet_assets,,True,,,,
mostbetbr.com.br,latest,js:data-url,https://join.mostbetbr.com.br/zNMvnFX,,needs_browser,,http_undecided,,,,,,
mostbetbd.biz,latest,js:data-url,https://go.mostbetbd.biz/AhnHAyT,,needs_browser,,http_undecided,,,,,,
mostbetbd.biz,latest,js:data-url,https://go.mostbetbd.biz/AhnHAyT?type=app,,needs_browser,,http_undecided,,,,,,
mostbetplus.ru,latest,home_redirect,https://mostbetplus.ru/,https://mostbet-jet17.top/,mostbet,Mostbet,mostbet_assets,,True,,,,
mostbetplus1.top,latest,home_redirect,https://mostbetplus1.top/,https://mostbetplus2.top,mostbet,Mostbet,mostbet_assets,,True,,,,
mostbetplus1.ru,latest,home_redirect,https://mostbetplus1.ru/,https://mostbetplus2.top,mostbet,Mostbet,mostbet_assets,,True,,,,
mostbetprilend33.xyz,latest,external,https://mostbet.partners/,,needs_browser,,http_undecided,,,,,,
mostbetprilend69.xyz,latest,external,https://mostbet.partners/,,needs_browser,,http_undecided,,,,,,
mostbetpro.site,latest,external,https://mostbet.partners/,,needs_browser,,http_undecided,,,,,,
mostbetr.ru,latest,external,https://links-go9.top/mostbet,https://nvjnacmb.com/casino?registration=1&cid=8297204719&pid=297832&sip=0,mostbet,Mostbet,mostbet_assets,297832,True,Mostbet official website,True,,302 https://links-go9.top/mostbet → 302 https://65r08go.com/QFqF → 200 https://nvjnacmb.com/casino?registration=1&cid=8297204719&pid=297832&sip=0
mostbetr.ru,latest,external,https://links-go9.top/mostbet_android,https://nvjnacmb.com/casino?registration=1&cid=8297204659&pid=297832&sip=0,mostbet,Mostbet,mostbet_assets,297832,True,Mostbet official website,True,,302 https://links-go9.top/mostbet_android → 302 https://65r08go.com/QFqF → 200 https://nvjnacmb.com/casino?registration=1&cid=8297204659&pid=297832&sip=0
mostbetr.ru,latest,external,https://links-go9.top/mostbet_ios,https://ijwdpnmb.com/casino?registration=1&cid=8297204703&pid=297832&sip=0,mostbet,Mostbet,mostbet_assets,297832,True,Mostbet official website,True,,302 https://links-go9.top/mostbet_ios → 302 https://65r08go.com/QFqF → 200 https://ijwdpnmb.com/casino?registration=1&cid=8297204703&pid=297832&sip=0
mostbetr.ru,latest,external,https://links-go9.top/mostbet_cr,https://ijwdpnmb.com/casino?registration=1&cid=8297204757&pid=297832&sip=0,mostbet,Mostbet,mostbet_assets,297832,True,Mostbet official website,True,,302 https://links-go9.top/mostbet_cr → 302 https://65r08go.com/QFqF → 200 https://ijwdpnmb.com/casino?registration=1&cid=8297204757&pid=297832&sip=0
mostbetr.xyz,latest,external,https://mostbet.partners/,,needs_browser,,http_undecided,,,,,,
mostbetrabocheezerkalo.ru,latest,external,https://links-go9.top/mostbet,https://nvjnacmb.com/casino?registration=1&cid=8297204719&pid=297832&sip=0,mostbet,Mostbet,mostbet_assets,297832,True,Mostbet official website,True,,302 https://links-go9.top/mostbet → 302 https://65r08go.com/QFqF → 200 https://nvjnacmb.com/casino?registration=1&cid=8297204719&pid=297832&sip=0
mostbetrabocheezerkalo.ru,latest,external,https://links-go9.top/mostbet_android,https://nvjnacmb.com/casino?registration=1&cid=8297204659&pid=297832&sip=0,mostbet,Mostbet,mostbet_assets,297832,True,Mostbet official website,True,,302 https://links-go9.top/mostbet_android → 302 https://65r08go.com/QFqF → 200 https://nvjnacmb.com/casino?registration=1&cid=8297204659&pid=297832&sip=0
mostbetrabocheezerkalo.ru,latest,external,https://links-go9.top/mostbet_ios,https://ijwdpnmb.com/casino?registration=1&cid=8297204703&pid=297832&sip=0,mostbet,Mostbet,mostbet_assets,297832,True,Mostbet official website,True,,302 https://links-go9.top/mostbet_ios → 302 https://65r08go.com/QFqF → 200 https://ijwdpnmb.com/casino?registration=1&cid=8297204703&pid=297832&sip=0
mostbetrabocheezerkalo.ru,latest,external,https://links-go9.top/mostbet_cr,https://ijwdpnmb.com/casino?registration=1&cid=8297204757&pid=297832&sip=0,mostbet,Mostbet,mostbet_assets,297832,True,Mostbet official website,True,,302 https://links-go9.top/mostbet_cr → 302 https://65r08go.com/QFqF → 200 https://ijwdpnmb.com/casino?registration=1&cid=8297204757&pid=297832&sip=0
mostbetpt.eu,latest,js:script_url,https://signup-page.com/NJytTx,,needs_browser,,http_undecided,,,,,,
mostbetpt.biz,latest,js:script_url,https://signup-page.com/NJytTx,,needs_browser,,http_undecided,,,,,,
mostbetru101.ru,latest,external,https://links-go9.top/mostbet_android,https://nvjnacmb.com/casino?registration=1&cid=8297204659&pid=297832&sip=0,mostbet,Mostbet,mostbet_assets,297832,True,Mostbet official website,True,,302 https://links-go9.top/mostbet_android → 302 https://65r08go.com/QFqF → 200 https://nvjnacmb.com/casino?registration=1&cid=8297204659&pid=297832&sip=0
mostbetru101.ru,latest,external,https://links-go9.top/mostbet_ios,https://ijwdpnmb.com/casino?registration=1&cid=8297204703&pid=297832&sip=0,mostbet,Mostbet,mostbet_assets,297832,True,Mostbet official website,True,,302 https://links-go9.top/mostbet_ios → 302 https://65r08go.com/QFqF → 200 https://ijwdpnmb.com/casino?registration=1&cid=8297204703&pid=297832&sip=0
mostbetru101.ru,latest,external,https://links-go9.top/mostbet,https://nvjnacmb.com/casino?registration=1&cid=8297204719&pid=297832&sip=0,mostbet,Mostbet,mostbet_assets,297832,True,Mostbet official website,True,,302 https://links-go9.top/mostbet → 302 https://65r08go.com/QFqF → 200 https://nvjnacmb.com/casino?registration=1&cid=8297204719&pid=297832&sip=0
mostbetru101.ru,latest,external,https://links-go9.top/mostbet_cr,https://ijwdpnmb.com/casino?registration=1&cid=8297204757&pid=297832&sip=0,mostbet,Mostbet,mostbet_assets,297832,True,Mostbet official website,True,,302 https://links-go9.top/mostbet_cr → 302 https://65r08go.com/QFqF → 200 https://ijwdpnmb.com/casino?registration=1&cid=8297204757&pid=297832&sip=0
mostbetru01.ru,latest,external,https://links-go9.top/mostbet,https://nvjnacmb.com/casino?registration=1&cid=8297204719&pid=297832&sip=0,mostbet,Mostbet,mostbet_assets,297832,True,Mostbet official website,True,,302 https://links-go9.top/mostbet → 302 https://65r08go.com/QFqF → 200 https://nvjnacmb.com/casino?registration=1&cid=8297204719&pid=297832&sip=0
mostbetru01.ru,latest,external,https://links-go9.top/mostbet_android,https://nvjnacmb.com/casino?registration=1&cid=8297204659&pid=297832&sip=0,mostbet,Mostbet,mostbet_assets,297832,True,Mostbet official website,True,,302 https://links-go9.top/mostbet_android → 302 https://65r08go.com/QFqF → 200 https://nvjnacmb.com/casino?registration=1&cid=8297204659&pid=297832&sip=0
mostbetru01.ru,latest,external,https://links-go9.top/mostbet_ios,https://ijwdpnmb.com/casino?registration=1&cid=8297204703&pid=297832&sip=0,mostbet,Mostbet,mostbet_assets,297832,True,Mostbet official website,True,,302 https://links-go9.top/mostbet_ios → 302 https://65r08go.com/QFqF → 200 https://ijwdpnmb.com/casino?registration=1&cid=8297204703&pid=297832&sip=0
mostbetru01.ru,latest,external,https://links-go9.top/mostbet_cr,https://ijwdpnmb.com/casino?registration=1&cid=8297204757&pid=297832&sip=0,mostbet,Mostbet,mostbet_assets,297832,True,Mostbet official website,True,,302 https://links-go9.top/mostbet_cr → 302 https://65r08go.com/QFqF → 200 https://ijwdpnmb.com/casino?registration=1&cid=8297204757&pid=297832&sip=0
mostbetru132.top,latest,external,https://links-go9.top/mostbet_android,https://nvjnacmb.com/casino?registration=1&cid=8297204659&pid=297832&sip=0,mostbet,Mostbet,mostbet_assets,297832,True,Mostbet official website,True,,302 https://links-go9.top/mostbet_android → 302 https://65r08go.com/QFqF → 200 https://nvjnacmb.com/casino?registration=1&cid=8297204659&pid=297832&sip=0
mostbetru132.top,latest,external,https://links-go9.top/mostbet_ios,https://ijwdpnmb.com/casino?registration=1&cid=8297204703&pid=297832&sip=0,mostbet,Mostbet,mostbet_assets,297832,True,Mostbet official website,True,,302 https://links-go9.top/mostbet_ios → 302 https://65r08go.com/QFqF → 200 https://ijwdpnmb.com/casino?registration=1&cid=8297204703&pid=297832&sip=0
mostbetru132.top,latest,external,https://links-go9.top/mostbet,https://nvjnacmb.com/casino?registration=1&cid=8297204719&pid=297832&sip=0,mostbet,Mostbet,mostbet_assets,297832,True,Mostbet official website,True,,302 https://links-go9.top/mostbet → 302 https://65r08go.com/QFqF → 200 https://nvjnacmb.com/casino?registration=1&cid=8297204719&pid=297832&sip=0
mostbetru132.top,latest,external,https://links-go9.top/mostbet_cr,https://ijwdpnmb.com/casino?registration=1&cid=8297204757&pid=297832&sip=0,mostbet,Mostbet,mostbet_assets,297832,True,Mostbet official website,True,,302 https://links-go9.top/mostbet_cr → 302 https://65r08go.com/QFqF → 200 https://ijwdpnmb.com/casino?registration=1&cid=8297204757&pid=297832&sip=0
mostbetru130.top,latest,home_redirect,https://mostbetru130.top/,https://mostbetru132.top/,mostbet,Mostbet,mostbet_assets,,True,,,,
mostbetru03.ru,latest,external,https://links-go9.top/mostbet_android,https://nvjnacmb.com/casino?registration=1&cid=8297204659&pid=297832&sip=0,mostbet,Mostbet,mostbet_assets,297832,True,Mostbet official website,True,,302 https://links-go9.top/mostbet_android → 302 https://65r08go.com/QFqF → 200 https://nvjnacmb.com/casino?registration=1&cid=8297204659&pid=297832&sip=0
mostbetru03.ru,latest,external,https://links-go9.top/mostbet_ios,https://ijwdpnmb.com/casino?registration=1&cid=8297204703&pid=297832&sip=0,mostbet,Mostbet,mostbet_assets,297832,True,Mostbet official website,True,,302 https://links-go9.top/mostbet_ios → 302 https://65r08go.com/QFqF → 200 https://ijwdpnmb.com/casino?registration=1&cid=8297204703&pid=297832&sip=0
mostbetru03.ru,latest,external,https://links-go9.top/mostbet,https://nvjnacmb.com/casino?registration=1&cid=8297204719&pid=297832&sip=0,mostbet,Mostbet,mostbet_assets,297832,True,Mostbet official website,True,,302 https://links-go9.top/mostbet → 302 https://65r08go.com/QFqF → 200 https://nvjnacmb.com/casino?registration=1&cid=8297204719&pid=297832&sip=0
mostbetru03.ru,latest,external,https://links-go9.top/mostbet_cr,https://ijwdpnmb.com/casino?registration=1&cid=8297204757&pid=297832&sip=0,mostbet,Mostbet,mostbet_assets,297832,True,Mostbet official website,True,,302 https://links-go9.top/mostbet_cr → 302 https://65r08go.com/QFqF → 200 https://ijwdpnmb.com/casino?registration=1&cid=8297204757&pid=297832&sip=0
mostbetru130.ru,latest,home_redirect,https://mostbetru130.ru/,https://mostbetru132.top/,mostbet,Mostbet,mostbet_assets,,True,,,,
mostbetru131.top,latest,home_redirect,https://mostbetru131.top/,https://mostbetru132.top/,mostbet,Mostbet,mostbet_assets,,True,,,,
mostbetrus.club,latest,external,https://mostbet.partners/,,needs_browser,,http_undecided,,,,,,
mostbetpromocode.de,latest,js:form,https://mostbetpromocode.de/server-endpoint.php,,needs_browser,,http_undecided,,,,,,
mostbetpromocode.de,latest,js:script_url,https://mostbet.com/,https://mostbet.com/,mostbet,Mostbet,mostbet_assets,,False,Mostbet official website,True,,200 https://mostbet.com/
mostbetpromocode.de,latest,js:data-source,https://mostbetpromocode.de/slot-banners/?t=popular,,needs_browser,,http_undecided,,,,,,
mostbetpromocode.de,latest,js:data-source,https://mostbetpromocode.de/slot-banners/?t=2,,needs_browser,,http_undecided,,,,,,
mostbetpromocode.de,latest,js:data-source,https://mostbetpromocode.de/slot-banners/?t=3,,needs_browser,,http_undecided,,,,,,
mostbetpromocode.de,latest,js:data-source,https://mostbetpromocode.de/slot-banners/?t=betting,,needs_browser,,http_undecided,,,,,,
mostbetrus2.top,latest,external,https://links-go9.top/mostbet,https://nvjnacmb.com/casino?registration=1&cid=8297204719&pid=297832&sip=0,mostbet,Mostbet,mostbet_assets,297832,True,Mostbet official website,True,,302 https://links-go9.top/mostbet → 302 https://65r08go.com/QFqF → 200 https://nvjnacmb.com/casino?registration=1&cid=8297204719&pid=297832&sip=0
mostbetrus2.top,latest,external,https://links-go9.top/mostbet_android,https://nvjnacmb.com/casino?registration=1&cid=8297204659&pid=297832&sip=0,mostbet,Mostbet,mostbet_assets,297832,True,Mostbet official website,True,,302 https://links-go9.top/mostbet_android → 302 https://65r08go.com/QFqF → 200 https://nvjnacmb.com/casino?registration=1&cid=8297204659&pid=297832&sip=0
mostbetrus2.top,latest,external,https://links-go9.top/mostbet_ios,https://ijwdpnmb.com/casino?registration=1&cid=8297204703&pid=297832&sip=0,mostbet,Mostbet,mostbet_assets,297832,True,Mostbet official website,True,,302 https://links-go9.top/mostbet_ios → 302 https://65r08go.com/QFqF → 200 https://ijwdpnmb.com/casino?registration=1&cid=8297204703&pid=297832&sip=0
mostbetrus2.top,latest,external,https://links-go9.top/mostbet_cr,https://ijwdpnmb.com/casino?registration=1&cid=8297204757&pid=297832&sip=0,mostbet,Mostbet,mostbet_assets,297832,True,Mostbet official website,True,,302 https://links-go9.top/mostbet_cr → 302 https://65r08go.com/QFqF → 200 https://ijwdpnmb.com/casino?registration=1&cid=8297204757&pid=297832&sip=0
mostbetrus.ru,latest,external,https://links-go9.top/mostbet,https://nvjnacmb.com/casino?registration=1&cid=8297204719&pid=297832&sip=0,mostbet,Mostbet,mostbet_assets,297832,True,Mostbet official website,True,,302 https://links-go9.top/mostbet → 302 https://65r08go.com/QFqF → 200 https://nvjnacmb.com/casino?registration=1&cid=8297204719&pid=297832&sip=0
mostbetrus.ru,latest,external,https://links-go9.top/mostbet_android,https://nvjnacmb.com/casino?registration=1&cid=8297204659&pid=297832&sip=0,mostbet,Mostbet,mostbet_assets,297832,True,Mostbet official website,True,,302 https://links-go9.top/mostbet_android → 302 https://65r08go.com/QFqF → 200 https://nvjnacmb.com/casino?registration=1&cid=8297204659&pid=297832&sip=0
mostbetrus.ru,latest,external,https://links-go9.top/mostbet_ios,https://ijwdpnmb.com/casino?registration=1&cid=8297204703&pid=297832&sip=0,mostbet,Mostbet,mostbet_assets,297832,True,Mostbet official website,True,,302 https://links-go9.top/mostbet_ios → 302 https://65r08go.com/QFqF → 200 https://ijwdpnmb.com/casino?registration=1&cid=8297204703&pid=297832&sip=0
mostbetrus.ru,latest,external,https://links-go9.top/mostbet_cr,https://ijwdpnmb.com/casino?registration=1&cid=8297204757&pid=297832&sip=0,mostbet,Mostbet,mostbet_assets,297832,True,Mostbet official website,True,,302 https://links-go9.top/mostbet_cr → 302 https://65r08go.com/QFqF → 200 https://ijwdpnmb.com/casino?registration=1&cid=8297204757&pid=297832&sip=0
mostbetrus3.top,latest,external,https://links-go9.top/mostbet,https://nvjnacmb.com/casino?registration=1&cid=8297204719&pid=297832&sip=0,mostbet,Mostbet,mostbet_assets,297832,True,Mostbet official website,True,,302 https://links-go9.top/mostbet → 302 https://65r08go.com/QFqF → 200 https://nvjnacmb.com/casino?registration=1&cid=8297204719&pid=297832&sip=0
mostbetrus3.top,latest,external,https://links-go9.top/mostbet_android,https://nvjnacmb.com/casino?registration=1&cid=8297204659&pid=297832&sip=0,mostbet,Mostbet,mostbet_assets,297832,True,Mostbet official website,True,,302 https://links-go9.top/mostbet_android → 302 https://65r08go.com/QFqF → 200 https://nvjnacmb.com/casino?registration=1&cid=8297204659&pid=297832&sip=0
mostbetrus3.top,latest,external,https://links-go9.top/mostbet_ios,https://ijwdpnmb.com/casino?registration=1&cid=8297204703&pid=297832&sip=0,mostbet,Mostbet,mostbet_assets,297832,True,Mostbet official website,True,,302 https://links-go9.top/mostbet_ios → 302 https://65r08go.com/QFqF → 200 https://ijwdpnmb.com/casino?registration=1&cid=8297204703&pid=297832&sip=0
mostbetrus3.top,latest,external,https://links-go9.top/mostbet_cr,https://ijwdpnmb.com/casino?registration=1&cid=8297204757&pid=297832&sip=0,mostbet,Mostbet,mostbet_assets,297832,True,Mostbet official website,True,,302 https://links-go9.top/mostbet_cr → 302 https://65r08go.com/QFqF → 200 https://ijwdpnmb.com/casino?registration=1&cid=8297204757&pid=297832&sip=0
mostbetrus1.top,latest,external,https://links-go9.top/mostbet,https://nvjnacmb.com/casino?registration=1&cid=8297204719&pid=297832&sip=0,mostbet,Mostbet,mostbet_assets,297832,True,Mostbet official website,True,,302 https://links-go9.top/mostbet → 302 https://65r08go.com/QFqF → 200 https://nvjnacmb.com/casino?registration=1&cid=8297204719&pid=297832&sip=0
mostbetrus1.top,latest,external,https://links-go9.top/mostbet_android,https://nvjnacmb.com/casino?registration=1&cid=8297204659&pid=297832&sip=0,mostbet,Mostbet,mostbet_assets,297832,True,Mostbet official website,True,,302 https://links-go9.top/mostbet_android → 302 https://65r08go.com/QFqF → 200 https://nvjnacmb.com/casino?registration=1&cid=8297204659&pid=297832&sip=0
mostbetrus1.top,latest,external,https://links-go9.top/mostbet_ios,https://ijwdpnmb.com/casino?registration=1&cid=8297204703&pid=297832&sip=0,mostbet,Mostbet,mostbet_assets,297832,True,Mostbet official website,True,,302 https://links-go9.top/mostbet_ios → 302 https://65r08go.com/QFqF → 200 https://ijwdpnmb.com/casino?registration=1&cid=8297204703&pid=297832&sip=0
mostbetrus1.top,latest,external,https://links-go9.top/mostbet_cr,https://ijwdpnmb.com/casino?registration=1&cid=8297204757&pid=297832&sip=0,mostbet,Mostbet,mostbet_assets,297832,True,Mostbet official website,True,,302 https://links-go9.top/mostbet_cr → 302 https://65r08go.com/QFqF → 200 https://ijwdpnmb.com/casino?registration=1&cid=8297204757&pid=297832&sip=0
mostbetrus4.top,latest,external,https://links-go9.top/mostbet,https://nvjnacmb.com/casino?registration=1&cid=8297204719&pid=297832&sip=0,mostbet,Mostbet,mostbet_assets,297832,True,Mostbet official website,True,,302 https://links-go9.top/mostbet → 302 https://65r08go.com/QFqF → 200 https://nvjnacmb.com/casino?registration=1&cid=8297204719&pid=297832&sip=0
mostbetrus4.top,latest,external,https://links-go9.top/mostbet_android,https://nvjnacmb.com/casino?registration=1&cid=8297204659&pid=297832&sip=0,mostbet,Mostbet,mostbet_assets,297832,True,Mostbet official website,True,,302 https://links-go9.top/mostbet_android → 302 https://65r08go.com/QFqF → 200 https://nvjnacmb.com/casino?registration=1&cid=8297204659&pid=297832&sip=0
mostbetrus4.top,latest,external,https://links-go9.top/mostbet_ios,https://ijwdpnmb.com/casino?registration=1&cid=8297204703&pid=297832&sip=0,mostbet,Mostbet,mostbet_assets,297832,True,Mostbet official website,True,,302 https://links-go9.top/mostbet_ios → 302 https://65r08go.com/QFqF → 200 https://ijwdpnmb.com/casino?registration=1&cid=8297204703&pid=297832&sip=0
mostbetrus4.top,latest,external,https://links-go9.top/mostbet_cr,https://ijwdpnmb.com/casino?registration=1&cid=8297204757&pid=297832&sip=0,mostbet,Mostbet,mostbet_assets,297832,True,Mostbet official website,True,,302 https://links-go9.top/mostbet_cr → 302 https://65r08go.com/QFqF → 200 https://ijwdpnmb.com/casino?registration=1&cid=8297204757&pid=297832&sip=0
mostbetrus5.top,latest,external,https://links-go9.top/mostbet,https://nvjnacmb.com/casino?registration=1&cid=8297204719&pid=297832&sip=0,mostbet,Mostbet,mostbet_assets,297832,True,Mostbet official website,True,,302 https://links-go9.top/mostbet → 302 https://65r08go.com/QFqF → 200 https://nvjnacmb.com/casino?registration=1&cid=8297204719&pid=297832&sip=0
mostbetrus5.top,latest,external,https://links-go9.top/mostbet_android,https://nvjnacmb.com/casino?registration=1&cid=8297204659&pid=297832&sip=0,mostbet,Mostbet,mostbet_assets,297832,True,Mostbet official website,True,,302 https://links-go9.top/mostbet_android → 302 https://65r08go.com/QFqF → 200 https://nvjnacmb.com/casino?registration=1&cid=8297204659&pid=297832&sip=0
mostbetrus5.top,latest,external,https://links-go9.top/mostbet_ios,https://ijwdpnmb.com/casino?registration=1&cid=8297204703&pid=297832&sip=0,mostbet,Mostbet,mostbet_assets,297832,True,Mostbet official website,True,,302 https://links-go9.top/mostbet_ios → 302 https://65r08go.com/QFqF → 200 https://ijwdpnmb.com/casino?registration=1&cid=8297204703&pid=297832&sip=0
mostbetrus5.top,latest,external,https://links-go9.top/mostbet_cr,https://ijwdpnmb.com/casino?registration=1&cid=8297204757&pid=297832&sip=0,mostbet,Mostbet,mostbet_assets,297832,True,Mostbet official website,True,,302 https://links-go9.top/mostbet_cr → 302 https://65r08go.com/QFqF → 200 https://ijwdpnmb.com/casino?registration=1&cid=8297204757&pid=297832&sip=0
mostbets-az2.info,latest,external,https://mostbet.partners/,,needs_browser,,http_undecided,,,,,,
mostbets-bk.online,latest,external,https://mostbet.partners/,,needs_browser,,http_undecided,,,,,,
mostbets-casino.com.pt,latest,js:script_url,https://signup-page.com/NJytTx,,needs_browser,,http_undecided,,,,,,
mostbets.su,latest,external,https://links-go9.top/mostbet_android,https://nvjnacmb.com/casino?registration=1&cid=8297204659&pid=297832&sip=0,mostbet,Mostbet,mostbet_assets,297832,True,Mostbet official website,True,,302 https://links-go9.top/mostbet_android → 302 https://65r08go.com/QFqF → 200 https://nvjnacmb.com/casino?registration=1&cid=8297204659&pid=297832&sip=0
mostbets.su,latest,external,https://links-go9.top/mostbet_ios,https://ijwdpnmb.com/casino?registration=1&cid=8297204703&pid=297832&sip=0,mostbet,Mostbet,mostbet_assets,297832,True,Mostbet official website,True,,302 https://links-go9.top/mostbet_ios → 302 https://65r08go.com/QFqF → 200 https://ijwdpnmb.com/casino?registration=1&cid=8297204703&pid=297832&sip=0
mostbets.su,latest,external,https://links-go9.top/mostbet,https://nvjnacmb.com/casino?registration=1&cid=8297204719&pid=297832&sip=0,mostbet,Mostbet,mostbet_assets,297832,True,Mostbet official website,True,,302 https://links-go9.top/mostbet → 302 https://65r08go.com/QFqF → 200 https://nvjnacmb.com/casino?registration=1&cid=8297204719&pid=297832&sip=0
mostbets.su,latest,external,https://links-go9.top/mostbet_cr,https://ijwdpnmb.com/casino?registration=1&cid=8297204757&pid=297832&sip=0,mostbet,Mostbet,mostbet_assets,297832,True,Mostbet official website,True,,302 https://links-go9.top/mostbet_cr → 302 https://65r08go.com/QFqF → 200 https://ijwdpnmb.com/casino?registration=1&cid=8297204757&pid=297832&sip=0
mostbets17.site,latest,external,https://mostbet.partners/,,needs_browser,,http_undecided,,,,,,
mostbets3.site,latest,external,https://mostbet.partners/,,needs_browser,,http_undecided,,,,,,
mostbetonline.pk,latest,js:data-sf-a,https://win.mostbetonline.pk/tcNmnnG,,needs_browser,,http_undecided,,,,,,
mostbetonline.pk,latest,js:data-sf-a,https://win.mostbetonline.pk/tcNmnnG?type=app,,needs_browser,,http_undecided,,,,,,
mostbetonline.pk,latest,internal_page_link,https://www.dmca.com/Protection/Status.aspx?ID=585d130d-61da-4595-a43c-d1b566180c44&refurl=https://mostbetonline.pk/download-app/,https://www.dmca.com/Protection/Status.aspx?ID=585d130d-61da-4595-a43c-d1b566180c44&refurl=https://mostbetonline.pk/download-app/,brand_site,Mostbet,name_only_weak,,False,Mostbet App: Download for Android (APK)... | Protected by DMCA.com,,,200 https://www.dmca.com/Protection/Status.aspx?ID=585d130d-61da-4595-a43c-d1b566180c44&refurl=https://mostbetonline.pk/download-app/
mostbetonline.pk,latest,internal_page_link,https://www.dmca.com/Protection/Status.aspx?ID=585d130d-61da-4595-a43c-d1b566180c44&refurl=https://mostbetonline.pk/registration/,https://www.dmca.com/Protection/Status.aspx?ID=585d130d-61da-4595-a43c-d1b566180c44&refurl=https://mostbetonline.pk/registration/,brand_site,Mostbet,name_only_weak,,False,Mostbet Registration for Pakistani... | Protected by DMCA.com,,,200 https://www.dmca.com/Protection/Status.aspx?ID=585d130d-61da-4595-a43c-d1b566180c44&refurl=https://mostbetonline.pk/registration/
mostbetonline.pk,latest,internal_page_link,https://www.dmca.com/Protection/Status.aspx?ID=585d130d-61da-4595-a43c-d1b566180c44&refurl=https://mostbetonline.pk/promo-code/,https://www.dmca.com/Protection/Status.aspx?ID=585d130d-61da-4595-a43c-d1b566180c44&refurl=https://mostbetonline.pk/promo-code/,brand_site,Mostbet,name_only_weak,,False,Mostbet Promo Code - Check How to Use... | Protected by DMCA.com,,,200 https://www.dmca.com/Protection/Status.aspx?ID=585d130d-61da-4595-a43c-d1b566180c44&refurl=https://mostbetonline.pk/promo-code/
mostbetonline.pk,latest,internal_page_link,https://edemo.endorphina.com/session/open/sid/ae11c26ffbf33eb3bcb98a0194fcf423,,needs_browser,,http_undecided,,,,,,
mostbetonline.pk,latest,internal_page_link,https://link.gamzix.com/40chillifruitsflaming,https://games.gmzx.io/game.php?sid=avkdboqlz&host=sws.gmzx.io&port=443&gid=1016&client=desktop&lang=en&home=closePopup,dead,,connect_error,,,,,,302 https://link.gamzix.com/40chillifruitsflaming
mostbetonline.pk,latest,internal_page_link,https://amigogaming.com/games/30/demo,,needs_browser,,http_undecided,,,,,,
mostbetsky.ru,latest,home_redirect,https://mostbetsky.ru/,https://mostbet-n9m.top/,mostbet,Mostbet,mostbet_assets,,True,,,,
mostbetsite.pro,latest,external,https://mostbet.partners/,,needs_browser,,http_undecided,,,,,,
mostbetslots.online,latest,external,http://nginx.org/,http://nginx.org/,non_gambling,nginx,no_gambling_words,,False,nginx,True,,200 http://nginx.org/
mostbetslots.online,latest,external,http://nginx.com/,,needs_browser,,http_undecided,,,,,,
mostbetspin9.top,latest,external,https://links-go9.top/mostbet,https://nvjnacmb.com/casino?registration=1&cid=8297204719&pid=297832&sip=0,mostbet,Mostbet,mostbet_assets,297832,True,Mostbet official website,True,,302 https://links-go9.top/mostbet → 302 https://65r08go.com/QFqF → 200 https://nvjnacmb.com/casino?registration=1&cid=8297204719&pid=297832&sip=0
mostbetspin9.top,latest,external,https://links-go9.top/mostbet_android,https://nvjnacmb.com/casino?registration=1&cid=8297204659&pid=297832&sip=0,mostbet,Mostbet,mostbet_assets,297832,True,Mostbet official website,True,,302 https://links-go9.top/mostbet_android → 302 https://65r08go.com/QFqF → 200 https://nvjnacmb.com/casino?registration=1&cid=8297204659&pid=297832&sip=0
mostbetspin9.top,latest,external,https://links-go9.top/mostbet_ios,https://ijwdpnmb.com/casino?registration=1&cid=8297204703&pid=297832&sip=0,mostbet,Mostbet,mostbet_assets,297832,True,Mostbet official website,True,,302 https://links-go9.top/mostbet_ios → 302 https://65r08go.com/QFqF → 200 https://ijwdpnmb.com/casino?registration=1&cid=8297204703&pid=297832&sip=0
mostbetspin9.top,latest,external,https://links-go9.top/mostbet_cr,https://ijwdpnmb.com/casino?registration=1&cid=8297204757&pid=297832&sip=0,mostbet,Mostbet,mostbet_assets,297832,True,Mostbet official website,True,,302 https://links-go9.top/mostbet_cr → 302 https://65r08go.com/QFqF → 200 https://ijwdpnmb.com/casino?registration=1&cid=8297204757&pid=297832&sip=0
mostbetspin8.top,latest,external,https://links-go9.top/mostbet,https://nvjnacmb.com/casino?registration=1&cid=8297204719&pid=297832&sip=0,mostbet,Mostbet,mostbet_assets,297832,True,Mostbet official website,True,,302 https://links-go9.top/mostbet → 302 https://65r08go.com/QFqF → 200 https://nvjnacmb.com/casino?registration=1&cid=8297204719&pid=297832&sip=0
mostbetspin8.top,latest,external,https://links-go9.top/mostbet_android,https://nvjnacmb.com/casino?registration=1&cid=8297204659&pid=297832&sip=0,mostbet,Mostbet,mostbet_assets,297832,True,Mostbet official website,True,,302 https://links-go9.top/mostbet_android → 302 https://65r08go.com/QFqF → 200 https://nvjnacmb.com/casino?registration=1&cid=8297204659&pid=297832&sip=0
mostbetspin8.top,latest,external,https://links-go9.top/mostbet_ios,https://ijwdpnmb.com/casino?registration=1&cid=8297204703&pid=297832&sip=0,mostbet,Mostbet,mostbet_assets,297832,True,Mostbet official website,True,,302 https://links-go9.top/mostbet_ios → 302 https://65r08go.com/QFqF → 200 https://ijwdpnmb.com/casino?registration=1&cid=8297204703&pid=297832&sip=0
mostbetspin8.top,latest,external,https://links-go9.top/mostbet_cr,https://ijwdpnmb.com/casino?registration=1&cid=8297204757&pid=297832&sip=0,mostbet,Mostbet,mostbet_assets,297832,True,Mostbet official website,True,,302 https://links-go9.top/mostbet_cr → 302 https://65r08go.com/QFqF → 200 https://ijwdpnmb.com/casino?registration=1&cid=8297204757&pid=297832&sip=0
mostbetspin7.ru,latest,external,https://links-go9.top/mostbet,https://nvjnacmb.com/casino?registration=1&cid=8297204719&pid=297832&sip=0,mostbet,Mostbet,mostbet_assets,297832,True,Mostbet official website,True,,302 https://links-go9.top/mostbet → 302 https://65r08go.com/QFqF → 200 https://nvjnacmb.com/casino?registration=1&cid=8297204719&pid=297832&sip=0
mostbetspin7.ru,latest,external,https://links-go9.top/mostbet_android,https://nvjnacmb.com/casino?registration=1&cid=8297204659&pid=297832&sip=0,mostbet,Mostbet,mostbet_assets,297832,True,Mostbet official website,True,,302 https://links-go9.top/mostbet_android → 302 https://65r08go.com/QFqF → 200 https://nvjnacmb.com/casino?registration=1&cid=8297204659&pid=297832&sip=0
mostbetspin7.ru,latest,external,https://links-go9.top/mostbet_ios,https://ijwdpnmb.com/casino?registration=1&cid=8297204703&pid=297832&sip=0,mostbet,Mostbet,mostbet_assets,297832,True,Mostbet official website,True,,302 https://links-go9.top/mostbet_ios → 302 https://65r08go.com/QFqF → 200 https://ijwdpnmb.com/casino?registration=1&cid=8297204703&pid=297832&sip=0
mostbetspin7.ru,latest,external,https://links-go9.top/mostbet_cr,https://ijwdpnmb.com/casino?registration=1&cid=8297204757&pid=297832&sip=0,mostbet,Mostbet,mostbet_assets,297832,True,Mostbet official website,True,,302 https://links-go9.top/mostbet_cr → 302 https://65r08go.com/QFqF → 200 https://ijwdpnmb.com/casino?registration=1&cid=8297204757&pid=297832&sip=0
mostbetss.top,latest,external,https://mostbet.partners/,,needs_browser,,http_undecided,,,,,,
mostbett.buzz,latest,external,https://mostbet.partners/,,needs_browser,,http_undecided,,,,,,
mostbett11.site,latest,external,https://mostbet.partners/,,needs_browser,,http_undecided,,,,,,
mostbett17.site,latest,external,https://mostbet.partners/,,needs_browser,,http_undecided,,,,,,
mostbett18.site,latest,external,https://mostbet.partners/,,needs_browser,,http_undecided,,,,,,
mostbett1.ru,latest,home_redirect,https://mostbett1.ru/,https://mostbet-playzone20.top,mostbet,Mostbet,mostbet_assets,,True,,,,
mostbettaz.ru,latest,home_redirect,https://mostbettaz.ru/,https://mostbettaz2.top,mostbet,Mostbet,mostbet_assets,,True,,,,
mostbettaz1.top,latest,home_redirect,https://mostbettaz1.top/,https://mostbettaz2.top,mostbet,Mostbet,mostbet_assets,,True,,,,
mostbetter03.ru,latest,external,https://links-go9.top/mostbet,https://nvjnacmb.com/casino?registration=1&cid=8297204719&pid=297832&sip=0,mostbet,Mostbet,mostbet_assets,297832,True,Mostbet official website,True,,302 https://links-go9.top/mostbet → 302 https://65r08go.com/QFqF → 200 https://nvjnacmb.com/casino?registration=1&cid=8297204719&pid=297832&sip=0
mostbetter03.ru,latest,external,https://links-go9.top/mostbet_android,https://nvjnacmb.com/casino?registration=1&cid=8297204659&pid=297832&sip=0,mostbet,Mostbet,mostbet_assets,297832,True,Mostbet official website,True,,302 https://links-go9.top/mostbet_android → 302 https://65r08go.com/QFqF → 200 https://nvjnacmb.com/casino?registration=1&cid=8297204659&pid=297832&sip=0
mostbetter03.ru,latest,external,https://links-go9.top/mostbet_ios,https://ijwdpnmb.com/casino?registration=1&cid=8297204703&pid=297832&sip=0,mostbet,Mostbet,mostbet_assets,297832,True,Mostbet official website,True,,302 https://links-go9.top/mostbet_ios → 302 https://65r08go.com/QFqF → 200 https://ijwdpnmb.com/casino?registration=1&cid=8297204703&pid=297832&sip=0
mostbetter03.ru,latest,external,https://links-go9.top/mostbet_cr,https://ijwdpnmb.com/casino?registration=1&cid=8297204757&pid=297832&sip=0,mostbet,Mostbet,mostbet_assets,297832,True,Mostbet official website,True,,302 https://links-go9.top/mostbet_cr → 302 https://65r08go.com/QFqF → 200 https://ijwdpnmb.com/casino?registration=1&cid=8297204757&pid=297832&sip=0
mostbetter.site,latest,external,https://mostbet.partners/,,needs_browser,,http_undecided,,,,,,
mostbetters.ru,latest,home_redirect,https://mostbetters.ru/,https://mostbet-e9h.ru/,mostbet,Mostbet,mostbet_assets,,True,,,,
mostbetss.com,latest,external,https://0700beta.com/,,needs_browser,,http_undecided,,,,,,
mostbetttrussia83.xyz,latest,external,https://mostbet.partners/,,needs_browser,,http_undecided,,,,,,
mostbetttrussia149.xyz,latest,external,https://mostbet.partners/,,needs_browser,,http_undecided,,,,,,
mostbetu.ru,latest,home_redirect,https://mostbetu.ru/,https://mostbet-q8m.ru/,mostbet,Mostbet,mostbet_assets,,True,,,,
mostbetuzkirish.ru,latest,home_redirect,https://mostbetuzkirish.ru/,https://mostbetuzkirish1.top,mostbet,Mostbet,mostbet_assets,,True,,,,
mostbetv-zerkalo.top,latest,home_redirect,https://mostbetv-zerkalo.top/,https://mostbet-casino-ze1.top,mostbet,Mostbet,mostbet_assets,,True,,,,
mostbetv-zerkalo.ru,latest,home_redirect,https://mostbetv-zerkalo.ru/,https://mostbet-casino-ze1.top,mostbet,Mostbet,mostbet_assets,,True,,,,
mostbetwin2.site,latest,external,https://mostbet.partners/,,needs_browser,,http_undecided,,,,,,
mostbety1.top,latest,home_redirect,https://mostbety1.top/,https://mostbety2.top,mostbet,Mostbet,mostbet_assets,,True,,,,
mostbety.ru,latest,home_redirect,https://mostbety.ru/,https://mostbety2.top,mostbet,Mostbet,mostbet_assets,,True,,,,
mostbetxcz.org,latest,js:script_url,https://mostbetxcz.org/casino-recenze,,needs_browser,,http_undecided,,,,,,
mostbetxcz.org,latest,external,http://mostbetxpl.ink/,http://mostbetxpl.ink/,brand_site,Mostbet,name_only_weak,,False,Mostbet Kasyno 2026 – Bonus 300% + 300 FS,,,200 http://mostbetxpl.ink/
mostbetxcz.org,latest,external,https://mostbetaz.ink/,https://mostbetaz.ink/,brand_site,Mostbet,name_only_weak,,False,Mostbet Azərbaycan Kazino 2026 – Bonus 125% + 250 FS və Pulsuz Fırlanmalar,,,200 https://mostbetaz.ink/
mostbetxcz.org,latest,external,https://mostbetpt.pro/,,needs_browser,,http_undecided,,,,,,
mostbetzerkalo15.top,latest,external,https://links-go9.top/mostbet_android,https://nvjnacmb.com/casino?registration=1&cid=8297204659&pid=297832&sip=0,mostbet,Mostbet,mostbet_assets,297832,True,Mostbet official website,True,,302 https://links-go9.top/mostbet_android → 302 https://65r08go.com/QFqF → 200 https://nvjnacmb.com/casino?registration=1&cid=8297204659&pid=297832&sip=0
mostbetzerkalo15.top,latest,external,https://links-go9.top/mostbet_ios,https://ijwdpnmb.com/casino?registration=1&cid=8297204703&pid=297832&sip=0,mostbet,Mostbet,mostbet_assets,297832,True,Mostbet official website,True,,302 https://links-go9.top/mostbet_ios → 302 https://65r08go.com/QFqF → 200 https://ijwdpnmb.com/casino?registration=1&cid=8297204703&pid=297832&sip=0
mostbetzerkalo15.top,latest,external,https://links-go9.top/mostbet,https://nvjnacmb.com/casino?registration=1&cid=8297204719&pid=297832&sip=0,mostbet,Mostbet,mostbet_assets,297832,True,Mostbet official website,True,,302 https://links-go9.top/mostbet → 302 https://65r08go.com/QFqF → 200 https://nvjnacmb.com/casino?registration=1&cid=8297204719&pid=297832&sip=0
mostbetzerkalo15.top,latest,external,https://links-go9.top/mostbet_cr,https://ijwdpnmb.com/casino?registration=1&cid=8297204757&pid=297832&sip=0,mostbet,Mostbet,mostbet_assets,297832,True,Mostbet official website,True,,302 https://links-go9.top/mostbet_cr → 302 https://65r08go.com/QFqF → 200 https://ijwdpnmb.com/casino?registration=1&cid=8297204757&pid=297832&sip=0
mostbetzerkalo10.ru,latest,home_redirect,https://mostbetzerkalo10.ru/,https://mostbet-casino-h0d.top/,mostbet,Mostbet,mostbet_assets,,True,,,,
mostbetzerkalo15.ru,latest,home_redirect,https://mostbetzerkalo15.ru/,https://mostbetzerkalo15.top/,mostbet,Mostbet,mostbet_assets,,True,,,,
mostbetzerkalo7.ru,latest,external,https://links-go9.top/mostbet_android,https://nvjnacmb.com/casino?registration=1&cid=8297204659&pid=297832&sip=0,mostbet,Mostbet,mostbet_assets,297832,True,Mostbet official website,True,,302 https://links-go9.top/mostbet_android → 302 https://65r08go.com/QFqF → 200 https://nvjnacmb.com/casino?registration=1&cid=8297204659&pid=297832&sip=0
mostbetzerkalo7.ru,latest,external,https://links-go9.top/mostbet_ios,https://ijwdpnmb.com/casino?registration=1&cid=8297204703&pid=297832&sip=0,mostbet,Mostbet,mostbet_assets,297832,True,Mostbet official website,True,,302 https://links-go9.top/mostbet_ios → 302 https://65r08go.com/QFqF → 200 https://ijwdpnmb.com/casino?registration=1&cid=8297204703&pid=297832&sip=0
mostbetzerkalo7.ru,latest,external,https://links-go9.top/mostbet,https://nvjnacmb.com/casino?registration=1&cid=8297204719&pid=297832&sip=0,mostbet,Mostbet,mostbet_assets,297832,True,Mostbet official website,True,,302 https://links-go9.top/mostbet → 302 https://65r08go.com/QFqF → 200 https://nvjnacmb.com/casino?registration=1&cid=8297204719&pid=297832&sip=0
mostbetzerkalo7.ru,latest,external,https://links-go9.top/mostbet_cr,https://ijwdpnmb.com/casino?registration=1&cid=8297204757&pid=297832&sip=0,mostbet,Mostbet,mostbet_assets,297832,True,Mostbet official website,True,,302 https://links-go9.top/mostbet_cr → 302 https://65r08go.com/QFqF → 200 https://ijwdpnmb.com/casino?registration=1&cid=8297204757&pid=297832&sip=0
mostbetzerkalo.pro,latest,external,https://mostbet.partners/,,needs_browser,,http_undecided,,,,,,
mostbetsite.com,latest,js:data-jsfolder,https://mostbetsite.com/wp-content/plugins/wonderplugin-lightbox/engine/,,needs_browser,,http_undecided,,,,,,
mostbetsite.com,latest,js:data-_wp_http_referer,https://mostbetsite.com/wp-admin/admin.php?page=wonderplugin_lightbox_show_options,,needs_browser,,http_undecided,,,,,,
mostbetzerkalo9.ru,latest,external,https://links-go9.top/mostbet_android,https://nvjnacmb.com/casino?registration=1&cid=8297204659&pid=297832&sip=0,mostbet,Mostbet,mostbet_assets,297832,True,Mostbet official website,True,,302 https://links-go9.top/mostbet_android → 302 https://65r08go.com/QFqF → 200 https://nvjnacmb.com/casino?registration=1&cid=8297204659&pid=297832&sip=0
mostbetzerkalo9.ru,latest,external,https://links-go9.top/mostbet_ios,https://ijwdpnmb.com/casino?registration=1&cid=8297204703&pid=297832&sip=0,mostbet,Mostbet,mostbet_assets,297832,True,Mostbet official website,True,,302 https://links-go9.top/mostbet_ios → 302 https://65r08go.com/QFqF → 200 https://ijwdpnmb.com/casino?registration=1&cid=8297204703&pid=297832&sip=0
mostbetzerkalo9.ru,latest,external,https://links-go9.top/mostbet,https://nvjnacmb.com/casino?registration=1&cid=8297204719&pid=297832&sip=0,mostbet,Mostbet,mostbet_assets,297832,True,Mostbet official website,True,,302 https://links-go9.top/mostbet → 302 https://65r08go.com/QFqF → 200 https://nvjnacmb.com/casino?registration=1&cid=8297204719&pid=297832&sip=0
mostbetzerkalo9.ru,latest,external,https://links-go9.top/mostbet_cr,https://ijwdpnmb.com/casino?registration=1&cid=8297204757&pid=297832&sip=0,mostbet,Mostbet,mostbet_assets,297832,True,Mostbet official website,True,,302 https://links-go9.top/mostbet_cr → 302 https://65r08go.com/QFqF → 200 https://ijwdpnmb.com/casino?registration=1&cid=8297204757&pid=297832&sip=0
mostbetzerkalo2.ru,latest,home_redirect,https://mostbetzerkalo2.ru/,https://mostbet-x4v.top,mostbet,Mostbet,mostbet_assets,,True,,,,
mostbetzerkalo3.ru,latest,home_redirect,https://mostbetzerkalo3.ru/,https://mostbet-casino-t1q.top,mostbet,Mostbet,mostbet_assets,,True,,,,
mostbetzerkalotopw.online,latest,external,https://mostbet.partners/,,needs_browser,,http_undecided,,,,,,
mostbetzy.ru,latest,home_redirect,https://mostbetzy.ru/,https://mostbet-k5m.top,mostbet,Mostbet,mostbet_assets,,True,,,,
mostbetyukle.bet,latest,js:data-href,https://regi.mostbet1az.com/WLPLGmU?type=app,,needs_browser,,http_undecided,,,,,,
mostbetyukle.bet,latest,js:data-url,https://regi.mostbet1az.com/WLPLGmU,,needs_browser,,http_undecided,,,,,,
mostbetyukle.bet,latest,js:data-sf-a,https://play.mostbet1az.com/eJdAQ7s,https://play.mostbet1az.com/eJdAQ7s,dead,,connect_error,,,,,,
mzerkalorabocheemostbet.ru,latest,external,https://links-go9.top/mostbet_android,https://nvjnacmb.com/casino?registration=1&cid=8297204659&pid=297832&sip=0,mostbet,Mostbet,mostbet_assets,297832,True,Mostbet official website,True,,302 https://links-go9.top/mostbet_android → 302 https://65r08go.com/QFqF → 200 https://nvjnacmb.com/casino?registration=1&cid=8297204659&pid=297832&sip=0
mzerkalorabocheemostbet.ru,latest,external,https://links-go9.top/mostbet_ios,https://ijwdpnmb.com/casino?registration=1&cid=8297204703&pid=297832&sip=0,mostbet,Mostbet,mostbet_assets,297832,True,Mostbet official website,True,,302 https://links-go9.top/mostbet_ios → 302 https://65r08go.com/QFqF → 200 https://ijwdpnmb.com/casino?registration=1&cid=8297204703&pid=297832&sip=0
mzerkalorabocheemostbet.ru,latest,external,https://links-go9.top/mostbet,https://nvjnacmb.com/casino?registration=1&cid=8297204719&pid=297832&sip=0,mostbet,Mostbet,mostbet_assets,297832,True,Mostbet official website,True,,302 https://links-go9.top/mostbet → 302 https://65r08go.com/QFqF → 200 https://nvjnacmb.com/casino?registration=1&cid=8297204719&pid=297832&sip=0
mzerkalorabocheemostbet.ru,latest,external,https://links-go9.top/mostbet_cr,https://ijwdpnmb.com/casino?registration=1&cid=8297204757&pid=297832&sip=0,mostbet,Mostbet,mostbet_assets,297832,True,Mostbet official website,True,,302 https://links-go9.top/mostbet_cr → 302 https://65r08go.com/QFqF → 200 https://ijwdpnmb.com/casino?registration=1&cid=8297204757&pid=297832&sip=0
nayora.org,latest,internal_redirect_like,https://www.efectocolmena.com/apk,http://d4hdamr0.top/ybzRsnYF?sub1=apk,dead,,http_404,,,,,,301 https://www.efectocolmena.com/apk → 301 http://www.efectocolmena.com/apk/ → 301 https://www.efectocolmena.com/apk/ → 404 http://d4hdamr0.top/ybzRsnYF?sub1=apk
nayora.org,latest,external,https://www.dmca.com/Protection/Status.aspx?ID=225ce1fd-06ca-4f34-a4ce-dd38462deb09,https://www.dmca.com/Protection/Status.aspx?ID=225ce1fd-06ca-4f34-a4ce-dd38462deb09,non_gambling,DMCA Content Protection Service - Protect Your Content,no_gambling_words,,False,,True,,200 https://www.dmca.com/Protection/Status.aspx?ID=225ce1fd-06ca-4f34-a4ce-dd38462deb09
nbspolicyplatform.org,latest,internal_redirect_like,https://www.efectocolmena.com/apk,http://d4hdamr0.top/ybzRsnYF?sub1=apk,dead,,http_404,,,,,,301 https://www.efectocolmena.com/apk → 301 http://www.efectocolmena.com/apk/ → 301 https://www.efectocolmena.com/apk/ → 404 http://d4hdamr0.top/ybzRsnYF?sub1=apk
nbspolicyplatform.org,latest,external,https://www.dmca.com/Protection/Status.aspx?ID=225ce1fd-06ca-4f34-a4ce-dd38462deb09,https://www.dmca.com/Protection/Status.aspx?ID=225ce1fd-06ca-4f34-a4ce-dd38462deb09,non_gambling,DMCA Content Protection Service - Protect Your Content,no_gambling_words,,False,,True,,200 https://www.dmca.com/Protection/Status.aspx?ID=225ce1fd-06ca-4f34-a4ce-dd38462deb09
nona-centrum.cz,latest,js:script_url,https://mostbet-cz-cz.dietavkrabicce.cz/,https://mostbet-cz-cz.dietavkrabicce.cz/,brand_site,Mostbet,name_only_weak,,False,"Mostbet CZ ⭐️ Bonus 40 000 CZK, online kasino a sportovní sázky",True,,200 https://mostbet-cz-cz.dietavkrabicce.cz/
mundocriativo.net.br,latest,external,https://wpastra.com,,needs_browser,,http_undecided,,,,,,
nmostbet.ru,latest,home_redirect,https://nmostbet.ru/,https://mostbet-1q.ru/,mostbet,Mostbet,mostbet_assets,,True,,,,
nina-podolog.pl,latest,internal_redirect_like,https://bazaslowian.pl/play/,,needs_browser,,http_undecided,,,,,,
nshsa.org,latest,js:data-href,https://regi.mostbet1az.com/WLPLGmU?type=app,,needs_browser,,http_undecided,,,,,,
nshsa.org,latest,js:script_url,https://mostbetyukle.bet,https://mostbet1az.com/,mostbet,Mostbet,name_only_weak,,True,Mostbet AZ – İdman Mərciləri və Onlayn Kazino 2026 | Bonus 125%,True,,308 https://mostbetyukle.bet → 200 https://mostbet1az.com/
nicolascollection.com,latest,js:data-sf-a,https://bd.mostbet-app.net/Sn7wajv,,needs_browser,,http_undecided,,,,,,
nicolascollection.com,latest,internal_page_link,https://www.dmca.com/Protection/Status.aspx?ID=585d130d-61da-4595-a43c-d1b566180c44&refurl=https://mostbet-app.net/registration/,https://www.dmca.com/Protection/Status.aspx?ID=585d130d-61da-4595-a43c-d1b566180c44&refurl=https://mostbet-app.net/registration/,brand_site,Mostbet,name_only_weak,,False,Mostbet App Registration 2026 — Full... | Protected by DMCA.com,True,,200 https://www.dmca.com/Protection/Status.aspx?ID=585d130d-61da-4595-a43c-d1b566180c44&refurl=https://mostbet-app.net/registration/
nicolascollection.com,latest,external,https://www.dmca.com/Protection/Status.aspx?ID=585d130d-61da-4595-a43c-d1b566180c44&refurl=https://mostbet-app.net/,https://www.dmca.com/Protection/Status.aspx?ID=585d130d-61da-4595-a43c-d1b566180c44&refurl=https://mostbet-app.net/,brand_site,Mostbet,name_only_weak,,False,Mostbet App Bangladesh 2026 – Official... | Protected by DMCA.com,True,,200 https://www.dmca.com/Protection/Status.aspx?ID=585d130d-61da-4595-a43c-d1b566180c44&refurl=https://mostbet-app.net/
nyceac.org,latest,internal_redirect_like,https://www.efectocolmena.com/apk,http://d4hdamr0.top/ybzRsnYF?sub1=apk,dead,,http_404,,,,,,301 https://www.efectocolmena.com/apk → 301 http://www.efectocolmena.com/apk/ → 301 https://www.efectocolmena.com/apk/ → 404 http://d4hdamr0.top/ybzRsnYF?sub1=apk
nyceac.org,latest,external,https://www.dmca.com/Protection/Status.aspx?ID=225ce1fd-06ca-4f34-a4ce-dd38462deb09,https://www.dmca.com/Protection/Status.aspx?ID=225ce1fd-06ca-4f34-a4ce-dd38462deb09,non_gambling,DMCA Content Protection Service - Protect Your Content,no_gambling_words,,False,,True,,200 https://www.dmca.com/Protection/Status.aspx?ID=225ce1fd-06ca-4f34-a4ce-dd38462deb09
online-mostbet-slots1.top,latest,external,https://mostbet.partners/,,needs_browser,,http_undecided,,,,,,
nemontessori.org,latest,js:data-sf-a,https://bd.mostbet-app.net/Sn7wajv,,needs_browser,,http_undecided,,,,,,
nemontessori.org,latest,internal_page_link,https://www.dmca.com/Protection/Status.aspx?ID=585d130d-61da-4595-a43c-d1b566180c44&refurl=https://www.nemontessori.org/registration/,https://www.dmca.com/Protection/Status.aspx?ID=585d130d-61da-4595-a43c-d1b566180c44&refurl=https://www.nemontessori.org/registration/,non_gambling,DMCA Content Protection Service - Protect Your Content,no_gambling_words,,False,,,,200 https://www.dmca.com/Protection/Status.aspx?ID=585d130d-61da-4595-a43c-d1b566180c44&refurl=https://www.nemontessori.org/registration/
nemontessori.org,latest,external,https://www.dmca.com/Protection/Status.aspx?ID=585d130d-61da-4595-a43c-d1b566180c44&refurl=https://www.nemontessori.org/,https://www.dmca.com/Protection/Status.aspx?ID=585d130d-61da-4595-a43c-d1b566180c44&refurl=https://www.nemontessori.org/,non_gambling,DMCA Content Protection Service - Protect Your Content,no_gambling_words,,False,,,,200 https://www.dmca.com/Protection/Status.aspx?ID=585d130d-61da-4595-a43c-d1b566180c44&refurl=https://www.nemontessori.org/
mostbetyuklemek.com,latest,internal_redirect_like,https://mostbet-yuklemek.com/visit/download/,https://uksyxemb.com/casino?registration=1&cid=8297212463&pid=248988&sip=0,mostbet,Mostbet,mostbet_assets,248988,True,Mostbet official website,,,301 https://mostbet-yuklemek.com/visit/download/ → 302 https://fifteenspins.com/m9CxxDc3?domain=mostbet-yuklemek.com&page=download → 302 https://vs66cd75semb.com/rAmF?sub2=mostbet-yuklemek.com&sub1=38l6ghi1ba7qo&sub3={url} → 200 https://uksyxemb.com/casino?registration=1&cid=8297212463&pid=248988&sip=0
mostbetyuklemek.com,latest,internal_redirect_like,https://mostbet-yuklemek.com/visit/,https://uksyxemb.com/casino?registration=1&cid=8297212507&pid=248988&sip=0,mostbet,Mostbet,mostbet_assets,248988,True,Mostbet official website,,,301 https://mostbet-yuklemek.com/visit/ → 302 https://fifteenspins.com/m9CxxDc3?domain=mostbet-yuklemek.com → 302 https://vs66cd75semb.com/rAmF?sub2=mostbet-yuklemek.com&sub1=38l6ghi1ba7qr&sub3={url} → 200 https://uksyxemb.com/casino?registration=1&cid=8297212507&pid=248988&sip=0
onlinesite-mostbet969.ru,latest,home_redirect,https://onlinesite-mostbet969.ru/,https://mostbet-k7x.ru/,mostbet,Mostbet,mostbet_assets,,True,,,,
original-mostbet367.ru,latest,home_redirect,https://original-mostbet367.ru/,https://mostbet-casino-e1s.top/,mostbet,Mostbet,mostbet_assets,,True,,,,
p1ay-mostbet.top,latest,external,https://links-go9.top/mostbet_android,https://nvjnacmb.com/casino?registration=1&cid=8297204659&pid=297832&sip=0,mostbet,Mostbet,mostbet_assets,297832,True,Mostbet official website,True,,302 https://links-go9.top/mostbet_android → 302 https://65r08go.com/QFqF → 200 https://nvjnacmb.com/casino?registration=1&cid=8297204659&pid=297832&sip=0
p1ay-mostbet.top,latest,external,https://links-go9.top/mostbet_ios,https://ijwdpnmb.com/casino?registration=1&cid=8297204703&pid=297832&sip=0,mostbet,Mostbet,mostbet_assets,297832,True,Mostbet official website,True,,302 https://links-go9.top/mostbet_ios → 302 https://65r08go.com/QFqF → 200 https://ijwdpnmb.com/casino?registration=1&cid=8297204703&pid=297832&sip=0
p1ay-mostbet.top,latest,external,https://links-go9.top/mostbet,https://nvjnacmb.com/casino?registration=1&cid=8297204719&pid=297832&sip=0,mostbet,Mostbet,mostbet_assets,297832,True,Mostbet official website,True,,302 https://links-go9.top/mostbet → 302 https://65r08go.com/QFqF → 200 https://nvjnacmb.com/casino?registration=1&cid=8297204719&pid=297832&sip=0
p1ay-mostbet.top,latest,external,https://links-go9.top/mostbet_cr,https://ijwdpnmb.com/casino?registration=1&cid=8297204757&pid=297832&sip=0,mostbet,Mostbet,mostbet_assets,297832,True,Mostbet official website,True,,302 https://links-go9.top/mostbet_cr → 302 https://65r08go.com/QFqF → 200 https://ijwdpnmb.com/casino?registration=1&cid=8297204757&pid=297832&sip=0
otzyvy-mostbet-vip.ru,latest,home_redirect,https://otzyvy-mostbet-vip.ru/,https://mostbet-casino-b7j.top/,mostbet,Mostbet,mostbet_assets,,True,,,,
organikbeslenme.com.tr,latest,internal_page_link,https://lisanslicasinositeleri2025.com/,https://lisanslicasinositeleri2025.com/,dead,,connect_error,,,,,,
onlinefikirler.com,latest,internal_redirect_like,https://turkiyepromotiongroup.com/go.php,https://1xbet.rs:443/en/registration?tag=d_3755482m_22585c_smartlink&pb=45b3a2c401b14a689ff48b44eca10dc2&click_id=38l6ghi.637.a265iv&r=registration,other_gambling,1xBet,fields:1xBet,,True,1xBet registration ᐉ Sign up,,,301 https://turkiyepromotiongroup.com/go.php → 302 https://2bsud5a.top/TvKKTG → 303 https://refpa-57015.com/L?tag=d_3755482m_22585c_smartlink&pb=45b3a2c401b14a689ff48b44eca10dc2&click_id=38l6ghi.637.a265iv&r=registration → 200 https://1xbet.rs:443/en/registration?tag=d_3755482m_22585c_smartlink&pb=45b3a2c401b14a689ff48b44eca10dc2&click_id=38l6ghi.637.a265iv&r=registration
onlinefikirler.com,latest,external,https://mostbet-azerbaijan.org,https://davidstuckenberg.com/,mostbet,Mostbet,name_only_weak,,True,Mostbet AZ Giriş ᐉ Mostbet Azerbaycan Rəsmi Casino,True,,301 https://mostbet-azerbaijan.org → 301 https://winterhockeygames.com/ → 301 https://www.hungeractionnys.org/ → 200 https://davidstuckenberg.com/
onlinefikirler.com,latest,external,https://finut2020.com,https://www.garantiweb.com/,gambling_site,Casino Siteleri ᐉ En İyi ve Güvenilir Casino Oyunları [2026],unrecognized_no_tracker,,True,Casino Siteleri ᐉ En İyi ve Güvenilir Casino Oyunları [2026],True,,301 https://finut2020.com → 200 https://www.garantiweb.com/
panotour.ge,latest,js:data-href,https://regi.mostbet1az.com/WLPLGmU?type=app,,needs_browser,,http_undecided,,,,,,
panotour.ge,latest,js:script_url,https://mostbetyukle.bet,https://mostbet1az.com/,mostbet,Mostbet,name_only_weak,,True,Mostbet AZ – İdman Mərciləri və Onlayn Kazino 2026 | Bonus 125%,True,,308 https://mostbetyukle.bet → 200 https://mostbet1az.com/
play-mostbet.top,latest,home_redirect,https://play-mostbet.top/,https://p1ay-mostbet.top/,mostbet,Mostbet,mostbet_assets,,True,,,,
philfrance-scholarships.com,latest,internal_redirect_like,https://www.efectocolmena.com/apk,http://d4hdamr0.top/ybzRsnYF?sub1=apk,dead,,http_404,,,,,,301 https://www.efectocolmena.com/apk → 301 http://www.efectocolmena.com/apk/ → 301 https://www.efectocolmena.com/apk/ → 404 http://d4hdamr0.top/ybzRsnYF?sub1=apk
philfrance-scholarships.com,latest,external,https://www.dmca.com/Protection/Status.aspx?ID=225ce1fd-06ca-4f34-a4ce-dd38462deb09,https://www.dmca.com/Protection/Status.aspx?ID=225ce1fd-06ca-4f34-a4ce-dd38462deb09,non_gambling,DMCA Content Protection Service - Protect Your Content,no_gambling_words,,False,,True,,200 https://www.dmca.com/Protection/Status.aspx?ID=225ce1fd-06ca-4f34-a4ce-dd38462deb09
pobedamostbet-9.ru,latest,external,https://links-go9.top/mostbet_android,https://nvjnacmb.com/casino?registration=1&cid=8297204659&pid=297832&sip=0,mostbet,Mostbet,mostbet_assets,297832,True,Mostbet official website,True,,302 https://links-go9.top/mostbet_android → 302 https://65r08go.com/QFqF → 200 https://nvjnacmb.com/casino?registration=1&cid=8297204659&pid=297832&sip=0
pobedamostbet-9.ru,latest,external,https://links-go9.top/mostbet_ios,https://ijwdpnmb.com/casino?registration=1&cid=8297204703&pid=297832&sip=0,mostbet,Mostbet,mostbet_assets,297832,True,Mostbet official website,True,,302 https://links-go9.top/mostbet_ios → 302 https://65r08go.com/QFqF → 200 https://ijwdpnmb.com/casino?registration=1&cid=8297204703&pid=297832&sip=0
pobedamostbet-9.ru,latest,external,https://links-go9.top/mostbet,https://nvjnacmb.com/casino?registration=1&cid=8297204719&pid=297832&sip=0,mostbet,Mostbet,mostbet_assets,297832,True,Mostbet official website,True,,302 https://links-go9.top/mostbet → 302 https://65r08go.com/QFqF → 200 https://nvjnacmb.com/casino?registration=1&cid=8297204719&pid=297832&sip=0
pobedamostbet-9.ru,latest,external,https://links-go9.top/mostbet_cr,https://ijwdpnmb.com/casino?registration=1&cid=8297204757&pid=297832&sip=0,mostbet,Mostbet,mostbet_assets,297832,True,Mostbet official website,True,,302 https://links-go9.top/mostbet_cr → 302 https://65r08go.com/QFqF → 200 https://ijwdpnmb.com/casino?registration=1&cid=8297204757&pid=297832&sip=0
pincake.ge,latest,js:data-href,https://regi.mostbet1az.com/WLPLGmU?type=app,,needs_browser,,http_undecided,,,,,,
pincake.ge,latest,js:script_url,https://mostbetyukle.bet,https://mostbet1az.com/,mostbet,Mostbet,name_only_weak,,True,Mostbet AZ – İdman Mərciləri və Onlayn Kazino 2026 | Bonus 125%,True,,308 https://mostbetyukle.bet → 200 https://mostbet1az.com/
polakmodel.com,latest,js:script_url,https://mostbet-cz-cz.dietavkrabicce.cz/,https://mostbet-cz-cz.dietavkrabicce.cz/,brand_site,Mostbet,name_only_weak,,False,"Mostbet CZ ⭐️ Bonus 40 000 CZK, online kasino a sportovní sázky",True,,200 https://mostbet-cz-cz.dietavkrabicce.cz/
nextep.design,latest,external,https://casinotest2.com/,https://casinotest2.com/,gambling_site,-,gambling_words_unrecognized,,False,-,,,200 https://casinotest2.com/
nextep.design,latest,external,https://jackbitcasino.net,,needs_browser,,http_undecided,,,,,,
nextep.design,latest,external,https://pistolocasinofr.net,,needs_browser,,http_undecided,,,,,,
nextep.design,latest,external,https://winmate-88.org/,https://winmate-88.org/,gambling_site,WinMate88,gambling_words_unrecognized,,False,"WinMate88 — Online Pokies, Live Casino, Aussie Offers",,,200 https://winmate-88.org/
pro-mostbettop-info2.ru,latest,home_redirect,https://pro-mostbettop-info2.ru/,https://mostbet-casino-b1n.top,mostbet,Mostbet,mostbet_assets,,True,,,,
pt-mostbet.com,latest,internal_redirect_like,https://pt-mostbet.com/go/main,https://uksyxemb.com/pregame?cid=8297212619&pid=9550&sip=0,mostbet,Mostbet,mostbet_assets,9550,True,Mostbet official website,,,302 https://pt-mostbet.com/go/main → 302 https://vs66cd75semb.com/dAhs?sub1=38l6ghi1n83dg → 200 https://uksyxemb.com/pregame?cid=8297212619&pid=9550&sip=0
pwcl.org,latest,internal_redirect_like,https://www.efectocolmena.com/apk,http://d4hdamr0.top/ybzRsnYF?sub1=apk,dead,,http_404,,,,,,301 https://www.efectocolmena.com/apk → 301 http://www.efectocolmena.com/apk/ → 301 https://www.efectocolmena.com/apk/ → 404 http://d4hdamr0.top/ybzRsnYF?sub1=apk
pwcl.org,latest,external,https://www.dmca.com/Protection/Status.aspx?ID=225ce1fd-06ca-4f34-a4ce-dd38462deb09,https://www.dmca.com/Protection/Status.aspx?ID=225ce1fd-06ca-4f34-a4ce-dd38462deb09,non_gambling,DMCA Content Protection Service - Protect Your Content,no_gambling_words,,False,,True,,200 https://www.dmca.com/Protection/Status.aspx?ID=225ce1fd-06ca-4f34-a4ce-dd38462deb09
rating-mostbet-casino59.top,latest,external,https://links-go9.top/mostbet,https://nvjnacmb.com/casino?registration=1&cid=8297204719&pid=297832&sip=0,mostbet,Mostbet,mostbet_assets,297832,True,Mostbet official website,True,,302 https://links-go9.top/mostbet → 302 https://65r08go.com/QFqF → 200 https://nvjnacmb.com/casino?registration=1&cid=8297204719&pid=297832&sip=0
rating-mostbet-casino59.top,latest,external,https://links-go9.top/mostbet_android,https://nvjnacmb.com/casino?registration=1&cid=8297204659&pid=297832&sip=0,mostbet,Mostbet,mostbet_assets,297832,True,Mostbet official website,True,,302 https://links-go9.top/mostbet_android → 302 https://65r08go.com/QFqF → 200 https://nvjnacmb.com/casino?registration=1&cid=8297204659&pid=297832&sip=0
rating-mostbet-casino59.top,latest,external,https://links-go9.top/mostbet_ios,https://ijwdpnmb.com/casino?registration=1&cid=8297204703&pid=297832&sip=0,mostbet,Mostbet,mostbet_assets,297832,True,Mostbet official website,True,,302 https://links-go9.top/mostbet_ios → 302 https://65r08go.com/QFqF → 200 https://ijwdpnmb.com/casino?registration=1&cid=8297204703&pid=297832&sip=0
rating-mostbet-casino59.top,latest,external,https://links-go9.top/mostbet_cr,https://ijwdpnmb.com/casino?registration=1&cid=8297204757&pid=297832&sip=0,mostbet,Mostbet,mostbet_assets,297832,True,Mostbet official website,True,,302 https://links-go9.top/mostbet_cr → 302 https://65r08go.com/QFqF → 200 https://ijwdpnmb.com/casino?registration=1&cid=8297204757&pid=297832&sip=0
rating-mostbet-casino1.top,latest,external,https://mostbet.partners/,,needs_browser,,http_undecided,,,,,,
rating-mostbet-casino58.ru,latest,external,https://links-go9.top/mostbet,https://nvjnacmb.com/casino?registration=1&cid=8297204719&pid=297832&sip=0,mostbet,Mostbet,mostbet_assets,297832,True,Mostbet official website,True,,302 https://links-go9.top/mostbet → 302 https://65r08go.com/QFqF → 200 https://nvjnacmb.com/casino?registration=1&cid=8297204719&pid=297832&sip=0
rating-mostbet-casino58.ru,latest,external,https://links-go9.top/mostbet_android,https://nvjnacmb.com/casino?registration=1&cid=8297204659&pid=297832&sip=0,mostbet,Mostbet,mostbet_assets,297832,True,Mostbet official website,True,,302 https://links-go9.top/mostbet_android → 302 https://65r08go.com/QFqF → 200 https://nvjnacmb.com/casino?registration=1&cid=8297204659&pid=297832&sip=0
rating-mostbet-casino58.ru,latest,external,https://links-go9.top/mostbet_ios,https://ijwdpnmb.com/casino?registration=1&cid=8297204703&pid=297832&sip=0,mostbet,Mostbet,mostbet_assets,297832,True,Mostbet official website,True,,302 https://links-go9.top/mostbet_ios → 302 https://65r08go.com/QFqF → 200 https://ijwdpnmb.com/casino?registration=1&cid=8297204703&pid=297832&sip=0
rating-mostbet-casino58.ru,latest,external,https://links-go9.top/mostbet_cr,https://ijwdpnmb.com/casino?registration=1&cid=8297204757&pid=297832&sip=0,mostbet,Mostbet,mostbet_assets,297832,True,Mostbet official website,True,,302 https://links-go9.top/mostbet_cr → 302 https://65r08go.com/QFqF → 200 https://ijwdpnmb.com/casino?registration=1&cid=8297204757&pid=297832&sip=0
rating-mostbet-casino2.top,latest,external,https://mostbet.partners/,,needs_browser,,http_undecided,,,,,,
rating-mostbet-casinokp2.top,latest,external,https://links-go9.top/mostbet,https://nvjnacmb.com/casino?registration=1&cid=8297204719&pid=297832&sip=0,mostbet,Mostbet,mostbet_assets,297832,True,Mostbet official website,True,,302 https://links-go9.top/mostbet → 302 https://65r08go.com/QFqF → 200 https://nvjnacmb.com/casino?registration=1&cid=8297204719&pid=297832&sip=0
rating-mostbet-casinokp2.top,latest,external,https://links-go9.top/mostbet_android,https://nvjnacmb.com/casino?registration=1&cid=8297204659&pid=297832&sip=0,mostbet,Mostbet,mostbet_assets,297832,True,Mostbet official website,True,,302 https://links-go9.top/mostbet_android → 302 https://65r08go.com/QFqF → 200 https://nvjnacmb.com/casino?registration=1&cid=8297204659&pid=297832&sip=0
rating-mostbet-casinokp2.top,latest,external,https://links-go9.top/mostbet_ios,https://ijwdpnmb.com/casino?registration=1&cid=8297204703&pid=297832&sip=0,mostbet,Mostbet,mostbet_assets,297832,True,Mostbet official website,True,,302 https://links-go9.top/mostbet_ios → 302 https://65r08go.com/QFqF → 200 https://ijwdpnmb.com/casino?registration=1&cid=8297204703&pid=297832&sip=0
rating-mostbet-casinokp2.top,latest,external,https://links-go9.top/mostbet_cr,https://ijwdpnmb.com/casino?registration=1&cid=8297204757&pid=297832&sip=0,mostbet,Mostbet,mostbet_assets,297832,True,Mostbet official website,True,,302 https://links-go9.top/mostbet_cr → 302 https://65r08go.com/QFqF → 200 https://ijwdpnmb.com/casino?registration=1&cid=8297204757&pid=297832&sip=0
rating-mostbet-casinohc1.top,latest,external,https://links-go9.top/mostbet,https://nvjnacmb.com/casino?registration=1&cid=8297204719&pid=297832&sip=0,mostbet,Mostbet,mostbet_assets,297832,True,Mostbet official website,True,,302 https://links-go9.top/mostbet → 302 https://65r08go.com/QFqF → 200 https://nvjnacmb.com/casino?registration=1&cid=8297204719&pid=297832&sip=0
rating-mostbet-casinohc1.top,latest,external,https://links-go9.top/mostbet_android,https://nvjnacmb.com/casino?registration=1&cid=8297204659&pid=297832&sip=0,mostbet,Mostbet,mostbet_assets,297832,True,Mostbet official website,True,,302 https://links-go9.top/mostbet_android → 302 https://65r08go.com/QFqF → 200 https://nvjnacmb.com/casino?registration=1&cid=8297204659&pid=297832&sip=0
rating-mostbet-casinohc1.top,latest,external,https://links-go9.top/mostbet_ios,https://ijwdpnmb.com/casino?registration=1&cid=8297204703&pid=297832&sip=0,mostbet,Mostbet,mostbet_assets,297832,True,Mostbet official website,True,,302 https://links-go9.top/mostbet_ios → 302 https://65r08go.com/QFqF → 200 https://ijwdpnmb.com/casino?registration=1&cid=8297204703&pid=297832&sip=0
rating-mostbet-casinohc1.top,latest,external,https://links-go9.top/mostbet_cr,https://ijwdpnmb.com/casino?registration=1&cid=8297204757&pid=297832&sip=0,mostbet,Mostbet,mostbet_assets,297832,True,Mostbet official website,True,,302 https://links-go9.top/mostbet_cr → 302 https://65r08go.com/QFqF → 200 https://ijwdpnmb.com/casino?registration=1&cid=8297204757&pid=297832&sip=0
rating-mostbet-casinohc2.top,latest,external,https://links-go9.top/mostbet,https://nvjnacmb.com/casino?registration=1&cid=8297204719&pid=297832&sip=0,mostbet,Mostbet,mostbet_assets,297832,True,Mostbet official website,True,,302 https://links-go9.top/mostbet → 302 https://65r08go.com/QFqF → 200 https://nvjnacmb.com/casino?registration=1&cid=8297204719&pid=297832&sip=0
rating-mostbet-casinohc2.top,latest,external,https://links-go9.top/mostbet_android,https://nvjnacmb.com/casino?registration=1&cid=8297204659&pid=297832&sip=0,mostbet,Mostbet,mostbet_assets,297832,True,Mostbet official website,True,,302 https://links-go9.top/mostbet_android → 302 https://65r08go.com/QFqF → 200 https://nvjnacmb.com/casino?registration=1&cid=8297204659&pid=297832&sip=0
rating-mostbet-casinohc2.top,latest,external,https://links-go9.top/mostbet_ios,https://ijwdpnmb.com/casino?registration=1&cid=8297204703&pid=297832&sip=0,mostbet,Mostbet,mostbet_assets,297832,True,Mostbet official website,True,,302 https://links-go9.top/mostbet_ios → 302 https://65r08go.com/QFqF → 200 https://ijwdpnmb.com/casino?registration=1&cid=8297204703&pid=297832&sip=0
rating-mostbet-casinohc2.top,latest,external,https://links-go9.top/mostbet_cr,https://ijwdpnmb.com/casino?registration=1&cid=8297204757&pid=297832&sip=0,mostbet,Mostbet,mostbet_assets,297832,True,Mostbet official website,True,,302 https://links-go9.top/mostbet_cr → 302 https://65r08go.com/QFqF → 200 https://ijwdpnmb.com/casino?registration=1&cid=8297204757&pid=297832&sip=0
rating-mostbet-casinook1.top,latest,external,https://links-go9.top/mostbet,https://nvjnacmb.com/casino?registration=1&cid=8297204719&pid=297832&sip=0,mostbet,Mostbet,mostbet_assets,297832,True,Mostbet official website,True,,302 https://links-go9.top/mostbet → 302 https://65r08go.com/QFqF → 200 https://nvjnacmb.com/casino?registration=1&cid=8297204719&pid=297832&sip=0
rating-mostbet-casinook1.top,latest,external,https://links-go9.top/mostbet_android,https://nvjnacmb.com/casino?registration=1&cid=8297204659&pid=297832&sip=0,mostbet,Mostbet,mostbet_assets,297832,True,Mostbet official website,True,,302 https://links-go9.top/mostbet_android → 302 https://65r08go.com/QFqF → 200 https://nvjnacmb.com/casino?registration=1&cid=8297204659&pid=297832&sip=0
rating-mostbet-casinook1.top,latest,external,https://links-go9.top/mostbet_ios,https://ijwdpnmb.com/casino?registration=1&cid=8297204703&pid=297832&sip=0,mostbet,Mostbet,mostbet_assets,297832,True,Mostbet official website,True,,302 https://links-go9.top/mostbet_ios → 302 https://65r08go.com/QFqF → 200 https://ijwdpnmb.com/casino?registration=1&cid=8297204703&pid=297832&sip=0
rating-mostbet-casinook1.top,latest,external,https://links-go9.top/mostbet_cr,https://ijwdpnmb.com/casino?registration=1&cid=8297204757&pid=297832&sip=0,mostbet,Mostbet,mostbet_assets,297832,True,Mostbet official website,True,,302 https://links-go9.top/mostbet_cr → 302 https://65r08go.com/QFqF → 200 https://ijwdpnmb.com/casino?registration=1&cid=8297204757&pid=297832&sip=0
rating-mostbet-casinohc.ru,latest,external,https://links-go9.top/mostbet,https://nvjnacmb.com/casino?registration=1&cid=8297204719&pid=297832&sip=0,mostbet,Mostbet,mostbet_assets,297832,True,Mostbet official website,True,,302 https://links-go9.top/mostbet → 302 https://65r08go.com/QFqF → 200 https://nvjnacmb.com/casino?registration=1&cid=8297204719&pid=297832&sip=0
rating-mostbet-casinohc.ru,latest,external,https://links-go9.top/mostbet_android,https://nvjnacmb.com/casino?registration=1&cid=8297204659&pid=297832&sip=0,mostbet,Mostbet,mostbet_assets,297832,True,Mostbet official website,True,,302 https://links-go9.top/mostbet_android → 302 https://65r08go.com/QFqF → 200 https://nvjnacmb.com/casino?registration=1&cid=8297204659&pid=297832&sip=0
rating-mostbet-casinohc.ru,latest,external,https://links-go9.top/mostbet_ios,https://ijwdpnmb.com/casino?registration=1&cid=8297204703&pid=297832&sip=0,mostbet,Mostbet,mostbet_assets,297832,True,Mostbet official website,True,,302 https://links-go9.top/mostbet_ios → 302 https://65r08go.com/QFqF → 200 https://ijwdpnmb.com/casino?registration=1&cid=8297204703&pid=297832&sip=0
rating-mostbet-casinohc.ru,latest,external,https://links-go9.top/mostbet_cr,https://ijwdpnmb.com/casino?registration=1&cid=8297204757&pid=297832&sip=0,mostbet,Mostbet,mostbet_assets,297832,True,Mostbet official website,True,,302 https://links-go9.top/mostbet_cr → 302 https://65r08go.com/QFqF → 200 https://ijwdpnmb.com/casino?registration=1&cid=8297204757&pid=297832&sip=0
rating-mostbet-casinook2.top,latest,external,https://links-go9.top/mostbet,https://nvjnacmb.com/casino?registration=1&cid=8297204719&pid=297832&sip=0,mostbet,Mostbet,mostbet_assets,297832,True,Mostbet official website,True,,302 https://links-go9.top/mostbet → 302 https://65r08go.com/QFqF → 200 https://nvjnacmb.com/casino?registration=1&cid=8297204719&pid=297832&sip=0
rating-mostbet-casinook2.top,latest,external,https://links-go9.top/mostbet_android,https://nvjnacmb.com/casino?registration=1&cid=8297204659&pid=297832&sip=0,mostbet,Mostbet,mostbet_assets,297832,True,Mostbet official website,True,,302 https://links-go9.top/mostbet_android → 302 https://65r08go.com/QFqF → 200 https://nvjnacmb.com/casino?registration=1&cid=8297204659&pid=297832&sip=0
rating-mostbet-casinook2.top,latest,external,https://links-go9.top/mostbet_ios,https://ijwdpnmb.com/casino?registration=1&cid=8297204703&pid=297832&sip=0,mostbet,Mostbet,mostbet_assets,297832,True,Mostbet official website,True,,302 https://links-go9.top/mostbet_ios → 302 https://65r08go.com/QFqF → 200 https://ijwdpnmb.com/casino?registration=1&cid=8297204703&pid=297832&sip=0
rating-mostbet-casinook2.top,latest,external,https://links-go9.top/mostbet_cr,https://ijwdpnmb.com/casino?registration=1&cid=8297204757&pid=297832&sip=0,mostbet,Mostbet,mostbet_assets,297832,True,Mostbet official website,True,,302 https://links-go9.top/mostbet_cr → 302 https://65r08go.com/QFqF → 200 https://ijwdpnmb.com/casino?registration=1&cid=8297204757&pid=297832&sip=0
rating-mostbet-casinokp1.top,latest,external,https://links-go9.top/mostbet,https://nvjnacmb.com/casino?registration=1&cid=8297204719&pid=297832&sip=0,mostbet,Mostbet,mostbet_assets,297832,True,Mostbet official website,True,,302 https://links-go9.top/mostbet → 302 https://65r08go.com/QFqF → 200 https://nvjnacmb.com/casino?registration=1&cid=8297204719&pid=297832&sip=0
rating-mostbet-casinokp1.top,latest,external,https://links-go9.top/mostbet_android,https://nvjnacmb.com/casino?registration=1&cid=8297204659&pid=297832&sip=0,mostbet,Mostbet,mostbet_assets,297832,True,Mostbet official website,True,,302 https://links-go9.top/mostbet_android → 302 https://65r08go.com/QFqF → 200 https://nvjnacmb.com/casino?registration=1&cid=8297204659&pid=297832&sip=0
rating-mostbet-casinokp1.top,latest,external,https://links-go9.top/mostbet_ios,https://ijwdpnmb.com/casino?registration=1&cid=8297204703&pid=297832&sip=0,mostbet,Mostbet,mostbet_assets,297832,True,Mostbet official website,True,,302 https://links-go9.top/mostbet_ios → 302 https://65r08go.com/QFqF → 200 https://ijwdpnmb.com/casino?registration=1&cid=8297204703&pid=297832&sip=0
rating-mostbet-casinokp1.top,latest,external,https://links-go9.top/mostbet_cr,https://ijwdpnmb.com/casino?registration=1&cid=8297204757&pid=297832&sip=0,mostbet,Mostbet,mostbet_assets,297832,True,Mostbet official website,True,,302 https://links-go9.top/mostbet_cr → 302 https://65r08go.com/QFqF → 200 https://ijwdpnmb.com/casino?registration=1&cid=8297204757&pid=297832&sip=0
rating-mostbet-casinook.ru,latest,external,https://links-go9.top/mostbet,https://nvjnacmb.com/casino?registration=1&cid=8297204719&pid=297832&sip=0,mostbet,Mostbet,mostbet_assets,297832,True,Mostbet official website,True,,302 https://links-go9.top/mostbet → 302 https://65r08go.com/QFqF → 200 https://nvjnacmb.com/casino?registration=1&cid=8297204719&pid=297832&sip=0
rating-mostbet-casinook.ru,latest,external,https://links-go9.top/mostbet_android,https://nvjnacmb.com/casino?registration=1&cid=8297204659&pid=297832&sip=0,mostbet,Mostbet,mostbet_assets,297832,True,Mostbet official website,True,,302 https://links-go9.top/mostbet_android → 302 https://65r08go.com/QFqF → 200 https://nvjnacmb.com/casino?registration=1&cid=8297204659&pid=297832&sip=0
rating-mostbet-casinook.ru,latest,external,https://links-go9.top/mostbet_ios,https://ijwdpnmb.com/casino?registration=1&cid=8297204703&pid=297832&sip=0,mostbet,Mostbet,mostbet_assets,297832,True,Mostbet official website,True,,302 https://links-go9.top/mostbet_ios → 302 https://65r08go.com/QFqF → 200 https://ijwdpnmb.com/casino?registration=1&cid=8297204703&pid=297832&sip=0
rating-mostbet-casinook.ru,latest,external,https://links-go9.top/mostbet_cr,https://ijwdpnmb.com/casino?registration=1&cid=8297204757&pid=297832&sip=0,mostbet,Mostbet,mostbet_assets,297832,True,Mostbet official website,True,,302 https://links-go9.top/mostbet_cr → 302 https://65r08go.com/QFqF → 200 https://ijwdpnmb.com/casino?registration=1&cid=8297204757&pid=297832&sip=0
rating-mostbet-casinokp.ru,latest,external,https://links-go9.top/mostbet,https://nvjnacmb.com/casino?registration=1&cid=8297204719&pid=297832&sip=0,mostbet,Mostbet,mostbet_assets,297832,True,Mostbet official website,True,,302 https://links-go9.top/mostbet → 302 https://65r08go.com/QFqF → 200 https://nvjnacmb.com/casino?registration=1&cid=8297204719&pid=297832&sip=0
rating-mostbet-casinokp.ru,latest,external,https://links-go9.top/mostbet_android,https://nvjnacmb.com/casino?registration=1&cid=8297204659&pid=297832&sip=0,mostbet,Mostbet,mostbet_assets,297832,True,Mostbet official website,True,,302 https://links-go9.top/mostbet_android → 302 https://65r08go.com/QFqF → 200 https://nvjnacmb.com/casino?registration=1&cid=8297204659&pid=297832&sip=0
rating-mostbet-casinokp.ru,latest,external,https://links-go9.top/mostbet_ios,https://ijwdpnmb.com/casino?registration=1&cid=8297204703&pid=297832&sip=0,mostbet,Mostbet,mostbet_assets,297832,True,Mostbet official website,True,,302 https://links-go9.top/mostbet_ios → 302 https://65r08go.com/QFqF → 200 https://ijwdpnmb.com/casino?registration=1&cid=8297204703&pid=297832&sip=0
rating-mostbet-casinokp.ru,latest,external,https://links-go9.top/mostbet_cr,https://ijwdpnmb.com/casino?registration=1&cid=8297204757&pid=297832&sip=0,mostbet,Mostbet,mostbet_assets,297832,True,Mostbet official website,True,,302 https://links-go9.top/mostbet_cr → 302 https://65r08go.com/QFqF → 200 https://ijwdpnmb.com/casino?registration=1&cid=8297204757&pid=297832&sip=0
rating-mostbet-casinopi2.top,latest,external,https://links-go9.top/mostbet,https://nvjnacmb.com/casino?registration=1&cid=8297204719&pid=297832&sip=0,mostbet,Mostbet,mostbet_assets,297832,True,Mostbet official website,True,,302 https://links-go9.top/mostbet → 302 https://65r08go.com/QFqF → 200 https://nvjnacmb.com/casino?registration=1&cid=8297204719&pid=297832&sip=0
rating-mostbet-casinopi2.top,latest,external,https://links-go9.top/mostbet_android,https://nvjnacmb.com/casino?registration=1&cid=8297204659&pid=297832&sip=0,mostbet,Mostbet,mostbet_assets,297832,True,Mostbet official website,True,,302 https://links-go9.top/mostbet_android → 302 https://65r08go.com/QFqF → 200 https://nvjnacmb.com/casino?registration=1&cid=8297204659&pid=297832&sip=0
rating-mostbet-casinopi2.top,latest,external,https://links-go9.top/mostbet_ios,https://ijwdpnmb.com/casino?registration=1&cid=8297204703&pid=297832&sip=0,mostbet,Mostbet,mostbet_assets,297832,True,Mostbet official website,True,,302 https://links-go9.top/mostbet_ios → 302 https://65r08go.com/QFqF → 200 https://ijwdpnmb.com/casino?registration=1&cid=8297204703&pid=297832&sip=0
rating-mostbet-casinopi2.top,latest,external,https://links-go9.top/mostbet_cr,https://ijwdpnmb.com/casino?registration=1&cid=8297204757&pid=297832&sip=0,mostbet,Mostbet,mostbet_assets,297832,True,Mostbet official website,True,,302 https://links-go9.top/mostbet_cr → 302 https://65r08go.com/QFqF → 200 https://ijwdpnmb.com/casino?registration=1&cid=8297204757&pid=297832&sip=0
rating-mostbet-casinooo.ru,latest,external,https://links-go9.top/mostbet,https://nvjnacmb.com/casino?registration=1&cid=8297204719&pid=297832&sip=0,mostbet,Mostbet,mostbet_assets,297832,True,Mostbet official website,True,,302 https://links-go9.top/mostbet → 302 https://65r08go.com/QFqF → 200 https://nvjnacmb.com/casino?registration=1&cid=8297204719&pid=297832&sip=0
rating-mostbet-casinooo.ru,latest,external,https://links-go9.top/mostbet_android,https://nvjnacmb.com/casino?registration=1&cid=8297204659&pid=297832&sip=0,mostbet,Mostbet,mostbet_assets,297832,True,Mostbet official website,True,,302 https://links-go9.top/mostbet_android → 302 https://65r08go.com/QFqF → 200 https://nvjnacmb.com/casino?registration=1&cid=8297204659&pid=297832&sip=0
rating-mostbet-casinooo.ru,latest,external,https://links-go9.top/mostbet_ios,https://ijwdpnmb.com/casino?registration=1&cid=8297204703&pid=297832&sip=0,mostbet,Mostbet,mostbet_assets,297832,True,Mostbet official website,True,,302 https://links-go9.top/mostbet_ios → 302 https://65r08go.com/QFqF → 200 https://ijwdpnmb.com/casino?registration=1&cid=8297204703&pid=297832&sip=0
rating-mostbet-casinooo.ru,latest,external,https://links-go9.top/mostbet_cr,https://ijwdpnmb.com/casino?registration=1&cid=8297204757&pid=297832&sip=0,mostbet,Mostbet,mostbet_assets,297832,True,Mostbet official website,True,,302 https://links-go9.top/mostbet_cr → 302 https://65r08go.com/QFqF → 200 https://ijwdpnmb.com/casino?registration=1&cid=8297204757&pid=297832&sip=0
rating-mostbet-casinooo1.top,latest,external,https://links-go9.top/mostbet,https://nvjnacmb.com/casino?registration=1&cid=8297204719&pid=297832&sip=0,mostbet,Mostbet,mostbet_assets,297832,True,Mostbet official website,True,,302 https://links-go9.top/mostbet → 302 https://65r08go.com/QFqF → 200 https://nvjnacmb.com/casino?registration=1&cid=8297204719&pid=297832&sip=0
rating-mostbet-casinooo1.top,latest,external,https://links-go9.top/mostbet_android,https://nvjnacmb.com/casino?registration=1&cid=8297204659&pid=297832&sip=0,mostbet,Mostbet,mostbet_assets,297832,True,Mostbet official website,True,,302 https://links-go9.top/mostbet_android → 302 https://65r08go.com/QFqF → 200 https://nvjnacmb.com/casino?registration=1&cid=8297204659&pid=297832&sip=0
rating-mostbet-casinooo1.top,latest,external,https://links-go9.top/mostbet_ios,https://ijwdpnmb.com/casino?registration=1&cid=8297204703&pid=297832&sip=0,mostbet,Mostbet,mostbet_assets,297832,True,Mostbet official website,True,,302 https://links-go9.top/mostbet_ios → 302 https://65r08go.com/QFqF → 200 https://ijwdpnmb.com/casino?registration=1&cid=8297204703&pid=297832&sip=0
rating-mostbet-casinooo1.top,latest,external,https://links-go9.top/mostbet_cr,https://ijwdpnmb.com/casino?registration=1&cid=8297204757&pid=297832&sip=0,mostbet,Mostbet,mostbet_assets,297832,True,Mostbet official website,True,,302 https://links-go9.top/mostbet_cr → 302 https://65r08go.com/QFqF → 200 https://ijwdpnmb.com/casino?registration=1&cid=8297204757&pid=297832&sip=0
rating-mostbet-casinooo2.top,latest,external,https://links-go9.top/mostbet,https://nvjnacmb.com/casino?registration=1&cid=8297204719&pid=297832&sip=0,mostbet,Mostbet,mostbet_assets,297832,True,Mostbet official website,True,,302 https://links-go9.top/mostbet → 302 https://65r08go.com/QFqF → 200 https://nvjnacmb.com/casino?registration=1&cid=8297204719&pid=297832&sip=0
rating-mostbet-casinooo2.top,latest,external,https://links-go9.top/mostbet_android,https://nvjnacmb.com/casino?registration=1&cid=8297204659&pid=297832&sip=0,mostbet,Mostbet,mostbet_assets,297832,True,Mostbet official website,True,,302 https://links-go9.top/mostbet_android → 302 https://65r08go.com/QFqF → 200 https://nvjnacmb.com/casino?registration=1&cid=8297204659&pid=297832&sip=0
rating-mostbet-casinooo2.top,latest,external,https://links-go9.top/mostbet_ios,https://ijwdpnmb.com/casino?registration=1&cid=8297204703&pid=297832&sip=0,mostbet,Mostbet,mostbet_assets,297832,True,Mostbet official website,True,,302 https://links-go9.top/mostbet_ios → 302 https://65r08go.com/QFqF → 200 https://ijwdpnmb.com/casino?registration=1&cid=8297204703&pid=297832&sip=0
rating-mostbet-casinooo2.top,latest,external,https://links-go9.top/mostbet_cr,https://ijwdpnmb.com/casino?registration=1&cid=8297204757&pid=297832&sip=0,mostbet,Mostbet,mostbet_assets,297832,True,Mostbet official website,True,,302 https://links-go9.top/mostbet_cr → 302 https://65r08go.com/QFqF → 200 https://ijwdpnmb.com/casino?registration=1&cid=8297204757&pid=297832&sip=0
purealohasurf.com,latest,js:data-sf-a,https://bd.mostbet-app.net/Sn7wajv,,needs_browser,,http_undecided,,,,,,
purealohasurf.com,latest,internal_page_link,https://www.dmca.com/Protection/Status.aspx?ID=585d130d-61da-4595-a43c-d1b566180c44&refurl=https://purealohasurf.com/registration/,https://www.dmca.com/Protection/Status.aspx?ID=585d130d-61da-4595-a43c-d1b566180c44&refurl=https://purealohasurf.com/registration/,non_gambling,DMCA Content Protection Service - Protect Your Content,no_gambling_words,,False,,,,200 https://www.dmca.com/Protection/Status.aspx?ID=585d130d-61da-4595-a43c-d1b566180c44&refurl=https://purealohasurf.com/registration/
purealohasurf.com,latest,external,https://www.dmca.com/Protection/Status.aspx?ID=585d130d-61da-4595-a43c-d1b566180c44&refurl=https://purealohasurf.com/,https://www.dmca.com/Protection/Status.aspx?ID=585d130d-61da-4595-a43c-d1b566180c44&refurl=https://purealohasurf.com/,non_gambling,DMCA Content Protection Service - Protect Your Content,no_gambling_words,,False,,,,200 https://www.dmca.com/Protection/Status.aspx?ID=585d130d-61da-4595-a43c-d1b566180c44&refurl=https://purealohasurf.com/
rating-mostbet-casinopi1.top,latest,external,https://links-go9.top/mostbet,https://nvjnacmb.com/casino?registration=1&cid=8297204719&pid=297832&sip=0,mostbet,Mostbet,mostbet_assets,297832,True,Mostbet official website,True,,302 https://links-go9.top/mostbet → 302 https://65r08go.com/QFqF → 200 https://nvjnacmb.com/casino?registration=1&cid=8297204719&pid=297832&sip=0
rating-mostbet-casinopi1.top,latest,external,https://links-go9.top/mostbet_android,https://nvjnacmb.com/casino?registration=1&cid=8297204659&pid=297832&sip=0,mostbet,Mostbet,mostbet_assets,297832,True,Mostbet official website,True,,302 https://links-go9.top/mostbet_android → 302 https://65r08go.com/QFqF → 200 https://nvjnacmb.com/casino?registration=1&cid=8297204659&pid=297832&sip=0
rating-mostbet-casinopi1.top,latest,external,https://links-go9.top/mostbet_ios,https://ijwdpnmb.com/casino?registration=1&cid=8297204703&pid=297832&sip=0,mostbet,Mostbet,mostbet_assets,297832,True,Mostbet official website,True,,302 https://links-go9.top/mostbet_ios → 302 https://65r08go.com/QFqF → 200 https://ijwdpnmb.com/casino?registration=1&cid=8297204703&pid=297832&sip=0
rating-mostbet-casinopi1.top,latest,external,https://links-go9.top/mostbet_cr,https://ijwdpnmb.com/casino?registration=1&cid=8297204757&pid=297832&sip=0,mostbet,Mostbet,mostbet_assets,297832,True,Mostbet official website,True,,302 https://links-go9.top/mostbet_cr → 302 https://65r08go.com/QFqF → 200 https://ijwdpnmb.com/casino?registration=1&cid=8297204757&pid=297832&sip=0
mostbetpolska.org,latest,external,https://mo.mostbetpk.org/exEbxPy?type=app,,needs_browser,,http_undecided,,,,,,
mostbetpolska.org,latest,js:data-rest-url,https://mostbetpolska.org/wp-json/sgw-plugin-blocks/v1/match-center/filter,,needs_browser,,http_undecided,,,,,,
mostbetpolska.org,latest,external,https://www.dmca.com/compliance/mostbetpolska.org,https://www.dmca.com/compliance/mostbetpolska.org,brand_site,Mostbet,name_only_weak,,False,DMCA Compliance Statement for mostbetpolska.org,,,200 https://www.dmca.com/compliance/mostbetpolska.org
rating-mostbet-casinopi.ru,latest,external,https://links-go9.top/mostbet,https://nvjnacmb.com/casino?registration=1&cid=8297204719&pid=297832&sip=0,mostbet,Mostbet,mostbet_assets,297832,True,Mostbet official website,True,,302 https://links-go9.top/mostbet → 302 https://65r08go.com/QFqF → 200 https://nvjnacmb.com/casino?registration=1&cid=8297204719&pid=297832&sip=0
rating-mostbet-casinopi.ru,latest,external,https://links-go9.top/mostbet_android,https://nvjnacmb.com/casino?registration=1&cid=8297204659&pid=297832&sip=0,mostbet,Mostbet,mostbet_assets,297832,True,Mostbet official website,True,,302 https://links-go9.top/mostbet_android → 302 https://65r08go.com/QFqF → 200 https://nvjnacmb.com/casino?registration=1&cid=8297204659&pid=297832&sip=0
rating-mostbet-casinopi.ru,latest,external,https://links-go9.top/mostbet_ios,https://ijwdpnmb.com/casino?registration=1&cid=8297204703&pid=297832&sip=0,mostbet,Mostbet,mostbet_assets,297832,True,Mostbet official website,True,,302 https://links-go9.top/mostbet_ios → 302 https://65r08go.com/QFqF → 200 https://ijwdpnmb.com/casino?registration=1&cid=8297204703&pid=297832&sip=0
rating-mostbet-casinopi.ru,latest,external,https://links-go9.top/mostbet_cr,https://ijwdpnmb.com/casino?registration=1&cid=8297204757&pid=297832&sip=0,mostbet,Mostbet,mostbet_assets,297832,True,Mostbet official website,True,,302 https://links-go9.top/mostbet_cr → 302 https://65r08go.com/QFqF → 200 https://ijwdpnmb.com/casino?registration=1&cid=8297204757&pid=297832&sip=0
rating-mostbet-casinovg2.top,latest,external,https://links-go9.top/mostbet,https://nvjnacmb.com/casino?registration=1&cid=8297204719&pid=297832&sip=0,mostbet,Mostbet,mostbet_assets,297832,True,Mostbet official website,True,,302 https://links-go9.top/mostbet → 302 https://65r08go.com/QFqF → 200 https://nvjnacmb.com/casino?registration=1&cid=8297204719&pid=297832&sip=0
rating-mostbet-casinovg2.top,latest,external,https://links-go9.top/mostbet_android,https://nvjnacmb.com/casino?registration=1&cid=8297204659&pid=297832&sip=0,mostbet,Mostbet,mostbet_assets,297832,True,Mostbet official website,True,,302 https://links-go9.top/mostbet_android → 302 https://65r08go.com/QFqF → 200 https://nvjnacmb.com/casino?registration=1&cid=8297204659&pid=297832&sip=0
rating-mostbet-casinovg2.top,latest,external,https://links-go9.top/mostbet_ios,https://ijwdpnmb.com/casino?registration=1&cid=8297204703&pid=297832&sip=0,mostbet,Mostbet,mostbet_assets,297832,True,Mostbet official website,True,,302 https://links-go9.top/mostbet_ios → 302 https://65r08go.com/QFqF → 200 https://ijwdpnmb.com/casino?registration=1&cid=8297204703&pid=297832&sip=0
rating-mostbet-casinovg2.top,latest,external,https://links-go9.top/mostbet_cr,https://ijwdpnmb.com/casino?registration=1&cid=8297204757&pid=297832&sip=0,mostbet,Mostbet,mostbet_assets,297832,True,Mostbet official website,True,,302 https://links-go9.top/mostbet_cr → 302 https://65r08go.com/QFqF → 200 https://ijwdpnmb.com/casino?registration=1&cid=8297204757&pid=297832&sip=0
rating-mostbet-casinowh2.top,latest,external,https://links-go9.top/mostbet,https://nvjnacmb.com/casino?registration=1&cid=8297204719&pid=297832&sip=0,mostbet,Mostbet,mostbet_assets,297832,True,Mostbet official website,True,,302 https://links-go9.top/mostbet → 302 https://65r08go.com/QFqF → 200 https://nvjnacmb.com/casino?registration=1&cid=8297204719&pid=297832&sip=0
rating-mostbet-casinowh2.top,latest,external,https://links-go9.top/mostbet_android,https://nvjnacmb.com/casino?registration=1&cid=8297204659&pid=297832&sip=0,mostbet,Mostbet,mostbet_assets,297832,True,Mostbet official website,True,,302 https://links-go9.top/mostbet_android → 302 https://65r08go.com/QFqF → 200 https://nvjnacmb.com/casino?registration=1&cid=8297204659&pid=297832&sip=0
rating-mostbet-casinowh2.top,latest,external,https://links-go9.top/mostbet_ios,https://ijwdpnmb.com/casino?registration=1&cid=8297204703&pid=297832&sip=0,mostbet,Mostbet,mostbet_assets,297832,True,Mostbet official website,True,,302 https://links-go9.top/mostbet_ios → 302 https://65r08go.com/QFqF → 200 https://ijwdpnmb.com/casino?registration=1&cid=8297204703&pid=297832&sip=0
rating-mostbet-casinowh2.top,latest,external,https://links-go9.top/mostbet_cr,https://ijwdpnmb.com/casino?registration=1&cid=8297204757&pid=297832&sip=0,mostbet,Mostbet,mostbet_assets,297832,True,Mostbet official website,True,,302 https://links-go9.top/mostbet_cr → 302 https://65r08go.com/QFqF → 200 https://ijwdpnmb.com/casino?registration=1&cid=8297204757&pid=297832&sip=0
rating-mostbet-casinowh1.top,latest,external,https://links-go9.top/mostbet,https://nvjnacmb.com/casino?registration=1&cid=8297204719&pid=297832&sip=0,mostbet,Mostbet,mostbet_assets,297832,True,Mostbet official website,True,,302 https://links-go9.top/mostbet → 302 https://65r08go.com/QFqF → 200 https://nvjnacmb.com/casino?registration=1&cid=8297204719&pid=297832&sip=0
rating-mostbet-casinowh1.top,latest,external,https://links-go9.top/mostbet_android,https://nvjnacmb.com/casino?registration=1&cid=8297204659&pid=297832&sip=0,mostbet,Mostbet,mostbet_assets,297832,True,Mostbet official website,True,,302 https://links-go9.top/mostbet_android → 302 https://65r08go.com/QFqF → 200 https://nvjnacmb.com/casino?registration=1&cid=8297204659&pid=297832&sip=0
rating-mostbet-casinowh1.top,latest,external,https://links-go9.top/mostbet_ios,https://ijwdpnmb.com/casino?registration=1&cid=8297204703&pid=297832&sip=0,mostbet,Mostbet,mostbet_assets,297832,True,Mostbet official website,True,,302 https://links-go9.top/mostbet_ios → 302 https://65r08go.com/QFqF → 200 https://ijwdpnmb.com/casino?registration=1&cid=8297204703&pid=297832&sip=0
rating-mostbet-casinowh1.top,latest,external,https://links-go9.top/mostbet_cr,https://ijwdpnmb.com/casino?registration=1&cid=8297204757&pid=297832&sip=0,mostbet,Mostbet,mostbet_assets,297832,True,Mostbet official website,True,,302 https://links-go9.top/mostbet_cr → 302 https://65r08go.com/QFqF → 200 https://ijwdpnmb.com/casino?registration=1&cid=8297204757&pid=297832&sip=0
rating-mostbet-casinowh.ru,latest,external,https://links-go9.top/mostbet,https://nvjnacmb.com/casino?registration=1&cid=8297204719&pid=297832&sip=0,mostbet,Mostbet,mostbet_assets,297832,True,Mostbet official website,True,,302 https://links-go9.top/mostbet → 302 https://65r08go.com/QFqF → 200 https://nvjnacmb.com/casino?registration=1&cid=8297204719&pid=297832&sip=0
rating-mostbet-casinowh.ru,latest,external,https://links-go9.top/mostbet_android,https://nvjnacmb.com/casino?registration=1&cid=8297204659&pid=297832&sip=0,mostbet,Mostbet,mostbet_assets,297832,True,Mostbet official website,True,,302 https://links-go9.top/mostbet_android → 302 https://65r08go.com/QFqF → 200 https://nvjnacmb.com/casino?registration=1&cid=8297204659&pid=297832&sip=0
rating-mostbet-casinowh.ru,latest,external,https://links-go9.top/mostbet_ios,https://ijwdpnmb.com/casino?registration=1&cid=8297204703&pid=297832&sip=0,mostbet,Mostbet,mostbet_assets,297832,True,Mostbet official website,True,,302 https://links-go9.top/mostbet_ios → 302 https://65r08go.com/QFqF → 200 https://ijwdpnmb.com/casino?registration=1&cid=8297204703&pid=297832&sip=0
rating-mostbet-casinowh.ru,latest,external,https://links-go9.top/mostbet_cr,https://ijwdpnmb.com/casino?registration=1&cid=8297204757&pid=297832&sip=0,mostbet,Mostbet,mostbet_assets,297832,True,Mostbet official website,True,,302 https://links-go9.top/mostbet_cr → 302 https://65r08go.com/QFqF → 200 https://ijwdpnmb.com/casino?registration=1&cid=8297204757&pid=297832&sip=0
rating-mostbet-casinovg1.top,latest,external,https://links-go9.top/mostbet,https://nvjnacmb.com/casino?registration=1&cid=8297204719&pid=297832&sip=0,mostbet,Mostbet,mostbet_assets,297832,True,Mostbet official website,True,,302 https://links-go9.top/mostbet → 302 https://65r08go.com/QFqF → 200 https://nvjnacmb.com/casino?registration=1&cid=8297204719&pid=297832&sip=0
rating-mostbet-casinovg1.top,latest,external,https://links-go9.top/mostbet_android,https://nvjnacmb.com/casino?registration=1&cid=8297204659&pid=297832&sip=0,mostbet,Mostbet,mostbet_assets,297832,True,Mostbet official website,True,,302 https://links-go9.top/mostbet_android → 302 https://65r08go.com/QFqF → 200 https://nvjnacmb.com/casino?registration=1&cid=8297204659&pid=297832&sip=0
rating-mostbet-casinovg1.top,latest,external,https://links-go9.top/mostbet_ios,https://ijwdpnmb.com/casino?registration=1&cid=8297204703&pid=297832&sip=0,mostbet,Mostbet,mostbet_assets,297832,True,Mostbet official website,True,,302 https://links-go9.top/mostbet_ios → 302 https://65r08go.com/QFqF → 200 https://ijwdpnmb.com/casino?registration=1&cid=8297204703&pid=297832&sip=0
rating-mostbet-casinovg1.top,latest,external,https://links-go9.top/mostbet_cr,https://ijwdpnmb.com/casino?registration=1&cid=8297204757&pid=297832&sip=0,mostbet,Mostbet,mostbet_assets,297832,True,Mostbet official website,True,,302 https://links-go9.top/mostbet_cr → 302 https://65r08go.com/QFqF → 200 https://ijwdpnmb.com/casino?registration=1&cid=8297204757&pid=297832&sip=0
rating-mostbet-casinovg.ru,latest,external,https://links-go9.top/mostbet,https://nvjnacmb.com/casino?registration=1&cid=8297204719&pid=297832&sip=0,mostbet,Mostbet,mostbet_assets,297832,True,Mostbet official website,True,,302 https://links-go9.top/mostbet → 302 https://65r08go.com/QFqF → 200 https://nvjnacmb.com/casino?registration=1&cid=8297204719&pid=297832&sip=0
rating-mostbet-casinovg.ru,latest,external,https://links-go9.top/mostbet_android,https://nvjnacmb.com/casino?registration=1&cid=8297204659&pid=297832&sip=0,mostbet,Mostbet,mostbet_assets,297832,True,Mostbet official website,True,,302 https://links-go9.top/mostbet_android → 302 https://65r08go.com/QFqF → 200 https://nvjnacmb.com/casino?registration=1&cid=8297204659&pid=297832&sip=0
rating-mostbet-casinovg.ru,latest,external,https://links-go9.top/mostbet_ios,https://ijwdpnmb.com/casino?registration=1&cid=8297204703&pid=297832&sip=0,mostbet,Mostbet,mostbet_assets,297832,True,Mostbet official website,True,,302 https://links-go9.top/mostbet_ios → 302 https://65r08go.com/QFqF → 200 https://ijwdpnmb.com/casino?registration=1&cid=8297204703&pid=297832&sip=0
rating-mostbet-casinovg.ru,latest,external,https://links-go9.top/mostbet_cr,https://ijwdpnmb.com/casino?registration=1&cid=8297204757&pid=297832&sip=0,mostbet,Mostbet,mostbet_assets,297832,True,Mostbet official website,True,,302 https://links-go9.top/mostbet_cr → 302 https://65r08go.com/QFqF → 200 https://ijwdpnmb.com/casino?registration=1&cid=8297204757&pid=297832&sip=0
rating-mostbet-casinowo1.top,latest,external,https://links-go9.top/mostbet,https://nvjnacmb.com/casino?registration=1&cid=8297204719&pid=297832&sip=0,mostbet,Mostbet,mostbet_assets,297832,True,Mostbet official website,True,,302 https://links-go9.top/mostbet → 302 https://65r08go.com/QFqF → 200 https://nvjnacmb.com/casino?registration=1&cid=8297204719&pid=297832&sip=0
rating-mostbet-casinowo1.top,latest,external,https://links-go9.top/mostbet_android,https://nvjnacmb.com/casino?registration=1&cid=8297204659&pid=297832&sip=0,mostbet,Mostbet,mostbet_assets,297832,True,Mostbet official website,True,,302 https://links-go9.top/mostbet_android → 302 https://65r08go.com/QFqF → 200 https://nvjnacmb.com/casino?registration=1&cid=8297204659&pid=297832&sip=0
rating-mostbet-casinowo1.top,latest,external,https://links-go9.top/mostbet_ios,https://ijwdpnmb.com/casino?registration=1&cid=8297204703&pid=297832&sip=0,mostbet,Mostbet,mostbet_assets,297832,True,Mostbet official website,True,,302 https://links-go9.top/mostbet_ios → 302 https://65r08go.com/QFqF → 200 https://ijwdpnmb.com/casino?registration=1&cid=8297204703&pid=297832&sip=0
rating-mostbet-casinowo1.top,latest,external,https://links-go9.top/mostbet_cr,https://ijwdpnmb.com/casino?registration=1&cid=8297204757&pid=297832&sip=0,mostbet,Mostbet,mostbet_assets,297832,True,Mostbet official website,True,,302 https://links-go9.top/mostbet_cr → 302 https://65r08go.com/QFqF → 200 https://ijwdpnmb.com/casino?registration=1&cid=8297204757&pid=297832&sip=0
rating-mostbet-casinowo2.top,latest,external,https://links-go9.top/mostbet,https://nvjnacmb.com/casino?registration=1&cid=8297204719&pid=297832&sip=0,mostbet,Mostbet,mostbet_assets,297832,True,Mostbet official website,True,,302 https://links-go9.top/mostbet → 302 https://65r08go.com/QFqF → 200 https://nvjnacmb.com/casino?registration=1&cid=8297204719&pid=297832&sip=0
rating-mostbet-casinowo2.top,latest,external,https://links-go9.top/mostbet_android,https://nvjnacmb.com/casino?registration=1&cid=8297204659&pid=297832&sip=0,mostbet,Mostbet,mostbet_assets,297832,True,Mostbet official website,True,,302 https://links-go9.top/mostbet_android → 302 https://65r08go.com/QFqF → 200 https://nvjnacmb.com/casino?registration=1&cid=8297204659&pid=297832&sip=0
rating-mostbet-casinowo2.top,latest,external,https://links-go9.top/mostbet_ios,https://ijwdpnmb.com/casino?registration=1&cid=8297204703&pid=297832&sip=0,mostbet,Mostbet,mostbet_assets,297832,True,Mostbet official website,True,,302 https://links-go9.top/mostbet_ios → 302 https://65r08go.com/QFqF → 200 https://ijwdpnmb.com/casino?registration=1&cid=8297204703&pid=297832&sip=0
rating-mostbet-casinowo2.top,latest,external,https://links-go9.top/mostbet_cr,https://ijwdpnmb.com/casino?registration=1&cid=8297204757&pid=297832&sip=0,mostbet,Mostbet,mostbet_assets,297832,True,Mostbet official website,True,,302 https://links-go9.top/mostbet_cr → 302 https://65r08go.com/QFqF → 200 https://ijwdpnmb.com/casino?registration=1&cid=8297204757&pid=297832&sip=0
rating-mostbet-casinowr2.top,latest,external,https://links-go9.top/mostbet,https://nvjnacmb.com/casino?registration=1&cid=8297204719&pid=297832&sip=0,mostbet,Mostbet,mostbet_assets,297832,True,Mostbet official website,True,,302 https://links-go9.top/mostbet → 302 https://65r08go.com/QFqF → 200 https://nvjnacmb.com/casino?registration=1&cid=8297204719&pid=297832&sip=0
rating-mostbet-casinowr2.top,latest,external,https://links-go9.top/mostbet_android,https://nvjnacmb.com/casino?registration=1&cid=8297204659&pid=297832&sip=0,mostbet,Mostbet,mostbet_assets,297832,True,Mostbet official website,True,,302 https://links-go9.top/mostbet_android → 302 https://65r08go.com/QFqF → 200 https://nvjnacmb.com/casino?registration=1&cid=8297204659&pid=297832&sip=0
rating-mostbet-casinowr2.top,latest,external,https://links-go9.top/mostbet_ios,https://ijwdpnmb.com/casino?registration=1&cid=8297204703&pid=297832&sip=0,mostbet,Mostbet,mostbet_assets,297832,True,Mostbet official website,True,,302 https://links-go9.top/mostbet_ios → 302 https://65r08go.com/QFqF → 200 https://ijwdpnmb.com/casino?registration=1&cid=8297204703&pid=297832&sip=0
rating-mostbet-casinowr2.top,latest,external,https://links-go9.top/mostbet_cr,https://ijwdpnmb.com/casino?registration=1&cid=8297204757&pid=297832&sip=0,mostbet,Mostbet,mostbet_assets,297832,True,Mostbet official website,True,,302 https://links-go9.top/mostbet_cr → 302 https://65r08go.com/QFqF → 200 https://ijwdpnmb.com/casino?registration=1&cid=8297204757&pid=297832&sip=0
rating-mostbet-casinowo.ru,latest,external,https://links-go9.top/mostbet,https://nvjnacmb.com/casino?registration=1&cid=8297204719&pid=297832&sip=0,mostbet,Mostbet,mostbet_assets,297832,True,Mostbet official website,True,,302 https://links-go9.top/mostbet → 302 https://65r08go.com/QFqF → 200 https://nvjnacmb.com/casino?registration=1&cid=8297204719&pid=297832&sip=0
rating-mostbet-casinowo.ru,latest,external,https://links-go9.top/mostbet_android,https://nvjnacmb.com/casino?registration=1&cid=8297204659&pid=297832&sip=0,mostbet,Mostbet,mostbet_assets,297832,True,Mostbet official website,True,,302 https://links-go9.top/mostbet_android → 302 https://65r08go.com/QFqF → 200 https://nvjnacmb.com/casino?registration=1&cid=8297204659&pid=297832&sip=0
rating-mostbet-casinowo.ru,latest,external,https://links-go9.top/mostbet_ios,https://ijwdpnmb.com/casino?registration=1&cid=8297204703&pid=297832&sip=0,mostbet,Mostbet,mostbet_assets,297832,True,Mostbet official website,True,,302 https://links-go9.top/mostbet_ios → 302 https://65r08go.com/QFqF → 200 https://ijwdpnmb.com/casino?registration=1&cid=8297204703&pid=297832&sip=0
rating-mostbet-casinowo.ru,latest,external,https://links-go9.top/mostbet_cr,https://ijwdpnmb.com/casino?registration=1&cid=8297204757&pid=297832&sip=0,mostbet,Mostbet,mostbet_assets,297832,True,Mostbet official website,True,,302 https://links-go9.top/mostbet_cr → 302 https://65r08go.com/QFqF → 200 https://ijwdpnmb.com/casino?registration=1&cid=8297204757&pid=297832&sip=0
rating-mostbet-casinowr1.top,latest,external,https://links-go9.top/mostbet,https://nvjnacmb.com/casino?registration=1&cid=8297204719&pid=297832&sip=0,mostbet,Mostbet,mostbet_assets,297832,True,Mostbet official website,True,,302 https://links-go9.top/mostbet → 302 https://65r08go.com/QFqF → 200 https://nvjnacmb.com/casino?registration=1&cid=8297204719&pid=297832&sip=0
rating-mostbet-casinowr1.top,latest,external,https://links-go9.top/mostbet_android,https://nvjnacmb.com/casino?registration=1&cid=8297204659&pid=297832&sip=0,mostbet,Mostbet,mostbet_assets,297832,True,Mostbet official website,True,,302 https://links-go9.top/mostbet_android → 302 https://65r08go.com/QFqF → 200 https://nvjnacmb.com/casino?registration=1&cid=8297204659&pid=297832&sip=0
rating-mostbet-casinowr1.top,latest,external,https://links-go9.top/mostbet_ios,https://ijwdpnmb.com/casino?registration=1&cid=8297204703&pid=297832&sip=0,mostbet,Mostbet,mostbet_assets,297832,True,Mostbet official website,True,,302 https://links-go9.top/mostbet_ios → 302 https://65r08go.com/QFqF → 200 https://ijwdpnmb.com/casino?registration=1&cid=8297204703&pid=297832&sip=0
rating-mostbet-casinowr1.top,latest,external,https://links-go9.top/mostbet_cr,https://ijwdpnmb.com/casino?registration=1&cid=8297204757&pid=297832&sip=0,mostbet,Mostbet,mostbet_assets,297832,True,Mostbet official website,True,,302 https://links-go9.top/mostbet_cr → 302 https://65r08go.com/QFqF → 200 https://ijwdpnmb.com/casino?registration=1&cid=8297204757&pid=297832&sip=0
rating-mostbet-casinoxd1.top,latest,external,https://links-go9.top/mostbet,https://nvjnacmb.com/casino?registration=1&cid=8297204719&pid=297832&sip=0,mostbet,Mostbet,mostbet_assets,297832,True,Mostbet official website,True,,302 https://links-go9.top/mostbet → 302 https://65r08go.com/QFqF → 200 https://nvjnacmb.com/casino?registration=1&cid=8297204719&pid=297832&sip=0
rating-mostbet-casinoxd1.top,latest,external,https://links-go9.top/mostbet_android,https://nvjnacmb.com/casino?registration=1&cid=8297204659&pid=297832&sip=0,mostbet,Mostbet,mostbet_assets,297832,True,Mostbet official website,True,,302 https://links-go9.top/mostbet_android → 302 https://65r08go.com/QFqF → 200 https://nvjnacmb.com/casino?registration=1&cid=8297204659&pid=297832&sip=0
rating-mostbet-casinoxd1.top,latest,external,https://links-go9.top/mostbet_ios,https://ijwdpnmb.com/casino?registration=1&cid=8297204703&pid=297832&sip=0,mostbet,Mostbet,mostbet_assets,297832,True,Mostbet official website,True,,302 https://links-go9.top/mostbet_ios → 302 https://65r08go.com/QFqF → 200 https://ijwdpnmb.com/casino?registration=1&cid=8297204703&pid=297832&sip=0
rating-mostbet-casinoxd1.top,latest,external,https://links-go9.top/mostbet_cr,https://ijwdpnmb.com/casino?registration=1&cid=8297204757&pid=297832&sip=0,mostbet,Mostbet,mostbet_assets,297832,True,Mostbet official website,True,,302 https://links-go9.top/mostbet_cr → 302 https://65r08go.com/QFqF → 200 https://ijwdpnmb.com/casino?registration=1&cid=8297204757&pid=297832&sip=0
rating-mostbet-casinowr.ru,latest,external,https://links-go9.top/mostbet,https://nvjnacmb.com/casino?registration=1&cid=8297204719&pid=297832&sip=0,mostbet,Mostbet,mostbet_assets,297832,True,Mostbet official website,True,,302 https://links-go9.top/mostbet → 302 https://65r08go.com/QFqF → 200 https://nvjnacmb.com/casino?registration=1&cid=8297204719&pid=297832&sip=0
rating-mostbet-casinowr.ru,latest,external,https://links-go9.top/mostbet_android,https://nvjnacmb.com/casino?registration=1&cid=8297204659&pid=297832&sip=0,mostbet,Mostbet,mostbet_assets,297832,True,Mostbet official website,True,,302 https://links-go9.top/mostbet_android → 302 https://65r08go.com/QFqF → 200 https://nvjnacmb.com/casino?registration=1&cid=8297204659&pid=297832&sip=0
rating-mostbet-casinowr.ru,latest,external,https://links-go9.top/mostbet_ios,https://ijwdpnmb.com/casino?registration=1&cid=8297204703&pid=297832&sip=0,mostbet,Mostbet,mostbet_assets,297832,True,Mostbet official website,True,,302 https://links-go9.top/mostbet_ios → 302 https://65r08go.com/QFqF → 200 https://ijwdpnmb.com/casino?registration=1&cid=8297204703&pid=297832&sip=0
rating-mostbet-casinowr.ru,latest,external,https://links-go9.top/mostbet_cr,https://ijwdpnmb.com/casino?registration=1&cid=8297204757&pid=297832&sip=0,mostbet,Mostbet,mostbet_assets,297832,True,Mostbet official website,True,,302 https://links-go9.top/mostbet_cr → 302 https://65r08go.com/QFqF → 200 https://ijwdpnmb.com/casino?registration=1&cid=8297204757&pid=297832&sip=0
rating-mostbet-casinozj1.top,latest,external,https://links-go9.top/mostbet,https://nvjnacmb.com/casino?registration=1&cid=8297204719&pid=297832&sip=0,mostbet,Mostbet,mostbet_assets,297832,True,Mostbet official website,True,,302 https://links-go9.top/mostbet → 302 https://65r08go.com/QFqF → 200 https://nvjnacmb.com/casino?registration=1&cid=8297204719&pid=297832&sip=0
rating-mostbet-casinozj1.top,latest,external,https://links-go9.top/mostbet_android,https://nvjnacmb.com/casino?registration=1&cid=8297204659&pid=297832&sip=0,mostbet,Mostbet,mostbet_assets,297832,True,Mostbet official website,True,,302 https://links-go9.top/mostbet_android → 302 https://65r08go.com/QFqF → 200 https://nvjnacmb.com/casino?registration=1&cid=8297204659&pid=297832&sip=0
rating-mostbet-casinozj1.top,latest,external,https://links-go9.top/mostbet_ios,https://ijwdpnmb.com/casino?registration=1&cid=8297204703&pid=297832&sip=0,mostbet,Mostbet,mostbet_assets,297832,True,Mostbet official website,True,,302 https://links-go9.top/mostbet_ios → 302 https://65r08go.com/QFqF → 200 https://ijwdpnmb.com/casino?registration=1&cid=8297204703&pid=297832&sip=0
rating-mostbet-casinozj1.top,latest,external,https://links-go9.top/mostbet_cr,https://ijwdpnmb.com/casino?registration=1&cid=8297204757&pid=297832&sip=0,mostbet,Mostbet,mostbet_assets,297832,True,Mostbet official website,True,,302 https://links-go9.top/mostbet_cr → 302 https://65r08go.com/QFqF → 200 https://ijwdpnmb.com/casino?registration=1&cid=8297204757&pid=297832&sip=0
restauracezenklovka.cz,latest,js:script_url,https://mostbet-cz-cz.dietavkrabicce.cz/,https://mostbet-cz-cz.dietavkrabicce.cz/,brand_site,Mostbet,name_only_weak,,False,"Mostbet CZ ⭐️ Bonus 40 000 CZK, online kasino a sportovní sázky",True,,200 https://mostbet-cz-cz.dietavkrabicce.cz/
rating-mostbet-casinoxd.ru,latest,external,https://links-go9.top/mostbet,https://nvjnacmb.com/casino?registration=1&cid=8297204719&pid=297832&sip=0,mostbet,Mostbet,mostbet_assets,297832,True,Mostbet official website,True,,302 https://links-go9.top/mostbet → 302 https://65r08go.com/QFqF → 200 https://nvjnacmb.com/casino?registration=1&cid=8297204719&pid=297832&sip=0
rating-mostbet-casinoxd.ru,latest,external,https://links-go9.top/mostbet_android,https://nvjnacmb.com/casino?registration=1&cid=8297204659&pid=297832&sip=0,mostbet,Mostbet,mostbet_assets,297832,True,Mostbet official website,True,,302 https://links-go9.top/mostbet_android → 302 https://65r08go.com/QFqF → 200 https://nvjnacmb.com/casino?registration=1&cid=8297204659&pid=297832&sip=0
rating-mostbet-casinoxd.ru,latest,external,https://links-go9.top/mostbet_ios,https://ijwdpnmb.com/casino?registration=1&cid=8297204703&pid=297832&sip=0,mostbet,Mostbet,mostbet_assets,297832,True,Mostbet official website,True,,302 https://links-go9.top/mostbet_ios → 302 https://65r08go.com/QFqF → 200 https://ijwdpnmb.com/casino?registration=1&cid=8297204703&pid=297832&sip=0
rating-mostbet-casinoxd.ru,latest,external,https://links-go9.top/mostbet_cr,https://ijwdpnmb.com/casino?registration=1&cid=8297204757&pid=297832&sip=0,mostbet,Mostbet,mostbet_assets,297832,True,Mostbet official website,True,,302 https://links-go9.top/mostbet_cr → 302 https://65r08go.com/QFqF → 200 https://ijwdpnmb.com/casino?registration=1&cid=8297204757&pid=297832&sip=0
rating-mostbet-casinozj.ru,latest,external,https://links-go9.top/mostbet,https://nvjnacmb.com/casino?registration=1&cid=8297204719&pid=297832&sip=0,mostbet,Mostbet,mostbet_assets,297832,True,Mostbet official website,True,,302 https://links-go9.top/mostbet → 302 https://65r08go.com/QFqF → 200 https://nvjnacmb.com/casino?registration=1&cid=8297204719&pid=297832&sip=0
rating-mostbet-casinozj.ru,latest,external,https://links-go9.top/mostbet_android,https://nvjnacmb.com/casino?registration=1&cid=8297204659&pid=297832&sip=0,mostbet,Mostbet,mostbet_assets,297832,True,Mostbet official website,True,,302 https://links-go9.top/mostbet_android → 302 https://65r08go.com/QFqF → 200 https://nvjnacmb.com/casino?registration=1&cid=8297204659&pid=297832&sip=0
rating-mostbet-casinozj.ru,latest,external,https://links-go9.top/mostbet_ios,https://ijwdpnmb.com/casino?registration=1&cid=8297204703&pid=297832&sip=0,mostbet,Mostbet,mostbet_assets,297832,True,Mostbet official website,True,,302 https://links-go9.top/mostbet_ios → 302 https://65r08go.com/QFqF → 200 https://ijwdpnmb.com/casino?registration=1&cid=8297204703&pid=297832&sip=0
rating-mostbet-casinozj.ru,latest,external,https://links-go9.top/mostbet_cr,https://ijwdpnmb.com/casino?registration=1&cid=8297204757&pid=297832&sip=0,mostbet,Mostbet,mostbet_assets,297832,True,Mostbet official website,True,,302 https://links-go9.top/mostbet_cr → 302 https://65r08go.com/QFqF → 200 https://ijwdpnmb.com/casino?registration=1&cid=8297204757&pid=297832&sip=0
registermostbet-436.ru,latest,home_redirect,https://registermostbet-436.ru/,https://registermostbet-437.top,mostbet,Mostbet,mostbet_assets,,True,,,,
rpclinic.cz,latest,js:script_url,https://mostbet-cz-cz.dietavkrabicce.cz/,https://mostbet-cz-cz.dietavkrabicce.cz/,brand_site,Mostbet,name_only_weak,,False,"Mostbet CZ ⭐️ Bonus 40 000 CZK, online kasino a sportovní sázky",True,,200 https://mostbet-cz-cz.dietavkrabicce.cz/
rosmini.org,latest,internal_redirect_like,https://www.efectocolmena.com/apk,http://d4hdamr0.top/ybzRsnYF?sub1=apk,dead,,http_404,,,,,,301 https://www.efectocolmena.com/apk → 301 http://www.efectocolmena.com/apk/ → 301 https://www.efectocolmena.com/apk/ → 404 http://d4hdamr0.top/ybzRsnYF?sub1=apk
rosmini.org,latest,external,https://www.dmca.com/Protection/Status.aspx?ID=225ce1fd-06ca-4f34-a4ce-dd38462deb09,https://www.dmca.com/Protection/Status.aspx?ID=225ce1fd-06ca-4f34-a4ce-dd38462deb09,non_gambling,DMCA Content Protection Service - Protect Your Content,no_gambling_words,,False,,True,,200 https://www.dmca.com/Protection/Status.aspx?ID=225ce1fd-06ca-4f34-a4ce-dd38462deb09
sc2001.org,latest,internal_redirect_like,https://turkiyepromotiongroup.com/go.php,https://1xbet.rs:443/en/registration?tag=d_3755482m_22585c_smartlink&pb=45b3a2c401b14a689ff48b44eca10dc2&click_id=38l6ghi.637.a265ju&r=registration,other_gambling,1xBet,fields:1xBet,,True,1xBet registration ᐉ Sign up,,,301 https://turkiyepromotiongroup.com/go.php → 302 https://2bsud5a.top/TvKKTG → 303 https://refpa-57015.com/L?tag=d_3755482m_22585c_smartlink&pb=45b3a2c401b14a689ff48b44eca10dc2&click_id=38l6ghi.637.a265ju&r=registration → 200 https://1xbet.rs:443/en/registration?tag=d_3755482m_22585c_smartlink&pb=45b3a2c401b14a689ff48b44eca10dc2&click_id=38l6ghi.637.a265ju&r=registration
sc2001.org,latest,external,https://mostbet-azerbaijan.org,https://davidstuckenberg.com/,mostbet,Mostbet,name_only_weak,,True,Mostbet AZ Giriş ᐉ Mostbet Azerbaycan Rəsmi Casino,True,,301 https://mostbet-azerbaijan.org → 301 https://winterhockeygames.com/ → 301 https://www.hungeractionnys.org/ → 200 https://davidstuckenberg.com/
sc2001.org,latest,external,https://finut2020.com,https://www.garantiweb.com/,gambling_site,Casino Siteleri ᐉ En İyi ve Güvenilir Casino Oyunları [2026],unrecognized_no_tracker,,True,Casino Siteleri ᐉ En İyi ve Güvenilir Casino Oyunları [2026],True,,301 https://finut2020.com → 200 https://www.garantiweb.com/
salfleaders.com,latest,home_redirect,https://salfleaders.com/,https://melbet.int.in/,other_gambling,Melbet,fields:Melbet,,True,,,,
silvermostbet-739.ru,latest,external,https://links-go9.top/mostbet_android,https://nvjnacmb.com/casino?registration=1&cid=8297204659&pid=297832&sip=0,mostbet,Mostbet,mostbet_assets,297832,True,Mostbet official website,True,,302 https://links-go9.top/mostbet_android → 302 https://65r08go.com/QFqF → 200 https://nvjnacmb.com/casino?registration=1&cid=8297204659&pid=297832&sip=0
silvermostbet-739.ru,latest,external,https://links-go9.top/mostbet_ios,https://ijwdpnmb.com/casino?registration=1&cid=8297204703&pid=297832&sip=0,mostbet,Mostbet,mostbet_assets,297832,True,Mostbet official website,True,,302 https://links-go9.top/mostbet_ios → 302 https://65r08go.com/QFqF → 200 https://ijwdpnmb.com/casino?registration=1&cid=8297204703&pid=297832&sip=0
silvermostbet-739.ru,latest,external,https://links-go9.top/mostbet,https://nvjnacmb.com/casino?registration=1&cid=8297204719&pid=297832&sip=0,mostbet,Mostbet,mostbet_assets,297832,True,Mostbet official website,True,,302 https://links-go9.top/mostbet → 302 https://65r08go.com/QFqF → 200 https://nvjnacmb.com/casino?registration=1&cid=8297204719&pid=297832&sip=0
silvermostbet-739.ru,latest,external,https://links-go9.top/mostbet_cr,https://ijwdpnmb.com/casino?registration=1&cid=8297204757&pid=297832&sip=0,mostbet,Mostbet,mostbet_assets,297832,True,Mostbet official website,True,,302 https://links-go9.top/mostbet_cr → 302 https://65r08go.com/QFqF → 200 https://ijwdpnmb.com/casino?registration=1&cid=8297204757&pid=297832&sip=0
scienceresearch.uz,latest,js:script_url,https://mostbet-mosbet-kirish-uz.com/,https://mostbet-mosbet-kirish-uz.com/,brand_site,Mostbet,name_only_weak,,False,Mostbet UZ rasmiy veb-sayti | Mosbet UZ kirish 2026 125% + 250 FS bonus,True,,200 https://mostbet-mosbet-kirish-uz.com/
scienceresearch.uz,latest,internal_page_link,https://vgfiiimb.com/0mhs?sub1=mostbet-mosbet-kirish-uz.com&sub2=app,https://upload.cdn-mb.com/apk/repacker-ng/repacks/mostbet_7.17/e4940f7f-7f73-423d-9707-e098f0679550/mostbet_7.17.apk,mostbet,Mostbet,download:application/octet-stream,,,,True,,302 https://vgfiiimb.com/0mhs?sub1=energy-system.uz&sub2=app → 200 https://upload.cdn-mb.com/apk/repacker-ng/repacks/mostbet_7.17/e4940f7f-7f73-423d-9707-e098f0679550/mostbet_7.17.apk
scienceresearch.uz,latest,internal_page_link,https://hpnjesmb.com/vmhs?sub1=mostbet-mosbet-kirish-uz.com&sub2=web&sub5=casino,https://qrncfumb.com/casino?registration=1&cid=8297205429&pid=263382&sip=0,mostbet,Mostbet,mostbet_assets,263382,True,Mostbet official website,True,,302 https://hpnjesmb.com/vmhs?sub1=mostbet-mosbet-kirish-uz.com&sub2=web&sub5=casino → 200 https://qrncfumb.com/casino?registration=1&cid=8297205429&pid=263382&sip=0
slots-mostbet-casino1.top,latest,external,https://mostbet.partners/,,needs_browser,,http_undecided,,,,,,
slots-mostbet-casino2.top,latest,external,https://mostbet.partners/,,needs_browser,,http_undecided,,,,,,
poggioaimonti.com,latest,js:data-sf-a,https://win.mostbet-cezko.com/VN7UmhA,,needs_browser,,http_undecided,,,,,,
poggioaimonti.com,latest,internal_page_link,https://www.dmca.com/Protection/Status.aspx?ID=585d130d-61da-4595-a43c-d1b566180c44&refurl=https://poggioaimonti.com/registrace/,https://www.dmca.com/Protection/Status.aspx?ID=585d130d-61da-4595-a43c-d1b566180c44&refurl=https://poggioaimonti.com/registrace/,brand_site,Mostbet,name_only_weak,,False,Mostbet Registrace a ověření pro české... | Protected by DMCA.com,,,200 https://www.dmca.com/Protection/Status.aspx?ID=585d130d-61da-4595-a43c-d1b566180c44&refurl=https://poggioaimonti.com/registrace/
poggioaimonti.com,latest,internal_page_link,https://www.dmca.com/Protection/Status.aspx?ID=585d130d-61da-4595-a43c-d1b566180c44&refurl=https://poggioaimonti.com/promo-kod/,https://www.dmca.com/Protection/Status.aspx?ID=585d130d-61da-4595-a43c-d1b566180c44&refurl=https://poggioaimonti.com/promo-kod/,brand_site,Mostbet,name_only_weak,,False,Mostbet Promo kód - aktivujte nyní... | Protected by DMCA.com,,,200 https://www.dmca.com/Protection/Status.aspx?ID=585d130d-61da-4595-a43c-d1b566180c44&refurl=https://poggioaimonti.com/promo-kod/
poggioaimonti.com,latest,external,https://www.dmca.com/Protection/Status.aspx?ID=585d130d-61da-4595-a43c-d1b566180c44&refurl=https://poggioaimonti.com/,https://www.dmca.com/Protection/Status.aspx?ID=585d130d-61da-4595-a43c-d1b566180c44&refurl=https://poggioaimonti.com/,brand_site,Mostbet,name_only_weak,,False,Mostbet CZ Casino - Přihlášení na Oficiální... | Protected by DMCA.com,,,200 https://www.dmca.com/Protection/Status.aspx?ID=585d130d-61da-4595-a43c-d1b566180c44&refurl=https://poggioaimonti.com/
stavka-mostbet.win,latest,external,https://mostbet.partners/,,needs_browser,,http_undecided,,,,,,
stavka-mostbet3.site,latest,external,https://mostbet.partners/,,needs_browser,,http_undecided,,,,,,
portermerbabu.com,latest,js:data-sf-a,https://reg.mostbetbdapp.com/7ue78qT,,needs_browser,,http_undecided,,,,,,
portermerbabu.com,latest,internal_page_link,https://www.dmca.com/Protection/Status.aspx?ID=585d130d-61da-4595-a43c-d1b566180c44&refurl=https://portermerbabu.com/registration/,https://www.dmca.com/Protection/Status.aspx?ID=585d130d-61da-4595-a43c-d1b566180c44&refurl=https://portermerbabu.com/registration/,brand_site,Mostbet,name_only_weak,,False,"Mostbet Registration in Bangladesh,... | Protected by DMCA.com",,,200 https://www.dmca.com/Protection/Status.aspx?ID=585d130d-61da-4595-a43c-d1b566180c44&refurl=https://portermerbabu.com/registration/
portermerbabu.com,latest,internal_page_link,https://www.dmca.com/Protection/Status.aspx?ID=585d130d-61da-4595-a43c-d1b566180c44&refurl=https://portermerbabu.com/promo-code/,https://www.dmca.com/Protection/Status.aspx?ID=585d130d-61da-4595-a43c-d1b566180c44&refurl=https://portermerbabu.com/promo-code/,brand_site,Mostbet,name_only_weak,,False,"Mostbet Promo Code [MOSTBD] for ৳5,000... | Protected by DMCA.com",,,200 https://www.dmca.com/Protection/Status.aspx?ID=585d130d-61da-4595-a43c-d1b566180c44&refurl=https://portermerbabu.com/promo-code/
portermerbabu.com,latest,internal_page_link,https://www.dmca.com/Protection/Status.aspx?ID=585d130d-61da-4595-a43c-d1b566180c44&refurl=https://portermerbabu.com/affiliate-program/,https://www.dmca.com/Protection/Status.aspx?ID=585d130d-61da-4595-a43c-d1b566180c44&refurl=https://portermerbabu.com/affiliate-program/,brand_site,Mostbet,name_only_weak,,False,Mostbet BD Affiliate Program for Partners... | Protected by DMCA.com,,,200 https://www.dmca.com/Protection/Status.aspx?ID=585d130d-61da-4595-a43c-d1b566180c44&refurl=https://portermerbabu.com/affiliate-program/
portermerbabu.com,latest,external,https://mostbet.br.com/,https://mostbet.br.com/,brand_site,Mostbet,name_only_weak,,False,Mostbet Brasil Online Apostas - Bonus R$ 2.000 - Login,True,,200 https://mostbet.br.com/
portermerbabu.com,latest,external,https://www.dmca.com/Protection/Status.aspx?ID=585d130d-61da-4595-a43c-d1b566180c44&refurl=https://portermerbabu.com/,https://www.dmca.com/Protection/Status.aspx?ID=585d130d-61da-4595-a43c-d1b566180c44&refurl=https://portermerbabu.com/,brand_site,Mostbet,name_only_weak,,False,"Mostbet BD - Login & Play Casino, Sports... | Protected by DMCA.com",,,200 https://www.dmca.com/Protection/Status.aspx?ID=585d130d-61da-4595-a43c-d1b566180c44&refurl=https://portermerbabu.com/
sweetsonastickfrisco.com,latest,js:data-sf-a,https://bd.mostbet-app.net/Sn7wajv,,needs_browser,,http_undecided,,,,,,
sweetsonastickfrisco.com,latest,internal_page_link,https://www.dmca.com/Protection/Status.aspx?ID=585d130d-61da-4595-a43c-d1b566180c44&refurl=https://sweetsonastickfrisco.com/registration/,https://www.dmca.com/Protection/Status.aspx?ID=585d130d-61da-4595-a43c-d1b566180c44&refurl=https://sweetsonastickfrisco.com/registration/,non_gambling,DMCA Content Protection Service - Protect Your Content,no_gambling_words,,False,,,,200 https://www.dmca.com/Protection/Status.aspx?ID=585d130d-61da-4595-a43c-d1b566180c44&refurl=https://sweetsonastickfrisco.com/registration/
sweetsonastickfrisco.com,latest,external,https://www.dmca.com/Protection/Status.aspx?ID=585d130d-61da-4595-a43c-d1b566180c44&refurl=https://sweetsonastickfrisco.com/,https://www.dmca.com/Protection/Status.aspx?ID=585d130d-61da-4595-a43c-d1b566180c44&refurl=https://sweetsonastickfrisco.com/,non_gambling,DMCA Content Protection Service - Protect Your Content,no_gambling_words,,False,,,,200 https://www.dmca.com/Protection/Status.aspx?ID=585d130d-61da-4595-a43c-d1b566180c44&refurl=https://sweetsonastickfrisco.com/
pu-13.ru,latest,js:form,https://avangardkolomna.ru/register,https://queenpropel.top?ref=fap_w41971p111_1001&utm_term={click_id}&utm_source={webmaster_id},dead,,http_502,,,,,,301 https://avangardkolomna.ru/register → 502 https://queenpropel.top?ref=fap_w41971p111_1001&utm_term={click_id}&utm_source={webmaster_id}
pu-13.ru,latest,js:onclick,https://avangardkolomna.ru/go-yard,,needs_browser,,http_undecided,,,,,,
pu-13.ru,latest,js:onclick,https://avangardkolomna.ru/go-norm,,needs_browser,,http_undecided,,,,,,
pu-13.ru,latest,js:onclick,https://avangardkolomna.ru/go-gama,,needs_browser,,http_undecided,,,,,,
pu-13.ru,latest,js:onclick,https://avangardkolomna.ru/go-spinto,,needs_browser,,http_undecided,,,,,,
pu-13.ru,latest,js:onclick,https://avangardkolomna.ru/go-dragon,,needs_browser,,http_undecided,,,,,,
pu-13.ru,latest,js:onclick,https://avangardkolomna.ru/go-joycasino,https://joycasino.com,other_gambling,Joycasino,fields:Joycasino,,True,Visit casino online to play the best slot machines for free without registration | Joycasino,,,301 https://avangardkolomna.ru/go-joycasino → 302 https://1264.swiftours.com/ru/registration?partner=p1264p7118p766f → 200 https://joycasino.com
pu-13.ru,latest,js:onclick,https://avangardkolomna.ru/go-funpari,https://funpari.com:443/en?tag=d_5923196m_69743c_&pb=f808d1beed0940fd9da6281c7f609a93&click_id=%7Bclick_id%7D,other_gambling,FunPari,gambling_words_unrecognized,,True,FunPari ᐉ Online Sports Betting ᐉ FunPari Online Bookmaker Log In ᐉ funpari.com,,,301 https://avangardkolomna.ru/go-funpari → 303 https://fpaff.top/L?tag=d_5923196m_69743c_&pb=f808d1beed0940fd9da6281c7f609a93&click_id={click_id} → 200 https://funpari.com:443/en?tag=d_5923196m_69743c_&pb=f808d1beed0940fd9da6281c7f609a93&click_id=%7Bclick_id%7D
pu-13.ru,latest,js:onclick,https://avangardkolomna.ru/go-mad,,needs_browser,,http_undecided,,,,,,
pu-13.ru,latest,js:onclick,https://avangardkolomna.ru/go-7k,https://dealredirect-go.com/?s=137&ref=sk_w235056c370592l17258p2169_,other_gambling,7K,fields:7K Casino,,True,7K Casino - loading...,,,301 https://avangardkolomna.ru/go-7k → 302 https://trytracklink.com/l/6a1c63300638b45b1e06ee22 → 200 https://dealredirect-go.com/?s=137&ref=sk_w235056c370592l17258p2169_
pu-13.ru,latest,js:onclick,https://avangardkolomna.ru/go-selector,https://selecas.in/go3,dead,,connect_error,,,,,,301 https://avangardkolomna.ru/go-selector
pu-13.ru,latest,js:onclick,https://avangardkolomna.ru/go-melbet,https://melbet.org:443/en/registration?tag=d_5750063m_2170c_,other_gambling,Melbet,fields:MelBet,,True,MelBet registration Link ᐉ MelBet Register (signup) on website melbet.org,,,301 https://avangardkolomna.ru/go-melbet → 303 https://refpa3665.com/L?tag=d_5750063m_2170c_&site=5750063&ad=2170&r=registration → 200 https://melbet.org:443/en/registration?tag=d_5750063m_2170c_
superanne.org,latest,internal_redirect_like,https://emlakgazetesi.com/go.php,https://1xbet.rs:443/en/registration?tag=d_3755482m_22585c_smartlink&pb=45b3a2c401b14a689ff48b44eca10dc2&click_id=38l6ghi.637.a265kr&r=registration,other_gambling,1xBet,fields:1xBet,,True,1xBet registration ᐉ Sign up,,,301 https://emlakgazetesi.com/go.php → 301 http://qgmbnoe.top/Bth17C → 302 https://qgmbnoe.top/Bth17C → 303 https://refpa-57015.com/L?tag=d_3755482m_22585c_smartlink&pb=45b3a2c401b14a689ff48b44eca10dc2&click_id=38l6ghi.637.a265kr&r=registration → 200 https://1xbet.rs:443/en/registration?tag=d_3755482m_22585c_smartlink&pb=45b3a2c401b14a689ff48b44eca10dc2&click_id=38l6ghi.637.a265kr&r=registration
superanne.org,latest,external,https://mostbet-azerbaijan.org,https://davidstuckenberg.com/,mostbet,Mostbet,name_only_weak,,True,Mostbet AZ Giriş ᐉ Mostbet Azerbaycan Rəsmi Casino,True,,301 https://mostbet-azerbaijan.org → 301 https://winterhockeygames.com/ → 301 https://www.hungeractionnys.org/ → 200 https://davidstuckenberg.com/
superanne.org,latest,external,https://www.rsn-rb.ru/,https://ruki-iz-plech.kz/,mostbet,Mostbet,name_only_weak,,True,Мостбет зеркало | Вход на официальный сайт казино Mostbet,True,,301 https://www.rsn-rb.ru/ → 200 https://ruki-iz-plech.kz/
superanne.org,latest,external,https://undp.kg/,,needs_browser,,http_undecided,,,,,,
superanne.org,latest,external,https://finut2020.com,https://www.garantiweb.com/,gambling_site,Casino Siteleri ᐉ En İyi ve Güvenilir Casino Oyunları [2026],unrecognized_no_tracker,,True,Casino Siteleri ᐉ En İyi ve Güvenilir Casino Oyunları [2026],True,,301 https://finut2020.com → 200 https://www.garantiweb.com/
muscatinejournal.com,latest,external,https://www.stringr.com/xl0GIkBedMc,https://www.stringr.com/xl0GIkBedMc,dead,,too_many_redirects,,,,,,302 https://www.stringr.com/xl0GIkBedMc → 302 https://www.stringr.com/vlink/auth/xl0GIkBedMc?auth=redirect → 302 https://www.stringr.com/vlink/xl0GIkBedMc → 302 https://www.stringr.com/xl0GIkBedMc → 302 https://www.stringr.com/vlink/auth/xl0GIkBedMc?auth=redirect → 302 https://www.stringr.com/vlink/xl0GIkBedMc → 302 https://www.stringr.com/xl0GIkBedMc → 302 https://www.stringr.com/vlink/auth/xl0GIkBedMc?auth=redirect → 302 https://www.stringr.com/vlink/xl0GIkBedMc → 302 https://www.stringr.com/xl0GIkBedMc → 302 https://www.stringr.com/vlink/auth/xl0GIkBedMc?auth=redirect → 302 https://www.stringr.com/vlink/xl0GIkBedMc
muscatinejournal.com,latest,js:form,https://muscatinejournal.com/search/,,needs_browser,,http_undecided,,,,,,
muscatinejournal.com,latest,js:data-dfp-adunit,https://muscatinejournal.com/8438/muscatinejournal.com/homepage,,needs_browser,,http_undecided,,,,,,
muscatinejournal.com,latest,internal_redirect_like,https://muscatinejournal.com/members/join/,,needs_browser,,http_undecided,,,,,,
muscatinejournal.com,latest,external,https://drinklmnt.com,https://drinklmnt.com,non_gambling,LMNT,no_gambling_words,,False,LMNT | Zero Sugar Electrolytes | Paleo-Keto Friendly Hydration,,,200 https://drinklmnt.com
muscatinejournal.com,latest,external,https://qctimes.com,https://qctimes.com,non_gambling,The Quad-City Times,no_gambling_words,,False,"The Quad City Times | Breaking News | | Read breaking news, sports and events from Davenport, Bettendorf, Moline, Rock I",,,200 https://qctimes.com
muscatinejournal.com,latest,external,http://qctimes.com/app/special/river_levels/?gage=musi4&t=Mississippi%20River%20at%20Muscatine,http://qctimes.com/app/special/river_levels/?gage=musi4&t=Mississippi%20River%20at%20Muscatine,dead,,http_404,,,,,,404 http://qctimes.com/app/special/river_levels/?gage=musi4&t=Mississippi%20River%20at%20Muscatine
muscatinejournal.com,latest,external,https://bloxcms.com,https://www.bloxdigital.com/solutions/content/,non_gambling,BLOX Digital,no_gambling_words,,True,Integrated AI-powered Content Management System CMS for media | bloxdigital.com,,,301 https://bloxcms.com → 200 https://www.bloxdigital.com/solutions/content/
senecahillsgolf.com,latest,js:data-sf-a,https://reg.mostbetbdapp.com/7ue78qT,,needs_browser,,http_undecided,,,,,,
senecahillsgolf.com,latest,internal_page_link,https://www.dmca.com/Protection/Status.aspx?ID=585d130d-61da-4595-a43c-d1b566180c44&refurl=https://senecahillsgolf.com/registration/,https://www.dmca.com/Protection/Status.aspx?ID=585d130d-61da-4595-a43c-d1b566180c44&refurl=https://senecahillsgolf.com/registration/,brand_site,Mostbet,name_only_weak,,False,"Mostbet Registration in Bangladesh,... | Protected by DMCA.com",,,200 https://www.dmca.com/Protection/Status.aspx?ID=585d130d-61da-4595-a43c-d1b566180c44&refurl=https://senecahillsgolf.com/registration/
senecahillsgolf.com,latest,internal_page_link,https://www.dmca.com/Protection/Status.aspx?ID=585d130d-61da-4595-a43c-d1b566180c44&refurl=https://senecahillsgolf.com/promo-code/,https://www.dmca.com/Protection/Status.aspx?ID=585d130d-61da-4595-a43c-d1b566180c44&refurl=https://senecahillsgolf.com/promo-code/,brand_site,Mostbet,name_only_weak,,False,"Mostbet Promo Code [MOSTBD] for ৳5,000... | Protected by DMCA.com",,,200 https://www.dmca.com/Protection/Status.aspx?ID=585d130d-61da-4595-a43c-d1b566180c44&refurl=https://senecahillsgolf.com/promo-code/
senecahillsgolf.com,latest,internal_page_link,https://www.dmca.com/Protection/Status.aspx?ID=585d130d-61da-4595-a43c-d1b566180c44&refurl=https://senecahillsgolf.com/affiliate-program/,https://www.dmca.com/Protection/Status.aspx?ID=585d130d-61da-4595-a43c-d1b566180c44&refurl=https://senecahillsgolf.com/affiliate-program/,brand_site,Mostbet,name_only_weak,,False,Mostbet BD Affiliate Program for Partners... | Protected by DMCA.com,,,200 https://www.dmca.com/Protection/Status.aspx?ID=585d130d-61da-4595-a43c-d1b566180c44&refurl=https://senecahillsgolf.com/affiliate-program/
senecahillsgolf.com,latest,external,https://www.dmca.com/Protection/Status.aspx?ID=585d130d-61da-4595-a43c-d1b566180c44&refurl=https://senecahillsgolf.com/,https://www.dmca.com/Protection/Status.aspx?ID=585d130d-61da-4595-a43c-d1b566180c44&refurl=https://senecahillsgolf.com/,brand_site,Mostbet,name_only_weak,,False,"Mostbet BD - Login & Play Casino, Sports... | Protected by DMCA.com",,,200 https://www.dmca.com/Protection/Status.aspx?ID=585d130d-61da-4595-a43c-d1b566180c44&refurl=https://senecahillsgolf.com/
templeterracechamber.com,latest,internal_redirect_like,https://www.efectocolmena.com/apk,http://d4hdamr0.top/ybzRsnYF?sub1=apk,dead,,http_404,,,,,,301 https://www.efectocolmena.com/apk → 301 http://www.efectocolmena.com/apk/ → 301 https://www.efectocolmena.com/apk/ → 404 http://d4hdamr0.top/ybzRsnYF?sub1=apk
templeterracechamber.com,latest,external,https://www.dmca.com/Protection/Status.aspx?ID=225ce1fd-06ca-4f34-a4ce-dd38462deb09,https://www.dmca.com/Protection/Status.aspx?ID=225ce1fd-06ca-4f34-a4ce-dd38462deb09,non_gambling,DMCA Content Protection Service - Protect Your Content,no_gambling_words,,False,,True,,200 https://www.dmca.com/Protection/Status.aspx?ID=225ce1fd-06ca-4f34-a4ce-dd38462deb09
thecopperacorn.net,latest,internal_redirect_like,https://mostbetmagyar.org/go/,https://1xbet.rs:443/en/registration?tag=d_3755482m_22585c_smartlink&pb=45b3a2c401b14a689ff48b44eca10dc2&click_id=38l6ghi.637.a265l5&r=registration,other_gambling,1xBet,fields:1xBet,,True,1xBet registration ᐉ Sign up,,,301 https://mostbetmagyar.org/go/ → 301 http://wcgki50.top/hDnW6D → 302 https://wcgki50.top/hDnW6D → 303 https://refpa-57015.com/L?tag=d_3755482m_22585c_smartlink&pb=45b3a2c401b14a689ff48b44eca10dc2&click_id=38l6ghi.637.a265l5&r=registration → 200 https://1xbet.rs:443/en/registration?tag=d_3755482m_22585c_smartlink&pb=45b3a2c401b14a689ff48b44eca10dc2&click_id=38l6ghi.637.a265l5&r=registration
thepointbarandgrill.com,latest,js:data-href,https://regi.mostbet1az.com/WLPLGmU?type=app,,needs_browser,,http_undecided,,,,,,
thepointbarandgrill.com,latest,js:script_url,https://mostbetyukle.bet,https://mostbet1az.com/,mostbet,Mostbet,name_only_weak,,True,Mostbet AZ – İdman Mərciləri və Onlayn Kazino 2026 | Bonus 125%,True,,308 https://mostbetyukle.bet → 200 https://mostbet1az.com/
stromart.cz,latest,js:data-sf-a,https://win.mostbet-cezko.com/VN7UmhA,,needs_browser,,http_undecided,,,,,,
stromart.cz,latest,internal_page_link,https://www.dmca.com/Protection/Status.aspx?ID=585d130d-61da-4595-a43c-d1b566180c44&refurl=https://stromart.cz/registrace/,https://www.dmca.com/Protection/Status.aspx?ID=585d130d-61da-4595-a43c-d1b566180c44&refurl=https://stromart.cz/registrace/,brand_site,Mostbet,name_only_weak,,False,Mostbet Registrace a ověření pro české... | Protected by DMCA.com,,,200 https://www.dmca.com/Protection/Status.aspx?ID=585d130d-61da-4595-a43c-d1b566180c44&refurl=https://stromart.cz/registrace/
stromart.cz,latest,internal_page_link,https://www.dmca.com/Protection/Status.aspx?ID=585d130d-61da-4595-a43c-d1b566180c44&refurl=https://stromart.cz/promo-kod/,https://www.dmca.com/Protection/Status.aspx?ID=585d130d-61da-4595-a43c-d1b566180c44&refurl=https://stromart.cz/promo-kod/,non_gambling,DMCA Content Protection Service - Protect Your Content,no_gambling_words,,False,,,,200 https://www.dmca.com/Protection/Status.aspx?ID=585d130d-61da-4595-a43c-d1b566180c44&refurl=https://stromart.cz/promo-kod/
stromart.cz,latest,external,https://www.dmca.com/Protection/Status.aspx?ID=585d130d-61da-4595-a43c-d1b566180c44&refurl=https://stromart.cz/,https://www.dmca.com/Protection/Status.aspx?ID=585d130d-61da-4595-a43c-d1b566180c44&refurl=https://stromart.cz/,brand_site,Mostbet,name_only_weak,,False,Mostbet CZ Casino - Přihlášení na Oficiální... | Protected by DMCA.com,,,200 https://www.dmca.com/Protection/Status.aspx?ID=585d130d-61da-4595-a43c-d1b566180c44&refurl=https://stromart.cz/
tribecahotel.ge,latest,js:data-href,https://regi.mostbet1az.com/WLPLGmU?type=app,,needs_browser,,http_undecided,,,,,,
tribecahotel.ge,latest,js:script_url,https://mostbetyukle.bet,https://mostbet1az.com/,mostbet,Mostbet,name_only_weak,,True,Mostbet AZ – İdman Mərciləri və Onlayn Kazino 2026 | Bonus 125%,True,,308 https://mostbetyukle.bet → 200 https://mostbet1az.com/
tirelire-original.com,latest,js:data-link,https://win.mostbet-app-bd.net/r6Tj4hf?type=app,,needs_browser,,http_undecided,,,,,,
tirelire-original.com,latest,external,https://www.dmca.com/Protection/Status.aspx?ID=585d130d-61da-4595-a43c-d1b566180c44&refurl=https://www.hausofcarslv.com/,https://www.dmca.com/Protection/Status.aspx?ID=585d130d-61da-4595-a43c-d1b566180c44&refurl=https://www.hausofcarslv.com/,brand_site,Mostbet,name_only_weak,,False,Mostbet App BD - Download for Android... | Protected by DMCA.com,True,,200 https://www.dmca.com/Protection/Status.aspx?ID=585d130d-61da-4595-a43c-d1b566180c44&refurl=https://www.hausofcarslv.com/
ultrasoundtechniciancenter.org,latest,internal_redirect_like,https://www.efectocolmena.com/apk,http://d4hdamr0.top/ybzRsnYF?sub1=apk,dead,,http_404,,,,,,301 https://www.efectocolmena.com/apk → 301 http://www.efectocolmena.com/apk/ → 301 https://www.efectocolmena.com/apk/ → 404 http://d4hdamr0.top/ybzRsnYF?sub1=apk
ultrasoundtechniciancenter.org,latest,external,https://www.dmca.com/Protection/Status.aspx?ID=225ce1fd-06ca-4f34-a4ce-dd38462deb09,https://www.dmca.com/Protection/Status.aspx?ID=225ce1fd-06ca-4f34-a4ce-dd38462deb09,non_gambling,DMCA Content Protection Service - Protect Your Content,no_gambling_words,,False,,True,,200 https://www.dmca.com/Protection/Status.aspx?ID=225ce1fd-06ca-4f34-a4ce-dd38462deb09
utlea.org,latest,internal_redirect_like,https://www.efectocolmena.com/apk,http://d4hdamr0.top/ybzRsnYF?sub1=apk,dead,,http_404,,,,,,301 https://www.efectocolmena.com/apk → 301 http://www.efectocolmena.com/apk/ → 301 https://www.efectocolmena.com/apk/ → 404 http://d4hdamr0.top/ybzRsnYF?sub1=apk
utlea.org,latest,external,https://www.dmca.com/Protection/Status.aspx?ID=225ce1fd-06ca-4f34-a4ce-dd38462deb09,https://www.dmca.com/Protection/Status.aspx?ID=225ce1fd-06ca-4f34-a4ce-dd38462deb09,non_gambling,DMCA Content Protection Service - Protect Your Content,no_gambling_words,,False,,True,,200 https://www.dmca.com/Protection/Status.aspx?ID=225ce1fd-06ca-4f34-a4ce-dd38462deb09
trains21.org,latest,js:data-sf-a,https://bd.mostbet-app.net/Sn7wajv,,needs_browser,,http_undecided,,,,,,
trains21.org,latest,internal_page_link,https://www.dmca.com/Protection/Status.aspx?ID=585d130d-61da-4595-a43c-d1b566180c44&refurl=https://trains21.org/registration/,https://www.dmca.com/Protection/Status.aspx?ID=585d130d-61da-4595-a43c-d1b566180c44&refurl=https://trains21.org/registration/,non_gambling,DMCA Content Protection Service - Protect Your Content,no_gambling_words,,False,,,,200 https://www.dmca.com/Protection/Status.aspx?ID=585d130d-61da-4595-a43c-d1b566180c44&refurl=https://trains21.org/registration/
trains21.org,latest,external,https://www.dmca.com/Protection/Status.aspx?ID=585d130d-61da-4595-a43c-d1b566180c44&refurl=https://trains21.org/,https://www.dmca.com/Protection/Status.aspx?ID=585d130d-61da-4595-a43c-d1b566180c44&refurl=https://trains21.org/,non_gambling,DMCA Content Protection Service - Protect Your Content,no_gambling_words,,False,,,,200 https://www.dmca.com/Protection/Status.aspx?ID=585d130d-61da-4595-a43c-d1b566180c44&refurl=https://trains21.org/
thetikibarber.nl,latest,external,https://test.com,https://test.com,dead,,connect_error,,,,,,
thetikibarber.nl,latest,external,https://casino50.com/,https://casino50.com/,dead,,connect_error,,,,,,
thetikibarber.nl,latest,external,https://www.innovate4nature.at/,https://innovate4nature.at/,gambling_site,Online Casino Österreich 2026: Anbieter im Vergleich,gambling_words_unrecognized,,False,Online Casino Österreich 2026: Anbieter im Vergleich,,,301 https://www.innovate4nature.at/ → 200 https://innovate4nature.at/
thetikibarber.nl,latest,external,https://spectacle-mysterium.fr/maison/casino-en-ligne/,https://spectacle-mysterium.fr/maison/casino-en-ligne/,gambling_site,Spectacle mysterium,gambling_words_unrecognized,,False,Meilleur Casino en Ligne 2026 : Top des Sites Agréés France,,,200 https://spectacle-mysterium.fr/maison/casino-en-ligne/
thetikibarber.nl,latest,external,https://www.snorkelsandfins.com/,https://www.snorkelsandfins.com/,gambling_site,Najboljše spletne igralnice v Sloveniji 2026,gambling_words_unrecognized,,False,Najboljše spletne igralnice v Sloveniji 2026 – ocene in primerjava,,,200 https://www.snorkelsandfins.com/
thetikibarber.nl,latest,external,https://www.fussballverbindet.at/,https://www.fussballverbindet.at/,gambling_site,Neue Online Casinos Österreich für 2026 im Vergleich,gambling_words_unrecognized,,False,Neue Online Casinos Österreich für 2026 im Vergleich,,,200 https://www.fussballverbindet.at/
thetikibarber.nl,latest,external,https://www.skynight.at/,https://skynight.at/,gambling_site,Online Casino Österreich: Vergleich für 2026,gambling_words_unrecognized,,False,Online Casino Österreich: Vergleich für 2026,,,301 https://www.skynight.at/ → 200 https://skynight.at/
thetikibarber.nl,latest,external,https://www.nms-korneuburg2.at/,https://www.nms-korneuburg2.at/,gambling_site,Bitcoin casino österreich Anbieter im Vergleich 2026,gambling_words_unrecognized,,False,Bitcoin casino österreich Anbieter im Vergleich 2026,,,200 https://www.nms-korneuburg2.at/
trk-put.ru,latest,js:form,https://avangardkolomna.ru/register,https://queenpropel.top?ref=fap_w41971p111_1001&utm_term={click_id}&utm_source={webmaster_id},dead,,http_502,,,,,,301 https://avangardkolomna.ru/register → 502 https://queenpropel.top?ref=fap_w41971p111_1001&utm_term={click_id}&utm_source={webmaster_id}
trk-put.ru,latest,js:onclick,https://avangardkolomna.ru/go-yard,,needs_browser,,http_undecided,,,,,,
trk-put.ru,latest,js:onclick,https://avangardkolomna.ru/go-norm,,needs_browser,,http_undecided,,,,,,
trk-put.ru,latest,js:onclick,https://avangardkolomna.ru/go-gama,,needs_browser,,http_undecided,,,,,,
trk-put.ru,latest,js:onclick,https://avangardkolomna.ru/go-spinto,,needs_browser,,http_undecided,,,,,,
trk-put.ru,latest,js:onclick,https://avangardkolomna.ru/go-dragon,,needs_browser,,http_undecided,,,,,,
trk-put.ru,latest,js:onclick,https://avangardkolomna.ru/go-joycasino,https://joycasino.com,other_gambling,Joycasino,fields:Joycasino,,True,Visit casino online to play the best slot machines for free without registration | Joycasino,,,301 https://avangardkolomna.ru/go-joycasino → 302 https://1264.swiftours.com/ru/registration?partner=p1264p7118p766f → 200 https://joycasino.com
trk-put.ru,latest,js:onclick,https://avangardkolomna.ru/go-funpari,https://funpari.com:443/en?tag=d_5923196m_69743c_&pb=f808d1beed0940fd9da6281c7f609a93&click_id=%7Bclick_id%7D,other_gambling,FunPari,gambling_words_unrecognized,,True,FunPari ᐉ Online Sports Betting ᐉ FunPari Online Bookmaker Log In ᐉ funpari.com,,,301 https://avangardkolomna.ru/go-funpari → 303 https://fpaff.top/L?tag=d_5923196m_69743c_&pb=f808d1beed0940fd9da6281c7f609a93&click_id={click_id} → 200 https://funpari.com:443/en?tag=d_5923196m_69743c_&pb=f808d1beed0940fd9da6281c7f609a93&click_id=%7Bclick_id%7D
trk-put.ru,latest,js:onclick,https://avangardkolomna.ru/go-mad,,needs_browser,,http_undecided,,,,,,
trk-put.ru,latest,js:onclick,https://avangardkolomna.ru/go-7k,https://dealredirect-go.com/?s=137&ref=sk_w235056c370592l17258p2169_,other_gambling,7K,fields:7K Casino,,True,7K Casino - loading...,,,301 https://avangardkolomna.ru/go-7k → 302 https://trytracklink.com/l/6a1c63300638b45b1e06ee22 → 200 https://dealredirect-go.com/?s=137&ref=sk_w235056c370592l17258p2169_
trk-put.ru,latest,js:onclick,https://avangardkolomna.ru/go-selector,https://selecas.in/go3,dead,,connect_error,,,,,,301 https://avangardkolomna.ru/go-selector
trk-put.ru,latest,js:onclick,https://avangardkolomna.ru/go-melbet,https://melbet.org:443/en/registration?tag=d_5750063m_2170c_,other_gambling,Melbet,fields:MelBet,,True,MelBet registration Link ᐉ MelBet Register (signup) on website melbet.org,,,301 https://avangardkolomna.ru/go-melbet → 303 https://refpa3665.com/L?tag=d_5750063m_2170c_&site=5750063&ad=2170&r=registration → 200 https://melbet.org:443/en/registration?tag=d_5750063m_2170c_
vipmostbet.ru,latest,home_redirect,https://vipmostbet.ru/,https://mostbet-1w.ru/,mostbet,Mostbet,mostbet_assets,,True,,,,
voiture-bordeaux-rc-motors.com,latest,js:data-link,https://win.mostbet-app-bd.net/r6Tj4hf?type=app,,needs_browser,,http_undecided,,,,,,
voiture-bordeaux-rc-motors.com,latest,external,https://www.dmca.com/Protection/Status.aspx?ID=585d130d-61da-4595-a43c-d1b566180c44&refurl=https://www.hausofcarslv.com/,https://www.dmca.com/Protection/Status.aspx?ID=585d130d-61da-4595-a43c-d1b566180c44&refurl=https://www.hausofcarslv.com/,brand_site,Mostbet,name_only_weak,,False,Mostbet App BD - Download for Android... | Protected by DMCA.com,True,,200 https://www.dmca.com/Protection/Status.aspx?ID=585d130d-61da-4595-a43c-d1b566180c44&refurl=https://www.hausofcarslv.com/
vexin-equipassion.com,latest,js:form,https://vexin-equipassion.com/category/all,https://vexin-equipassion.com/category/all,dead,,http_500,,,,,,500 https://vexin-equipassion.com/category/all
vexin-equipassion.com,latest,js:form,https://bery.scatterfree.com/jp19/,https://bery.scatterfree.com/jp19/,gambling_site,888XH: Akses Slot v9.8.3 melalui Gacor Apk dengan Interface ,gambling_words_unrecognized,,False,888XH: Akses Slot v9.8.3 melalui Gacor Apk dengan Interface Mobile Ringkas,,,200 https://bery.scatterfree.com/jp19/
vexin-equipassion.com,latest,js:data-url,https://vexin-equipassion.com/item/ella-multipurpose-shopify-theme-os-20/8187262,https://vexin-equipassion.com/item/ella-multipurpose-shopify-theme-os-20/8187262,dead,,http_500,,,,,,500 https://vexin-equipassion.com/item/ella-multipurpose-shopify-theme-os-20/8187262
vexin-equipassion.com,latest,js:data-url,https://vexin-equipassion.com/item/ella-multipurpose-shopify-theme-os-20/reviews/8187262,https://vexin-equipassion.com/item/ella-multipurpose-shopify-theme-os-20/reviews/8187262,dead,,http_500,,,,,,500 https://vexin-equipassion.com/item/ella-multipurpose-shopify-theme-os-20/reviews/8187262
vexin-equipassion.com,latest,js:data-url,https://vexin-equipassion.com/item/ella-multipurpose-shopify-theme-os-20/8187262/comments,https://vexin-equipassion.com/item/ella-multipurpose-shopify-theme-os-20/8187262/comments,dead,,http_500,,,,,,500 https://vexin-equipassion.com/item/ella-multipurpose-shopify-theme-os-20/8187262/comments
vexin-equipassion.com,latest,js:data-url,https://vexin-equipassion.com/item/ella-multipurpose-shopify-theme-os-20/8187262/support,https://vexin-equipassion.com/item/ella-multipurpose-shopify-theme-os-20/8187262/support,dead,,http_500,,,,,,500 https://vexin-equipassion.com/item/ella-multipurpose-shopify-theme-os-20/8187262/support
vexin-equipassion.com,latest,js:data-url,https://vexin-equipassion.com/item/ella-multipurpose-shopify-theme-os-20/8187262/recommended_items,https://vexin-equipassion.com/item/ella-multipurpose-shopify-theme-os-20/8187262/recommended_items,dead,,http_500,,,,,,500 https://vexin-equipassion.com/item/ella-multipurpose-shopify-theme-os-20/8187262/recommended_items
vexin-equipassion.com,latest,internal_redirect_like,https://vexin-equipassion.com/category/site-templates,https://vexin-equipassion.com/category/site-templates,dead,,http_500,,,,,,500 https://vexin-equipassion.com/category/site-templates
vexin-equipassion.com,latest,internal_redirect_like,https://vexin-equipassion.com/category/site-templates/admin-templates,https://vexin-equipassion.com/category/site-templates/admin-templates,dead,,http_500,,,,,,500 https://vexin-equipassion.com/category/site-templates/admin-templates
vexin-equipassion.com,latest,internal_redirect_like,https://vexin-equipassion.com/category/site-templates/corporate,https://vexin-equipassion.com/category/site-templates/corporate,dead,,http_500,,,,,,500 https://vexin-equipassion.com/category/site-templates/corporate
vexin-equipassion.com,latest,internal_redirect_like,https://vexin-equipassion.com/category/site-templates/creative,https://vexin-equipassion.com/category/site-templates/creative,dead,,http_500,,,,,,500 https://vexin-equipassion.com/category/site-templates/creative
vexin-equipassion.com,latest,internal_redirect_like,https://vexin-equipassion.com/category/site-templates/entertainment,https://vexin-equipassion.com/category/site-templates/entertainment,dead,,http_500,,,,,,500 https://vexin-equipassion.com/category/site-templates/entertainment
vinhdn.com,latest,js:form,https://bram.scatterturbo.com/c187/,,needs_browser,,http_undecided,,,,,,
ugtickets.com,latest,js:data-sf-a,https://reg.mostbet-egypt-2025.com/7ancUsT,,needs_browser,,http_undecided,,,,,,
ugtickets.com,latest,internal_page_link,https://www.dmca.com/Protection/Status.aspx?ID=585d130d-61da-4595-a43c-d1b566180c44&refurl=https://ugtickets.com/app/,https://www.dmca.com/Protection/Status.aspx?ID=585d130d-61da-4595-a43c-d1b566180c44&refurl=https://ugtickets.com/app/,brand_site,Mostbet,name_only_weak,,False,تطبيق Mostbet - دليلك الكامل للمراهنات... | Protected by DMCA.com,,,200 https://www.dmca.com/Protection/Status.aspx?ID=585d130d-61da-4595-a43c-d1b566180c44&refurl=https://ugtickets.com/app/
ugtickets.com,latest,internal_page_link,https://www.dmca.com/Protection/Status.aspx?ID=585d130d-61da-4595-a43c-d1b566180c44&refurl=https://ugtickets.com/sign-up/,https://www.dmca.com/Protection/Status.aspx?ID=585d130d-61da-4595-a43c-d1b566180c44&refurl=https://ugtickets.com/sign-up/,brand_site,Mostbet,name_only_weak,,False,تسجيل Mostbet - دليلك الكامل للتسجيل... | Protected by DMCA.com,,,200 https://www.dmca.com/Protection/Status.aspx?ID=585d130d-61da-4595-a43c-d1b566180c44&refurl=https://ugtickets.com/sign-up/
ugtickets.com,latest,internal_page_link,https://www.dmca.com/Protection/Status.aspx?ID=585d130d-61da-4595-a43c-d1b566180c44&refurl=https://ugtickets.com/bonus-offers/,https://www.dmca.com/Protection/Status.aspx?ID=585d130d-61da-4595-a43c-d1b566180c44&refurl=https://ugtickets.com/bonus-offers/,brand_site,Mostbet,name_only_weak,,False,عروض Mostbet الترويجية - دليل شامل... | Protected by DMCA.com,,,200 https://www.dmca.com/Protection/Status.aspx?ID=585d130d-61da-4595-a43c-d1b566180c44&refurl=https://ugtickets.com/bonus-offers/
ugtickets.com,latest,internal_page_link,https://www.dmca.com/Protection/Status.aspx?ID=585d130d-61da-4595-a43c-d1b566180c44&refurl=https://ugtickets.com/promo-code/,https://www.dmca.com/Protection/Status.aspx?ID=585d130d-61da-4595-a43c-d1b566180c44&refurl=https://ugtickets.com/promo-code/,non_gambling,DMCA Content Protection Service - Protect Your Content,no_gambling_words,,False,موست بت برومو كود - دليلك الكامل للحصول... | Protected by DMCA.com,,,200 https://www.dmca.com/Protection/Status.aspx?ID=585d130d-61da-4595-a43c-d1b566180c44&refurl=https://ugtickets.com/promo-code/
ugtickets.com,latest,internal_page_link,https://www.dmca.com/Protection/Status.aspx?ID=585d130d-61da-4595-a43c-d1b566180c44&refurl=https://ugtickets.com/casino/,https://www.dmca.com/Protection/Status.aspx?ID=585d130d-61da-4595-a43c-d1b566180c44&refurl=https://ugtickets.com/casino/,brand_site,Mostbet,name_only_weak,,False,كازينو MostBet - الألعاب، والمكافآت،... | Protected by DMCA.com,,,200 https://www.dmca.com/Protection/Status.aspx?ID=585d130d-61da-4595-a43c-d1b566180c44&refurl=https://ugtickets.com/casino/
www-mostbet-android.ru,latest,external,https://links-go9.top/mostbet_android,https://nvjnacmb.com/casino?registration=1&cid=8297204659&pid=297832&sip=0,mostbet,Mostbet,mostbet_assets,297832,True,Mostbet official website,True,,302 https://links-go9.top/mostbet_android → 302 https://65r08go.com/QFqF → 200 https://nvjnacmb.com/casino?registration=1&cid=8297204659&pid=297832&sip=0
www-mostbet-android.ru,latest,external,https://links-go9.top/mostbet_ios,https://ijwdpnmb.com/casino?registration=1&cid=8297204703&pid=297832&sip=0,mostbet,Mostbet,mostbet_assets,297832,True,Mostbet official website,True,,302 https://links-go9.top/mostbet_ios → 302 https://65r08go.com/QFqF → 200 https://ijwdpnmb.com/casino?registration=1&cid=8297204703&pid=297832&sip=0
www-mostbet-android.ru,latest,external,https://links-go9.top/mostbet,https://nvjnacmb.com/casino?registration=1&cid=8297204719&pid=297832&sip=0,mostbet,Mostbet,mostbet_assets,297832,True,Mostbet official website,True,,302 https://links-go9.top/mostbet → 302 https://65r08go.com/QFqF → 200 https://nvjnacmb.com/casino?registration=1&cid=8297204719&pid=297832&sip=0
www-mostbet-android.ru,latest,external,https://links-go9.top/mostbet_cr,https://ijwdpnmb.com/casino?registration=1&cid=8297204757&pid=297832&sip=0,mostbet,Mostbet,mostbet_assets,297832,True,Mostbet official website,True,,302 https://links-go9.top/mostbet_cr → 302 https://65r08go.com/QFqF → 200 https://ijwdpnmb.com/casino?registration=1&cid=8297204757&pid=297832&sip=0
www-mostbet-casino.ru,latest,external,https://links-go9.top/mostbet,https://nvjnacmb.com/casino?registration=1&cid=8297204719&pid=297832&sip=0,mostbet,Mostbet,mostbet_assets,297832,True,Mostbet official website,True,,302 https://links-go9.top/mostbet → 302 https://65r08go.com/QFqF → 200 https://nvjnacmb.com/casino?registration=1&cid=8297204719&pid=297832&sip=0
www-mostbet-casino.ru,latest,external,https://links-go9.top/mostbet_android,https://nvjnacmb.com/casino?registration=1&cid=8297204659&pid=297832&sip=0,mostbet,Mostbet,mostbet_assets,297832,True,Mostbet official website,True,,302 https://links-go9.top/mostbet_android → 302 https://65r08go.com/QFqF → 200 https://nvjnacmb.com/casino?registration=1&cid=8297204659&pid=297832&sip=0
www-mostbet-casino.ru,latest,external,https://links-go9.top/mostbet_ios,https://ijwdpnmb.com/casino?registration=1&cid=8297204703&pid=297832&sip=0,mostbet,Mostbet,mostbet_assets,297832,True,Mostbet official website,True,,302 https://links-go9.top/mostbet_ios → 302 https://65r08go.com/QFqF → 200 https://ijwdpnmb.com/casino?registration=1&cid=8297204703&pid=297832&sip=0
www-mostbet-casino.ru,latest,external,https://links-go9.top/mostbet_cr,https://ijwdpnmb.com/casino?registration=1&cid=8297204757&pid=297832&sip=0,mostbet,Mostbet,mostbet_assets,297832,True,Mostbet official website,True,,302 https://links-go9.top/mostbet_cr → 302 https://65r08go.com/QFqF → 200 https://ijwdpnmb.com/casino?registration=1&cid=8297204757&pid=297832&sip=0
www-mostbet-mostbet.ru,latest,external,https://links-go9.top/mostbet_android,https://nvjnacmb.com/casino?registration=1&cid=8297204659&pid=297832&sip=0,mostbet,Mostbet,mostbet_assets,297832,True,Mostbet official website,True,,302 https://links-go9.top/mostbet_android → 302 https://65r08go.com/QFqF → 200 https://nvjnacmb.com/casino?registration=1&cid=8297204659&pid=297832&sip=0
www-mostbet-mostbet.ru,latest,external,https://links-go9.top/mostbet_ios,https://ijwdpnmb.com/casino?registration=1&cid=8297204703&pid=297832&sip=0,mostbet,Mostbet,mostbet_assets,297832,True,Mostbet official website,True,,302 https://links-go9.top/mostbet_ios → 302 https://65r08go.com/QFqF → 200 https://ijwdpnmb.com/casino?registration=1&cid=8297204703&pid=297832&sip=0
www-mostbet-mostbet.ru,latest,external,https://links-go9.top/mostbet,https://nvjnacmb.com/casino?registration=1&cid=8297204719&pid=297832&sip=0,mostbet,Mostbet,mostbet_assets,297832,True,Mostbet official website,True,,302 https://links-go9.top/mostbet → 302 https://65r08go.com/QFqF → 200 https://nvjnacmb.com/casino?registration=1&cid=8297204719&pid=297832&sip=0
www-mostbet-mostbet.ru,latest,external,https://links-go9.top/mostbet_cr,https://ijwdpnmb.com/casino?registration=1&cid=8297204757&pid=297832&sip=0,mostbet,Mostbet,mostbet_assets,297832,True,Mostbet official website,True,,302 https://links-go9.top/mostbet_cr → 302 https://65r08go.com/QFqF → 200 https://ijwdpnmb.com/casino?registration=1&cid=8297204757&pid=297832&sip=0
www-mostbet-registration.ru,latest,external,https://links-go9.top/mostbet,https://nvjnacmb.com/casino?registration=1&cid=8297204719&pid=297832&sip=0,mostbet,Mostbet,mostbet_assets,297832,True,Mostbet official website,True,,302 https://links-go9.top/mostbet → 302 https://65r08go.com/QFqF → 200 https://nvjnacmb.com/casino?registration=1&cid=8297204719&pid=297832&sip=0
www-mostbet-registration.ru,latest,external,https://links-go9.top/mostbet_android,https://nvjnacmb.com/casino?registration=1&cid=8297204659&pid=297832&sip=0,mostbet,Mostbet,mostbet_assets,297832,True,Mostbet official website,True,,302 https://links-go9.top/mostbet_android → 302 https://65r08go.com/QFqF → 200 https://nvjnacmb.com/casino?registration=1&cid=8297204659&pid=297832&sip=0
www-mostbet-registration.ru,latest,external,https://links-go9.top/mostbet_ios,https://ijwdpnmb.com/casino?registration=1&cid=8297204703&pid=297832&sip=0,mostbet,Mostbet,mostbet_assets,297832,True,Mostbet official website,True,,302 https://links-go9.top/mostbet_ios → 302 https://65r08go.com/QFqF → 200 https://ijwdpnmb.com/casino?registration=1&cid=8297204703&pid=297832&sip=0
www-mostbet-registration.ru,latest,external,https://links-go9.top/mostbet_cr,https://ijwdpnmb.com/casino?registration=1&cid=8297204757&pid=297832&sip=0,mostbet,Mostbet,mostbet_assets,297832,True,Mostbet official website,True,,302 https://links-go9.top/mostbet_cr → 302 https://65r08go.com/QFqF → 200 https://ijwdpnmb.com/casino?registration=1&cid=8297204757&pid=297832&sip=0
www-mostbet-online.top,latest,home_redirect,https://www-mostbet-online.top/,https://mostbet-0nline.top/,mostbet,Mostbet,mostbet_assets,,True,,,,
www-mostbet-site.ru,latest,external,https://links-go9.top/mostbet,https://nvjnacmb.com/casino?registration=1&cid=8297204719&pid=297832&sip=0,mostbet,Mostbet,mostbet_assets,297832,True,Mostbet official website,True,,302 https://links-go9.top/mostbet → 302 https://65r08go.com/QFqF → 200 https://nvjnacmb.com/casino?registration=1&cid=8297204719&pid=297832&sip=0
www-mostbet-site.ru,latest,external,https://links-go9.top/mostbet_android,https://nvjnacmb.com/casino?registration=1&cid=8297204659&pid=297832&sip=0,mostbet,Mostbet,mostbet_assets,297832,True,Mostbet official website,True,,302 https://links-go9.top/mostbet_android → 302 https://65r08go.com/QFqF → 200 https://nvjnacmb.com/casino?registration=1&cid=8297204659&pid=297832&sip=0
www-mostbet-site.ru,latest,external,https://links-go9.top/mostbet_ios,https://ijwdpnmb.com/casino?registration=1&cid=8297204703&pid=297832&sip=0,mostbet,Mostbet,mostbet_assets,297832,True,Mostbet official website,True,,302 https://links-go9.top/mostbet_ios → 302 https://65r08go.com/QFqF → 200 https://ijwdpnmb.com/casino?registration=1&cid=8297204703&pid=297832&sip=0
www-mostbet-site.ru,latest,external,https://links-go9.top/mostbet_cr,https://ijwdpnmb.com/casino?registration=1&cid=8297204757&pid=297832&sip=0,mostbet,Mostbet,mostbet_assets,297832,True,Mostbet official website,True,,302 https://links-go9.top/mostbet_cr → 302 https://65r08go.com/QFqF → 200 https://ijwdpnmb.com/casino?registration=1&cid=8297204757&pid=297832&sip=0
www-mostbet-online.ru,latest,home_redirect,https://www-mostbet-online.ru/,https://mostbet-0nline.top/,mostbet,Mostbet,mostbet_assets,,True,,,,
www-mostbet-skachat.ru,latest,external,https://links-go9.top/mostbet_android,https://nvjnacmb.com/casino?registration=1&cid=8297204659&pid=297832&sip=0,mostbet,Mostbet,mostbet_assets,297832,True,Mostbet official website,True,,302 https://links-go9.top/mostbet_android → 302 https://65r08go.com/QFqF → 200 https://nvjnacmb.com/casino?registration=1&cid=8297204659&pid=297832&sip=0
www-mostbet-skachat.ru,latest,external,https://links-go9.top/mostbet_ios,https://ijwdpnmb.com/casino?registration=1&cid=8297204703&pid=297832&sip=0,mostbet,Mostbet,mostbet_assets,297832,True,Mostbet official website,True,,302 https://links-go9.top/mostbet_ios → 302 https://65r08go.com/QFqF → 200 https://ijwdpnmb.com/casino?registration=1&cid=8297204703&pid=297832&sip=0
www-mostbet-skachat.ru,latest,external,https://links-go9.top/mostbet,https://nvjnacmb.com/casino?registration=1&cid=8297204719&pid=297832&sip=0,mostbet,Mostbet,mostbet_assets,297832,True,Mostbet official website,True,,302 https://links-go9.top/mostbet → 302 https://65r08go.com/QFqF → 200 https://nvjnacmb.com/casino?registration=1&cid=8297204719&pid=297832&sip=0
www-mostbet-skachat.ru,latest,external,https://links-go9.top/mostbet_cr,https://ijwdpnmb.com/casino?registration=1&cid=8297204757&pid=297832&sip=0,mostbet,Mostbet,mostbet_assets,297832,True,Mostbet official website,True,,302 https://links-go9.top/mostbet_cr → 302 https://65r08go.com/QFqF → 200 https://ijwdpnmb.com/casino?registration=1&cid=8297204757&pid=297832&sip=0
www-mostbet-zerkalo-ru.ru,latest,external,https://links-go9.top/mostbet_android,https://nvjnacmb.com/casino?registration=1&cid=8297204659&pid=297832&sip=0,mostbet,Mostbet,mostbet_assets,297832,True,Mostbet official website,True,,302 https://links-go9.top/mostbet_android → 302 https://65r08go.com/QFqF → 200 https://nvjnacmb.com/casino?registration=1&cid=8297204659&pid=297832&sip=0
www-mostbet-zerkalo-ru.ru,latest,external,https://links-go9.top/mostbet_ios,https://ijwdpnmb.com/casino?registration=1&cid=8297204703&pid=297832&sip=0,mostbet,Mostbet,mostbet_assets,297832,True,Mostbet official website,True,,302 https://links-go9.top/mostbet_ios → 302 https://65r08go.com/QFqF → 200 https://ijwdpnmb.com/casino?registration=1&cid=8297204703&pid=297832&sip=0
www-mostbet-zerkalo-ru.ru,latest,external,https://links-go9.top/mostbet,https://nvjnacmb.com/casino?registration=1&cid=8297204719&pid=297832&sip=0,mostbet,Mostbet,mostbet_assets,297832,True,Mostbet official website,True,,302 https://links-go9.top/mostbet → 302 https://65r08go.com/QFqF → 200 https://nvjnacmb.com/casino?registration=1&cid=8297204719&pid=297832&sip=0
www-mostbet-zerkalo-ru.ru,latest,external,https://links-go9.top/mostbet_cr,https://ijwdpnmb.com/casino?registration=1&cid=8297204757&pid=297832&sip=0,mostbet,Mostbet,mostbet_assets,297832,True,Mostbet official website,True,,302 https://links-go9.top/mostbet_cr → 302 https://65r08go.com/QFqF → 200 https://ijwdpnmb.com/casino?registration=1&cid=8297204757&pid=297832&sip=0
www-mostbet-zerkalo.ru,latest,external,https://links-go9.top/mostbet,https://nvjnacmb.com/casino?registration=1&cid=8297204719&pid=297832&sip=0,mostbet,Mostbet,mostbet_assets,297832,True,Mostbet official website,True,,302 https://links-go9.top/mostbet → 302 https://65r08go.com/QFqF → 200 https://nvjnacmb.com/casino?registration=1&cid=8297204719&pid=297832&sip=0
www-mostbet-zerkalo.ru,latest,external,https://links-go9.top/mostbet_android,https://nvjnacmb.com/casino?registration=1&cid=8297204659&pid=297832&sip=0,mostbet,Mostbet,mostbet_assets,297832,True,Mostbet official website,True,,302 https://links-go9.top/mostbet_android → 302 https://65r08go.com/QFqF → 200 https://nvjnacmb.com/casino?registration=1&cid=8297204659&pid=297832&sip=0
www-mostbet-zerkalo.ru,latest,external,https://links-go9.top/mostbet_ios,https://ijwdpnmb.com/casino?registration=1&cid=8297204703&pid=297832&sip=0,mostbet,Mostbet,mostbet_assets,297832,True,Mostbet official website,True,,302 https://links-go9.top/mostbet_ios → 302 https://65r08go.com/QFqF → 200 https://ijwdpnmb.com/casino?registration=1&cid=8297204703&pid=297832&sip=0
www-mostbet-zerkalo.ru,latest,external,https://links-go9.top/mostbet_cr,https://ijwdpnmb.com/casino?registration=1&cid=8297204757&pid=297832&sip=0,mostbet,Mostbet,mostbet_assets,297832,True,Mostbet official website,True,,302 https://links-go9.top/mostbet_cr → 302 https://65r08go.com/QFqF → 200 https://ijwdpnmb.com/casino?registration=1&cid=8297204757&pid=297832&sip=0
www-mostbet1.ru,latest,external,https://links-go9.top/mostbet,https://nvjnacmb.com/casino?registration=1&cid=8297204719&pid=297832&sip=0,mostbet,Mostbet,mostbet_assets,297832,True,Mostbet official website,True,,302 https://links-go9.top/mostbet → 302 https://65r08go.com/QFqF → 200 https://nvjnacmb.com/casino?registration=1&cid=8297204719&pid=297832&sip=0
www-mostbet1.ru,latest,external,https://links-go9.top/mostbet_android,https://nvjnacmb.com/casino?registration=1&cid=8297204659&pid=297832&sip=0,mostbet,Mostbet,mostbet_assets,297832,True,Mostbet official website,True,,302 https://links-go9.top/mostbet_android → 302 https://65r08go.com/QFqF → 200 https://nvjnacmb.com/casino?registration=1&cid=8297204659&pid=297832&sip=0
www-mostbet1.ru,latest,external,https://links-go9.top/mostbet_ios,https://ijwdpnmb.com/casino?registration=1&cid=8297204703&pid=297832&sip=0,mostbet,Mostbet,mostbet_assets,297832,True,Mostbet official website,True,,302 https://links-go9.top/mostbet_ios → 302 https://65r08go.com/QFqF → 200 https://ijwdpnmb.com/casino?registration=1&cid=8297204703&pid=297832&sip=0
www-mostbet1.ru,latest,external,https://links-go9.top/mostbet_cr,https://ijwdpnmb.com/casino?registration=1&cid=8297204757&pid=297832&sip=0,mostbet,Mostbet,mostbet_assets,297832,True,Mostbet official website,True,,302 https://links-go9.top/mostbet_cr → 302 https://65r08go.com/QFqF → 200 https://ijwdpnmb.com/casino?registration=1&cid=8297204757&pid=297832&sip=0
www-mostbet.ru,latest,external,https://links-go9.top/mostbet,https://nvjnacmb.com/casino?registration=1&cid=8297204719&pid=297832&sip=0,mostbet,Mostbet,mostbet_assets,297832,True,Mostbet official website,True,,302 https://links-go9.top/mostbet → 302 https://65r08go.com/QFqF → 200 https://nvjnacmb.com/casino?registration=1&cid=8297204719&pid=297832&sip=0
www-mostbet.ru,latest,external,https://links-go9.top/mostbet_android,https://nvjnacmb.com/casino?registration=1&cid=8297204659&pid=297832&sip=0,mostbet,Mostbet,mostbet_assets,297832,True,Mostbet official website,True,,302 https://links-go9.top/mostbet_android → 302 https://65r08go.com/QFqF → 200 https://nvjnacmb.com/casino?registration=1&cid=8297204659&pid=297832&sip=0
www-mostbet.ru,latest,external,https://links-go9.top/mostbet_ios,https://ijwdpnmb.com/casino?registration=1&cid=8297204703&pid=297832&sip=0,mostbet,Mostbet,mostbet_assets,297832,True,Mostbet official website,True,,302 https://links-go9.top/mostbet_ios → 302 https://65r08go.com/QFqF → 200 https://ijwdpnmb.com/casino?registration=1&cid=8297204703&pid=297832&sip=0
www-mostbet.ru,latest,external,https://links-go9.top/mostbet_cr,https://ijwdpnmb.com/casino?registration=1&cid=8297204757&pid=297832&sip=0,mostbet,Mostbet,mostbet_assets,297832,True,Mostbet official website,True,,302 https://links-go9.top/mostbet_cr → 302 https://65r08go.com/QFqF → 200 https://ijwdpnmb.com/casino?registration=1&cid=8297204757&pid=297832&sip=0
www-mostbet-zerkalo-com.ru,latest,home_redirect,https://www-mostbet-zerkalo-com.ru/,https://mostbet-livebet18.top/,mostbet,Mostbet,mostbet_assets,,True,,,,
mostbetweb.com,latest,js:data-link,https://mostbetweb.com/<a href='https:/mostbetweb.com/our-promise/' class='common_cta'>Our Purpose</a>,,needs_browser,,http_undecided,,,,,,
mostbetweb.com,latest,js:data-link,https://mostbetweb.com/<a href='https:/mostbetweb.com/foundation/' class='common_cta'>Our Commitment</a>,,needs_browser,,http_undecided,,,,,,
mostbetweb.com,latest,js:data-link,https://mostbetweb.com/<a href='https:/mostbetweb.com/sustainability/' class='common_cta'>OUR ROLE IN NET ZERO</a>,,needs_browser,,http_undecided,,,,,,
mostbetweb.com,latest,js:data-link,https://mostbetweb.com/<a href='https:/mostbetweb.com/investors/' class='common_cta'>Our role in creating value</a>,,needs_browser,,http_undecided,,,,,,
zerkalo-mostbet-w1.ru,latest,external,https://links-go9.top/mostbet_android,https://nvjnacmb.com/casino?registration=1&cid=8297204659&pid=297832&sip=0,mostbet,Mostbet,mostbet_assets,297832,True,Mostbet official website,True,,302 https://links-go9.top/mostbet_android → 302 https://65r08go.com/QFqF → 200 https://nvjnacmb.com/casino?registration=1&cid=8297204659&pid=297832&sip=0
zerkalo-mostbet-w1.ru,latest,external,https://links-go9.top/mostbet_ios,https://ijwdpnmb.com/casino?registration=1&cid=8297204703&pid=297832&sip=0,mostbet,Mostbet,mostbet_assets,297832,True,Mostbet official website,True,,302 https://links-go9.top/mostbet_ios → 302 https://65r08go.com/QFqF → 200 https://ijwdpnmb.com/casino?registration=1&cid=8297204703&pid=297832&sip=0
zerkalo-mostbet-w1.ru,latest,external,https://links-go9.top/mostbet,https://nvjnacmb.com/casino?registration=1&cid=8297204719&pid=297832&sip=0,mostbet,Mostbet,mostbet_assets,297832,True,Mostbet official website,True,,302 https://links-go9.top/mostbet → 302 https://65r08go.com/QFqF → 200 https://nvjnacmb.com/casino?registration=1&cid=8297204719&pid=297832&sip=0
zerkalo-mostbet-w1.ru,latest,external,https://links-go9.top/mostbet_cr,https://ijwdpnmb.com/casino?registration=1&cid=8297204757&pid=297832&sip=0,mostbet,Mostbet,mostbet_assets,297832,True,Mostbet official website,True,,302 https://links-go9.top/mostbet_cr → 302 https://65r08go.com/QFqF → 200 https://ijwdpnmb.com/casino?registration=1&cid=8297204757&pid=297832&sip=0
zeusvshadesslot777.online,latest,js:data-url,https://upx-cli.life/tyd3al62n,https://upx-cli.life/tyd3al62n,dead,,connect_error,,,,,,
yuklemostbet.com,latest,internal_redirect_like,https://mostbet-yuklemek.com/visit/download/,https://uksyxemb.com/casino?registration=1&cid=8297213431&pid=248988&sip=0,mostbet,Mostbet,mostbet_assets,248988,True,Mostbet official website,,,301 https://mostbet-yuklemek.com/visit/download/ → 302 https://fifteenspins.com/m9CxxDc3?domain=mostbet-yuklemek.com&page=download → 302 https://vs66cd75semb.com/rAmF?sub2=mostbet-yuklemek.com&sub1=38l6ghi1ba7s1&sub3={url} → 200 https://uksyxemb.com/casino?registration=1&cid=8297213431&pid=248988&sip=0
yuklemostbet.com,latest,internal_redirect_like,https://mostbet-yuklemek.com/visit/,https://uksyxemb.com/casino?registration=1&cid=8297213483&pid=248988&sip=0,mostbet,Mostbet,mostbet_assets,248988,True,Mostbet official website,,,301 https://mostbet-yuklemek.com/visit/ → 302 https://fifteenspins.com/m9CxxDc3?domain=mostbet-yuklemek.com → 302 https://vs66cd75semb.com/rAmF?sub2=mostbet-yuklemek.com&sub1=38l6ghi1ba7s2&sub3={url} → 200 https://uksyxemb.com/casino?registration=1&cid=8297213483&pid=248988&sip=0
theemergingfuture.com,latest,js:data-sf-a,https://reg.mostbetbdapp.com/7ue78qT,,needs_browser,,http_undecided,,,,,,
theemergingfuture.com,latest,internal_page_link,https://www.dmca.com/Protection/Status.aspx?ID=585d130d-61da-4595-a43c-d1b566180c44&refurl=https://theemergingfuture.com/registration/,https://www.dmca.com/Protection/Status.aspx?ID=585d130d-61da-4595-a43c-d1b566180c44&refurl=https://theemergingfuture.com/registration/,brand_site,Mostbet,name_only_weak,,False,"Mostbet Registration in Bangladesh,... | Protected by DMCA.com",,,200 https://www.dmca.com/Protection/Status.aspx?ID=585d130d-61da-4595-a43c-d1b566180c44&refurl=https://theemergingfuture.com/registration/
theemergingfuture.com,latest,internal_page_link,https://www.dmca.com/Protection/Status.aspx?ID=585d130d-61da-4595-a43c-d1b566180c44&refurl=https://theemergingfuture.com/promo-code/,https://www.dmca.com/Protection/Status.aspx?ID=585d130d-61da-4595-a43c-d1b566180c44&refurl=https://theemergingfuture.com/promo-code/,brand_site,Mostbet,name_only_weak,,False,"Mostbet Promo Code [MOSTBD] for ৳5,000... | Protected by DMCA.com",,,200 https://www.dmca.com/Protection/Status.aspx?ID=585d130d-61da-4595-a43c-d1b566180c44&refurl=https://theemergingfuture.com/promo-code/
theemergingfuture.com,latest,internal_page_link,https://www.dmca.com/Protection/Status.aspx?ID=585d130d-61da-4595-a43c-d1b566180c44&refurl=https://theemergingfuture.com/affiliate-program/,https://www.dmca.com/Protection/Status.aspx?ID=585d130d-61da-4595-a43c-d1b566180c44&refurl=https://theemergingfuture.com/affiliate-program/,brand_site,Mostbet,name_only_weak,,False,Mostbet BD Affiliate Program for Partners... | Protected by DMCA.com,,,200 https://www.dmca.com/Protection/Status.aspx?ID=585d130d-61da-4595-a43c-d1b566180c44&refurl=https://theemergingfuture.com/affiliate-program/
theemergingfuture.com,latest,external,https://www.dmca.com/Protection/Status.aspx?ID=585d130d-61da-4595-a43c-d1b566180c44&refurl=https://theemergingfuture.com/,https://www.dmca.com/Protection/Status.aspx?ID=585d130d-61da-4595-a43c-d1b566180c44&refurl=https://theemergingfuture.com/,brand_site,Mostbet,name_only_weak,,False,"Mostbet BD - Login & Play Casino, Sports... | Protected by DMCA.com",,,200 https://www.dmca.com/Protection/Status.aspx?ID=585d130d-61da-4595-a43c-d1b566180c44&refurl=https://theemergingfuture.com/
vishveshavani.com,latest,js:data-sf-a,https://reg.mostbetbdapp.com/7ue78qT,,needs_browser,,http_undecided,,,,,,
vishveshavani.com,latest,internal_page_link,https://www.dmca.com/Protection/Status.aspx?ID=585d130d-61da-4595-a43c-d1b566180c44&refurl=https://vishveshavani.com/registration/,https://www.dmca.com/Protection/Status.aspx?ID=585d130d-61da-4595-a43c-d1b566180c44&refurl=https://vishveshavani.com/registration/,brand_site,Mostbet,name_only_weak,,False,"Mostbet Registration in Bangladesh,... | Protected by DMCA.com",,,200 https://www.dmca.com/Protection/Status.aspx?ID=585d130d-61da-4595-a43c-d1b566180c44&refurl=https://vishveshavani.com/registration/
vishveshavani.com,latest,internal_page_link,https://www.dmca.com/Protection/Status.aspx?ID=585d130d-61da-4595-a43c-d1b566180c44&refurl=https://vishveshavani.com/promo-code/,https://www.dmca.com/Protection/Status.aspx?ID=585d130d-61da-4595-a43c-d1b566180c44&refurl=https://vishveshavani.com/promo-code/,brand_site,Mostbet,name_only_weak,,False,"Mostbet Promo Code [MOSTBD] for ৳5,000... | Protected by DMCA.com",,,200 https://www.dmca.com/Protection/Status.aspx?ID=585d130d-61da-4595-a43c-d1b566180c44&refurl=https://vishveshavani.com/promo-code/
vishveshavani.com,latest,internal_page_link,https://www.dmca.com/Protection/Status.aspx?ID=585d130d-61da-4595-a43c-d1b566180c44&refurl=https://vishveshavani.com/affiliate-program/,https://www.dmca.com/Protection/Status.aspx?ID=585d130d-61da-4595-a43c-d1b566180c44&refurl=https://vishveshavani.com/affiliate-program/,brand_site,Mostbet,name_only_weak,,False,Mostbet BD Affiliate Program for Partners... | Protected by DMCA.com,,,200 https://www.dmca.com/Protection/Status.aspx?ID=585d130d-61da-4595-a43c-d1b566180c44&refurl=https://vishveshavani.com/affiliate-program/
vishveshavani.com,latest,external,https://mostbet.br.com/,https://mostbet.br.com/,brand_site,Mostbet,name_only_weak,,False,Mostbet Brasil Online Apostas - Bonus R$ 2.000 - Login,True,,200 https://mostbet.br.com/
vishveshavani.com,latest,external,https://www.dmca.com/Protection/Status.aspx?ID=585d130d-61da-4595-a43c-d1b566180c44&refurl=https://vishveshavani.com/,https://www.dmca.com/Protection/Status.aspx?ID=585d130d-61da-4595-a43c-d1b566180c44&refurl=https://vishveshavani.com/,brand_site,Mostbet,name_only_weak,,False,"Mostbet BD - Login & Play Casino, Sports... | Protected by DMCA.com",,,200 https://www.dmca.com/Protection/Status.aspx?ID=585d130d-61da-4595-a43c-d1b566180c44&refurl=https://vishveshavani.com/
youngenterpriseprogram.com,latest,js:data-sf-a,https://bd.mostbet-app.net/Sn7wajv,,needs_browser,,http_undecided,,,,,,
youngenterpriseprogram.com,latest,internal_page_link,https://www.dmca.com/Protection/Status.aspx?ID=585d130d-61da-4595-a43c-d1b566180c44&refurl=https://youngenterpriseprogram.com/registration/,https://www.dmca.com/Protection/Status.aspx?ID=585d130d-61da-4595-a43c-d1b566180c44&refurl=https://youngenterpriseprogram.com/registration/,non_gambling,DMCA Content Protection Service - Protect Your Content,no_gambling_words,,False,,,,200 https://www.dmca.com/Protection/Status.aspx?ID=585d130d-61da-4595-a43c-d1b566180c44&refurl=https://youngenterpriseprogram.com/registration/
youngenterpriseprogram.com,latest,external,https://www.dmca.com/Protection/Status.aspx?ID=585d130d-61da-4595-a43c-d1b566180c44&refurl=https://youngenterpriseprogram.com/,https://www.dmca.com/Protection/Status.aspx?ID=585d130d-61da-4595-a43c-d1b566180c44&refurl=https://youngenterpriseprogram.com/,non_gambling,DMCA Content Protection Service - Protect Your Content,no_gambling_words,,False,,,,200 https://www.dmca.com/Protection/Status.aspx?ID=585d130d-61da-4595-a43c-d1b566180c44&refurl=https://youngenterpriseprogram.com/
russiakitchen.ru,latest,internal_redirect_like,https://russiakitchen.ru/category/casino/,,needs_browser,,http_undecided,,,,,,
