domain,urls,site
20milecrossfit.com,https://20milecrossfit.com/bonus/,20milecrossfit.com
32utajovanychstran.cz,https://partners-official.com/b2tcnrmv,32utajovanychstran.cz
1-support.ru,https://1-support.ru/mostb/,1-support.ru
100dni.cz,https://100dni.cz/go/,100dni.cz
1mostbet-br.com,https://mostbetbr.bet/promo/bonus/,mostbetbr.bet
455mediagroup.com,https://www.455mediagroup.com/mostbet/,www.455mediagroup.com
1mostbetazerbaycan.com,https://mostbetazerbaycangiris.net/promo/bonus/ https://mostbetazerbaycangiris.net/promo/30-frispin/ https://mostbetazerbaycangiris.net/promo/qarshilama-bonusu/,mostbetazerbaycangiris.net
1mostbetcz.com,https://mostbet.co.cz/promo/bonus/ https://mostbet.co.cz/promo/30-free-spins/ https://mostbet.co.cz/promo/100-free-spins/ https://mostbet.co.cz/promo/no-deposit-bonus/ https://mostbet.co.cz/promo/registration-bonus/,mostbet.co.cz
1mostbetturkiye.com,https://mostbettr.asia/promo/bonus/ https://mostbettr.asia/promo/yatirimsiz-bonus/ https://mostbettr.asia/promo/hos-geldin-bonusu/ https://mostbettr.asia/promo/30-ucretsiz-free-spin/ https://mostbettr.asia/promo/100-ucretsiz-free-spin/,mostbettr.asia
1mostbetuz.com,https://mostbet1-uz.bet/promo/bonus/,mostbet1-uz.bet
1mostbet-kazino.com,https://mostbet2.bet/promo/bonus/,mostbet2.bet
1mostbet-kz.com,https://mostbetkazinokazakhstan.com/promo/bonus/,mostbetkazinokazakhstan.com
1mostbet-official-uz.com,https://mostbet1-uz.bet/promo/bonus/,mostbet1-uz.bet
1mostbet.in,https://1mostbet.in/promo/bonus/,1mostbet.in
1mostbet.kg,https://mostbetkg.net/promo/bonus/,mostbetkg.net
aaapotapeni.cz,https://partners-official.com/b2tcnrmv,aaapotapeni.cz
abaq.kz,https://www.abaq.kz/recommends/mostbet/,www.abaq.kz
abc-hracky.cz,https://partners-official.com/b2tcnrmv,abc-hracky.cz
abckatalog.cz,https://partners-official.com/b2tcnrmv,abckatalog.cz
adboka.com.pl,https://adboka.com.pl/step-un/,adboka.com.pl
adchem2021.org,https://adchem2021.org/bonus/,adchem2021.org
admonterstudio.cz,https://partners-official.com/b2tcnrmv,admonterstudio.cz
5forumkierownikowdlm.pl,https://agrarpogoda.pl/bonus/ https://agrarpogoda.pl/go/registration https://agrarpogoda.pl/go/bonus,agrarpogoda.pl
advaict.com,https://advaict.com/bonus/ https://advaict.com/go/,advaict.com
airwire.cz,https://partners-official.com/b2tcnrmv,airwire.cz
akbperm.ru,https://akbperm.ru/mostb/,akbperm.ru
akcerevolution.cz,https://partners-official.com/b2tcnrmv,akcerevolution.cz
akskalova.cz,https://partners-official.com/b2tcnrmv,akskalova.cz
aktivni-dum.cz,https://partners-official.com/b2tcnrmv,aktivni-dum.cz
agenturaci6.cz,https://partners-official.com/b2tcnrmv,agenturaci6.cz
agroprovision.com,https://agroprovision.com/bonus,agroprovision.com
albatros-gostinitsa.ru,https://albatros-gostinitsa.ru/mostb/,albatros-gostinitsa.ru
aldo-okna.cz,https://partners-official.com/b2tcnrmv,aldo-okna.cz
allbum.cz,https://partners-official.com/b2tcnrmv,allbum.cz
amoctone.com,http://amoctone.com/mostbet/,amoctone.com
amerhotel.com.pk,https://amerhotel.com.pk/bonus,amerhotel.com.pk
amiciincucina.cz,https://partners-official.com/b2tcnrmv,amiciincucina.cz
altstrah.ru,https://altstrah.ru/mostb/,altstrah.ru
anewagreement.org,https://anewagreement.org/go/mostbet.php,anewagreement.org
anagenex.com,https://www.anagenex.com/mostbet/,www.anagenex.com
aplaceforart.org,https://aplaceforart.org/bonus,aplaceforart.org
apmexreview.com,https://apmexreview.com/promo,apmexreview.com
ansambl-ds.cz,https://partners-official.com/b2tcnrmv,ansambl-ds.cz
aqf.cz,https://partners-official.com/b2tcnrmv,aqf.cz
ardoise.cz,https://partners-official.com/b2tcnrmv,ardoise.cz
ardonliberec.cz,https://partners-official.com/b2tcnrmv,ardonliberec.cz
arealerzet.cz,https://partners-official.com/b2tcnrmv,arealerzet.cz
arestraining.cz,https://partners-official.com/b2tcnrmv,arestraining.cz
areverenceforroses.com,https://areverenceforroses.com/bonus/,areverenceforroses.com
artofthebrick.hu,https://artofthebrick.hu/go/go.php https://artofthebrick.hu/bonus,artofthebrick.hu
aspirenapoj.cz,https://partners-official.com/b2tcnrmv,aspirenapoj.cz
asiyanmuzesi.com,https://asiyanmuzesi.com/bonus,asiyanmuzesi.com
ask-glass.com,https://reg.mostbets-uzb.com/7g5pHbU?type=app,www.ask-glass.com
audio-videoshop.cz,https://partners-official.com/b2tcnrmv,audio-videoshop.cz
autohifisrazy.cz,https://partners-official.com/b2tcnrmv,autohifisrazy.cz
autolmgroup.cz,https://partners-official.com/b2tcnrmv,autolmgroup.cz
autoroku2018.cz,https://partners-official.com/b2tcnrmv,autoroku2018.cz
autoservis-veis.cz,https://partners-official.com/b2tcnrmv,autoservis-veis.cz
autoskola-fresh.cz,https://partners-official.com/b2tcnrmv,autoskola-fresh.cz
authorplzen.cz,https://partners-official.com/b2tcnrmv,authorplzen.cz
auto-na-zimu.cz,https://partners-official.com/b2tcnrmv,auto-na-zimu.cz
autocentrum-dojacek.cz,https://partners-official.com/b2tcnrmv,autocentrum-dojacek.cz
autocentrumkotlarka.cz,https://partners-official.com/b2tcnrmv,autocentrumkotlarka.cz
ayarnlessraveled.com,https://www.ayarnlessraveled.com/mostbet/,www.ayarnlessraveled.com
avicenna-med.uz,https://reg.mostbets-uzb.com/7g5pHbU?type=app,avicenna-med.uz
az-mostbet-aviator.com,https://az-mostbet-aviator.com/promo,az-mostbet-aviator.com
az-mostbet-download.com,https://az-mostbet-download.com/promo,az-mostbet-download.com
az-mostbet-registration.com,https://az-mostbet-registration.com/promo,az-mostbet-registration.com
az-mostbetdownload.com,https://az-mostbetdownload.com/promo,az-mostbetdownload.com
az-mostbetonline.com,https://az-mostbetonline.com/promo,az-mostbetonline.com
az-mostbetregistration.com,https://az-mostbetregistration.com/promo,az-mostbetregistration.com
azmostbet-casino.com,https://azmostbet-casino.com/promo,azmostbet-casino.com
azmostbet-online.com,https://azmostbet-online.com/promo,azmostbet-online.com
azadshusha.com,https://azadshusha.com/bonus,azadshusha.com
azmostbetgiris.com,https://azmostbetgiris.com/promo,azmostbetgiris.com
azmostbetindir.com,https://azmostbetindir.com/promo,azmostbetindir.com
babygearguidance.com,https://babygearguidance.com/bonus/,babygearguidance.com
barisotelcunda.com,https://barisotelcunda.com/link,barisotelcunda.com
basarisavunma.com,https://basarisavunma.com/link,basarisavunma.com
bdmostbet.vip,https://bdmostbet.vip/register/,bdmostbet.vip
bdmostbet1.net,https://bdmostbet1.net/register/,bdmostbet1.net
bespokefurniturenz.co.nz,https://bespokefurniturenz.co.nz/go/mostbet,bespokefurniturenz.co.nz
bet-most-polska.ink,https://bet-most-polska.ink/mostbet/,bet-most-polska.ink
besushi.pt,https://besushi.pt/go/,besushi.pt
betmostbet.com,https://betmostbet.com/signup,betmostbet.com
blackdoulasblackmamas.org,https://blackdoulasblackmamas.org/bonus https://blackdoulasblackmamas.org/signup,blackdoulasblackmamas.org
betting-mostbet.org,https://betting-mostbet.org/register/ https://t.me/sectorhub315bot/dapp?startapp=ciaqf0KZHxI,betting-mostbet.org
bonus-mostbet.org,https://t.me/zerkalo_odinwin_bot,bonus-mostbet.org
blackfridaysale.com.pl,https://blackfridaysale.com.pl/step-un/,blackfridaysale.com.pl
blogzmobilu.cz,https://partners-official.com/b2tcnrmv,blogzmobilu.cz
bodymind.com.pl,https://bodymind.com.pl/go/,bodymind.com.pl
buildingbrno.cz,https://partners-official.com/b2tcnrmv,buildingbrno.cz
brindecommoderacao.com,https://www.brindecommoderacao.com/go/,www.brindecommoderacao.com
brsport.ru,https://brsport.ru/mostb/,brsport.ru
buckyfullernow.com,https://buckyfullernow.com/play https://buckyfullernow.com/mostbet,buckyfullernow.com
buffalocommercialbank.com,http://www.buffalocommercialbank.com/mostbet/,www.buffalocommercialbank.com
casino-mostbet.best,https://casino-mostbet.best/go,casino-mostbet.best
casino-mostbet.gr,https://casino-mostbet.gr/go/,casino-mostbet.gr
casino-mostbet.live,https://casino-mostbet.live/go,casino-mostbet.live
casino-mostbet.pt,https://casino-mostbet.pt/go/,casino-mostbet.pt
casino-mostbet.sbs,https://casino-mostbet.sbs/go,casino-mostbet.sbs
casino-mostbet.world,https://casino-mostbet.world/go,casino-mostbet.world
castleapk.com.co,https://castleapk.com.co/mostbet/,castleapk.com.co
casinomostbet.it,https://casinomostbet.it/go/,casinomostbet.it
casinomostbet.pt,https://casinomostbet.pt/go/,casinomostbet.pt
casinomostbet1.com,https://casinomostbet1.com/out/ https://casinomostbet1.com/out/?t=11 https://casinomostbet1.com/out/?t=ea https://casinomostbet1.com/out/?t=1u https://casinomostbet1.com/out/?t=eg https://casinomostbet1.com/out/?t=vv,casinomostbet1.com
casino-uz-mostbet.com,https://casino-uz-mostbet.com/promo,casino-uz-mostbet.com
casinoarcade.org,https://casinoarcade.org/bonus/,casinoarcade.org
casinomostbet.co,https://casinomostbet.co/bonus/,casinomostbet.co
casinomostbet.com.de,https://casinomostbet.com.de/go/,casinomostbet.com.de
cazino-ua.com,https://mostbet.net.ua/promo/bonus/ https://mostbet.net.ua/promo/bonus https://mostbet.net.ua/promo/30-frispiniv/ https://mostbet.net.ua/promo/100-frispiniv/ https://mostbet.net.ua/promo/vitalnyi-bonus/ https://mostbet.net.ua/promo/bezdepozytnyi-bonus/,mostbet.net.ua
cciabm.com,https://cciabm.com/bonus,cciabm.com
casinos-mostbet.com,https://casinos-mostbet.com/bonus https://casinos-mostbet.com/register,casinos-mostbet.com
cepadlab.cz,https://cepadlab.cz/go/registrace,cepadlab.cz
chipicao.pl,https://chipicao.pl/step-un/,chipicao.pl
cyclocrossfayettevillear.com,https://cyclocrossfayettevillear.com/mostbet/,cyclocrossfayettevillear.com
cvetkoff.by,https://cvetkoff.by/recommends/mb/,cvetkoff.by
czmostbet.com,https://czmostbet.com/bonus/ https://czmostbet.com/go/mostbet/?sub_id_2=header_hrat_nyni https://czmostbet.com/go/mostbet/?sub_id_2=home_hero_hrat_nyni https://czmostbet.com/go/mostbet/?sub_id_2=home_co-je_registrace https://czmostbet.com/go/mostbet/?sub_id_2=home_hrat_casino https://czmostbet.com/go/mostbet/?sub_id_2=home_sportsbook_sazet_nyni https://czmostbet.com/go/mostbet/?sub_id_2=home_bonusy_ziskat_bonus https://czmostbet.com/go/mostbet/?sub_id_2=home_aplikace_stahnout_apk https://czmostbet.com/go/mostbet/?sub_id_2=home_legalni_hrat_bezpecne https://czmostbet.com/go/mostbet/?sub_id_2=home_platby_vlozit_penize https://czmostbet.com/go/mostbet/?sub_id_2=home_faq_registrace https://czmostbet.com/go/mostbet/?sub_id_2=sticky_ziskat_bonus,czmostbet.com
dailyaman.com.pk,https://mostbet-pk.com.pk/go/mostbet-pk.php https://mostbet-pk.com.pk/bonus,mostbet-pk.com.pk
darujmuze.pl,https://darujmuze.pl/step-un/,darujmuze.pl
degchibari.com,https://degchibari.com/bonus/,degchibari.com
demodayopeninnovation.com,https://www.demodayopeninnovation.com/go/,www.demodayopeninnovation.com
det-cad108.ru,https://det-cad108.ru/mostb/,det-cad108.ru
datcatiyatrofestivali.com,https://datcatiyatrofestivali.com/bonus/,datcatiyatrofestivali.com
dawidekspalek.com.pl,https://dawidekspalek.com.pl/step-un/,dawidekspalek.com.pl
djanata.com,https://djanata.com/link/,djanata.com
dksd-datca.org,https://dksd-datca.org/bonus,dksd-datca.org
dieetit.com,https://dieetit.com/mostbet/,dieetit.com
digall.pl,https://firmy-kolejowe.pl/go/ https://firmy-kolejowe.pl/go,firmy-kolejowe.pl
dreamzonekoramangala.com,https://dreamzonekoramangala.com/mostbet/,dreamzonekoramangala.com
e-mocni.org.pl,https://e-mocni.org.pl/bonus/ https://e-mocni.org.pl/go/,e-mocni.org.pl
ekomiasto.waw.pl,https://ekomiasto.waw.pl/step-un/,ekomiasto.waw.pl
elab-hackerspace.org,https://elab-hackerspace.org/bonus,elab-hackerspace.org
elecprous.com,https://elecprous.com/bonus/ https://elecprous.com/goto/ https://elecprous.com/play/,elecprous.com
eliminator-mtb.com,https://eliminator-mtb.com/bonus/ https://eliminator-mtb.com/go/,eliminator-mtb.com
empety.pl,https://empety.pl/step-un/,empety.pl
emtainfotech.com,https://emtainfotech.com/mostbet/,emtainfotech.com
encontrosaude2019.com,https://www.encontrosaude2019.com/go/,www.encontrosaude2019.com
environmentalpolicyalliance.org,http://environmentalpolicyalliance.org/mostbet/,environmentalpolicyalliance.org
faklya.net,https://faklya.net/go/play,faklya.net
eurobetting.ru,https://eurobetting.ru/bonus/,eurobetting.ru
fiat126netclub.hu,https://www.fiat126netclub.hu/go/play,www.fiat126netclub.hu
fifbaku.az,https://fifbaku.az/bonus,fifbaku.az
fater.info,https://fater.info/go/play,fater.info
fcszeged.hu,https://www.fcszeged.hu/go/play,www.fcszeged.hu
fisherynetwork.net,https://fisherynetwork.net/go/,fisherynetwork.net
fishfestival.cz,https://fishfestival.cz/go/ https://fishfestival.cz/bonus/,fishfestival.cz
foodparkbd.com,https://foodparkbd.com/bonus/,foodparkbd.com
fotografzauschwitz.pl,https://fotografzauschwitz.pl/step-un/,fotografzauschwitz.pl
floram.ru,https://floram.ru/mostb/,floram.ru
fragilexohio.org,https://fragilexohio.org/bonus/ https://fragilexohio.org/goto/ https://fragilexohio.org/play/,fragilexohio.org
faqwiki.net,https://faqwiki.net/bonus/,faqwiki.net
frybrid.com,https://www.frybrid.com/bonus,www.frybrid.com
fulimplantaltak.hu,https://www.fulimplantaltak.hu/go/play,www.fulimplantaltak.hu
fundacja-alaska.pl,https://fundacja-alaska.pl/step-un/,fundacja-alaska.pl
futbolmeydani.net,https://futbolmeydani.net/bonus,futbolmeydani.net
gatewayaccount38.beauty,https://gatewayaccount38.beauty/go,gatewayaccount38.beauty
goldmann-cakes.hu,https://www.goldmann-cakes.hu/go/play,www.goldmann-cakes.hu
glawmag.ru,https://glawmag.ru/bonus/,glawmag.ru
gpsprot.org,http://gpsprot.org/mostbet/,gpsprot.org
gudang-lagu.nu,https://gudang-lagu.nu/go/mostbet,gudang-lagu.nu
gumushanespor.org,https://gumushanespor.org/bonus,gumushanespor.org
grzymalkow.pl,https://stajnialipowo.pl/bonus/ https://stajnialipowo.pl/go/registration https://stajnialipowo.pl/go/bonus,stajnialipowo.pl
hadith.uz,https://reg.mostbets-uzb.com/7g5pHbU?type=app,hadith.uz
guzhelya.com,https://guzhelya.com/link,guzhelya.com
gypunrzrmb.net,https://gypunrzrmb.net/register/,gypunrzrmb.net
hcvalpellice.com,https://hcvalpellice.com/bonus/,hcvalpellice.com
helpaman.org,https://helpaman.org/bonus/ https://helpaman.org/go/,helpaman.org
hi-surf.hu,https://www.hi-surf.hu/go/play,www.hi-surf.hu
hidraulikakereskedelem.hu,https://www.hidraulikakereskedelem.hu/go/play,www.hidraulikakereskedelem.hu
hirtek.hu,https://www.hirtek.hu/go/play,www.hirtek.hu
hukukmedeniyeti.org,https://hukukmedeniyeti.org/bonus,hukukmedeniyeti.org
hoteltarcza.pl,https://hoteltarcza.pl/bonus/ https://hoteltarcza.pl/go/,hoteltarcza.pl
hoteluzvonudolnidvur.cz,https://partners-official.com/b2tcnrmv,hoteluzvonudolnidvur.cz
i12wrk.com,https://studiocarnley.com/mostbet/,studiocarnley.com
ialpasoc.info,https://ialpasoc.info/mostbet/,ialpasoc.info
homeopatia-orvos.hu,https://www.homeopatia-orvos.hu/go/play,www.homeopatia-orvos.hu
indianhomestays.org,https://indianhomestays.org/link,indianhomestays.org
imosc.org,https://imosc.org/bonus/ https://imosc.org/goto/ https://imosc.org/play/,imosc.org
innovabutor.hu,https://innovabutor.hu/go,innovabutor.hu
im4dc.org,https://studiocarnley.com/mostbet/,studiocarnley.com
in-mostbet.org,https://in-mostbet.org/go/,in-mostbet.org
indense.net,https://indense.net/bonus,indense.net
india-mostbet.com,https://india-mostbet.com/go/mst,india-mostbet.com
india-mostbet.net,https://imn.india-mostbet.net/J6Kepzg https://imn.india-mostbet.net/J6Kepzg?type=app,india-mostbet.net
inspiraceblog.cz,https://partners-official.com/b2tcnrmv,inspiraceblog.cz
intellipeaksolutions.com,http://intellipeaksolutions.com/mostbet/,intellipeaksolutions.com
italia-mostbet.com,https://italia-mostbet.com/bonus/,italia-mostbet.com
jardimalchymist.com,https://jardimalchymist.com/goto/ https://jardimalchymist.com/bonus/,jardimalchymist.com
jarosek-mutenice.cz,https://partners-official.com/b2tcnrmv,jarosek-mutenice.cz
james-albus.org,https://james-albus.org/go/,james-albus.org
jedemevpivu.cz,https://jedemevpivu.cz/go/2 https://jedemevpivu.cz/bonus/ https://jedemevpivu.cz/go/1 https://jedemevpivu.cz/go/3 https://jedemevpivu.cz/go/4,jedemevpivu.cz
judyqueen.tw,https://www.facebook.com/judyqueenstudio/ https://www.facebook.com/judyqueenstylist,judyqueen.tw
kazino-mostbet-oficial.com,https://mostbet2.bet/promo/bonus/,mostbet2.bet
karczma-przemysl.pl,https://stajnialipowo.pl/bonus/ https://stajnialipowo.pl/go/registration https://stajnialipowo.pl/go/bonus,stajnialipowo.pl
karrierotthonrol.com,https://karrierotthonrol.com/go/play,karrierotthonrol.com
kapena.com.pl,https://kapena.com.pl/go/ https://kapena.com.pl/bonus/,kapena.com.pl
kitapana.com,https://kitapana.com/mostbet/,kitapana.com
klubsms.cz,https://klubsms.cz/bonus/ https://klubsms.cz/go/,klubsms.cz
jnasci.org,https://jnasci.org/mostbet/,jnasci.org
kobieceodbicie.pl,https://stajnialipowo.pl/bonus/ https://stajnialipowo.pl/go/registration https://stajnialipowo.pl/go/bonus,stajnialipowo.pl
kovovyroba-krivanek.cz,https://partners-official.com/b2tcnrmv,kovovyroba-krivanek.cz
ladywineclub.cz,https://partners-official.com/b2tcnrmv,ladywineclub.cz
le-barbier-blagnac.fr,http://www.le-barbier-blagnac.fr/mostbet/,www.le-barbier-blagnac.fr
lecheesegeek.com,https://www.lecheesegeek.com/mostbet/,www.lecheesegeek.com
laruelle.cz,https://partners-official.com/b2tcnrmv,laruelle.cz
linea-directa.eu,https://linea-directa.eu/bonus/,linea-directa.eu
lilospasta.com,https://lilospasta.com/mostbet/,lilospasta.com
livedocelive.com.br,https://livedocelive.com.br/mostbet/,livedocelive.com.br
lows-comsurvey.org,https://lows-comsurvey.org/mostbet/,lows-comsurvey.org
lk-mostbet.com,https://lk-mostbet.com/bonus,lk-mostbet.com
lookingforlila.com,http://www.lookingforlila.com/mostbet/,www.lookingforlila.com
m-ostbet.com,https://most-bets.radio.fm/bonus/,most-bets.radio.fm
luckylandrtp.com,https://luckylandrtp.com/bonus,luckylandrtp.com
lufkinmall.com,https://lufkinmall.com/mostbet/,lufkinmall.com
marrakech-decouverte.com,https://marrakech-decouverte.com/bonus/,marrakech-decouverte.com
marrakech-launchpad.com,https://marrakech-launchpad.com/bonus/,marrakech-launchpad.com
marrakechtopsights.com,https://marrakechtopsights.com/bonus/,marrakechtopsights.com
makebeautybd.com,https://makebeautybd.com/bonus/,makebeautybd.com
mdbetlem.net,https://mdbetlem.net/go/,mdbetlem.net
meclis.info,https://meclis.info/bonus,meclis.info
mbc-agent.com,https://twitter.com/MBC_worldwide,mbc-agent.com
mbc-hr.com,https://t.me/mbchren_bot https://telegram.me/share/url?url=https://mbc-hr.com/en/index.php https://www.facebook.com/sharer.php?u=https://mbc-hr.com/en/index.php https://www.linkedin.com/sharing/share-offsite/?url=https://mbc-hr.com/en/index.php,mbc-hr.com
mbdscorewell.in,https://mbdscorewell.in/bonus/,mbdscorewell.in
mezibrany.cz,https://partners-official.com/b2tcnrmv,mezibrany.cz
mezopotamyaajansi12.com,https://mezopotamyaajansi12.com/bonus,mezopotamyaajansi12.com
milly-clarke.com,https://milly-clarke.com/go/play,milly-clarke.com
mindbodyfork.com,https://www.mindbodyfork.com/mostbet/,www.mindbodyfork.com
mhhajnice.cz,https://partners-official.com/b2tcnrmv,mhhajnice.cz
mmostbet-polska.fit,https://mmostbet-polska.fit/mostbet/,mmostbet-polska.fit
mmostbet.app,https://mmostbet.app/register,mmostbet.app
mmostbet.bet,https://mmostbet.bet/register/,mmostbet.bet
mmostbet.in,https://mostbet1.mobi/bonus/,mostbet1.mobi
mmostbet.net,https://mmostbet.net/register,mmostbet.net
mmostbet.pro,https://mmostbet.pro/register,mmostbet.pro
mnl777.id,https://mnl777.id/register/,mnl777.id
milionovastranka.net,https://milionovastranka.net/go/,milionovastranka.net
mobilolajcsere.com,https://mobilolajcsere.com/go/play,mobilolajcsere.com
moctbet-uz.com,https://moctbet.com/bonus/,moctbet.com
moctbet.com,https://moctbet.com/bonus/,moctbet.com
modellclub.net,https://modellclub.net/go/play,modellclub.net
mojkarmnik.pl,https://mojkarmnik.pl/go/ https://mojkarmnik.pl/play/black-mummy/ https://mojkarmnik.pl/play/bullion-blitz/ https://mojkarmnik.pl/play/candy-crusade/ https://mojkarmnik.pl/play/christmas-bonanza/ https://mojkarmnik.pl/play/fortune-three/ https://mojkarmnik.pl/play/giant-wild-goose-pagoda/ https://mojkarmnik.pl/play/gold-saloon-vip-extra/ https://mojkarmnik.pl/play/hit-slot/ https://mojkarmnik.pl/play/jack-hammer-3/ https://mojkarmnik.pl/play/legendary-diamonds/ https://mojkarmnik.pl/play/midnight-romance/,mojkarmnik.pl
mosbetcasino.com,https://mosbetcasino.com/go/ https://mosbetcasino.com/play/epic-crown-10/ https://mosbetcasino.com/play/argonauts/ https://mosbetcasino.com/play/book-of-gems-megaways-1/ https://mosbetcasino.com/play/star-clusters-2/ https://mosbetcasino.com/play/royal-joker/ https://mosbetcasino.com/play/howling-wolves-megaways/ https://mosbetcasino.com/play/raging-wings/ https://mosbetcasino.com/play/epic-fish-net-of-fortune/ https://mosbetcasino.com/play/play-with-the-devil/ https://mosbetcasino.com/play/lucky-streak-1000/ https://mosbetcasino.com/play/reactoonz-100/,mosbetcasino.com
mosbetpl.com,https://mosbetpl.com/bonus,mosbetpl.com
mosst-bet.cz,https://mosst-bet.cz/go/,mosst-bet.cz
most-bet-brasil.com,https://most-bet-brasil.com/go/,most-bet-brasil.com
most-bet-casino.com.pt,https://most-bet-casino.com.pt/go/,most-bet-casino.com.pt
most-bet-casino.org.kz,https://kz.most-bet-casino.org.kz/bonus/,kz.most-bet-casino.org.kz
mos-t-bet-net.com,https://mos-t-bet-net.com/bonus/ https://mos-t-bet-net.com/go/,mos-t-bet-net.com
mos-t-bet-org.com,https://mos-t-bet-org.com/bonus/ https://mos-t-bet-org.com/go/,mos-t-bet-org.com
mos-t-bet-pl.com,https://mos-t-bet-pl.com/bonus/ https://mos-t-bet-pl.com/go/,mos-t-bet-pl.com
mos-t-bets-pl.com,https://mos-t-bets-pl.com/bonus/ https://mos-t-bets-pl.com/go/,mos-t-bets-pl.com
mosbet-az-az.com,https://mosbet-az-az.com/bonus https://mosbet-az-az.com/promo,mosbet-az-az.com
mosbet-bd.pro,https://mostbet-bangladesh.pro/bonus/,mostbet-bangladesh.pro
most-bet-ro.ro,https://most-bet-ro.ro/go/,most-bet-ro.ro
mos-t-be-t.com,https://mos-t-be-t.com/bonus/,mos-t-be-t.com
mos-t-bet-com.com,https://mos-t-bet-com.com/bonus/ https://mos-t-bet-com.com/go/,mos-t-bet-com.com
most-bet-hungary.com,https://most-bet-hungary.com/bonus/,most-bet-hungary.com
most-bet-game.com,https://most-bet-game.com/mostbet/,most-bet-game.com
most-bet.co.uk,https://most-bet.co.uk/go/,most-bet.co.uk
most-bet.com.de,https://most-bet.com.de/go/,most-bet.com.de
most-bet.info.pl,https://most-bet.info.pl/go/,most-bet.info.pl
most-bet.ma,https://most-bet.ma/bonus/,most-bet.ma
most-bet.vip,https://most-bet.vip/register,most-bet.vip
most-betcasino.net,https://most-betcasino.net/play,most-betcasino.net
most-bet.nl,https://most-bet.nl/go/,most-bet.nl
most-bet.org.mx,https://most-bet.org.mx/goto/,most-bet.org.mx
most-bet.pro,https://most-bet.pro/register,most-bet.pro
most-bet.ro,https://most-bet.ro/go/,most-bet.ro
most-bet.si,https://most-bet.si/go/,most-bet.si
most-bet.sk,https://most-bet.sk/go/,most-bet.sk
most-bet.top,https://most-bet.top/go/,most-bet.top
most-bet.uk,https://most-bet.uk/go/,most-bet.uk
mostbet-0i3a.buzz,https://mostbet-0i3a.buzz/goto/,mostbet-0i3a.buzz
most-company-bet.ink,https://most-company-bet.ink/mostbet/,most-company-bet.ink
most-kasyno-bet.fit,https://most-kasyno-bet.fit/mostbet/,most-kasyno-bet.fit
mostbet-0.online,https://mostbet-0.online/bonus/,mostbet-0.online
mostbet-0.ru,https://mostbet-0.ru/bonus/,mostbet-0.ru
mostbet-16ho.top,https://mostbet-16ho.top/goto/,mostbet-16ho.top
mostbet-1g8v.top,https://mostbet-1g8v.top/goto/,mostbet-1g8v.top
mostbet-1giv.top,https://mostbet-1giv.top/goto/,mostbet-1giv.top
mostbet-1xas.top,https://mostbet-1xas.top/goto/,mostbet-1xas.top
mostbet-20.online,https://mostbet-20.online/bonus/,mostbet-20.online
mostbet-1mvb.top,https://mostbet-1mvb.top/goto/,mostbet-1mvb.top
mostbet-1oul.top,https://mostbet-1oul.top/goto/,mostbet-1oul.top
mostbet-23.online,https://mostbet-23.online/bonus/,mostbet-23.online
mostbet-23.ru,https://mostbet-23.ru/bonus/,mostbet-23.ru
mostbet-2gn5.top,https://mostbet-2gn5.top/goto/,mostbet-2gn5.top
mostbet-2i2j.top,https://mostbet-2i2j.top/goto/,mostbet-2i2j.top
most-betpt.com,https://most-betpt.com/bonus,most-betpt.com
most-bets-net.com,https://most-bets-net.com/go/ https://most-bets-net.com/bonus/,most-bets-net.com
most-bets-pl.com,https://most-bets-pl.com/go/ https://most-bets-pl.com/bonus/,most-bets-pl.com
most-bets.auto.pl,https://most-bets.auto.pl/bonus,most-bets.auto.pl
most-bets.com.pl,https://most-bets.com.pl/bonus,most-bets.com.pl
most-bets.mx,https://most-bets.mx/bonus/,most-bets.mx
most-bett-net.com,https://most-bett-net.com/bonus/ https://most-bett-net.com/go/,most-bett-net.com
most-bett-org.com,https://most-bett-org.com/bonus/ https://most-bett-org.com/go/,most-bett-org.com
most-bett-pl.net,https://most-bett-pl.net/go/ https://most-bett-pl.net/bonus/,most-bett-pl.net
mostbet-25.online,https://mostbet-25.online/bonus/,mostbet-25.online
mostbet-2tuk.buzz,https://mostbet-2tuk.buzz/goto/,mostbet-2tuk.buzz
mostbet-4gz4.top,https://mostbet-4gz4.top/goto/,mostbet-4gz4.top
mostbet-3s1e.buzz,https://mostbet-3s1e.buzz/goto/,mostbet-3s1e.buzz
mostbet-3iv6.buzz,https://mostbet-3iv6.buzz/goto/,mostbet-3iv6.buzz
mostbet-314-az.com,https://mostbet-314-az.com/go/go.php,mostbet-314-az.com
mostbet-5msb.buzz,https://mostbet-5msb.buzz/goto/,mostbet-5msb.buzz
mostbet-5n66.buzz,https://mostbet-5n66.buzz/goto/,mostbet-5n66.buzz
mostbet-7k5p.buzz,https://mostbet-7k5p.buzz/goto/,mostbet-7k5p.buzz
mostbet-6aqz.buzz,https://mostbet-6aqz.buzz/goto/,mostbet-6aqz.buzz
mostbet-6lb7.buzz,https://mostbet-6lb7.buzz/goto/,mostbet-6lb7.buzz
mostbet-7uoo.top,https://mostbet-7uoo.top/goto/,mostbet-7uoo.top
mostbet-6531.buzz,https://mostbet-6531.buzz/goto/,mostbet-6531.buzz
mostbet-6a8o.buzz,https://mostbet-6a8o.buzz/goto/,mostbet-6a8o.buzz
mostbet-6sja.buzz,https://mostbet-6sja.buzz/goto/,mostbet-6sja.buzz
mostbet-6u5e.buzz,https://mostbet-6u5e.buzz/goto/,mostbet-6u5e.buzz
mostbet-78he.buzz,https://mostbet-78he.buzz/goto/,mostbet-78he.buzz
mostbet-79.online,https://mostbet-79.online/bonus/,mostbet-79.online
mostbet-79.ru,https://mostbet-79.ru/bonus/,mostbet-79.ru
mostbet-7gce.buzz,https://mostbet-7gce.buzz/goto/,mostbet-7gce.buzz
mostbet-8nci.top,https://mostbet-8nci.top/goto/,mostbet-8nci.top
mostbet-94.online,https://mostbet-94.online/bonus/,mostbet-94.online
mostbet-94.ru,https://mostbet-94.ru/bonus/,mostbet-94.ru
mostbet-74sf.top,https://mostbet-74sf.top/goto/,mostbet-74sf.top
mostbet-75fz.top,https://mostbet-75fz.top/goto/,mostbet-75fz.top
mostbet-75vt.buzz,https://mostbet-75vt.buzz/goto/,mostbet-75vt.buzz
mostbet-777.com,https://mostbet-777.com/bonus/ https://mostbet-777.com/signup/,mostbet-777.com
mostbet-africa.com,https://mostbet-africa.com/bonus https://mostbet-africa.com/bonus/welcome-bonus https://mostbet-africa.com/bonus/promo-code https://mostbet-africa.com/bonus/no-deposit,mostbet-africa.com
mostbet-92w1.buzz,https://mostbet-92w1.buzz/goto/,mostbet-92w1.buzz
mostbet-android-apk.com,https://mostbet-android-apk.com/bonus/ https://mostbet-android-apk.com/signup/,mostbet-android-apk.com
mostbet-ap.online,https://mostbet-ap.online/bonus/,mostbet-ap.online
mostbet-ap.ru,https://mostbet-ap.ru/bonus/,mostbet-ap.ru
mostbet-armeniya.com,https://mostbet-armeniya.com/bonus/,mostbet-armeniya.com
mostbet-app.app,https://mostbet-app.app/bonus https://mostbet-app.app/register,mostbet-app.app
mostbet-app.club,https://mostbet-app.club/register,mostbet-app.club
mostbet-app.co.cz,https://mostbet-app.co.cz/bonus/,mostbet-app.co.cz
mostbet-app.kg,https://mostbet-app.kg/bonus/,mostbet-app.kg
mostbet-apkdownload.com,https://mostbet-apkdownload.com/promo,mostbet-apkdownload.com
mostbet-az-az.onl,https://mostbet-az-az.onl/bonus,mostbet-az-az.onl
mostbet-az-az.org,https://mostbet-az-az.org/bonus,mostbet-az-az.org
mostbet-appdownload.com,https://mostbet-appdownload.com/promo,mostbet-appdownload.com
mostbet-apps.net,https://main.mostbet-apps.net/3gwN6x8 https://main.mostbet-apps.net/3gwN6x8?type=app,mostbet-apps.net
mostbet-az-2.com,https://mostbet-az-2.com/bonus,mostbet-az-2.com
mostbet-az-3.com,https://mostbet-az-3.com/bonus,mostbet-az-3.com
mostbet-az-cazino.ink,https://mostbet-az-cazino.ink/bonus,mostbet-az-cazino.ink
mostbet-aviator.org,https://mostbet-aviator.org/go/play/?b=home_header https://mostbet-aviator.org/go/play/?b=home_hero https://mostbet-aviator.org/go/play/?b=home_fair https://mostbet-aviator.org/go/play/?b=home_start https://mostbet-aviator.org/go/play/?b=home_final,mostbet-aviator.org
mostbet-az.in.net,https://mostbet-az.in.net/bonus,mostbet-az.in.net
mostbet-aviator-oyna.com,https://mostbet-aviator-oyna.com/promo,mostbet-aviator-oyna.com
mostbet-az.org,https://mao.mostbet-az.org/JVNfcJA https://mao.mostbet-az.org/JVNfcJA?type=app,mostbet-az.org
mostbet-az-spin.com,https://mostbet-az-spin.com/bonus/ https://mostbet-az-spin.com/signup/,mostbet-az-spin.com
mostbet-azerbaijan-777.com,https://mostbet-azerbaijan-777.com/bonus/ https://mostbet-azerbaijan-777.com/signup/,mostbet-azerbaijan-777.com
mostbet-azerbaijan-bonus.com,https://mostbet-azerbaijan-bonus.com/bonus/ https://mostbet-azerbaijan-bonus.com/signup/,mostbet-azerbaijan-bonus.com
mostbet-azerbaijan-casino.com,https://mostbet-azerbaijan-casino.com/bonus/ https://mostbet-azerbaijan-casino.com/signup/,mostbet-azerbaijan-casino.com
mostbet-azerbaijan-casino.org,https://mostbet-azerbaijan-casino.org/bonus/ https://mostbet-azerbaijan-casino.org/signup/,mostbet-azerbaijan-casino.org
mostbet-azerbaijan-club.net,https://mostbet-azerbaijan-club.net/bonus/ https://mostbet-azerbaijan-club.net/signup/,mostbet-azerbaijan-club.net
mostbet-azerbaijan-vip.org,https://mostbet-azerbaijan-vip.org/bonus/ https://mostbet-azerbaijan-vip.org/signup/,mostbet-azerbaijan-vip.org
mostbet-azerbaijan-win.com,https://mostbet-azerbaijan-win.com/bonus/ https://mostbet-azerbaijan-win.com/signup/,mostbet-azerbaijan-win.com
mostbet-azerbaijan-win.org,https://mostbet-azerbaijan-win.org/bonus/ https://mostbet-azerbaijan-win.org/signup/,mostbet-azerbaijan-win.org
mostbet-azerbaijan.tech,https://mostbet-azerbaijan.tech/bonus/ https://mostbet-azerbaijan.tech/signup/,mostbet-azerbaijan.tech
mostbet-azerbaijan-games.net,https://mostbet-azerbaijan-games.net/bonus/ https://mostbet-azerbaijan-games.net/signup/,mostbet-azerbaijan-games.net
mostbet-azerbaijan-max.com,https://mostbet-azerbaijan-max.com/bonus/ https://mostbet-azerbaijan-max.com/signup/,mostbet-azerbaijan-max.com
mostbet-azerbaijan-pro.com,https://mostbet-azerbaijan-pro.com/bonus/ https://mostbet-azerbaijan-pro.com/signup/,mostbet-azerbaijan-pro.com
mostbet-azerbaijan-pro.org,https://mostbet-azerbaijan-pro.org/bonus/ https://mostbet-azerbaijan-pro.org/signup/,mostbet-azerbaijan-pro.org
mostbet-azerbaijan-slot.com,https://mostbet-azerbaijan-slot.com/bonus/ https://mostbet-azerbaijan-slot.com/signup/,mostbet-azerbaijan-slot.com
mostbet-azerbaijan-top.com,https://mostbet-azerbaijan-top.com/bonus/ https://mostbet-azerbaijan-top.com/signup/,mostbet-azerbaijan-top.com
mostbet-azonline.com,https://mostbet-azonline.com/goto/ https://mostbet-azonline.com/bonus/,mostbet-azonline.com
mostbet-azplay.com,https://mostbet-azplay.com/bonus/ https://mostbet-azplay.com/signup/,mostbet-azplay.com
mostbet-bd-1.app,https://mostbet-bd-1.app/register,mostbet-bd-1.app
mostbet-bd-1.net,https://mostbet-bd-1.net/register,mostbet-bd-1.net
mostbet-bd-3.com,https://mostbet-bd-3.com/go/,mostbet-bd-3.com
mostbet-bangla.net,https://mostbet-bangla.net/register,mostbet-bangla.net
mostbet-bangla.org,https://win.mostbet-bangla.org/7B9BPHj https://win.mostbet-bangla.org/7B9BPHj?type=app,mostbet-bangla.org
mostbet-banglades.com,https://mostbet-banglades.com/bonus,mostbet-banglades.com
mostbet-azyukle.com,https://mostbet-azyukle.com/promo,mostbet-azyukle.com
mostbet-bangladesh.biz,https://mostbet-bangladesh.biz/bonus/,mostbet-bangladesh.biz
mostbet-bangladesh.pro,https://mostbet-bangladesh.pro/bonus/,mostbet-bangladesh.pro
mostbet-bb.online,https://mostbet-bb.online/bonus/,mostbet-bb.online
mostbet-bb.ru,https://mostbet-bb.ru/bonus/,mostbet-bb.ru
mostbet-bd-login.app,https://mostbet-bd-login.app/register,mostbet-bd-login.app
mostbet-bd-login.org,https://mostbet-bd-login.org/register,mostbet-bd-login.org
mostbet-bd.club,https://mostbet-bd.club/register,mostbet-bd.club
mostbet-bd.ink,https://mostbet-bd.ink/register/,mostbet-bd.ink
mostbet-bd.live,https://mostbet-bd.live/bonus/,mostbet-bd.live
mostbet-bd.me,https://mostbet-bd.me/go/,mostbet-bd.me
mostbet-bd.mobi,https://mostbet-bd.mobi/bonus/,mostbet-bd.mobi
mostbet-bd.one,https://mostbet-bd.one/register,mostbet-bd.one
mostbet-bd-casino.info,https://mostbet-bd-casino.info/bonus/ https://mostbet-bd-casino.info/signup/,mostbet-bd-casino.info
mostbet-bd.store,https://mostbet-bd.store/bonus/ https://mostbet-bd.store/signup/,mostbet-bd.store
mostbet-bd.us.com,https://mostbet-bd.us.com/bonus/,mostbet-bd.us.com
mostbet-bd.world,https://mostbet-bd.world/bonus/ https://mostbet-bd.world/signup/,mostbet-bd.world
mostbet-bd2.app,https://mostbet-bd2.app/register,mostbet-bd2.app
mostbet-bd2.net,https://mostbet-bd2.net/bonus,mostbet-bd2.net
mostbet-bd2.vip,https://mostbet-bd2.vip/register,mostbet-bd2.vip
mostbet-bj.online,https://mostbet-bj.online/bonus/,mostbet-bj.online
mostbet-betting-uk.com,https://mostbet-betting-uk.com/go/,mostbet-betting-uk.com
mostbet-bonus-250.com,https://mostbet2.bet/promo/bonus/,mostbet2.bet
mostbet-bet.kz,https://mostbet-bet.kz/signup/ https://mostbet-bet.kz/bonus/,mostbet-bet.kz
mostbet-bet.net,https://mostbet-bet.net/bonus/ https://mostbet-bet.net/signup/,mostbet-bet.net
mostbet-bengali.com,https://mostbet-bengali.com/bonus/,mostbet-bengali.com
mostbet-bonus-code.com,https://mostbet-bonus-code.com/bonus/ https://mostbet-bonus-code.com/signup/,mostbet-bonus-code.com
mostbet-bonus-registracziya.com,https://mostbet2.bet/promo/bonus/,mostbet2.bet
mostbet-aze-kazino.com,https://mostbet-aze-kazino.com/go,mostbet-aze-kazino.com
mostbet-aze.mex.com,https://mostbet-aze-kazino.com/go,mostbet-aze-kazino.com
mostbet-bonus-za-registraci.com,https://mostbet-bonus-za-registraci.com/bonus/index.html,mostbet-bonus-za-registraci.com
mostbet-bp.online,https://mostbet-bp.online/bonus/,mostbet-bp.online
mostbet-bulgaria.net,https://mostbet-bulgaria.net/link/go.php,mostbet-bulgaria.net
mostbet-braz.com,https://mostbet-braz.com/bonus,mostbet-braz.com
mostbet-casiino.com,https://mostbet-casiino.com/go/,mostbet-casiino.com
mostbet-ca-club.com,https://mostbet-ca-club.com/bonus/,mostbet-ca-club.com
mostbet-brasil.com,https://mostbet-brasil.com/bonus/,mostbet-brasil.com
mostbet-brasil.net,https://mostbet-brasil.com/bonus/,mostbet-brasil.com
mostbet-brasilia.com,https://mostbet-brasilia.com/bonus,mostbet-brasilia.com
mostbet-casino-tg22.buzz,https://mostbet-casino-tg22.buzz/bonus https://mostbet-casino-tg22.buzz/reg,mostbet-casino-tg22.buzz
mostbet-casino-turkiye.life,https://mostbet-casino-turkiye.life/mostbet/,mostbet-casino-turkiye.life
mostbet-casino-pol.com,https://mostbetaplikacja.com.pl/bonus/ https://mostbetaplikacja.com.pl/go/,mostbetaplikacja.com.pl
mostbet-casino-india.net,https://mcin.mostbet-casino-india.net/TTK8Z4L https://mcin.mostbet-casino-india.net/TTK8Z4L?type=app,mostbet-casino-india.net
mostbet-casino-ios.com,https://mostbet-casino-ios.com/bonus/ https://mostbet-casino-ios.com/signup/,mostbet-casino-ios.com
mostbet-casino1.pl,https://mostbet-casino1.pl/go/,mostbet-casino1.pl
mostbet-casino.com.pt,https://mostbet-casino.com.pt/go/ https://mostbet-casino.com.pt/bonus/,mostbet-casino.com.pt
mostbet-casino-win.com,https://mostbet-casino-win.com/bonus/ https://mostbet-casino-win.com/signup/,mostbet-casino-win.com
mostbet-casinopl.pl,https://mostbet-casinopl.pl/go/,mostbet-casinopl.pl
mostbet-casino.es,https://mostbet-casino.es/go/,mostbet-casino.es
mostbet-casino.it.com,https://mostbet-casino.it.com/go/,mostbet-casino.it.com
mostbet-casinoo-cz.cz,https://mostbet-casinoo-cz.cz/bonus/,mostbet-casinoo-cz.cz
mostbet-casinogiris2024.com,https://mostbet-casinogiris2024.com/go/,mostbet-casinogiris2024.com
mostbet-casinoin.org,https://mostbet-casinoin.org/go/,mostbet-casinoin.org
mostbet-casinoindia.org,https://mostbet-casinoindia.org/go/,mostbet-casinoindia.org
mostbet-ceska.cz,https://mostbet-ceska.cz/go/,mostbet-ceska.cz
mostbet-casinos-pt.com,https://mostbet-casinos-pt.com/go/,mostbet-casinos-pt.com
mostbet-casinos.com.pl,https://mostbet-casinos.com.pl/bonus https://mostbet-casinos.com.pl/go/,mostbet-casinos.com.pl
mostbet-club.kz,https://mostbet-club.kz/signup/ https://mostbet-club.kz/bonus/,mostbet-club.kz
mostbet-cassino-br.com,https://mostbet-cassino-br.com/go/,mostbet-cassino-br.com
mostbet-cx.online,https://mostbet-cx.online/bonus/,mostbet-cx.online
mostbet-cx.ru,https://mostbet-cx.ru/bonus/,mostbet-cx.ru
mostbet-ckachat.com,https://mostbet-ckachat.com/promo,mostbet-ckachat.com
mostbet-club-tr.co,https://mostbet-club-tr.co/mostbet/,mostbet-club-tr.co
mostbet-cesky.com,https://mostbet-cesky.com/go/2 https://mostbet-cesky.com/bonus/ https://mostbet-cesky.com/go/1 https://mostbet-cesky.com/go/3 https://mostbet-cesky.com/go/4,mostbet-cesky.com
mostbet-cestina.com,https://mostbet.co.cz/promo/bonus/ https://mostbet.co.cz/promo/30-free-spins/ https://mostbet.co.cz/promo/100-free-spins/ https://mostbet.co.cz/promo/no-deposit-bonus/ https://mostbet.co.cz/promo/registration-bonus/,mostbet.co.cz
mostbet-com-login.com,https://mostbet-com-login.com/register,mostbet-com-login.com
mostbet-com-login.net,https://mostbet-com-login.net/register,mostbet-com-login.net
mostbet-com.com,https://mostbet-com.com/go/,mostbet-com.com
mostbet-com.pl,https://mostbet-com.pl/go/Tower/ https://mostbet-com.pl/go/TuffPuff/ https://mostbet-com.pl/go/Tikitaka/ https://mostbet-com.pl/go/Wintino/ https://mostbet-com.pl/go/BirdSpin/ https://mostbet-com.pl/go/DudeSpin/ https://mostbet-com.pl/go/CrazyTower/ https://mostbet-com.pl/go/Mino/,mostbet-com.pl
mostbet-dk.net,https://mostbet-dk.net/link/go.php,mostbet-dk.net
mostbet-deposit.com,https://mostbet-deposit.com/signup/ https://mostbet-deposit.com/bonus/,mostbet-deposit.com
mostbet-de.com.de,https://mostbet-de.com.de/go/,mostbet-de.com.de
mostbet-deals.com,https://mostbet-deals.com/signup/ https://mostbet-deals.com/bonus/,mostbet-deals.com
mostbet-e.online,https://mostbet-e.online/bonus/,mostbet-e.online
mostbet-e.ru,https://mostbet-e.ru/bonus/,mostbet-e.ru
mostbet-czcasino.com,https://mostbet-czcasino.com/reg/ https://mostbet-czcasino.com/bonus/ https://mostbet-czcasino.com/reg,mostbet-czcasino.com
mostbet-czechia.cz,https://mostbet-czechia.cz/bonus/,mostbet-czechia.cz
mostbet-erv.top,https://mostbet-erv.top/goto/,mostbet-erv.top
mostbet-ex.online,https://mostbet-ex.online/bonus/,mostbet-ex.online
mostbet-fa.ru,https://mostbet-fa.ru/bonus/,mostbet-fa.ru
mostbet-elite.com,https://mostbet-elite.com/signup/ https://mostbet-elite.com/bonus/,mostbet-elite.com
mostbet-es.es,https://mostbet-es.es/go/,mostbet-es.es
mostbet-es.xyz,https://mostbet-es.xyz/visit/?page=home&block=mob-login&lang=de https://mostbet-es.xyz/visit/?page=home&block=mob-signup&lang=de https://mostbet-es.xyz/visit/?page=home&block=sidebar-tournaments&lang=de https://mostbet-es.xyz/visit/?page=home&block=sidebar-vip&lang=de https://mostbet-es.xyz/visit/?page=home&block=sidebar-app&lang=de https://mostbet-es.xyz/visit/?page=home&block=hero-cta&lang=de https://mostbet-es.xyz/visit/?page=home&block=hero-rating-cta&lang=de https://mostbet-es.xyz/visit/?page=home&block=games-more&lang=de https://mostbet-es.xyz/visit/?page=home&block=game-play&lang=de https://mostbet-es.xyz/visit/?page=home&block=inline-cta-mid&lang=de https://mostbet-es.xyz/visit/?page=home&block=cta-claim&lang=de https://mostbet-es.xyz/visit/?page=home&block=bottom-cta&lang=de,mostbet-es.xyz
mostbet-g.online,https://mostbet-g.online/bonus/,mostbet-g.online
mostbet-fu.online,https://mostbet-fu.online/bonus/,mostbet-fu.online
mostbet-fu.ru,https://mostbet-fu.ru/bonus/,mostbet-fu.ru
mostbet-egypt.org,https://mostbet-egypt.org/go/mostbet-eg.php,mostbet-egypt.org
mostbet-g.ru,https://mostbet-g.ru/bonus/,mostbet-g.ru
mostbet-gambling.net,https://mostbet-gambling.net/mostbet/,mostbet-gambling.net
mostbet-fp.online,https://mostbet-fp.online/bonus/,mostbet-fp.online
mostbet-fp.ru,https://mostbet-fp.ru/bonus/,mostbet-fp.ru
mostbet-giris.tech,https://mostbet-aze-kazino.com/go,mostbet-aze-kazino.com
mostbet-girisc.com,https://mostbet-girisc.com/promo,mostbet-girisc.com
mostbet-global.net,https://mostbet-global.net/register/ https://mostbet-global.net/bonus/ https://mgn.mostbet-global.net/XeuDMFu https://mgn.mostbet-global.net/XeuDMFu?type=app,mostbet-global.net
mostbet-global.org,https://win.mostbet-global.org/wtKc2Jc https://win.mostbet-global.org/wtKc2Jc?type=app,mostbet-global.org
mostbet-gr.com.gr,https://mostbet-gr.com.gr/go/,mostbet-gr.com.gr
mostbet-gr.net.gr,https://mostbet-gr.net.gr/go/,mostbet-gr.net.gr
mostbet-gra26.online,https://mostbet-gra26.online/mostbet/,mostbet-gra26.online
mostbet-greece.com,https://mostbet-greece.com/go/mostbet-greece.php,mostbet-greece.com
mostbet-giris.com,https://mostbettr.asia/promo/bonus/ https://mostbettr.asia/promo/yatirimsiz-bonus/ https://mostbettr.asia/promo/hos-geldin-bonusu/ https://mostbettr.asia/promo/30-ucretsiz-free-spin/ https://mostbettr.asia/promo/100-ucretsiz-free-spin/,mostbettr.asia
mostbet-giris.fyi,https://mostbet-aze-kazino.com/go,mostbet-aze-kazino.com
mostbet-giris.mex.com,https://mostbet-aze-kazino.com/go,mostbet-aze-kazino.com
mostbet-giris.sbs,https://mostbet-aze-kazino.com/go,mostbet-aze-kazino.com
mostbet-giris.site,https://mostbet-aze-kazino.com/go,mostbet-aze-kazino.com
mostbet-hesab.net,https://mostbet-hesab.net/bonus/ https://mostbet-hesab.net/signup/,mostbet-hesab.net
mostbet-i.online,https://mostbet-i.online/bonus/,mostbet-i.online
mostbet-i.ru,https://mostbet-i.ru/bonus/,mostbet-i.ru
mostbet-hra.com,https://mostbet-hra.com/bonus,mostbet-hra.com
mostbet-guide.com.ua,https://mostbet.net.ua/promo/bonus/ https://mostbet.net.ua/promo/bonus https://mostbet.net.ua/promo/30-frispiniv/ https://mostbet.net.ua/promo/100-frispiniv/ https://mostbet.net.ua/promo/vitalnyi-bonus/ https://mostbet.net.ua/promo/bezdepozytnyi-bonus/,mostbet.net.ua
mostbet-hw.online,https://mostbet-hw.online/bonus/,mostbet-hw.online
mostbet-ik.online,https://mostbet-ik.online/bonus/,mostbet-ik.online
mostbet-install.kz,https://mostbet-install.kz/signup/ https://mostbet-install.kz/bonus/,mostbet-install.kz
mostbet-ios-apk.com,https://mostbet-ios-apk.com/bonus/ https://mostbet-ios-apk.com/signup/,mostbet-ios-apk.com
mostbet-indirandroid.com,https://mostbet-indirandroid.com/promo,mostbet-indirandroid.com
mostbet-it.it,https://mostbet-it.it/go/,mostbet-it.it
mostbet-italia-casino.com,https://mostbet-italia-casino.com/bonus/,mostbet-italia-casino.com
mostbet-italia.it,https://mostbet-italia.it/bonus/,mostbet-italia.it
mostbet-ji.ru,https://mostbet-ji.ru/bonus/,mostbet-ji.ru
mostbet-jit.com,https://mostbet-jit.com/register,mostbet-jit.com
mostbet-jit.net,https://mostbet-jit.net/register,mostbet-jit.net
mostbet-ju.online,https://mostbet-ju.online/bonus/,mostbet-ju.online
mostbet-ivorycoast.com,https://mostbet-ivorycoast.com/bonus,mostbet-ivorycoast.com
mostbet-kasyno-automat.pl,https://mostbet-kasyno-automat.pl/signup/ https://mostbet-kasyno-automat.pl/bonus/,mostbet-kasyno-automat.pl
mostbet-kazino.com,https://mostbet2.bet/promo/bonus/,mostbet2.bet
mostbet-kazinoplay.com,https://mostbet-kazinoplay.com/goto/ https://mostbet-kazinoplay.com/bonus/,mostbet-kazinoplay.com
mostbet-kh.online,https://mostbet-kh.online/bonus/,mostbet-kh.online
mostbet-kh.ru,https://mostbet-kh.ru/bonus/,mostbet-kh.ru
mostbet-khelo.com,https://mostbet-khelo.com/register,mostbet-khelo.com
mostbet-khelo.net,https://mostbet-khelo.net/register,mostbet-khelo.net
mostbet-kk.online,https://mostbet-kk.online/bonus/,mostbet-kk.online
mostbet-kk.ru,https://mostbet-kk.ru/bonus/,mostbet-kk.ru
mostbet-kr.online,https://mostbet-kr.online/bonus/,mostbet-kr.online
mostbet-kr.ru,https://mostbet-kr.ru/bonus/,mostbet-kr.ru
mostbet-kazino-online.com,https://mostbet-kazino-online.com/go/,mostbet-kazino-online.com
mostbet-ki.online,https://mostbet-ki.online/bonus/,mostbet-ki.online
mostbet-ki.ru,https://mostbet-ki.ru/bonus/,mostbet-ki.ru
mostbet-kod-promocyjny.pl,https://mostbet-kod-promocyjny.pl/go/,mostbet-kod-promocyjny.pl
mostbet-kq.online,https://mostbet-kq.online/bonus/,mostbet-kq.online
mostbet-kq.ru,https://mostbet-kq.ru/bonus/,mostbet-kq.ru
mostbet-kasyno.org,https://mostbet-com.pl/go/Tower/ https://mostbet-com.pl/go/TuffPuff/ https://mostbet-com.pl/go/Tikitaka/ https://mostbet-com.pl/go/Wintino/ https://mostbet-com.pl/go/BirdSpin/ https://mostbet-com.pl/go/DudeSpin/ https://mostbet-com.pl/go/CrazyTower/ https://mostbet-com.pl/go/Mino/,mostbet-com.pl
mostbet-live.net,https://mostbet-live.net/bonus/ https://mostbet-live.net/signup/,mostbet-live.net
mostbet-lr.online,https://mostbet-lr.online/bonus/,mostbet-lr.online
mostbet-lr.ru,https://mostbet-lr.ru/bonus/,mostbet-lr.ru
mostbet-login-br.com,https://mostbet-login-br.com/go/,mostbet-login-br.com
mostbet-logowanie.it.com,https://mostbet-com.pl/go/Tower/ https://mostbet-com.pl/go/TuffPuff/ https://mostbet-com.pl/go/Tikitaka/ https://mostbet-com.pl/go/Wintino/ https://mostbet-com.pl/go/BirdSpin/ https://mostbet-com.pl/go/DudeSpin/ https://mostbet-com.pl/go/CrazyTower/ https://mostbet-com.pl/go/Mino/,mostbet-com.pl
mostbet-m.online,https://mostbet-m.online/bonus/,mostbet-m.online
mostbet-kz.com,https://mostbetkazinokazakhstan.com/promo/bonus/,mostbetkazinokazakhstan.com
mostbet-login.org,https://mostbet-login.org/bonus,mostbet-login.org
mostbet-luxembourg.com,https://mostbet-luxembourg.com/link/go.php,mostbet-luxembourg.com
mostbet-lw.online,https://mostbet-lw.online/bonus/,mostbet-lw.online
mostbet-lx.online,https://mostbet-lx.online/bonus/,mostbet-lx.online
mostbet-lx.ru,https://mostbet-lx.ru/bonus/,mostbet-lx.ru
mostbet-mobil.com,https://mostbet-mobil.com/bonus/ https://mostbet-mobil.com/signup/,mostbet-mobil.com
mostbet-mobil.org,https://mostbet-mobil.org/bonus/ https://mostbet-mobil.org/signup/,mostbet-mobil.org
mostbet-my.online,https://mostbet-my.online/bonus/,mostbet-my.online
mostbet-my.ru,https://mostbet-my.ru/bonus/,mostbet-my.ru
mostbet-mx.com.mx,https://mostbet-mx.com.mx/goto/,mostbet-mx.com.mx
mostbet-mostbet.app,https://mostbet-mostbet.app/register,mostbet-mostbet.app
mostbet-mostbet.cz,https://mostbet-mostbet.cz/bonus/,mostbet-mostbet.cz
mostbet-mostbet.net,https://mostbet-mostbet.net/register,mostbet-mostbet.net
mostbet-ni.ru,https://mostbet-ni.ru/bonus/,mostbet-ni.ru
mostbet-ng.com,https://mostbet-ng.com/bonus/go.php,mostbet-ng.com
mostbet-nc.online,https://mostbet-nc.online/bonus/,mostbet-nc.online
mostbet-nc.ru,https://mostbet-nc.ru/bonus/,mostbet-nc.ru
mostbet-moroco.com,https://mostbet-moroco.com/bonus,mostbet-moroco.com
mostbet-mosbet-cesky.com,https://mostbet-mosbet-cesky.com/go/2 https://mostbet-mosbet-cesky.com/bonus/ https://mostbet-mosbet-cesky.com/go/1 https://mostbet-mosbet-cesky.com/go/3 https://mostbet-mosbet-cesky.com/go/4 https://mostbet-mosbet-cesky.com/go/5 https://mostbet-mosbet-cesky.com/go/6,mostbet-mosbet-cesky.com
mostbet-nl.org,https://mostbet-nl.org/go/,mostbet-nl.org
mostbet-netherlands.com,https://mostbet-netherlands.com/go/,mostbet-netherlands.com
mostbet-mosbet-cz-online.com,https://mostbet-mosbet-cz-online.com/go/2 https://mostbet-mosbet-cz-online.com/go/1 https://mostbet-mosbet-cz-online.com/go/3 https://mostbet-mosbet-cz-online.com/go/4,mostbet-mosbet-cz-online.com
mostbet-of.ru,https://mostbet-of.ru/bonus/,mostbet-of.ru
mostbet-nrx.xyz,https://mostbet-nrx.xyz/goto/,mostbet-nrx.xyz
mostbet-mosbet.cz,https://mostbet-mosbet-cz-online.com/go/2 https://mostbet-mosbet-cz-online.com/go/1 https://mostbet-mosbet-cz-online.com/go/3 https://mostbet-mosbet-cz-online.com/go/4,mostbet-mosbet-cz-online.com
mostbet-official.site,https://mostbet-official.site/go/,mostbet-official.site
mostbet-oficzialnyj-sajt.com,https://mostbet2.bet/promo/bonus/,mostbet2.bet
mostbet-official-uz.com,https://mostbet1-uz.bet/promo/bonus/,mostbet1-uz.bet
mostbet-online-game.net,https://yeahstub.com/bonus/,yeahstub.com
mostbet-online-uz.com,https://mostbet-online-uz.com/bonus/,mostbet-online-uz.com
mostbet-online.kg,https://mostbet-online.kg/bonus/,mostbet-online.kg
mostbet-online.kz,https://mostbet-online.kz/bonus/,mostbet-online.kz
mostbet-onlinekazino.com,https://mostbet-onlinekazino.com/go/,mostbet-onlinekazino.com
mostbet-oo.online,https://mostbet-oo.online/bonus/,mostbet-oo.online
mostbet-oo.ru,https://mostbet-oo.ru/bonus/,mostbet-oo.ru
mostbet-pay.com,https://mostbet-pay.com/bonus/ https://mostbet-pay.com/signup/,mostbet-pay.com
mostbet-online.ca,https://adminclick.org/qc89kq,mostbet-online.ca
mostbet-online.com.mx,https://adminclick.org/qc89kq,mostbet-online.com.mx
mostbet-online.com.pl,https://mostbetaplikacja.com.pl/bonus/ https://mostbetaplikacja.com.pl/go/,mostbetaplikacja.com.pl
mostbet-pk-casino.info,https://mostbet-pk-casino.info/bonus/ https://mostbet-pk-casino.info/signup/,mostbet-pk-casino.info
mostbet-pk-casino.online,https://mostbet-pk-casino.online/bonus/ https://mostbet-pk-casino.online/signup/,mostbet-pk-casino.online
mostbet-pk-casino.site,https://mostbet-pk-casino.site/signup/ https://mostbet-pk-casino.site/bonus/,mostbet-pk-casino.site
mostbet-pe.online,https://mostbet-pe.online/bonus/,mostbet-pe.online
mostbet-pe.ru,https://mostbet-pe.ru/bonus/,mostbet-pe.ru
mostbet-play-online.org,https://mostbet-play-online.org/bonus/ https://mostbet-play-online.org/signup/,mostbet-play-online.org
mostbet-pln26pl.ink,https://mostbet-pln26pl.ink/mostbet/,mostbet-pln26pl.ink
mostbet-pk.biz,https://mostbet-pk.biz/bonus/ https://mostbet-pk.biz/signup/,mostbet-pk.biz
mostbet-pk.com.pk,https://mostbet-pk.com.pk/go/mostbet-pk.php https://mostbet-pk.com.pk/bonus,mostbet-pk.com.pk
mostbet-pk.link,https://mostbet-pk.link/bonus/ https://mostbet-pk.link/signup/,mostbet-pk.link
mostbet-pk.store,https://mostbet-pk.store/signup/,mostbet-pk.store
mostbet-pl-casino.com.pl,https://mostbet-pl-casino.com.pl/bonus/ https://mostbet-pl-casino.com.pl/go/,mostbet-pl-casino.com.pl
mostbet-play.app,https://mostbet-play.app/register,mostbet-play.app
mostbet-play.club,https://mostbet-play.club/register,mostbet-play.club
mostbet-premium.com,https://mostbet-premium.com/signup/ https://mostbet-premium.com/bonus/,mostbet-premium.com
mostbet-premium.kz,https://mostbet-premium.kz/bonus/ https://mostbet-premium.kz/signup/,mostbet-premium.kz
mostbet-premium.org,https://mostbet-premium.org/bonus/ https://mostbet-premium.org/signup/,mostbet-premium.org
mostbet-pl.com.pl,https://mostbet-pl.com.pl/go/,mostbet-pl.com.pl
mostbet-pl.info.pl,https://mostbet-pl.info.pl/go/,mostbet-pl.info.pl
mostbet-polska-casino.xyz,https://mostbet-polska-casino.xyz/mostbet/,mostbet-polska-casino.xyz
mostbet-polska.fit,https://mostbet-polska.fit/mostbet/,mostbet-polska.fit
mostbet-pol.pl,https://mostbetaplikacja.com.pl/bonus/ https://mostbetaplikacja.com.pl/go/,mostbetaplikacja.com.pl
mostbet-pv.online,https://mostbet-pv.online/bonus/,mostbet-pv.online
mostbet-pv.ru,https://mostbet-pv.ru/bonus/,mostbet-pv.ru
mostbet-qa.ru,https://mostbet-qa.ru/bonus/,mostbet-qa.ru
mostbet-qn.ru,https://mostbet-qn.ru/bonus/,mostbet-qn.ru
mostbet-qq.online,https://mostbet-qq.online/bonus/,mostbet-qq.online
mostbet-qq.ru,https://mostbet-qq.ru/bonus/,mostbet-qq.ru
mostbet-qs.online,https://mostbet-qs.online/bonus/,mostbet-qs.online
mostbet-re.online,https://mostbet-re.online/bonus/,mostbet-re.online
mostbet-re.ru,https://mostbet-re.ru/bonus/,mostbet-re.ru
mostbet-promo-code.com,https://mostbet-promo-code.com/bonus/ https://mostbet-promo-code.com/signup/,mostbet-promo-code.com
mostbet-promo-codes.com,https://mostbet-promo-codes.com/bonus/,mostbet-promo-codes.com
mostbet-pt.mobi,https://mostbet-pt.mobi/bonus/,mostbet-pt.mobi
mostbet-rk.online,https://mostbet-rk.online/bonus/,mostbet-rk.online
mostbet-rk.ru,https://mostbet-rk.ru/bonus/,mostbet-rk.ru
mostbet-rm.online,https://mostbet-rm.online/bonus/,mostbet-rm.online
mostbet-register.net,https://mostbet-register.net/bonus/ https://mostbet-register.net/signup/,mostbet-register.net
mostbet-pt-login.com,https://mostbet-pt-login.com/go/,mostbet-pt-login.com
mostbet-pt.casino,https://mostbet-pt.casino/go/ https://mostbet-pt.casino/bonus/,mostbet-pt.casino
mostbet-pt.com,https://t.me/share/url?url=https://mostbet-pt.com/,mostbet-pt.com
mostbet-pt.eu.com,https://mostbet-pt.eu.com/go/ https://mostbet-pt.eu.com/play/asgarians-dice/ https://mostbet-pt.eu.com/play/black-mummy/ https://mostbet-pt.eu.com/play/bonanza-fall/ https://mostbet-pt.eu.com/play/book-of-destiny/ https://mostbet-pt.eu.com/play/bountiful-birds/ https://mostbet-pt.eu.com/play/fighter-pit/ https://mostbet-pt.eu.com/play/fireball-inferno-tiki/ https://mostbet-pt.eu.com/play/fortune-coins-2/ https://mostbet-pt.eu.com/play/hot-deco-7/ https://mostbet-pt.eu.com/play/lucky-christmas/ https://mostbet-pt.eu.com/play/pied-piper/,mostbet-pt.eu.com
mostbet-ru.org,https://mostbet-ru.org/bonus/ https://t.me/zerkalo_odinwin_bot,mostbet-ru.org
mostbet-rus-bonus.com,https://t.me/zerkalo_odinwin_bot,mostbet-rus-bonus.com
mostbet-ru-casino.games,https://t.me/zerkalo_odinwin_bot,mostbet-ru-casino.games
mostbet-ru-casino.org,https://t.me/zerkalo_odinwin_bot,mostbet-ru-casino.org
mostbet-ru.com,https://mostbet-ru.com/go/bonus/ https://mostbet-ru.com/go/uz/ https://mostbet-ru.com/go/kz/ https://mostbet-ru.com/go/kg/ https://mostbet-ru.com/go/az/ https://mostbet-ru.com/go/tj/,mostbet-ru.com
mostbet-review-pt.casino,https://mostbet-review-pt.casino/go,mostbet-review-pt.casino
mostbet-review-pt.net,https://mostbet-review-pt.net/go,mostbet-review-pt.net
mostbet-review.gb.net,https://mostbet-review.gb.net/mostbet/,mostbet-review.gb.net
mostbet-review.it.com,https://mostbet-review.it.com/mostbet/,mostbet-review.it.com
mostbet-rewards.com,https://mostbet-rewards.com/bonus/ https://mostbet-rewards.com/signup/,mostbet-rewards.com
mostbet-rewards.kz,https://mostbet-rewards.kz/signup/ https://mostbet-rewards.kz/bonus/,mostbet-rewards.kz
mostbet-rf.online,https://mostbet-rf.online/bonus/,mostbet-rf.online
mostbet-rf.ru,https://mostbet-rf.ru/bonus/,mostbet-rf.ru
mostbet-rf4.ru,https://mostbet-rf4.ru/goto/,mostbet-rf4.ru
mostbet-resmi.net,https://mostbet-resmi.net/bonus/ https://mostbet-resmi.net/signup/,mostbet-resmi.net
mostbet-resmi.org,https://mostbet-resmi.org/bonus/ https://mostbet-resmi.org/signup/,mostbet-resmi.org
mostbet-review-pt.bet,https://mostbet-review-pt.bet/go,mostbet-review-pt.bet
mostbet-sf.online,https://mostbet-sf.online/bonus/,mostbet-sf.online
mostbet-sf.ru,https://mostbet-sf.ru/bonus/,mostbet-sf.ru
mostbet-sh.online,https://mostbet-sh.online/bonus/,mostbet-sh.online
mostbet-sh.ru,https://mostbet-sh.ru/bonus/,mostbet-sh.ru
mostbet-sbd.top,https://mostbet-sbd.top/goto/,mostbet-sbd.top
mostbet-sc.online,https://mostbet-sc.online/bonus/,mostbet-sc.online
mostbet-sc.ru,https://mostbet-sc.ru/bonus/,mostbet-sc.ru
mostbet-scaricare.app,https://mostbet-scaricare.app/bonus,mostbet-scaricare.app
mostbet-slots.net,https://mostbet-slots.net/bonus/ https://mostbet-slots.net/signup/,mostbet-slots.net
mostbet-slot.net,https://mostbet-slot.net/bonus,mostbet-slot.net
mostbet-sp.online,https://mostbet-sp.online/bonus/,mostbet-sp.online
mostbet-sp.ru,https://mostbet-sp.ru/bonus/,mostbet-sp.ru
mostbet-spin.com,https://mostbet-spin.com/bonus,mostbet-spin.com
mostbet-slovakia.net,https://mostbet-slovakia.net/link/go.php,mostbet-slovakia.net
mostbet-tc.online,https://mostbet-tc.online/bonus/,mostbet-tc.online
mostbet-sweden.net,https://mostbet-sweden.net/bonus/ https://mostbet-sweden.net/link/go.php,mostbet-sweden.net
mostbet-topcasino.pl,https://reg.mostbet-topcasino.pl/tRjuwNU https://reg.mostbet-topcasino.pl/tRjuwNU?type=app,mostbet-topcasino.pl
mostbet-tp.online,https://mostbet-tp.online/bonus/,mostbet-tp.online
mostbet-tp.ru,https://mostbet-tp.ru/bonus/,mostbet-tp.ru
mostbet-stavka.ru,https://mostbet-com.com/go/,mostbet-com.com
mostbet-stavki-na-sport.com,https://mostbet2.bet/promo/bonus/,mostbet2.bet
mostbet-tu.online,https://mostbet-tu.online/bonus/,mostbet-tu.online
mostbet-tu.ru,https://mostbet-tu.ru/bonus/,mostbet-tu.ru
mostbet-tr-giris.vip,https://mostbet-tr-giris.vip/mostbet/,mostbet-tr-giris.vip
mostbet-turkey-resmi.vip,https://mostbet-turkey-resmi.vip/mostbet/,mostbet-turkey-resmi.vip
mostbet-ui.online,https://mostbet-ui.online/bonus/,mostbet-ui.online
mostbet-ui.ru,https://mostbet-ui.ru/bonus/,mostbet-ui.ru
mostbet-uo.online,https://mostbet-uo.online/bonus/,mostbet-uo.online
mostbet-uo.ru,https://mostbet-uo.ru/bonus/,mostbet-uo.ru
mostbet-uk.net,https://mostbet-uk.net/go/operator-home/?from=header https://mostbet-uk.net/go/operator-home/?from=mobile-navigation https://mostbet-uk.net/go/operator-home/?from=homepage-hero https://mostbet-uk.net/go/football-markets/?from=homepage-radar-sports https://mostbet-uk.net/go/tennis-markets/?from=homepage-radar-sports https://mostbet-uk.net/go/basketball-markets/?from=homepage-radar-sports https://mostbet-uk.net/go/slots-catalogue/?from=homepage-radar-slots https://mostbet-uk.net/go/new-releases/?from=homepage-radar-slots https://mostbet-uk.net/go/bonus-buy-catalogue/?from=homepage-radar-slots https://mostbet-uk.net/go/live-roulette-catalogue/?from=homepage-radar-live-casino https://mostbet-uk.net/go/live-blackjack-catalogue/?from=homepage-radar-live-casino https://mostbet-uk.net/go/game-show-catalogue/?from=homepage-radar-live-casino,mostbet-uk.net
mostbet-turkiye.mex.com,https://mostbet-aze-kazino.com/go,mostbet-aze-kazino.com
mostbet-turkiyegr.com,https://mostbet-turkiyegr.com/promo/bonuses,mostbet-turkiyegr.com
mostbet-uzb.com,https://mostbet-uzb.com/bonus/ https://mostbet-uzb.com/goto/ https://mostbet-uzb.com/play/,mostbet-uzb.com
mostbet-uz.us.com,https://reg.mostbets-uzb.com/7g5pHbU?type=app,mostbet-uz.us.com
mostbet-uzb-kirish.com,https://reg.mostbets-uzb.com/7g5pHbU?type=app,mostbet-uzb-kirish.com
mostbet-ua.com,https://mostbet.net.ua/promo/bonus/ https://mostbet.net.ua/promo/bonus https://mostbet.net.ua/promo/30-frispiniv/ https://mostbet.net.ua/promo/100-frispiniv/ https://mostbet.net.ua/promo/vitalnyi-bonus/ https://mostbet.net.ua/promo/bezdepozytnyi-bonus/,mostbet.net.ua
mostbet-vb.online,https://mostbet-vb.online/bonus/,mostbet-vb.online
mostbet-vb.ru,https://mostbet-vb.ru/bonus/,mostbet-vb.ru
mostbet-vg.online,https://mostbet-vg.online/bonus/,mostbet-vg.online
mostbet-vg.ru,https://mostbet-vg.ru/bonus/,mostbet-vg.ru
mostbet-uz.bet,https://mostbet1-uz.bet/promo/bonus/,mostbet1-uz.bet
mostbet-vq.online,https://mostbet-vq.online/bonus/,mostbet-vq.online
mostbet-vn.com,https://www.mostbet-vn.com/bonus/ https://www.mostbet-vn.com/register/,www.mostbet-vn.com
mostbet-uz-mostbet-uzbekistan.com,https://mostbet-uz-mostbet-uzbekistan.com/bonus/,mostbet-uz-mostbet-uzbekistan.com
mostbet-w.online,https://mostbet-w.online/bonus/,mostbet-w.online
mostbet-uzbekistan-casino.com,https://mostbet-uzbekistan-casino.com/promo,mostbet-uzbekistan-casino.com
mostbet-uzbekistan-ckachat.com,https://mostbet-uzbekistan-ckachat.com/promo,mostbet-uzbekistan-ckachat.com
mostbet-uzbekistan-online.com,https://mostbet-uzbekistan-online.com/promo,mostbet-uzbekistan-online.com
mostbet-uzbekiston.com,https://mostbet-uzbekiston.com/bonus/ https://mostbet-uzbekiston.com/goto/ https://mostbet-uzbekiston.com/play/,mostbet-uzbekiston.com
mostbet-uzbet.com,https://mostbet-uzbet.com/promo,mostbet-uzbet.com
mostbet-vip.net,https://mostbet-vip.net/register,mostbet-vip.net
mostbet-vir.cfd,https://mostbet-vir.cfd/goto/,mostbet-vir.cfd
mostbet-withdrawal-cz.com,https://mostbet-withdrawal-cz.com/bonus/,mostbet-withdrawal-cz.com
mostbet-wn.online,https://mostbet-wn.online/bonus/,mostbet-wn.online
mostbet-win.co,https://mostbet-win.co/go/,mostbet-win.co
mostbet-wt.online,https://mostbet-wt.online/bonus/,mostbet-wt.online
mostbet-wt.ru,https://mostbet-wt.ru/bonus/,mostbet-wt.ru
mostbet-xv.online,https://mostbet-xv.online/bonus/,mostbet-xv.online
mostbet-xv.ru,https://mostbet-xv.ru/bonus/,mostbet-xv.ru
mostbet-za.online,https://mostbet-za.online/bonus/,mostbet-za.online
mostbet-za.ru,https://mostbet-za.ru/bonus/,mostbet-za.ru
mostbet-zb.ru,https://mostbet-zb.ru/bonus/,mostbet-zb.ru
mostbet-yk.online,https://mostbet-yk.online/bonus/,mostbet-yk.online
mostbet-yk.ru,https://mostbet-yk.ru/bonus/,mostbet-yk.ru
mostbet-zj.ru,https://mostbet-zj.ru/bonus/,mostbet-zj.ru
mostbet-zone.cfd,https://mostbet-zone.cfd/goto/,mostbet-zone.cfd
mostbet-zx.online,https://mostbet-zx.online/bonus/,mostbet-zx.online
mostbet-zx.ru,https://mostbet-zx.ru/bonus/,mostbet-zx.ru
mostbet-zk.online,https://mostbet-zk.online/bonus/,mostbet-zk.online
mostbet-yuklabolish.com,https://mostbet-yuklabolish.com/promo,mostbet-yuklabolish.com
mostbet-yuklemek.org,https://mostbet-yuklemek.org/bonus/ https://mostbet-yuklemek.org/signup/,mostbet-yuklemek.org
mostbet-zz.online,https://mostbet-zz.online/bonus/,mostbet-zz.online
mostbet-zz.ru,https://mostbet-zz.ru/bonus/,mostbet-zz.ru
mostbet.gd,https://mostbet.gd/register,mostbet.gd
mostbet.ge,https://mostbet.ge/go/,mostbet.ge
mostbet.im,https://mostbet.im/register,mostbet.im
mostbet.atm.pl,https://mostbet.atm.pl/bonus,mostbet.atm.pl
mostbet.auto.pl,https://mostbet.auto.pl/bonus,mostbet.auto.pl
mostbet.best,https://mostbet.best/go,mostbet.best
mostbet.biz.in,https://go.mostbet.biz.in/2THk6Zs https://go.mostbet.biz.in/2THk6Zs?type=app,mostbet.biz.in
mostbet.com.pk,https://mostbet.com.pk/promo/bonus/ https://mostbet.com.pk/promo/free-money/ https://mostbet.com.pk/promo/vouchers/ https://mostbet.com.pk/promo/welcome-bonus/ https://mostbet.com.pk/promo/promo-codes/ https://mostbet.com.pk/promo/free-bets/ https://mostbet.com.pk/promo/free-spins/ https://mostbet.com.pk/promo/30-free-spins/ https://mostbet.com.pk/promo/100-free-spins/ https://mostbet.com.pk/promo/no-deposit-bonus/,mostbet.com.pk
mostbet.com.ua,https://mostbet.com.ua/go/reg,mostbet.com.ua
mostbet.cz,https://mostbet-czechia.cz/bonus/,mostbet-czechia.cz
mostbet.city,https://mostbet.city/register/ https://mostbet.city/go/,mostbet.city
mostbet.click,https://mostbet.click/register/,mostbet.click
mostbet.co.ci,https://mostbet.co.ci/promo/bonus/ https://mostbet.co.ci/promo/30-tours-gratuits/ https://mostbet.co.ci/promo/100-tours-gratuits/ https://mostbet.co.ci/promo/tours-gratuits/ https://mostbet.co.ci/promo/bonus-inscription/ https://mostbet.co.ci/promo/freebets/ https://mostbet.co.ci/promo/codes-promo/ https://mostbet.co.ci/promo/vouchers/,mostbet.co.ci
mostbet.eu,https://mostbet.eu/go/mostbet-zerkalo https://mostbet.eu/go/mostbet-rega https://mostbet.eu/go/mostbet-bonus,mostbet.eu
mostbet.lc,https://mostbet.lc/register,mostbet.lc
mostbet.rodeo,https://mostbet.rodeo/play/,mostbet.rodeo
mostbet.info,http://shortslink1-5.com/banner1 http://shortslink1-5.com/banner10 http://shortslink1-5.com/banner2 http://shortslink1-5.com/banner3 http://shortslink1-5.com/banner4 http://shortslink1-5.com/banner5 http://shortslink1-5.com/banner6 http://shortslink1-5.com/banner7 http://shortslink1-5.com/banner8 http://shortslink1-5.com/banner9 http://shortslink1-5.com/top1 http://shortslink1-5.com/top10,mostbet.info
mostbet.info.in,https://mostbet.info.in/bonus/ https://play.mostbet.info.in/Q5M9uNG https://play.mostbet.info.in/Q5M9uNG?type=app,mostbet.info.in
mostbet.ph,https://mostbet.ph/bonus/,mostbet.ph
mostbet.st,https://mostbet.st/register,mostbet.st
mostbet.sx,https://mostbet.sx/register,mostbet.sx
mostbet.uno,https://mostbet.uno/bonus/,mostbet.uno
mostbet.vin,https://mostbet.vin/register,mostbet.vin
mostbet.co.tj,https://mostbet.co.tj/promo/bonus/ https://mostbet.co.tj/promo/frispinho/ https://mostbet.co.tj/promo/fribetho/ https://mostbet.co.tj/promo/promokodho/ https://mostbet.co.tj/promo/vaucherho/ https://mostbet.co.tj/promo/free-money/ https://mostbet.co.tj/promo/bonusi-istiqboli/ https://mostbet.co.tj/promo/bonusi-bedepozit/ https://mostbet.co.tj/promo/100-frispin/ https://mostbet.co.tj/promo/30-frispin/,mostbet.co.tj
mostbet.com.bj,https://mostbet.com.bj/promo/ https://mostbet.com.bj/promo/30-free-spins/ https://mostbet.com.bj/promo/100-free-spins/ https://mostbet.com.bj/promo/welcome-bonus/ https://mostbet.com.bj/promo/no-deposit-bonus/ https://mostbet.com.bj/promo/promo-codes/,mostbet.com.bj
mostbet.com.gr,https://mostbet.com.gr/promo/bonus/,mostbet.com.gr
mostbet1-uz.bet,https://mostbet1-uz.bet/promo/bonus/,mostbet1-uz.bet
mostbet1.bet,https://mostbet2.bet/promo/bonus/,mostbet2.bet
mostbet1.co,https://mostbet1.co/bonus/,mostbet1.co
mostbet06318.help,https://mostbet-czcasino.com/reg/ https://mostbet-czcasino.com/bonus/ https://mostbet-czcasino.com/reg,mostbet-czcasino.com
mostbet.net.br,https://mostbet.net.br/bonus,mostbet.net.br
mostbet.net.in,https://mostbet.net.in/promo/bonus/ https://mostbet.net.in/promo/30-free-spins/ https://mostbet.net.in/promo/100-free-spins/ https://mostbet.net.in/promo/welcome-bonus/ https://mostbet.net.in/promo/no-deposit-bonus/,mostbet.net.in
mostbet.net.pl,https://mostbetcasinopoland.com/promo/bonus/ https://mostbetcasinopoland.com/promo/no-deposit-bonus/ https://mostbetcasinopoland.com/promo/30-free-spins/ https://mostbetcasinopoland.com/promo/100-free-spins/,mostbetcasinopoland.com
mostbet.net.ua,https://mostbet.net.ua/promo/bonus/ https://mostbet.net.ua/promo/bonus https://mostbet.net.ua/promo/30-frispiniv/ https://mostbet.net.ua/promo/100-frispiniv/ https://mostbet.net.ua/promo/vitalnyi-bonus/ https://mostbet.net.ua/promo/bezdepozytnyi-bonus/,mostbet.net.ua
mostbet.no,https://mn.mostbet.no/ATCAkTv https://mn.mostbet.no/ATCAkTv?type=app,mostbet.no
mostbet.onl,https://mostbet.onl/register/,mostbet.onl
mostbet1-bd.com,https://mostbet-bd.us.com/bonus/,mostbet-bd.us.com
mostbet1.com.tr,https://mostbettr.asia/promo/bonus/ https://mostbettr.asia/promo/yatirimsiz-bonus/ https://mostbettr.asia/promo/hos-geldin-bonusu/ https://mostbettr.asia/promo/30-ucretsiz-free-spin/ https://mostbettr.asia/promo/100-ucretsiz-free-spin/,mostbettr.asia
mostbet1.cz,https://mostbet.co.cz/promo/bonus/ https://mostbet.co.cz/promo/30-free-spins/ https://mostbet.co.cz/promo/100-free-spins/ https://mostbet.co.cz/promo/no-deposit-bonus/ https://mostbet.co.cz/promo/registration-bonus/,mostbet.co.cz
mostbet1.it,https://mostbet1.it/promo/bonus/,mostbet1.it
mostbet1.kz,https://mostbet1.kz/bonus/,mostbet1.kz
mostbet1.mobi,https://mostbet1.mobi/bonus/,mostbet1.mobi
mostbet1casino.com,https://mostbet1casino.com/redirect/ https://mostbet1casino.com/redirect/?k=w4 https://mostbet1casino.com/redirect/?k=1a https://mostbet1casino.com/redirect/?k=nf https://mostbet1casino.com/redirect/?k=12 https://mostbet1casino.com/redirect/?k=p8,mostbet1casino.com
mostbet1hu.bet,https://mostbet1hu.bet/promo/bonus/ https://mostbet1hu.bet/promo/bonus https://mostbet1hu.bet/promo/udvozlo-bonusz/ https://mostbet1hu.bet/promo/30-fs/ https://mostbet1hu.bet/promo/100-fs/ https://mostbet1hu.bet/promo/befizetes-nelkuli-bonusz/ https://mostbet1hu.bet/promo/freebetek/ https://mostbet1hu.bet/promo/promokodok/ https://mostbet1hu.bet/promo/free-spinek/,mostbet1hu.bet
mostbet1india.com,https://mc.mostbet1india.com/fCbz7KU https://mc.mostbet1india.com/fCbz7KU?type=app,mostbet1india.com
mostbet2.app,https://mostbet2.app/register,mostbet2.app
mostbet2025.top,https://mostbet2025.top/play,mostbet2025.top
mostbet1345.online,https://mostbet-czcasino.com/reg/ https://mostbet-czcasino.com/bonus/ https://mostbet-czcasino.com/reg,mostbet-czcasino.com
mostbet2.bet,https://mostbet2.bet/promo/bonus/,mostbet2.bet
mostbet2.com.tr,https://mostbettr.asia/promo/bonus/ https://mostbettr.asia/promo/yatirimsiz-bonus/ https://mostbettr.asia/promo/hos-geldin-bonusu/ https://mostbettr.asia/promo/30-ucretsiz-free-spin/ https://mostbettr.asia/promo/100-ucretsiz-free-spin/,mostbettr.asia
mostbet2.pro,https://mostbet2.pro/register/,mostbet2.pro
mostbet2.vip,https://mostbet2.vip/register,mostbet2.vip
mostbet2.win,https://mostbet2.win/register/,mostbet2.win
mostbet200.com,https://mostbet200.com/goto/ https://mostbet200.com/bonus/,mostbet200.com
mostbet2016.help,https://mostbet-czcasino.com/reg/ https://mostbet-czcasino.com/bonus/ https://mostbet-czcasino.com/reg,mostbet-czcasino.com
mostbet2017.help,https://mostbet-czcasino.com/reg/ https://mostbet-czcasino.com/bonus/ https://mostbet-czcasino.com/reg,mostbet-czcasino.com
mostbet2018.help,https://mostbet-czcasino.com/reg/ https://mostbet-czcasino.com/bonus/ https://mostbet-czcasino.com/reg,mostbet-czcasino.com
mostbet2019.help,https://mostbet-czcasino.com/reg/ https://mostbet-czcasino.com/bonus/ https://mostbet-czcasino.com/reg,mostbet-czcasino.com
mostbet2020.help,https://mostbet-czcasino.com/reg/ https://mostbet-czcasino.com/bonus/ https://mostbet-czcasino.com/reg,mostbet-czcasino.com
mostbet2173.help,https://mostbet-czcasino.com/reg/ https://mostbet-czcasino.com/bonus/ https://mostbet-czcasino.com/reg,mostbet-czcasino.com
mostbet3.onl,https://mostbet3.onl/register,mostbet3.onl
mostbet3.pro,https://mostbet3.pro/register/,mostbet3.pro
mostbet3.vip,https://mostbet3.vip/register,mostbet3.vip
mostbet3.win,https://mostbet3.win/register,mostbet3.win
mostbet2051.help,https://mostbet-czcasino.com/reg/ https://mostbet-czcasino.com/bonus/ https://mostbet-czcasino.com/reg,mostbet-czcasino.com
mostbet2052.help,https://mostbet-czcasino.com/reg/ https://mostbet-czcasino.com/bonus/ https://mostbet-czcasino.com/reg,mostbet-czcasino.com
mostbet2053.help,https://mostbet-czcasino.com/reg/ https://mostbet-czcasino.com/bonus/ https://mostbet-czcasino.com/reg,mostbet-czcasino.com
mostbet2054.help,https://mostbet-czcasino.com/reg/ https://mostbet-czcasino.com/bonus/ https://mostbet-czcasino.com/reg,mostbet-czcasino.com
mostbet2055.help,https://mostbet-czcasino.com/reg/ https://mostbet-czcasino.com/bonus/ https://mostbet-czcasino.com/reg,mostbet-czcasino.com
mostbet33931.online,https://mostbet-czcasino.com/reg/ https://mostbet-czcasino.com/bonus/ https://mostbet-czcasino.com/reg,mostbet-czcasino.com
mostbet2pl.com,https://mostbet2pl.com/bonus/,mostbet2pl.com
mostbet2pt.com,https://mostbet2pt.com/bonus/,mostbet2pt.com
mostbet3-uz.bet,https://mostbet4-uz.bet/promo/bonus/ https://mostbet4-uz.bet/promo/depozitsiz-bonus/ https://mostbet4-uz.bet/promo/xush-kelibsiz-bonusi/ https://mostbet4-uz.bet/promo/30-frispin/ https://mostbet4-uz.bet/promo/100-frispin/,mostbet4-uz.bet
mostbet3.app,https://mostbet3.app/register,mostbet3.app
mostbet3.bio,https://mostbet3.bio/register,mostbet3.bio
mostbet3.biz,https://mostbet3.biz/register,mostbet3.biz
mostbet3.click,https://mostbet3.click/register,mostbet3.click
mostbet3.co,https://mostbet3.co/register/,mostbet3.co
mostbet3.com,https://mostbet3.com/register,mostbet3.com
mostbet3.im,https://mostbet3.im/register,mostbet3.im
mostbet3.net,https://mostbet3.net/register,mostbet3.net
mostbet32.online,https://mostbet32.online/bonus/,mostbet32.online
mostbet32.ru,https://mostbet32.ru/bonus/,mostbet32.ru
mostbet32570.help,https://mostbet-czcasino.com/reg/ https://mostbet-czcasino.com/bonus/ https://mostbet-czcasino.com/reg,mostbet-czcasino.com
mostbet35880.online,https://mostbet-czcasino.com/reg/ https://mostbet-czcasino.com/bonus/ https://mostbet-czcasino.com/reg,mostbet-czcasino.com
mostbet36836.online,https://mostbet-czcasino.com/reg/ https://mostbet-czcasino.com/bonus/ https://mostbet-czcasino.com/reg,mostbet-czcasino.com
mostbet2az.com,https://mostbet2az.com/bonus/,mostbet2az.com
mostbet2br.com,https://mostbet2br.com/bonus/,mostbet2br.com
mostbet2cz.com,https://mostbet2cz.com/bonus/,mostbet2cz.com
mostbet2de.com,https://mostbet2de.com/bonus/,mostbet2de.com
mostbet2fi.com,https://mostbet2fi.com/bonus/,mostbet2fi.com
mostbet2hu.com,https://mostbet2hu.com/bonus/,mostbet2hu.com
mostbet2in.com,https://mostbet2in.com/bonus/,mostbet2in.com
mostbet2it.com,https://mostbet2it.com/bonus/,mostbet2it.com
mostbet2kz.com,https://mostbet2kz.com/bonus/,mostbet2kz.com
mostbet2no.com,https://mostbet2no.com/bonus/,mostbet2no.com
mostbet2pe.com,https://mostbet2pe.com/bonus/,mostbet2pe.com
mostbet4-uz.bet,https://mostbet4-uz.bet/promo/bonus/ https://mostbet4-uz.bet/promo/depozitsiz-bonus/ https://mostbet4-uz.bet/promo/xush-kelibsiz-bonusi/ https://mostbet4-uz.bet/promo/30-frispin/ https://mostbet4-uz.bet/promo/100-frispin/,mostbet4-uz.bet
mostbet41862.help,https://mostbet-czcasino.com/reg/ https://mostbet-czcasino.com/bonus/ https://mostbet-czcasino.com/reg,mostbet-czcasino.com
mostbet5.com,https://mostbet5.com/promo,mostbet5.com
mostbet46.online,https://mostbet46.online/bonus/,mostbet46.online
mostbet46.ru,https://mostbet46.ru/bonus/,mostbet46.ru
mostbet46604.help,https://mostbet-czcasino.com/reg/ https://mostbet-czcasino.com/bonus/ https://mostbet-czcasino.com/reg,mostbet-czcasino.com
mostbet42071.help,https://mostbet-czcasino.com/reg/ https://mostbet-czcasino.com/bonus/ https://mostbet-czcasino.com/reg,mostbet-czcasino.com
mostbet52410.online,https://mostbet-czcasino.com/reg/ https://mostbet-czcasino.com/bonus/ https://mostbet-czcasino.com/reg,mostbet-czcasino.com
mostbet54201.help,https://mostbet-czcasino.com/reg/ https://mostbet-czcasino.com/bonus/ https://mostbet-czcasino.com/reg,mostbet-czcasino.com
mostbet6.bet,https://mostbet6.bet/promo/bonus/,mostbet6.bet
mostbet6420.online,https://mostbet-czcasino.com/reg/ https://mostbet-czcasino.com/bonus/ https://mostbet-czcasino.com/reg,mostbet-czcasino.com
mostbet74862.help,https://mostbet-czcasino.com/reg/ https://mostbet-czcasino.com/bonus/ https://mostbet-czcasino.com/reg,mostbet-czcasino.com
mostbet75409.help,https://mostbet-czcasino.com/reg/ https://mostbet-czcasino.com/bonus/ https://mostbet-czcasino.com/reg,mostbet-czcasino.com
mostbet7351.online,https://mostbet-czcasino.com/reg/ https://mostbet-czcasino.com/bonus/ https://mostbet-czcasino.com/reg,mostbet-czcasino.com
mostbet85.ru,https://mostbet85.ru/bonus/,mostbet85.ru
mostbet87124.help,https://mostbet-czcasino.com/reg/ https://mostbet-czcasino.com/bonus/ https://mostbet-czcasino.com/reg,mostbet-czcasino.com
mostbet90833.online,https://mostbet-czcasino.com/reg/ https://mostbet-czcasino.com/bonus/ https://mostbet-czcasino.com/reg,mostbet-czcasino.com
mostbetaa.online,https://mostbetaa.online/bonus/,mostbetaa.online
mostbetaa.ru,https://mostbetaa.ru/bonus/,mostbetaa.ru
mostbetapkazonline.com,https://mostbetapkazonline.com/promo,mostbetapkazonline.com
mostbetapk-kz.com,https://mostbetapk-kz.com/promo,mostbetapk-kz.com
mostbetapk.id,https://mostbetapk.id/register,mostbetapk.id
mostbetapp.app,https://mostbetapp.app/register,mostbetapp.app
mostbetapp.co.cz,https://mostbetapp.co.cz/bonus/,mostbetapp.co.cz
mostbetapp.id,https://mostbetapp.id/bonus https://mostbetapp.id/register,mostbetapp.id
mostbetaplikacja.com.pl,https://mostbetaplikacja.com.pl/bonus/ https://mostbetaplikacja.com.pl/go/,mostbetaplikacja.com.pl
mostbetappdownload.org,https://mostbetappdownload.org/bonus/,mostbetappdownload.org
mostbetappdownload-bd.com,https://mostbetappdownload-bd.com/bonus/,mostbetappdownload-bd.com
mostbetappdownload-en.com,https://mostbetappdownload-en.com/bonus/,mostbetappdownload-en.com
mostbetappdownload.bet,https://mostbetappdownload.bet/bonus/,mostbetappdownload.bet
mostbetappdownload.casino,https://mostbetappdownload.casino/bonus/,mostbetappdownload.casino
mostbetappdownload.games,https://mostbetappdownload.games/bonus/,mostbetappdownload.games
mostbetar.lat,https://mostbetar.lat/promo/ https://mostbetar.lat/promo/30-free-spins/ https://mostbetar.lat/promo/100-free-spins/ https://mostbetar.lat/promo/welcome-bonus/ https://mostbetar.lat/promo/no-deposit-bonus/,mostbetar.lat
mostbetaviator-oyna.com,https://mostbetaviator-oyna.com/promo,mostbetaviator-oyna.com
mostbetaz.tech,https://mostbetaz.tech/bonus/ https://mostbetaz.tech/signup/,mostbetaz.tech
mostbetaz24.com,https://mostbetaz24.com/goto/ https://mostbetaz24.com/bonus/,mostbetaz24.com
mostbetaz-90.com,https://mostbetaz-90.com/promo,mostbetaz-90.com
mostbetaz.biz,https://mostbetazerbaycangiris.net/promo/bonus/ https://mostbetazerbaycangiris.net/promo/30-frispin/ https://mostbetazerbaycangiris.net/promo/qarshilama-bonusu/,mostbetazerbaycangiris.net
mostbetazerbaijan.site,https://mostbetazerbaijan.site/bonus/ https://mostbetazerbaijan.site/signup/,mostbetazerbaijan.site
mostbetazerbaijan.tech,https://mostbetazerbaijan.tech/bonus/ https://mostbetazerbaijan.tech/signup/,mostbetazerbaijan.tech
mostbetazerbaijanonline.com,https://mostbetazerbaijanonline.com/bonus/ https://mostbetazerbaijanonline.com/signup/,mostbetazerbaijanonline.com
mostbetazerbaijanworld.com,https://mostbetazerbaijanworld.com/bonus/ https://mostbetazerbaijanworld.com/signup/,mostbetazerbaijanworld.com
mostbetazerbaycan24.com,https://mostbetazerbaycan24.com/goto/ https://mostbetazerbaycan24.com/bonus/,mostbetazerbaycan24.com
mostbetazerbaycancasino.com,https://mostbetazerbaycancasino.com/promo,mostbetazerbaycancasino.com
mostbetazcasinoonline.com,https://mostbetazcasinoonline.com/promo,mostbetazcasinoonline.com
mostbetaze45.com,https://mostbetaze45.com/promo,mostbetaze45.com
mostbetazerbaijan.net,https://mostbetazerbaijan.net/bonus/ https://mostbetazerbaijan.net/signup/,mostbetazerbaijan.net
mostbetbahissirketi.com,https://mostbettr.asia/promo/bonus/ https://mostbettr.asia/promo/yatirimsiz-bonus/ https://mostbettr.asia/promo/hos-geldin-bonusu/ https://mostbettr.asia/promo/30-ucretsiz-free-spin/ https://mostbettr.asia/promo/100-ucretsiz-free-spin/,mostbettr.asia
mostbetaztop.com,https://mostbetaztop.com/goto/ https://mostbetaztop.com/bonus/,mostbetaztop.com
mostbetazonline.com,https://mostbetazonline.com/promo,mostbetazonline.com
mostbetazonline.net,https://mostbetazonline.net/bonus/ https://mostbetazonline.net/signup/,mostbetazonline.net
mostbetazonlinecasino.com,https://mostbetazonlinecasino.com/promo,mostbetazonlinecasino.com
mostbetazoyun.com,https://mostbetazoyun.com/goto/ https://mostbetazoyun.com/bonus/,mostbetazoyun.com
mostbetazerbaycanda24.com,https://mostbetazerbaycanda24.com/goto/ https://mostbetazerbaycanda24.com/bonus/,mostbetazerbaycanda24.com
mostbetazerbaycangiris.net,https://mostbetazerbaycangiris.net/promo/bonus/ https://mostbetazerbaycangiris.net/promo/30-frispin/ https://mostbetazerbaycangiris.net/promo/qarshilama-bonusu/,mostbetazerbaycangiris.net
mostbetazerbaycanonline.com,https://mostbetazerbaycanonline.com/promo,mostbetazerbaycanonline.com
mostbetbd2.app,https://mostbetbd2.app/register,mostbetbd2.app
mostbetbd2.net,https://mostbetbd2.net/register,mostbetbd2.net
mostbetbd2.pro,https://mostbetbd2.pro/register/,mostbetbd2.pro
mostbetbd3.app,https://mostbetbd3.app/register,mostbetbd3.app
mostbetbonuses.com,https://mostbetbonuses.com/bonus/ https://mostbetbonuses.com/go/mostbet/?sub_id_2=header_hrat_nyni https://mostbetbonuses.com/go/mostbet/?sub_id_2=home_hero_hrat_nyni https://mostbetbonuses.com/go/mostbet/?sub_id_2=home_co-je_registrace https://mostbetbonuses.com/go/mostbet/?sub_id_2=home_bonusy_ziskat_bonus https://mostbetbonuses.com/go/mostbet/?sub_id_2=home_hrat_casino https://mostbetbonuses.com/go/mostbet/?sub_id_2=home_aplikace_stahnout_apk https://mostbetbonuses.com/go/mostbet/?sub_id_2=home_sportsbook_sazet_nyni https://mostbetbonuses.com/go/mostbet/?sub_id_2=home_platby_vlozit_penize https://mostbetbonuses.com/go/mostbet/?sub_id_2=home_legalni_hrat_bezpecne https://mostbetbonuses.com/go/mostbet/?sub_id_2=home_faq_registrace https://mostbetbonuses.com/go/mostbet/?sub_id_2=sticky_ziskat_bonus,mostbetbonuses.com
mostbetbd.asia,https://mostbetbd.asia/promo/bonus/ https://mostbetbd.asia/promo/bonus https://mostbetbd.asia/promo/30-free-spins/ https://mostbetbd.asia/promo/100-free-spins/ https://mostbetbd.asia/promo/no-deposit-bonus/ https://mostbetbd.asia/promo/welcome-bonus/ https://mostbetbd.asia/register/,mostbetbd.asia
mostbetbd.best,https://mostbetbd.best/register/,mostbetbd.best
mostbetbd.bet,https://mostbetbd.asia/promo/bonus/ https://mostbetbd.asia/promo/bonus https://mostbetbd.asia/promo/30-free-spins/ https://mostbetbd.asia/promo/100-free-spins/ https://mostbetbd.asia/promo/no-deposit-bonus/ https://mostbetbd.asia/promo/welcome-bonus/ https://mostbetbd.asia/register/,mostbetbd.asia
mostbetbd.id,https://mostbetbd.id/register,mostbetbd.id
mostbetbd3.net,https://mostbetbd3.net/register,mostbetbd3.net
mostbetbd3.org,https://mostbetbd3.org/register/,mostbetbd3.org
mostbetbd.pro,https://mostbetbd.pro/register,mostbetbd.pro
mostbetbd.website,https://mostbetbd.website/promo/bonus,mostbetbd.website
mostbetbd.win,https://mostbetbd.win/register,mostbetbd.win
mostbetbd1.app,https://mostbetbd1.app/register,mostbetbd1.app
mostbetbd1.bet,https://mostbetbd.asia/promo/bonus/ https://mostbetbd.asia/promo/bonus https://mostbetbd.asia/promo/30-free-spins/ https://mostbetbd.asia/promo/100-free-spins/ https://mostbetbd.asia/promo/no-deposit-bonus/ https://mostbetbd.asia/promo/welcome-bonus/ https://mostbetbd.asia/register/,mostbetbd.asia
mostbetbd1.org,https://win.mostbet-bangla.org/7B9BPHj https://win.mostbet-bangla.org/7B9BPHj?type=app,mostbet-bangla.org
mostbetbk-az.com,https://mostbetazerbaycangiris.net/promo/bonus/ https://mostbetazerbaycangiris.net/promo/30-frispin/ https://mostbetazerbaycangiris.net/promo/qarshilama-bonusu/,mostbetazerbaycangiris.net
mostbetblackfriday.com,https://mostbetblackfriday.com/bonus,mostbetblackfriday.com
mostbetcasino-it.it,https://mostbetcasino-it.it/go/,mostbetcasino-it.it
mostbetcasino-italy.com,https://mostbet-italia.it/bonus/,mostbet-italia.it
mostbetbs.online,https://mostbetbs.online/bonus/,mostbetbs.online
mostbetby.bet,https://mostbetby.bet/promo/bonus/,mostbetby.bet
mostbetcanada.ca,https://mostbetcanada.ca/go/,mostbetcanada.ca
mostbetcas1no.pl,https://mostbetcas1no.pl/go/sosihui,mostbetcas1no.pl
mostbetcasino.casino,https://mostbetcasino.casino/go/,mostbetcasino.casino
mostbetbr.bet,https://mostbetbr.bet/promo/bonus/,mostbetbr.bet
mostbetbr.info,https://mostbetbr.info/go/,mostbetbr.info
mostbetbr.net,https://mostbetbr.net/bonus/ https://win.mostbetbr.net/bFUbMeC https://win.mostbetbr.net/bFUbMeC?type=app,mostbetbr.net
mostbetbr1.bet,https://mostbetbrasil.lat/promo/bonus/ https://mostbetbrasil.lat/promo/30-free-spins/ https://mostbetbrasil.lat/promo/100-free-spins/ https://mostbetbrasil.lat/promo/welcome-bonus/,mostbetbrasil.lat
mostbetcasino-portugal.com,https://mostbetcasino-portugal.com/go/,mostbetcasino-portugal.com
mostbetcasino-pt.pt,https://mostbetcasino-pt.pt/go/,mostbetcasino-pt.pt
mostbetcasino.cc,https://mostbetcasino.cc/register/,mostbetcasino.cc
mostbetcasino.co.it,https://mostbetcasino.co.it/go/,mostbetcasino.co.it
mostbetcasino.com.gr,https://mostbetcasino.com.gr/go/,mostbetcasino.com.gr
mostbetcasino.es,https://mostbetcasino.es/go/,mostbetcasino.es
mostbetcasino.win,https://mostbetcasino.win/go/,mostbetcasino.win
mostbetcasino1.mx,https://mostbetcasino1.mx/bonus/,mostbetcasino1.mx
mostbetcasino.ge,https://mostbetcasino.ge/go/,mostbetcasino.ge
mostbetcasinoapps.com,https://mostbetcasinoapps.com/bonus https://mostbetcasinoapps.com/go,mostbetcasinoapps.com
mostbetcasinos-pt.com,https://mostbet-italia.it/bonus/,mostbet-italia.it
mostbetcasinos.co,https://mostbetcasinos.co/bonus/,mostbetcasinos.co
mostbetcasinocz.com,https://mostbetceska.cz/bonus/,mostbetceska.cz
mostbetcasinocz.org,https://mostbetcasinocz.org/play,mostbetcasinocz.org
mostbetcasinomirror.com,https://mostbetcasinomirror.com/go,mostbetcasinomirror.com
mostbetcasinotipsuk.com,https://mostbetcasinotipsuk.com/bonus/,mostbetcasinotipsuk.com
mostbetcasinobonuses.com,https://mostbetcasinobonuses.com/bonus/,mostbetcasinobonuses.com
mostbetcasinopoland.com,https://mostbetcasinopoland.com/promo/bonus/ https://mostbetcasinopoland.com/promo/no-deposit-bonus/ https://mostbetcasinopoland.com/promo/30-free-spins/ https://mostbetcasinopoland.com/promo/100-free-spins/,mostbetcasinopoland.com
mostbetcasinox.com,https://mostbetcasinox.com/bonus/,mostbetcasinox.com
mostbetclub.net,https://mn.mostbetclub.net/pWgy2wD https://mn.mostbetclub.net/pWgy2wD?type=app,mostbetclub.net
mostbetceska.cz,https://mostbetceska.cz/bonus/,mostbetceska.cz
mostbetcf.online,https://mostbetcf.online/bonus/,mostbetcf.online
mostbetcom.pro,https://mostbetcom.pro/register/,mostbetcom.pro
mostbetcrazytime.com,https://mostbetcrazytime.com/go,mostbetcrazytime.com
mostbetcs.com,https://mostbetcs.com/go/,mostbetcs.com
mostbetcv.online,https://mostbetcv.online/bonus/,mostbetcv.online
mostbetcv.ru,https://mostbetcv.ru/bonus/,mostbetcv.ru
mostbetcw.online,https://mostbetcw.online/bonus/,mostbetcw.online
mostbetcw.ru,https://mostbetcw.ru/bonus/,mostbetcw.ru
mostbetcz-app.com,https://mostbetcz-app.com/go/play/?sub_id_2=hub_hero https://mostbetcz-app.com/go/play/?sub_id_2=hub_registrace https://mostbetcz-app.com/go/play/?sub_id_2=hub_zaver,mostbetcz-app.com
mostbetcz-casino.com,https://mostbetcz-casino.com/bonus/ https://mostbetcz-casino.com/go/play/?btn=header&p=home https://mostbetcz-casino.com/go/play/?btn=menu&p=home https://mostbetcz-casino.com/go/play/?btn=hero&p=home https://mostbetcz-casino.com/go/play/?btn=verdict&p=home https://mostbetcz-casino.com/go/play/?btn=bonus-voucher&p=home https://mostbetcz-casino.com/go/play/?btn=login-chapter&p=home https://mostbetcz-casino.com/go/play/?btn=phone-login-home&p=home https://mostbetcz-casino.com/go/play/?btn=conclusion&p=home https://mostbetcz-casino.com/go/play/?btn=rail-dossier&p=home https://mostbetcz-casino.com/go/play/?btn=sticky-home&p=home,mostbetcz-casino.com
mostbetff.online,https://mostbetff.online/bonus/,mostbetff.online
mostbetfk.online,https://mostbetfk.online/bonus/,mostbetfk.online
mostbetfk.ru,https://mostbetfk.ru/bonus/,mostbetfk.ru
mostbetco.net,https://mostbetco.net/promo/bonus/ https://mostbetco.net/promo/30-giros-gratis/ https://mostbetco.net/promo/bono-sin-deposito/ https://mostbetco.net/promo/bono-por-registro/ https://mostbetco.net/promo/100-giros-gratis/ https://mostbetco.net/promo/giros-gratis/ https://mostbetco.net/promo/promocodes/ https://mostbetco.net/promo/freebets/ https://mostbetco.net/promo/vouchers/ https://mostbetco.net/promo/free-money/,mostbetco.net
mostbetco.online,https://mostbetco.online/bonus/,mostbetco.online
mostbetco.ru,https://mostbetco.ru/bonus/,mostbetco.ru
mostbetcom.casino,https://mostbetcom.casino/register/,mostbetcom.casino
mostbetcasinoonline.org,https://mostbetcasinoonline.org/Bonus/,mostbetcasinoonline.org
mostbetgame.org,https://mostbetgame.org/bonus,mostbetgame.org
mostbetge.com,https://mostbetge.com/bonus,mostbetge.com
mostbetgi.online,https://mostbetgi.online/bonus/,mostbetgi.online
mostbetdeposit.com,https://mostbetdeposit.com/go https://mostbetdeposit.com/bonus,mostbetdeposit.com
mostbetfq.online,https://mostbetfq.online/bonus/,mostbetfq.online
mostbetfq.ru,https://mostbetfq.ru/bonus/,mostbetfq.ru
mostbetfrance.com,https://mostbetfrance.com/bonus,mostbetfrance.com
mostbetfreespin.com,https://mostbetfreespin.com/goto/ https://mostbetfreespin.com/bonus/,mostbetfreespin.com
mostbetfx.online,https://mostbetfx.online/bonus/,mostbetfx.online
mostbetds.online,https://mostbetds.online/bonus/,mostbetds.online
mostbete.biz,https://mostbete.biz/register,mostbete.biz
mostbetgirisaz.com,https://mostbetgirisaz.com/promo,mostbetgirisaz.com
mostbetgirisc.com,https://mostbetgirisc.com/promo,mostbetgirisc.com
mostbetgirisi.net,https://mostbetgirisi.net/mostbet/ http://shortslink3-7.com/banner1 http://shortslink3-7.com/banner10 http://shortslink3-7.com/banner2 http://shortslink3-7.com/banner3 http://shortslink3-7.com/banner4 http://shortslink3-7.com/banner5 http://shortslink3-7.com/banner6 http://shortslink3-7.com/banner7 http://shortslink3-7.com/banner8 http://shortslink3-7.com/banner9 http://shortslink3-7.com/top1,mostbetgirisi.net
mostbete.ws,https://mostbete.ws/register,mostbete.ws
mostbeteg.bet,https://mostbeteg.bet/promo/bonus/ https://mostbeteg.bet/promo/30-free-spins/ https://mostbeteg.bet/promo/100-free-spins/ https://mostbeteg.bet/promo/welcome-bonus/ https://mostbeteg.bet/promo/free-spins/ https://mostbeteg.bet/promo/free-bets/,mostbeteg.bet
mostbetegypt.net,https://mostbetegypt.net/go/,mostbetegypt.net
mostbethj.ru,https://mostbethj.ru/bonus/,mostbethj.ru
mostbethu-online.com,https://mostbethu-online.com/bonus,mostbethu-online.com
mostbethuf.bet,https://mostbethuf.bet/bonus,mostbethuf.bet
mostbethi.online,https://mostbethi.online/bonus/,mostbethi.online
mostbethi.ru,https://mostbethi.ru/bonus/,mostbethi.ru
mostbethj.online,https://mostbethj.online/bonus/,mostbethj.online
mostbetgr.bet,https://mostbetgr.bet/promo/bonus/,mostbetgr.bet
mostbetit.bet,https://mostbetit.bet/promo/bonus/,mostbetit.bet
mostbetitalia.com,https://mostbetitalia.com/bonus/,mostbetitalia.com
mostbetj.online,https://mostbetj.online/bonus/,mostbetj.online
mostbetj.ru,https://mostbetj.ru/bonus/,mostbetj.ru
mostbetji.online,https://mostbetji.online/bonus/,mostbetji.online
mostbetjj.ru,https://mostbetjj.ru/bonus/,mostbetjj.ru
mostbetindian.com,https://mostbetindian.com/register,mostbetindian.com
mostbetindirandroid.com,https://mostbetindirandroid.com/promo,mostbetindirandroid.com
mostbetindiraz.com,https://mostbetindiraz.com/promo,mostbetindiraz.com
mostbetjw.ru,https://mostbetjw.ru/bonus/,mostbetjw.ru
mostbetjx.online,https://mostbetjx.online/bonus/,mostbetjx.online
mostbetjx.ru,https://mostbetjx.ru/bonus/,mostbetjx.ru
mostbetjz.online,https://mostbetjz.online/bonus/,mostbetjz.online
mostbetjz.ru,https://mostbetjz.ru/bonus/,mostbetjz.ru
mostbetkasino.com,https://mostbetkasino.com/bonus,mostbetkasino.com
mostbethungary1.com,https://mostbethungary1.com/go/,mostbethungary1.com
mostbethungary1.org,https://mostbethungary1.org/bonus,mostbethungary1.org
mostbetib.online,https://mostbetib.online/bonus/,mostbetib.online
mostbetib.ru,https://mostbetib.ru/bonus/,mostbetib.ru
mostbeticefishing.com,https://mostbeticefishing.com/go,mostbeticefishing.com
mostbetij.online,https://mostbetij.online/bonus/,mostbetij.online
mostbetij.ru,https://mostbetij.ru/bonus/,mostbetij.ru
mostbetin.bet,https://mostbetin.bet/register/,mostbetin.bet
mostbetkazinokazakhstan.com,https://mostbetkazinokazakhstan.com/promo/bonus/,mostbetkazinokazakhstan.com
mostbetkg.bet,https://mostbetkg.net/promo/bonus/,mostbetkg.net
mostbetkg.net,https://mostbetkg.net/promo/bonus/,mostbetkg.net
mostbetkg1.bet,https://mostbetkg.net/promo/bonus/,mostbetkg.net
mostbetkirish.net,https://mostbetkirish.net/bonus/,mostbetkirish.net
mostbetkk.online,https://mostbetkk.online/bonus/,mostbetkk.online
mostbetkm.ru,https://mostbetkm.ru/bonus/,mostbetkm.ru
mostbetkz-online.com,https://mostbetkz-online.com/bonus,mostbetkz-online.com
mostbetkz.asia,https://mostbetkazinokazakhstan.com/promo/bonus/,mostbetkazinokazakhstan.com
mostbetkz.bet,https://mostbetkazinokazakhstan.com/promo/bonus/,mostbetkazinokazakhstan.com
mostbetmobile.in,https://mostbetmobile.in/bonus,mostbetmobile.in
mostbetluckyjetpredictor.com,https://mostbetluckyjetpredictor.com/bonus https://mostbetluckyjetpredictor.com/go,mostbetluckyjetpredictor.com
mostbetma.bet,https://mostbetma.bet/promo/bonus/,mostbetma.bet
mostbetma.online,https://mostbetma.online/bonus/,mostbetma.online
mostbetma.ru,https://mostbetma.ru/bonus/,mostbetma.ru
mostbetmw.online,https://mostbetmw.online/bonus/,mostbetmw.online
mostbetmw.ru,https://mostbetmw.ru/bonus/,mostbetmw.ru
mostbetmx.info,https://mostbetmx.info/go/,mostbetmx.info
mostbetmx.ru,https://mostbetmx.ru/bonus/,mostbetmx.ru
mostbetminespredictor.com,https://mostbetminespredictor.com/bonus https://mostbetminespredictor.com/go,mostbetminespredictor.com
mostbetmirror.org,https://mostbetmirror.org/go/play/?b=header_open_mirror https://mostbetmirror.org/go/play/?b=menu_open_mirror https://mostbetmirror.org/go/play/?b=hero_open_mirror https://mostbetmirror.org/go/play/?b=home_welcome_bonus https://mostbetmirror.org/go/play/?b=linkbar_open_mirror https://mostbetmirror.org/go/play/?b=home_game_slot-gold https://mostbetmirror.org/go/play/?b=home_game_crash https://mostbetmirror.org/go/play/?b=home_game_live https://mostbetmirror.org/go/play/?b=home_game_roulette https://mostbetmirror.org/go/play/?b=home_game_slot-egypt https://mostbetmirror.org/go/play/?b=home_game_slot-fruit https://mostbetmirror.org/go/play/?b=home_games_cta,mostbetmirror.org
mostbetns.online,https://mostbetns.online/bonus/,mostbetns.online
mostbetns.ru,https://mostbetns.ru/bonus/,mostbetns.ru
mostbetnp.bet,https://mostbetnp.bet/promo/bonus/,mostbetnp.bet
mostbetnp1.bet,https://mostbetnp1.bet/promo/bonus/,mostbetnp1.bet
mostbetnepal.net,https://regi.mostbetnepal.net/XMFgS4s https://regi.mostbetnepal.net/XMFgS4s?type=app,mostbetnepal.net
mostbetnf.online,https://mostbetnf.online/bonus/,mostbetnf.online
mostbetnf.ru,https://mostbetnf.ru/bonus/,mostbetnf.ru
mostbetofficial.pt,https://mostbetofficial.pt/go/,mostbetofficial.pt
mostbetoynamaq.com,https://mostbetoynamaq.com/goto/ https://mostbetoynamaq.com/bonus/,mostbetoynamaq.com
mostbetp.online,https://mostbetp.online/bonus/,mostbetp.online
mostbetp.ru,https://mostbetp.ru/bonus/,mostbetp.ru
mostbetplay.co,https://mostbetplay.co/bonus/,mostbetplay.co
mostbetplaytr.com,https://mostbetplaytr.com/bonus,mostbetplaytr.com
mostbetpl.eu.com,https://mostbetpl.eu.com/go/ https://mostbetpl.eu.com/play/black-mummy/ https://mostbetpl.eu.com/play/bullion-blitz/ https://mostbetpl.eu.com/play/candy-crusade/ https://mostbetpl.eu.com/play/christmas-bonanza/ https://mostbetpl.eu.com/play/fortune-three/ https://mostbetpl.eu.com/play/giant-wild-goose-pagoda/ https://mostbetpl.eu.com/play/gold-saloon-vip-extra/ https://mostbetpl.eu.com/play/hit-slot/ https://mostbetpl.eu.com/play/jack-hammer-3/ https://mostbetpl.eu.com/play/legendary-diamonds/ https://mostbetpl.eu.com/play/midnight-romance/,mostbetpl.eu.com
mostbetpl.im,https://mostbetpl.im/register,mostbetpl.im
mostbetpl.xyz,https://mostbetpl.xyz/register,mostbetpl.xyz
mostbetoficial.com,https://mostbetoficial.com/go/,mostbetoficial.com
mostbetonline-bd.com,https://mostbet-italia.it/bonus/,mostbet-italia.it
mostbetpkr.com,https://replug.link/5a2eb7f6,mostbetpkr.com
mostbetpkr.org,https://replug.link/5a2eb7f6,mostbetpkr.org
mostbetpl.app,https://mostbetpl.app/register,mostbetpl.app
mostbetpl.best,https://mostbetpl.best/register,mostbetpl.best
mostbetonlineazerbaycan.com,https://mostbetonlineazerbaycan.com/promo,mostbetonlineazerbaycan.com
mostbetplinko.com,https://mostbetplinko.com/bonus https://mostbetplinko.com/go,mostbetplinko.com
mostbetpn.online,https://mostbetpn.online/bonus/,mostbetpn.online
mostbetpol.pl,https://mostbetaplikacja.com.pl/bonus/ https://mostbetaplikacja.com.pl/go/,mostbetaplikacja.com.pl
mostbetqu.online,https://mostbetqu.online/bonus/,mostbetqu.online
mostbetqu.ru,https://mostbetqu.ru/bonus/,mostbetqu.ru
mostbetpromocodes.com,https://mostbetpromocodes.com/bonus/,mostbetpromocodes.com
mostbetpromo.com,https://mostbetpromo.com/bonus,mostbetpromo.com
mostbetro.ro,https://mostbetro.ro/go/,mostbetro.ro
mostbetrt.online,https://mostbetrt.online/bonus/,mostbetrt.online
mostbetrt.ru,https://mostbetrt.ru/bonus/,mostbetrt.ru
mostbetrtp.com,https://mostbetrtp.com/go,mostbetrtp.com
mostbetph.ru,https://mostbetph.ru/bonus/,mostbetph.ru
mostbetpk.com,https://mostbet.com.pk/promo/bonus/ https://mostbet.com.pk/promo/free-money/ https://mostbet.com.pk/promo/vouchers/ https://mostbet.com.pk/promo/welcome-bonus/ https://mostbet.com.pk/promo/promo-codes/ https://mostbet.com.pk/promo/free-bets/ https://mostbet.com.pk/promo/free-spins/ https://mostbet.com.pk/promo/30-free-spins/ https://mostbet.com.pk/promo/100-free-spins/ https://mostbet.com.pk/promo/no-deposit-bonus/,mostbet.com.pk
mostbetpolska.net,https://mostbetpolska.net/bonus,mostbetpolska.net
mostbets-egypt.org,https://svc.mostbets-egypt.org/ZUeTT68 https://svc.mostbets-egypt.org/ZUeTT68?type=app,mostbets-egypt.org
mostbets-hu.org,https://mostbets-hu.org/bonus/ https://mostbets-hu.org/register/,mostbets-hu.org
mostbets-bd.org,https://mostbets-bd.org/bonus/,mostbets-bd.org
mostbets-ind.com,https://mic.mostbets-ind.com/XpAcALk https://mic.mostbets-ind.com/XpAcALk?type=app,mostbets-ind.com
mostbets-kasyno.it.com,https://mostbets-kasyno.it.com/mostbet/,mostbets-kasyno.it.com
mostbets-casino.pl,https://mostbetaplikacja.com.pl/bonus/ https://mostbetaplikacja.com.pl/go/,mostbetaplikacja.com.pl
mostbets-online.cz,https://mostbets-online.cz/bonus/,mostbets-online.cz
mostbets-online.org,https://mostbets-online.org/bonus/,mostbets-online.org
mostbetscasino.mx,https://mostbetscasino.mx/bonus/,mostbetscasino.mx
mostbetscasino.net,https://mostbetscasino.net/go/ https://mostbetscasino.net/bonus/,mostbetscasino.net
mostbetsa.bet,https://mostbetsa.bet/promo/bonus/,mostbetsa.bet
mostbets-poland.pl,https://mostbets-poland.pl/bonus/,mostbets-poland.pl
mostbets-polska.best,https://mostbets-polska.click/bonus/ https://mostbets-polska.click/go/registration https://mostbets-polska.click/go/bonus,mostbets-polska.click
mostbets-polska.click,https://mostbets-polska.click/bonus/ https://mostbets-polska.click/go/registration https://mostbets-polska.click/go/bonus,mostbets-polska.click
mostbets-polska.com,https://mostbets-polska.com/bonus/,mostbets-polska.com
mostbets-polska.top,https://mostbets-polska.click/bonus/ https://mostbets-polska.click/go/registration https://mostbets-polska.click/go/bonus,mostbets-polska.click
mostbets.onl,https://mostbets.onl/register,mostbets.onl
mostbets.wiki,https://mostbets.wiki/bonus/,mostbets.wiki
mostbets.gr,https://mostbets-polska.com/bonus/,mostbets-polska.com
mostbets.live,https://mostbets.live/bonus,mostbets.live
mostbets.net.in,https://play.mostbets.net.in/kbUbZJ9 https://play.mostbets.net.in/kbUbZJ9?type=app,mostbets.net.in
mostbetslot.net,https://mostbetslot.net/bonus,mostbetslot.net
mostbets.best,https://mostbets.best/register,mostbets.best
mostbets.ca,https://mostbets.ca/go/,mostbets.ca
mostbets.com.br,https://mostbetbr.net/bonus/ https://win.mostbetbr.net/bFUbMeC https://win.mostbetbr.net/bFUbMeC?type=app,mostbetbr.net
mostbetsg.ru,https://mostbetsg.ru/bonus/,mostbetsg.ru
mostbetsonline.pk,https://reg.mostbetsonline.pk/xZvnguV https://reg.mostbetsonline.pk/xZvnguV?type=app,mostbetsonline.pk
mostbetspl.com,https://mostbetspl.com/bonus,mostbetspl.com
mostbetth.online,https://mostbetth.online/bonus/,mostbetth.online
mostbetth.ru,https://mostbetth.ru/bonus/,mostbetth.ru
mostbetsq.online,https://mostbetsq.online/bonus/,mostbetsq.online
mostbetsq.ru,https://mostbetsq.ru/bonus/,mostbetsq.ru
mostbetsz.online,https://mostbetsz.online/bonus/,mostbetsz.online
mostbetsz.ru,https://mostbetsz.ru/bonus/,mostbetsz.ru
mostbett.az,https://mostbetazerbaycangiris.net/promo/bonus/ https://mostbetazerbaycangiris.net/promo/30-frispin/ https://mostbetazerbaycangiris.net/promo/qarshilama-bonusu/,mostbetazerbaycangiris.net
mostbettw.online,https://mostbettw.online/bonus/,mostbettw.online
mostbettw.ru,https://mostbettw.ru/bonus/,mostbettw.ru
mostbetuc.online,https://mostbetuc.online/bonus/,mostbetuc.online
mostbetuc.ru,https://mostbetuc.ru/bonus/,mostbetuc.ru
mostbetud.online,https://mostbetud.online/bonus/,mostbetud.online
mostbetud.ru,https://mostbetud.ru/bonus/,mostbetud.ru
mostbetuf.online,https://mostbetuf.online/bonus/,mostbetuf.online
mostbetuf.ru,https://mostbetuf.ru/bonus/,mostbetuf.ru
mostbettr1.bet,https://mostbettr.asia/promo/bonus/ https://mostbettr.asia/promo/yatirimsiz-bonus/ https://mostbettr.asia/promo/hos-geldin-bonusu/ https://mostbettr.asia/promo/30-ucretsiz-free-spin/ https://mostbettr.asia/promo/100-ucretsiz-free-spin/,mostbettr.asia
mostbettrading.com,https://mostbettrading.com/bonus https://mostbettrading.com/go,mostbettrading.com
mostbetuz-skachat.com,https://mostbet1-uz.bet/promo/bonus/,mostbet1-uz.bet
mostbett.pk,https://mostbett1.pk/promo/bonus/,mostbett1.pk
mostbett1.pk,https://mostbett1.pk/promo/bonus/,mostbett1.pk
mostbett2.com.az,https://mostbetazerbaycangiris.net/promo/bonus/ https://mostbetazerbaycangiris.net/promo/30-frispin/ https://mostbetazerbaycangiris.net/promo/qarshilama-bonusu/,mostbetazerbaycangiris.net
mostbett2.pk,https://mostbet.com.pk/promo/bonus/ https://mostbet.com.pk/promo/free-money/ https://mostbet.com.pk/promo/vouchers/ https://mostbet.com.pk/promo/welcome-bonus/ https://mostbet.com.pk/promo/promo-codes/ https://mostbet.com.pk/promo/free-bets/ https://mostbet.com.pk/promo/free-spins/ https://mostbet.com.pk/promo/30-free-spins/ https://mostbet.com.pk/promo/100-free-spins/ https://mostbet.com.pk/promo/no-deposit-bonus/,mostbet.com.pk
mostbettc.online,https://mostbettc.online/bonus/,mostbettc.online
mostbettc.ru,https://mostbettc.ru/bonus/,mostbettc.ru
mostbetukraina.com,https://mostbet.net.ua/promo/bonus/ https://mostbet.net.ua/promo/bonus https://mostbet.net.ua/promo/30-frispiniv/ https://mostbet.net.ua/promo/100-frispiniv/ https://mostbet.net.ua/promo/vitalnyi-bonus/ https://mostbet.net.ua/promo/bezdepozytnyi-bonus/,mostbet.net.ua
mostbetus.online,https://mostbetus.online/bonus/,mostbetus.online
mostbetus.ru,https://mostbetus.ru/bonus/,mostbetus.ru
mostbetuy.online,https://mostbetuy.online/bonus/,mostbetuy.online
mostbetuz-aviator.com,https://mostbetuz-aviator.com/promo,mostbetuz-aviator.com
mostbetuzbets.com,https://mostbetuzbets.com/promo,mostbetuzbets.com
mostbetuzhaqida.com,https://mostbet1-uz.bet/promo/bonus/,mostbet1-uz.bet
mostbetuzonline.com,https://mostbetuz24.com/bonus/ https://mostbetuz24.com/goto/ https://mostbetuz24.com/play/,mostbetuz24.com
mostbetuz24.com,https://mostbetuz24.com/bonus/ https://mostbetuz24.com/goto/ https://mostbetuz24.com/play/,mostbetuz24.com
mostbettn.bet,https://mostbettn.bet/promo/bonus/,mostbettn.bet
mostbettowerrush.com,https://mostbettowerrush.com/bonus https://mostbettowerrush.com/go,mostbettowerrush.com
mostbettr.asia,https://mostbettr.asia/promo/bonus/ https://mostbettr.asia/promo/yatirimsiz-bonus/ https://mostbettr.asia/promo/hos-geldin-bonusu/ https://mostbettr.asia/promo/30-ucretsiz-free-spin/ https://mostbettr.asia/promo/100-ucretsiz-free-spin/,mostbettr.asia
mostbettr.bet,https://mostbettr.asia/promo/bonus/ https://mostbettr.asia/promo/yatirimsiz-bonus/ https://mostbettr.asia/promo/hos-geldin-bonusu/ https://mostbettr.asia/promo/30-ucretsiz-free-spin/ https://mostbettr.asia/promo/100-ucretsiz-free-spin/,mostbettr.asia
mostbetxg.online,https://mostbetxg.online/bonus/,mostbetxg.online
mostbetxg.ru,https://mostbetxg.ru/bonus/,mostbetxg.ru
mostbetxo.online,https://mostbetxo.online/bonus/,mostbetxo.online
mostbetxo.ru,https://mostbetxo.ru/bonus/,mostbetxo.ru
mostbetxq.ru,https://mostbetxq.ru/bonus/,mostbetxq.ru
mostbetxr.online,https://mostbetxr.online/bonus/,mostbetxr.online
mostbetviptr.com,https://mostbetviptr.com/bonus,mostbetviptr.com
mostbetvn.online,https://mostbetvn.online/bonus/,mostbetvn.online
mostbetvq.online,https://mostbetvq.online/bonus/,mostbetvq.online
mostbetvq.ru,https://mostbetvq.ru/bonus/,mostbetvq.ru
mostbetwagering.com,https://mostbetwagering.com/go,mostbetwagering.com
mostbetyi.online,https://mostbetyi.online/bonus/,mostbetyi.online
mostbetyi.ru,https://mostbetyi.ru/bonus/,mostbetyi.ru
mostbetzl.ru,https://mostbetzl.ru/bonus/,mostbetzl.ru
mostbetzm.online,https://mostbetzm.online/bonus/,mostbetzm.online
mostbetzm.ru,https://mostbetzm.ru/bonus/,mostbetzm.ru
mostbetzo.online,https://mostbetzo.online/bonus/,mostbetzo.online
mostbetzo.ru,https://mostbetzo.ru/bonus/,mostbetzo.ru
mostbetzt.online,https://mostbetzt.online/bonus/,mostbetzt.online
mostbetzt.ru,https://mostbetzt.ru/bonus/,mostbetzt.ru
mostbetzh.online,https://mostbetzh.online/bonus/,mostbetzh.online
mostbetzh.ru,https://mostbetzh.ru/bonus/,mostbetzh.ru
mostbetwinturkey.com,https://mostbetwinturkey.com/bonus,mostbetwinturkey.com
mostbetwithdrawal.com,https://mostbetwithdrawal.com/go https://mostbetwithdrawal.com/bonus,mostbetwithdrawal.com
mostbetwj.online,https://mostbetwj.online/bonus/,mostbetwj.online
mostbetwj.ru,https://mostbetwj.ru/bonus/,mostbetwj.ru
mostbett.com.az,https://mostbetazerbaycangiris.net/promo/bonus/ https://mostbetazerbaycangiris.net/promo/30-frispin/ https://mostbetazerbaycangiris.net/promo/qarshilama-bonusu/,mostbetazerbaycangiris.net
mostbett.com.kz,https://mostbetkazinokazakhstan.com/promo/bonus/,mostbetkazinokazakhstan.com
mostbett.it,https://mostbett.it/bonus/,mostbett.it
mostbett.nl,https://mostbett.nl/go/inloggen/ https://mostbett.nl/go/spelen/,mostbett.nl
mostbetyw.ru,https://mostbetyw.ru/bonus/,mostbetyw.ru
mostbetz-cz.com,https://mostbetz-cz.com/register/ https://mostbetz-cz.com/go/link,mostbetz-cz.com
mostbetz-portugal.com,https://mostbetz-portugal.com/register/,mostbetz-portugal.com
mostbetzd.online,https://mostbetzd.online/bonus/,mostbetzd.online
mostbetzd.ru,https://mostbetzd.ru/bonus/,mostbetzd.ru
mostsbet-bangladesh.com,https://mostbets-bd.org/bonus/,mostbets-bd.org
motorenlared.com,https://kz.most-bet-casino.org.kz/bonus/,kz.most-bet-casino.org.kz
mtk98.com,https://mtk98.com/go/play,mtk98.com
mostkupon.tr,https://mostbettr.asia/promo/bonus/ https://mostbettr.asia/promo/yatirimsiz-bonus/ https://mostbettr.asia/promo/hos-geldin-bonusu/ https://mostbettr.asia/promo/30-ucretsiz-free-spin/ https://mostbettr.asia/promo/100-ucretsiz-free-spin/,mostbettr.asia
musicxmuseums.com,https://www.musicxmuseums.com/mostbet/,www.musicxmuseums.com
nadpartner.ru,https://nadpartner.ru/mostb/,nadpartner.ru
nafohungary.com,https://nafohungary.com/go/play,nafohungary.com
myuniformoutlet.com,https://reg.mostbets-uzb.com/7g5pHbU?type=app,myuniformoutlet.com
napholdfest.com,https://napholdfest.com/go/play,napholdfest.com
napiszarka.info,https://napiszarka.info/go/play,napiszarka.info
napkozi.com,https://napkozi.com/go/play,napkozi.com
nappali.net,https://nappali.net/go/play,nappali.net
napsugarbioboltja.com,https://napsugarbioboltja.com/go/play,napsugarbioboltja.com
naszinnadil.com,https://naszinnadil.com/go/play,naszinnadil.com
natasdouro.pt,https://natasdouro.pt/go/,natasdouro.pt
nativedocumentlink.com,https://nativedocumentlink.com/go/play,nativedocumentlink.com
navodefilm.cz,https://partners-official.com/b2tcnrmv,navodefilm.cz
nejlepsipanve.cz,https://partners-official.com/b2tcnrmv,nejlepsipanve.cz
notancomics.com,https://notancomics.com/bonus,notancomics.com
newfaceshungary.com,https://newfaceshungary.com/go/play,newfaceshungary.com
ntic.cz,https://partners-official.com/b2tcnrmv,ntic.cz
oboi5.ru,https://oboi5.ru/mostb/,oboi5.ru
officialmostbet.org,https://officialmostbet.org/go/play/?sub_id_2=header_app https://officialmostbet.org/go/play/?sub_id_2=header_signup https://officialmostbet.org/go/play/?sub_id_2=hero_main https://officialmostbet.org/go/play/?sub_id_2=hero_app https://officialmostbet.org/go/play/?sub_id_2=hero_aviator https://officialmostbet.org/go/play/?sub_id_2=hero_casino https://officialmostbet.org/go/play/?sub_id_2=link_section https://officialmostbet.org/go/play/?sub_id_2=sidebar_signup https://officialmostbet.org/go/play/?sub_id_2=sidebar_bonus https://officialmostbet.org/go/play/?sub_id_2=bonusbar,officialmostbet.org
novasite.kz,https://novasite.kz/reg,novasite.kz
oil.zgora.pl,https://oil.zgora.pl/step-un/,oil.zgora.pl
ojura.org,https://ojura.org/bonus,ojura.org
online-gruender.com,https://online-gruender.com/go/,online-gruender.com
ondrejsynek.cz,https://ondrejsynek.cz/go/,ondrejsynek.cz
opiomgallery.com,https://indianhomestays.org/link,indianhomestays.org
onlinemostbetazcasino.com,https://onlinemostbetazcasino.com/promo,onlinemostbetazcasino.com
onlinemostbetazerbaycan.com,https://onlinemostbetazerbaycan.com/promo,onlinemostbetazerbaycan.com
osz-decin.cz,https://partners-official.com/b2tcnrmv,osz-decin.cz
owleye.cz,https://partners-official.com/b2tcnrmv,owleye.cz
pannyruty.cz,https://partners-official.com/b2tcnrmv,pannyruty.cz
parts-portal.ru,https://parts-portal.ru/mostb/,parts-portal.ru
paszke360.com,https://paszke360.com/bonus/ https://paszke360.com/go/,paszke360.com
peru-mostbet.com,https://peru-mostbet.com/go/mst,peru-mostbet.com
peswithyou.com,https://peswithyou.com/go/,peswithyou.com
pgon.pl,https://pgon.pl/step-un/,pgon.pl
pk-mycieokien.pl,https://pk-mycieokien.pl/step-un/,pk-mycieokien.pl
pl-mostbet.com.pl,https://pl-mostbet.com.pl/go/,pl-mostbet.com.pl
playgame-mostbet-portugal.com,https://playgame-mostbet-portugal.com/play,playgame-mostbet-portugal.com
pivoaslzy.cz,https://partners-official.com/b2tcnrmv,pivoaslzy.cz
pivohonek.cz,https://partners-official.com/b2tcnrmv,pivohonek.cz
pivothead.cz,https://partners-official.com/b2tcnrmv,pivothead.cz
pizza-grotta-koszalin.pl,https://pizza-grotta-koszalin.pl/mostbet/,pizza-grotta-koszalin.pl
pk-mostbet.com,https://pk-mostbet.com/bonus,pk-mostbet.com
plusbg.com,https://plusbg.com/bonus/,plusbg.com
pochodprotihladu.cz,https://partners-official.com/b2tcnrmv,pochodprotihladu.cz
podporujiblokadu.cz,https://partners-official.com/b2tcnrmv,podporujiblokadu.cz
posthof.cz,https://posthof.cz/bonus/,posthof.cz
plinko-jogos.com,https://plinko-jogos.com/go/,plinko-jogos.com
prehled.net,https://prehled.net/go/ https://prehled.net/bonus/,prehled.net
prochebsko.cz,https://partners-official.com/b2tcnrmv,prochebsko.cz
puffonline.pt,https://puffonline.pt/go/ https://puffonline.pt/play/asgarians-dice/ https://puffonline.pt/play/black-mummy/ https://puffonline.pt/play/bonanza-fall/ https://puffonline.pt/play/book-of-destiny/ https://puffonline.pt/play/bountiful-birds/ https://puffonline.pt/play/fighter-pit/ https://puffonline.pt/play/fireball-inferno-tiki/ https://puffonline.pt/play/fortune-coins-2/ https://puffonline.pt/play/hot-deco-7/ https://puffonline.pt/play/lucky-christmas/ https://puffonline.pt/play/pied-piper/,puffonline.pt
promokody-mostbet.com,https://mostbet2.bet/promo/bonus/,mostbet2.bet
qhtxeber.az,https://qhtxeber.az/bonus,qhtxeber.az
radianceveinclinic.com,https://radianceveinclinic.com/mostbet/,radianceveinclinic.com
ravenstein-weer.eu,https://ravenstein-weer.eu/go/,ravenstein-weer.eu
recipe365bengali.com,https://recipe365bengali.com/bonus/,recipe365bengali.com
quantdart.com,https://www.quantdart.com/mostbet/,www.quantdart.com
relaxcc.cz,https://partners-official.com/b2tcnrmv,relaxcc.cz
religiousconsultation.org,https://religiousconsultation.org/bonus,religiousconsultation.org
remorquagelourdcantin.com,http://remorquagelourdcantin.com/mostbet/,remorquagelourdcantin.com
redonystudio.hu,https://redonystudio.hu/go/play,redonystudio.hu
redorange.com.pl,https://redorange.com.pl/step-un/,redorange.com.pl
reducaonaoesolucao.com.br,https://www.reducaonaoesolucao.com.br/go/,www.reducaonaoesolucao.com.br
regchem.ru,https://regchem.ru/mostb/,regchem.ru
rescuemagazine.pl,https://rescuemagazine.pl/bonus,rescuemagazine.pl
return2innocence.cz,https://partners-official.com/b2tcnrmv,return2innocence.cz
riad-essaouira-perledeau.com,https://riad-essaouira-perledeau.com/bonus/,riad-essaouira-perledeau.com
riadtroiscours.com,https://riadtroiscours.com/bonus/,riadtroiscours.com
rimotop.cz,https://partners-official.com/b2tcnrmv,rimotop.cz
ringoland.cz,https://ringoland.cz/go/go.php,ringoland.cz
riverine.hu,https://riverine.hu/bonus,riverine.hu
robomart.co,https://robomart.co/bonus/,robomart.co
restaurace-uklastera.cz,https://partners-official.com/b2tcnrmv,restaurace-uklastera.cz
restauracemlyny.cz,https://partners-official.com/b2tcnrmv,restauracemlyny.cz
rogtonjovunk.hu,https://rogtonjovunk.hu/go/play,rogtonjovunk.hu
romajo.hu,https://romajo.hu/go/play,romajo.hu
ryandoherty.net,https://en.ryandoherty.net/bonus https://en.ryandoherty.net/go/mostbet.php,en.ryandoherty.net
rsn-rb.ru,https://rsn-rb.ru/play,rsn-rb.ru
salonlemonde.cz,https://partners-official.com/b2tcnrmv,salonlemonde.cz
s5dworzysko-aleksandrowo.pl,https://www.s5dworzysko-aleksandrowo.pl/bonus,www.s5dworzysko-aleksandrowo.pl
sad-lopatina.org.ua,https://sad-lopatina.org.ua/reg/form.html,sad-lopatina.org.ua
sanganphotography.com,http://sanganphotography.com/mostbet/,sanganphotography.com
scholardle.com,https://www.scholardle.com/mostbet/,www.scholardle.com
sevdamizidokuyoruz.com,https://sevdamizidokuyoruz.com/bonus,sevdamizidokuyoruz.com
seasideparkservicecenter.com,https://seasideparkservicecenter.com/mostbet/,seasideparkservicecenter.com
savariatse.hu,https://savariatse.hu/go/play,savariatse.hu
sblizenipolitikou.cz,https://partners-official.com/b2tcnrmv,sblizenipolitikou.cz
sietarrussia.ru,https://sietarrussia.ru/play,sietarrussia.ru
silvatech.cz,https://partners-official.com/b2tcnrmv,silvatech.cz
skateshop-goofy.cz,https://partners-official.com/b2tcnrmv,skateshop-goofy.cz
showbizdata.com,https://showbizdata.com/bonus,showbizdata.com
smartcityscale.com,https://www.smartcityscale.com/bonus/ https://www.smartcityscale.com/go/registration https://www.smartcityscale.com/go/bonus,www.smartcityscale.com
smothersbrothers.com,https://smothersbrothers.com/bonus,smothersbrothers.com
solectron.hu,https://solectron.hu/go/play,solectron.hu
soliqvahayot.uz,https://reg.mostbets-uzb.com/7g5pHbU?type=app,soliqvahayot.uz
sorozatinfo.hu,https://sorozatinfo.hu/go/play,sorozatinfo.hu
sosyalsiyaset.net,https://sosyalsiyaset.net/bonus,sosyalsiyaset.net
sporkral.com,https://sporkral.com/bonus,sporkral.com
sport-mostbet.org,https://t.me/zerkalo_odinwin_bot,sport-mostbet.org
sportsbettingstrategy.com.br,https://mostbetbr.bet/promo/bonus/,mostbetbr.bet
stadlerrail.hu,https://stadlerrail.hu/go/play,stadlerrail.hu
startupgrowthadvisors.com,https://startupgrowthadvisors.com/mostbet/,startupgrowthadvisors.com
suknie-wieczorowe.com.pl,https://suknie-wieczorowe.com.pl/step-un/,suknie-wieczorowe.com.pl
storyscreenbeacon.com,https://www.storyscreenbeacon.com/mostbet/,www.storyscreenbeacon.com
swmnhunting.com,https://swmnhunting.com/mostbet/,swmnhunting.com
sudhakarsilks.com,https://sudhakarsilks.com/bonus/,sudhakarsilks.com
supertutorial.hu,https://supertutorial.hu/go/play,supertutorial.hu
t-voice.net,https://t-voice.net/promo https://t-voice.net/bonus,t-voice.net
szangaflotta.hu,https://szangaflotta.hu/go/play,szangaflotta.hu
szegedifogorvosnapok.hu,https://szegedifogorvosnapok.hu/go/play,szegedifogorvosnapok.hu
szehitel.hu,https://szehitel.hu/go/play,szehitel.hu
szekelyfoto.hu,https://szekelyfoto.hu/go/play,szekelyfoto.hu
szentlaszloev.hu,https://szentlaszloev.hu/go/play,szentlaszloev.hu
szimba-fegya.hu,https://szimba-fegya.hu/go/play,szimba-fegya.hu
szime3d.hu,https://szime3d.hu/go/play,szime3d.hu
sztarfotok.hu,https://sztarfotok.hu/go/play,sztarfotok.hu
test-cisticek-vzduchu.cz,https://test-cisticek-vzduchu.cz/go/2 https://test-cisticek-vzduchu.cz/bonus/ https://test-cisticek-vzduchu.cz/go/1 https://test-cisticek-vzduchu.cz/go/3 https://test-cisticek-vzduchu.cz/go/4,test-cisticek-vzduchu.cz
tettye-irmautitanosveny.hu,https://tettye-irmautitanosveny.hu/go/play,tettye-irmautitanosveny.hu
team9.ru,https://team9.ru/mostb/,team9.ru
techbrain.cz,https://partners-official.com/b2tcnrmv,techbrain.cz
temporg.hu,https://temporg.hu/go/play,temporg.hu
tennisinfo.az,https://tennisinfo.az/bonus,tennisinfo.az
tenzid.hu,https://tenzid.hu/go/play,tenzid.hu
thegreenguide.com,https://thegreenguide.com/bonus,thegreenguide.com
theconsul.com.pk,https://theconsul.com.pk/go,theconsul.com.pk
thecupeffect.org,https://www.thecupeffect.org/mostbet/,www.thecupeffect.org
thomasbrothersproductions.com,https://www.thomasbrothersproductions.com/mostbet/,www.thomasbrothersproductions.com
topptipp.hu,https://topptipp.hu/go,topptipp.hu
tommypetportugal.com,https://tommypetportugal.com/go/,tommypetportugal.com
tukorterem.hu,https://tukorterem.hu/go/play,tukorterem.hu
trebon-ubytovani-art.cz,https://partners-official.com/b2tcnrmv,trebon-ubytovani-art.cz
undergaters.cz,https://partners-official.com/b2tcnrmv,undergaters.cz
unikbynature.com,https://unikbynature.com/bonus/,unikbynature.com
urfolab.ru,https://urfolab.ru/mostb/,urfolab.ru
uz-casino-mostbet.com,https://uz-casino-mostbet.com/promo,uz-casino-mostbet.com
uz-mostbet-apk.com,https://uz-mostbet-apk.com/promo,uz-mostbet-apk.com
uz-mostbet-app.com,https://uz-mostbet-app.com/promo,uz-mostbet-app.com
uz-mostbet-kirish.com,https://uz-mostbet-kirish.com/promo,uz-mostbet-kirish.com
tvoyaclinica.ru,https://tvoyaclinica.ru/mostb/,tvoyaclinica.ru
tvvridlo.cz,https://partners-official.com/b2tcnrmv,tvvridlo.cz
uzmostbet-apk.com,https://uzmostbet-apk.com/promo,uzmostbet-apk.com
uzmostbet-app.com,https://uzmostbet-app.com/promo,uzmostbet-app.com
uzmostbet-kirish.com,https://uzmostbet-kirish.com/promo,uzmostbet-kirish.com
uzmostbetskachat.com,https://uzmostbetskachat.com/promo,uzmostbetskachat.com
uzbet-mostbet.com,https://uzbet-mostbet.com/play https://uzbet-mostbet.com/mostbet,uzbet-mostbet.com
uzbet-mostbet.ink,https://uzbet-mostbet.ink/play https://uzbet-mostbet.ink/mostbet,uzbet-mostbet.ink
uz-mostbet-skachat.com,https://uz-mostbet-skachat.com/promo,uz-mostbet-skachat.com
uz-mostbetskachat.com,https://uz-mostbetskachat.com/promo,uz-mostbetskachat.com
valdostamuseum.com,https://valdostamuseum.com/mostbet/,valdostamuseum.com
vignobleterredespassions.com,https://vignobleterredespassions.com/mostbet/,vignobleterredespassions.com
veondapp.pt,https://veondapp.pt/go/,veondapp.pt
vistadeishelties.com,https://vistadeishelties.com/bonus/ https://vistadeishelties.com/go/,vistadeishelties.com
vrliberec.cz,https://partners-official.com/b2tcnrmv,vrliberec.cz
vlogmag.pl,https://vlogmag.pl/step-un/,vlogmag.pl
vmostbet.com,https://vmostbet.com/promo,vmostbet.com
wedme.cz,https://wedme.cz/bonus/ https://wedme.cz/go/,wedme.cz
westcoastchill.com,http://westcoastchill.com/mostbet/,westcoastchill.com
westfalia.org,https://westfalia.org/mostbet/,westfalia.org
wrestlingdotcom.com,https://wrestlingdotcom.com/bonus,wrestlingdotcom.com
www-ubytovani-dyjakovice-cz.cz,https://partners-official.com/b2tcnrmv,www-ubytovani-dyjakovice-cz.cz
wspieramgastro.pl,https://wspieramgastro.pl/bonus/ https://wspieramgastro.pl/go/,wspieramgastro.pl
wytworniawizualna.pl,https://wytworniawizualna.pl/step-un/,wytworniawizualna.pl
xanim.net,https://xanim.net/bonus,xanim.net
xn--90aitipgc.org,https://xn--90aitipgc.org/bonus/,xn--90aitipgc.org
yuvarla.org,https://yuvarla.org/bonus,yuvarla.org
zakochajsiewkolorze.pl,https://www.asaxssd.com/bonus/ https://www.asaxssd.com/go/registration https://www.asaxssd.com/go/bonus,www.asaxssd.com
yeahstub.com,https://yeahstub.com/bonus/,yeahstub.com
zamawiamcv.pl,https://zamawiamcv.pl/bonus/ https://zamawiamcv.pl/go/,zamawiamcv.pl
zerkalo-mostbet-segodnya.com,https://mostbet2.bet/promo/bonus/,mostbet2.bet
zsth.zagan.pl,https://zsth.zagan.pl/step-un/,zsth.zagan.pl
zominsuffahotel.uz,https://reg.mostbets-uzb.com/7g5pHbU?type=app,zominsuffahotel.uz
zoundryraven.com,https://www.zoundryraven.com/go,www.zoundryraven.com
