domain,source
010oblako.ru,affiliate
0blog.ru,affiliate
1-mostbet.com.kz,affiliate
1-mostbet.kz,affiliate
100poklevok.ru,affiliate
100rodzinzastepczych.org,affiliate
1441.uz,affiliate
15levels.com,affiliate
1640.kz,affiliate
17asc2025.in,affiliate
199kargo.ru,affiliate
19ruk66.ru,affiliate
1abebe12.ru,affiliate
1aviator.com,affiliate
1csdytfgf.ru,affiliate
1mm.com.tr,affiliate
1mostbet-bd.com,affiliate
1mostbet.pk,affiliate
1renovatio.info,affiliate
1sirius.com,affiliate
1stgswtp.com,affiliate
1tk74.ru,affiliate
1win-gabon.com,affiliate
1wins-kz.com,affiliate
200s.ru,affiliate
2021yks.com,affiliate
2026-resmi-giris.ink,affiliate
22psikiyatri.org,affiliate
23cityblocks.com,affiliate
24haberler.com,affiliate
24x5.ru,affiliate
2b-med.ru,affiliate
2elearning.com,affiliate
2promile.cz,affiliate
2zbelgelendirme.com.tr,affiliate
32mirvari.com,affiliate
3711beachside.com,affiliate
38geo.ru,affiliate
3elma.com.tr,affiliate
3fortyseven.com,affiliate
3minreads.com,affiliate
3zsberoun.com,affiliate
42dnia.ru,affiliate
4charm.ru,affiliate
4glaza.info,affiliate
500ae.in,affiliate
5forumkierownikowdlm.pl,affiliate
666tuning.cz,affiliate
75entegre.com.tr,affiliate
888gold-slot.com,affiliate
88contactnumber.in,affiliate
8xbetbonus.com,affiliate
9kbossdownload.com,affiliate
a-port.kz,affiliate
aabrothers.in,affiliate
aafcentro.com,affiliate
aagara.in,affiliate
aahtg.com,affiliate
aatmx-az.org,affiliate
abacifiltre.com,affiliate
abalico.cz,affiliate
abanfund.vc,affiliate
abc4dc.org,affiliate
abhaberajansi.com,affiliate
abhigyanonline.com,affiliate
about-nokia.com,affiliate
abpaint-az.com,affiliate
abrelok.ru,affiliate
ac-el.com,affiliate
acc-chemicals.net,affiliate
accountant24.org,affiliate
ackrentals.net,affiliate
acqa-az.com,affiliate
actioncenter.com.tr,affiliate
actionsolidaritetiersmonde.org,affiliate
activeinstyle.com,affiliate
actualbuh.ru,affiliate
adabaris.com.tr,affiliate
adahidrolik.com,affiliate
adalethanim.com,affiliate
adana-emlak.com,affiliate
adanabosnadernegi.org,affiliate
adanahaber1.com,affiliate
adbluenedir.com.tr,affiliate
addemedya.com,affiliate
addim.net,affiliate
addsolutions.in,affiliate
ademdisci.com.tr,affiliate
adenbt.com.tr,affiliate
admiral-mb.com,affiliate
adolphapetsfor.net,affiliate
adorans.hu,affiliate
adrenalingarage.pl,affiliate
adresesaglik.com,affiliate
adventuresinrediscovery.com,affiliate
advokatidetem.cz,affiliate
aegee-eskisehir.org,affiliate
af-ro.cz,affiliate
afetveaciltip2015.org,affiliate
aforjet.cz,affiliate
agemodels.cz,affiliate
agencetbi.com,affiliate
agency-culture.ru,affiliate
agextrans.com,affiliate
agnessnft.com,affiliate
agrida-sanat.com.tr,affiliate
agrihortieducation.com,affiliate
agroeurasia.com,affiliate
agtmed-congress.com,affiliate
ah-grup.com,affiliate
ahag2015.org,affiliate
ahmedalidesign.com,affiliate
ahmetgocen.com,affiliate
ahsastone.com.tr,affiliate
aidetectorhumanize.com,affiliate
aimsa.com.tr,affiliate
ainippa.ru,affiliate
aipsk.ru,affiliate
air-stream.ru,affiliate
airfitsamara.com,affiliate
ajaychavan.in,affiliate
akantusemprenye.com,affiliate
akasyakizyurdu.com,affiliate
akcay-giyim.com,affiliate
akceplnamiska.cz,affiliate
akhaber33.com,affiliate
akhisarseyahat.com.tr,affiliate
akincihukukdanismanlik.com,affiliate
akoptik.com.tr,affiliate
akrapovichungary.hu,affiliate
aksehiryapi.com.tr,affiliate
akspackova.cz,affiliate
akva-produkt.ru,affiliate
akvarel-dance.uz,affiliate
al-bookmaker.com,affiliate
al-jaber.com,affiliate
al-usur.com,affiliate
alagemi.com,affiliate
alana93.com,affiliate
alarmca.ru,affiliate
aleksandarjovanovic.com,affiliate
alewifefarm.com,affiliate
alex-ns.pl,affiliate
alexandraudzenija.cz,affiliate
alexeypraprin.com,affiliate
alexprofoto.com,affiliate
alfayiz.kz,affiliate
alicornspb.com,affiliate
alifeducation.uz,affiliate
alima.com.tr,affiliate
alishech-vmc.com,affiliate
alkorhlp.ru,affiliate
allacoustics-com.ru,affiliate
allanjensengulve.dk,affiliate
allnewgovtjobs.in,affiliate
almaniyadamualice.com,affiliate
almaz46.ru,affiliate
alo103.com,affiliate
alrouletteonline.com,affiliate
alysewarren.com,affiliate
amadershomoys.com,affiliate
amar-info1.com,affiliate
amaryllisdejesusmoleski.com,affiliate
amasraapartpansiyon.com,affiliate
american-roulette.org,affiliate
ametistdanismanlik.com,affiliate
aminov.net,affiliate
amphib-alaska.com,affiliate
anadoluinsaatas.com,affiliate
analikuzulu.com,affiliate
analistsaha.com.tr,affiliate
anatoliaartstudio.com,affiliate
anatomikisgunleri.com.tr,affiliate
andiranelektronik.com.tr,affiliate
andmi.uz,affiliate
angel-university.cz,affiliate
animal-s.net,affiliate
animateh.ru,affiliate
ankarafbd.org,affiliate
annapm.ru,affiliate
anogolfu.cz,affiliate
another.by,affiliate
antalyakongre2018.com,affiliate
antenna-hqcleartv.ru,affiliate
antidotesalonkc.com,affiliate
antretl.ru,affiliate
any-illust.com,affiliate
aoluoi.com,affiliate
apart-gorka.ru,affiliate
apc-motors.ru,affiliate
apg2011.org,affiliate
apk-ios-bonus.com,affiliate
apk-mostbet-official2397.top,affiliate
apk-mostbet-official2499.top,affiliate
apk-mostbet-official2507.mobi,affiliate
apk-mostbet-official2507.top,affiliate
apkmostbet-apk-7810io.top,affiliate
apkmostbet.net,affiliate
apkmostbetbn.com,affiliate
apkmostbetin.com,affiliate
apkmostbetuz.com,affiliate
aplikacjamostbet.pl,affiliate
apmccper.org.in,affiliate
app-mostbet-az.com,affiliate
app-mostbet.ru,affiliate
app-tezplay.com,affiliate
appmostbetaz.com,affiliate
appmostbetbn.com,affiliate
appmostbetcz.com,affiliate
appmostbethu.com,affiliate
appmostbetin.net,affiliate
appsgag.net,affiliate
appsnigeria.com,affiliate
appstrata.io,affiliate
april.kg,affiliate
aquacan.com.tr,affiliate
aquascapinglab.com,affiliate
aquavita-az.com,affiliate
arabic-casino.best,affiliate
aran-ihrm.org,affiliate
aranyiszi.hu,affiliate
archamon.com,affiliate
arcturuswatches.com,affiliate
ardoff.net,affiliate
argentina-mostbet-casino.com,affiliate
argentino-mostbet.com,affiliate
arikansaat.com.tr,affiliate
arinouchkine.com,affiliate
arjursum.com.tr,affiliate
arkerobox.com.tr,affiliate
armodamobilya.com,affiliate
arselinsaat.net,affiliate
art-exchanges.net,affiliate
art-vostok33.ru,affiliate
arteng.pro,affiliate
arti-cool.com,affiliate
artistacarpintero.pl,affiliate
artonbillboard.ru,affiliate
artparkmoscow.com,affiliate
artworkwizz.com,affiliate
aruabutik.com,affiliate
asemuseo.com,affiliate
asghukukdanismanlik.com,affiliate
ashleymoorefurniture.com,affiliate
ashtangayogarussiafareast.com,affiliate
asi-conferences.com,affiliate
asi-hk.cz,affiliate
asismimarlik.com.tr,affiliate
asmi.kg,affiliate
asmonur.uz,affiliate
asoiustudents.com,affiliate
astronaut.online,affiliate
astronautcrash.com,affiliate
atasehirnews.com,affiliate
atheizmru.ru,affiliate
atlantafreedomtrail.com,affiliate
atm16.online,affiliate
atmcasino.online,affiliate
atmm.online,affiliate
atrendingstory.com,affiliate
aubakirov.com,affiliate
aucoeurduspa.com,affiliate
audiomed-az.com,affiliate
audiquattro.net,affiliate
audubonparkmasterplan.org,affiliate
aukce-movita.cz,affiliate
aupair-nemecko.cz,affiliate
authorsusieblack.com,affiliate
autoalarm-trade.ru,affiliate
autobazar-doudleby.cz,affiliate
autoelektron.pl,affiliate
autofascynacja.pl,affiliate
automytipraha5.cz,affiliate
autonew-novosibirsk.ru,affiliate
autoopravyfm.cz,affiliate
autoprogagnon.com,affiliate
avangard-jobs.ru,affiliate
avangard-karelia.ru,affiliate
avanosogretmenevi.com.tr,affiliate
avebijoux.cz,affiliate
avianetworksummit.com,affiliate
aviator-eg.com,affiliate
aviator-game-india-win.com,affiliate
aviator-gameplay.com,affiliate
aviator-mostbet.casino,affiliate
aviator-mostbet.org,affiliate
aviator-official-in-game.com,affiliate
aviator-online.ru,affiliate
aviator-verified-game.link,affiliate
aviator.org.mx,affiliate
aviator2024.ru,affiliate
aviator34.ru,affiliate
aviator64.com,affiliate
aviatorgame-india.net,affiliate
aviatormostbet.in,affiliate
aviatorpredictor.shop,affiliate
aviatorsignals.in,affiliate
avilonfm.ru,affiliate
avis-babyfoot.com,affiliate
avis-v.ru,affiliate
avlfest.com,affiliate
avocadonsk.ru,affiliate
avonaz.com,affiliate
avonmercantile.in,affiliate
avtoplastiks.ru,affiliate
award-stake-ceylon4.top,affiliate
axisurfeskola.com,affiliate
ay-mar.com,affiliate
aybatbet.com,affiliate
aydemirmakina.com.tr,affiliate
aydgroup.com.tr,affiliate
aydindogasporlari.com,affiliate
aykutgurel.com.tr,affiliate
az-dekorjinal.com,affiliate
az-mostbet-casino.com,affiliate
az-mostbet-indir.com,affiliate
az-mostbet-login.com,affiliate
az-mostbet.org,affiliate
az-mostbett.com,affiliate
az-themes.com,affiliate
az-translation.info,affiliate
az1-mostbet.com,affiliate
aze-most-bet.com,affiliate
aze-mostbet.com,affiliate
azerbaijan-is.com,affiliate
azerbaijan1-mostbet.com,affiliate
azerbaijancasinos.com,affiliate
azerbaycan-kazinolar.com,affiliate
azerbaycan-mostbet-casino.com,affiliate
azerbaycan-mostbet.com,affiliate
azerbmedjournal.com,affiliate
azerivideo.net,affiliate
azerlife.org,affiliate
azmostbet90.com,affiliate
b-effective.cz,affiliate
babushkinsad.ru,affiliate
backo2000.com,affiliate
badboybar.ru,affiliate
bagaimanabertaruh.com,affiliate
bahaokaraozgurluk.com,affiliate
baharisyancidir.com,affiliate
bakikarliga.com,affiliate
bakuinfo.net,affiliate
ball-barbie.ru,affiliate
balloon-info.com,affiliate
banexclusive.com,affiliate
bangl-mostbet.com,affiliate
bankrolluz.com,affiliate
bantuantaruhananda.com,affiliate
banuset.com,affiliate
banzai-bet-uz.bet,affiliate
barin-smetanin.ru,affiliate
barrelhousechuck.com,affiliate
basaktermalotel.net,affiliate
baskentankarakosusu.com,affiliate
basketbank.net,affiliate
basketbolprognoz.com,affiliate
baysidebark.com,affiliate
bazastroek.kz,affiliate
bazis-energy.ru,affiliate
bcm-oil.ru,affiliate
beardguru.cz,affiliate
beautyprotech.hu,affiliate
beginningway.ru,affiliate
begonvillaseyrek.com,affiliate
bekensaatcioglu.com,affiliate
bekeskeramia.hu,affiliate
belenkovsv.ru,affiliate
belgorod-kredit.ru,affiliate
bella-sardegna.cz,affiliate
bellamed.cz,affiliate
bemarry.ru,affiliate
bentacos.com,affiliate
bepulbet.com,affiliate
berdetv.info,affiliate
berendei22.ru,affiliate
besemineri.org,affiliate
besiktashaberajansi.com,affiliate
best-crypto-casino-online.pl,affiliate
best-slots-india.top,affiliate
best-sportsbet.com,affiliate
bestaviatorapp.com,affiliate
bestbookit.net,affiliate
bestinoncology.org,affiliate
bestinternationalschool.in,affiliate
bestofx.org,affiliate
besyoclub.com,affiliate
bet-bi.com,affiliate
bet-eg.com,affiliate
bet-express.ru,affiliate
bet-insurance.com,affiliate
bet-ng.com,affiliate
bet-tr.com,affiliate
bet-win-brasil3.top,affiliate
betbkash.com,affiliate
betboob.com,affiliate
betbookers.in,affiliate
bethap.com,affiliate
betmostbet.net,affiliate
betmostbetaz.com,affiliate
betmostbethu.com,affiliate
betmostbetin.com,affiliate
betmostbetpl.com,affiliate
betmostbetuz.com,affiliate
betpro-paki.com,affiliate
betpro-pakistan.com,affiliate
betpro-pk.com,affiliate
betpropaki.com,affiliate
bets-mostbet.com,affiliate
betting-help.com,affiliate
betting-mostbet.org,affiliate
bettingegypt.com,affiliate
bettingmsaada.com,affiliate
betwinner-online.in,affiliate
bextbet.com,affiliate
beysehirpansiyon.com,affiliate
beytarimltd.com,affiliate
bfmaster.com,affiliate
biblionight.moscow,affiliate
biencarados.hu,affiliate
biistatistik.com,affiliate
bilgefil.com.tr,affiliate
bilgintek.com.tr,affiliate
bineqedi.info,affiliate
biodiversityresearchinstitute.org.pl,affiliate
biotech-usa.cz,affiliate
biowitalnie.pl,affiliate
bireyselhedef.com.tr,affiliate
birtebessumbirumid.com,affiliate
birtutamsevgi.com,affiliate
birwebtasarim.com,affiliate
bistrofinch.ru,affiliate
bitcoincasino.kz,affiliate
bitscams.com,affiliate
bittensorsummit.com,affiliate
biyoistkongre2015.com,affiliate
biyoteknolojikilaclardernegi.org,affiliate
biyoyakit2016.org,affiliate
bizbuyukbiraileyiz.com,affiliate
bizimsesimiz.info,affiliate
bizkids.kz,affiliate
bizlife.kz,affiliate
bk-mostbet-kz-1.top,affiliate
bk-mostbet.cz,affiliate
blendbaku.com,affiliate
blogarkasi.com,affiliate
bmsece.in,affiliate
bnmostbet.com,affiliate
bodoarxiv.org,affiliate
boedder.org,affiliate
boksprognoz.com,affiliate
bonanza-most.com,affiliate
bonus-app.fun,affiliate
bonus-mostbet.org,affiliate
bonus1-mostbet.com,affiliate
bonusjackpotindia3.top,affiliate
bonusplayin1.top,affiliate
bonustaklif.com,affiliate
bookfever.ru,affiliate
bookmaker-mostbet-bd.com,affiliate
bookmaker-mostbet.in,affiliate
bookmaker-mostbetnew.ru,affiliate
bookmakers-uz.com,affiliate
boombetting.in,affiliate
boothlocation.in,affiliate
bordasabah.com.tr,affiliate
borovsk-tract.ru,affiliate
boschtools.cz,affiliate
bosim.uz,affiliate
bowdenfarmfreshchicken.com,affiliate
box-shop.kz,affiliate
brdkimya.com,affiliate
breadandbutter.com.tr,affiliate
breakout.pt,affiliate
britneyspearsmedia.ru,affiliate
bsdxtremepark.com,affiliate
bugatti-automobiles.com,affiliate
bugunprognoz.com,affiliate
buildthedricnow.com,affiliate
bukmekerbonus.com,affiliate
bukmekerlar.com,affiliate
bukmekersaytlari.org,affiliate
bukmekersharh.com,affiliate
bukmekeruzb.com,affiliate
burcler.biz,affiliate
bursafotografyarismasi.com.tr,affiliate
buyukcekmecebasketbolsk.com,affiliate
bzob.com.tr,affiliate
c-society.ru,affiliate
cabanskin.com,affiliate
cabinet-win-ng3.top,affiliate
caginerhastanesi.com.tr,affiliate
caglarcabuk.com.tr,affiliate
caglarcocuktiyatrosu.com,affiliate
cagrimerkezikirala.com,affiliate
cakmaktepeenerji.com.tr,affiliate
canakkalevoleybol.com,affiliate
candyworld-shop.com,affiliate
canino.cz,affiliate
cansukimya.com,affiliate
capar.org,affiliate
carlostrujillo.info,affiliate
carsonsbnbandsalon.com,affiliate
cashforlandinflorida.com,affiliate
casino-az-mostbet.com,affiliate
casino-azerbaycan.ink,affiliate
casino-giris-resmi.ink,affiliate
casino-mostbet-arg.com,affiliate
casino-mostbet-cz.com,affiliate
casino-mostbet-india.com,affiliate
casino-mostbet-online.com,affiliate
casino-mostbet-portugal.com,affiliate
casino-mostbet-pt.com,affiliate
casino-mostbet-uzbek.com,affiliate
casino-mostbet.com.kz,affiliate
casino-resmi-giris.ink,affiliate
casino-uz.com,affiliate
casino-zeus.ar,affiliate
casinodreams.net,affiliate
casinomostbet-cz.com,affiliate
casinomostbet-kz.com,affiliate
casinomostbet.app,affiliate
casinomostbet.casino,affiliate
casinomostbet.in,affiliate
casinomostbetaz.casino,affiliate
casinomostbetbet.com,affiliate
casinomostbetbn.com,affiliate
casinomostbetcz.com,affiliate
casinomostbetin.com,affiliate
casinopromo.shop,affiliate
casinos-mostbet-kz.com,affiliate
casinosdeargentina.com,affiliate
casinovegasmostbet.com,affiliate
ccigenclikfonu.com,affiliate
cdek-dogovor.kz,affiliate
cdterachi.com,affiliate
cecinitiative.org,affiliate
celemans.com,affiliate
cemrepetrol.com,affiliate
centrumse.hu,affiliate
cepadlab.cz,affiliate
check-jackpot-srilanka.top,affiliate
checkluckind2.top,affiliate
chekist.org,affiliate
chewocouture.com,affiliate
chicken-road2.pk,affiliate
choicecashnaija4.top,affiliate
chomutovskakrasa.cz,affiliate
chrysalismag.by,affiliate
churchhistory.in,affiliate
churchonhigherground.org,affiliate
cialimed.com,affiliate
ciimails.in,affiliate
cinehook.com,affiliate
cinternetbycat.com,affiliate
citroenracingtrophy.cz,affiliate
civansurucukursu.net,affiliate
clandestinacuba.com,affiliate
clarencespady.com,affiliate
cleo.market,affiliate
clicknputt.com,affiliate
client-cs.ru,affiliate
cliniquebenserai.com,affiliate
clsi-covid-19.org,affiliate
clubdeportivoparquesol.com,affiliate
clublavigne-capferret.net,affiliate
cmichaelkorsoutlet.com,affiliate
cmostb-24.com,affiliate
cncicancerupdate.in,affiliate
cnr-imoya.com,affiliate
coconutstrategy.com,affiliate
cocorestaurante.com,affiliate
code-casino-br3.top,affiliate
code-core-ross2025.top,affiliate
code-win-india2.top,affiliate
coffeespecialist.cz,affiliate
cografyabilimi.net,affiliate
collegewiki.in,affiliate
comertkadinsagligi.com,affiliate
comforttravel.info,affiliate
commentarytrack.com,affiliate
communityoftheresurrection.com,affiliate
compare-play-bang3.top,affiliate
compare-win-brasil.top,affiliate
comparebethindi.top,affiliate
comparecasinong2.top,affiliate
compatiblenetworksolutions.com,affiliate
completegamester.com,affiliate
conpics.org,affiliate
contentmarketing2024.cz,affiliate
control-press.ru,affiliate
cookfish.info,affiliate
coolanddope.com,affiliate
corroflamenco.cz,affiliate
corsicabikes.com,affiliate
coupon-luck-ng3.top,affiliate
couponwinindia2025.top,affiliate
crashpilothub.com,affiliate
crazemag.in,affiliate
crazycars.me,affiliate
crazytimemostbet.com,affiliate
crdroughttaskforce.com,affiliate
create-ai.org,affiliate
creative-az.com,affiliate
cricketbettingbd.top,affiliate
cricketplaynigeria.top,affiliate
cricketwagerdesi.top,affiliate
crypto-land.pl,affiliate
cs-mordownia.pl,affiliate
csieme.us,affiliate
ctstranslation.com,affiliate
cumbus77.com,affiliate
custom-figures.com,affiliate
cvetopt24.ru,affiliate
cwzone.cz,affiliate
cybertitan.us,affiliate
cze-mostbet.cz,affiliate
czechro.net,affiliate
czmostbet.cz,affiliate
d3cmww.com,affiliate
dailysports.net,affiliate
daimat.net,affiliate
daisukecares.com,affiliate
daniiiil112.ru,affiliate
darling-tin.ru,affiliate
dataprotocol.net,affiliate
davidubeda.com,affiliate
daxshat.tv,affiliate
dayennefoodblog.com,affiliate
dcyogunbakim.org,affiliate
ddw99.com,affiliate
deal-play-kaz3.top,affiliate
deal-roll-ind1.top,affiliate
dealluckbangladesh2025.top,affiliate
debianadmin.ru,affiliate
dedeshemshir.com,affiliate
deep-end.com,affiliate
dekkim.org,affiliate
del-kniga.ru,affiliate
demole.io,affiliate
dengemoraterapi.com,affiliate
denislobkov.ru,affiliate
denizemlak33.com,affiliate
denizlievdeneve.org,affiliate
denizlimeydan.com,affiliate
desertthunderraceway.com,affiliate
desformatados.com,affiliate
designices.com,affiliate
designpartart.com,affiliate
desktop-pictures.ru,affiliate
detalshop.info,affiliate
detroit-autoparts.com,affiliate
detsad-schkola-ridder.kz,affiliate
diamondgallerry.com,affiliate
dickflavin.com,affiliate
dicto.cz,affiliate
dietparbhani.in,affiliate
digicenturion.com,affiliate
digital2buy.in,affiliate
digitalproductsplrshop.com,affiliate
digiuth.com,affiliate
dincerbicer.com,affiliate
directcareforall.com,affiliate
discount-gain-bangladesh.top,affiliate
discount-pot-ng.top,affiliate
disk-averi.ru,affiliate
displaybery.ru,affiliate
displaylive.it,affiliate
dixiebusinessalliance.com,affiliate
diyarbakirservisi-tr.com,affiliate
djem21.ru,affiliate
dla-tebya.ru,affiliate
dloadme.net,affiliate
dminorics.com,affiliate
dnpkb.ru,affiliate
dobroetaxi.ru,affiliate
dockaru.ru,affiliate
dogayakelebeketkisi.com,affiliate
dokastroy.com,affiliate
doktorkenan.com,affiliate
domainservers.ru,affiliate
donboscohsdiphu.in,affiliate
donotwant.ru,affiliate
donusumteknikhavuz.com,affiliate
dostavka-lekarstv.kz,affiliate
downloadmostbet.com,affiliate
doyourthing.in,affiliate
drivingnorte.com,affiliate
drkissevadental.hu,affiliate
drlisznyai.com,affiliate
dronesdecarreras.com,affiliate
drsemmelweistheplay.com,affiliate
drugrehabpoint.com,affiliate
drupalka.ru,affiliate
dryingforfreedom.com,affiliate
drzewka-rejman.pl,affiliate
dschudo.com,affiliate
dtc-vanino.com,affiliate
dubininsergey.ru,affiliate
dunaonline.com,affiliate
duncaninn.com,affiliate
dundeegangshow.com,affiliate
duniataruhanolahraga.com,affiliate
e-mekteb.info,affiliate
e-motherbaby.com,affiliate
e7adventures.in,affiliate
ealmaty.kz,affiliate
eamedya.org,affiliate
easypnrstatus.in,affiliate
easysteps.cz,affiliate
ebeliktarihikongresi2023.com,affiliate
ec-trend.com,affiliate
ecaclub.in,affiliate
echoslonska.com,affiliate
ecogreenworld.com,affiliate
edapplications.com,affiliate
edclinique.com,affiliate
edmontonfish.com,affiliate
edu-gov2.kz,affiliate
eduvet.org,affiliate
eeasylid-europe.com,affiliate
effiesboutiqueoh.com,affiliate
egitimmaratonu.com,affiliate
eglenje.com,affiliate
egrul-msk.com,affiliate
ek-moto.ru,affiliate
ekmarine.ru,affiliate
ekspressprognoz.com,affiliate
el-q.com.pl,affiliate
elastone-ecoflex.com,affiliate
electronicmart.com.ng,affiliate
eli-kerim.net,affiliate
eli-rza-xelefli.net,affiliate
eliasunglasses.com,affiliate
ellajones.org,affiliate
elroundfinal.com,affiliate
elsongrp.com,affiliate
elycoin.io,affiliate
embassyedge.net.in,affiliate
emekdunyasi.net,affiliate
emekligundemi.com,affiliate
emer2gent.org,affiliate
emeraldislenorthcarolina.org,affiliate
eminkafkas.com.tr,affiliate
emka-studio.net,affiliate
empirehotelbaku.com,affiliate
en-mostbet.com,affiliate
endurosportsnetwork.com,affiliate
energetykrow.rybnik.pl,affiliate
enerji-elster.com,affiliate
enerprog.ru,affiliate
engelsizegirdir.com,affiliate
engelsizmekanizma.org,affiliate
enhi.in,affiliate
ens-tlt.com,affiliate
ensaioscooperativos.net,affiliate
entergainabuja2.top,affiliate
enterwagerceylon1.top,affiliate
epicskhoolcenter.com,affiliate
epinrmnv.com,affiliate
epok2014.org,affiliate
erbaaninsesi.com,affiliate
erbakanodulleri.org,affiliate
ergast.com,affiliate
es-mostbet.app,affiliate
escolifesciences.pk,affiliate
esonyx.cz,affiliate
esportguides.com,affiliate
esportuz.com,affiliate
esrakaraol.com,affiliate
estafasbitcoin.com,affiliate
ethicalpublicdomain.org,affiliate
eu-mostbet.com,affiliate
eurasianstudies3.com,affiliate
euromostbet.com,affiliate
european-roulette.org,affiliate
evbetarim.com,affiliate
evegedirem.info,affiliate
eveningnews.in,affiliate
evgenykopanov.com,affiliate
evildread.com,affiliate
evimizosmanlimutfagi.com,affiliate
evlsn.org,affiliate
evrimbilimdegildir.com,affiliate
exo-moscow.com,affiliate
expert-casino-bd2.top,affiliate
expo2025-toppan.com,affiliate
extraxeber.com,affiliate
extremsport-siofok.hu,affiliate
exzotic.kz,affiliate
ezeservice.in,affiliate
f-mines.com,affiliate
f3k-ech2024.pl,affiliate
faboosh.in,affiliate
faceessentials.in,affiliate
fagorcnagroup.cz,affiliate
familalmammadov.com,affiliate
fans-edge.info,affiliate
fantasyactionsportsleague.com,affiliate
fantasyportal.hu,affiliate
faredealspot.com,affiliate
farfaraway.hu,affiliate
farmiafood.cz,affiliate
faseproject.eu,affiliate
fatihpinar.com,affiliate
faustus-consulting.com,affiliate
fbbilgiislem.com,affiliate
fcmc-pa.org,affiliate
fedorova-takser.com,affiliate
feminkitchen.org,affiliate
fenomlab.com,affiliate
ferma59.com,affiliate
feyzoglu.com.tr,affiliate
fifthsenseshop.com,affiliate
fighter-aircraft.com,affiliate
filmovepakarny.cz,affiliate
fintexsummit.com,affiliate
fio.kz,affiliate
fissare.kz,affiliate
fitbazar.kz,affiliate
flamesrestaurant.cz,affiliate
flavin-vitamin.hu,affiliate
flipbook.hu,affiliate
flora-crimea.ru,affiliate
florahostelbaku.com,affiliate
flyhighthane.com,affiliate
folkartmo.ru,affiliate
folkloretnoqrafiya.com,affiliate
foodandtravelportugal.pt,affiliate
football-gain-naija3.top,affiliate
footballcasinosteppe2.top,affiliate
footballrollbrazil1.top,affiliate
fordofnelliston.net,affiliate
forma-uspeha.ru,affiliate
forumgen.pl,affiliate
forumprzedsiebiorcowgt.pl,affiliate
fot-film.pl,affiliate
fotbalky.net,affiliate
fox-electronics.ru,affiliate
foxnewspoint.com,affiliate
freechanysheva.com,affiliate
freelancerhitesh.in,affiliate
freestylo.ru,affiliate
freetotalsoft.com,affiliate
french-roulette.org,affiliate
frenchtechtour-russia.com,affiliate
fresh-art-nn.ru,affiliate
fridaynightfunkin2.com,affiliate
frogjumpgame.com,affiliate
froth-pak.hu,affiliate
frperc.com,affiliate
fruitmerge.pro,affiliate
frydcarts.net,affiliate
fuji-care-reform.com,affiliate
funny-tomato.com,affiliate
furcoats.info,affiliate
futbolprognoz.com,affiliate
g3technologies.in,affiliate
gacwsvga.in,affiliate
gadarwara.in,affiliate
gako.org.kz,affiliate
gamavet.cz,affiliate
game-jackpot-bangladesh1.top,affiliate
game-online-top951.site,affiliate
game-slots-ng2025.top,affiliate
game-updates.info,affiliate
gamecashhindi2025.top,affiliate
gamelynx.gg,affiliate
gamepotkazakh2.top,affiliate
gameslotceylon4.top,affiliate
gamesonline-go.com,affiliate
ganar-dinero-apuestas.com,affiliate
gatesofolympus.com.pl,affiliate
gayzone-stuttgart.org,affiliate
gaziantepgunlukkiralikdaire.com,affiliate
gcf.kg,affiliate
gence-teatr.org,affiliate
genclerinsesi.org,affiliate
geniscarreras.com,affiliate
genofondspb.ru,affiliate
geoweb.co.in,affiliate
german-soccer.ru,affiliate
get-mobdrovip.com,affiliate
getmsotapk.com,affiliate
getyeti.co,affiliate
ggpgc.co.in,affiliate
ghanshyamenterprise.in,affiliate
giannis-antetokounmpo-az.org,affiliate
gianpierofusco.com,affiliate
gift-pot-dhaka.top,affiliate
giftrollceylon4.top,affiliate
giresunguncel.com.tr,affiliate
giris-az.com,affiliate
giris-resmi.ink,affiliate
giris-resmi.vip,affiliate
glaza34.com,affiliate
glencarrignursinghome.com,affiliate
glenelgmaryland.com,affiliate
globalbusinessmailer.com,affiliate
glorycasino-kz.com,affiliate
glos-znad-pregoly.org,affiliate
glowaway.co,affiliate
gmedia.kz,affiliate
gms-shop24.com,affiliate
gmssskaimbwala.in,affiliate
gocmendayanisma.com,affiliate
goldconstruction2020.com,affiliate
goldenrocktravel.com,affiliate
goldfinch-market.ru,affiliate
goldstarminerals.com,affiliate
golfmaplehills.com,affiliate
golfthehabitat.com,affiliate
golignews.com.tr,affiliate
golitsyna.ru,affiliate
gomrukcuism.com,affiliate
gonzoaviation.com,affiliate
goodf0rum.com,affiliate
goodfoodstore.cz,affiliate
goodwinauctionco.com,affiliate
goodwrite.pl,affiliate
goodygoody.cz,affiliate
gotbalance.com,affiliate
govtitigondia.org,affiliate
gradient-gliders.com,affiliate
grandcanyon-rentals.com,affiliate
grandpalmsmn.com,affiliate
grandprix-valdys.com,affiliate
gratitudradio.com,affiliate
grecha.pro,affiliate
greensatredmondgc.com,affiliate
greenvowcbds.com,affiliate
grforce.ru,affiliate
growshala.com,affiliate
grupazasoby.pl,affiliate
gruppaluxe.com,affiliate
grupvizyon.com,affiliate
gruzchikisochi.com,affiliate
grzybowo.biz,affiliate
grzymalkow.pl,affiliate
gtia.co.in,affiliate
guadalajaramexicanbastrop.com,affiliate
guidehighnomad2026.top,affiliate
guidepotkaz2025.top,affiliate
guides-chartreuse-gresivaudan.com,affiliate
guinebissaurepublic.com,affiliate
gunpowderwinetrail.com,affiliate
gus-city.ru,affiliate
gyongyvilla.hu,affiliate
hairbywadelee.com,affiliate
halkhaberler.com,affiliate
hanewinckelguitars.com,affiliate
happybabies-az.com,affiliate
happydranch.com,affiliate
happythrifty.com,affiliate
hasbahceozelegitim.com,affiliate
havacilarasm.com,affiliate
havadurumu15gunluk.info.tr,affiliate
havanacafe.info,affiliate
headstart-international.com,affiliate
healthful.buzz,affiliate
healthygirlslove.com,affiliate
hedef14.org,affiliate
hellomynameisicecream.com,affiliate
hibatulla.kz,affiliate
higganumvillagemarket.com,affiliate
himbyherschool.org,affiliate
history-russian.com,affiliate
hknguvenlik.com,affiliate
hminers.com,affiliate
hochpustertal-run.com,affiliate
holandgyogymasszazs.hu,affiliate
holkyubatche.cz,affiliate
hommein.com,affiliate
hondapros.com,affiliate
hongha-nowasol.pl,affiliate
hortarent.com,affiliate
hotdogetcie.com,affiliate
hotelbayinn.in,affiliate
hotelizmailovo-vega.ru,affiliate
hotelmahadevresidency.in,affiliate
hotelrangrez.com,affiliate
hotelsixseasons.in,affiliate
hotelssgrand.co.in,affiliate
hotgainbang.top,affiliate
hotstakekazakh.top,affiliate
househugcleaners.com,affiliate
houstonagainsthate.org,affiliate
how-to-betsports.com,affiliate
howto-safe-ru3.top,affiliate
hudsongoods.com,affiliate
humostbet.com,affiliate
hungarianbaptistchurchnyc.org,affiliate
hungary-mostbet.com,affiliate
hunormagazin.hu,affiliate
huntmartinhallsmcm.com,affiliate
hvorostovsky.net,affiliate
hysteria-objects.com,affiliate
hzmuhammedingunlugu.com,affiliate
i-value.eu,affiliate
iac2023baku.org,affiliate
iamfruitful.org,affiliate
iapd-russia.com,affiliate
ias-azerbaijan.org,affiliate
ic-az.net,affiliate
iccwc22.in,affiliate
icebergaqua.com,affiliate
icefishingind.com,affiliate
icon.org.in,affiliate
icpscollege.com,affiliate
idealmarket.kz,affiliate
ideannisa.com,affiliate
ieeonline.in,affiliate
ifmr-cdf.in,affiliate
iimmpune.in,affiliate
ilfocolaregrottammare.it,affiliate
imagepoints.in,affiliate
imglab.in,affiliate
impcent.org,affiliate
imperatorxali.com,affiliate
improve-az.com,affiliate
imsystech.com,affiliate
in-mostbet-casino.com,affiliate
indiabetting.app,affiliate
indianjetx.com,affiliate
indianstampghar.com,affiliate
indirmostbet.com,affiliate
indoorrowing.cz,affiliate
infinitzwebdesign.com,affiliate
info-play-ind2026.top,affiliate
infoik.net.kg,affiliate
informasiya-press.com,affiliate
instgame.pro,affiliate
institut-hradiste.cz,affiliate
interdacom.ru,affiliate
intessar.cz,affiliate
intex-best.kz,affiliate
introglobal.com.tr,affiliate
intuitiveworld.in,affiliate
intvp.edu.pl,affiliate
investudm.ru,affiliate
ioniamsda.com,affiliate
iowacitynilclub.com,affiliate
ipekyoluib.com,affiliate
iptvservicepro.com,affiliate
iradetsrfid.com,affiliate
iraqihealthnow.org,affiliate
irevan-press.com,affiliate
irishdruidnetwork.org,affiliate
irwinassociates.eu,affiliate
islerburada.com,affiliate
ispanyakonsoloslugu.com,affiliate
isquared.digital,affiliate
istanbuldersanesi.org,affiliate
istedad21.com,affiliate
italyweek.ru,affiliate
itv-asia.com,affiliate
jabonesmonkeypom.com,affiliate
jaipurinteriors.in,affiliate
jakbydletdoma.cz,affiliate
jandjcandles.net,affiliate
jaroslavbastaprezident.cz,affiliate
jaspers-europa-info.org,affiliate
jecuba.in,affiliate
jedemevpivu.cz,affiliate
jet-x-kenya.com,affiliate
jeunesseglobal-russia.ru,affiliate
jeuxde-avion.com,affiliate
jidelnazlin.cz,affiliate
jievents.in,affiliate
jltshop.in,affiliate
jmew.in,affiliate
jointservicesupport.org,affiliate
jonlistavka-uz.com,affiliate
judgesteveharveycasting.com,affiliate
jurnalistika.info,affiliate
kadamjay.kg,affiliate
kadinkoop.org,affiliate
kahviklubi.com,affiliate
kairalikalakendram.in,affiliate
kamieniarstwo-richter.pl,affiliate
kanakhotelresorts.in,affiliate
kapicon2025hubballi.in,affiliate
karabakhrealities.com,affiliate
karat-az.com,affiliate
karczma-przemysl.pl,affiliate
kardenhavuz.com.tr,affiliate
kariera.by,affiliate
karuselsport.com,affiliate
karvan-art-gallery.com,affiliate
karyaapartments.com,affiliate
karyeraaze.com,affiliate
kasyno-mostbet.pl,affiliate
kayserilukshaliyikama.com,affiliate
kazino-mostbet.com,affiliate
kazuist.cz,affiliate
kcstd.ru,affiliate
kenteceilings.com,affiliate
kentyouthhockey.org,affiliate
keralaplants.in,affiliate
keremsedef.com,affiliate
kg-mostbet.kg,affiliate
kg-mostbet.org,affiliate
kg-mostbets.com,affiliate
kge-corp.com,affiliate
khabars.in,affiliate
khairsolutions.com,affiliate
khojalycontest.com,affiliate
khosruchowdhury.com,affiliate
kidkameleon.com,affiliate
kinetekor.com,affiliate
kingsboroughpictures.com,affiliate
kingswoodresort.in,affiliate
kitchencouture.net,affiliate
kkampus.co.in,affiliate
kknop.com,affiliate
kleksnazywo.pl,affiliate
klinikhijau.com,affiliate
klinikkitamura.com,affiliate
klinikutama.com,affiliate
kmostb-top.com,affiliate
kneipp-traduction.com,affiliate
knocknshop.pk,affiliate
kobieceodbicie.pl,affiliate
kobietymedycyny.org,affiliate
kofemashina.net,affiliate
kohotozajima.cz,affiliate
kolachekrave.com,affiliate
kon-lay.com,affiliate
konfrans.net,affiliate
kongresmp.cz,affiliate
konnektim.ru,affiliate
konupara.com,affiliate
korafact.com,affiliate
koreanlangacademy.com,affiliate
kosuyolukonaklari.com,affiliate
kozabaku.com,affiliate
krajemuhli.cz,affiliate
kralovnafengsuej.cz,affiliate
krazypixel.in,affiliate
krcmapraha.cz,affiliate
krikettalil.com,affiliate
kris-rekord.pl,affiliate
krishnachildrenhospital.in,affiliate
krishnaguesthouse.in,affiliate
ksfesonline.in,affiliate
ksijudo.hu,affiliate
ktmcetin.com.tr,affiliate
kultegin.kz,affiliate
kultur-und-schule-bw.info,affiliate
kumasalimsatim.com,affiliate
kungfuwckp.cz,affiliate
kuu.kg,affiliate
kz-mostbett.com,affiliate
laleta.com.tr,affiliate
lamesajuneteenth.org,affiliate
lancers-gun.com,affiliate
larissamobilya.com,affiliate
larryjohnson2.com,affiliate
larrythecow.org,affiliate
latiendadetuperro.com,affiliate
lazyhippobreakfast.com,affiliate
lbmvac.ru,affiliate
league-wager-pear4.top,affiliate
leandromartinezcoach.net,affiliate
lecarnetdemaurine.com,affiliate
leebetslots.top,affiliate
legaldatabase.in,affiliate
legendary1x2.com,affiliate
lesarchives.ru,affiliate
leslanguesdupetitprince.net,affiliate
letovicka24h.cz,affiliate
levitralab.com,affiliate
lewandowski.com.mx,affiliate
libre2020.eu,affiliate
liepsajeinternetkazino.com,affiliate
life-az.net,affiliate
lilithcamping.com,affiliate
linex-az.com,affiliate
literalubicyfre.pl,affiliate
littlemansjuicebarandgrill.com,affiliate
littlevoiceuk.com,affiliate
live-pot-ceylon.top,affiliate
livekazinoazerbaijan.org,affiliate
lkmostbet.com,affiliate
llopfoods.com,affiliate
lmanet.com,affiliate
lmpanthersports.com,affiliate
loanpersonal.in,affiliate
localrevivallifestyle.com,affiliate
localsalescreator.com,affiliate
login-mostbet.club,affiliate
login1-mostbet.com,affiliate
loginmostbet.net,affiliate
loginmostbetbn.com,affiliate
loginmostbetpl.com,affiliate
logo-company.com,affiliate
logopedzond.kz,affiliate
lokalnamena.sk,affiliate
longboardsguide.com,affiliate
lookmi.ru,affiliate
lopienka.pl,affiliate
lotniskoparkingwroclaw.pl,affiliate
lovekamchatka41.ru,affiliate
loyaltytowingwestminster.com,affiliate
lsbuhgalteria.kz,affiliate
ltc.kz,affiliate
luckychinact.com,affiliate
luckyparicasinouz.com,affiliate
luckystar.com.pl,affiliate
ludiq.io,affiliate
lumengame.com,affiliate
lumfa.ru,affiliate
luncats.com,affiliate
macan.kz,affiliate
maconnerie-krawiec.com,affiliate
macrorruedasproexport.com,affiliate
madappattuhostels.in,affiliate
madeineighty.com,affiliate
maharashtra-archives.org,affiliate
mahari.cz,affiliate
maheshdevelopers.com,affiliate
maillage-kogus.com,affiliate
maindomain.click,affiliate
mainecoastworkshop.com,affiliate
mako.co.in,affiliate
malatyahabernet.com,affiliate
malwagraminbank.com,affiliate
mammalucianas.net,affiliate
mamtil.kg,affiliate
mansfieldtxfarmersmarket.com,affiliate
mansumibrahimov.com,affiliate
mapatomichezokupiga.com,affiliate
maralfm.kg,affiliate
marathidjs.in,affiliate
marcinabsalon.pl,affiliate
marcusapp.cz,affiliate
margauxinteriorslimited.com,affiliate
mariafranciscoandassoc.com,affiliate
marketologrussia.com,affiliate
marmarisfilmfest.com,affiliate
marmarisogretmenevi.com.tr,affiliate
maroc-telecharger-mostbet-apk.com,affiliate
massage-quintessence.com,affiliate
master-omsk-55.ru,affiliate
match-ace-bengal3.top,affiliate
matchjackpotlk4.top,affiliate
matchstakeceylon1.top,affiliate
mathiques.com,affiliate
mattforva.com,affiliate
maxbetslot-fdy.top,affiliate
maxbetslot-gwl.top,affiliate
mchalecz.cz,affiliate
mcw-casino-world-bd.com,affiliate
md-mostbet.org,affiliate
mea-ren.org,affiliate
measuringresilience.org,affiliate
mediapinta.cl,affiliate
mediartinstytut.pl,affiliate
medunica.info,affiliate
medyumyavuzaydin.com,affiliate
mejayes.com,affiliate
mejores-casinos-online.cl,affiliate
memarss.net,affiliate
member-roll-br2025.top,affiliate
memberpotbrazil4.top,affiliate
mepost.kz,affiliate
mercimonami.ru,affiliate
mercury-home.net,affiliate
meritlist.com.pk,affiliate
merrickbanklogins.com,affiliate
mesteretterem.hu,affiliate
metbuataz.com,affiliate
metelitsabet.top,affiliate
metrosuperchef.com,affiliate
mexanikitemir.com,affiliate
mexika.cz,affiliate
mezopotamyatv.com,affiliate
mgedata.com,affiliate
mib555s.com,affiliate
michelinmovie.com,affiliate
midiplus.in,affiliate
midreamhomes.com,affiliate
midtaperfade.com,affiliate
mightytips.guru,affiliate
mightytips.tv,affiliate
miko-azeri.com,affiliate
milikmusportsbetting.com,affiliate
millioncoin.io,affiliate
minari-engine.pl,affiliate
minbir-gece.com,affiliate
minecamp.ru,affiliate
minitech.pro,affiliate
minzdrav.org,affiliate
mirkuzni.ru,affiliate
mirror-bet.ru,affiliate
mirrors-bet.com,affiliate
mister-clean.info,affiliate
mistifiks.ru,affiliate
mitsitin.org,affiliate
miuz.org,affiliate
mld-jurclub.ru,affiliate
mmostbet.com,affiliate
mo.codes,affiliate
modasiesta.com,affiliate
modiofy.com,affiliate
mojoestrailsidecoffee.com,affiliate
mokemusic.com,affiliate
mommygyver.com,affiliate
monadministratif.com,affiliate
moneymarketbd.com,affiliate
monsamedi.com,affiliate
montclairartsclub.com,affiliate
mooresvilletechnologypark.com,affiliate
moraviaconvention.com,affiliate
mortysdelicatessen1.com,affiliate
mosbet-aze.net,affiliate
mosbet-mostbet-uz.com,affiliate
mosbet-uz-mostbet.com,affiliate
mosbet.co,affiliate
mosbet.kg,affiliate
mosbet.kz,affiliate
mosbet.pk,affiliate
mosbeteg.com,affiliate
mosbetuz-mostbet.com,affiliate
mosbetuz.com,affiliate
moscowmigrant.ru,affiliate
mosstbet-slots.com,affiliate
mossty.ru,affiliate
most-app-new.mobi,affiliate
most-bet-2026.ink,affiliate
most-bet-apk.pk,affiliate
most-bet-app.cz,affiliate
most-bet-azerbaycan.com,affiliate
most-bet-bd.com,affiliate
most-bet-br.com,affiliate
most-bet-casino-kz.com,affiliate
most-bet-casino.com,affiliate
most-bet-cesko.com,affiliate
most-bet-cesko.cz,affiliate
most-bet-colombia.com,affiliate
most-bet-cz.info,affiliate
most-bet-czechia.cz,affiliate
most-bet-de.com,affiliate
most-bet-hu.net,affiliate
most-bet-hu.org,affiliate
most-bet-kg.online,affiliate
most-bet-max.top,affiliate
most-bet-nepal.bet,affiliate
most-bet-np.com,affiliate
most-bet-online.cz,affiliate
most-bet-online.mx,affiliate
most-bet-pk.com,affiliate
most-bet-pk.org,affiliate
most-bet-site.com,affiliate
most-bet-ua.cz,affiliate
most-bet-uz.asia,affiliate
most-bet-uz.com,affiliate
most-bet-uz.org,affiliate
most-bet.com.kg,affiliate
most-bet.com.pk,affiliate
most-bet.de.com,affiliate
most-bet.kz,affiliate
most-bet.net.pk,affiliate
most-bet.online,affiliate
most-bet.pl,affiliate
most-bet.site,affiliate
most-bets.org,affiliate
most-bets.pl,affiliate
most-betting.cz,affiliate
most-betturkey.com,affiliate
most-uz.com,affiliate
most-vhod-kz.xyz,affiliate
most1betbd.com,affiliate
mostapp.site,affiliate
mostapp.uno,affiliate
mostb-bonanza.com,affiliate
mostbat.cz,affiliate
mostbet-008.top,affiliate
mostbet-053.top,affiliate
mostbet-123.xyz,affiliate
mostbet-1sel.xyz,affiliate
mostbet-2026-az.in.net,affiliate
mostbet-2026.com.pl,affiliate
mostbet-2026.in.net,affiliate
mostbet-203.cz,affiliate
mostbet-21new.ru,affiliate
mostbet-22.top,affiliate
mostbet-234.xyz,affiliate
mostbet-24.pl,affiliate
mostbet-27.net,affiliate
mostbet-276-de.com,affiliate
mostbet-2btc.top,affiliate
mostbet-315.net,affiliate
mostbet-385.top,affiliate
mostbet-410.top,affiliate
mostbet-502.top,affiliate
mostbet-6his.xyz,affiliate
mostbet-885.top,affiliate
mostbet-89hh.top,affiliate
mostbet-90-az.com,affiliate
mostbet-90az.com,affiliate
mostbet-914.top,affiliate
mostbet-a5.xyz,affiliate
mostbet-abah.top,affiliate
mostbet-abc.com.kg,affiliate
mostbet-ada.top,affiliate
mostbet-ahim.top,affiliate
mostbet-aiag.top,affiliate
mostbet-amp.click,affiliate
mostbet-android-kz.com,affiliate
mostbet-apk-az.net,affiliate
mostbet-apk-azerbaycan.com,affiliate
mostbet-apk-kz.com,affiliate
mostbet-apk-skachat.com,affiliate
mostbet-apk-uz.net,affiliate
mostbet-apk-yukle.org,affiliate
mostbet-apk.app,affiliate
mostbet-apk.co,affiliate
mostbet-apk.com,affiliate
mostbet-apk.mx,affiliate
mostbet-apk.net,affiliate
mostbet-aplikacja.com,affiliate
mostbet-app-az1.com,affiliate
mostbet-app-by.com,affiliate
mostbet-app-cz.cz,affiliate
mostbet-app-download-nepal.com,affiliate
mostbet-app-download-uz.com,affiliate
mostbet-app-download.com,affiliate
mostbet-app-ind.com,affiliate
mostbet-app-kz.com,affiliate
mostbet-app-ua.com,affiliate
mostbet-app.ca,affiliate
mostbet-app.com.pk,affiliate
mostbet-app.com.pt,affiliate
mostbet-app.de,affiliate
mostbet-app.kz,affiliate
mostbet-app.mx,affiliate
mostbet-app.net.pl,affiliate
mostbet-app.vip,affiliate
mostbet-appaz.com,affiliate
mostbet-apps.cz,affiliate
mostbet-ar-mosbet.com,affiliate
mostbet-asab.top,affiliate
mostbet-asia.net,affiliate
mostbet-aswx.top,affiliate
mostbet-auid.top,affiliate
mostbet-austria.com,affiliate
mostbet-austria1.com,affiliate
mostbet-aviator-game.com,affiliate
mostbet-az-2025.org,affiliate
mostbet-az-27.com,affiliate
mostbet-az-314.net,affiliate
mostbet-az-45.com,affiliate
mostbet-az-45.net,affiliate
mostbet-az-90-az.com,affiliate
mostbet-az-90.com,affiliate
mostbet-az-90.org,affiliate
mostbet-az-91.com,affiliate
mostbet-az-91.it.com,affiliate
mostbet-az-91.org,affiliate
mostbet-az-com-giris.com,affiliate
mostbet-az-com.com,affiliate
mostbet-az-now.com,affiliate
mostbet-az-official.com,affiliate
mostbet-az-play.com,affiliate
mostbet-az.bet,affiliate
mostbet-az.com.co,affiliate
mostbet-az.icu,affiliate
mostbet-az.site,affiliate
mostbet-az.us.com,affiliate
mostbet-az1-2026.com,affiliate
mostbet-az1.com,affiliate
mostbet-az22.org,affiliate
mostbet-az42.com,affiliate
mostbet-az45.com,affiliate
mostbet-az5.org,affiliate
mostbet-az90-com.com,affiliate
mostbet-az90.org,affiliate
mostbet-aze-45.com,affiliate
mostbet-aze.ae.org,affiliate
mostbet-aze90.com,affiliate
mostbet-azer-casino.ink,affiliate
mostbet-azerb.com,affiliate
mostbet-azerbaijan.com,affiliate
mostbet-azerbaijan.info,affiliate
mostbet-azerbaijan.ink,affiliate
mostbet-azerbaijan1.com,affiliate
mostbet-azerbaijan1.info,affiliate
mostbet-azerbaijan4.com,affiliate
mostbet-azerbaijani.com,affiliate
mostbet-azerbaijani1.com,affiliate
mostbet-azerbaycan.com,affiliate
mostbet-azerbaycan.top,affiliate
mostbet-azerbaycan.vip,affiliate
mostbet-azerbayjan.com,affiliate
mostbet-azerbayjan1.com,affiliate
mostbet-azeri.com,affiliate
mostbet-azeri.net,affiliate
mostbet-azgiris.com,affiliate
mostbet-azreview.com,affiliate
mostbet-azz-casino.ink,affiliate
mostbet-azz.com,affiliate
mostbet-bangladesh-online-bd.com,affiliate
mostbet-bangladesh.app,affiliate
mostbet-bangladesh.bet,affiliate
mostbet-bangladesh1.com,affiliate
mostbet-bangladesh24.com,affiliate
mostbet-bcr.com.kg,affiliate
mostbet-bd-1.com,affiliate
mostbet-bd-2.com,affiliate
mostbet-bd-3.net,affiliate
mostbet-bd-41.com,affiliate
mostbet-bd-41.net,affiliate
mostbet-bd-app.com,affiliate
mostbet-bd-bangla.com,affiliate
mostbet-bd-bangladesh.com,affiliate
mostbet-bd-bookmaker.com,affiliate
mostbet-bd-games.com,affiliate
mostbet-bd-now.com,affiliate
mostbet-bd-pro.com,affiliate
mostbet-bd-registration.com,affiliate
mostbet-bd.casino,affiliate
mostbet-bd.com,affiliate
mostbet-bd.org,affiliate
mostbet-bd1.net,affiliate
mostbet-bd1.org,affiliate
mostbet-belarus.org,affiliate
mostbet-belarus1.com,affiliate
mostbet-benin-bet.com,affiliate
mostbet-benin.net,affiliate
mostbet-benin1.com,affiliate
mostbet-bet-az.fun,affiliate
mostbet-bet-eg.com,affiliate
mostbet-bets.de,affiliate
mostbet-betting-az.com,affiliate
mostbet-betting-egypt.com,affiliate
mostbet-betting.pk,affiliate
mostbet-bgl.com,affiliate
mostbet-bhu.com.kg,affiliate
mostbet-bk-zerkalo.xyz,affiliate
mostbet-bknn.top,affiliate
mostbet-blog.com,affiliate
mostbet-blog.in,affiliate
mostbet-blog.org,affiliate
mostbet-bonus-hu.org,affiliate
mostbet-bonus.cz,affiliate
mostbet-bonus.in,affiliate
mostbet-bonus1.com,affiliate
mostbet-bonus777.com,affiliate
mostbet-bonuslar.com,affiliate
mostbet-bookmaker-guide.com,affiliate
mostbet-bqde.top,affiliate
mostbet-bqjo.top,affiliate
mostbet-br-casino.com,affiliate
mostbet-br.lol,affiliate
mostbet-br.net,affiliate
mostbet-bskk.top,affiliate
mostbet-bulgariya.com,affiliate
mostbet-burkina-faso.com,affiliate
mostbet-burkina-faso.org,affiliate
mostbet-cameroon1.com,affiliate
mostbet-casino-arg.com,affiliate
mostbet-casino-argentina.com,affiliate
mostbet-casino-azerbaycan.info,affiliate
mostbet-casino-azerbaycan.net,affiliate
mostbet-casino-canada.com,affiliate
mostbet-casino-canada.net,affiliate
mostbet-casino-cestina.com,affiliate
mostbet-casino-colombia.com,affiliate
mostbet-casino-cz.net,affiliate
mostbet-casino-graj.pl,affiliate
mostbet-casino-hu.bet,affiliate
mostbet-casino-hu.com,affiliate
mostbet-casino-hu.org,affiliate
mostbet-casino-hungary.com,affiliate
mostbet-casino-kazakhstan.com,affiliate
mostbet-casino-magyar.com,affiliate
mostbet-casino-magyar.net,affiliate
mostbet-casino-np.com,affiliate
mostbet-casino-official.ink,affiliate
mostbet-casino-online.com.pt,affiliate
mostbet-casino-online.cz,affiliate
mostbet-casino-pk.com,affiliate
mostbet-casino-polska.it.com,affiliate
mostbet-casino-polska.net,affiliate
mostbet-casino-polska.org,affiliate
mostbet-casino-polska1.com,affiliate
mostbet-casino-portugal.com.pt,affiliate
mostbet-casino-portugal.in.net,affiliate
mostbet-casino-pt.com,affiliate
mostbet-casino-tr-tr.com,affiliate
mostbet-casino-uzbek.com,affiliate
mostbet-casino.app,affiliate
mostbet-casino.ca,affiliate
mostbet-casino.com.mx,affiliate
mostbet-casino.gb.net,affiliate
mostbet-casino.net.pl,affiliate
mostbet-casino.ng,affiliate
mostbet-casino.online,affiliate
mostbet-casino.store,affiliate
mostbet-casino1.ca,affiliate
mostbet-casino1.org,affiliate
mostbet-casinokz.kz,affiliate
mostbet-casinoofficial.help,affiliate
mostbet-casinos-cestina.com,affiliate
mostbet-casinos-cz.com,affiliate
mostbet-casinos-hu.com,affiliate
mostbet-casinos-kz.com,affiliate
mostbet-casinos-portugal.com,affiliate
mostbet-casinos-uz.com,affiliate
mostbet-casinos.ca,affiliate
mostbet-casinos.co.cz,affiliate
mostbet-casinos.net,affiliate
mostbet-cassino.mex.com,affiliate
mostbet-cazinokz.com,affiliate
mostbet-ccx.top,affiliate
mostbet-cdoa.top,affiliate
mostbet-cesko-online.cz,affiliate
mostbet-cesky.com,affiliate
mostbet-chay.top,affiliate
mostbet-chile.com,affiliate
mostbet-chile1.com,affiliate
mostbet-ci-login.com,affiliate
mostbet-ckr.com.kg,affiliate
mostbet-cktm.top,affiliate
mostbet-club-world.pk,affiliate
mostbet-club.cz,affiliate
mostbet-cm-casino.com,affiliate
mostbet-cmcw.top,affiliate
mostbet-colombia-com.co,affiliate
mostbet-columbia.com,affiliate
mostbet-com-kz.com,affiliate
mostbet-com.cz,affiliate
mostbet-com.kg,affiliate
mostbet-cote-d-ivoire.com,affiliate
mostbet-cper.top,affiliate
mostbet-cricket.com,affiliate
mostbet-cs.cz,affiliate
mostbet-cwg.com.kg,affiliate
mostbet-cwzu.top,affiliate
mostbet-cz-casino.cz,affiliate
mostbet-cz-casino.org,affiliate
mostbet-cz-online.com,affiliate
mostbet-cz.cz,affiliate
mostbet-cz.eu.com,affiliate
mostbet-cz.info,affiliate
mostbet-cz.jp.net,affiliate
mostbet-cz.org.uk,affiliate
mostbet-cze.cz,affiliate
mostbet-czech-prihlaseni.cz,affiliate
mostbet-czech1.com,affiliate
mostbet-czechk.com,affiliate
mostbet-czk.cz,affiliate
mostbet-danmark.com,affiliate
mostbet-de.bet,affiliate
mostbet-de.casino,affiliate
mostbet-de.de,affiliate
mostbet-de.net,affiliate
mostbet-denmark1.com,affiliate
mostbet-descargar.com,affiliate
mostbet-deu-de.com,affiliate
mostbet-deutsch-de.com,affiliate
mostbet-deutschland-de.com,affiliate
mostbet-deutschland.help,affiliate
mostbet-deutschland.net,affiliate
mostbet-df.xyz,affiliate
mostbet-dnh.top,affiliate
mostbet-doja.top,affiliate
mostbet-download-app-kz.com,affiliate
mostbet-download-denmark.com,affiliate
mostbet-download-gry.pl,affiliate
mostbet-download-uz.com,affiliate
mostbet-download.app,affiliate
mostbet-download.org,affiliate
mostbet-downloads.com,affiliate
mostbet-egy.com,affiliate
mostbet-egypt-casino.com,affiliate
mostbet-egypt-club.com,affiliate
mostbet-egypt-online.com,affiliate
mostbet-egypt.com,affiliate
mostbet-egypt.net,affiliate
mostbet-emnv.top,affiliate
mostbet-en27-bd.com,affiliate
mostbet-ethiopia.com,affiliate
mostbet-eua.top,affiliate
mostbet-feg.top,affiliate
mostbet-ffiv.top,affiliate
mostbet-fgy.top,affiliate
mostbet-finland.com,affiliate
mostbet-finland.org,affiliate
mostbet-fku.top,affiliate
mostbet-focx.top,affiliate
mostbet-foim.top,affiliate
mostbet-fol.xyz,affiliate
mostbet-forever.com,affiliate
mostbet-forx.top,affiliate
mostbet-fpj.com.kg,affiliate
mostbet-fqm.com.kg,affiliate
mostbet-fun.pl,affiliate
mostbet-fz.top,affiliate
mostbet-gamehu.com,affiliate
mostbet-games.cz,affiliate
mostbet-gdpy.top,affiliate
mostbet-gek.top,affiliate
mostbet-georgia.com,affiliate
mostbet-germany-de.com,affiliate
mostbet-ghana.com,affiliate
mostbet-ghana.org,affiliate
mostbet-ghana1.com,affiliate
mostbet-giris-az-az.com,affiliate
mostbet-giris-az-az.net,affiliate
mostbet-giris-az-az.org,affiliate
mostbet-giris-az.net,affiliate
mostbet-giris-az1.com,affiliate
mostbet-giris-az48.com,affiliate
mostbet-giris-az58.org,affiliate
mostbet-giris-az777.org,affiliate
mostbet-giris-azerbaycan.net,affiliate
mostbet-giris-official.ink,affiliate
mostbet-giris-resmi.ink,affiliate
mostbet-giris-tr-tr.com,affiliate
mostbet-giris-tr.org,affiliate
mostbet-giris.click,affiliate
mostbet-giris.fun,affiliate
mostbet-giris001.ink,affiliate
mostbet-giris01.it.com,affiliate
mostbet-giris24.com,affiliate
mostbet-gkj.com.kg,affiliate
mostbet-gl.com,affiliate
mostbet-glob.com,affiliate
mostbet-global-partners.site,affiliate
mostbet-global.com,affiliate
mostbet-gmt.com.kg,affiliate
mostbet-gnw.top,affiliate
mostbet-go.top,affiliate
mostbet-goxs.top,affiliate
mostbet-gqud.top,affiliate
mostbet-gr-bet.com,affiliate
mostbet-gr.net,affiliate
mostbet-gr.org,affiliate
mostbet-greece.org,affiliate
mostbet-greece1.com,affiliate
mostbet-guideir.com,affiliate
mostbet-guncel-giris-tr.com,affiliate
mostbet-guncel-giris-tr.net,affiliate
mostbet-hb-ge9j.buzz,affiliate
mostbet-hi.com,affiliate
mostbet-hindi1.com,affiliate
mostbet-hnv.com.kg,affiliate
mostbet-hrl.com.kg,affiliate
mostbet-hu-casino.org,affiliate
mostbet-hu.bet,affiliate
mostbet-hu.eu.com,affiliate
mostbet-hu.in.net,affiliate
mostbet-hu.ink,affiliate
mostbet-hu.jp.net,affiliate
mostbet-hu.online,affiliate
mostbet-hu.org.uk,affiliate
mostbet-hu1.com,affiliate
mostbet-hucb.top,affiliate
mostbet-hugary.info,affiliate
mostbet-hungary-2025.com,affiliate
mostbet-hungary-hu.com,affiliate
mostbet-hungary.club,affiliate
mostbet-hungary.co,affiliate
mostbet-hungary.ink,affiliate
mostbet-hungary.net,affiliate
mostbet-hungary.online,affiliate
mostbet-hungary.top,affiliate
mostbet-hungary.us.com,affiliate
mostbet-hungary.vip,affiliate
mostbet-hungary1.org,affiliate
mostbet-hungarycasino.com,affiliate
mostbet-hungry.com,affiliate
mostbet-hzad.top,affiliate
mostbet-ia.top,affiliate
mostbet-iceland.com,affiliate
mostbet-iceland.org,affiliate
mostbet-ilgb.top,affiliate
mostbet-in-kz.com,affiliate
mostbet-in-login1.com,affiliate
mostbet-in-nepal.com,affiliate
mostbet-in.uk.com,affiliate
mostbet-in1.in,affiliate
mostbet-ind.in,affiliate
mostbet-ind.top,affiliate
mostbet-india-login.com,affiliate
mostbet-india-official.com,affiliate
mostbet-india.de.com,affiliate
mostbet-india.uk.com,affiliate
mostbet-india1.com,affiliate
mostbet-indir-az.net,affiliate
mostbet-indir-tr.net,affiliate
mostbet-indir-tr.org,affiliate
mostbet-indir.com,affiliate
mostbet-info-kz.com,affiliate
mostbet-info-np.com,affiliate
mostbet-ios.vip,affiliate
mostbet-iu1.top,affiliate
mostbet-iwet.top,affiliate
mostbet-ix.xyz,affiliate
mostbet-izdq.top,affiliate
mostbet-jackpot.ink,affiliate
mostbet-jdl.com.kg,affiliate
mostbet-jdsb.top,affiliate
mostbet-jgwt.top,affiliate
mostbet-jgxc.top,affiliate
mostbet-jhzu.top,affiliate
mostbet-jlwy.top,affiliate
mostbet-jrtw.top,affiliate
mostbet-jtve.top,affiliate
mostbet-jxc.com.kg,affiliate
mostbet-kasino-online.cz,affiliate
mostbet-kasino.app,affiliate
mostbet-kasyno.pl,affiliate
mostbet-kaszinohu.com,affiliate
mostbet-kaz.com,affiliate
mostbet-kazah.kz,affiliate
mostbet-kazahi.com,affiliate
mostbet-kazahstan.kz,affiliate
mostbet-kazakhstan.ink,affiliate
mostbet-kazakhstan.live,affiliate
mostbet-kazakhstan.social,affiliate
mostbet-kazakhstan.uk.com,affiliate
mostbet-kazakhstan.website,affiliate
mostbet-kazakhstan1.com,affiliate
mostbet-kazino.gr,affiliate
mostbet-kazino.xyz,affiliate
mostbet-kd.top,affiliate
mostbet-ke.com,affiliate
mostbet-kenya.com,affiliate
mostbet-kenya.ke,affiliate
mostbet-kenya.org,affiliate
mostbet-kf.top,affiliate
mostbet-kg-casino.com,affiliate
mostbet-kg-mosbet-online.com,affiliate
mostbet-kg-online.com,affiliate
mostbet-kg.app,affiliate
mostbet-kg.casino,affiliate
mostbet-kg.co,affiliate
mostbet-kg.com.kg,affiliate
mostbet-kg.de.com,affiliate
mostbet-kg.eu.com,affiliate
mostbet-kg.it.com,affiliate
mostbet-kg.kg,affiliate
mostbet-kg.mobi,affiliate
mostbet-kg.net,affiliate
mostbet-kg.top,affiliate
mostbet-kg.us.com,affiliate
mostbet-kgs.kg,affiliate
mostbet-king17.top,affiliate
mostbet-klq.top,affiliate
mostbet-knbn.top,affiliate
mostbet-kpow.top,affiliate
mostbet-kqjg.top,affiliate
mostbet-kuwait1.com,affiliate
mostbet-kvd.com.kg,affiliate
mostbet-ky.com,affiliate
mostbet-kyrgyzstan.com,affiliate
mostbet-kz-2025.org,affiliate
mostbet-kz-app.com,affiliate
mostbet-kz-betting.org,affiliate
mostbet-kz-casino-kz.com,affiliate
mostbet-kz-casino.it.com,affiliate
mostbet-kz-casino.one,affiliate
mostbet-kz-casinos.com,affiliate
mostbet-kz-com.com,affiliate
mostbet-kz-info.com,affiliate
mostbet-kz-online-kz.com,affiliate
mostbet-kz-online.com,affiliate
mostbet-kz-online.it.com,affiliate
mostbet-kz-site.com,affiliate
mostbet-kz.buzz,affiliate
mostbet-kz.cc,affiliate
mostbet-kz.de.com,affiliate
mostbet-kz.icu,affiliate
mostbet-kzcasino.com,affiliate
mostbet-ldfh.top,affiliate
mostbet-lgfw.top,affiliate
mostbet-links-15.top,affiliate
mostbet-links-8.top,affiliate
mostbet-live-th.com,affiliate
mostbet-live.ink,affiliate
mostbet-lk.co,affiliate
mostbet-lniw.top,affiliate
mostbet-login-india.com,affiliate
mostbet-login-kuwait.com,affiliate
mostbet-login-pk.com,affiliate
mostbet-login-uae.com,affiliate
mostbet-login.click,affiliate
mostbet-login.in.net,affiliate
mostbet-login.ink,affiliate
mostbet-login.ng,affiliate
mostbet-login3.com,affiliate
mostbet-lpb.com.kg,affiliate
mostbet-lqvd.top,affiliate
mostbet-lss.top,affiliate
mostbet-lxi.com.kg,affiliate
mostbet-lysg.top,affiliate
mostbet-lzgu.top,affiliate
mostbet-m.cc,affiliate
mostbet-m.org,affiliate
mostbet-ma.ma,affiliate
mostbet-ma.xyz,affiliate
mostbet-ma24.com,affiliate
mostbet-magyar-hu.com,affiliate
mostbet-magyar.com,affiliate
mostbet-magyar24.com,affiliate
mostbet-main-mostbet.ink,affiliate
mostbet-malaysia.net,affiliate
mostbet-malaysia1.com,affiliate
mostbet-maroc-apk.com,affiliate
mostbet-maroc.com,affiliate
mostbet-maroc.org,affiliate
mostbet-maroc1.com,affiliate
mostbet-marocc.com,affiliate
mostbet-mawy.top,affiliate
mostbet-max.top,affiliate
mostbet-md-mosbet.com,affiliate
mostbet-md.app,affiliate
mostbet-md.org,affiliate
mostbet-mdf.com.kg,affiliate
mostbet-mejn.top,affiliate
mostbet-melhores.com,affiliate
mostbet-mexico-casino.com,affiliate
mostbet-mexico-online.com,affiliate
mostbet-mexico.com.mx,affiliate
mostbet-mexico1.com,affiliate
mostbet-mlrm.top,affiliate
mostbet-moldova.org,affiliate
mostbet-moldova1.com,affiliate
mostbet-montenegro.com,affiliate
mostbet-montenegro.org,affiliate
mostbet-morocco.com,affiliate
mostbet-morocco1.com,affiliate
mostbet-mosbet-bd.com,affiliate
mostbet-mosbet-cesky.com,affiliate
mostbet-mosbet-cote-d-ivoire.com,affiliate
mostbet-mosbet-cz-online.com,affiliate
mostbet-mosbet-cz.com,affiliate
mostbet-mosbet-hungary-online.com,affiliate
mostbet-mosbet-hungary.com,affiliate
mostbet-mosbet-india.com,affiliate
mostbet-mosbet-kg.com,affiliate
mostbet-mosbet-kirish-uz.com,affiliate
mostbet-mosbet-kz.com,affiliate
mostbet-mosbet-pakistan.com,affiliate
mostbet-mosbet-pl.com,affiliate
mostbet-mosbet-portugal.com,affiliate
mostbet-mosbet-sri-lanka.com,affiliate
mostbet-mosbet-tm.com,affiliate
mostbet-mosbet-turkmenistan.com,affiliate
mostbet-mosbet-uz.top,affiliate
mostbet-mosbet-uz1.com,affiliate
mostbet-mosbet-uzbekistan.com,affiliate
mostbet-mosbet.com.kg,affiliate
mostbet-mosbet.cz,affiliate
mostbet-mosbet.hu,affiliate
mostbet-mosbetuz.com,affiliate
mostbet-mostbet-uz-bet.com,affiliate
mostbet-mostbetr.com,affiliate
mostbet-mostbetuz-uzbekistan.com,affiliate
mostbet-mostbetuz.com,affiliate
mostbet-mozambique.org,affiliate
mostbet-mozambique1.com,affiliate
mostbet-mpl.com.kg,affiliate
mostbet-mqn.com.kg,affiliate
mostbet-mqp.top,affiliate
mostbet-mwongozo.co.ke,affiliate
mostbet-mx-app.com,affiliate
mostbet-mxax.top,affiliate
mostbet-my.org,affiliate
mostbet-mz.com,affiliate
mostbet-ncah.top,affiliate
mostbet-nep.com,affiliate
mostbet-nepal-np.com,affiliate
mostbet-nepal.app,affiliate
mostbet-nepal.com,affiliate
mostbet-nepal.help,affiliate
mostbet-nepal.pro,affiliate
mostbet-nepl.com,affiliate
mostbet-news.com,affiliate
mostbet-ng.net,affiliate
mostbet-ng.ng,affiliate
mostbet-nht.com.kg,affiliate
mostbet-nigeria.com,affiliate
mostbet-nigeria.ng,affiliate
mostbet-nigeria.org,affiliate
mostbet-njnu.top,affiliate
mostbet-nmob.top,affiliate
mostbet-norway.net,affiliate
mostbet-norway.org,affiliate
mostbet-norway1.com,affiliate
mostbet-now-uz.com,affiliate
mostbet-now.com,affiliate
mostbet-now.it.com,affiliate
mostbet-np.co,affiliate
mostbet-npl.com,affiliate
mostbet-nqhg.top,affiliate
mostbet-nrdr.top,affiliate
mostbet-nrf.com.kg,affiliate
mostbet-ns13.top,affiliate
mostbet-ns8.top,affiliate
mostbet-ns9.top,affiliate
mostbet-nsw.com.kg,affiliate
mostbet-occ.top,affiliate
mostbet-odwa.top,affiliate
mostbet-ofcu.top,affiliate
mostbet-official-app.pro,affiliate
mostbet-official-kirish.com,affiliate
mostbet-official-pk.com,affiliate
mostbet-official.co.in,affiliate
mostbet-official.com,affiliate
mostbet-officialhu.com,affiliate
mostbet-oficial-app0797.top,affiliate
mostbet-oficials.es,affiliate
mostbet-ofo.top,affiliate
mostbet-ojf.top,affiliate
mostbet-ojia.top,affiliate
mostbet-ojzz.top,affiliate
mostbet-oltr.top,affiliate
mostbet-one.pl,affiliate
mostbet-ones.top,affiliate
mostbet-onlayn.ink,affiliate
mostbet-online-casino-ua.com,affiliate
mostbet-online-casino.bet,affiliate
mostbet-online-casinos.com,affiliate
mostbet-online-com.com,affiliate
mostbet-online-cz.cz,affiliate
mostbet-online-hu.com,affiliate
mostbet-online-hu.net,affiliate
mostbet-online-kaz.com,affiliate
mostbet-online-nl.com,affiliate
mostbet-online-portugal.com,affiliate
mostbet-online-pt.com,affiliate
mostbet-online-ua.com,affiliate
mostbet-online-uz.net,affiliate
mostbet-online-uz.org,affiliate
mostbet-online-zaklady.pl,affiliate
mostbet-online.casino,affiliate
mostbet-online.co.cz,affiliate
mostbet-online.de,affiliate
mostbet-online1.com,affiliate
mostbet-onlineaz.com,affiliate
mostbet-onlinecasino.com,affiliate
mostbet-onlineuz.com,affiliate
mostbet-onlineuz1.com,affiliate
mostbet-osp.xyz,affiliate
mostbet-otw.com.kg,affiliate
mostbet-oy-d2y2.buzz,affiliate
mostbet-oynash.com,affiliate
mostbet-oyun.com,affiliate
mostbet-pa.xyz,affiliate
mostbet-pak.pk,affiliate
mostbet-pakistan-online.com,affiliate
mostbet-pakistan.app,affiliate
mostbet-pakistan.pk,affiliate
mostbet-pakistan1.com,affiliate
mostbet-pakistani.com,affiliate
mostbet-partners-uz.com,affiliate
mostbet-pe.com.pe,affiliate
mostbet-pe.site,affiliate
mostbet-pfb.top,affiliate
mostbet-ph.top,affiliate
mostbet-philippines.com,affiliate
mostbet-pjdu.top,affiliate
mostbet-pk-now.com,affiliate
mostbet-pk-online.com,affiliate
mostbet-pk.pk,affiliate
mostbet-pl-com.pl,affiliate
mostbet-pl-mosbet.com,affiliate
mostbet-pl-polska.com,affiliate
mostbet-pl.bet,affiliate
mostbet-pl.eu.com,affiliate
mostbet-pl.pl,affiliate
mostbet-pl.top,affiliate
mostbet-play-az.ink,affiliate
mostbet-pmik.top,affiliate
mostbet-pmoj.top,affiliate
mostbet-pncv.top,affiliate
mostbet-pol.net.pl,affiliate
mostbet-poland.com,affiliate
mostbet-poland.pl,affiliate
mostbet-polish.com,affiliate
mostbet-polska-official.ink,affiliate
mostbet-polska-online.ink,affiliate
mostbet-polska.one,affiliate
mostbet-polska.pl,affiliate
mostbet-polska.top,affiliate
mostbet-polskay.com,affiliate
mostbet-polski.pl,affiliate
mostbet-portugal-2025.com,affiliate
mostbet-portugal-casino.com,affiliate
mostbet-portugal.xyz,affiliate
mostbet-portugal24.com,affiliate
mostbet-pr.top,affiliate
mostbet-praz.top,affiliate
mostbet-prihlaseni-cz.com,affiliate
mostbet-prihlaseni.co.cz,affiliate
mostbet-prihlaseni.org,affiliate
mostbet-pro.kg,affiliate
mostbet-promo1.com,affiliate
mostbet-promo777.com,affiliate
mostbet-psa.com.kg,affiliate
mostbet-pt.bet,affiliate
mostbet-pt1.net,affiliate
mostbet-pt1.org,affiliate
mostbet-pul.top,affiliate
mostbet-pvs.top,affiliate
mostbet-pxs.com.kg,affiliate
mostbet-qap.com.kg,affiliate
mostbet-qatar.com,affiliate
mostbet-qh.top,affiliate
mostbet-qkwa.top,affiliate
mostbet-qsbm.top,affiliate
mostbet-qyd.com.kg,affiliate
mostbet-rasmiy-uz.com,affiliate
mostbet-rasmiy.net,affiliate
mostbet-recenze.com,affiliate
mostbet-reg.net.pl,affiliate
mostbet-registration-uz.com,affiliate
mostbet-resmi-sayt.com,affiliate
mostbet-review.com,affiliate
mostbet-rf.top,affiliate
mostbet-rfd.com.kg,affiliate
mostbet-ru-casino.games,affiliate
mostbet-ru-casino.org,affiliate
mostbet-ru.net,affiliate
mostbet-ru.org,affiliate
mostbet-rus-bonus.com,affiliate
mostbet-rus1.com,affiliate
mostbet-rusite1.top,affiliate
mostbet-rvwo.top,affiliate
mostbet-rydc.top,affiliate
mostbet-ryo.com.kg,affiliate
mostbet-rzh.com.kg,affiliate
mostbet-sae.com.kg,affiliate
mostbet-saudi-arabia.com,affiliate
mostbet-scqf.top,affiliate
mostbet-seqa.top,affiliate
mostbet-sgt.top,affiliate
mostbet-si.top,affiliate
mostbet-siam.com,affiliate
mostbet-siria.com,affiliate
mostbet-siria.org,affiliate
mostbet-skachat-apk-uz.com,affiliate
mostbet-skachat-uz.com,affiliate
mostbet-skachat.one,affiliate
mostbet-sl-bet.com,affiliate
mostbet-slots.com.kz,affiliate
mostbet-slots1.com,affiliate
mostbet-slots1.com.kz,affiliate
mostbet-slots1.kz,affiliate
mostbet-slotss.com,affiliate
mostbet-slovakia.org,affiliate
mostbet-slovakia1.com,affiliate
mostbet-slovensko.com,affiliate
mostbet-smxy.top,affiliate
mostbet-so.top,affiliate
mostbet-south-africa-casino.com,affiliate
mostbet-south-africa.org,affiliate
mostbet-sports.com,affiliate
mostbet-sportslk.com,affiliate
mostbet-sri-lanka.com,affiliate
mostbet-sri-lanka.net,affiliate
mostbet-srilanka.com,affiliate
mostbet-ss.xyz,affiliate
mostbet-stan.com,affiliate
mostbet-start.com,affiliate
mostbet-sverige.com,affiliate
mostbet-sw.xyz,affiliate
mostbet-sweden.org,affiliate
mostbet-sweden1.com,affiliate
mostbet-taab.top,affiliate
mostbet-tajikistan-tj.com,affiliate
mostbet-tajikistan1.com,affiliate
mostbet-tanzania.com,affiliate
mostbet-tanzania1.com,affiliate
mostbet-tanzania2.org,affiliate
mostbet-tbc.com.kg,affiliate
mostbet-tcf.top,affiliate
mostbet-td.xyz,affiliate
mostbet-tdhh.top,affiliate
mostbet-temc.top,affiliate
mostbet-thvl.top,affiliate
mostbet-tko.pl,affiliate
mostbet-top.com,affiliate
mostbet-top.net.pl,affiliate
mostbet-tqh.top,affiliate
mostbet-tr-tr.com,affiliate
mostbet-tr-tr.net,affiliate
mostbet-tr-tr.org,affiliate
mostbet-tr.biz,affiliate
mostbet-tr.online,affiliate
mostbet-tr.us.com,affiliate
mostbet-tracker.com,affiliate
mostbet-ttot.top,affiliate
mostbet-tue.com.kg,affiliate
mostbet-tunisia.com,affiliate
mostbet-turk112.com,affiliate
mostbet-turkey-tr.com,affiliate
mostbet-turkey-tr.org,affiliate
mostbet-turkey.online,affiliate
mostbet-turkiye-giris.com,affiliate
mostbet-turkiye.bet,affiliate
mostbet-turkiye.net,affiliate
mostbet-turky2.com,affiliate
mostbet-tuu.top,affiliate
mostbet-tvc.top,affiliate
mostbet-ua-login.com,affiliate
mostbet-ua.cz,affiliate
mostbet-uae1.com,affiliate
mostbet-ubdd.top,affiliate
mostbet-ud.top,affiliate
mostbet-ui0.top,affiliate
mostbet-ui3.top,affiliate
mostbet-ui4.top,affiliate
mostbet-ui5.top,affiliate
mostbet-ui6.top,affiliate
mostbet-ui7.top,affiliate
mostbet-ui8.top,affiliate
mostbet-ui9.top,affiliate
mostbet-uix.com.kg,affiliate
mostbet-ukraine1.com,affiliate
mostbet-unv.top,affiliate
mostbet-up.top,affiliate
mostbet-usoz.top,affiliate
mostbet-uz-67.com,affiliate
mostbet-uz-apk.com,affiliate
mostbet-uz-bet.top,affiliate
mostbet-uz-bk.com,affiliate
mostbet-uz-casino.org,affiliate
mostbet-uz-casinos.com,affiliate
mostbet-uz-com-online.com,affiliate
mostbet-uz-com.ru,affiliate
mostbet-uz-kirish-mosbet.com,affiliate
mostbet-uz-kirish-mostbet.com,affiliate
mostbet-uz-kirish-uz.com,affiliate
mostbet-uz-kirish-uzbekistan.com,affiliate
mostbet-uz-kirish.net,affiliate
mostbet-uz-login.com,affiliate
mostbet-uz-mosbet-kirish.com,affiliate
mostbet-uz-mosbet-uz-bet.com,affiliate
mostbet-uz-mosbet-uz-kirish.com,affiliate
mostbet-uz-mosbet.com,affiliate
mostbet-uz-mosbets.com,affiliate
mostbet-uz-mostbet-com.com,affiliate
mostbet-uz-mostbet.com,affiliate
mostbet-uz-mostbets.com,affiliate
mostbet-uz-mostbetuz.com,affiliate
mostbet-uz-now.com,affiliate
mostbet-uz-site.com,affiliate
mostbet-uz-two.rest,affiliate
mostbet-uz-uz.com,affiliate
mostbet-uz-uzbekistan-kirish.com,affiliate
mostbet-uz-uzbekistan-mosbet.com,affiliate
mostbet-uz-uzbekistan-mostbet.com,affiliate
mostbet-uz-uzbekistan.com,affiliate
mostbet-uz.com,affiliate
mostbet-uz.fyi,affiliate
mostbet-uz.in.net,affiliate
mostbet-uz.ink,affiliate
mostbet-uz.net,affiliate
mostbet-uzb-mosbet-kirish.com,affiliate
mostbet-uzbekistan.cc,affiliate
mostbet-uzbekistan.com,affiliate
mostbet-uzbekistan24.com,affiliate
mostbet-uzbekistons.com,affiliate
mostbet-uzbkstn.org,affiliate
mostbet-uzbn.org,affiliate
mostbet-uzcasino.com,affiliate
mostbet-uzs-kirish.com,affiliate
mostbet-uzs.com,affiliate
mostbet-uzuz.com,affiliate
mostbet-uzuzb.com,affiliate
mostbet-uzuzbekistan.com,affiliate
mostbet-vdej.top,affiliate
mostbet-vejm.top,affiliate
mostbet-vfbd.top,affiliate
mostbet-vfnq.top,affiliate
mostbet-vft.top,affiliate
mostbet-vietnamese.com,affiliate
mostbet-vihh.top,affiliate
mostbet-vip.com,affiliate
mostbet-vixx.top,affiliate
mostbet-vjd.top,affiliate
mostbet-vkw.top,affiliate
mostbet-vly.com.kg,affiliate
mostbet-vnm.com,affiliate
mostbet-vv.top,affiliate
mostbet-vxvl.top,affiliate
mostbet-vylo.top,affiliate
mostbet-vze.com.kg,affiliate
mostbet-vznw.top,affiliate
mostbet-wbq4.top,affiliate
mostbet-wbq5.top,affiliate
mostbet-wcri.top,affiliate
mostbet-wdu5.top,affiliate
mostbet-web.com,affiliate
mostbet-wej4.top,affiliate
mostbet-welcome.cz,affiliate
mostbet-wet7.top,affiliate
mostbet-wfl6.top,affiliate
mostbet-wfs7.top,affiliate
mostbet-wha9.top,affiliate
mostbet-whd9.top,affiliate
mostbet-whzx.top,affiliate
mostbet-win.com.co,affiliate
mostbet-wiq3.top,affiliate
mostbet-wiw2.top,affiliate
mostbet-wjf.com.kg,affiliate
mostbet-wjn8.top,affiliate
mostbet-wjw3.top,affiliate
mostbet-wlr2.top,affiliate
mostbet-wnm5.top,affiliate
mostbet-won.com,affiliate
mostbet-wox4.top,affiliate
mostbet-wpj9.top,affiliate
mostbet-wpl9.xyz,affiliate
mostbet-wpmg.top,affiliate
mostbet-wps1.top,affiliate
mostbet-wqe2.xyz,affiliate
mostbet-wqv7.top,affiliate
mostbet-wqym.top,affiliate
mostbet-wtk6.top,affiliate
mostbet-wv.top,affiliate
mostbet-wvs.com.kg,affiliate
mostbet-x2.top,affiliate
mostbet-xcan.top,affiliate
mostbet-xcin.top,affiliate
mostbet-xcou.top,affiliate
mostbet-xf.top,affiliate
mostbet-xmmt.top,affiliate
mostbet-xote.top,affiliate
mostbet-xqbc.top,affiliate
mostbet-xqz.com.kg,affiliate
mostbet-xyso.top,affiliate
mostbet-yaek.top,affiliate
mostbet-yay.top,affiliate
mostbet-yem.top,affiliate
mostbet-yeniadresi.com,affiliate
mostbet-yjvl.top,affiliate
mostbet-ykhe.top,affiliate
mostbet-ymm.top,affiliate
mostbet-ynf.top,affiliate
mostbet-ysra.top,affiliate
mostbet-yuklab-olish-uz.com,affiliate
mostbet-yukle-app.com,affiliate
mostbet-yukle-az.art,affiliate
mostbet-yukle-azerbaycan.com,affiliate
mostbet-yukle.fun,affiliate
mostbet-yukle.org,affiliate
mostbet-ywla.top,affiliate
mostbet-ywoq.top,affiliate
mostbet-zdfw.top,affiliate
mostbet-zerkalo-075.top,affiliate
mostbet-zerkalo-107.top,affiliate
mostbet-zerkalo-249.top,affiliate
mostbet-zerkalo-681.top,affiliate
mostbet-zerkalo-952.top,affiliate
mostbet-zerkalo-new.com,affiliate
mostbet-zerkaloreg.top,affiliate
mostbet-zkic.top,affiliate
mostbet-zlat.top,affiliate
mostbet-zvs.top,affiliate
mostbet-zwqx.top,affiliate
mostbet-zx0.top,affiliate
mostbet-zxy.com.kg,affiliate
mostbet.ac.pk,affiliate
mostbet.app,affiliate
mostbet.bet,affiliate
mostbet.cc,affiliate
mostbet.center,affiliate
mostbet.co,affiliate
mostbet.co.pl,affiliate
mostbet.codes,affiliate
mostbet.com.ci,affiliate
mostbet.com.kg,affiliate
mostbet.com.zm,affiliate
mostbet.fi,affiliate
mostbet.games,affiliate
mostbet.gr,affiliate
mostbet.help,affiliate
mostbet.info.tr,affiliate
mostbet.io,affiliate
mostbet.is,affiliate
mostbet.it.com,affiliate
mostbet.lv,affiliate
mostbet.mex.com,affiliate
mostbet.ml,affiliate
mostbet.mobile,affiliate
mostbet.money,affiliate
mostbet.net.pk,affiliate
mostbet.news,affiliate
mostbet.ng,affiliate
mostbet.nl,affiliate
mostbet.now,affiliate
mostbet.org,affiliate
mostbet.org.kg,affiliate
mostbet.pp.ua,affiliate
mostbet.promo,affiliate
mostbet.rodeo,affiliate
mostbet.sk,affiliate
mostbet.sn,affiliate
mostbet.spot,affiliate
mostbet.studio,affiliate
mostbet.tips,affiliate
mostbet.to,affiliate
mostbet.tz,affiliate
mostbet.web.pk,affiliate
mostbet.win,affiliate
mostbet0.com,affiliate
mostbet00472.online,affiliate
mostbet01460.online,affiliate
mostbet01859.help,affiliate
mostbet02171.shop,affiliate
mostbet02606.online,affiliate
mostbet02759.help,affiliate
mostbet02894.help,affiliate
mostbet03253.online,affiliate
mostbet04941.shop,affiliate
mostbet05638.help,affiliate
mostbet05741.help,affiliate
mostbet05859.online,affiliate
mostbet05924.online,affiliate
mostbet06093.online,affiliate
mostbet06394.help,affiliate
mostbet06693.help,affiliate
mostbet07482.help,affiliate
mostbet07493.help,affiliate
mostbet07541.help,affiliate
mostbet07915.online,affiliate
mostbet09486.help,affiliate
mostbet09547.help,affiliate
mostbet09654.help,affiliate
mostbet1-az-2026.com,affiliate
mostbet1-casino-az.com,affiliate
mostbet1-de.com,affiliate
mostbet1-hu.com,affiliate
mostbet1-online-cz.com,affiliate
mostbet1.biz.pk,affiliate
mostbet1.by,affiliate
mostbet1.ca,affiliate
mostbet1.lu,affiliate
mostbet1.mx,affiliate
mostbet1.net,affiliate
mostbet1.net.pk,affiliate
mostbet1.org.pk,affiliate
mostbet1.top,affiliate
mostbet1.web.pk,affiliate
mostbet10.com,affiliate
mostbet10206.help,affiliate
mostbet10605.online,affiliate
mostbet10646.company,affiliate
mostbet10832.help,affiliate
mostbet11.kz,affiliate
mostbet1121.help,affiliate
mostbet1122.help,affiliate
mostbet11366.icu,affiliate
mostbet11528.online,affiliate
mostbet12031.ru,affiliate
mostbet12032.ru,affiliate
mostbet12033.ru,affiliate
mostbet12034.ru,affiliate
mostbet12035.ru,affiliate
mostbet12036.ru,affiliate
mostbet12037.ru,affiliate
mostbet12038.ru,affiliate
mostbet12039.ru,affiliate
mostbet12040.ru,affiliate
mostbet12041.ru,affiliate
mostbet12042.ru,affiliate
mostbet12043.ru,affiliate
mostbet12044.ru,affiliate
mostbet12045.ru,affiliate
mostbet12046.ru,affiliate
mostbet12047.ru,affiliate
mostbet12048.ru,affiliate
mostbet12049.ru,affiliate
mostbet12050.ru,affiliate
mostbet12061.help,affiliate
mostbet12087.online,affiliate
mostbet12141.shop,affiliate
mostbet12771.help,affiliate
mostbet13374.help,affiliate
mostbet1346.help,affiliate
mostbet13829.help,affiliate
mostbet14.com,affiliate
mostbet14362.help,affiliate
mostbet14473.help,affiliate
mostbet14673.help,affiliate
mostbet14793.help,affiliate
mostbet14967.help,affiliate
mostbet15.com,affiliate
mostbet15106.help,affiliate
mostbet15247.help,affiliate
mostbet15252.icu,affiliate
mostbet15298.online,affiliate
mostbet15384.help,affiliate
mostbet15599.help,affiliate
mostbet15743.help,affiliate
mostbet16.com,affiliate
mostbet16082.help,affiliate
mostbet16114.help,affiliate
mostbet16895.help,affiliate
mostbet17206.online,affiliate
mostbet17403.help,affiliate
mostbet17893.online,affiliate
mostbet18061.help,affiliate
mostbet18178.company,affiliate
mostbet18247.help,affiliate
mostbet18296.help,affiliate
mostbet18305.help,affiliate
mostbet18361.online,affiliate
mostbet18374.help,affiliate
mostbet18401.help,affiliate
mostbet18555.shop,affiliate
mostbet18715.company,affiliate
mostbet18868.online,affiliate
mostbet19121.help,affiliate
mostbet19142.shop,affiliate
mostbet19345.help,affiliate
mostbet19382.help,affiliate
mostbet19438.help,affiliate
mostbet19635.shop,affiliate
mostbet1kz.top,affiliate
mostbet2-casino-polska.com,affiliate
mostbet2.net.pl,affiliate
mostbet2.pl,affiliate
mostbet2.site,affiliate
mostbet2001.help,affiliate
mostbet20010.shop,affiliate
mostbet2002.help,affiliate
mostbet2003.help,affiliate
mostbet2004.help,affiliate
mostbet2005.help,affiliate
mostbet2006.help,affiliate
mostbet2007.help,affiliate
mostbet2008.help,affiliate
mostbet2009.help,affiliate
mostbet2010.help,affiliate
mostbet2011.help,affiliate
mostbet2012.help,affiliate
mostbet2013.help,affiliate
mostbet2014.help,affiliate
mostbet2015.help,affiliate
mostbet2021.help,affiliate
mostbet2022.help,affiliate
mostbet2023.help,affiliate
mostbet2024.help,affiliate
mostbet2025.help,affiliate
mostbet2026-az.ink,affiliate
mostbet2026.help,affiliate
mostbet2027.help,affiliate
mostbet2028.help,affiliate
mostbet2029.help,affiliate
mostbet2030.help,affiliate
mostbet2031.help,affiliate
mostbet2032.help,affiliate
mostbet2033.help,affiliate
mostbet2034.help,affiliate
mostbet2035.help,affiliate
mostbet2036.help,affiliate
mostbet2037.help,affiliate
mostbet2038.help,affiliate
mostbet2039.help,affiliate
mostbet2040.help,affiliate
mostbet2041.help,affiliate
mostbet2042.help,affiliate
mostbet2043.help,affiliate
mostbet2044.help,affiliate
mostbet2045.help,affiliate
mostbet2046.help,affiliate
mostbet2047.help,affiliate
mostbet2048.help,affiliate
mostbet2049.help,affiliate
mostbet2050.help,affiliate
mostbet20505.help,affiliate
mostbet20553.shop,affiliate
mostbet2056.help,affiliate
mostbet2057.help,affiliate
mostbet2058.help,affiliate
mostbet20581.help,affiliate
mostbet2059.help,affiliate
mostbet2060.help,affiliate
mostbet20601.online,affiliate
mostbet2061.help,affiliate
mostbet2062.help,affiliate
mostbet2063.help,affiliate
mostbet2064.help,affiliate
mostbet2065.help,affiliate
mostbet2066.help,affiliate
mostbet2067.help,affiliate
mostbet2068.help,affiliate
mostbet2069.help,affiliate
mostbet2070.help,affiliate
mostbet20748.help,affiliate
mostbet20811.help,affiliate
mostbet21.com,affiliate
mostbet21067.help,affiliate
mostbet21477.help,affiliate
mostbet21480.help,affiliate
mostbet21611.icu,affiliate
mostbet21746.help,affiliate
mostbet21753.shop,affiliate
mostbet22239.online,affiliate
mostbet22253.help,affiliate
mostbet22508.help,affiliate
mostbet22685.online,affiliate
mostbet23319.help,affiliate
mostbet23342.help,affiliate
mostbet23377.help,affiliate
mostbet23586.help,affiliate
mostbet23713.help,affiliate
mostbet24063.help,affiliate
mostbet24618.help,affiliate
mostbet24687.shop,affiliate
mostbet24939.online,affiliate
mostbet25863.help,affiliate
mostbet26148.help,affiliate
mostbet26443.shop,affiliate
mostbet26540.help,affiliate
mostbet26549.help,affiliate
mostbet2675.shop,affiliate
mostbet26809.help,affiliate
mostbet26814.help,affiliate
mostbet26815.help,affiliate
mostbet26826.help,affiliate
mostbet26849.help,affiliate
mostbet27077.help,affiliate
mostbet27513.help,affiliate
mostbet27541.help,affiliate
mostbet27880.online,affiliate
mostbet28014.help,affiliate
mostbet28283.help,affiliate
mostbet28461.help,affiliate
mostbet28470.help,affiliate
mostbet28611.shop,affiliate
mostbet28648.help,affiliate
mostbet28728.help,affiliate
mostbet28834.shop,affiliate
mostbet28849.help,affiliate
mostbet29551.online,affiliate
mostbet29665.online,affiliate
mostbet29714.help,affiliate
mostbet3.buzz,affiliate
mostbet3.kz,affiliate
mostbet30562.online,affiliate
mostbet30760.company,affiliate
mostbet31422.icu,affiliate
mostbet31517.help,affiliate
mostbet31744.online,affiliate
mostbet31890.help,affiliate
mostbet32251.help,affiliate
mostbet32648.help,affiliate
mostbet32787.help,affiliate
mostbet32854.help,affiliate
mostbet32915.help,affiliate
mostbet33.top,affiliate
mostbet33044.online,affiliate
mostbet33270.company,affiliate
mostbet33465.online,affiliate
mostbet3347.help,affiliate
mostbet33907.online,affiliate
mostbet33927.online,affiliate
mostbet33973.help,affiliate
mostbet33996.help,affiliate
mostbet34153.icu,affiliate
mostbet34192.company,affiliate
mostbet34656.icu,affiliate
mostbet34828.online,affiliate
mostbet34850.help,affiliate
mostbet35198.help,affiliate
mostbet35849.help,affiliate
mostbet35906.help,affiliate
mostbet36014.help,affiliate
mostbet36041.help,affiliate
mostbet3654.help,affiliate
mostbet36602.help,affiliate
mostbet36912.help,affiliate
mostbet37090.help,affiliate
mostbet37090.shop,affiliate
mostbet37150.help,affiliate
mostbet3718.help,affiliate
mostbet37461.help,affiliate
mostbet37623.online,affiliate
mostbet38095.help,affiliate
mostbet38195.help,affiliate
mostbet38201.online,affiliate
mostbet3822.help,affiliate
mostbet38356.help,affiliate
mostbet38506.help,affiliate
mostbet38678.icu,affiliate
mostbet38684.help,affiliate
mostbet38908.help,affiliate
mostbet39081.help,affiliate
mostbet3986.help,affiliate
mostbet39930.help,affiliate
mostbet4.com,affiliate
mostbet4.site,affiliate
mostbet40076.help,affiliate
mostbet40086.online,affiliate
mostbet40372.help,affiliate
mostbet40483.help,affiliate
mostbet40596.help,affiliate
mostbet40796.help,affiliate
mostbet40827.help,affiliate
mostbet40854.icu,affiliate
mostbet41079.help,affiliate
mostbet41248.help,affiliate
mostbet41254.help,affiliate
mostbet41319.help,affiliate
mostbet4165.online,affiliate
mostbet41774.help,affiliate
mostbet41791.shop,affiliate
mostbet41926.help,affiliate
mostbet41979.help,affiliate
mostbet42299.help,affiliate
mostbet42387.help,affiliate
mostbet42395.help,affiliate
mostbet42517.help,affiliate
mostbet42672.help,affiliate
mostbet42718.help,affiliate
mostbet42861.icu,affiliate
mostbet42873.help,affiliate
mostbet43247.help,affiliate
mostbet43248.help,affiliate
mostbet43287.help,affiliate
mostbet43759.help,affiliate
mostbet43926.help,affiliate
mostbet44034.help,affiliate
mostbet44187.help,affiliate
mostbet44364.online,affiliate
mostbet44600.online,affiliate
mostbet44719.online,affiliate
mostbet4478.shop,affiliate
mostbet44945.help,affiliate
mostbet45018.help,affiliate
mostbet45087.help,affiliate
mostbet45177.help,affiliate
mostbet45311.online,affiliate
mostbet45631.help,affiliate
mostbet46402.online,affiliate
mostbet46891.help,affiliate
mostbet47045.online,affiliate
mostbet47056.help,affiliate
mostbet47129.help,affiliate
mostbet47152.help,affiliate
mostbet47272.online,affiliate
mostbet47296.help,affiliate
mostbet47394.company,affiliate
mostbet48209.online,affiliate
mostbet48426.help,affiliate
mostbet48518.help,affiliate
mostbet48941.help,affiliate
mostbet49108.online,affiliate
mostbet49271.help,affiliate
mostbet49349.help,affiliate
mostbet49551.help,affiliate
mostbet49581.online,affiliate
mostbet49791.online,affiliate
mostbet49799.shop,affiliate
mostbet49882.help,affiliate
mostbet49984.help,affiliate
mostbet5.site,affiliate
mostbet50122.icu,affiliate
mostbet50191.help,affiliate
mostbet50472.help,affiliate
mostbet50579.icu,affiliate
mostbet5059.help,affiliate
mostbet50693.help,affiliate
mostbet51307.help,affiliate
mostbet51338.help,affiliate
mostbet51426.online,affiliate
mostbet51479.online,affiliate
mostbet5150.online,affiliate
mostbet51837.help,affiliate
mostbet51872.help,affiliate
mostbet52024.help,affiliate
mostbet52613.shop,affiliate
mostbet52653.help,affiliate
mostbet52718.help,affiliate
mostbet52746.help,affiliate
mostbet52813.online,affiliate
mostbet52850.icu,affiliate
mostbet53160.help,affiliate
mostbet53589.help,affiliate
mostbet53655.online,affiliate
mostbet54173.help,affiliate
mostbet54319.help,affiliate
mostbet54831.help,affiliate
mostbet55022.help,affiliate
mostbet55099.help,affiliate
mostbet55146.online,affiliate
mostbet55191.help,affiliate
mostbet55340.online,affiliate
mostbet56053.help,affiliate
mostbet56120.help,affiliate
mostbet56730.help,affiliate
mostbet56890.icu,affiliate
mostbet56934.help,affiliate
mostbet57111.help,affiliate
mostbet57408.online,affiliate
mostbet5759.help,affiliate
mostbet57648.help,affiliate
mostbet58019.help,affiliate
mostbet58127.help,affiliate
mostbet59068.help,affiliate
mostbet59371.help,affiliate
mostbet59898.online,affiliate
mostbet60.com,affiliate
mostbet60008.online,affiliate
mostbet60038.shop,affiliate
mostbet60059.help,affiliate
mostbet60172.help,affiliate
mostbet60398.help,affiliate
mostbet61024.help,affiliate
mostbet61046.shop,affiliate
mostbet61527.help,affiliate
mostbet62135.shop,affiliate
mostbet62194.online,affiliate
mostbet62477.help,affiliate
mostbet62494.icu,affiliate
mostbet62590.help,affiliate
mostbet62741.help,affiliate
mostbet62761.online,affiliate
mostbet63218.help,affiliate
mostbet63247.help,affiliate
mostbet63740.help,affiliate
mostbet64008.icu,affiliate
mostbet64028.help,affiliate
mostbet64071.help,affiliate
mostbet64754.help,affiliate
mostbet64830.help,affiliate
mostbet65792.help,affiliate
mostbet65920.help,affiliate
mostbet66053.online,affiliate
mostbet66604.shop,affiliate
mostbet66734.help,affiliate
mostbet67190.help,affiliate
mostbet67254.help,affiliate
mostbet67256.shop,affiliate
mostbet67382.shop,affiliate
mostbet67807.icu,affiliate
mostbet68155.help,affiliate
mostbet68204.help,affiliate
mostbet68214.help,affiliate
mostbet68324.help,affiliate
mostbet68566.icu,affiliate
mostbet68667.icu,affiliate
mostbet68850.online,affiliate
mostbet69343.help,affiliate
mostbet69416.online,affiliate
mostbet6950.help,affiliate
mostbet69573.help,affiliate
mostbet69754.shop,affiliate
mostbet69815.online,affiliate
mostbet69963.online,affiliate
mostbet7-24.com,affiliate
mostbet7.pl,affiliate
mostbet70131.online,affiliate
mostbet7015.help,affiliate
mostbet70269.help,affiliate
mostbet70829.help,affiliate
mostbet71143.online,affiliate
mostbet71530.help,affiliate
mostbet7178.help,affiliate
mostbet71812.help,affiliate
mostbet71852.help,affiliate
mostbet71905.help,affiliate
mostbet71927.shop,affiliate
mostbet72461.help,affiliate
mostbet72483.help,affiliate
mostbet72563.shop,affiliate
mostbet72681.help,affiliate
mostbet72797.help,affiliate
mostbet73048.shop,affiliate
mostbet73221.help,affiliate
mostbet73296.online,affiliate
mostbet73713.online,affiliate
mostbet73936.icu,affiliate
mostbet74029.online,affiliate
mostbet74039.help,affiliate
mostbet74081.help,affiliate
mostbet74159.icu,affiliate
mostbet74183.help,affiliate
mostbet7429.help,affiliate
mostbet7437.help,affiliate
mostbet7445.shop,affiliate
mostbet74628.online,affiliate
mostbet75153.help,affiliate
mostbet75295.online,affiliate
mostbet75302.help,affiliate
mostbet75678.online,affiliate
mostbet75930.help,affiliate
mostbet75979.help,affiliate
mostbet76473.icu,affiliate
mostbet76480.help,affiliate
mostbet76914.help,affiliate
mostbet77382.online,affiliate
mostbet77431.icu,affiliate
mostbet7783.help,affiliate
mostbet78053.help,affiliate
mostbet78063.help,affiliate
mostbet78071.company,affiliate
mostbet78201.help,affiliate
mostbet78394.help,affiliate
mostbet78432.help,affiliate
mostbet78658.help,affiliate
mostbet78686.help,affiliate
mostbet79257.shop,affiliate
mostbet79841.help,affiliate
mostbet80257.shop,affiliate
mostbet80295.help,affiliate
mostbet80395.help,affiliate
mostbet80398.online,affiliate
mostbet80573.help,affiliate
mostbet80695.help,affiliate
mostbet80738.help,affiliate
mostbet81183.help,affiliate
mostbet81396.help,affiliate
mostbet8146.icu,affiliate
mostbet81720.shop,affiliate
mostbet81921.online,affiliate
mostbet82043.help,affiliate
mostbet82175.help,affiliate
mostbet82208.help,affiliate
mostbet8225.help,affiliate
mostbet82407.help,affiliate
mostbet82441.help,affiliate
mostbet8314.help,affiliate
mostbet83462.online,affiliate
mostbet83468.icu,affiliate
mostbet83506.help,affiliate
mostbet83507.help,affiliate
mostbet83798.help,affiliate
mostbet83907.help,affiliate
mostbet84045.help,affiliate
mostbet84517.help,affiliate
mostbet84629.help,affiliate
mostbet84736.help,affiliate
mostbet84891.online,affiliate
mostbet85159.help,affiliate
mostbet85289.help,affiliate
mostbet85803.icu,affiliate
mostbet85953.shop,affiliate
mostbet85961.help,affiliate
mostbet85974.help,affiliate
mostbet86147.online,affiliate
mostbet86491.online,affiliate
mostbet86553.online,affiliate
mostbet86749.shop,affiliate
mostbet8712.help,affiliate
mostbet87235.help,affiliate
mostbet87342.help,affiliate
mostbet87795.online,affiliate
mostbet87880.help,affiliate
mostbet8792.help,affiliate
mostbet88088.online,affiliate
mostbet88089.help,affiliate
mostbet8828.help,affiliate
mostbet88394.online,affiliate
mostbet88517.online,affiliate
mostbet88806.help,affiliate
mostbet89142.online,affiliate
mostbet89144.help,affiliate
mostbet89276.help,affiliate
mostbet89577.help,affiliate
mostbet89810.help,affiliate
mostbet90.com,affiliate
mostbet90088.company,affiliate
mostbet90359.online,affiliate
mostbet90518.help,affiliate
mostbet90525.shop,affiliate
mostbet90617.help,affiliate
mostbet90753.help,affiliate
mostbet90969.help,affiliate
mostbet90az.com,affiliate
mostbet91325.help,affiliate
mostbet91409.help,affiliate
mostbet91763.help,affiliate
mostbet92018.help,affiliate
mostbet92588.online,affiliate
mostbet92954.online,affiliate
mostbet93268.help,affiliate
mostbet93547.help,affiliate
mostbet93580.help,affiliate
mostbet93642.company,affiliate
mostbet9387.help,affiliate
mostbet94241.help,affiliate
mostbet94451.icu,affiliate
mostbet94459.icu,affiliate
mostbet94620.help,affiliate
mostbet94673.help,affiliate
mostbet94827.help,affiliate
mostbet95063.online,affiliate
mostbet95163.help,affiliate
mostbet9527.help,affiliate
mostbet95345.shop,affiliate
mostbet95447.help,affiliate
mostbet95774.help,affiliate
mostbet96150.help,affiliate
mostbet96810.help,affiliate
mostbet96967.online,affiliate
mostbet9702.help,affiliate
mostbet97048.help,affiliate
mostbet97062.help,affiliate
mostbet97142.help,affiliate
mostbet97198.help,affiliate
mostbet97812.online,affiliate
mostbet97872.shop,affiliate
mostbet98249.help,affiliate
mostbet98251.online,affiliate
mostbet9837.shop,affiliate
mostbet98458.help,affiliate
mostbet98549.help,affiliate
mostbet98669.shop,affiliate
mostbet98724.help,affiliate
mostbet99204.online,affiliate
mostbet99270.help,affiliate
mostbet99407.online,affiliate
mostbet99526.help,affiliate
mostbeta.kz,affiliate
mostbeta19.top,affiliate
mostbeta21.top,affiliate
mostbeta22.top,affiliate
mostbetapk-hu.com,affiliate
mostbetapk-uz.com,affiliate
mostbetapk.asia,affiliate
mostbetapk.co,affiliate
mostbetapk.com,affiliate
mostbetapk.com.in,affiliate
mostbetapk.de,affiliate
mostbetapk.eu,affiliate
mostbetapk.info,affiliate
mostbetapk.int.in,affiliate
mostbetapk.ltd,affiliate
mostbetapk.net,affiliate
mostbetapk.pk,affiliate
mostbetapk.pl,affiliate
mostbetapk.tj,affiliate
mostbetapkbd.com,affiliate
mostbetapkdownload.com,affiliate
mostbetapkdownload.pt,affiliate
mostbetapkmaroc.com,affiliate
mostbetapkreview.com,affiliate
mostbetapktj.com,affiliate
mostbetapktu4.mobi,affiliate
mostbetapkyukle.com,affiliate
mostbetaplikacja.com,affiliate
mostbetaplikacja.pl,affiliate
mostbetapp-az.com,affiliate
mostbetapp.int.in,affiliate
mostbetapp.io,affiliate
mostbetapp.net,affiliate
mostbetapp.pl,affiliate
mostbetapp.xyz,affiliate
mostbetappaz.com,affiliate
mostbetappbd.com,affiliate
mostbetappcanada.com,affiliate
mostbetappdownload.cz,affiliate
mostbetapps.cz,affiliate
mostbetappyukle.com,affiliate
mostbetaps.mobi,affiliate
mostbetar.info,affiliate
mostbetargentina.com,affiliate
mostbetat.com,affiliate
mostbetaviator.co,affiliate
mostbetaviator.pk,affiliate
mostbetaviatorgame.in,affiliate
mostbetaz-16.com,affiliate
mostbetaz-2.com,affiliate
mostbetaz-2026.com,affiliate
mostbetaz-aviator.com,affiliate
mostbetaz-casino.net,affiliate
mostbetaz-online.com,affiliate
mostbetaz-yukle.com,affiliate
mostbetaz.bet,affiliate
mostbetaz.kz,affiliate
mostbetaz.online,affiliate
mostbetaz45.com,affiliate
mostbetaz45.net,affiliate
mostbetaz45.org,affiliate
mostbetaz90.com,affiliate
mostbetaz90.top,affiliate
mostbetaz91.com,affiliate
mostbetaz91.net,affiliate
mostbetazapkreview.com,affiliate
mostbetazbets.com,affiliate
mostbetaze-casino.com,affiliate
mostbetazerbaycan.com,affiliate
mostbetazerbaycan.top,affiliate
mostbetazerbaycansayt.com,affiliate
mostbetazerbaycansayt1.com,affiliate
mostbetazerbaycanyukle.com,affiliate
mostbetazindir.net,affiliate
mostbetazkazino.com,affiliate
mostbetazqeydiyyat.com,affiliate
mostbetazqeydiyyat.net,affiliate
mostbetazyukle.com,affiliate
mostbetazyukle.net,affiliate
mostbetazyukle.us.com,affiliate
mostbetazyuklec.com,affiliate
mostbetazyuklen.com,affiliate
mostbetazz1.com,affiliate
mostbetazzz.com,affiliate
mostbetbangl.com,affiliate
mostbetbangladesh.app,affiliate
mostbetbd-app.com,affiliate
mostbetbd.com,affiliate
mostbetbd.live,affiliate
mostbetbd.site,affiliate
mostbetbd.top,affiliate
mostbetbd1.com,affiliate
mostbetbd1.net,affiliate
mostbetbd2024.com,affiliate
mostbetbdapk.com,affiliate
mostbetbdapps.com,affiliate
mostbetbddownload.com,affiliate
mostbetbdguide.com,affiliate
mostbetbet.pl,affiliate
mostbetblik.com,affiliate
mostbetblog.com,affiliate
mostbetblog.org,affiliate
mostbetbn.com,affiliate
mostbetbonus.ink,affiliate
mostbetbonus.it,affiliate
mostbetcasino-ar.net,affiliate
mostbetcasino-az.top,affiliate
mostbetcasino-bd.com,affiliate
mostbetcasino-cestina.com,affiliate
mostbetcasino-club.cz,affiliate
mostbetcasino-cz.com,affiliate
mostbetcasino-cz.net,affiliate
mostbetcasino-de.com,affiliate
mostbetcasino-hu.org,affiliate
mostbetcasino-kaz.com,affiliate
mostbetcasino-kazakhstan.com,affiliate
mostbetcasino-magyar.com,affiliate
mostbetcasino-polska.net,affiliate
mostbetcasino-review.com,affiliate
mostbetcasino-uzbek.com,affiliate
mostbetcasino.biz.pl,affiliate
mostbetcasino.click,affiliate
mostbetcasino.com.in,affiliate
mostbetcasino.com.pl,affiliate
mostbetcasino.com.pt,affiliate
mostbetcasino.info.pl,affiliate
mostbetcasino.kz,affiliate
mostbetcasino.mx,affiliate
mostbetcasino.org.pl,affiliate
mostbetcasino.pt,affiliate
mostbetcasino.tj,affiliate
mostbetcasino1.cz,affiliate
mostbetcasino2026.com,affiliate
mostbetcasino24.pl,affiliate
mostbetcasino777.com,affiliate
mostbetcasinoazeri.com,affiliate
mostbetcasinoclub.cz,affiliate
mostbetcasinocolombia.com,affiliate
mostbetcasinocz.com,affiliate
mostbetcasinogreece.com,affiliate
mostbetcasinohu.com,affiliate
mostbetcasinohu.net,affiliate
mostbetcasinoin.com,affiliate
mostbetcasinomagyar.com,affiliate
mostbetcasinopl.com,affiliate
mostbetcasinoplay.com,affiliate
mostbetcasinoru.top,affiliate
mostbetcasinos-az.com,affiliate
mostbetcasinos-kz.com,affiliate
mostbetcasinos.ca,affiliate
mostbetcasinos.com.pl,affiliate
mostbetcasinos.online,affiliate
mostbetcasinosite.com,affiliate
mostbetcasinoturkiye.info,affiliate
mostbetceska.cz,affiliate
mostbetceske.cz,affiliate
mostbetcesko.com,affiliate
mostbetchile.net,affiliate
mostbetcolombia-es.com,affiliate
mostbetcolombian.co,affiliate
mostbetcom.kz,affiliate
mostbetcs.cz,affiliate
mostbetcz-registr.com,affiliate
mostbetcz.it.com,affiliate
mostbetcz.top,affiliate
mostbetczapp.top,affiliate
mostbetczcasino.com,affiliate
mostbetcze.com,affiliate
mostbetczech-club.cz,affiliate
mostbetczechia.com,affiliate
mostbetczk-aplikace.cz,affiliate
mostbetczk.cz,affiliate
mostbetczofficial.com,affiliate
mostbetczplay.com,affiliate
mostbetde.de,affiliate
mostbetdeutschland.bet,affiliate
mostbetdownload-ar.com,affiliate
mostbetdownload-pt.com,affiliate
mostbetdownload.app,affiliate
mostbetdownload.com,affiliate
mostbetdownload.org,affiliate
mostbete-cz.cz,affiliate
mostbete.kz,affiliate
mostbetegiris.com,affiliate
mostbeteuro2026.com,affiliate
mostbetgambling.com,affiliate
mostbetgames.com,affiliate
mostbetgiris-az.top,affiliate
mostbetgiris.net,affiliate
mostbetgiris.store,affiliate
mostbetgiris2025.com,affiliate
mostbetgiris2o26.icu,affiliate
mostbetgiriss.com,affiliate
mostbethu.com,affiliate
mostbethu.info,affiliate
mostbethu.org,affiliate
mostbethub.com,affiliate
mostbethung.com,affiliate
mostbethungary.com,affiliate
mostbetin.in,affiliate
mostbetin.org,affiliate
mostbetinallturkey.com,affiliate
mostbetinbangladesh.com,affiliate
mostbetincolombia.com,affiliate
mostbetind.com,affiliate
mostbetindia.app,affiliate
mostbetindir.com,affiliate
mostbetindir.net,affiliate
mostbetindirapk.com,affiliate
mostbetindonesia.com,affiliate
mostbetindonesia.net,affiliate
mostbetk.kz,affiliate
mostbetka.kz,affiliate
mostbetkasinocz.com,affiliate
mostbetkasyno.net,affiliate
mostbetkaszinohu.com,affiliate
mostbetkaz.com,affiliate
mostbetkaz1.com,affiliate
mostbetkazah.com,affiliate
mostbetkazakhstan.org,affiliate
mostbetkazino-az.top,affiliate
mostbetkazino.cz,affiliate
mostbetkazino.top,affiliate
mostbetkazinouz.info,affiliate
mostbetke.com,affiliate
mostbetkg.org,affiliate
mostbetkirishuz.org,affiliate
mostbetkz-sport.top,affiliate
mostbetkz.icu,affiliate
mostbetkz.info,affiliate
mostbetkz1.top,affiliate
mostbetkzcasino.top,affiliate
mostbetkzh.kz,affiliate
mostbetkzhstn.kz,affiliate
mostbetkzhstns.kz,affiliate
mostbetkzlogin.com,affiliate
mostbetkzlogin.info,affiliate
mostbetlegal.com,affiliate
mostbetlegalny.com.pl,affiliate
mostbetlegalny.pl,affiliate
mostbetlink.com,affiliate
mostbetlive.com,affiliate
mostbetlogin.in,affiliate
mostbetlogin.ink,affiliate
mostbetlogin.pk,affiliate
mostbetlogin.top,affiliate
mostbetloginindia.com,affiliate
mostbetmagyar.com,affiliate
mostbetmarocofficial.com,affiliate
mostbetmindep.lol,affiliate
mostbetmobileapp.com,affiliate
mostbetmobileapp.cz,affiliate
mostbetmx.com.mx,affiliate
mostbetnederland.com,affiliate
mostbetnepal.bet,affiliate
mostbetnepal.casino,affiliate
mostbetnepal.com,affiliate
mostbetnew.com,affiliate
mostbetnewsgame.com,affiliate
mostbetnigeria.net,affiliate
mostbetnp.casino,affiliate
mostbetofficial-pl.ink,affiliate
mostbetofficial.com.co,affiliate
mostbetofficial.pl,affiliate
mostbetofficialapp.com,affiliate
mostbetofficialbd.com,affiliate
mostbetofficialeg.com,affiliate
mostbetofficialhu.com,affiliate
mostbetofficialkg.com,affiliate
mostbetofficialkz.com,affiliate
mostbetofficialsite.cz,affiliate
mostbetofficialwebsite.cz,affiliate
mostbetoffiziell.com,affiliate
mostbetoficial.pt,affiliate
mostbetoficialpt.com,affiliate
mostbetomad.com,affiliate
mostbetonline-de.com,affiliate
mostbetonline-pk.pk,affiliate
mostbetonline-pl.ink,affiliate
mostbetonline-tr.com,affiliate
mostbetonline-tr.net,affiliate
mostbetonline-ua.com,affiliate
mostbetonline-uzb.com,affiliate
mostbetonline.com.pl,affiliate
mostbetonline.net.pl,affiliate
mostbetonlinebet.com,affiliate
mostbetonlinecz.com,affiliate
mostbetonlinekirish.com,affiliate
mostbetop.com,affiliate
mostbetor.com,affiliate
mostbetoyna.com,affiliate
mostbetpakistan.pk,affiliate
mostbetpakistan.run,affiliate
mostbetpartner.com,affiliate
mostbetpartners.net,affiliate
mostbetperu.com,affiliate
mostbetphilippines.com,affiliate
mostbetpk.net,affiliate
mostbetpl-poland.com,affiliate
mostbetpl.it.com,affiliate
mostbetpl.mex.com,affiliate
mostbetpl.net,affiliate
mostbetplay.pl,affiliate
mostbetplayaz.com,affiliate
mostbetplaywin-795.top,affiliate
mostbetplbet.com,affiliate
mostbetplcasino.com,affiliate
mostbetplus1new.ru,affiliate
mostbetpolska-online.pl,affiliate
mostbetpolska.app,affiliate
mostbetpolska.mex.com,affiliate
mostbetportugal.casino,affiliate
mostbetportugal.vip,affiliate
mostbetportuguesa.com,affiliate
mostbetpromocode.in,affiliate
mostbetpt.com,affiliate
mostbetr.com,affiliate
mostbetreg.top,affiliate
mostbetreg1.top,affiliate
mostbetregistration.com,affiliate
mostbetregistration.org,affiliate
mostbetru-8.com,affiliate
mostbetru1.ru,affiliate
mostbetru14.ru,affiliate
mostbetru17.ru,affiliate
mostbetru22.ru,affiliate
mostbetru22newtop.ru,affiliate
mostbetru29newtop.ru,affiliate
mostbetru29newx.ru,affiliate
mostbetru29topnew.ru,affiliate
mostbetru35.ru,affiliate
mostbetru43.ru,affiliate
mostbetru54.ru,affiliate
mostbetru58newtop.ru,affiliate
mostbetru5new.ru,affiliate
mostbets-apk.cz,affiliate
mostbets-apk.org,affiliate
mostbets-ar.com,affiliate
mostbets-az4.info,affiliate
mostbets-az90.com,affiliate
mostbets-azer.top,affiliate
mostbets-azerbaycan.com,affiliate
mostbets-bd.com,affiliate
mostbets-bet.pk,affiliate
mostbets-bonus.cz,affiliate
mostbets-by.com,affiliate
mostbets-casinomagyar.net,affiliate
mostbets-ci.com,affiliate
mostbets-colomb.co,affiliate
mostbets-colombia.com,affiliate
mostbets-de.de,affiliate
mostbets-egypt.com,affiliate
mostbets-hu.com,affiliate
mostbets-hu.net,affiliate
mostbets-hungary.org,affiliate
mostbets-in.com,affiliate
mostbets-ireland.com,affiliate
mostbets-it.com,affiliate
mostbets-kasyno-poland.pl,affiliate
mostbets-kasyno.ink,affiliate
mostbets-kazyno.pl,affiliate
mostbets-maroc.com,affiliate
mostbets-md.com,affiliate
mostbets-nepal.com,affiliate
mostbets-official-india.com,affiliate
mostbets-pl.pl,affiliate
mostbets-polska-2026.ink,affiliate
mostbets-polska.best,affiliate
mostbets-polska.click,affiliate
mostbets-polska.com,affiliate
mostbets-polska.top,affiliate
mostbets-prihlaseni.com,affiliate
mostbets-promo2.com,affiliate
mostbets-qeydiyyat.com,affiliate
mostbets-top-pl.ink,affiliate
mostbets-tr.com,affiliate
mostbets-turkey.com,affiliate
mostbets-turkiye.com,affiliate
mostbets-ua.com,affiliate
mostbets-uzbekistan.com,affiliate
mostbets-win.ru,affiliate
mostbets.bet,affiliate
mostbets.com.co,affiliate
mostbets.com.ua,affiliate
mostbets.cz,affiliate
mostbets.es,affiliate
mostbets.gr,affiliate
mostbets.ink,affiliate
mostbets.kg,affiliate
mostbets.pl,affiliate
mostbets2026.ink,affiliate
mostbets2026.online,affiliate
mostbetsayti-uz.com,affiliate
mostbetsaz.com,affiliate
mostbetsbangladesh.com,affiliate
mostbetsbd.com,affiliate
mostbetscasino-magyar.com,affiliate
mostbetscasino.com,affiliate
mostbetscz.top,affiliate
mostbetsczech.top,affiliate
mostbetsgiris.com,affiliate
mostbetshu.com,affiliate
mostbetsindia.com,affiliate
mostbetsindia.net,affiliate
mostbetsite.net,affiliate
mostbetsitez.com,affiliate
mostbetskachat-kz.org,affiliate
mostbetskg.buzz,affiliate
mostbetskg.com,affiliate
mostbetskg.fun,affiliate
mostbetskz.org,affiliate
mostbetslk.com,affiliate
mostbetsmar.ma,affiliate
mostbetsnepal.com,affiliate
mostbetspakistan.com,affiliate
mostbetspk.com,affiliate
mostbetspolska.com,affiliate
mostbetsport.pl,affiliate
mostbetsports.com,affiliate
mostbetsportuz.com,affiliate
mostbetsx.com,affiliate
mostbett-argentina.com,affiliate
mostbett-com.pl,affiliate
mostbett-hu.com,affiliate
mostbett-nepal.com,affiliate
mostbett-pe.pe,affiliate
mostbett-polska.com,affiliate
mostbett.kg,affiliate
mostbettaz2.com,affiliate
mostbetthailand.com,affiliate
mostbetthailand.top,affiliate
mostbetting-kz.com,affiliate
mostbetting.top,affiliate
mostbettjk.com,affiliate
mostbettpl.com,affiliate
mostbettpl.net,affiliate
mostbettpolska.com,affiliate
mostbettr-online.com,affiliate
mostbettr.com,affiliate
mostbettr.net,affiliate
mostbettr.online,affiliate
mostbetts.co,affiliate
mostbettsonline.pe,affiliate
mostbetturkey.app,affiliate
mostbetturkey.bet,affiliate
mostbetturkey.net,affiliate
mostbetturkey.online,affiliate
mostbetturkey.org,affiliate
mostbetturkey.vip,affiliate
mostbetturki.com,affiliate
mostbeturkey.com,affiliate
mostbetuyukleazerbaycan.com,affiliate
mostbetuz-apk.com,affiliate
mostbetuz-kirishga.com,affiliate
mostbetuz-mosbet.com,affiliate
mostbetuz-uz.net,affiliate
mostbetuz-uzb.com,affiliate
mostbetuz-uzbekistan.com,affiliate
mostbetuz.co,affiliate
mostbetuz.net,affiliate
mostbetuz.one,affiliate
mostbetuz1.top,affiliate
mostbetuz2024.com,affiliate
mostbetuz2025.com,affiliate
mostbetuz3.com,affiliate
mostbetuzb.com,affiliate
mostbetuzbe.com,affiliate
mostbetuzbe.net,affiliate
mostbetuzbek.com,affiliate
mostbetuzbek.net,affiliate
mostbetuzbek.org,affiliate
mostbetuzbeki.com,affiliate
mostbetuzbekis.com,affiliate
mostbetuzbekist.com,affiliate
mostbetuzbekistansayt.com,affiliate
mostbetuzbekistanuz.com,affiliate
mostbetuzbekiston.com,affiliate
mostbetuzbekistons.com,affiliate
mostbetuzbs.com,affiliate
mostbetuzcasino.top,affiliate
mostbetuzk.com,affiliate
mostbetuzs.com,affiliate
mostbetuzuz.com,affiliate
mostbetuzuzbekistan.com,affiliate
mostbetuzx.com,affiliate
mostbetvip.icu,affiliate
mostbetweb.info,affiliate
mostbetworld.info,affiliate
mostbetworld.net,affiliate
mostbetworld.org,affiliate
mostbetworld.top,affiliate
mostbetworld.vip,affiliate
mostbetx.net,affiliate
mostbetyuklabolish-uz.com,affiliate
mostbetyukle.info,affiliate
mostbetyukle.net,affiliate
mostbetyukle.org,affiliate
mostbetyukle.us.com,affiliate
mostbetyukle.xyz,affiliate
mostbetyukle1.net,affiliate
mostbetyukleaz.com,affiliate
mostbetyukleaz.net,affiliate
mostbetyukleaz.org,affiliate
mostbetyukleazb.com,affiliate
mostbetyukleazerbaycan.com,affiliate
mostbetyukleazr.com,affiliate
mostbetyuklez.org,affiliate
mostbetz-hu.com,affiliate
mostbetz-np.com,affiliate
mostbetz-pakistan.com,affiliate
mostbetz-pl.com,affiliate
mostbetzuzb.com,affiliate
mostbookie.com,affiliate
mostccnis.online,affiliate
mostgiris.com,affiliate
mostkupon.com.tr,affiliate
mostowi.pl,affiliate
motelhiiservice.com,affiliate
motionsavvy.com,affiliate
motorospark.hu,affiliate
mountvillemanali.com,affiliate
mozhetsushi.ru,affiliate
moztbet.kz,affiliate
mrlgurahudyog.co.in,affiliate
ms-mmc.com,affiliate
msotbet.com,affiliate
mst-luckywheel.com,affiliate
muchogaming.com,affiliate
muntaqa.info,affiliate
murmanskiceswimming.ru,affiliate
muromtseva.com,affiliate
musicatsaintalbans.org,affiliate
musiconthemovedjs.com,affiliate
musikaly.ru,affiliate
muslife.net,affiliate
muzblue.net,affiliate
muzycznybeatfm.pl,affiliate
my-atomy.info,affiliate
my-ladbrokes.com,affiliate
myacc-cash-dhaka3.top,affiliate
myacc-roll-kz2025.top,affiliate
myaccbetin3.top,affiliate
myaccpotpear1.top,affiliate
myforexnews.com,affiliate
mypost.kz,affiliate
mypsyedu.ru,affiliate
naaas.pt,affiliate
nagymamahazikoja.hu,affiliate
najmiddinmavlyanov.com,affiliate
nakhchivantourinfo.com,affiliate
nakhichevanmonuments.com,affiliate
nakhitsolutions.com,affiliate
narexpha.cz,affiliate
nasizz.hu,affiliate
nationalpastorsconvention.com,affiliate
nauvoo.net,affiliate
navat.com.kz,affiliate
navijaky.net,affiliate
nctva.org,affiliate
nd-gallery.com,affiliate
ndsegfellowships.org,affiliate
nedeli.org,affiliate
neekazar.com,affiliate
nemanex.pl,affiliate
nepalvpn.net,affiliate
neverstopexploring.pl,affiliate
newlookhydrographics.com,affiliate
news4land.com,affiliate
newshit.ru,affiliate
newstartactors.com,affiliate
nextep.design,affiliate
nftinvestorjournal.com,affiliate
nggi.uz,affiliate
niargames.com,affiliate
nicetoeatyou.es,affiliate
nidicareers.in,affiliate
niekasyno.pl,affiliate
niewidzialnygdansk.pl,affiliate
niger-gouv.org,affiliate
nikoohomes2.co.in,affiliate
nisabeautysalon.com,affiliate
nm-masters.com,affiliate
notbankrotspb.ru,affiliate
noticiasdonordeste.pt,affiliate
notimeforpoverty.org,affiliate
novadotnet.com,affiliate
novostigyandji.com,affiliate
nownessmoscow.com,affiliate
npramsanehighat.in,affiliate
ntec.org.pl,affiliate
nuhun.net,affiliate
number9my.com,affiliate
nurtobe.com,affiliate
nurullohuz.com,affiliate
nutridom.ru,affiliate
o-telegin.ru,affiliate
obaykale.ru,affiliate
obitel-dobra.ru,affiliate
obyektivxeber.com,affiliate
ocbscores.com,affiliate
ocdswaw.org,affiliate
oddssurest.com,affiliate
odrowaz24.pl,affiliate
ofertasdecasinos.com,affiliate
offer-pot-braza3.top,affiliate
offerchipsteppe.top,affiliate
offergainbra2.top,affiliate
offerjackpotru3.top,affiliate
offerplaykaz1.top,affiliate
offerplayrf2026.top,affiliate
offerslotind2.top,affiliate
ojaja.kz,affiliate
okeeffe-shoes.com,affiliate
okubo.ru,affiliate
okulyk-edu.kz,affiliate
oleads.in,affiliate
omegasport.kg,affiliate
onlaynkazino-uz.com,affiliate
onlaynpoker-uzbek.com,affiliate
online-betting.pk,affiliate
online-giris-resmi.ink,affiliate
online-mostbet-slots10.top,affiliate
online-mostbet-slots7.top,affiliate
online-mostbet-slots8.top,affiliate
online-mostbet-slots9.top,affiliate
online-mostbet.cz,affiliate
online-resmi-giris.ink,affiliate
onlinecasino7777.com,affiliate
onlinecasinomoldova.com,affiliate
onlinecasinoplaycasinomostbet.com,affiliate
onlinecasinovegas777.com,affiliate
onlinecasinovegass.com,affiliate
onlinefilm-obzor.com,affiliate
onlinesportsbooksguide.com,affiliate
oooliberty25.ru,affiliate
opolearoundiceland.pl,affiliate
opus-praha.cz,affiliate
oranjbooks.com,affiliate
orayin.org,affiliate
orduolay.com.tr,affiliate
originalni-samolepky.cz,affiliate
orionholiday.ru,affiliate
ormanizmir.org,affiliate
oryoldlc.org,affiliate
osavosa.cz,affiliate
oscarfurs.com,affiliate
osgrrr.com,affiliate
ostrov-grad.ru,affiliate
otaru-net.com,affiliate
owbing.com,affiliate
ozabet.org,affiliate
pagnific.com,affiliate
pakistan-betting-apps.com,affiliate
pakistan-casinos.com,affiliate
pakistan-mostbet.com,affiliate
pakistan-mostbet1.com,affiliate
pakistan-mostbet2.com,affiliate
pakistansuperleague.com.pk,affiliate
palmemirates.in,affiliate
papirusstudio.com,affiliate
paradosik-handmade.ru,affiliate
parahacker.com,affiliate
paravizionz.com,affiliate
pareform.ru,affiliate
parent2parentnj.org,affiliate
parimatchukraine.cz,affiliate
partners.org.kz,affiliate
passivesentencechecker.com,affiliate
patient.org.in,affiliate
patnabeats.com,affiliate
pawtasticgrooming.com,affiliate
pbwcconference.org,affiliate
pceaheadoffice.org,affiliate
pekguzelsozler.com,affiliate
penghasilanjudiolahraga.com,affiliate
penniesfortheplanet.org,affiliate
pensacolanavydays.com,affiliate
penzion-polka.cz,affiliate
perlaacademy.com,affiliate
pestabetcantik.com,affiliate
pezeshk20.com,affiliate
pfmlogin.org,affiliate
pharmacotherapyjournal.org,affiliate
phsuaritmadergisi.com,affiliate
pick-gain-bengal3.top,affiliate
pick-slots-ind3.top,affiliate
pick-slots-rus2025.top,affiliate
pickstakebraza2.top,affiliate
pioro.ru,affiliate
piter-maydan.ru,affiliate
piyasabeklenti.com,affiliate
pkdeveloper.in,affiliate
pkmostbet.com,affiliate
pl-most-bet.com,affiliate
pl-mostbet.com,affiliate
planet-w1.ru,affiliate
plavatmozet.ru,affiliate
play-mostbet.com,affiliate
play-nova-center.click,affiliate
playcasinomostbet.com,affiliate
playmostbet.com,affiliate
playonlinecasino.online,affiliate
playradarapp.com,affiliate
playwisecanada.com,affiliate
plmostbet.com,affiliate
ploter.io,affiliate
pma-ntp.ru,affiliate
podari-yspeh.ru,affiliate
podarokzaberytut.ru,affiliate
podobne-kasyna-online.gb.net,affiliate
podobne-kasyna.gb.net,affiliate
polska-mostbet.com,affiliate
polskamostbet.com,affiliate
polski-mostbet.pl,affiliate
polyadmission.in,affiliate
polymerflame.pro,affiliate
pomocskolam.cz,affiliate
portshop.pl,affiliate
portugalmostbet.com,affiliate
poslaniecantoniego.pl,affiliate
postrnistibos.cz,affiliate
ppcervenak.cz,affiliate
ppi.net.ua,affiliate
praguesoft.cz,affiliate
praqrado.com,affiliate
praxisarchaeologica.org,affiliate
prazdnik.info,affiliate
predictorcheck.com,affiliate
premioshospitaloptimista.org,affiliate
presidentjobs.info,affiliate
pressdent.net,affiliate
pressforfreedom.org,affiliate
prestigesglenbrook.in,affiliate
priemnaya.info,affiliate
prima-center.net,affiliate
primemallsivas.com.tr,affiliate
primtala.ru,affiliate
printhouse64.com,affiliate
prize-casino-braza2026.top,affiliate
prize-roll-bang2025.top,affiliate
prizechiplk2026.top,affiliate
prizecorrect.ru,affiliate
pro-bet-kz.top,affiliate
pro-remont-kotlov.kz,affiliate
pro8.kz,affiliate
proalabaev.ru,affiliate
profiambau.cz,affiliate
profilebetbengal1.top,affiliate
profposudaspb.ru,affiliate
progressiveislam.info,affiliate
promo-mostbet.com,affiliate
promo1-mostbet.com,affiliate
promocode-mostbet.com,affiliate
promocodemostbet.com,affiliate
promotous.ru,affiliate
promotoyotadepok.net,affiliate
pronajembytu-praha.cz,affiliate
propiska-v-schools.online,affiliate
propochtabank.com,affiliate
proryazan.com,affiliate
prouddinosaurs.com,affiliate
proverka.kg,affiliate
psbkvest.ru,affiliate
psi-kocky.cz,affiliate
pspmakosy.pl,affiliate
pumpaspb.ru,affiliate
qmcreativefest.kz,affiliate
quanticdespert.com,affiliate
quantumaicz.com,affiliate
qurban2021.kz,affiliate
radient-pharma.com,affiliate
radio1909.it,affiliate
radiostatic.co,affiliate
raenshop.ru,affiliate
raisboy.shop,affiliate
rankplaylk.top,affiliate
rawfitnesslv.com,affiliate
realmanrussia.com,affiliate
rebekahlowrillewelyn.com,affiliate
recuperar.eng.br,affiliate
reginakerekpar.hu,affiliate
regis-debant-psy.com,affiliate
renevalneo.cz,affiliate
rescue-horizon-europe.org,affiliate
resmi-casino.ink,affiliate
resmi-giris-az.ink,affiliate
resmi-giris-yap.art,affiliate
resmi-giris-yap.org,affiliate
resmi-giris-yap1.org,affiliate
resmi-giris.art,affiliate
resmi-mostbet-giris.ink,affiliate
respect-obuwie.pl,affiliate
restauracjapiast.pl,affiliate
retrotechno.ru,affiliate
reviewsrevues.com,affiliate
revive275.org,affiliate
rewardslotsteppe1.top,affiliate
rextstout.ru,affiliate
rezepter.eu,affiliate
rfs21.ru,affiliate
rgmprice.com,affiliate
risaleajans.com,affiliate
ritkar.com,affiliate
rivaelmasburnuplajservisi.com,affiliate
rlef.eu.com,affiliate
rmclinica.ru,affiliate
rms-moto.cz,affiliate
rockymountainbaking.com,affiliate
rojabetcasino.cl,affiliate
rokkitchentools.com,affiliate
rokoko.org.pl,affiliate
rollermart.ru,affiliate
rostnp.ru,affiliate
rostov-kassa.com,affiliate
rostovcomtrans.ru,affiliate
roswellrods.com,affiliate
rotaryamur.ru,affiliate
roundtheworldflights.com,affiliate
royaofficial.com,affiliate
rpgbyty.cz,affiliate
rsbf.org,affiliate
rsuddepatihamzah.com,affiliate
rublix.site,affiliate
rumostbet.com,affiliate
runningbyrdteacompany.com,affiliate
rus-mostbet.com,affiliate
russia-mostbet.com,affiliate
russiaga.com,affiliate
russkie-seriali.com,affiliate
sabaktar.kz,affiliate
safechipbang.top,affiliate
saintclassified.pk,affiliate
saintjanedechantal.com,affiliate
salifar.com,affiliate
salonclea.cz,affiliate
samaragtech.com,affiliate
samtelemaster.ru,affiliate
sanmarglive.com,affiliate
saraconca.com,affiliate
sarasoz.kz,affiliate
sashasonhotels.com,affiliate
saturnoilopen.com,affiliate
sbmgelearning.in,affiliate
sbmrb.com,affiliate
schedule1.wiki,affiliate
schoolchess.uz,affiliate
scrrs.ru,affiliate
sdelka102.ru,affiliate
se.kg,affiliate
sebastiancpeter.com,affiliate
secret-room-clothes.ru,affiliate
semeyairport.kz,affiliate
seo-unicorn.pl,affiliate
seotehnologia.ru,affiliate
seoulgardentogo.com,affiliate
setodetools.ir,affiliate
sevakmusic.ru,affiliate
sevensflower.com,affiliate
sezamshop.ru,affiliate
sg-trenink.cz,affiliate
sgforum.cz,affiliate
shar-23.ru,affiliate
sharafali.in,affiliate
shashlikyug.ru,affiliate
sherlockseries.ru,affiliate
shiftingquotes.in,affiliate
shineprojects.in,affiliate
shopthema.com,affiliate
shopwagandtail.com,affiliate
shrimaheshwarisamaj.org,affiliate
siembraneumatica.com.ar,affiliate
signslate.com,affiliate
sikhaid.in,affiliate
simplyfree.ru,affiliate
sionpartaitenvoyage.com,affiliate
sirinbabykids.com,affiliate
sishome.cz,affiliate
siyamder.org,affiliate
skachat-mostbet.com,affiliate
skazka-orsk.ru,affiliate
skinkeen.ru,affiliate
sleater-kinney.org,affiliate
slot-casino.site,affiliate
sloterman-br.com,affiliate
slotoved.com,affiliate
slovarik.org,affiliate
smart-pot-bra.top,affiliate
smartcarsnz.com,affiliate
smartcityscale.com,affiliate
smartsports-betting.com,affiliate
smarttomsk.com,affiliate
sme-tinkoff-business.ru,affiliate
smirnov-as.ru,affiliate
snbnso.ru,affiliate
sneakerside.kz,affiliate
sochilestoriya.ru,affiliate
sociosapiensmedia.in,affiliate
sofocle.com,affiliate
solaramendi.com,affiliate
solo-spb.ru,affiliate
solutions4u.in,affiliate
somaliembassyuae.com,affiliate
soncetrio.com,affiliate
sosnovayaroscha.com,affiliate
sosses-ufa.ru,affiliate
soundforsage.ru,affiliate
southerncottagegifts.com,affiliate
sovereignurgentcare.com,affiliate
spartanstabletennisclub.com,affiliate
specialsport.cz,affiliate
spint.online,affiliate
spoonfulofflour.com,affiliate
sport-betting-world.com,affiliate
sport-casino-in2.top,affiliate
sport-casino-kz1.top,affiliate
sport-mostbet.org,affiliate
sport-na-donu.ru,affiliate
sportbetting-world.com,affiliate
sportbettingsstrategy.com,affiliate
sportegyfutures.cz,affiliate
sportialize.com,affiliate
sportim.ru,affiliate
sportjackpotbra3.top,affiliate
sportoferton.com,affiliate
sportpref.ru,affiliate
sportpromokoduz.com,affiliate
sports.ru,affiliate
sportsbettingstrategy.fr,affiliate
sportsbettingstrategy.org.ua,affiliate
sportsbettingstrategyir.com,affiliate
sportsbettingstrategyke.com,affiliate
sportslotceylon4.top,affiliate
sportstatistika-uz.com,affiliate
sportstrategiya-uz.com,affiliate
sporttikishuz.com,affiliate
sportuz.tv,affiliate
spotmotorcycles.com,affiliate
srilankanrestaurant.cz,affiliate
ssm-rostov.ru,affiliate
st-martory.com,affiliate
stabilniydoxod.ru,affiliate
stafbul.com,affiliate
standardizations.org,affiliate
stareczarnowo.org,affiliate
starpublictrans.com,affiliate
stavby-dvorak.cz,affiliate
stavimlinux.ru,affiliate
stelizabethchurch.org,affiliate
sternwheel.sbs,affiliate
stevenpittassociates.com,affiliate
sticonline.in,affiliate
stilno.info,affiliate
stoljar.ru,affiliate
stopat4.com,affiliate
stropygruz.ru,affiliate
studbirga.info,affiliate
stulya-tualety.ru,affiliate
sugarrush1000mostbet.com,affiliate
suithetic.com,affiliate
sulfatodecobre.org,affiliate
sunmonstudio.com,affiliate
supabetcasino-portugal.com,affiliate
susansmarkdale.com,affiliate
sushivilleny.com,affiliate
svatbyjuliana.cz,affiliate
sweet-bonanza.kz,affiliate
sweetie-road.com,affiliate
synergygroup.az,affiliate
szallas-lista.hu,affiliate
szegybp.org,affiliate
szkitiarock.hu,affiliate
sztchacrylic.com,affiliate
tagid.ru,affiliate
taica.in,affiliate
taihouse.ru,affiliate
takecareinfo.com,affiliate
taksi-na-vokzal.ru,affiliate
tamericsdc.org,affiliate
tana-rus.ru,affiliate
tanyavolkova.ru,affiliate
tanzaniabetting.net,affiliate
taobao-kz.kz,affiliate
taquierotaco.com,affiliate
tarbush-my.com,affiliate
taruhanolahraga-pintar.com,affiliate
taruhanterbaik.com,affiliate
taxiairportvnukovo.ru,affiliate
tcs-tz.org,affiliate
teamsidorova.ru,affiliate
tech-world.cz,affiliate
techschools.in,affiliate
tedxbeu.com,affiliate
tedxyouthprague.cz,affiliate
tekoplast.net,affiliate
telecharger-mostbet-apk-maroc.com,affiliate
telegram-region.com,affiliate
teniszfuzfo.hu,affiliate
tennistahlil.com,affiliate
teplovoy-service.ru,affiliate
terlannovxani.info,affiliate
teslacountry.com,affiliate
test-cisticek-vzduchu.cz,affiliate
texascampcompany.com,affiliate
thabetviet.com,affiliate
thebananaverse.com,affiliate
thebridges.ru,affiliate
theenclaveatpalmira.org,affiliate
theepifitnessclub.com,affiliate
thegpcfiles.com,affiliate
themongomcmichaels.com,affiliate
thenailspas.net,affiliate
thesapphiregrand.in,affiliate
theweblink.in,affiliate
thewombforums.com,affiliate
think-renewable.com,affiliate
thrivefesttx.org,affiliate
tilgroup.ru,affiliate
timecpd.net,affiliate
tinseltoes.in,affiliate
tl-topline.ru,affiliate
tmz.az,affiliate
toearnbookmaker.com,affiliate
toearnsportsbetting.com,affiliate
tofiq-haciyev.com,affiliate
tohoku-magnet-inst.com,affiliate
tolgatemel.com,affiliate
tomorrowrest.ru,affiliate
tonmau.com,affiliate
too-ashuu.kg,affiliate
top-mostbet.pl,affiliate
top-win-kz2025.top,affiliate
topolowka.pl,affiliate
topsitestreaming.net,affiliate
tot93.kz,affiliate
train-sim.cz,affiliate
transenergo.kz,affiliate
trashvoyage.com,affiliate
trattoriarest.ru,affiliate
travelbeautifulindia.com,affiliate
trialcoreross1.top,affiliate
trockeneis.net,affiliate
trojmezi.info,affiliate
trollbeadscz.com,affiliate
tropamivelesa.ru,affiliate
tropicpark.ru,affiliate
trtprague.cz,affiliate
trustedcasinolab.com,affiliate
ts-si.org,affiliate
tsgdom23.ru,affiliate
tuddmeg.hu,affiliate
tudodecarros.com,affiliate
turanet.ru,affiliate
turkdunyasi.kz,affiliate
turkiye-resmi-giris.ink,affiliate
turnitinintihalraporu.com,affiliate
tuulride.com,affiliate
tvshownewz.com,affiliate
twojenowinki.pl,affiliate
twt-logistics.com,affiliate
ufahockey.ru,affiliate
ugandavpn.net,affiliate
ujratervezni.com,affiliate
uklidimesos.cz,affiliate
ultra-ecodez.ru,affiliate
un-plasticcollective.in,affiliate
una-unso.info,affiliate
unbridledspeculation.com,affiliate
underdogwinemerchants.com,affiliate
uneoliveraiedenimes.com,affiliate
unitedclubsofwaco.org,affiliate
unttld-contemporary.com,affiliate
uptrgss.ru,affiliate
uralvideo.ru,affiliate
urdu.kz,affiliate
urdutech.net,affiliate
usavisasonline.com,affiliate
usoseda.kz,affiliate
ussr.to,affiliate
utro.cz,affiliate
uz-game.com,affiliate
uz-mostbet-live.com,affiliate
uz-mostbet-online.com,affiliate
uzb-koeftalil.com,affiliate
uzb-mostbet.com,affiliate
uzb-mostbett.com,affiliate
uzb-slotmashinalari.com,affiliate
uzbek-casinos.com,affiliate
uzbek-mostbet.com,affiliate
uzbekfutbol-uzb.com,affiliate
uzbekimostbet.com,affiliate
uzbekistan-mostbett.com,affiliate
uzbekistan1-mostbet.com,affiliate
uzbekiston-mostbet.com,affiliate
uzbekiston-mostbet1.com,affiliate
uzbekiston-mostbet2.com,affiliate
uzbekiston-mostbet3.com,affiliate
uzbekskoe.org,affiliate
uzbk-mostbet.com,affiliate
uzbvaluebet.com,affiliate
uzjonlikazino.com,affiliate
uzmanapk.com,affiliate
uzmostbets.com,affiliate
uzreyting.com,affiliate
vadar.org,affiliate
vaptos.cz,affiliate
vavada-camp39.tech,affiliate
vazkananiti.cz,affiliate
vbet-casino-tr.com,affiliate
vbet-kasino-turkiye.com,affiliate
vdamos.cz,affiliate
vdvkids.ru,affiliate
veddkomolyan.eu,affiliate
vekarta.com,affiliate
vektor-avto.ru,affiliate
velic.io,affiliate
velsvidyashram.in,affiliate
verdict-bet-lagos2026.top,affiliate
verdictacebr4.top,affiliate
verdictbetabuja2026.top,affiliate
versus-play-in.top,affiliate
versusbetind.top,affiliate
versusslotsteppe4.top,affiliate
veteknoloji.net,affiliate
vettechguide.org,affiliate
vioscafe.com,affiliate
visakhapatnamnyt.in,affiliate
vistavino.co,affiliate
vitainfo.uz,affiliate
vital-france.com,affiliate
vivocb.cz,affiliate
vkus-uspexa.ru,affiliate
vmedcollege-emily.kz,affiliate
vmlcedusomanahalli.in,affiliate
vogacode.com,affiliate
vorota-shymkent.kz,affiliate
voucher-wager-bang3.top,affiliate
vpksport.ru,affiliate
vprognoze365.ru,affiliate
vs-box-ru.top,affiliate
vsevologsk.com,affiliate
vtb-meetup.ru,affiliate
vynesimozg.com,affiliate
vystavamineralu.cz,affiliate
wayouthunion.com,affiliate
webchutney.pk,affiliate
webmart.com.pl,affiliate
websketches.ru,affiliate
wedigmetaldetectors.net,affiliate
weeklyadthisweek.com,affiliate
wefe-nexus-medconf-2021.eu,affiliate
wesoleosemki.pl,affiliate
whitelineczech.com,affiliate
whoami-center.ru,affiliate
whynet.kz,affiliate
wikibrite.com,affiliate
wildproduction.ru,affiliate
williesbrewnquethehill.com,affiliate
wiltonmarketcork.com,affiliate
winterland.pk,affiliate
wirelessequipments.in,affiliate
wizico.kz,affiliate
wocreator.com,affiliate
wolontariatschroniskozamosc.pl,affiliate
woodbag.cz,affiliate
woodman.uz,affiliate
workindoor.com,affiliate
worldgymnaestrada2023.com,affiliate
worldhopeaz.org,affiliate
wpacracker.com,affiliate
wulingbekasi.com,affiliate
wyszczekane.com,affiliate
xbet-apk.org,affiliate
xezer.info,affiliate
xn----7sbaabac0fxa0c4cpb8g.xn--p1ai,affiliate
xn----7sblsa0affsil3n.xn--p1ai,affiliate
xn----9sbddjciqz0a8ld.xn--p1ai,affiliate
xn--80-9kcmeb3dh.xn--p1ai,affiliate
xn--80afc4bal.xn--d1acj3b,affiliate
xn--igbhb6b1ejmbcpbuh.com,affiliate
xn--mostbet-azrbaycan-t7g.com,affiliate
xn--mostbt-fva.com,affiliate
xn--motbet-4ib.com,affiliate
xn--motbet-ckb.com,affiliate
xn--ngbdb7a3fsar.com,affiliate
xokkeyprognoz.com,affiliate
xxx-mostbet.top,affiliate
yalovabasin.com,affiliate
yaraticilik.org,affiliate
yasam-finans.com,affiliate
yasamajans.org,affiliate
yasamayavefeweb.com,affiliate
yasarkenyazilantarih.com,affiliate
yatoro.ru,affiliate
yaxta.info,affiliate
yedekanahtarci.com,affiliate
yegetsin.com,affiliate
yeni-giris.ink,affiliate
yeni.ink,affiliate
yenigelecek.com.tr,affiliate
yeninesilprefabrik.com,affiliate
yeralaproject.in,affiliate
yorkmini.ru,affiliate
yourbettinghelp.com,affiliate
yoursleepstory.ru,affiliate
yovicat.cz,affiliate
yoxvalleypartnership.org,affiliate
yuklab-olish.net,affiliate
yukle-mostbet-az.com,affiliate
yunanfilmgunleri.com,affiliate
yutoritenshoku.com,affiliate
z-esthetic.pl,affiliate
zadumka-samara.ru,affiliate
zagrajsweetbonanza.com,affiliate
zagraniczne-kasyna.net,affiliate
zakaz.kg,affiliate
zakochajsiewkolorze.pl,affiliate
zaman.kg,affiliate
zamankurs.com,affiliate
zaramago.co,affiliate
zbeadwork.com,affiliate
zbexsol.com,affiliate
zdravbiysk.ru,affiliate
zefrenchlady.com,affiliate
zendurance.co.in,affiliate
zentralblattmath.org,affiliate
zerkala-mostbet.site,affiliate
zerkalo031.top,affiliate
zerkalo1-mostbet.com,affiliate
zerkalomostbet11.ru,affiliate
zerkalomostbet11newtop.ru,affiliate
zerkalomostbet11top.ru,affiliate
zerozero.com.tr,affiliate
zhilstroyresurs.org,affiliate
zinexo.xyz,affiliate
zlaptaxi.pl,affiliate
zmyslkobiecy.pl,affiliate
zonaspace.ru,affiliate
zoomstudio.cz,affiliate
zverado.cz,affiliate
1000bookmakers.com,not-affiliate
100tn.ru,not-affiliate
101poisk.ru,not-affiliate
120under40.org,not-affiliate
1386.world,not-affiliate
1canticonuevo.com,not-affiliate
1kms.uz,not-affiliate
1pk.bet,not-affiliate
1pkbet.com,not-affiliate
1serbajp.com,not-affiliate
1vyn.club,not-affiliate
1win-argentina-casino.com,not-affiliate
1win-az.com,not-affiliate
1win-jetx-game.com,not-affiliate
1winappghana.com,not-affiliate
1xaviator-kg.com,not-affiliate
1xbet-1xbet.online,not-affiliate
200pajaktoto.co,not-affiliate
21bit-casino-game-au.com,not-affiliate
222j.net,not-affiliate
24-bet.ru,not-affiliate
247sports.com,not-affiliate
24betting-ind.com,not-affiliate
24betting-india1.com,not-affiliate
24mostbet.click,not-affiliate
25newsnow.com,not-affiliate
26obr.ru,not-affiliate
2j.app,not-affiliate
2j001.com,not-affiliate
2jaff.com,not-affiliate
2jay.bet,not-affiliate
2jays.bet,not-affiliate
2jbr.bet,not-affiliate
2jbr.com,not-affiliate
2jearn.com,not-affiliate
2jjay.com,not-affiliate
2jjays.com,not-affiliate
2jshare.com,not-affiliate
2jtwojay.com,not-affiliate
2tech.net,not-affiliate
311streamsystemcom.top,not-affiliate
333betmost.com,not-affiliate
360academia.cl,not-affiliate
3bets.ru,not-affiliate
3d4growth.com,not-affiliate
3design.cz,not-affiliate
3wy.pl,not-affiliate
4466bet1m.com,not-affiliate
4boss.ru,not-affiliate
4d2ulived.com,not-affiliate
4sarangsbobet.com,not-affiliate
555lottery.app,not-affiliate
5deswing.com,not-affiliate
5oclockrock.ro,not-affiliate
63999.store,not-affiliate
666-br.com,not-affiliate
66vey.com,not-affiliate
6abc.com,not-affiliate
6ters.com,not-affiliate
777olimp.asia,not-affiliate
777olimp.land,not-affiliate
777olimp.link,not-affiliate
77bzbet.com,not-affiliate
7lg33.com,not-affiliate
7lg365.com,not-affiliate
7lg55.com,not-affiliate
7lg6.com,not-affiliate
7lg88.com,not-affiliate
7lgaa.com,not-affiliate
7lgbb.com,not-affiliate
7lgcasino.com,not-affiliate
7lgcc.com,not-affiliate
7lgwin.com,not-affiliate
7sarangsbobet.com,not-affiliate
7sun.bet,not-affiliate
877-bet.pk,not-affiliate
888mbet.org,not-affiliate
888sport.com,not-affiliate
88bzbet.com,not-affiliate
8ballroofing.com,not-affiliate
8kbdgame.com,not-affiliate
918kiss.org.uk,not-affiliate
92foundationmuktagacha.org,not-affiliate
99garage.pl,not-affiliate
9dbetweb.com,not-affiliate
a-instrument66.ru,not-affiliate
a-mtk.ru,not-affiliate
a1tech.com.do,not-affiliate
abc10.com,not-affiliate
abc7news.com,not-affiliate
abcnmembers.com,not-affiliate
abeille22.fr,not-affiliate
abigcandyk.com,not-affiliate
abinawaf.com,not-affiliate
ablfoods.com.tr,not-affiliate
about.google,not-affiliate
aboutyourstyle.ru,not-affiliate
aboveallmaintenance.com.au,not-affiliate
ac6ruv8t.ru,not-affiliate
acacialanedolls.com,not-affiliate
acaciastables.com,not-affiliate
academia13razones.com,not-affiliate
academspa.ru,not-affiliate
academybaby.com,not-affiliate
acarta.de,not-affiliate
accademiamodena1912.com,not-affiliate
actionnetwork.com,not-affiliate
acuteceramic.com,not-affiliate
adafashion.pl,not-affiliate
adappliancerepairs.com,not-affiliate
adincomer.com.pe,not-affiliate
adivchem.com,not-affiliate
adventistasvillanorte.com,not-affiliate
adventuregamers.com,not-affiliate
advntgsports.com.au,not-affiliate
aerltd.uk,not-affiliate
aestheticplace.cl,not-affiliate
affpapa.com,not-affiliate
affpaying.com,not-affiliate
afrocityclub.ru,not-affiliate
ag1616g.com,not-affiliate
agarwalbhawanujjain.in,not-affiliate
agencenewone.com,not-affiliate
agenolx.net,not-affiliate
agenolx7.com,not-affiliate
agenolxbel.com,not-affiliate
agenolxbold.info,not-affiliate
agenolxcong.com,not-affiliate
agenolxinbox.net,not-affiliate
agenolxjule.net,not-affiliate
agenolxking.com,not-affiliate
agenolxlae.net,not-affiliate
agenolxlai.com,not-affiliate
agenolxlay.com,not-affiliate
agenolxloro.com,not-affiliate
agenolxnyai.com,not-affiliate
agenolxpov.com,not-affiliate
agenolxset.com,not-affiliate
agenolxsms.net,not-affiliate
agenolxsoka.net,not-affiliate
agenolxsora.com,not-affiliate
agenolxtayo.com,not-affiliate
agenolxup.com,not-affiliate
agenolxwon.info,not-affiliate
agenolxwowo.com,not-affiliate
agenolxzero.info,not-affiliate
agriturismobobbio.com,not-affiliate
aha.video,not-affiliate
ahlens.se,not-affiliate
aiadstore.com,not-affiliate
aideadomiciletoulouse.net,not-affiliate
ainoveltranslation.com,not-affiliate
aist-st.ru,not-affiliate
aiwekrona.ru,not-affiliate
ajaib8.net,not-affiliate
akademiayna.com,not-affiliate
akcentsvet.ru,not-affiliate
akdenizim.net,not-affiliate
akkumulator.net,not-affiliate
akmo.kz,not-affiliate
akvaprof.ru,not-affiliate
al.com,not-affiliate
alainlea.com,not-affiliate
alanda-hirurgia.kz,not-affiliate
alandahirurgiakz.cfd,not-affiliate
albeikcars.com,not-affiliate
alergologia-murawska.pl,not-affiliate
alex-peroni.com,not-affiliate
alexandermoverschi.com,not-affiliate
alexis-korner.net,not-affiliate
alfagiannakidis.gr,not-affiliate
alfalahghp.com,not-affiliate
algorithm-steps.site,not-affiliate
algorithmsteps.site,not-affiliate
algorithmsteps.space,not-affiliate
alibaba.com,not-affiliate
alicantoazul.cl,not-affiliate
alina-cosmetics.com,not-affiliate
alkohol-alkoholismus.info,not-affiliate
allbetsnews.net,not-affiliate
allcloud.kz,not-affiliate
allegropackage.com,not-affiliate
alliedboneandjoint.com,not-affiliate
allmandoz.com,not-affiliate
allmolecules.co.in,not-affiliate
allrecipes.com,not-affiliate
almanac.com,not-affiliate
almawasimstore.com,not-affiliate
almost-br.bet,not-affiliate
almostbeta.com,not-affiliate
almostbetterthansex.com,not-affiliate
almostbety.com,not-affiliate
alpanahabib.com,not-affiliate
alphabet777.org,not-affiliate
alphaelectrical.in,not-affiliate
alsayeghevents.com,not-affiliate
alsi-ft.ru,not-affiliate
alsiexpress.com,not-affiliate
altavistadeboracay.com,not-affiliate
alto-gamma-ray-observatory.org,not-affiliate
alwaysprofessionalpm.com,not-affiliate
amar-school.com,not-affiliate
amarant73.ru,not-affiliate
amazonaws.com,not-affiliate
ambridgeevents.com,not-affiliate
americanas.com.br,not-affiliate
americanbaseball2020.com,not-affiliate
americanbenefitprogramme.com,not-affiliate
americasgreatsurvivalgear.com,not-affiliate
americataxsolvers.com,not-affiliate
amexcar.sk,not-affiliate
amiga-life.com,not-affiliate
amineradi.com,not-affiliate
amistadisrael.com,not-affiliate
amministrazionestabili.net,not-affiliate
amorettiprofumi.com,not-affiliate
amp-best-game691.cfd,not-affiliate
amp-best-play573.cfd,not-affiliate
amp-evadesignn.ru,not-affiliate
amp-game-best-65.cfd,not-affiliate
amp-game-online-42.cfd,not-affiliate
amp-game-online518.cfd,not-affiliate
amp-game-super176.cfd,not-affiliate
amp-game-super937.cfd,not-affiliate
amp-game-top915.cfd,not-affiliate
amp-online-top254.cfd,not-affiliate
amp-play-top893.cfd,not-affiliate
amp-site-best-77.cfd,not-affiliate
amp-super-best192.cfd,not-affiliate
amp-super-best851.cfd,not-affiliate
amp-super-top815.cfd,not-affiliate
amp-tkd-gepard.ru,not-affiliate
amp-win-best904.cfd,not-affiliate
amp77mostbet.com,not-affiliate
ampgomostbet.net,not-affiliate
ampgomostbet543.net,not-affiliate
ampmostbet365.com,not-affiliate
ampnew-login.top,not-affiliate
amulet-freji.ru,not-affiliate
amunra-caino-au.com,not-affiliate
amystewartwriter.com,not-affiliate
anastasiaseregina.ru,not-affiliate
anatoliancommunity.com.au,not-affiliate
android-station.ru,not-affiliate
androidbootanimation.com,not-affiliate
androidp1.com,not-affiliate
androidzor.com,not-affiliate
andysummersbook.com,not-affiliate
anekatrip.com,not-affiliate
answers.com,not-affiliate
anthroposophyindia.org,not-affiliate
antigeli.ru,not-affiliate
antiguajaboneriamexicana.com,not-affiliate
aol.com,not-affiliate
aot-electronics.com,not-affiliate
ap77.live,not-affiliate
ap77.win,not-affiliate
apk-domain-kz.com,not-affiliate
apk-most-bet-casino.ru,not-affiliate
apk-mostbet-kz.com,not-affiliate
apk-mostbet.com,not-affiliate
apk-mostru.com,not-affiliate
apkbaji.com,not-affiliate
apkking.in,not-affiliate
apkmostbet.com,not-affiliate
apkmostbet.mobi,not-affiliate
apkpure.net,not-affiliate
aplacetohotels.com,not-affiliate
apple.com,not-affiliate
appmarsh.com,not-affiliate
apps.apple.com,not-affiliate
aprenderjuridico.com,not-affiliate
apuestas24.info,not-affiliate
aquablu.it,not-affiliate
aquaplus-solutions.com,not-affiliate
arabic-perfume.ru,not-affiliate
arahaberi.com,not-affiliate
arballoon.net,not-affiliate
archlinexp.com,not-affiliate
ard-europe.org,not-affiliate
ardahanhudut.com,not-affiliate
argentinaopentennis.com,not-affiliate
arkai.pe,not-affiliate
armadagrup.ru,not-affiliate
armastek-pl.com,not-affiliate
armax-yug.ru,not-affiliate
arnotts.ie,not-affiliate
arowaisiofficial.com,not-affiliate
artandyoga.com,not-affiliate
articleft.com,not-affiliate
artscouncilofclinton.org,not-affiliate
arxim.ru,not-affiliate
as-towingca.com,not-affiliate
asb-elektro.ru,not-affiliate
asdrojalese.it,not-affiliate
asianstargroup.com,not-affiliate
asiawave24.com,not-affiliate
askgamblers.com,not-affiliate
asolazecamping.com,not-affiliate
asomiforg212.top,not-affiliate
asomiforg286.top,not-affiliate
asomiforg464.top,not-affiliate
asomiforg500.top,not-affiliate
asomiforg508.top,not-affiliate
asomiforg538.top,not-affiliate
asomiforg583.top,not-affiliate
asomiforg595.top,not-affiliate
asomiforg598.top,not-affiliate
asomiforg677.top,not-affiliate
asomiforg798.top,not-affiliate
asomiforg832.top,not-affiliate
asomiforg987.top,not-affiliate
asomiforg988.top,not-affiliate
asomiforg996.top,not-affiliate
astanapremiertech.com,not-affiliate
astilleroencomic.es,not-affiliate
astronaut.io.in,not-affiliate
astrozeka.com,not-affiliate
ataxicabcompanyllc.com,not-affiliate
atlantic-brosserie.fr,not-affiliate
atletismo-estatistica.pt,not-affiliate
atomkart.in,not-affiliate
attitudewalastatus.com,not-affiliate
atyourserviceph.com,not-affiliate
auchan.fr,not-affiliate
auchan.pt,not-affiliate
aucrownplay.net,not-affiliate
aucsdq.top,not-affiliate
auctions.yahoo.co.jp,not-affiliate
auditionform.in,not-affiliate
aukro.cz,not-affiliate
auted.ru,not-affiliate
auth.gr,not-affiliate
authenticindigenous.com,not-affiliate
autolendpro.com,not-affiliate
automototuning.ru,not-affiliate
autoscuole2000.com,not-affiliate
autoskolaliskovec.cz,not-affiliate
autoskolaprikasky.cz,not-affiliate
autoslezak.cz,not-affiliate
autostopusedtires.com,not-affiliate
autotalkz.com,not-affiliate
auw.com.tr,not-affiliate
avanaturalskincare.com,not-affiliate
avdrs.com,not-affiliate
aventure-se.com,not-affiliate
aviahelp30.ru,not-affiliate
aviationheadlines.com,not-affiliate
aviator-gpt.com,not-affiliate
aviator-mosbet.kz,not-affiliate
aviator-uzb.com,not-affiliate
aviatorcasino.pk,not-affiliate
aviatrixkenya.co.ke,not-affiliate
avrotros.nl,not-affiliate
avto-gazeta.ru,not-affiliate
avtorez.ru,not-affiliate
axios.com,not-affiliate
aydoskoleji.com,not-affiliate
ayintapotobakim.com,not-affiliate
ayyapiavm.com,not-affiliate
az-mostbet-2025.com,not-affiliate
az-mostbet-online.com,not-affiliate
az-mostbet-yukle.com,not-affiliate
az-mostbet.ru,not-affiliate
az-mostbet.store,not-affiliate
az-muallimi.com,not-affiliate
azerbaycan-mosbet.ink,not-affiliate
azerbaycanmostbet.com,not-affiliate
azimut-kms.ru,not-affiliate
azmostbet.pro,not-affiliate
azmosttopgamesslts.world,not-affiliate
aztecgemsslot.ru,not-affiliate
azthuoc.com,not-affiliate
azvgroup.com,not-affiliate
b72betwin.com,not-affiliate
back2gaming.com,not-affiliate
baguz.info,not-affiliate
bajigar11.club,not-affiliate
bajkowymikolaj.pl,not-affiliate
balkanskoe.ru,not-affiliate
baloncestobase.com,not-affiliate
baltiklojistik.com,not-affiliate
baltimoresun.com,not-affiliate
banarasicraftbazaar.com,not-affiliate
banery-warszawa.pl,not-affiliate
bangladesherpatrika.com,not-affiliate
banknotes365.com,not-affiliate
bankofcanada.ca,not-affiliate
bantamamarket.com,not-affiliate
bariqs.com,not-affiliate
basketballinsiders.org,not-affiliate
bastau.kz,not-affiliate
bastaukz.cfd,not-affiliate
bathbombreviews.com,not-affiliate
batikartbarbados.com,not-affiliate
battery-bet.org,not-affiliate
bazar.bg,not-affiliate
bazaslowian.pl,not-affiliate
bazos.sk,not-affiliate
bb-sh.com,not-affiliate
bb1.bet,not-affiliate
bbc.co.uk,not-affiliate
bbc.com,not-affiliate
bbcnewsbd.com,not-affiliate
bbfashionslz.com,not-affiliate
bbsandbgs.com,not-affiliate
bbttbeth5.com,not-affiliate
bdmostbet.com,not-affiliate
bdutyfree.com,not-affiliate
be-leader.it,not-affiliate
beaddangledesign.com,not-affiliate
beardedky.cz,not-affiliate
beaufortrestaurant.com,not-affiliate
beautiful-and-sublime.com,not-affiliate
beautifulprints.com.ng,not-affiliate
beauty-star.it,not-affiliate
beautyline.com.cy,not-affiliate
beef-casino24.de,not-affiliate
beefcasino-app.de,not-affiliate
beep-beep-kasyno.com,not-affiliate
beepbeepkasyno.net,not-affiliate
begendikpastirmacilik.com,not-affiliate
beincrypto.com,not-affiliate
belleparis.pl,not-affiliate
bemundus.eu,not-affiliate
bento-aesthetics.nl,not-affiliate
bergdorfgoodman.com,not-affiliate
berlin-metal-and-goth.com,not-affiliate
beruangplayboy.com,not-affiliate
best-betting-sites-uk.br.com,not-affiliate
best-betting-sites.co.uk,not-affiliate
best-game-super846.cfd,not-affiliate
best-game-top539.cfd,not-affiliate
best-parimatch-tza.com,not-affiliate
best-sports-betting-sites.uk.com,not-affiliate
best-top-online195.cfd,not-affiliate
bestbetplay.com,not-affiliate
bestcardwin.com,not-affiliate
besthighholydayservices.com,not-affiliate
bestmostbet.com,not-affiliate
bestslotbonanza.org,not-affiliate
bet-andreas-az.com,not-affiliate
bet-andreas-kz.com,not-affiliate
bet-elmost3ml.com,not-affiliate
bet-lucky-top895.cfd,not-affiliate
bet-midrash.org,not-affiliate
bet-on-it.net,not-affiliate
bet-ru-guide.help,not-affiliate
bet10most.com,not-affiliate
bet345pk.net,not-affiliate
bet7lg.com,not-affiliate
betacular.blog,not-affiliate
betalchemist.com,not-affiliate
betamost.cz,not-affiliate
betandreas-azerbaijan-play.com,not-affiliate
betandskill.com,not-affiliate
betarenaaz.com,not-affiliate
betbetcasinox.com,not-affiliate
betexchange-app.com,not-affiliate
bethemost2025.com,not-affiliate
betlehemfigurak.hu,not-affiliate
betmarket.com.cy,not-affiliate
betmost.app,not-affiliate
betonarna-k-most.cz,not-affiliate
betonline88.org,not-affiliate
betonmobile.ru,not-affiliate
betonpokerf.com,not-affiliate
betpack.com,not-affiliate
betql.co,not-affiliate
betrad.pl,not-affiliate
betrating.org,not-affiliate
betreuungszentrum-ostschweiz.ch,not-affiliate
betsportscash.com,not-affiliate
better-thermostat.org,not-affiliate
betterthanmost.app,not-affiliate
betterthanmostbarns.com,not-affiliate
betterthanmostllc.com,not-affiliate
betterthanmostthings.com,not-affiliate
betting-matches.com,not-affiliate
bettingpros.com,not-affiliate
bettingtools.com,not-affiliate
bettorthanmost.com,not-affiliate
bettybetcasinoq.com,not-affiliate
betum.com.ng,not-affiliate
betum.ke,not-affiliate
betum.mn,not-affiliate
betum.pk,not-affiliate
betway.mw,not-affiliate
bevisual.by,not-affiliate
beykozegitimedestek.org.tr,not-affiliate
beyondconviction.com,not-affiliate
bgconfidential.ae,not-affiliate
bhaiplay.org,not-affiliate
bhavbazarr.org,not-affiliate
biblio28.ru,not-affiliate
big-bass-bonanza-slot.ru,not-affiliate
big-bass-splash-game.ru,not-affiliate
bigbasssecrets.pl,not-affiliate
bigcirc.ru,not-affiliate
bigsaver.dk,not-affiliate
bilet29.ru,not-affiliate
bilnot.com,not-affiliate
binarioweek.com,not-affiliate
bingox.io,not-affiliate
binzaeim.com,not-affiliate
biokykbtmb.com,not-affiliate
biotreen.ru,not-affiliate
bioways.eu,not-affiliate
bison-trail.org,not-affiliate
bitcoinist.com,not-affiliate
biwakwlesie.pl,not-affiliate
bizimqirim.org,not-affiliate
bk-mostbet.com,not-affiliate
bk8malaysia.bet,not-affiliate
bkk-gaming.limo,not-affiliate
blackdoulasblackmamas.org,not-affiliate
blackpanther777slotv.com,not-affiliate
blackskimmer.cl,not-affiliate
bleacherreport.com,not-affiliate
blibli.com,not-affiliate
blitzbetcasinoh.com,not-affiliate
blitzbetg.com,not-affiliate
blockbusterbetapp.com,not-affiliate
blog.google,not-affiliate
blog.youtube,not-affiliate
blok-t.ru,not-affiliate
bloodtoberfest.com,not-affiliate
bloomberg.com,not-affiliate
bloomberglaw.com,not-affiliate
blues-station.pl,not-affiliate
bluewatt.pl,not-affiliate
bmbeth.com,not-affiliate
bmcbooks.com,not-affiliate
bmcparts.co.uk,not-affiliate
bmw-dom.ru,not-affiliate
boaboa-bonus-cz.com,not-affiliate
boaboa-casino-bonus-cz.com,not-affiliate
boardgamedeals.info,not-affiliate
boatrentalsofkeywest.com,not-affiliate
bobatoto12oi.site,not-affiliate
bobatoto22j.site,not-affiliate
bobatoto87g.site,not-affiliate
bobatoto87gh.site,not-affiliate
bobatoto88dj.site,not-affiliate
bobatoto88sa.live,not-affiliate
boboqfresh.cz,not-affiliate
bogazicikimyevi.com,not-affiliate
bohemiagoldlove.cz,not-affiliate
boho-casino0-au.com,not-affiliate
bohsociety.org,not-affiliate
bol.de,not-affiliate
bolly4u.pink,not-affiliate
bombaybazarmadison.com,not-affiliate
bones-game.online,not-affiliate
bonusuri.md,not-affiliate
bookmakers.bet,not-affiliate
bookmakerslife.ru,not-affiliate
bookmakerstavki.com,not-affiliate
boots.com,not-affiliate
borneo198.com,not-affiliate
bosphoruskebab.hu,not-affiliate
bosscherstichting.org,not-affiliate
boston.com,not-affiliate
bottlefillingmachine.co.in,not-affiliate
bouillot-lino.com,not-affiliate
bourses-abcd.org,not-affiliate
boussole-en-forez.fr,not-affiliate
boutique.az,not-affiliate
bovbettgiris.com,not-affiliate
boylesports-casino.net,not-affiliate
bpraceway.com,not-affiliate
bracexcursions.com,not-affiliate
brand-hatch.online,not-affiliate
brasseriepolonez.com,not-affiliate
brawijayapost.com,not-affiliate
brazilpowerball.com,not-affiliate
breuninger.com,not-affiliate
brickhousenauvoo.com,not-affiliate
brickstone.com.ng,not-affiliate
bridgingthegapla.org,not-affiliate
brigadepucollege.in,not-affiliate
bristoltravel.co.uk,not-affiliate
britishhatguild.co.uk,not-affiliate
britishrealbettingsites.com,not-affiliate
brm-rating.com,not-affiliate
brocaou.com,not-affiliate
bronxpizza.com,not-affiliate
brunorocha.org,not-affiliate
btgortp818.com,not-affiliate
budget-printing.com,not-affiliate
budgetbravely.com,not-affiliate
buffalokingslot.ru,not-affiliate
bugt.kz,not-affiliate
bulls-bike.cz,not-affiliate
bunjang.co.kr,not-affiliate
bureaupizzaco.com,not-affiliate
burroughsms.org,not-affiliate
bushbet.co,not-affiliate
business-standard.com,not-affiliate
businessofapps.com,not-affiliate
businessofcollegesports.com,not-affiliate
businessreviewindia.in,not-affiliate
butterburrs.top,not-affiliate
buyma.com,not-affiliate
bvmsports.com,not-affiliate
bwin-casino-belgique.buzz,not-affiliate
bwinvu.com,not-affiliate
bydgoszczstolarz.pl,not-affiliate
c-a-s-u-l-o.com,not-affiliate
caesars-casino-us.com,not-affiliate
cafecarnegie.co.uk,not-affiliate
cala-di-cupabia.com,not-affiliate
calhounpress.net,not-affiliate
campery-jester.pl,not-affiliate
candyland-casino0-uk.com,not-affiliate
candypalace.ru,not-affiliate
canterburymassage.com.au,not-affiliate
capitalone.com,not-affiliate
caputosf.com,not-affiliate
carahockingphotography.com,not-affiliate
carbonfreeuk.co.uk,not-affiliate
carcomaguia.com,not-affiliate
carrefour.ke,not-affiliate
carrefouregypt.com,not-affiliate
carrefourksa.com,not-affiliate
carrefourlebanon.com,not-affiliate
carrefourqatar.com,not-affiliate
cartisan.in,not-affiliate
cartus-engelke.de,not-affiliate
casaalfacinha.com,not-affiliate
casadafrica.com,not-affiliate
casadelafamilia.cl,not-affiliate
casahavanaparticular.com,not-affiliate
caseopen.pl,not-affiliate
cashstorm777w.com,not-affiliate
casiditeam.com,not-affiliate
casino-brango0-au.com,not-affiliate
casino-en-mostbet.site,not-affiliate
casino-fortune-wins-us.com,not-affiliate
casino-kingdom-au.com,not-affiliate
casino-mate1-au.com,not-affiliate
casino-melbet.mx,not-affiliate
casino-mosbet.com,not-affiliate
casino-mostbet-en.com,not-affiliate
casino-mostbet-obzor.ru,not-affiliate
casino-mostbet-online10.top,not-affiliate
casino-mostbet-online11.top,not-affiliate
casino-mostbet-online12.top,not-affiliate
casino-mostbet-online13.top,not-affiliate
casino-mostbet-online7.top,not-affiliate
casino-mostbet-online8.top,not-affiliate
casino-mostbet-online9.top,not-affiliate
casino-mostbet.org,not-affiliate
casino-mostbet2025.live,not-affiliate
casino-official.com,not-affiliate
casino-planet-7-us.com,not-affiliate
casino-pln-mostbet.ink,not-affiliate
casino-yabby-us.com,not-affiliate
casino.org,not-affiliate
casinobarcelonav.com,not-affiliate
casinobeats.com,not-affiliate
casinobloke.com,not-affiliate
casinomostbet.pro,not-affiliate
casinoorg-india.com,not-affiliate
casinoreview.click,not-affiliate
casinoscores.com,not-affiliate
casinossemlicenca.org,not-affiliate
caspianenergy.info,not-affiliate
castlekeybusiness.com,not-affiliate
casusgrilltaiwan.com,not-affiliate
catchbetcasinod.com,not-affiliate
catchbundledeals.com,not-affiliate
catcountryutah.com,not-affiliate
catpuisaye.com,not-affiliate
cavidabasov.com,not-affiliate
cbcmanisesquart.es,not-affiliate
cbroofingcontractor.com,not-affiliate
cbsnews.com,not-affiliate
cbssports.com,not-affiliate
cciabm.com,not-affiliate
ccm-partner.biz,not-affiliate
ccnis.uz,not-affiliate
ccptraffickyc.pk,not-affiliate
cdon.dk,not-affiliate
cdon.fi,not-affiliate
cdon.no,not-affiliate
cdon.se,not-affiliate
cdrdxf.com,not-affiliate
ceipalcalderafaelcedres.org,not-affiliate
cellphones.com.vn,not-affiliate
central.ao,not-affiliate
centrefrancais.ca,not-affiliate
centrefrancais2.cfd,not-affiliate
centrefrancais3.cfd,not-affiliate
centrefrancais4.cfd,not-affiliate
centrefrancais5.cfd,not-affiliate
centrefrancais5.xyz,not-affiliate
centrefrancais6.cfd,not-affiliate
centrefrancais6.xyz,not-affiliate
ceske-kasina.com,not-affiliate
cgeci.com,not-affiliate
chariotent.com,not-affiliate
chaskaasianstreetfood.com,not-affiliate
chatasmrekovica.sk,not-affiliate
chateau-de-bresse-sur-grosne.fr,not-affiliate
chatix.online,not-affiliate
cheapwin.ru,not-affiliate
check-results.co.in,not-affiliate
chelnovosti.ru,not-affiliate
cherkashin-style.ru,not-affiliate
chicagotribune.com,not-affiliate
chicken-road-spielen.com.de,not-affiliate
chickengame.de,not-affiliate
chicodating.com,not-affiliate
chile-melbet.cl,not-affiliate
china.makepolo.com,not-affiliate
chipmascotas.cl,not-affiliate
chrisandsusanthemovie.com,not-affiliate
christophersecolo.com,not-affiliate
chronos-journal.ru,not-affiliate
ciadesignportfolios.com,not-affiliate
cibidex.pl,not-affiliate
cidadeimaginaria.org,not-affiliate
ciic.az,not-affiliate
cistiflux.ru,not-affiliate
citronlimette.com,not-affiliate
citytaxitransportation.com,not-affiliate
clankyzpravy.cz,not-affiliate
clasf.pk,not-affiliate
claudethomassalon.com,not-affiliate
claudiacivilleri.com,not-affiliate
cleatz.com,not-affiliate
clevercrow.co.uk,not-affiliate
clickhive345.top,not-affiliate
clientslinks.com,not-affiliate
clincom.ru,not-affiliate
clinic-korobeinikova.ru,not-affiliate
clinicasgetsmile.pt,not-affiliate
clmconsulting.pl,not-affiliate
closingdatediary.com,not-affiliate
cloudwards.net,not-affiliate
clubjjkso.com,not-affiliate
clubxpks.com,not-affiliate
clutchpoints.com,not-affiliate
cm-vn.pt,not-affiliate
cmfutbol2026.com,not-affiliate
cmrdymek.pl,not-affiliate
cnbc.com,not-affiliate
cnn.com,not-affiliate
cnnturk.com,not-affiliate
coach4me.co,not-affiliate
cocktail-kitchen.com,not-affiliate
cococannalife.com,not-affiliate
codejoyeducation.com,not-affiliate
codekarkhana.com.np,not-affiliate
codexandcapital.com,not-affiliate
coevalchicago.com,not-affiliate
coffeerevolution.cz,not-affiliate
coi77.com,not-affiliate
coinbets777nz.com,not-affiliate
coindesk.com,not-affiliate
coinlive.com,not-affiliate
coisalab.com,not-affiliate
colligatio.net,not-affiliate
colorcasinot.com,not-affiliate
columbia1968.com,not-affiliate
combobets.com,not-affiliate
comediepaka.fr,not-affiliate
comerciopinoso.com,not-affiliate
comicplaycasinop.com,not-affiliate
communityofcoders.in,not-affiliate
company-information.service.gov.uk,not-affiliate
company.site,not-affiliate
compeq-chain.ru,not-affiliate
comregras.com,not-affiliate
concursoblog.com,not-affiliate
consultant-e.ru,not-affiliate
contabeis.com.br,not-affiliate
container-bois.com,not-affiliate
controlpanelwindows10.com,not-affiliate
cooldivers-diving.com,not-affiliate
coolinarny.com,not-affiliate
coopcaudan.org,not-affiliate
coppermareranch.com,not-affiliate
copyproblogger.com,not-affiliate
corehub-bali.com,not-affiliate
corehub24.com,not-affiliate
corpvolunteers.ru,not-affiliate
cortrani.site,not-affiliate
cosmeprogramme.org,not-affiliate
cottoyyc.com,not-affiliate
coursecrown.com,not-affiliate
courseware.cloud,not-affiliate
covermymeds.com,not-affiliate
cozinhacomhistorias.com,not-affiliate
cpflowervalleysohna.in,not-affiliate
craftersgin.co.uk,not-affiliate
crazydrop.cc,not-affiliate
creekwoodpharma.com,not-affiliate
crgrassrootscollective.org,not-affiliate
cricketbettingodds.net,not-affiliate
cricketconnected.com,not-affiliate
crimenewsnetwork24.com,not-affiliate
criptomundo.com,not-affiliate
crowderscarpetcleaning.com,not-affiliate
crownplayy-casino-au.com,not-affiliate
crtagadirsm.com,not-affiliate
cruxcarecoliving.com,not-affiliate
crypto-casino-de.net,not-affiliate
cryptobriefing.com,not-affiliate
csment.ru,not-affiliate
csokoladefesztival.com,not-affiliate
ctc.fc.it,not-affiliate
ctfosteradopt.com,not-affiliate
cu2-mostbet.top,not-affiliate
culinary-imports.com,not-affiliate
cumap.org,not-affiliate
curiosa.pl,not-affiliate
currency.wiki,not-affiliate
currenttrendassam.com,not-affiliate
cusjeaeamb.com,not-affiliate
cutngrow.com,not-affiliate
czarnykarzel.pl,not-affiliate
czmostbet.it.com,not-affiliate
czytajacbiblie.pl,not-affiliate
d9bet.one,not-affiliate
dailyplay7.org,not-affiliate
dainikbd.com,not-affiliate
dallassportsbars.com,not-affiliate
damu-komek.kz,not-affiliate
damvest.xyz,not-affiliate
danbubanygolf.com,not-affiliate
dandylocks.com,not-affiliate
dangkylapmang.vn,not-affiliate
danielies.com,not-affiliate
danslamarmitedarmelle.fr,not-affiliate
daraz.com.bd,not-affiliate
daraz.com.np,not-affiliate
daraz.lk,not-affiliate
daraz.pk,not-affiliate
darelemara-eg.com,not-affiliate
daringgourmet.com,not-affiliate
dashbetcasinoe.com,not-affiliate
datainsights.uk,not-affiliate
dataxis.net,not-affiliate
davidcfranciscoattorney.com,not-affiliate
davidjones.com,not-affiliate
ddgi.uz,not-affiliate
ddizi.im,not-affiliate
deciencia.net,not-affiliate
defraudingamerica.com,not-affiliate
dekitta.com,not-affiliate
delhisecuritycompany.in,not-affiliate
dellwindowsreinstallationguide.com,not-affiliate
delt.bet,not-affiliate
delta-optima.ru,not-affiliate
deluxecasinobonus.net,not-affiliate
deluxecycling.cz,not-affiliate
denk-positiv.eu,not-affiliate
depop.com,not-affiliate
deprati.com.ec,not-affiliate
dermostudioar.com,not-affiliate
descontosbrasileiro.com,not-affiliate
desitales2.com,not-affiliate
detroitfarmandgarden.com,not-affiliate
deutsch2014-2015.ru,not-affiliate
devman07.com,not-affiliate
devotableapp.com,not-affiliate
dgpress.info,not-affiliate
dia-live.com,not-affiliate
diabeteszentrum-ost.de,not-affiliate
diabetologie-am-ostkreuz.de,not-affiliate
dial4bet.com.in,not-affiliate
diamanti.com,not-affiliate
diaoconline24h.biz,not-affiliate
diariodechaves.pt,not-affiliate
dicelegacygame.com,not-affiliate
dieetit.com,not-affiliate
diekuriere.com,not-affiliate
dietamix.pl,not-affiliate
digilabglobal.com,not-affiliate
dimers.com,not-affiliate
dimonex.co,not-affiliate
dimsan.de,not-affiliate
disabilityservicesadelaide.com.au,not-affiliate
discoverwayanad.in,not-affiliate
dises.ru,not-affiliate
displate.com,not-affiliate
distantmal.ru,not-affiliate
divxland.org,not-affiliate
djifamagro.cl,not-affiliate
dk-rabota.ru,not-affiliate
dmp-eo.com,not-affiliate
dmtriad.com,not-affiliate
dobryart.pl,not-affiliate
doctorone.hu,not-affiliate
dogandesign.net,not-affiliate
dolcevitahsvillage.com,not-affiliate
dollarella.com,not-affiliate
dolphday.org,not-affiliate
dolphinarium.ru,not-affiliate
domaluxprofessional.pl,not-affiliate
domelectrik.ru,not-affiliate
dominos-casino-au.com,not-affiliate
door-closer.in,not-affiliate
doshkolyata.ru,not-affiliate
dotpaintingshop.cz,not-affiliate
dotykmaroka.pl,not-affiliate
downandoutbar.com,not-affiliate
download-mostbet-casino.ru,not-affiliate
draftcountdown.com,not-affiliate
drafteea.ru,not-affiliate
dragoncourt.net,not-affiliate
drbetcasinou.com,not-affiliate
dream-vegas-casino-uk.com,not-affiliate
dreambetcasinot.com,not-affiliate
dreamroyales.com,not-affiliate
dreams.band,not-affiliate
drinkinggamezone.com,not-affiliate
drinkkite.com,not-affiliate
drkmedicalcentre.com,not-affiliate
droidy-tech.com,not-affiliate
dropshopnederland.nl,not-affiliate
drsledereva.hu,not-affiliate
dsfhof.com,not-affiliate
dua66.com,not-affiliate
dua666.com,not-affiliate
duckbatterysystems.com,not-affiliate
duckdynastyslotmachinex.com,not-affiliate
dunaifoto.hu,not-affiliate
duragloss.com.co,not-affiliate
dverivibor.ru,not-affiliate
e-biblioteka.rzeszow.pl,not-affiliate
e-break.ru,not-affiliate
e-mostbet.ru,not-affiliate
e-zigarette-24.com,not-affiliate
east-durham.org,not-affiliate
eastbostonchamber.com,not-affiliate
eastpeak365.com,not-affiliate
easy-tensorflow.com,not-affiliate
eathumane.org,not-affiliate
eatingwithkirby.com,not-affiliate
ebrubaleokulu.com,not-affiliate
eccm20.org,not-affiliate
eccm20org.top,not-affiliate
eccm20org197.cfd,not-affiliate
eccm20org207.cfd,not-affiliate
eccm20org215.cfd,not-affiliate
eccm20org219.top,not-affiliate
eccm20org219.xyz,not-affiliate
eccm20org326.cfd,not-affiliate
eccm20org358.cfd,not-affiliate
eccm20org358.top,not-affiliate
eccm20org412.cfd,not-affiliate
eccm20org438.cfd,not-affiliate
eccm20org540.cfd,not-affiliate
eccm20org540.top,not-affiliate
eccm20org571.cfd,not-affiliate
eccm20org623.cfd,not-affiliate
eccm20org623.top,not-affiliate
eccm20org652.cfd,not-affiliate
eccm20org785.cfd,not-affiliate
eccm20org785.top,not-affiliate
eccm20org809.cfd,not-affiliate
eccm20org860.cfd,not-affiliate
eccm20org876.top,not-affiliate
eccm20org934.cfd,not-affiliate
eccm20org984.cfd,not-affiliate
ecoplan.org,not-affiliate
ecotourexpediciones.cl,not-affiliate
ecrionline.org,not-affiliate
ecrivains-voyageurs.net,not-affiliate
ecuabetregistrobono.com,not-affiliate
ecumena.by,not-affiliate
ecycle.com.br,not-affiliate
ed7com.com,not-affiliate
eddiegibbs.co.uk,not-affiliate
edgeatlasai.com,not-affiliate
edgebodybootcamp.com,not-affiliate
editorialge.com,not-affiliate
edsonfaiolli.com,not-affiliate
eduandjobs.com,not-affiliate
edukhana.com,not-affiliate
eduquer-ensemble.com,not-affiliate
efirbet.com,not-affiliate
egesporkulubu.com,not-affiliate
eggtuck.com,not-affiliate
egoventure.it,not-affiliate
egr.global,not-affiliate
egyparcipo.hu,not-affiliate
eigenda.wtf,not-affiliate
ejesanabria.org,not-affiliate
ekalendarium.hu,not-affiliate
ekodostawcy.pl,not-affiliate
ekomozgalom.hu,not-affiliate
ekomurz.nl,not-affiliate
eksystems.ru,not-affiliate
ekvator.in,not-affiliate
elab-hackerspace.org,not-affiliate
elabetitalia.com,not-affiliate
elausa.org,not-affiliate
elazador.com,not-affiliate
eldersinnerwest.com.au,not-affiliate
elektrografia.hu,not-affiliate
elena-54.ru,not-affiliate
elephone.cc,not-affiliate
elit-zone.ru,not-affiliate
elixrapp.com,not-affiliate
elizabethmostyn.com,not-affiliate
elkarmugi.com,not-affiliate
elochic.com,not-affiliate
elriograndemexican.com,not-affiliate
eluxeexclusives.com,not-affiliate
em.com.br,not-affiliate
emacr.cz,not-affiliate
emag.bg,not-affiliate
emag.hu,not-affiliate
emag.ro,not-affiliate
emanikur.ru,not-affiliate
emeadowta.org,not-affiliate
emelhorcontartudo.com,not-affiliate
emergency-it.ir,not-affiliate
emisco.eu,not-affiliate
emmatengineeringltd.com,not-affiliate
empiireexch.com,not-affiliate
empik.com,not-affiliate
emploi-parfum.com,not-affiliate
emprendicasaonline.com,not-affiliate
endbangla.com,not-affiliate
endorphina.rodeo,not-affiliate
energia-ivanovo.ru,not-affiliate
englishunlimited.ru,not-affiliate
enigmaplay.asia,not-affiliate
enostech.com,not-affiliate
entaingroup.com,not-affiliate
entrenamientosfuncionales.com,not-affiliate
environmentaldaily.com,not-affiliate
eonline.com,not-affiliate
eorconstruction.com,not-affiliate
epites-kivitelezes-felujitas.hu,not-affiliate
epston.xyz,not-affiliate
eqpb.hu,not-affiliate
erainstitute.pk,not-affiliate
erd.gov.bd,not-affiliate
erdei-iskolak.hu,not-affiliate
ericdjacksonestatesales.com,not-affiliate
erosbalazs.com,not-affiliate
erudites.ru,not-affiliate
eskimiyen.com,not-affiliate
esotrudnik.ru,not-affiliate
espace-etincelle.com,not-affiliate
espn.co.uk,not-affiliate
espn.com,not-affiliate
espn.com.sg,not-affiliate
esportsbettingranker.in,not-affiliate
esportsinsider.com,not-affiliate
esquizofrenia24x7.pt,not-affiliate
esrefruya.com,not-affiliate
essepiutech.com,not-affiliate
estillo76.com,not-affiliate
esxema.ru,not-affiliate
etcarian.com,not-affiliate
ethiquemediagabon.com,not-affiliate
etienneprofessional.in,not-affiliate
eu.com,not-affiliate
euramaxuk.cfd,not-affiliate
euramaxuk.com,not-affiliate
eurocir.com,not-affiliate
euronews.com,not-affiliate
evadesignn.ru,not-affiliate
evamilkova.cz,not-affiliate
eventualo.net,not-affiliate
eventxsolutions.in,not-affiliate
evertrek.com.pl,not-affiliate
ex5vbeszmb.com,not-affiliate
expatria.pl,not-affiliate
expresslaneltd.com,not-affiliate
extime.com,not-affiliate
extin.in,not-affiliate
extour-shop.ru,not-affiliate
eyetrax.net,not-affiliate
ezsport.bet,not-affiliate
f168ct.com,not-affiliate
facemusic.pl,not-affiliate
faire.com,not-affiliate
fairfarmsnow.org,not-affiliate
fairfarmsnoworg.xyz,not-affiliate
fairfarmsnoworg1.xyz,not-affiliate
fairfarmsnoworg10.cfd,not-affiliate
fairfarmsnoworg11.cfd,not-affiliate
fairfarmsnoworg12.cfd,not-affiliate
fairfarmsnoworg13.cfd,not-affiliate
fairfarmsnoworg14.cfd,not-affiliate
fairfarmsnoworg15.cfd,not-affiliate
fairfarmsnoworg2.xyz,not-affiliate
fairfarmsnoworg3.xyz,not-affiliate
fairfarmsnoworg4.cfd,not-affiliate
fairfarmsnoworg4.xyz,not-affiliate
fairfarmsnoworg5.cfd,not-affiliate
fairfarmsnoworg6.cfd,not-affiliate
fairfarmsnoworg7.cfd,not-affiliate
fairfarmsnoworg8.cfd,not-affiliate
fairfarmsnoworg9.cfd,not-affiliate
fairkolcson.hu,not-affiliate
fairr786.com,not-affiliate
faithmatterstoday.org,not-affiliate
fake24.ru,not-affiliate
fallacepeda.es,not-affiliate
familiacsaladkutatas.hu,not-affiliate
famups.com,not-affiliate
fanduel.com,not-affiliate
fann.sk,not-affiliate
fantasypros.com,not-affiliate
farmerbrownsgolf.com,not-affiliate
farmerfriend.in,not-affiliate
farmvillelawncare.com,not-affiliate
fastpay29.com,not-affiliate
fastpay9.com,not-affiliate
fasttrac.org,not-affiliate
fatdragonla.com,not-affiliate
faw-auto-krasnodar.ru,not-affiliate
faw-kashirka.ru,not-affiliate
fbs23.ru,not-affiliate
fedorkotoff.ru,not-affiliate
fefundinfo.com,not-affiliate
femalecricket.com,not-affiliate
fensterjalousien.de,not-affiliate
fermented-nutrition.com,not-affiliate
fezacelikkapi.com.tr,not-affiliate
fhromana.ru,not-affiliate
fidanemlakercis.com,not-affiliate
fifaworldcuplivestreamfree.blogspot.com,not-affiliate
fifthstrategy.com,not-affiliate
fikrat.uz,not-affiliate
filipegoulao.com,not-affiliate
filipmartinek.cz,not-affiliate
fillyourkart.com,not-affiliate
filminfinite.com,not-affiliate
financiarveiculo.com,not-affiliate
finkraska43.ru,not-affiliate
fipfaworldcup.org,not-affiliate
firefrontreports.com.au,not-affiliate
fireguard-centre.ru,not-affiliate
firestoneriverfront.com,not-affiliate
first-newsmedia.com,not-affiliate
firsthamster.com,not-affiliate
firstlightacquisition.com,not-affiliate
fish-co.com.ph,not-affiliate
fishrvta.com,not-affiliate
fit360.pl,not-affiliate
fit4good.hu,not-affiliate
fitelo.co.in,not-affiliate
fito-lampa.ru,not-affiliate
fitpraktyka.pl,not-affiliate
fitsewbeautifulnewburypark.com,not-affiliate
fivereasonssports.com,not-affiliate
flappy-bird-game.com,not-affiliate
flashscore.com,not-affiliate
flatsandflatmates.co.in,not-affiliate
flex-fm.ru,not-affiliate
flexpoint12.com,not-affiliate
flexywearpremium.com.tr,not-affiliate
flightfree.ca,not-affiliate
flipkart.com,not-affiliate
fliptheswitch.com,not-affiliate
flograte.com,not-affiliate
floristeriaslogrono.es,not-affiliate
flourishforums.com,not-affiliate
flowersholiday.com,not-affiliate
fogszabalyozasszekesfehervar.hu,not-affiliate
folhabv.com.br,not-affiliate
followfly.co,not-affiliate
foma-blog.ru,not-affiliate
fondstanina.org,not-affiliate
fonstyle.ru,not-affiliate
fonteam.kz,not-affiliate
foodgallerynyc.com,not-affiliate
foodtrack-repino.ru,not-affiliate
fool.com,not-affiliate
foontik.ru,not-affiliate
football-x.com.de,not-affiliate
footballbetsexplained.co.uk,not-affiliate
foothillstorm.org,not-affiliate
forbau.hu,not-affiliate
forestchel.ru,not-affiliate
fornasariadvogados.com,not-affiliate
fortmiles.org,not-affiliate
fortune-wheelz-casino-us.com,not-affiliate
fortuneboy.pics,not-affiliate
fortuneofgizaslot.ru,not-affiliate
forum-maquettes-spatiales.com,not-affiliate
forum-spain.ru,not-affiliate
forummostbet.com,not-affiliate
fotoburil.cz,not-affiliate
fourjandals.com,not-affiliate
fox5ny.com,not-affiliate
fox5vegas.com,not-affiliate
foxbusiness.com,not-affiliate
foxnews.com,not-affiliate
foxsports.com,not-affiliate
fractalnatureperu.com,not-affiliate
franceinfo.fr,not-affiliate
francestsalas.com,not-affiliate
francky-bike.com,not-affiliate
francophones-israel.com,not-affiliate
fredrikoglouisa.no,not-affiliate
free-apk.com,not-affiliate
freeapk.mobi,not-affiliate
freescripthub.org,not-affiliate
freshnetworth.com,not-affiliate
friendsofkootenainationalwildliferefuge.org,not-affiliate
fril.jp,not-affiliate
frontofficesports.com,not-affiliate
frosfo.ru,not-affiliate
fruit-dash-tropical-drop.help,not-affiliate
fruitslot777loginh.com,not-affiliate
fs-mce.pt,not-affiliate
fssonline.in,not-affiliate
fuelforsuccess.org,not-affiliate
fuelingactivekids.com,not-affiliate
fukushimaresponse.org,not-affiliate
fun88ind.org,not-affiliate
fushimiya.info,not-affiliate
futuretimes.online,not-affiliate
gadflyonline.com,not-affiliate
gadgetarenashop.com,not-affiliate
galeriaportoriental.com,not-affiliate
gama-game-mir4.cfd,not-affiliate
gambling911.com,not-affiliate
gamblinginsider.com,not-affiliate
game-best-win205.cfd,not-affiliate
game-online-top853.cfd,not-affiliate
game-online-top854.cfd,not-affiliate
game-online-top854.click,not-affiliate
game-super-best907.cfd,not-affiliate
game-super-best908.cfd,not-affiliate
game-super-play908.cfd,not-affiliate
game-super-top658.cfd,not-affiliate
game-top-online182.cfd,not-affiliate
game-top-online183.cfd,not-affiliate
game-top-online782.cfd,not-affiliate
game-top-play583.cfd,not-affiliate
game999club.com,not-affiliate
gamemaker.info,not-affiliate
gameofthrones-grfans.com,not-affiliate
gameplayapp.app,not-affiliate
gamereviewhub.org,not-affiliate
gameroyalclub.com,not-affiliate
gamestronglivestronger.org,not-affiliate
gamewinclub.com,not-affiliate
gamexpkss.com,not-affiliate
gamje.com,not-affiliate
gantt.hu,not-affiliate
garantevidros.com.br,not-affiliate
garcomexec.com,not-affiliate
gaubharatbharati.com,not-affiliate
gaziyarimaratonu.org,not-affiliate
gbwa.cc,not-affiliate
geekgoodies.in,not-affiliate
gemini12.co.uk,not-affiliate
georgeprimeburger.com,not-affiliate
geotechsupply.com,not-affiliate
getmycabs.in,not-affiliate
getmyvapes.com,not-affiliate
getthefoutroom.com,not-affiliate
gfteamofficial.com,not-affiliate
ghanasoccernet.com,not-affiliate
ghiyasicoin.com,not-affiliate
ghsspakistan.pk,not-affiliate
giadecor.com.vn,not-affiliate
gibglue.xyz,not-affiliate
gigagame.ru,not-affiliate
gigisflairemporium.com,not-affiliate
gipsyteam.com,not-affiliate
gipsyteam.ru,not-affiliate
girismostbet.com,not-affiliate
giriss.online,not-affiliate
gitculina.com,not-affiliate
github.com,not-affiliate
glampoutnepal.com,not-affiliate
glankler.com,not-affiliate
glasslabyrinth.com,not-affiliate
globaljgs.org,not-affiliate
globalpaypulse.org,not-affiliate
globaltradeplaza.com,not-affiliate
globalwave26.com,not-affiliate
globo.com,not-affiliate
globus-korenovsk.ru,not-affiliate
gloucesterplace.com,not-affiliate
go.com,not-affiliate
goal.com,not-affiliate
godawards.com,not-affiliate
godzina10.pl,not-affiliate
gofarmcoop.com,not-affiliate
goha.ru,not-affiliate
golden1x2.com,not-affiliate
goldenstarweston.com,not-affiliate
golftalklive.net,not-affiliate
gomostbet1.com,not-affiliate
gomostbet2.com,not-affiliate
goofish.com,not-affiliate
google.co.kr,not-affiliate
google.com,not-affiliate
goplayvibe.com,not-affiliate
gops-lipnicawielka.pl,not-affiliate
gorizont-m.com.ua,not-affiliate
gorizont-ndv.ru,not-affiliate
gorkha777.com,not-affiliate
goslotspot.com,not-affiliate
gpstrenink.cz,not-affiliate
gramotif.com,not-affiliate
grandluxe.live,not-affiliate
grandvenicehotel.com,not-affiliate
gransino-bonus-cz.com,not-affiliate
gravierhouse.com,not-affiliate
greatlakesoutpost.com,not-affiliate
greececonfidential.gr,not-affiliate
grotasolnapoznan.pl,not-affiliate
groupeindustrielbarsatech.com,not-affiliate
gruhalaxminri.com,not-affiliate
grupo-insys.com,not-affiliate
grupoaguinaga.es,not-affiliate
gry-kasynowe-polska.com.pl,not-affiliate
gryfriv.net,not-affiliate
gsxshoes.com,not-affiliate
guiajeanswear.com.br,not-affiliate
guidebook-mostbet-amp.com,not-affiliate
guidorestaurant.com.ar,not-affiliate
guitxiguitxi.net,not-affiliate
gullybetlogin.com,not-affiliate
guttertogulf.com,not-affiliate
gyanvihar.org,not-affiliate
h-ddealersportugal.pt,not-affiliate
h-dva-o.ru,not-affiliate
h2020sustenance.eu,not-affiliate
h4ssp.ru,not-affiliate
haciendaelsalitre.com.mx,not-affiliate
haileytuckmusic.com,not-affiliate
hairnews.ru,not-affiliate
hairtransplantmedical.com,not-affiliate
halkegitimhemkurs.com,not-affiliate
hamburg-diabeteszentrum-ost.de,not-affiliate
hamburger-diabeteszentrum-ost.de,not-affiliate
hampayam.ir,not-affiliate
hanotech.com.vn,not-affiliate
hanwha-phasor.com,not-affiliate
happybee7.com,not-affiliate
happybirthdaysong.co.in,not-affiliate
happyteamloftspb.ru,not-affiliate
hardikoncocare.com,not-affiliate
hardrock.bet,not-affiliate
havokjournal.com,not-affiliate
hcpneus.blog.br,not-affiliate
hdautomatisation.fr,not-affiliate
headhearthandsengagement.com,not-affiliate
healinghouse.com.pk,not-affiliate
health-weekly.com,not-affiliate
healthcaresupplies.com.pk,not-affiliate
healthline.com,not-affiliate
healthwebcart.com,not-affiliate
hedeftv.info,not-affiliate
hefazasazan.com,not-affiliate
hegymaszotanfolyam.hu,not-affiliate
heirloomatrockcreek.com,not-affiliate
helabettests1.com,not-affiliate
helikimelman.com,not-affiliate
hellspin-casino-top-au.com,not-affiliate
helmets.pk,not-affiliate
helmex.ru,not-affiliate
help-home.ru,not-affiliate
henriquecer.com,not-affiliate
heritagemillenaire.com,not-affiliate
heylookitsjehn.com,not-affiliate
heystack.is,not-affiliate
hglher.com,not-affiliate
hh-diabeteszentrum-ost.de,not-affiliate
hibourecordings.com,not-affiliate
higherorderthinkingschools.org,not-affiliate
highlyratedprofessional.com,not-affiliate
highrollercasinoh.com,not-affiliate
highrollery.com,not-affiliate
hijamatimes.com,not-affiliate
hikingdenver.net,not-affiliate
hindubet.com.in,not-affiliate
hipotesisrosario.com.ar,not-affiliate
hirett.co.uk,not-affiliate
hjc-russia.ru,not-affiliate
hltv.org,not-affiliate
hm24tradinggmbh.de,not-affiliate
hmgbysalman.com,not-affiliate
hoachatninhbinh.com,not-affiliate
hodlerhero.com,not-affiliate
hofapp.com,not-affiliate
holygame.icu,not-affiliate
holz-house-retail.com,not-affiliate
homecenter.co.in,not-affiliate
homemaxmanning.com,not-affiliate
homespaclinicdrquyen.com,not-affiliate
homestaging5seen.de,not-affiliate
honoris.net,not-affiliate
horncastleanglingcentre.co.uk,not-affiliate
hornresiliencelearning.org,not-affiliate
hospital-mvd.kz,not-affiliate
hostelpilau.ru,not-affiliate
hosttick.net,not-affiliate
hot-fiesta.ru,not-affiliate
hotelpropsyarny.cz,not-affiliate
hotelsinalleppey.co.in,not-affiliate
hotlineru.ru,not-affiliate
houzarts.com,not-affiliate
howrahnews24.com,not-affiliate
hpvietnam.com,not-affiliate
hramsaburovo.ru,not-affiliate
html5-slideshow-maker.com,not-affiliate
htsecuritygroup.com,not-affiliate
humostbet.eu.com,not-affiliate
hungariacar.hu,not-affiliate
hungeractionnys.org,not-affiliate
hurriyet.com.tr,not-affiliate
hutogepszerviz.net,not-affiliate
hvpenguins.com,not-affiliate
hwarang.ru,not-affiliate
hyundai-ngocan.vn,not-affiliate
hyundairepuestos.cl,not-affiliate
i-cdek.kz,not-affiliate
i12wrk.com,not-affiliate
i2motors.com,not-affiliate
iainsbyrnephotography.com,not-affiliate
ibfan-alc.org,not-affiliate
ibocce.com,not-affiliate
ibs.it,not-affiliate
iccbetinfo.com,not-affiliate
icddongnai.com,not-affiliate
ice-casino-online.de.com,not-affiliate
id-spr.ru,not-affiliate
ideabellezza.it,not-affiliate
ideal.warszawa.pl,not-affiliate
idg.community,not-affiliate
idmcrack.in,not-affiliate
ifaw.org,not-affiliate
igazsagosvalasztast.hu,not-affiliate
iglesiavida.com.co,not-affiliate
igr45.ru,not-affiliate
ihsanboluk.com.tr,not-affiliate
iitkgp.ac.in,not-affiliate
ijier.net,not-affiliate
ikshana.co.in,not-affiliate
ildoespinhaassessoria.ao,not-affiliate
ilimanowa.pl,not-affiliate
iltrails.org,not-affiliate
im4dc-mostbet.in.net,not-affiliate
im4dc.org,not-affiliate
im4dcorg147.cfd,not-affiliate
im4dcorg219.cfd,not-affiliate
im4dcorg221.cfd,not-affiliate
im4dcorg296.cfd,not-affiliate
im4dcorg315.cfd,not-affiliate
im4dcorg320.cfd,not-affiliate
im4dcorg384.cfd,not-affiliate
im4dcorg432.cfd,not-affiliate
im4dcorg463.cfd,not-affiliate
im4dcorg507.cfd,not-affiliate
im4dcorg591.cfd,not-affiliate
im4dcorg619.cfd,not-affiliate
im4dcorg658.cfd,not-affiliate
im4dcorg774.cfd,not-affiliate
im4dcorg799.cfd,not-affiliate
im4dcorg802.cfd,not-affiliate
im4dcorg872.cfd,not-affiliate
im4dcorg926.cfd,not-affiliate
imagi-soft.com,not-affiliate
imaginationhairstudio.com,not-affiliate
imamalmahdi.com,not-affiliate
imanonlineschoo.ru,not-affiliate
imywifi-ext.com,not-affiliate
in-mostbet.ru,not-affiliate
inchcalculator.com,not-affiliate
incheonholdem.net,not-affiliate
inconvenientvote.com,not-affiliate
ind-mbp.com,not-affiliate
ind-mbp2.com,not-affiliate
independent.co.uk,not-affiliate
indiamart.com,not-affiliate
indiatimes.com,not-affiliate
indibetpartners.com,not-affiliate
indiegaming.ru,not-affiliate
indwin7-login-india.com,not-affiliate
inet24.world,not-affiliate
infilinktechnologies.com,not-affiliate
infinitienergyservices.net,not-affiliate
infor-creances.com,not-affiliate
infospa.org,not-affiliate
infotecplus.com,not-affiliate
ingenin.org,not-affiliate
inmobiliariarabat.com,not-affiliate
innoclusters.ru,not-affiliate
innoide.org,not-affiliate
innovatedevelopment.org,not-affiliate
innoxchain.com,not-affiliate
inosolar.com.tr,not-affiliate
insei.ru,not-affiliate
insightsforchange.co.uk,not-affiliate
install.in.ua,not-affiliate
insurancepe.com,not-affiliate
interior-design.pro,not-affiliate
intermec-cimke-nyomtato.hu,not-affiliate
internshipszone.net,not-affiliate
intersection-mckeesport.org,not-affiliate
inventips.in,not-affiliate
investopedia.com,not-affiliate
investors.com,not-affiliate
inviertta.com,not-affiliate
invisiblephotographer.asia,not-affiliate
inyogabks.ru,not-affiliate
ioniqswater.com,not-affiliate
ipb.ac.id,not-affiliate
ipem.org.br,not-affiliate
isihara-office.com,not-affiliate
isitgoonair.net,not-affiliate
islandofpets.ee,not-affiliate
islekmak.com,not-affiliate
istockphoto.com,not-affiliate
isuzubushungary.hu,not-affiliate
isz-stroy.ru,not-affiliate
itc.com.kz,not-affiliate
itharpe.ru,not-affiliate
itmaker.uz,not-affiliate
itsmotul.edu.mx,not-affiliate
ittfwbc.com,not-affiliate
ivcpl.com.pk,not-affiliate
ivesteni.cz,not-affiliate
ivtextil-opt.ru,not-affiliate
iwwmailers.co.za,not-affiliate
ixar-sa.com,not-affiliate
izabelakloc.pl,not-affiliate
jaccar-vrn.ru,not-affiliate
jackfrosts.net,not-affiliate
jackpot-jill-casino0-au.com,not-affiliate
jahodyondracek.cz,not-affiliate
jamiekimak.com,not-affiliate
janala.in,not-affiliate
janda338.com,not-affiliate
janiceoliveira.com,not-affiliate
jawdrops.com,not-affiliate
jaya9bangladesh.vip,not-affiliate
jayanbcn.com,not-affiliate
jdharris.com,not-affiliate
jennifer-fiechter.com,not-affiliate
jeremih.com,not-affiliate
jerseyshorehog.com,not-affiliate
jetxgamebet.com,not-affiliate
jeuxnco.org,not-affiliate
jewishinsights.org,not-affiliate
jigyasapalace.com,not-affiliate
jildadecor.ru,not-affiliate
jilislotappcom.com,not-affiliate
jisan.blog,not-affiliate
jiwajiclub.in,not-affiliate
jjanisur.shop,not-affiliate
jjclubxpks.com,not-affiliate
jmcengenharia.pt,not-affiliate
jncveteransmem.org,not-affiliate
jobofer.org,not-affiliate
joeandkendra.com,not-affiliate
johnathanlujanrealty.com,not-affiliate
johnformi.com,not-affiliate
johnnybet.com,not-affiliate
johnsonhealthnetwork.com,not-affiliate
johnwiltonkelley.com,not-affiliate
joker-krasnodar.ru,not-affiliate
joker123th.guru,not-affiliate
jokesnepal.com,not-affiliate
joneta.com.ng,not-affiliate
joom.com,not-affiliate
jopkompresory.cz,not-affiliate
jordanword.com,not-affiliate
jorobertson.co.uk,not-affiliate
jourdanaccounting.com,not-affiliate
journeycoltd.com,not-affiliate
joya9best.net,not-affiliate
joyaoutlet.hu,not-affiliate
joyor-russia.ru,not-affiliate
jp.mercari.com,not-affiliate
jpconstructions.co.in,not-affiliate
jstj31.com,not-affiliate
jubilacionyreajuste.com.ar,not-affiliate
judo-olsztyn.pl,not-affiliate
juegabetbimostbs.it.com,not-affiliate
juhasznyomda.hu,not-affiliate
juita.uz,not-affiliate
juliove.pl,not-affiliate
julyeffect26.com,not-affiliate
jum88z.com,not-affiliate
jumanasaloon.ae,not-affiliate
jumbabetz.com,not-affiliate
junior-basket.pl,not-affiliate
jupitersunrise.net,not-affiliate
just-casino-play-au.com,not-affiliate
just-cinema.com,not-affiliate
justicenowell.com,not-affiliate
jvc-site.ru,not-affiliate
jweducation.co.uk,not-affiliate
k12ps360gq.click,not-affiliate
k7777bn.com,not-affiliate
k9doodiepatrol.com,not-affiliate
k9winff.xyz,not-affiliate
kaasja.pl,not-affiliate
kaequinephotography.org,not-affiliate
kafirm.pl,not-affiliate
kalinamost.ru,not-affiliate
kalmanchey.hu,not-affiliate
kamazdojedeme.cz,not-affiliate
kanald.com.tr,not-affiliate
kandaketech.io,not-affiliate
kanserledans.org,not-affiliate
kantabanjidegreecollege.org,not-affiliate
karachibiryani.pk,not-affiliate
karatlawzacademy.com,not-affiliate
karmaproductdevelopment.com,not-affiliate
karpovcourseskz.cfd,not-affiliate
karta-walk.pl,not-affiliate
kartiny-nft.ru,not-affiliate
kartynba.pl,not-affiliate
kaspi.kz,not-affiliate
kastner-oehler.at,not-affiliate
kasyno-mostbet.ink,not-affiliate
kasyno-mostbet.live,not-affiliate
kasyno-mostbet2025.ink,not-affiliate
kasyno-pl-mostbet.ink,not-affiliate
kasynoonline-polska.com,not-affiliate
katani.dp.ua,not-affiliate
katerinaioannidis.com,not-affiliate
kaufmannkoenig.com,not-affiliate
kaulearning.com,not-affiliate
kaz-apk-most.com,not-affiliate
kazino-mostbet-bet.top,not-affiliate
kazino-mostbet.online,not-affiliate
kazino-mostbet.org,not-affiliate
kazino-mostbet2025.xyz,not-affiliate
kazka.ru,not-affiliate
kazmuseum.com,not-affiliate
kcsonsayansk.ru,not-affiliate
kerala.gov.in,not-affiliate
keralaayurvedacentre.in,not-affiliate
kertkapugyar.hu,not-affiliate
kevindowdrealestate.com,not-affiliate
kewaskum.net,not-affiliate
keystonestatecamplive.com,not-affiliate
kgbuppo.ru,not-affiliate
kgw.com,not-affiliate
kgxpedition.com,not-affiliate
kgxpedition.org,not-affiliate
khelo24bet-india1.com,not-affiliate
khmer24.com,not-affiliate
khodrokhareji.ir,not-affiliate
kiberatours.com,not-affiliate
kicks.fi,not-affiliate
kicks.no,not-affiliate
kicks.se,not-affiliate
kidsturncentral.com,not-affiliate
king-johnnie-casino1-au.com,not-affiliate
kingbilly-casino0-au.com,not-affiliate
kingbillywin-casino0-au.com,not-affiliate
kingdomdkc.top,not-affiliate
kingexch.com.co,not-affiliate
kingplay.world,not-affiliate
kinn-living.com,not-affiliate
kittycatcasinod.com,not-affiliate
kivilondon.com,not-affiliate
kiwoko.com,not-affiliate
kleberget.no,not-affiliate
klimabewegung1punkt1.de,not-affiliate
klimovsafonova.ru,not-affiliate
klubok.com,not-affiliate
kokshetay.ru,not-affiliate
koma-zalakaros.hu,not-affiliate
kommunar-estate.ru,not-affiliate
kommunarka-med.ru,not-affiliate
komp-auto.ru,not-affiliate
kor-kos.ru,not-affiliate
koreajob.ru,not-affiliate
kormaitaly.ru,not-affiliate
kosmetochka.ru,not-affiliate
kotipes74.ru,not-affiliate
kouragoal.com,not-affiliate
kraft-hotel-anapa.ru,not-affiliate
krepezh-kirov.ru,not-affiliate
kreslaland.ru,not-affiliate
kriszklima.hu,not-affiliate
kropleinternetu.biz,not-affiliate
krysaci.cz,not-affiliate
kseducation.net,not-affiliate
ktstekindo.com,not-affiliate
ktvz.com,not-affiliate
kuchenneprzyrzady.com,not-affiliate
kursu-ankara.com,not-affiliate
la5avenue.com,not-affiliate
labarulera.com,not-affiliate
labtekno.com,not-affiliate
lacaletadejavixu.com,not-affiliate
ladibugsinc.com,not-affiliate
ladybellemacarons.com,not-affiliate
lafridabike.com,not-affiliate
lahuttesport.com,not-affiliate
lakeshoremyrtlewood.com,not-affiliate
lamosanatural.pt,not-affiliate
lampynn.ru,not-affiliate
lankyboxmerchandise.com,not-affiliate
lanouvellerepublique.fr,not-affiliate
laportedusoleil.info,not-affiliate
larisaaleksandrovich.ru,not-affiliate
larraun.info,not-affiliate
lasergame247.org,not-affiliate
latimes.com,not-affiliate
laundrytouch.com,not-affiliate
launetogo.tg,not-affiliate
lauraloncaric.com,not-affiliate
lavar.ru,not-affiliate
lawendowe.szczecin.pl,not-affiliate
lawyers911.ru,not-affiliate
laznechomutov.cz,not-affiliate
lazyphilosopher.com,not-affiliate
lcpconsultingcom.cfd,not-affiliate
le-beluga.qc.ca,not-affiliate
leboncoin.fr,not-affiliate
leborskiednijakubowe.pl,not-affiliate
leclubmia.com,not-affiliate
leczeniebezgranic.pl,not-affiliate
legacyfoundationgh.net,not-affiliate
lejardindeloise-gouzeaucourt.com,not-affiliate
lemonde.fr,not-affiliate
leon-2a2o.buzz,not-affiliate
leoniebababolt.hu,not-affiliate
leprielle.com,not-affiliate
les-nichoirs.fr,not-affiliate
lesamesarts.fr,not-affiliate
leszeksamborski.pl,not-affiliate
levcgablini.hu,not-affiliate
level-upp-casino-au.com,not-affiliate
level69.bet,not-affiliate
lgbtcommunityforum.com,not-affiliate
lhommecontemporain.com,not-affiliate
librerialasombra.com,not-affiliate
lichta-gallery.com,not-affiliate
lider-land.ru,not-affiliate
lidiajorge.com,not-affiliate
lifend.org,not-affiliate
ligapelangi365.com,not-affiliate
ligapelangi365.net,not-affiliate
ligapelangione.com,not-affiliate
ligapelangione.net,not-affiliate
ligapelangione.org,not-affiliate
lihatrtp.xyz,not-affiliate
likefestoon.com,not-affiliate
liminaltidesmag.com,not-affiliate
linakocht.de,not-affiliate
lindemhe.com,not-affiliate
line.me,not-affiliate
linea-directa.eu,not-affiliate
lineaverdeastillero.com,not-affiliate
lingvotutor-8.cfd,not-affiliate
lingvotutor.ru,not-affiliate
link-zone.net,not-affiliate
linkbet.club,not-affiliate
linkedin.com,not-affiliate
linoleum-stroi.ru,not-affiliate
lion365.vip,not-affiliate
lippertmechanical.com,not-affiliate
lisapmilanopolska.pl,not-affiliate
liteblueusps.live,not-affiliate
littlemanonthecouch.com,not-affiliate
littletreasurescc.com,not-affiliate
liveresult.ru,not-affiliate
livescience.com,not-affiliate
livesport.ru,not-affiliate
lizzieloveshealthy.com,not-affiliate
lnpak.com,not-affiliate
lobnya-licei.ru,not-affiliate
locus-muc.de,not-affiliate
login-mostbetbd.com,not-affiliate
loisiou.gr,not-affiliate
loksewanepal.net,not-affiliate
lolilab.ru,not-affiliate
longbeach-criminallawyer.com,not-affiliate
look.casa,not-affiliate
lookinbeauty.life,not-affiliate
lorena4arizona.com,not-affiliate
lormuvdvur.com,not-affiliate
loschmanagement.com,not-affiliate
lostpixels.de,not-affiliate
lovebox.se,not-affiliate
lowcostchic.net,not-affiliate
lowyat.net,not-affiliate
lpelangi.com,not-affiliate
lpelangi.net,not-affiliate
lpqhost.com,not-affiliate
lsisports.com,not-affiliate
luckway.net,not-affiliate
lucky-bet-777.cfd,not-affiliate
lucky-bet-app.com,not-affiliate
lucky-jet-onewin.ru,not-affiliate
lucky-ray.ru,not-affiliate
lucky-vip-casino-uk.com,not-affiliate
luckybee7.com,not-affiliate
luckygreen-casino1-au.com,not-affiliate
luckyjet.us.com,not-affiliate
luckyspin365.bet,not-affiliate
luckywinscasino-uk.buzz,not-affiliate
lugansk-online.info,not-affiliate
lulakids.pl,not-affiliate
luman-shop.ru,not-affiliate
lunubets.org,not-affiliate
luzdiosa.com,not-affiliate
lynxbetc.com,not-affiliate
m-koreacasino.com,not-affiliate
m-takaritas.hu,not-affiliate
mabukjudi.org,not-affiliate
machance-casino-nz.com,not-affiliate
machnotech.com,not-affiliate
maconnerie-duvignau.fr,not-affiliate
madame-destiny-slot.ru,not-affiliate
madamedestinyslot.ru,not-affiliate
made-in-china.com,not-affiliate
madhuvillage.com,not-affiliate
madridchessacademy.com,not-affiliate
maenkraft.space,not-affiliate
magic365-ar.com,not-affiliate
magnum96my.net,not-affiliate
magpolska.com.pl,not-affiliate
magyardelikatesz.hu,not-affiliate
mahagonifiksz.hu,not-affiliate
maharashtra.gov.in,not-affiliate
mahboobehnoroozi.com,not-affiliate
mahiiwin.com,not-affiliate
mahlechampions.com,not-affiliate
maialimentosreales.com,not-affiliate
makefabricationstudio.ru,not-affiliate
makingsmartideaswork.com,not-affiliate
maldenbosrand.nl,not-affiliate
malematter.com,not-affiliate
maltafootball.com,not-affiliate
mamarec.com.br,not-affiliate
mamzailescoccinelles.com,not-affiliate
mandh.hu,not-affiliate
mands.at,not-affiliate
manikgonjbarta.com,not-affiliate
manimagi.com,not-affiliate
manoirducapucin.com,not-affiliate
manyingacouncil.gov.zm,not-affiliate
manymaps.com,not-affiliate
maplegreens.co.in,not-affiliate
mapy-satelitarne.pl,not-affiliate
marcys-zabawki.pl,not-affiliate
mariashur.ru,not-affiliate
mariebackt.de,not-affiliate
marioau.com,not-affiliate
marisena.pl,not-affiliate
marjukarin.ee,not-affiliate
marketingparatraductores.com,not-affiliate
marketingtechsol.com,not-affiliate
markhammoorinn.co.uk,not-affiliate
marktplaats.nl,not-affiliate
marocmatchs.com,not-affiliate
marqueeplaza.com,not-affiliate
marty.id.au,not-affiliate
marydhonau.com,not-affiliate
marymountfarmersmarket.org,not-affiliate
marywashicomics.net,not-affiliate
massapedopiaui.pi.leg.br,not-affiliate
massz.hu,not-affiliate
mastersoccermind.com,not-affiliate
mataharithenakedspy.com,not-affiliate
matas.dk,not-affiliate
match-base-direct.com,not-affiliate
mateszalkaonline.hu,not-affiliate
maturlah.online,not-affiliate
mau777star.online,not-affiliate
mau777star.site,not-affiliate
mau777woi.net,not-affiliate
mau777woi.shop,not-affiliate
mau777woi.site,not-affiliate
maulpince.hu,not-affiliate
max-sparkleorca.click,not-affiliate
mayhanprotech.vn,not-affiliate
mb88betm0.com,not-affiliate
mbdou-krepysh.ru,not-affiliate
mbok.jp,not-affiliate
mbp-partners.com,not-affiliate
mbpuz.com,not-affiliate
mbrfinance.pl,not-affiliate
mcdanielbrothersshow.com,not-affiliate
mcgrathstowing.com,not-affiliate
mcserdolik.ru,not-affiliate
mcwdev.com,not-affiliate
mdwmedia.pl,not-affiliate
me2service.com.br,not-affiliate
medbookaide.ru,not-affiliate
medhelperapp.com,not-affiliate
medicalassist.ru,not-affiliate
medicinein.ru,not-affiliate
medvejata.ru,not-affiliate
medyazilla.com,not-affiliate
meetme.com,not-affiliate
megarush56.com,not-affiliate
megaways-casino0-uk.com,not-affiliate
megszolalakorona.hu,not-affiliate
mehadevbook.online,not-affiliate
mejatc.org,not-affiliate
melaniemendezvo.com,not-affiliate
melbet-casino-bd.com,not-affiliate
melbet-casino.cl,not-affiliate
melbet-cl.cl,not-affiliate
melbet-del-chile.cl,not-affiliate
melbet-del-mexico.mx,not-affiliate
melbet-en-chile.cl,not-affiliate
melbet-en-mexico.mx,not-affiliate
melbetlogin.site,not-affiliate
melhoresaposta.com,not-affiliate
membranes-amta.org,not-affiliate
memoryrepro.in,not-affiliate
mendozafilmcommission.com.ar,not-affiliate
menubrno.cz,not-affiliate
merckvetmanual.com,not-affiliate
mercurionoticiasmexico.com,not-affiliate
mercurynews.com,not-affiliate
meridianbythelawns.com,not-affiliate
merktime.com,not-affiliate
merriam-webster.com,not-affiliate
mesateknik.com.tr,not-affiliate
mesherskiy.ru,not-affiliate
metalbet88a.com,not-affiliate
metaratings.ru,not-affiliate
metismatic.com,not-affiliate
metrospasandpools.com,not-affiliate
meuepilogo.com,not-affiliate
meusparabens.com.br,not-affiliate
mexfilter.com,not-affiliate
mexico-melbet.mx,not-affiliate
mezohegyesonline.hu,not-affiliate
mgogi.ru,not-affiliate
mgtrustindia.com,not-affiliate
mhevi.hu,not-affiliate
michaelgruberlibrary.com,not-affiliate
microbiologu.ru,not-affiliate
microfinish.it,not-affiliate
micronova.in,not-affiliate
microsoft.com,not-affiliate
middle-beast.com,not-affiliate
miin-study.ru,not-affiliate
mikrotik-mexico.com.mx,not-affiliate
milfontes-apartamentosriomira.com,not-affiliate
milliyet.com.tr,not-affiliate
milosbouldercity.com,not-affiliate
mindfulness-nauczyciele.pl,not-affiliate
mindigtv-hajduszoboszlo.hu,not-affiliate
ministryforpeace.org,not-affiliate
minnaz.ru,not-affiliate
mintscore.com.ng,not-affiliate
mir-woman.ru,not-affiliate
miraigamers.com,not-affiliate
miravia.es,not-affiliate
mirazartnik.uz,not-affiliate
misafirol.org,not-affiliate
missevieteas.com,not-affiliate
missionacademy.org,not-affiliate
mitrecyberacademy.org,not-affiliate
miuzbekistan.com,not-affiliate
mj-sport.pl,not-affiliate
mkamf.kz,not-affiliate
mladeznici.cz,not-affiliate
mlbb.fans,not-affiliate
mlbet.bio,not-affiliate
mlbm.xyz,not-affiliate
mlive.com,not-affiliate
mln.kz,not-affiliate
mmks-podhale.pl,not-affiliate
mmmostbet.online,not-affiliate
mmserviceutilaje.ro,not-affiliate
mnpronet.com,not-affiliate
moastbetting.com,not-affiliate
mobdokan.com,not-affiliate
mochikochicken.com,not-affiliate
modez-moi.com,not-affiliate
mokhtsr.com,not-affiliate
monga.id,not-affiliate
monoplaycasinoa.com,not-affiliate
monro-casino.de.com,not-affiliate
monrocasino.de.com,not-affiliate
monsterwinkasino.com,not-affiliate
montecarlosbm.com,not-affiliate
montrealiskizomba.com,not-affiliate
monty-skolka.top,not-affiliate
monument-rzn.ru,not-affiliate
moordavid.hu,not-affiliate
morganstewartmusic.com,not-affiliate
morskarybka.pl,not-affiliate
morzeprzygody.eu,not-affiliate
mos-bet.site,not-affiliate
mosbet-mostbet.ink,not-affiliate
mosbet-uz.net,not-affiliate
mosbet.partners,not-affiliate
mosbet.store,not-affiliate
moscowtattooschool.ru,not-affiliate
mosolyszerviz.hu,not-affiliate
most-best-in.com,not-affiliate
most-bet-az91.top,not-affiliate
most-bet-bd.casino,not-affiliate
most-bet-bonus.com,not-affiliate
most-bet-bonus.space,not-affiliate
most-bet-casino.pl,not-affiliate
most-bet-com.in,not-affiliate
most-bet-giris-2025.ink,not-affiliate
most-bet-hungary.com,not-affiliate
most-bet-in.in,not-affiliate
most-bet-india.net,not-affiliate
most-bet-polska.xyz,not-affiliate
most-bet-uz-casino.site,not-affiliate
most-bet-uz.casino,not-affiliate
most-bet-uzbekistan.com,not-affiliate
most-bet.biz,not-affiliate
most-bet.cc,not-affiliate
most-bet.click,not-affiliate
most-bet.hu,not-affiliate
most-bet.org,not-affiliate
most-betcasino.bar,not-affiliate
most-betcasino.net,not-affiliate
most-betczech.com,not-affiliate
most-beting.net,not-affiliate
most-betpt.com,not-affiliate
most-bets-kz.com,not-affiliate
most-betting.lol,not-affiliate
most-casino-amp.kz,not-affiliate
most-kasyno-bet.com,not-affiliate
most1bet.co,not-affiliate
most1bet.com,not-affiliate
most1bet.net,not-affiliate
most1bet.pro,not-affiliate
most1bet.shop,not-affiliate
most1bet.site,not-affiliate
most1betbd.net,not-affiliate
most1betbd.org,not-affiliate
most1betbd.site,not-affiliate
most3bet.ru,not-affiliate
mostabet.com,not-affiliate
mostafathabet.com,not-affiliate
mostampkz.com,not-affiliate
mostardentlymarybeth.com,not-affiliate
mostbdbet.com,not-affiliate
mostbest-in.com,not-affiliate
mostbest-pk.com,not-affiliate
mostbet---uz.com,not-affiliate
mostbet--aze.ink,not-affiliate
mostbet--kirish.com,not-affiliate
mostbet--uz.com,not-affiliate
mostbet-0.com,not-affiliate
mostbet-0866.top,not-affiliate
mostbet-0asz.buzz,not-affiliate
mostbet-0dec.buzz,not-affiliate
mostbet-0iwz.buzz,not-affiliate
mostbet-0kyx.top,not-affiliate
mostbet-0nl0.buzz,not-affiliate
mostbet-0spj.top,not-affiliate
mostbet-1.casino,not-affiliate
mostbet-1.click,not-affiliate
mostbet-111rg.top,not-affiliate
mostbet-111rh.top,not-affiliate
mostbet-111rk.top,not-affiliate
mostbet-111rl.top,not-affiliate
mostbet-124.click,not-affiliate
mostbet-1534.team,not-affiliate
mostbet-17ri.top,not-affiliate
mostbet-1awg.buzz,not-affiliate
mostbet-1fe3.top,not-affiliate
mostbet-1nha.top,not-affiliate
mostbet-2026-hu.ink,not-affiliate
mostbet-2026.net.pl,not-affiliate
mostbet-20lz.buzz,not-affiliate
mostbet-23.top,not-affiliate
mostbet-26we.top,not-affiliate
mostbet-2dls1.top,not-affiliate
mostbet-2s7p.buzz,not-affiliate
mostbet-309.net,not-affiliate
mostbet-357.top,not-affiliate
mostbet-3c7x.buzz,not-affiliate
mostbet-3xhp.top,not-affiliate
mostbet-42mf.buzz,not-affiliate
mostbet-4c4y.top,not-affiliate
mostbet-4gta.top,not-affiliate
mostbet-4m3e.top,not-affiliate
mostbet-4u35.top,not-affiliate
mostbet-58z.top,not-affiliate
mostbet-5cq4.top,not-affiliate
mostbet-5m8a.top,not-affiliate
mostbet-5tjs.top,not-affiliate
mostbet-60m7.top,not-affiliate
mostbet-642.xyz,not-affiliate
mostbet-6a9j.buzz,not-affiliate
mostbet-6saz.buzz,not-affiliate
mostbet-6t0z.buzz,not-affiliate
mostbet-71iu.top,not-affiliate
mostbet-777.com,not-affiliate
mostbet-7ao.top,not-affiliate
mostbet-7ap.top,not-affiliate
mostbet-7ar.top,not-affiliate
mostbet-7ba1.buzz,not-affiliate
mostbet-7iir.top,not-affiliate
mostbet-7iiu.top,not-affiliate
mostbet-7iiy.top,not-affiliate
mostbet-7iq.top,not-affiliate
mostbet-7iw.top,not-affiliate
mostbet-7pf.top,not-affiliate
mostbet-7pg.top,not-affiliate
mostbet-7pj.top,not-affiliate
mostbet-7v6u.top,not-affiliate
mostbet-83xd.top,not-affiliate
mostbet-843k.top,not-affiliate
mostbet-846.xyz,not-affiliate
mostbet-89ft.top,not-affiliate
mostbet-8dut.top,not-affiliate
mostbet-8e46.top,not-affiliate
mostbet-8k2o.top,not-affiliate
mostbet-8u9i.buzz,not-affiliate
mostbet-8yhw.buzz,not-affiliate
mostbet-95js.top,not-affiliate
mostbet-9dqh.top,not-affiliate
mostbet-9dvj.top,not-affiliate
mostbet-9j5c.top,not-affiliate
mostbet-africa.com,not-affiliate
mostbet-ahiiqk2.top,not-affiliate
mostbet-aid4.cfd,not-affiliate
mostbet-akhfqn2.top,not-affiliate
mostbet-almaty-kz.com,not-affiliate
mostbet-am4.top,not-affiliate
mostbet-amp-20.site,not-affiliate
mostbet-amp-21.site,not-affiliate
mostbet-amp-22.site,not-affiliate
mostbet-amp-23.site,not-affiliate
mostbet-amp-site2.top,not-affiliate
mostbet-amp.kz,not-affiliate
mostbet-android-apk.com,not-affiliate
mostbet-android-apk.ru,not-affiliate
mostbet-apbgwp.top,not-affiliate
mostbet-apk-azerbaycan.net,not-affiliate
mostbet-apk-hungr.com,not-affiliate
mostbet-apk-in.com,not-affiliate
mostbet-apk-indi.com,not-affiliate
mostbet-apk-pl.com,not-affiliate
mostbet-apk.co.cz,not-affiliate
mostbet-apk.de,not-affiliate
mostbet-apkkz.com,not-affiliate
mostbet-aplikacja-polska.space,not-affiliate
mostbet-apostabr.com,not-affiliate
mostbet-apostas.com,not-affiliate
mostbet-apostas.online,not-affiliate
mostbet-app-download.online,not-affiliate
mostbet-app-download.ru,not-affiliate
mostbet-app-fr.com,not-affiliate
mostbet-app-in.com,not-affiliate
mostbet-app-in.net,not-affiliate
mostbet-app-pl.com,not-affiliate
mostbet-app.casino,not-affiliate
mostbet-app.com,not-affiliate
mostbet-app.com.pl,not-affiliate
mostbet-app.org,not-affiliate
mostbet-app.pro,not-affiliate
mostbet-apps-uz.com,not-affiliate
mostbet-apps.com,not-affiliate
mostbet-ar.com,not-affiliate
mostbet-arab.net,not-affiliate
mostbet-argentino.com,not-affiliate
mostbet-armenia.online,not-affiliate
mostbet-armenia1.com,not-affiliate
mostbet-aviator.bet,not-affiliate
mostbet-aviator.top,not-affiliate
mostbet-aws71.buzz,not-affiliate
mostbet-az-1.com,not-affiliate
mostbet-az-2.com,not-affiliate
mostbet-az-3.com,not-affiliate
mostbet-az-4.com,not-affiliate
mostbet-az-45.info,not-affiliate
mostbet-az-45.org,not-affiliate
mostbet-az-91.net,not-affiliate
mostbet-az-apk.club,not-affiliate
mostbet-az-bahis.com,not-affiliate
mostbet-az-bookmaker.com,not-affiliate
mostbet-az-casino.org,not-affiliate
mostbet-az-indir-app.com,not-affiliate
mostbet-az-site.it.com,not-affiliate
mostbet-az-slot.com,not-affiliate
mostbet-az-spin.com,not-affiliate
mostbet-az.cfd,not-affiliate
mostbet-az.info,not-affiliate
mostbet-az.me,not-affiliate
mostbet-az.ru,not-affiliate
mostbet-az.tech,not-affiliate
mostbet-az2025.ing,not-affiliate
mostbet-az90.net,not-affiliate
mostbet-az90.ru,not-affiliate
mostbet-az91.com,not-affiliate
mostbet-az91.online,not-affiliate
mostbet-azb-online.mex.com,not-affiliate
mostbet-aze.org,not-affiliate
mostbet-aze45.info,not-affiliate
mostbet-aze45.net,not-affiliate
mostbet-azeerbaycan.ink,not-affiliate
mostbet-azer.net,not-affiliate
mostbet-azer.org,not-affiliate
mostbet-azerbaijan-777.net,not-affiliate
mostbet-azerbaijan-777.org,not-affiliate
mostbet-azerbaijan-bet.com,not-affiliate
mostbet-azerbaijan-bet.org,not-affiliate
mostbet-azerbaijan-bonus.com,not-affiliate
mostbet-azerbaijan-bonus.net,not-affiliate
mostbet-azerbaijan-bonus.org,not-affiliate
mostbet-azerbaijan-casino.com,not-affiliate
mostbet-azerbaijan-casino.org,not-affiliate
mostbet-azerbaijan-club.com,not-affiliate
mostbet-azerbaijan-club.net,not-affiliate
mostbet-azerbaijan-club.org,not-affiliate
mostbet-azerbaijan-fun.com,not-affiliate
mostbet-azerbaijan-fun.net,not-affiliate
mostbet-azerbaijan-fun.org,not-affiliate
mostbet-azerbaijan-game.com,not-affiliate
mostbet-azerbaijan-games.com,not-affiliate
mostbet-azerbaijan-games.net,not-affiliate
mostbet-azerbaijan-games.org,not-affiliate
mostbet-azerbaijan-jackpot.com,not-affiliate
mostbet-azerbaijan-jackpot.net,not-affiliate
mostbet-azerbaijan-jackpot.org,not-affiliate
mostbet-azerbaijan-max.com,not-affiliate
mostbet-azerbaijan-max.net,not-affiliate
mostbet-azerbaijan-play.com,not-affiliate
mostbet-azerbaijan-play.net,not-affiliate
mostbet-azerbaijan-play.org,not-affiliate
mostbet-azerbaijan-pro.com,not-affiliate
mostbet-azerbaijan-pro.net,not-affiliate
mostbet-azerbaijan-pro.org,not-affiliate
mostbet-azerbaijan-sport.com,not-affiliate
mostbet-azerbaijan-sport.net,not-affiliate
mostbet-azerbaijan-sport.org,not-affiliate
mostbet-azerbaijan-top.com,not-affiliate
mostbet-azerbaijan-vip.com,not-affiliate
mostbet-azerbaijan-vip.net,not-affiliate
mostbet-azerbaijan-win.com,not-affiliate
mostbet-azerbaijan-win.net,not-affiliate
mostbet-azerbaijan.in.net,not-affiliate
mostbet-azerbaijan.tech,not-affiliate
mostbet-azerbaijan3.com,not-affiliate
mostbet-azerbaycan.fun,not-affiliate
mostbet-azerbaycan2025.com,not-affiliate
mostbet-azn-bahis.com,not-affiliate
mostbet-azrbjn-win.com,not-affiliate
mostbet-b68.top,not-affiliate
mostbet-bahis-casino.com,not-affiliate
mostbet-bahis-site.com,not-affiliate
mostbet-bangladesh.com,not-affiliate
mostbet-bangladesh1.net,not-affiliate
mostbet-bd-casino.biz,not-affiliate
mostbet-bd-casino.info,not-affiliate
mostbet-bd-club.com,not-affiliate
mostbet-bd-login.net,not-affiliate
mostbet-bd.cloud,not-affiliate
mostbet-bd.digital,not-affiliate
mostbet-bd.icu,not-affiliate
mostbet-bd.info,not-affiliate
mostbet-bd.live,not-affiliate
mostbet-bd.pro,not-affiliate
mostbet-bd.site,not-affiliate
mostbet-bd.space,not-affiliate
mostbet-bd.world,not-affiliate
mostbet-belarus.com,not-affiliate
mostbet-best.org,not-affiliate
mostbet-best.top,not-affiliate
mostbet-bestpk.com,not-affiliate
mostbet-bet.kz,not-affiliate
mostbet-bet.net,not-affiliate
mostbet-bet.org,not-affiliate
mostbet-bg.click,not-affiliate
mostbet-bgd.com,not-affiliate
mostbet-bk-6win.xyz,not-affiliate
mostbet-bke95.sbs,not-affiliate
mostbet-bonus-app.com,not-affiliate
mostbet-bonus-code.com,not-affiliate
mostbet-bonus-in.com,not-affiliate
mostbet-bonus-ind.com,not-affiliate
mostbet-bonus-play.com,not-affiliate
mostbet-bonus-site.com,not-affiliate
mostbet-bonus-vip.ru,not-affiliate
mostbet-bonus.best,not-affiliate
mostbet-bonus.buzz,not-affiliate
mostbet-bonus.cfd,not-affiliate
mostbet-bonus.com,not-affiliate
mostbet-bonus.site,not-affiliate
mostbet-bonuses.buzz,not-affiliate
mostbet-bonuses.cfd,not-affiliate
mostbet-bonuses.click,not-affiliate
mostbet-bonuses.info,not-affiliate
mostbet-bonuses.org,not-affiliate
mostbet-bonuskz.com,not-affiliate
mostbet-bonusonline.com,not-affiliate
mostbet-bookmaker.net,not-affiliate
mostbet-br.br.com,not-affiliate
mostbet-br27.com,not-affiliate
mostbet-brasi.com,not-affiliate
mostbet-buk.top,not-affiliate
mostbet-bukmeker-kontoru.top,not-affiliate
mostbet-bur41.buzz,not-affiliate
mostbet-bwg96.buzz,not-affiliate
mostbet-bywn49.top,not-affiliate
mostbet-ca.top,not-affiliate
mostbet-can.top,not-affiliate
mostbet-canada.ca,not-affiliate
mostbet-canada.net,not-affiliate
mostbet-canada.org,not-affiliate
mostbet-cas.top,not-affiliate
mostbet-casino-2025.ink,not-affiliate
mostbet-casino-az.it.com,not-affiliate
mostbet-casino-aze.com,not-affiliate
mostbet-casino-azerbaijan.com,not-affiliate
mostbet-casino-azerbaijan.net,not-affiliate
mostbet-casino-azerbaijan.org,not-affiliate
mostbet-casino-azrbjn.com,not-affiliate
mostbet-casino-bet-az.com,not-affiliate
mostbet-casino-bet.com,not-affiliate
mostbet-casino-brasil-br.com,not-affiliate
mostbet-casino-brazil.com,not-affiliate
mostbet-casino-cz.cz,not-affiliate
mostbet-casino-czech-republic.com,not-affiliate
mostbet-casino-es.com,not-affiliate
mostbet-casino-game.net,not-affiliate
mostbet-casino-georgia.com,not-affiliate
mostbet-casino-giris-2025.art,not-affiliate
mostbet-casino-giris.art,not-affiliate
mostbet-casino-giris.eu.com,not-affiliate
mostbet-casino-giris.ink,not-affiliate
mostbet-casino-giris.online,not-affiliate
mostbet-casino-giris1.ink,not-affiliate
mostbet-casino-giristr.com,not-affiliate
mostbet-casino-go1nr.top,not-affiliate
mostbet-casino-goqji.top,not-affiliate
mostbet-casino-gouo7.top,not-affiliate
mostbet-casino-ios.com,not-affiliate
mostbet-casino-kk.online,not-affiliate
mostbet-casino-mirror-3.cfd,not-affiliate
mostbet-casino-online.com,not-affiliate
mostbet-casino-online.live,not-affiliate
mostbet-casino-oyna.com,not-affiliate
mostbet-casino-oynay.com,not-affiliate
mostbet-casino-pl.online,not-affiliate
mostbet-casino-play35w.top,not-affiliate
mostbet-casino-play7777.top,not-affiliate
mostbet-casino-play77777.top,not-affiliate
mostbet-casino-play7lv.top,not-affiliate
mostbet-casino-play837.top,not-affiliate
mostbet-casino-play8od.top,not-affiliate
mostbet-casino-play95f.top,not-affiliate
mostbet-casino-play9le.top,not-affiliate
mostbet-casino-play9mq.top,not-affiliate
mostbet-casino-playcia.top,not-affiliate
mostbet-casino-playe9p.top,not-affiliate
mostbet-casino-playeye.top,not-affiliate
mostbet-casino-playlrg.top,not-affiliate
mostbet-casino-playnyg.top,not-affiliate
mostbet-casino-playpzr.top,not-affiliate
mostbet-casino-playqhv.top,not-affiliate
mostbet-casino-playrah.top,not-affiliate
mostbet-casino-playrz4.top,not-affiliate
mostbet-casino-plays2d.top,not-affiliate
mostbet-casino-playsf0.top,not-affiliate
mostbet-casino-playva8.top,not-affiliate
mostbet-casino-playxhs.top,not-affiliate
mostbet-casino-playzhp.top,not-affiliate
mostbet-casino-poland.pl,not-affiliate
mostbet-casino-polska.space,not-affiliate
mostbet-casino-prihlaseni.cz,not-affiliate
mostbet-casino-pt.com.pt,not-affiliate
mostbet-casino-register-cz.com,not-affiliate
mostbet-casino-ru.site,not-affiliate
mostbet-casino-russia.ru,not-affiliate
mostbet-casino-so.site,not-affiliate
mostbet-casino-sw.site,not-affiliate
mostbet-casino-uz.com,not-affiliate
mostbet-casino-uz.net,not-affiliate
mostbet-casino-uz.org,not-affiliate
mostbet-casino-uzbekistan.com,not-affiliate
mostbet-casino-win.com,not-affiliate
mostbet-casino-win777.top,not-affiliate
mostbet-casino.art,not-affiliate
mostbet-casino.az,not-affiliate
mostbet-casino.br.com,not-affiliate
mostbet-casino.co,not-affiliate
mostbet-casino.cz,not-affiliate
mostbet-casino.hu,not-affiliate
mostbet-casino.icu,not-affiliate
mostbet-casino.me,not-affiliate
mostbet-casino.org,not-affiliate
mostbet-casino.ro,not-affiliate
mostbet-casino1.com.pl,not-affiliate
mostbet-casino1.online,not-affiliate
mostbet-casino11.buzz,not-affiliate
mostbet-casino11.fun,not-affiliate
mostbet-casino15.buzz,not-affiliate
mostbet-casino16.xyz,not-affiliate
mostbet-casino17.site,not-affiliate
mostbet-casino18.click,not-affiliate
mostbet-casino18.top,not-affiliate
mostbet-casino19.fun,not-affiliate
mostbet-casino2.online,not-affiliate
mostbet-casino2025.com,not-affiliate
mostbet-casino2026.buzz,not-affiliate
mostbet-casino2026.com,not-affiliate
mostbet-casino220.top,not-affiliate
mostbet-casino23.click,not-affiliate
mostbet-casino24.fun,not-affiliate
mostbet-casino24.top,not-affiliate
mostbet-casino24x7h.top,not-affiliate
mostbet-casino24x7o.top,not-affiliate
mostbet-casino24x7p.top,not-affiliate
mostbet-casino3.online,not-affiliate
mostbet-casino31.top,not-affiliate
mostbet-casino32.pro,not-affiliate
mostbet-casino32.site,not-affiliate
mostbet-casino41.buzz,not-affiliate
mostbet-casino440.top,not-affiliate
mostbet-casino450.top,not-affiliate
mostbet-casino51.xyz,not-affiliate
mostbet-casino54.top,not-affiliate
mostbet-casino7.online,not-affiliate
mostbet-casino7.xyz,not-affiliate
mostbet-casino72.top,not-affiliate
mostbet-casino77.pro,not-affiliate
mostbet-casino7775.buzz,not-affiliate
mostbet-casino7788.buzz,not-affiliate
mostbet-casino8.online,not-affiliate
mostbet-casino8.site,not-affiliate
mostbet-casino83.fun,not-affiliate
mostbet-casino88.cfd,not-affiliate
mostbet-casino9.online,not-affiliate
mostbet-casinobd.com,not-affiliate
mostbet-casinobet.cz,not-affiliate
mostbet-casinogirisi.live,not-affiliate
mostbet-casinons.cyou,not-affiliate
mostbet-casinopl2025.ink,not-affiliate
mostbet-casinos-registration.cfd,not-affiliate
mostbet-casinos-registration.top,not-affiliate
mostbet-casinouz.com,not-affiliate
mostbet-casinoz.cz,not-affiliate
mostbet-cassino.top,not-affiliate
mostbet-cazino.cz,not-affiliate
mostbet-cda.top,not-affiliate
mostbet-ceska.cz,not-affiliate
mostbet-ci7f7.top,not-affiliate
mostbet-cki40.sbs,not-affiliate
mostbet-cl.org,not-affiliate
mostbet-club-eg.com,not-affiliate
mostbet-club-kz.com,not-affiliate
mostbet-club.kz,not-affiliate
mostbet-club.net,not-affiliate
mostbet-club.org,not-affiliate
mostbet-cm.org,not-affiliate
mostbet-code.com,not-affiliate
mostbet-com.com,not-affiliate
mostbet-cpq19.sbs,not-affiliate
mostbet-cr.com,not-affiliate
mostbet-crash.kz,not-affiliate
mostbet-cz-bk.net,not-affiliate
mostbet-cz-kasino.com,not-affiliate
mostbet-cz-login.cz,not-affiliate
mostbet-cz.casino,not-affiliate
mostbet-cz.fun,not-affiliate
mostbet-cz.live,not-affiliate
mostbet-cz.online,not-affiliate
mostbet-cz.top,not-affiliate
mostbet-czech-republic.com,not-affiliate
mostbet-czech.com,not-affiliate
mostbet-dcl.lol,not-affiliate
mostbet-dd.top,not-affiliate
mostbet-ddognp1.top,not-affiliate
mostbet-de-club.de,not-affiliate
mostbet-de.com.de,not-affiliate
mostbet-deals.com,not-affiliate
mostbet-deposit.com,not-affiliate
mostbet-dfg34.com,not-affiliate
mostbet-dgjmie.top,not-affiliate
mostbet-dk.bet,not-affiliate
mostbet-dk.click,not-affiliate
mostbet-download-apk-kz.com,not-affiliate
mostbet-download-ar.com,not-affiliate
mostbet-download-kz.com,not-affiliate
mostbet-ecuador.com,not-affiliate
mostbet-ecuador.ec,not-affiliate
mostbet-eg-club.com,not-affiliate
mostbet-eg-win.com,not-affiliate
mostbet-egp.com,not-affiliate
mostbet-egypt-bet.com,not-affiliate
mostbet-eknxhh.top,not-affiliate
mostbet-elite.com,not-affiliate
mostbet-erv.top,not-affiliate
mostbet-eu.com,not-affiliate
mostbet-fcthrq1.top,not-affiliate
mostbet-fev.buzz,not-affiliate
mostbet-fgh24.com,not-affiliate
mostbet-fgh48.com,not-affiliate
mostbet-fiu97.sbs,not-affiliate
mostbet-fryvip1.top,not-affiliate
mostbet-fswp42.top,not-affiliate
mostbet-g2cdoz8.top,not-affiliate
mostbet-gamble.com,not-affiliate
mostbet-game-azerbaijan.com,not-affiliate
mostbet-games-in.com,not-affiliate
mostbet-games-play.org,not-affiliate
mostbet-games.com,not-affiliate
mostbet-gaming-play.com,not-affiliate
mostbet-gbenhz.top,not-affiliate
mostbet-gdwwqj.top,not-affiliate
mostbet-ge-club.com,not-affiliate
mostbet-ge.net,not-affiliate
mostbet-germany.com,not-affiliate
mostbet-ges9.cfd,not-affiliate
mostbet-gh.net,not-affiliate
mostbet-ghj15.com,not-affiliate
mostbet-giris-casino.com,not-affiliate
mostbet-giris-tr.com,not-affiliate
mostbet-giris-turkey.vip,not-affiliate
mostbet-giris.xyz,not-affiliate
mostbet-girisi.info,not-affiliate
mostbet-giriss.com,not-affiliate
mostbet-giriss.ink,not-affiliate
mostbet-glzqcv.top,not-affiliate
mostbet-gogo.biz,not-affiliate
mostbet-gracpolska.click,not-affiliate
mostbet-gracpolska.life,not-affiliate
mostbet-gsr7.cfd,not-affiliate
mostbet-gueogq.top,not-affiliate
mostbet-guncel-giris.org,not-affiliate
mostbet-guru.com,not-affiliate
mostbet-hcmblg.top,not-affiliate
mostbet-hcmblg2.top,not-affiliate
mostbet-heg.online,not-affiliate
mostbet-heg.ru,not-affiliate
mostbet-hesab.com,not-affiliate
mostbet-hesab.net,not-affiliate
mostbet-hfewqz.top,not-affiliate
mostbet-hfewqz1.top,not-affiliate
mostbet-hfewqz2.top,not-affiliate
mostbet-hjuumw1.top,not-affiliate
mostbet-hu.com,not-affiliate
mostbet-hu.org,not-affiliate
mostbet-hun.bet,not-affiliate
mostbet-hun.com,not-affiliate
mostbet-hun.jp.net,not-affiliate
mostbet-hungarian.com,not-affiliate
mostbet-hungary-bejelentkezes.ink,not-affiliate
mostbet-hungary.casino,not-affiliate
mostbet-hungary.hu,not-affiliate
mostbet-hungary.jp.net,not-affiliate
mostbet-idjgjz.top,not-affiliate
mostbet-idpvun.top,not-affiliate
mostbet-idpvun1.top,not-affiliate
mostbet-igambling.com,not-affiliate
mostbet-ihw6az4.buzz,not-affiliate
mostbet-ilrewv1.top,not-affiliate
mostbet-ind-club.com,not-affiliate
mostbet-indi-game.com,not-affiliate
mostbet-indi.com,not-affiliate
mostbet-india-site.com,not-affiliate
mostbet-india.com,not-affiliate
mostbet-india.pro.in,not-affiliate
mostbet-indiabet.com,not-affiliate
mostbet-indibet.com,not-affiliate
mostbet-indir-android.ink,not-affiliate
mostbet-indir-az.org,not-affiliate
mostbet-indonesia.com,not-affiliate
mostbet-info-uz.com,not-affiliate
mostbet-info.com,not-affiliate
mostbet-info.hu,not-affiliate
mostbet-install.kz,not-affiliate
mostbet-ios-apk.com,not-affiliate
mostbet-ios.com,not-affiliate
mostbet-ios.org,not-affiliate
mostbet-iprizm1.top,not-affiliate
mostbet-iprizm2.top,not-affiliate
mostbet-iprizm3.top,not-affiliate
mostbet-iran.org,not-affiliate
mostbet-ireland.org,not-affiliate
mostbet-italia.com,not-affiliate
mostbet-italy.com,not-affiliate
mostbet-iwrijv.top,not-affiliate
mostbet-jackpot.kz,not-affiliate
mostbet-jssfsk.top,not-affiliate
mostbet-jssfsk1.top,not-affiliate
mostbet-jwzbro.top,not-affiliate
mostbet-kabwqv.top,not-affiliate
mostbet-kashan.top,not-affiliate
mostbet-kasina-prihlaseni.cz,not-affiliate
mostbet-kasina.cz,not-affiliate
mostbet-kasino.com,not-affiliate
mostbet-kasino.pl,not-affiliate
mostbet-kasyno-aplikacja.pl,not-affiliate
mostbet-kasyno-vip.pl,not-affiliate
mostbet-kasyno.net.pl,not-affiliate
mostbet-kasynopl.live,not-affiliate
mostbet-kaszino.org,not-affiliate
mostbet-kazah.com,not-affiliate
mostbet-kazahstan.com,not-affiliate
mostbet-kazak.com,not-affiliate
mostbet-kazakhstan.com,not-affiliate
mostbet-kazakhstan.us.com,not-affiliate
mostbet-kazakhstans.com,not-affiliate
mostbet-kazino-2025.cc,not-affiliate
mostbet-kazino-2025.ink,not-affiliate
mostbet-kazino-az.ink,not-affiliate
mostbet-kazino-az.live,not-affiliate
mostbet-kazino-az.online,not-affiliate
mostbet-kazino-az.vip,not-affiliate
mostbet-kazino-online.ink,not-affiliate
mostbet-kazino-online.vip,not-affiliate
mostbet-kazino-uz.top,not-affiliate
mostbet-kazino-uz1.top,not-affiliate
mostbet-kazino1.com,not-affiliate
mostbet-kazino2025.mobi,not-affiliate
mostbet-kazinoaz-2025.vip,not-affiliate
mostbet-kazinoaz-2025.xyz,not-affiliate
mostbet-kazinoaz.ink,not-affiliate
mostbet-kazinoaz2025.art,not-affiliate
mostbet-kazinoaz2025.xyz,not-affiliate
mostbet-kazyno-polska.net.pl,not-affiliate
mostbet-ke.ke,not-affiliate
mostbet-kenya.co.ke,not-affiliate
mostbet-kenya.net,not-affiliate
mostbet-kg.online,not-affiliate
mostbet-kg.org,not-affiliate
mostbet-kick.ru,not-affiliate
mostbet-kirish-uz.com,not-affiliate
mostbet-kjqiyo.top,not-affiliate
mostbet-know.top,not-affiliate
mostbet-kwame.top,not-affiliate
mostbet-kylkuq1.top,not-affiliate
mostbet-kyrgyzia.org,not-affiliate
mostbet-kz-login.online,not-affiliate
mostbet-kz-site.us.com,not-affiliate
mostbet-kz-vkhod.online,not-affiliate
mostbet-kz.site,not-affiliate
mostbet-kz.web.id,not-affiliate
mostbet-kzh.com,not-affiliate
mostbet-kzhstn.com,not-affiliate
mostbet-links.vip,not-affiliate
mostbet-live-bet.com,not-affiliate
mostbet-live.net,not-affiliate
mostbet-lka.com,not-affiliate
mostbet-login-in.com,not-affiliate
mostbet-login-pt.com,not-affiliate
mostbet-lou.online,not-affiliate
mostbet-lou.ru,not-affiliate
mostbet-lq.top,not-affiliate
mostbet-lqocho.top,not-affiliate
mostbet-luxury.com,not-affiliate
mostbet-magnolia.ru,not-affiliate
mostbet-magyar.bet,not-affiliate
mostbet-magyarorszag.com,not-affiliate
mostbet-malaysia.org,not-affiliate
mostbet-mexico.com,not-affiliate
mostbet-mirror.space,not-affiliate
mostbet-mobil.com,not-affiliate
mostbet-mobil.net,not-affiliate
mostbet-mobil.org,not-affiliate
mostbet-mobile-apk.ru,not-affiliate
mostbet-mobile-site.com,not-affiliate
mostbet-mobile.cz,not-affiliate
mostbet-mobile.net,not-affiliate
mostbet-mobile3-amp.ru,not-affiliate
mostbet-mobile55-amp.ru,not-affiliate
mostbet-mobile57-amp.ru,not-affiliate
mostbet-mobile59-amp.ru,not-affiliate
mostbet-mobile60-amp.ru,not-affiliate
mostbet-mobile61-amp.ru,not-affiliate
mostbet-mobile62-amp.ru,not-affiliate
mostbet-mobile63-amp.ru,not-affiliate
mostbet-mobile64-amp.ru,not-affiliate
mostbet-mobile66-amp.ru,not-affiliate
mostbet-mobile86-amp.ru,not-affiliate
mostbet-moroc.com,not-affiliate
mostbet-mosbet-azerbaycan.com,not-affiliate
mostbet-most-bet-bet.life,not-affiliate
mostbet-most-bet-bet2.life,not-affiliate
mostbet-most-bet.life,not-affiliate
mostbet-mst.top,not-affiliate
mostbet-mstbt.com,not-affiliate
mostbet-mxvrlf1.top,not-affiliate
mostbet-nepal.bet,not-affiliate
mostbet-news.ru,not-affiliate
mostbet-ng.org,not-affiliate
mostbet-nigeria.com.ng,not-affiliate
mostbet-nigeria.net,not-affiliate
mostbet-nl.org,not-affiliate
mostbet-no.org,not-affiliate
mostbet-nobmls.top,not-affiliate
mostbet-norway.com,not-affiliate
mostbet-now.net,not-affiliate
mostbet-np.net,not-affiliate
mostbet-nrx.xyz,not-affiliate
mostbet-ns12.top,not-affiliate
mostbet-nublit.top,not-affiliate
mostbet-obzor-casino.online,not-affiliate
mostbet-offer.com,not-affiliate
mostbet-official-az.org,not-affiliate
mostbet-official-cz.ink,not-affiliate
mostbet-official-kazino.com,not-affiliate
mostbet-official-pl.com.pl,not-affiliate
mostbet-official.buzz,not-affiliate
mostbet-official777.ru,not-affiliate
mostbet-official779.ru,not-affiliate
mostbet-official783.ru,not-affiliate
mostbet-officialsite.click,not-affiliate
mostbet-officialsite.com,not-affiliate
mostbet-officialsite.site,not-affiliate
mostbet-officialsites.click,not-affiliate
mostbet-officialslot.click,not-affiliate
mostbet-officialslots.click,not-affiliate
mostbet-ojkmtj.top,not-affiliate
mostbet-ojkmtj1.top,not-affiliate
mostbet-online-az.it.com,not-affiliate
mostbet-online-aze.ink,not-affiliate
mostbet-online-game.net,not-affiliate
mostbet-online-game.org,not-affiliate
mostbet-online-kasino.cz,not-affiliate
mostbet-online-ru.com,not-affiliate
mostbet-online.bet,not-affiliate
mostbet-online.net,not-affiliate
mostbet-online.online,not-affiliate
mostbet-online.ru,not-affiliate
mostbet-online11.fun,not-affiliate
mostbet-online12.xyz,not-affiliate
mostbet-onlinetr.top,not-affiliate
mostbet-original.kz,not-affiliate
mostbet-original.org,not-affiliate
mostbet-ottawa.com,not-affiliate
mostbet-over.vip,not-affiliate
mostbet-pakistan.net,not-affiliate
mostbet-pakistan.tech,not-affiliate
mostbet-pay.com,not-affiliate
mostbet-pchvfk.top,not-affiliate
mostbet-pe.net,not-affiliate
mostbet-per.com,not-affiliate
mostbet-peru.pe,not-affiliate
mostbet-pez.online,not-affiliate
mostbet-pez.ru,not-affiliate
mostbet-pfwnoi.top,not-affiliate
mostbet-pfwnoi1.top,not-affiliate
mostbet-philippines.org,not-affiliate
mostbet-pion.ru,not-affiliate
mostbet-pk-app.com,not-affiliate
mostbet-pk-casino.info,not-affiliate
mostbet-pk-casino.online,not-affiliate
mostbet-pk-casino.org,not-affiliate
mostbet-pk-casino.site,not-affiliate
mostbet-pk.biz,not-affiliate
mostbet-pk.click,not-affiliate
mostbet-pk.info,not-affiliate
mostbet-pk.link,not-affiliate
mostbet-pk.net,not-affiliate
mostbet-pk.org,not-affiliate
mostbet-pk.pro,not-affiliate
mostbet-pk.store,not-affiliate
mostbet-pkr.com,not-affiliate
mostbet-pl-bonus.space,not-affiliate
mostbet-pl-casino.com.pl,not-affiliate
mostbet-pl.casino,not-affiliate
mostbet-pl.com.pl,not-affiliate
mostbet-pl.digital,not-affiliate
mostbet-pl.ink,not-affiliate
mostbet-pl.live,not-affiliate
mostbet-pl.ru,not-affiliate
mostbet-pl.waw.pl,not-affiliate
mostbet-pl.xyz,not-affiliate
mostbet-pl27.online,not-affiliate
mostbet-play-amp.website,not-affiliate
mostbet-play-bd.com,not-affiliate
mostbet-play-online.com,not-affiliate
mostbet-play-online.org,not-affiliate
mostbet-play.biz,not-affiliate
mostbet-play1.top,not-affiliate
mostbet-play24.online,not-affiliate
mostbet-play27.xyz,not-affiliate
mostbet-play3.click,not-affiliate
mostbet-play33.top,not-affiliate
mostbet-pls.com,not-affiliate
mostbet-po.top,not-affiliate
mostbet-poker.com,not-affiliate
mostbet-pol.jp.net,not-affiliate
mostbet-poland.jp.net,not-affiliate
mostbet-polska-bonus.cfd,not-affiliate
mostbet-polska-kasyno.space,not-affiliate
mostbet-polska-win.online,not-affiliate
mostbet-polska.ink,not-affiliate
mostbet-polska.live,not-affiliate
mostbet-polska.online,not-affiliate
mostbet-polska.ru,not-affiliate
mostbet-polskagrac.click,not-affiliate
mostbet-polskagrac.life,not-affiliate
mostbet-portugal.games,not-affiliate
mostbet-portugal1.com,not-affiliate
mostbet-premium.com,not-affiliate
mostbet-premium.kz,not-affiliate
mostbet-premium.org,not-affiliate
mostbet-promo-code.com,not-affiliate
mostbet-promo.com,not-affiliate
mostbet-promo.kz,not-affiliate
mostbet-pt.info,not-affiliate
mostbet-pt.net,not-affiliate
mostbet-pt.online,not-affiliate
mostbet-pt.org,not-affiliate
mostbet-pt.pt,not-affiliate
mostbet-pt.site,not-affiliate
mostbet-pt.xyz,not-affiliate
mostbet-pv.top,not-affiliate
mostbet-qbbgpi1.top,not-affiliate
mostbet-qe26.top,not-affiliate
mostbet-qeuyqu.top,not-affiliate
mostbet-qexaar.top,not-affiliate
mostbet-qeydiyyat-online.com,not-affiliate
mostbet-qjaiex.top,not-affiliate
mostbet-qjaiex1.top,not-affiliate
mostbet-qluhhy.top,not-affiliate
mostbet-qr.buzz,not-affiliate
mostbet-qr25.top,not-affiliate
mostbet-qs15.top,not-affiliate
mostbet-qtx75.sbs,not-affiliate
mostbet-rabochee.top,not-affiliate
mostbet-rating-casino7.top,not-affiliate
mostbet-rating-casino8.top,not-affiliate
mostbet-recenzja-pl.sbs,not-affiliate
mostbet-reg.top,not-affiliate
mostbet-register.net,not-affiliate
mostbet-registrace.cz,not-affiliate
mostbet-registration.cfd,not-affiliate
mostbet-registration.org,not-affiliate
mostbet-resmi.net,not-affiliate
mostbet-resmi.org,not-affiliate
mostbet-review-pt.bet,not-affiliate
mostbet-review-pt.casino,not-affiliate
mostbet-review-pt.com,not-affiliate
mostbet-review-pt.net,not-affiliate
mostbet-rewards.com,not-affiliate
mostbet-rewards.kz,not-affiliate
mostbet-rg23.com,not-affiliate
mostbet-rg25.com,not-affiliate
mostbet-rg39.com,not-affiliate
mostbet-riu.lol,not-affiliate
mostbet-rkn.top,not-affiliate
mostbet-rnvteg.top,not-affiliate
mostbet-rnvteg1.top,not-affiliate
mostbet-romania.ro,not-affiliate
mostbet-roulette.com,not-affiliate
mostbet-ru.buzz,not-affiliate
mostbet-ruo.online,not-affiliate
mostbet-ruo.ru,not-affiliate
mostbet-rus.com,not-affiliate
mostbet-rus23.site,not-affiliate
mostbet-rus30.top,not-affiliate
mostbet-ry.top,not-affiliate
mostbet-sbd.top,not-affiliate
mostbet-se.bet,not-affiliate
mostbet-secure.com,not-affiliate
mostbet-senegal.net,not-affiliate
mostbet-site-tr.top,not-affiliate
mostbet-site.net,not-affiliate
mostbet-site.org,not-affiliate
mostbet-site.top,not-affiliate
mostbet-sites.ru,not-affiliate
mostbet-sk-online.com,not-affiliate
mostbet-sk.bet,not-affiliate
mostbet-slost-uz.com,not-affiliate
mostbet-slot-amp3.top,not-affiliate
mostbet-slot44.online,not-affiliate
mostbet-slots.best,not-affiliate
mostbet-slots.cfd,not-affiliate
mostbet-slots.click,not-affiliate
mostbet-slots.net,not-affiliate
mostbet-slots.online,not-affiliate
mostbet-slots.site,not-affiliate
mostbet-slotsua.com,not-affiliate
mostbet-slovakia.com,not-affiliate
mostbet-sn.net,not-affiliate
mostbet-sn.org,not-affiliate
mostbet-south-africa.com,not-affiliate
mostbet-spin.kz,not-affiliate
mostbet-sports-lk.com,not-affiliate
mostbet-sportsbook.com,not-affiliate
mostbet-sportwetten.com,not-affiliate
mostbet-sportwetten.de,not-affiliate
mostbet-srf.top,not-affiliate
mostbet-srsbsl.top,not-affiliate
mostbet-star.com,not-affiliate
mostbet-stavka.ru,not-affiliate
mostbet-superbonus.com,not-affiliate
mostbet-svpsoq.top,not-affiliate
mostbet-switzerland.com,not-affiliate
mostbet-t23.top,not-affiliate
mostbet-t33.top,not-affiliate
mostbet-t43.top,not-affiliate
mostbet-t67.top,not-affiliate
mostbet-tanzania.net,not-affiliate
mostbet-tanzania.org,not-affiliate
mostbet-telegram.com,not-affiliate
mostbet-there.top,not-affiliate
mostbet-time.top,not-affiliate
mostbet-tj.online,not-affiliate
mostbet-tj27.com,not-affiliate
mostbet-tjj.online,not-affiliate
mostbet-tjj.ru,not-affiliate
mostbet-tmfvdu.top,not-affiliate
mostbet-tojik-reg.info,not-affiliate
mostbet-top-bonus-v114.top,not-affiliate
mostbet-top-bonus-v116.top,not-affiliate
mostbet-top-bonus-v117.top,not-affiliate
mostbet-top-bonus-v118.top,not-affiliate
mostbet-toppk.com,not-affiliate
mostbet-tplwes.top,not-affiliate
mostbet-tplwes1.top,not-affiliate
mostbet-tr-giris1.ink,not-affiliate
mostbet-tr.net,not-affiliate
mostbet-tr.pro,not-affiliate
mostbet-trky.com,not-affiliate
mostbet-tsa.top,not-affiliate
mostbet-tso.top,not-affiliate
mostbet-tstyhi.top,not-affiliate
mostbet-turk21.com,not-affiliate
mostbet-turkey-casino.com,not-affiliate
mostbet-turkey.com,not-affiliate
mostbet-turkey.vip,not-affiliate
mostbet-turkey24.com,not-affiliate
mostbet-turkie.com,not-affiliate
mostbet-turkie.net,not-affiliate
mostbet-turkie.org,not-affiliate
mostbet-turkiye-bahis.com,not-affiliate
mostbet-turkiye.org,not-affiliate
mostbet-turkiye.store,not-affiliate
mostbet-turkiyee.com,not-affiliate
mostbet-turkmenistan.online,not-affiliate
mostbet-turkye.com,not-affiliate
mostbet-tvw42.top,not-affiliate
mostbet-tz.org,not-affiliate
mostbet-uovtyk.top,not-affiliate
mostbet-uovtyk1.top,not-affiliate
mostbet-usdt.top,not-affiliate
mostbet-uu.top,not-affiliate
mostbet-uwothi1.top,not-affiliate
mostbet-uy.xyz,not-affiliate
mostbet-uz-amp1.top,not-affiliate
mostbet-uz-amp2.top,not-affiliate
mostbet-uz-amp3.top,not-affiliate
mostbet-uz-club.top,not-affiliate
mostbet-uz-kirish-bet.com,not-affiliate
mostbet-uz-kirish1.com,not-affiliate
mostbet-uz-online.com,not-affiliate
mostbet-uz-online.xyz,not-affiliate
mostbet-uz.blog,not-affiliate
mostbet-uz.top,not-affiliate
mostbet-uz2025.buzz,not-affiliate
mostbet-uzb.bet,not-affiliate
mostbet-uzb.org,not-affiliate
mostbet-uzb90.com,not-affiliate
mostbet-uzbek.com,not-affiliate
mostbet-uzbekis.com,not-affiliate
mostbet-uzbekistan.net,not-affiliate
mostbet-uzbekistan.org,not-affiliate
mostbet-uzbk.com,not-affiliate
mostbet-uzbs.com,not-affiliate
mostbet-vab9.cfd,not-affiliate
mostbet-vau7.cfd,not-affiliate
mostbet-vav9.cfd,not-affiliate
mostbet-vax7.cfd,not-affiliate
mostbet-vba7.cfd,not-affiliate
mostbet-vbe2.cfd,not-affiliate
mostbet-vbk8.cfd,not-affiliate
mostbet-vbt5.cfd,not-affiliate
mostbet-vbt8.cfd,not-affiliate
mostbet-vce9.cfd,not-affiliate
mostbet-vcy6.cfd,not-affiliate
mostbet-vcy7.cfd,not-affiliate
mostbet-vda7.cfd,not-affiliate
mostbet-vdj7.cfd,not-affiliate
mostbet-vds4.cfd,not-affiliate
mostbet-vdw5.cfd,not-affiliate
mostbet-veb4.cfd,not-affiliate
mostbet-ven6.cfd,not-affiliate
mostbet-veo4.cfd,not-affiliate
mostbet-ves3.cfd,not-affiliate
mostbet-vfo5.cfd,not-affiliate
mostbet-vfr8.cfd,not-affiliate
mostbet-vfs3.cfd,not-affiliate
mostbet-vfv7.cfd,not-affiliate
mostbet-vg.top,not-affiliate
mostbet-vge5.cfd,not-affiliate
mostbet-vgg5.cfd,not-affiliate
mostbet-vgk5.cfd,not-affiliate
mostbet-vgq5.cfd,not-affiliate
mostbet-vgu2.cfd,not-affiliate
mostbet-vgx4.cfd,not-affiliate
mostbet-vhekns.top,not-affiliate
mostbet-vhj6.cfd,not-affiliate
mostbet-vhk3.cfd,not-affiliate
mostbet-vho36.cam,not-affiliate
mostbet-vhod.casino,not-affiliate
mostbet-vhp5.cfd,not-affiliate
mostbet-vhp9.cfd,not-affiliate
mostbet-via8.cfd,not-affiliate
mostbet-vib6.cfd,not-affiliate
mostbet-vih2.cfd,not-affiliate
mostbet-vip.kz,not-affiliate
mostbet-vir.cfd,not-affiliate
mostbet-viz2.cfd,not-affiliate
mostbet-viz7.cfd,not-affiliate
mostbet-vjf4.cfd,not-affiliate
mostbet-vjn5.cfd,not-affiliate
mostbet-vkh5.cfd,not-affiliate
mostbet-vl.top,not-affiliate
mostbet-vlb2.cfd,not-affiliate
mostbet-vlh2.cfd,not-affiliate
mostbet-vli6.cfd,not-affiliate
mostbet-vlr2.cfd,not-affiliate
mostbet-vlu1.cfd,not-affiliate
mostbet-vlu2.cfd,not-affiliate
mostbet-vlw6.cfd,not-affiliate
mostbet-vly2.cfd,not-affiliate
mostbet-vmk8.cfd,not-affiliate
mostbet-vmr5.cfd,not-affiliate
mostbet-vmv1.cfd,not-affiliate
mostbet-vmy8.cfd,not-affiliate
mostbet-vna5.cfd,not-affiliate
mostbet-vne5.cfd,not-affiliate
mostbet-vnl8.cfd,not-affiliate
mostbet-vnw5.cfd,not-affiliate
mostbet-vod2.cfd,not-affiliate
mostbet-vos5.cfd,not-affiliate
mostbet-vpb3.cfd,not-affiliate
mostbet-vpg8.cfd,not-affiliate
mostbet-vpo1.cfd,not-affiliate
mostbet-vpr4.cfd,not-affiliate
mostbet-vpu4.cfd,not-affiliate
mostbet-vpwems.top,not-affiliate
mostbet-vqc3.cfd,not-affiliate
mostbet-vqm1.cfd,not-affiliate
mostbet-vqm7.cfd,not-affiliate
mostbet-vqq1.cfd,not-affiliate
mostbet-vqs4.cfd,not-affiliate
mostbet-vqt9.cfd,not-affiliate
mostbet-vrf5.cfd,not-affiliate
mostbet-vrg5.cfd,not-affiliate
mostbet-vrh3.cfd,not-affiliate
mostbet-vri2.cfd,not-affiliate
mostbet-vrk6.cfd,not-affiliate
mostbet-vru2.cfd,not-affiliate
mostbet-vrv5.cfd,not-affiliate
mostbet-vrz4.cfd,not-affiliate
mostbet-vsa1.cfd,not-affiliate
mostbet-vsd2.cfd,not-affiliate
mostbet-vsf1.cfd,not-affiliate
mostbet-vsk2.cfd,not-affiliate
mostbet-vsl4.cfd,not-affiliate
mostbet-vsl5.cfd,not-affiliate
mostbet-vsp7.cfd,not-affiliate
mostbet-vtg7.cfd,not-affiliate
mostbet-vtg9.cfd,not-affiliate
mostbet-vti7.cfd,not-affiliate
mostbet-vtj3.cfd,not-affiliate
mostbet-vts2.cfd,not-affiliate
mostbet-vtu9.cfd,not-affiliate
mostbet-vtw6.cfd,not-affiliate
mostbet-vty4.cfd,not-affiliate
mostbet-vty8.cfd,not-affiliate
mostbet-vu9.top,not-affiliate
mostbet-vur7.cfd,not-affiliate
mostbet-vuu3.cfd,not-affiliate
mostbet-vvd2.cfd,not-affiliate
mostbet-vvn6.cfd,not-affiliate
mostbet-vvr7.cfd,not-affiliate
mostbet-vvt4.cfd,not-affiliate
mostbet-vvt5.cfd,not-affiliate
mostbet-vwa9.cfd,not-affiliate
mostbet-vwc5.cfd,not-affiliate
mostbet-vwk2.cfd,not-affiliate
mostbet-vxa7.cfd,not-affiliate
mostbet-vxr4.cfd,not-affiliate
mostbet-vyf8.cfd,not-affiliate
mostbet-vyp4.cfd,not-affiliate
mostbet-vyr5.cfd,not-affiliate
mostbet-vyr7.cfd,not-affiliate
mostbet-vyu2.cfd,not-affiliate
mostbet-vyu9.cfd,not-affiliate
mostbet-vyx5.cfd,not-affiliate
mostbet-vzg7.cfd,not-affiliate
mostbet-vzj3.cfd,not-affiliate
mostbet-vzt6.cfd,not-affiliate
mostbet-vzu6.cfd,not-affiliate
mostbet-vzy8.cfd,not-affiliate
mostbet-wa2.xyz,not-affiliate
mostbet-wa3.xyz,not-affiliate
mostbet-wa5.xyz,not-affiliate
mostbet-wa6.xyz,not-affiliate
mostbet-wa8.xyz,not-affiliate
mostbet-waa4.cfd,not-affiliate
mostbet-waa5.cfd,not-affiliate
mostbet-waa7.cfd,not-affiliate
mostbet-waathb.top,not-affiliate
mostbet-wab1.cfd,not-affiliate
mostbet-wab2.cfd,not-affiliate
mostbet-wab7.cfd,not-affiliate
mostbet-wab8.cfd,not-affiliate
mostbet-wac3.cfd,not-affiliate
mostbet-wac4.cfd,not-affiliate
mostbet-wac7.cfd,not-affiliate
mostbet-wad1.cfd,not-affiliate
mostbet-wad3.cfd,not-affiliate
mostbet-wad5.cfd,not-affiliate
mostbet-wad7.cfd,not-affiliate
mostbet-wae1.cfd,not-affiliate
mostbet-wae2.top,not-affiliate
mostbet-wae6.cfd,not-affiliate
mostbet-waf2.cfd,not-affiliate
mostbet-waf3.cfd,not-affiliate
mostbet-waf5.cfd,not-affiliate
mostbet-waf7.cfd,not-affiliate
mostbet-wag1.cfd,not-affiliate
mostbet-wag2.cfd,not-affiliate
mostbet-wah2.cfd,not-affiliate
mostbet-wah4.cfd,not-affiliate
mostbet-wai1.cfd,not-affiliate
mostbet-wai4.cfd,not-affiliate
mostbet-wai5.cfd,not-affiliate
mostbet-waj1.cfd,not-affiliate
mostbet-waj6.cfd,not-affiliate
mostbet-waj7.cfd,not-affiliate
mostbet-waj9.cfd,not-affiliate
mostbet-wak4.cfd,not-affiliate
mostbet-wak5.cfd,not-affiliate
mostbet-wak7.cfd,not-affiliate
mostbet-wak9.cfd,not-affiliate
mostbet-wal3.cfd,not-affiliate
mostbet-wal7.cfd,not-affiliate
mostbet-wam2.cfd,not-affiliate
mostbet-wam3.cfd,not-affiliate
mostbet-wam5.cfd,not-affiliate
mostbet-wam6.cfd,not-affiliate
mostbet-wan2.cfd,not-affiliate
mostbet-wan3.cfd,not-affiliate
mostbet-wan6.cfd,not-affiliate
mostbet-wao1.cfd,not-affiliate
mostbet-wao3.cfd,not-affiliate
mostbet-wao5.cfd,not-affiliate
mostbet-wao9.cfd,not-affiliate
mostbet-wap3.cfd,not-affiliate
mostbet-wap8.cfd,not-affiliate
mostbet-waq1.cfd,not-affiliate
mostbet-waq3.cfd,not-affiliate
mostbet-waq5.cfd,not-affiliate
mostbet-waq9.cfd,not-affiliate
mostbet-war2.cfd,not-affiliate
mostbet-war4.cfd,not-affiliate
mostbet-war5.cfd,not-affiliate
mostbet-war8.cfd,not-affiliate
mostbet-was1.cfd,not-affiliate
mostbet-was2.cfd,not-affiliate
mostbet-was5.cfd,not-affiliate
mostbet-was9.cfd,not-affiliate
mostbet-wat6.cfd,not-affiliate
mostbet-wat9.cfd,not-affiliate
mostbet-wau1.cfd,not-affiliate
mostbet-wau5.cfd,not-affiliate
mostbet-wau6.cfd,not-affiliate
mostbet-wau7.cfd,not-affiliate
mostbet-wau9.cfd,not-affiliate
mostbet-wav2.cfd,not-affiliate
mostbet-wav3.cfd,not-affiliate
mostbet-wav4.cfd,not-affiliate
mostbet-wav5.top,not-affiliate
mostbet-waw4.cfd,not-affiliate
mostbet-waw5.cfd,not-affiliate
mostbet-wax7.cfd,not-affiliate
mostbet-wax8.cfd,not-affiliate
mostbet-wax9.cfd,not-affiliate
mostbet-way4.cfd,not-affiliate
mostbet-way6.cfd,not-affiliate
mostbet-waz1.cfd,not-affiliate
mostbet-waz2.cfd,not-affiliate
mostbet-waz9.cfd,not-affiliate
mostbet-wb.xyz,not-affiliate
mostbet-wb1.xyz,not-affiliate
mostbet-wb2.xyz,not-affiliate
mostbet-wb4.xyz,not-affiliate
mostbet-wb6.xyz,not-affiliate
mostbet-wb7.xyz,not-affiliate
mostbet-wb9.xyz,not-affiliate
mostbet-wba4.cfd,not-affiliate
mostbet-wba7.cfd,not-affiliate
mostbet-wba9.cfd,not-affiliate
mostbet-wbb3.cfd,not-affiliate
mostbet-wbc3.cfd,not-affiliate
mostbet-wbc4.cfd,not-affiliate
mostbet-wbc6.cfd,not-affiliate
mostbet-wbc7.cfd,not-affiliate
mostbet-wbc9.cfd,not-affiliate
mostbet-wbd3.cfd,not-affiliate
mostbet-wbd4.cfd,not-affiliate
mostbet-wbd6.cfd,not-affiliate
mostbet-wbd9.cfd,not-affiliate
mostbet-wbdwcf.top,not-affiliate
mostbet-wbdwcf1.top,not-affiliate
mostbet-wbe2.cfd,not-affiliate
mostbet-wbe8.cfd,not-affiliate
mostbet-wbf1.cfd,not-affiliate
mostbet-wbf5.cfd,not-affiliate
mostbet-wbf7.cfd,not-affiliate
mostbet-wbf9.cfd,not-affiliate
mostbet-wbg2.cfd,not-affiliate
mostbet-wbg3.cfd,not-affiliate
mostbet-wbh1.cfd,not-affiliate
mostbet-wbh7.cfd,not-affiliate
mostbet-wbh9.cfd,not-affiliate
mostbet-wbi3.cfd,not-affiliate
mostbet-wbi6.cfd,not-affiliate
mostbet-wbi9.cfd,not-affiliate
mostbet-wbj4.cfd,not-affiliate
mostbet-wbj5.cfd,not-affiliate
mostbet-wbj6.cfd,not-affiliate
mostbet-wbj8.cfd,not-affiliate
mostbet-wbj9.cfd,not-affiliate
mostbet-wbk1.cfd,not-affiliate
mostbet-wbk2.cfd,not-affiliate
mostbet-wbk3.cfd,not-affiliate
mostbet-wbk9.cfd,not-affiliate
mostbet-wbl5.cfd,not-affiliate
mostbet-wbm5.cfd,not-affiliate
mostbet-wbm6.cfd,not-affiliate
mostbet-wbm7.cfd,not-affiliate
mostbet-wbn1.cfd,not-affiliate
mostbet-wbn3.cfd,not-affiliate
mostbet-wbn8.cfd,not-affiliate
mostbet-wbn9.cfd,not-affiliate
mostbet-wbo7.cfd,not-affiliate
mostbet-wbp2.top,not-affiliate
mostbet-wbp3.cfd,not-affiliate
mostbet-wbp4.cfd,not-affiliate
mostbet-wbp6.cfd,not-affiliate
mostbet-wbp7.cfd,not-affiliate
mostbet-wbq5.cfd,not-affiliate
mostbet-wbq7.cfd,not-affiliate
mostbet-wbq8.cfd,not-affiliate
mostbet-wbq9.cfd,not-affiliate
mostbet-wbr4.cfd,not-affiliate
mostbet-wbs5.cfd,not-affiliate
mostbet-wbt4.cfd,not-affiliate
mostbet-wbt8.cfd,not-affiliate
mostbet-wbu1.cfd,not-affiliate
mostbet-wbu8.cfd,not-affiliate
mostbet-wbv2.cfd,not-affiliate
mostbet-wbv3.top,not-affiliate
mostbet-wbv5.cfd,not-affiliate
mostbet-wbv8.cfd,not-affiliate
mostbet-wbv9.cfd,not-affiliate
mostbet-wbw2.cfd,not-affiliate
mostbet-wbw4.cfd,not-affiliate
mostbet-wbw7.cfd,not-affiliate
mostbet-wbx1.top,not-affiliate
mostbet-wbx6.cfd,not-affiliate
mostbet-wbx9.cfd,not-affiliate
mostbet-wby4.cfd,not-affiliate
mostbet-wbz1.cfd,not-affiliate
mostbet-wbz2.cfd,not-affiliate
mostbet-wbz3.top,not-affiliate
mostbet-wbz4.cfd,not-affiliate
mostbet-wbz5.cfd,not-affiliate
mostbet-wbz6.cfd,not-affiliate
mostbet-wbz9.cfd,not-affiliate
mostbet-wc.top,not-affiliate
mostbet-wc1.xyz,not-affiliate
mostbet-wc5.xyz,not-affiliate
mostbet-wc6.xyz,not-affiliate
mostbet-wc7.xyz,not-affiliate
mostbet-wc8.xyz,not-affiliate
mostbet-wca3.cfd,not-affiliate
mostbet-wca4.cfd,not-affiliate
mostbet-wca5.cfd,not-affiliate
mostbet-wca6.cfd,not-affiliate
mostbet-wca7.top,not-affiliate
mostbet-wcb3.cfd,not-affiliate
mostbet-wcb5.top,not-affiliate
mostbet-wcb6.cfd,not-affiliate
mostbet-wcb7.top,not-affiliate
mostbet-wcb8.cfd,not-affiliate
mostbet-wcc1.cfd,not-affiliate
mostbet-wcc2.cfd,not-affiliate
mostbet-wcc4.top,not-affiliate
mostbet-wcc5.cfd,not-affiliate
mostbet-wcc9.cfd,not-affiliate
mostbet-wcd5.cfd,not-affiliate
mostbet-wcd7.cfd,not-affiliate
mostbet-wce3.top,not-affiliate
mostbet-wce7.cfd,not-affiliate
mostbet-wcf3.cfd,not-affiliate
mostbet-wcf4.cfd,not-affiliate
mostbet-wcf7.cfd,not-affiliate
mostbet-wcg1.cfd,not-affiliate
mostbet-wcg3.cfd,not-affiliate
mostbet-wcg7.cfd,not-affiliate
mostbet-wcg9.cfd,not-affiliate
mostbet-wch1.cfd,not-affiliate
mostbet-wch3.cfd,not-affiliate
mostbet-wch7.cfd,not-affiliate
mostbet-wci1.cfd,not-affiliate
mostbet-wcj1.cfd,not-affiliate
mostbet-wcj3.cfd,not-affiliate
mostbet-wcj4.cfd,not-affiliate
mostbet-wcj5.cfd,not-affiliate
mostbet-wcj7.cfd,not-affiliate
mostbet-wcl4.cfd,not-affiliate
mostbet-wcl8.cfd,not-affiliate
mostbet-wcm4.cfd,not-affiliate
mostbet-wcm5.cfd,not-affiliate
mostbet-wcm6.xyz,not-affiliate
mostbet-wcn3.cfd,not-affiliate
mostbet-wcn5.cfd,not-affiliate
mostbet-wcn6.cfd,not-affiliate
mostbet-wco1.cfd,not-affiliate
mostbet-wco4.cfd,not-affiliate
mostbet-wco8.cfd,not-affiliate
mostbet-wcp1.cfd,not-affiliate
mostbet-wcp6.cfd,not-affiliate
mostbet-wcp8.cfd,not-affiliate
mostbet-wcq2.cfd,not-affiliate
mostbet-wcq7.cfd,not-affiliate
mostbet-wcr4.cfd,not-affiliate
mostbet-wcr5.cfd,not-affiliate
mostbet-wcr6.cfd,not-affiliate
mostbet-wcr9.cfd,not-affiliate
mostbet-wcs1.cfd,not-affiliate
mostbet-wcs2.cfd,not-affiliate
mostbet-wcs4.cfd,not-affiliate
mostbet-wcs6.cfd,not-affiliate
mostbet-wcs7.cfd,not-affiliate
mostbet-wcs8.cfd,not-affiliate
mostbet-wct1.cfd,not-affiliate
mostbet-wct2.cfd,not-affiliate
mostbet-wct3.cfd,not-affiliate
mostbet-wct4.cfd,not-affiliate
mostbet-wct8.cfd,not-affiliate
mostbet-wct9.cfd,not-affiliate
mostbet-wcu1.cfd,not-affiliate
mostbet-wcu3.cfd,not-affiliate
mostbet-wcv2.cfd,not-affiliate
mostbet-wcv3.cfd,not-affiliate
mostbet-wcv4.cfd,not-affiliate
mostbet-wcv6.cfd,not-affiliate
mostbet-wcv9.cfd,not-affiliate
mostbet-wcw2.cfd,not-affiliate
mostbet-wcw4.cfd,not-affiliate
mostbet-wcw7.cfd,not-affiliate
mostbet-wcx2.cfd,not-affiliate
mostbet-wcx7.cfd,not-affiliate
mostbet-wcx8.cfd,not-affiliate
mostbet-wcx9.cfd,not-affiliate
mostbet-wcy2.cfd,not-affiliate
mostbet-wcy3.cfd,not-affiliate
mostbet-wcy8.cfd,not-affiliate
mostbet-wcz4.cfd,not-affiliate
mostbet-wcz6.cfd,not-affiliate
mostbet-wcz7.top,not-affiliate
mostbet-wcz8.cfd,not-affiliate
mostbet-wd1.xyz,not-affiliate
mostbet-wd2.xyz,not-affiliate
mostbet-wd4.xyz,not-affiliate
mostbet-wd5.xyz,not-affiliate
mostbet-wd9.xyz,not-affiliate
mostbet-wda5.cfd,not-affiliate
mostbet-wdb1.cfd,not-affiliate
mostbet-wdb4.cfd,not-affiliate
mostbet-wdb5.cfd,not-affiliate
mostbet-wdb9.cfd,not-affiliate
mostbet-wdc4.cfd,not-affiliate
mostbet-wdc9.cfd,not-affiliate
mostbet-wdd2.cfd,not-affiliate
mostbet-wdd6.cfd,not-affiliate
mostbet-wdd8.cfd,not-affiliate
mostbet-wde4.cfd,not-affiliate
mostbet-wde6.top,not-affiliate
mostbet-wde8.cfd,not-affiliate
mostbet-wdf2.cfd,not-affiliate
mostbet-wdf3.cfd,not-affiliate
mostbet-wdf4.cfd,not-affiliate
mostbet-wdf8.cfd,not-affiliate
mostbet-wdf9.top,not-affiliate
mostbet-wdg6.cfd,not-affiliate
mostbet-wdg7.cfd,not-affiliate
mostbet-wdh5.cfd,not-affiliate
mostbet-wdh8.cfd,not-affiliate
mostbet-wdi7.cfd,not-affiliate
mostbet-wdj2.cfd,not-affiliate
mostbet-wdj6.cfd,not-affiliate
mostbet-wdk1.cfd,not-affiliate
mostbet-wdk4.cfd,not-affiliate
mostbet-wdk5.cfd,not-affiliate
mostbet-wdk8.cfd,not-affiliate
mostbet-wdk9.cfd,not-affiliate
mostbet-wdl1.cfd,not-affiliate
mostbet-wdl2.cfd,not-affiliate
mostbet-wdl3.cfd,not-affiliate
mostbet-wdl4.cfd,not-affiliate
mostbet-wdl6.cfd,not-affiliate
mostbet-wdm7.cfd,not-affiliate
mostbet-wdn2.cfd,not-affiliate
mostbet-wdn9.cfd,not-affiliate
mostbet-wdo1.cfd,not-affiliate
mostbet-wdo2.cfd,not-affiliate
mostbet-wdo3.top,not-affiliate
mostbet-wdo4.cfd,not-affiliate
mostbet-wdo7.cfd,not-affiliate
mostbet-wdp1.cfd,not-affiliate
mostbet-wdp4.cfd,not-affiliate
mostbet-wdp8.cfd,not-affiliate
mostbet-wdq1.top,not-affiliate
mostbet-wdq3.cfd,not-affiliate
mostbet-wdq4.cfd,not-affiliate
mostbet-wdq8.cfd,not-affiliate
mostbet-wdr3.cfd,not-affiliate
mostbet-wdr5.cfd,not-affiliate
mostbet-wdr8.cfd,not-affiliate
mostbet-wds2.buzz,not-affiliate
mostbet-wds8.cfd,not-affiliate
mostbet-wdt2.cfd,not-affiliate
mostbet-wdu4.cfd,not-affiliate
mostbet-wdu8.cfd,not-affiliate
mostbet-wdv2.cfd,not-affiliate
mostbet-wdv3.cfd,not-affiliate
mostbet-wdv8.cfd,not-affiliate
mostbet-wdx4.cfd,not-affiliate
mostbet-wdx9.cfd,not-affiliate
mostbet-wdy2.cfd,not-affiliate
mostbet-wdy7.cfd,not-affiliate
mostbet-wdy8.cfd,not-affiliate
mostbet-wdy9.cfd,not-affiliate
mostbet-wdz1.cfd,not-affiliate
mostbet-wdz6.top,not-affiliate
mostbet-we3.xyz,not-affiliate
mostbet-we4.xyz,not-affiliate
mostbet-we6.xyz,not-affiliate
mostbet-we8.xyz,not-affiliate
mostbet-we9.xyz,not-affiliate
mostbet-wea1.cfd,not-affiliate
mostbet-wea4.cfd,not-affiliate
mostbet-wea9.cfd,not-affiliate
mostbet-web2.cfd,not-affiliate
mostbet-web7.top,not-affiliate
mostbet-web8.cfd,not-affiliate
mostbet-web9.cfd,not-affiliate
mostbet-wec1.cfd,not-affiliate
mostbet-wec2.cfd,not-affiliate
mostbet-wec3.cfd,not-affiliate
mostbet-wec4.cfd,not-affiliate
mostbet-wed2.cfd,not-affiliate
mostbet-wed3.cfd,not-affiliate
mostbet-wed5.cfd,not-affiliate
mostbet-wed8.cfd,not-affiliate
mostbet-wee1.cfd,not-affiliate
mostbet-wee7.cfd,not-affiliate
mostbet-wef1.cfd,not-affiliate
mostbet-wef2.cfd,not-affiliate
mostbet-wef5.cfd,not-affiliate
mostbet-weg2.cfd,not-affiliate
mostbet-weg5.cfd,not-affiliate
mostbet-weg8.cfd,not-affiliate
mostbet-weg9.cfd,not-affiliate
mostbet-weh1.cfd,not-affiliate
mostbet-weh6.cfd,not-affiliate
mostbet-weh7.cfd,not-affiliate
mostbet-wei1.cfd,not-affiliate
mostbet-wei3.cfd,not-affiliate
mostbet-wei4.cfd,not-affiliate
mostbet-wei7.cfd,not-affiliate
mostbet-wei9.cfd,not-affiliate
mostbet-wej2.cfd,not-affiliate
mostbet-wej6.cfd,not-affiliate
mostbet-wek1.cfd,not-affiliate
mostbet-wek5.cfd,not-affiliate
mostbet-wek6.cfd,not-affiliate
mostbet-wek7.cfd,not-affiliate
mostbet-wek9.cfd,not-affiliate
mostbet-wel4.xyz,not-affiliate
mostbet-wem2.cfd,not-affiliate
mostbet-wem4.cfd,not-affiliate
mostbet-wem7.cfd,not-affiliate
mostbet-wem8.cfd,not-affiliate
mostbet-wen1.cfd,not-affiliate
mostbet-wen2.cfd,not-affiliate
mostbet-wen4.cfd,not-affiliate
mostbet-wen9.cfd,not-affiliate
mostbet-weo7.cfd,not-affiliate
mostbet-weo9.cfd,not-affiliate
mostbet-wep2.cfd,not-affiliate
mostbet-wep6.cfd,not-affiliate
mostbet-wep7.top,not-affiliate
mostbet-weq4.cfd,not-affiliate
mostbet-weq8.cfd,not-affiliate
mostbet-weq9.cfd,not-affiliate
mostbet-wer2.cfd,not-affiliate
mostbet-wer4.cfd,not-affiliate
mostbet-wes3.cfd,not-affiliate
mostbet-wes9.cfd,not-affiliate
mostbet-wet3.cfd,not-affiliate
mostbet-wet4.cfd,not-affiliate
mostbet-wet5.cfd,not-affiliate
mostbet-wet6.cfd,not-affiliate
mostbet-wev1.cfd,not-affiliate
mostbet-wew2.cfd,not-affiliate
mostbet-wew7.cfd,not-affiliate
mostbet-wew8.cfd,not-affiliate
mostbet-wew9.cfd,not-affiliate
mostbet-wex2.cfd,not-affiliate
mostbet-wex6.cfd,not-affiliate
mostbet-wex9.cfd,not-affiliate
mostbet-wey2.cfd,not-affiliate
mostbet-wey3.cfd,not-affiliate
mostbet-wez1.cfd,not-affiliate
mostbet-wez6.top,not-affiliate
mostbet-wez9.cfd,not-affiliate
mostbet-wf2.xyz,not-affiliate
mostbet-wf3.xyz,not-affiliate
mostbet-wf5.xyz,not-affiliate
mostbet-wf6.xyz,not-affiliate
mostbet-wf7.xyz,not-affiliate
mostbet-wf9.xyz,not-affiliate
mostbet-wfa7.cfd,not-affiliate
mostbet-wfb1.cfd,not-affiliate
mostbet-wfb2.cfd,not-affiliate
mostbet-wfc2.cfd,not-affiliate
mostbet-wfc3.cfd,not-affiliate
mostbet-wfc8.cfd,not-affiliate
mostbet-wfd2.cfd,not-affiliate
mostbet-wfd5.cfd,not-affiliate
mostbet-wfd7.cfd,not-affiliate
mostbet-wfd8.cfd,not-affiliate
mostbet-wfe5.cfd,not-affiliate
mostbet-wff3.cfd,not-affiliate
mostbet-wff5.cfd,not-affiliate
mostbet-wfg1.cfd,not-affiliate
mostbet-wfg2.cfd,not-affiliate
mostbet-wfg4.cfd,not-affiliate
mostbet-wfg6.cfd,not-affiliate
mostbet-wfg8.cfd,not-affiliate
mostbet-wfh1.cfd,not-affiliate
mostbet-wfh4.cfd,not-affiliate
mostbet-wfh5.cfd,not-affiliate
mostbet-wfh9.cfd,not-affiliate
mostbet-wfi2.cfd,not-affiliate
mostbet-wfi7.cfd,not-affiliate
mostbet-wfj1.cfd,not-affiliate
mostbet-wfj4.cfd,not-affiliate
mostbet-wfj5.cfd,not-affiliate
mostbet-wfk4.cfd,not-affiliate
mostbet-wfk6.cfd,not-affiliate
mostbet-wfk7.cfd,not-affiliate
mostbet-wfl1.cfd,not-affiliate
mostbet-wfl2.cfd,not-affiliate
mostbet-wfl9.cfd,not-affiliate
mostbet-wfm6.cfd,not-affiliate
mostbet-wfm7.cfd,not-affiliate
mostbet-wfm9.cfd,not-affiliate
mostbet-wfn6.cfd,not-affiliate
mostbet-wfn9.cfd,not-affiliate
mostbet-wfo3.cfd,not-affiliate
mostbet-wfo6.cfd,not-affiliate
mostbet-wfp2.cfd,not-affiliate
mostbet-wfp5.cfd,not-affiliate
mostbet-wfp8.cfd,not-affiliate
mostbet-wfq1.cfd,not-affiliate
mostbet-wfq2.cfd,not-affiliate
mostbet-wfq3.cfd,not-affiliate
mostbet-wfq8.top,not-affiliate
mostbet-wfq9.cfd,not-affiliate
mostbet-wfr7.cfd,not-affiliate
mostbet-wfr8.cfd,not-affiliate
mostbet-wfr9.cfd,not-affiliate
mostbet-wfs3.cfd,not-affiliate
mostbet-wft1.cfd,not-affiliate
mostbet-wft2.cfd,not-affiliate
mostbet-wft5.cfd,not-affiliate
mostbet-wft7.cfd,not-affiliate
mostbet-wfu4.cfd,not-affiliate
mostbet-wfu5.top,not-affiliate
mostbet-wfu6.top,not-affiliate
mostbet-wfu7.cfd,not-affiliate
mostbet-wfu8.cfd,not-affiliate
mostbet-wfu9.cfd,not-affiliate
mostbet-wfv3.cfd,not-affiliate
mostbet-wfw1.cfd,not-affiliate
mostbet-wfw3.cfd,not-affiliate
mostbet-wfw5.cfd,not-affiliate
mostbet-wfw9.cfd,not-affiliate
mostbet-wfx2.cfd,not-affiliate
mostbet-wfx8.cfd,not-affiliate
mostbet-wfy1.cfd,not-affiliate
mostbet-wfy2.cfd,not-affiliate
mostbet-wfy3.cfd,not-affiliate
mostbet-wfy7.cfd,not-affiliate
mostbet-wfy8.cfd,not-affiliate
mostbet-wfz5.cfd,not-affiliate
mostbet-wg2.xyz,not-affiliate
mostbet-wg6.xyz,not-affiliate
mostbet-wg7.xyz,not-affiliate
mostbet-wg8.xyz,not-affiliate
mostbet-wg9.xyz,not-affiliate
mostbet-wga3.cfd,not-affiliate
mostbet-wga5.cfd,not-affiliate
mostbet-wga6.cfd,not-affiliate
mostbet-wga7.cfd,not-affiliate
mostbet-wgb1.cfd,not-affiliate
mostbet-wgb2.cfd,not-affiliate
mostbet-wgb4.cfd,not-affiliate
mostbet-wgd1.cfd,not-affiliate
mostbet-wgd5.cfd,not-affiliate
mostbet-wgd9.cfd,not-affiliate
mostbet-wge3.cfd,not-affiliate
mostbet-wge5.cfd,not-affiliate
mostbet-wgf4.cfd,not-affiliate
mostbet-wgf5.cfd,not-affiliate
mostbet-wgf7.cfd,not-affiliate
mostbet-wgf9.cfd,not-affiliate
mostbet-wgg2.cfd,not-affiliate
mostbet-wgh2.cfd,not-affiliate
mostbet-wgh3.cfd,not-affiliate
mostbet-wgh4.cfd,not-affiliate
mostbet-wgh5.cfd,not-affiliate
mostbet-wgh8.cfd,not-affiliate
mostbet-wgi2.cfd,not-affiliate
mostbet-wgi5.cfd,not-affiliate
mostbet-wgi6.cfd,not-affiliate
mostbet-wgi7.cfd,not-affiliate
mostbet-wgj5.cfd,not-affiliate
mostbet-wgj7.cfd,not-affiliate
mostbet-wgj8.cfd,not-affiliate
mostbet-wgk9.cfd,not-affiliate
mostbet-wgl6.cfd,not-affiliate
mostbet-wgl8.cfd,not-affiliate
mostbet-wgm4.cfd,not-affiliate
mostbet-wgm5.top,not-affiliate
mostbet-wgm7.cfd,not-affiliate
mostbet-wgn2.cfd,not-affiliate
mostbet-wgn3.cfd,not-affiliate
mostbet-wgn7.top,not-affiliate
mostbet-wgn9.cfd,not-affiliate
mostbet-wgo3.cfd,not-affiliate
mostbet-wgo5.cfd,not-affiliate
mostbet-wgo9.cfd,not-affiliate
mostbet-wgp4.cfd,not-affiliate
mostbet-wgp6.cfd,not-affiliate
mostbet-wgq3.cfd,not-affiliate
mostbet-wgq4.cfd,not-affiliate
mostbet-wgq5.cfd,not-affiliate
mostbet-wgq8.cfd,not-affiliate
mostbet-wgq9.cfd,not-affiliate
mostbet-wgr5.top,not-affiliate
mostbet-wgr9.cfd,not-affiliate
mostbet-wgs1.cfd,not-affiliate
mostbet-wgs9.cfd,not-affiliate
mostbet-wgt1.cfd,not-affiliate
mostbet-wgt4.cfd,not-affiliate
mostbet-wgt5.cfd,not-affiliate
mostbet-wgt7.xyz,not-affiliate
mostbet-wgu2.cfd,not-affiliate
mostbet-wgu5.cfd,not-affiliate
mostbet-wgu6.cfd,not-affiliate
mostbet-wgv1.top,not-affiliate
mostbet-wgv3.cfd,not-affiliate
mostbet-wgv5.cfd,not-affiliate
mostbet-wgv8.cfd,not-affiliate
mostbet-wgv9.cfd,not-affiliate
mostbet-wgw3.cfd,not-affiliate
mostbet-wgw6.cfd,not-affiliate
mostbet-wgw7.top,not-affiliate
mostbet-wgw8.cfd,not-affiliate
mostbet-wgx9.cfd,not-affiliate
mostbet-wgy1.cfd,not-affiliate
mostbet-wgy5.cfd,not-affiliate
mostbet-wgy6.cfd,not-affiliate
mostbet-wgz3.cfd,not-affiliate
mostbet-wh3.xyz,not-affiliate
mostbet-wh4.xyz,not-affiliate
mostbet-wh6.xyz,not-affiliate
mostbet-wh7.xyz,not-affiliate
mostbet-wh8.xyz,not-affiliate
mostbet-wha2.cfd,not-affiliate
mostbet-wha3.cfd,not-affiliate
mostbet-wha5.cfd,not-affiliate
mostbet-wha7.cfd,not-affiliate
mostbet-wha8.cfd,not-affiliate
mostbet-whb1.cfd,not-affiliate
mostbet-whc1.cfd,not-affiliate
mostbet-whc2.cfd,not-affiliate
mostbet-whc5.cfd,not-affiliate
mostbet-whc6.top,not-affiliate
mostbet-whc7.cfd,not-affiliate
mostbet-whc8.cfd,not-affiliate
mostbet-whc9.cfd,not-affiliate
mostbet-whd8.cfd,not-affiliate
mostbet-whe1.cfd,not-affiliate
mostbet-whe8.cfd,not-affiliate
mostbet-whf3.cfd,not-affiliate
mostbet-whg1.cfd,not-affiliate
mostbet-whg5.cfd,not-affiliate
mostbet-whg9.cfd,not-affiliate
mostbet-whh3.cfd,not-affiliate
mostbet-whi4.cfd,not-affiliate
mostbet-whi7.cfd,not-affiliate
mostbet-whi8.cfd,not-affiliate
mostbet-whj3.cfd,not-affiliate
mostbet-whj9.cfd,not-affiliate
mostbet-whk3.cfd,not-affiliate
mostbet-whk6.cfd,not-affiliate
mostbet-whl3.cfd,not-affiliate
mostbet-whl4.cfd,not-affiliate
mostbet-whm5.cfd,not-affiliate
mostbet-whn3.cfd,not-affiliate
mostbet-whn4.cfd,not-affiliate
mostbet-whn7.cfd,not-affiliate
mostbet-whn9.cfd,not-affiliate
mostbet-who3.cfd,not-affiliate
mostbet-who4.cfd,not-affiliate
mostbet-who5.cfd,not-affiliate
mostbet-who7.cfd,not-affiliate
mostbet-who8.cfd,not-affiliate
mostbet-whp3.cfd,not-affiliate
mostbet-whp8.cfd,not-affiliate
mostbet-whq4.cfd,not-affiliate
mostbet-whq6.cfd,not-affiliate
mostbet-whr6.cfd,not-affiliate
mostbet-whr7.cfd,not-affiliate
mostbet-whr8.cfd,not-affiliate
mostbet-whs8.cfd,not-affiliate
mostbet-whs9.cfd,not-affiliate
mostbet-wht2.cfd,not-affiliate
mostbet-wht7.cfd,not-affiliate
mostbet-wht8.cfd,not-affiliate
mostbet-wht9.cfd,not-affiliate
mostbet-whu3.cfd,not-affiliate
mostbet-whu5.cfd,not-affiliate
mostbet-whv1.cfd,not-affiliate
mostbet-whv2.cfd,not-affiliate
mostbet-whv8.cfd,not-affiliate
mostbet-whv9.cfd,not-affiliate
mostbet-whw3.cfd,not-affiliate
mostbet-whw4.cfd,not-affiliate
mostbet-whw6.cfd,not-affiliate
mostbet-whx1.cfd,not-affiliate
mostbet-whx4.cfd,not-affiliate
mostbet-why1.cfd,not-affiliate
mostbet-why2.cfd,not-affiliate
mostbet-why4.cfd,not-affiliate
mostbet-why7.cfd,not-affiliate
mostbet-why8.cfd,not-affiliate
mostbet-whz2.cfd,not-affiliate
mostbet-whz4.cfd,not-affiliate
mostbet-wi1.xyz,not-affiliate
mostbet-wi3.xyz,not-affiliate
mostbet-wi4.xyz,not-affiliate
mostbet-wi5.xyz,not-affiliate
mostbet-wia2.cfd,not-affiliate
mostbet-wia6.cfd,not-affiliate
mostbet-wib1.cfd,not-affiliate
mostbet-wib5.cfd,not-affiliate
mostbet-wib6.cfd,not-affiliate
mostbet-wib9.cfd,not-affiliate
mostbet-wic1.cfd,not-affiliate
mostbet-wic5.cfd,not-affiliate
mostbet-wic7.cfd,not-affiliate
mostbet-wic8.cfd,not-affiliate
mostbet-wid1.cfd,not-affiliate
mostbet-wid2.cfd,not-affiliate
mostbet-wid7.cfd,not-affiliate
mostbet-wid9.cfd,not-affiliate
mostbet-wie2.cfd,not-affiliate
mostbet-wie3.cfd,not-affiliate
mostbet-wie8.cfd,not-affiliate
mostbet-wif5.cfd,not-affiliate
mostbet-wif6.cfd,not-affiliate
mostbet-wif9.cfd,not-affiliate
mostbet-wig1.cfd,not-affiliate
mostbet-wig4.cfd,not-affiliate
mostbet-wig5.cfd,not-affiliate
mostbet-wig8.top,not-affiliate
mostbet-wih1.cfd,not-affiliate
mostbet-wih2.cfd,not-affiliate
mostbet-wih3.cfd,not-affiliate
mostbet-wih7.cfd,not-affiliate
mostbet-wii2.cfd,not-affiliate
mostbet-wii4.cfd,not-affiliate
mostbet-wii8.cfd,not-affiliate
mostbet-wii9.cfd,not-affiliate
mostbet-wij1.top,not-affiliate
mostbet-wij2.cfd,not-affiliate
mostbet-wij3.cfd,not-affiliate
mostbet-wij4.cfd,not-affiliate
mostbet-wik3.cfd,not-affiliate
mostbet-wik5.cfd,not-affiliate
mostbet-wik8.cfd,not-affiliate
mostbet-wil4.cfd,not-affiliate
mostbet-wil6.cfd,not-affiliate
mostbet-wil8.cfd,not-affiliate
mostbet-wim1.top,not-affiliate
mostbet-wim5.cfd,not-affiliate
mostbet-wim6.cfd,not-affiliate
mostbet-wim7.cfd,not-affiliate
mostbet-wim8.cfd,not-affiliate
mostbet-win.biz,not-affiliate
mostbet-win.cyou,not-affiliate
mostbet-win.org,not-affiliate
mostbet-win.xyz,not-affiliate
mostbet-win1.top,not-affiliate
mostbet-win5.cfd,not-affiliate
mostbet-winstr.com,not-affiliate
mostbet-wio2.cfd,not-affiliate
mostbet-wio4.cfd,not-affiliate
mostbet-wip2.cfd,not-affiliate
mostbet-wip8.cfd,not-affiliate
mostbet-wip9.cfd,not-affiliate
mostbet-wiq1.cfd,not-affiliate
mostbet-wiq7.cfd,not-affiliate
mostbet-wir4.top,not-affiliate
mostbet-wir6.cfd,not-affiliate
mostbet-wir7.cfd,not-affiliate
mostbet-wir8.cfd,not-affiliate
mostbet-wir9.cfd,not-affiliate
mostbet-wis1.cfd,not-affiliate
mostbet-wis2.cfd,not-affiliate
mostbet-wis5.cfd,not-affiliate
mostbet-wis8.cfd,not-affiliate
mostbet-wit3.cfd,not-affiliate
mostbet-wit5.cfd,not-affiliate
mostbet-wit7.cfd,not-affiliate
mostbet-wiu1.cfd,not-affiliate
mostbet-wiv3.cfd,not-affiliate
mostbet-wiv5.cfd,not-affiliate
mostbet-wiv7.cfd,not-affiliate
mostbet-wiw3.cfd,not-affiliate
mostbet-wiw9.cfd,not-affiliate
mostbet-wix1.cfd,not-affiliate
mostbet-wix6.cfd,not-affiliate
mostbet-wix7.cfd,not-affiliate
mostbet-wix9.cfd,not-affiliate
mostbet-wiy2.cfd,not-affiliate
mostbet-wiy4.cfd,not-affiliate
mostbet-wiz1.cfd,not-affiliate
mostbet-wiz2.cfd,not-affiliate
mostbet-wiz9.cfd,not-affiliate
mostbet-wj.top,not-affiliate
mostbet-wj1.xyz,not-affiliate
mostbet-wj4.xyz,not-affiliate
mostbet-wj8.xyz,not-affiliate
mostbet-wj9.xyz,not-affiliate
mostbet-wja6.cfd,not-affiliate
mostbet-wja7.cfd,not-affiliate
mostbet-wjb1.cfd,not-affiliate
mostbet-wjb8.cfd,not-affiliate
mostbet-wjc2.cfd,not-affiliate
mostbet-wjd7.cfd,not-affiliate
mostbet-wjd9.cfd,not-affiliate
mostbet-wje3.cfd,not-affiliate
mostbet-wje8.cfd,not-affiliate
mostbet-wjf2.cfd,not-affiliate
mostbet-wjf3.cfd,not-affiliate
mostbet-wjf9.cfd,not-affiliate
mostbet-wjg2.top,not-affiliate
mostbet-wjg5.cfd,not-affiliate
mostbet-wjg6.top,not-affiliate
mostbet-wjg7.cfd,not-affiliate
mostbet-wjh1.cfd,not-affiliate
mostbet-wjh2.cfd,not-affiliate
mostbet-wjh4.cfd,not-affiliate
mostbet-wji5.cfd,not-affiliate
mostbet-wji9.cfd,not-affiliate
mostbet-wjj2.cfd,not-affiliate
mostbet-wjj4.cfd,not-affiliate
mostbet-wjj7.cfd,not-affiliate
mostbet-wjj9.top,not-affiliate
mostbet-wjk2.cfd,not-affiliate
mostbet-wjk3.cfd,not-affiliate
mostbet-wjk5.cfd,not-affiliate
mostbet-wjk6.cfd,not-affiliate
mostbet-wjk8.cfd,not-affiliate
mostbet-wjl1.cfd,not-affiliate
mostbet-wjl2.cfd,not-affiliate
mostbet-wjl7.cfd,not-affiliate
mostbet-wjm2.cfd,not-affiliate
mostbet-wjm4.cfd,not-affiliate
mostbet-wjn1.cfd,not-affiliate
mostbet-wjn3.cfd,not-affiliate
mostbet-wjn6.top,not-affiliate
mostbet-wjo1.cfd,not-affiliate
mostbet-wjo2.cfd,not-affiliate
mostbet-wjo6.cfd,not-affiliate
mostbet-wjo7.cfd,not-affiliate
mostbet-wjp6.cfd,not-affiliate
mostbet-wjp8.cfd,not-affiliate
mostbet-wjp9.cfd,not-affiliate
mostbet-wjq1.cfd,not-affiliate
mostbet-wjq4.cfd,not-affiliate
mostbet-wjq5.cfd,not-affiliate
mostbet-wjq8.cfd,not-affiliate
mostbet-wjr9.cfd,not-affiliate
mostbet-wjs3.cfd,not-affiliate
mostbet-wjs6.cfd,not-affiliate
mostbet-wjs7.cfd,not-affiliate
mostbet-wjt2.cfd,not-affiliate
mostbet-wjt8.cfd,not-affiliate
mostbet-wjt9.cfd,not-affiliate
mostbet-wju1.cfd,not-affiliate
mostbet-wju4.cfd,not-affiliate
mostbet-wju8.cfd,not-affiliate
mostbet-wjv8.cfd,not-affiliate
mostbet-wjv9.cfd,not-affiliate
mostbet-wjw1.cfd,not-affiliate
mostbet-wjx2.cfd,not-affiliate
mostbet-wjx4.cfd,not-affiliate
mostbet-wjx5.cfd,not-affiliate
mostbet-wjx6.cfd,not-affiliate
mostbet-wjx7.cfd,not-affiliate
mostbet-wjx9.cfd,not-affiliate
mostbet-wjy5.cfd,not-affiliate
mostbet-wjy7.cfd,not-affiliate
mostbet-wjy8.cfd,not-affiliate
mostbet-wjy9.cfd,not-affiliate
mostbet-wjz1.cfd,not-affiliate
mostbet-wjz2.cfd,not-affiliate
mostbet-wjz3.cfd,not-affiliate
mostbet-wjz5.cfd,not-affiliate
mostbet-wjz6.top,not-affiliate
mostbet-wjz7.cfd,not-affiliate
mostbet-wk1.xyz,not-affiliate
mostbet-wk3.xyz,not-affiliate
mostbet-wk4.xyz,not-affiliate
mostbet-wk9.xyz,not-affiliate
mostbet-wka5.cfd,not-affiliate
mostbet-wka7.cfd,not-affiliate
mostbet-wkb2.cfd,not-affiliate
mostbet-wkb5.cfd,not-affiliate
mostbet-wkb8.top,not-affiliate
mostbet-wkc3.top,not-affiliate
mostbet-wkc5.cfd,not-affiliate
mostbet-wkc6.cfd,not-affiliate
mostbet-wkd1.cfd,not-affiliate
mostbet-wkd2.cfd,not-affiliate
mostbet-wkd8.cfd,not-affiliate
mostbet-wke1.cfd,not-affiliate
mostbet-wke3.cfd,not-affiliate
mostbet-wke9.cfd,not-affiliate
mostbet-wkf2.cfd,not-affiliate
mostbet-wkf9.cfd,not-affiliate
mostbet-wkh1.cfd,not-affiliate
mostbet-wkh5.cfd,not-affiliate
mostbet-wkh7.cfd,not-affiliate
mostbet-wki1.cfd,not-affiliate
mostbet-wki2.cfd,not-affiliate
mostbet-wki6.cfd,not-affiliate
mostbet-wkj3.cfd,not-affiliate
mostbet-wkj4.cfd,not-affiliate
mostbet-wkj9.cfd,not-affiliate
mostbet-wkk4.cfd,not-affiliate
mostbet-wkl2.cfd,not-affiliate
mostbet-wkl3.cfd,not-affiliate
mostbet-wkl4.cfd,not-affiliate
mostbet-wkl5.top,not-affiliate
mostbet-wkl9.cfd,not-affiliate
mostbet-wkm2.cfd,not-affiliate
mostbet-wkm7.cfd,not-affiliate
mostbet-wkn1.cfd,not-affiliate
mostbet-wkn4.cfd,not-affiliate
mostbet-wkn6.cfd,not-affiliate
mostbet-wko3.cfd,not-affiliate
mostbet-wko4.cfd,not-affiliate
mostbet-wko5.cfd,not-affiliate
mostbet-wko8.top,not-affiliate
mostbet-wkp1.cfd,not-affiliate
mostbet-wkq1.cfd,not-affiliate
mostbet-wkq3.cfd,not-affiliate
mostbet-wkr1.cfd,not-affiliate
mostbet-wkr7.cfd,not-affiliate
mostbet-wkr8.cfd,not-affiliate
mostbet-wkr9.cfd,not-affiliate
mostbet-wks1.cfd,not-affiliate
mostbet-wks2.cfd,not-affiliate
mostbet-wks9.cfd,not-affiliate
mostbet-wkt1.cfd,not-affiliate
mostbet-wkt2.cfd,not-affiliate
mostbet-wkt5.cfd,not-affiliate
mostbet-wkt8.cfd,not-affiliate
mostbet-wku2.cfd,not-affiliate
mostbet-wku3.cfd,not-affiliate
mostbet-wku9.cfd,not-affiliate
mostbet-wkv2.cfd,not-affiliate
mostbet-wkv3.cfd,not-affiliate
mostbet-wkv4.cfd,not-affiliate
mostbet-wkw1.cfd,not-affiliate
mostbet-wkw2.cfd,not-affiliate
mostbet-wkw3.cfd,not-affiliate
mostbet-wkw9.cfd,not-affiliate
mostbet-wkx1.cfd,not-affiliate
mostbet-wkx2.cfd,not-affiliate
mostbet-wkx4.cfd,not-affiliate
mostbet-wkx5.cfd,not-affiliate
mostbet-wky4.cfd,not-affiliate
mostbet-wky5.cfd,not-affiliate
mostbet-wky6.cfd,not-affiliate
mostbet-wkz2.cfd,not-affiliate
mostbet-wkz6.cfd,not-affiliate
mostbet-wkz8.cfd,not-affiliate
mostbet-wl1.xyz,not-affiliate
mostbet-wl3.xyz,not-affiliate
mostbet-wl5.xyz,not-affiliate
mostbet-wl6.xyz,not-affiliate
mostbet-wl8.xyz,not-affiliate
mostbet-wla1.cfd,not-affiliate
mostbet-wla3.cfd,not-affiliate
mostbet-wla8.cfd,not-affiliate
mostbet-wla9.cfd,not-affiliate
mostbet-wlb1.cfd,not-affiliate
mostbet-wlb6.cfd,not-affiliate
mostbet-wlb9.cfd,not-affiliate
mostbet-wlc5.cfd,not-affiliate
mostbet-wld4.cfd,not-affiliate
mostbet-wld7.cfd,not-affiliate
mostbet-wld9.cfd,not-affiliate
mostbet-wle1.cfd,not-affiliate
mostbet-wle4.cfd,not-affiliate
mostbet-wlf1.cfd,not-affiliate
mostbet-wlf2.cfd,not-affiliate
mostbet-wlf3.cfd,not-affiliate
mostbet-wlf5.cfd,not-affiliate
mostbet-wlf8.cfd,not-affiliate
mostbet-wlg1.cfd,not-affiliate
mostbet-wlg6.cfd,not-affiliate
mostbet-wlg7.cfd,not-affiliate
mostbet-wlg9.cfd,not-affiliate
mostbet-wlh1.cfd,not-affiliate
mostbet-wlh2.cfd,not-affiliate
mostbet-wlh9.cfd,not-affiliate
mostbet-wli6.cfd,not-affiliate
mostbet-wlj3.cfd,not-affiliate
mostbet-wlk5.cfd,not-affiliate
mostbet-wlk7.cfd,not-affiliate
mostbet-wll4.cfd,not-affiliate
mostbet-wll9.cfd,not-affiliate
mostbet-wlm1.cfd,not-affiliate
mostbet-wlm2.cfd,not-affiliate
mostbet-wlm3.top,not-affiliate
mostbet-wln2.cfd,not-affiliate
mostbet-wln3.cfd,not-affiliate
mostbet-wln4.cfd,not-affiliate
mostbet-wln5.cfd,not-affiliate
mostbet-wln6.cfd,not-affiliate
mostbet-wlo2.cfd,not-affiliate
mostbet-wlo3.cfd,not-affiliate
mostbet-wlo4.cfd,not-affiliate
mostbet-wlo8.cfd,not-affiliate
mostbet-wlo9.cfd,not-affiliate
mostbet-wlp2.cfd,not-affiliate
mostbet-wlp7.cfd,not-affiliate
mostbet-wlq1.cfd,not-affiliate
mostbet-wlq3.cfd,not-affiliate
mostbet-wlq6.cfd,not-affiliate
mostbet-wlq7.cfd,not-affiliate
mostbet-wlq8.cfd,not-affiliate
mostbet-wlr3.cfd,not-affiliate
mostbet-wlr4.cfd,not-affiliate
mostbet-wlr8.cfd,not-affiliate
mostbet-wls5.cfd,not-affiliate
mostbet-wls9.cfd,not-affiliate
mostbet-wlt1.xyz,not-affiliate
mostbet-wlt2.cfd,not-affiliate
mostbet-wlt4.cfd,not-affiliate
mostbet-wlt7.xyz,not-affiliate
mostbet-wlt9.cfd,not-affiliate
mostbet-wlu2.cfd,not-affiliate
mostbet-wlu5.top,not-affiliate
mostbet-wlu6.cfd,not-affiliate
mostbet-wlu9.cfd,not-affiliate
mostbet-wlv3.cfd,not-affiliate
mostbet-wlv4.cfd,not-affiliate
mostbet-wlv5.cfd,not-affiliate
mostbet-wlv9.cfd,not-affiliate
mostbet-wlw3.cfd,not-affiliate
mostbet-wlw4.cfd,not-affiliate
mostbet-wlw5.cfd,not-affiliate
mostbet-wlw7.cfd,not-affiliate
mostbet-wlw8.top,not-affiliate
mostbet-wlx3.cfd,not-affiliate
mostbet-wlx6.cfd,not-affiliate
mostbet-wly2.cfd,not-affiliate
mostbet-wly5.cfd,not-affiliate
mostbet-wly9.top,not-affiliate
mostbet-wlz7.cfd,not-affiliate
mostbet-wm2.xyz,not-affiliate
mostbet-wm4.xyz,not-affiliate
mostbet-wm6.xyz,not-affiliate
mostbet-wm8.xyz,not-affiliate
mostbet-wma2.cfd,not-affiliate
mostbet-wma4.cfd,not-affiliate
mostbet-wma5.cfd,not-affiliate
mostbet-wma6.cfd,not-affiliate
mostbet-wma7.cfd,not-affiliate
mostbet-wma8.cfd,not-affiliate
mostbet-wmb4.cfd,not-affiliate
mostbet-wmb7.cfd,not-affiliate
mostbet-wmc1.cfd,not-affiliate
mostbet-wmc2.cfd,not-affiliate
mostbet-wmc6.cfd,not-affiliate
mostbet-wmd1.cfd,not-affiliate
mostbet-wmd4.cfd,not-affiliate
mostbet-wmd8.cfd,not-affiliate
mostbet-wmd9.cfd,not-affiliate
mostbet-wme4.cfd,not-affiliate
mostbet-wme7.cfd,not-affiliate
mostbet-wme8.cfd,not-affiliate
mostbet-wmf1.cfd,not-affiliate
mostbet-wmf2.cfd,not-affiliate
mostbet-wmf4.cfd,not-affiliate
mostbet-wmf5.xyz,not-affiliate
mostbet-wmf9.cfd,not-affiliate
mostbet-wmg1.cfd,not-affiliate
mostbet-wmg2.cfd,not-affiliate
mostbet-wmg3.cfd,not-affiliate
mostbet-wmg5.cfd,not-affiliate
mostbet-wmg7.cfd,not-affiliate
mostbet-wmh1.cfd,not-affiliate
mostbet-wmh2.cfd,not-affiliate
mostbet-wmh5.cfd,not-affiliate
mostbet-wmh6.top,not-affiliate
mostbet-wmh9.cfd,not-affiliate
mostbet-wmi4.cfd,not-affiliate
mostbet-wmi9.cfd,not-affiliate
mostbet-wmj5.cfd,not-affiliate
mostbet-wmj8.cfd,not-affiliate
mostbet-wmj9.cfd,not-affiliate
mostbet-wmk4.cfd,not-affiliate
mostbet-wmk7.cfd,not-affiliate
mostbet-wmk8.cfd,not-affiliate
mostbet-wmk9.cfd,not-affiliate
mostbet-wml2.cfd,not-affiliate
mostbet-wml7.cfd,not-affiliate
mostbet-wml8.cfd,not-affiliate
mostbet-wmm1.cfd,not-affiliate
mostbet-wmm6.cfd,not-affiliate
mostbet-wmn2.cfd,not-affiliate
mostbet-wmn5.cfd,not-affiliate
mostbet-wmn6.cfd,not-affiliate
mostbet-wmo6.cfd,not-affiliate
mostbet-wmo8.cfd,not-affiliate
mostbet-wmo9.cfd,not-affiliate
mostbet-wmp2.cfd,not-affiliate
mostbet-wmp6.cfd,not-affiliate
mostbet-wmp8.cfd,not-affiliate
mostbet-wmq1.cfd,not-affiliate
mostbet-wmq7.cfd,not-affiliate
mostbet-wmr7.cfd,not-affiliate
mostbet-wmr8.cfd,not-affiliate
mostbet-wms8.cfd,not-affiliate
mostbet-wmt8.cfd,not-affiliate
mostbet-wmu9.cfd,not-affiliate
mostbet-wmv3.cfd,not-affiliate
mostbet-wmv9.cfd,not-affiliate
mostbet-wmw1.cfd,not-affiliate
mostbet-wmw3.cfd,not-affiliate
mostbet-wmx4.cfd,not-affiliate
mostbet-wmx5.cfd,not-affiliate
mostbet-wmy1.cfd,not-affiliate
mostbet-wmy3.cfd,not-affiliate
mostbet-wmy4.cfd,not-affiliate
mostbet-wmy9.cfd,not-affiliate
mostbet-wmz3.cfd,not-affiliate
mostbet-wmz9.cfd,not-affiliate
mostbet-wn2.xyz,not-affiliate
mostbet-wn3.xyz,not-affiliate
mostbet-wn4.xyz,not-affiliate
mostbet-wn7.xyz,not-affiliate
mostbet-wn8.xyz,not-affiliate
mostbet-wn9.xyz,not-affiliate
mostbet-wna1.cfd,not-affiliate
mostbet-wna7.cfd,not-affiliate
mostbet-wna9.cfd,not-affiliate
mostbet-wnb1.cfd,not-affiliate
mostbet-wnb2.cfd,not-affiliate
mostbet-wnb3.cfd,not-affiliate
mostbet-wnb6.cfd,not-affiliate
mostbet-wnb8.cfd,not-affiliate
mostbet-wnb9.top,not-affiliate
mostbet-wnc1.cfd,not-affiliate
mostbet-wnc3.cfd,not-affiliate
mostbet-wnc5.cfd,not-affiliate
mostbet-wnc8.cfd,not-affiliate
mostbet-wnd3.cfd,not-affiliate
mostbet-wnd5.cfd,not-affiliate
mostbet-wne3.cfd,not-affiliate
mostbet-wne5.cfd,not-affiliate
mostbet-wne9.cfd,not-affiliate
mostbet-wnf1.cfd,not-affiliate
mostbet-wnf3.cfd,not-affiliate
mostbet-wnf5.cfd,not-affiliate
mostbet-wng1.cfd,not-affiliate
mostbet-wng2.cfd,not-affiliate
mostbet-wng4.cfd,not-affiliate
mostbet-wng5.cfd,not-affiliate
mostbet-wng7.cfd,not-affiliate
mostbet-wnh1.cfd,not-affiliate
mostbet-wnh2.cfd,not-affiliate
mostbet-wnh4.cfd,not-affiliate
mostbet-wni9.cfd,not-affiliate
mostbet-wnj2.cfd,not-affiliate
mostbet-wnj5.cfd,not-affiliate
mostbet-wnk2.cfd,not-affiliate
mostbet-wnk3.cfd,not-affiliate
mostbet-wnk7.top,not-affiliate
mostbet-wnl1.top,not-affiliate
mostbet-wnl2.cfd,not-affiliate
mostbet-wnl4.cfd,not-affiliate
mostbet-wnl7.cfd,not-affiliate
mostbet-wnl8.cfd,not-affiliate
mostbet-wnl9.cfd,not-affiliate
mostbet-wnm2.cfd,not-affiliate
mostbet-wnm3.cfd,not-affiliate
mostbet-wnm9.cfd,not-affiliate
mostbet-wnn1.cfd,not-affiliate
mostbet-wnn2.cfd,not-affiliate
mostbet-wnn3.top,not-affiliate
mostbet-wnn4.cfd,not-affiliate
mostbet-wnn6.cfd,not-affiliate
mostbet-wnn8.cfd,not-affiliate
mostbet-wnn9.cfd,not-affiliate
mostbet-wno4.cfd,not-affiliate
mostbet-wno8.cfd,not-affiliate
mostbet-wno9.cfd,not-affiliate
mostbet-wnp1.cfd,not-affiliate
mostbet-wnp2.cfd,not-affiliate
mostbet-wnp3.cfd,not-affiliate
mostbet-wnp4.cfd,not-affiliate
mostbet-wnp9.top,not-affiliate
mostbet-wnq6.cfd,not-affiliate
mostbet-wnq9.cfd,not-affiliate
mostbet-wnr3.cfd,not-affiliate
mostbet-wns2.cfd,not-affiliate
mostbet-wns6.cfd,not-affiliate
mostbet-wnt4.top,not-affiliate
mostbet-wnt5.cfd,not-affiliate
mostbet-wnu2.cfd,not-affiliate
mostbet-wnu5.cfd,not-affiliate
mostbet-wnu6.cfd,not-affiliate
mostbet-wnv2.cfd,not-affiliate
mostbet-wnv3.cfd,not-affiliate
mostbet-wnv8.cfd,not-affiliate
mostbet-wnw1.cfd,not-affiliate
mostbet-wnw3.cfd,not-affiliate
mostbet-wnw6.cfd,not-affiliate
mostbet-wnw9.cfd,not-affiliate
mostbet-wnx1.cfd,not-affiliate
mostbet-wnx6.cfd,not-affiliate
mostbet-wnx7.cfd,not-affiliate
mostbet-wnx8.cfd,not-affiliate
mostbet-wny1.cfd,not-affiliate
mostbet-wny8.cfd,not-affiliate
mostbet-wny9.cfd,not-affiliate
mostbet-wnz4.cfd,not-affiliate
mostbet-wnz6.cfd,not-affiliate
mostbet-wo1.xyz,not-affiliate
mostbet-wo2.xyz,not-affiliate
mostbet-wo5.xyz,not-affiliate
mostbet-wo6.xyz,not-affiliate
mostbet-wo8.xyz,not-affiliate
mostbet-wo9.xyz,not-affiliate
mostbet-woa3.cfd,not-affiliate
mostbet-woa5.cfd,not-affiliate
mostbet-wob4.cfd,not-affiliate
mostbet-wob8.cfd,not-affiliate
mostbet-woc6.cfd,not-affiliate
mostbet-wod3.cfd,not-affiliate
mostbet-wod5.top,not-affiliate
mostbet-woe4.cfd,not-affiliate
mostbet-woe6.cfd,not-affiliate
mostbet-woe7.cfd,not-affiliate
mostbet-wof1.cfd,not-affiliate
mostbet-wog1.cfd,not-affiliate
mostbet-wog4.cfd,not-affiliate
mostbet-wog7.cfd,not-affiliate
mostbet-wog8.cfd,not-affiliate
mostbet-woh2.cfd,not-affiliate
mostbet-woi3.cfd,not-affiliate
mostbet-woj1.cfd,not-affiliate
mostbet-woj2.cfd,not-affiliate
mostbet-woj3.cfd,not-affiliate
mostbet-woj4.cfd,not-affiliate
mostbet-woj7.cfd,not-affiliate
mostbet-woj8.cfd,not-affiliate
mostbet-wok2.cfd,not-affiliate
mostbet-wok6.cfd,not-affiliate
mostbet-wok8.cfd,not-affiliate
mostbet-wok9.cfd,not-affiliate
mostbet-wol2.cfd,not-affiliate
mostbet-wol4.cfd,not-affiliate
mostbet-wol7.cfd,not-affiliate
mostbet-wol8.cfd,not-affiliate
mostbet-wom1.cfd,not-affiliate
mostbet-wom4.cfd,not-affiliate
mostbet-wom5.top,not-affiliate
mostbet-won5.cfd,not-affiliate
mostbet-won6.cfd,not-affiliate
mostbet-woo7.cfd,not-affiliate
mostbet-woo8.cfd,not-affiliate
mostbet-wop1.cfd,not-affiliate
mostbet-wop2.cfd,not-affiliate
mostbet-wop3.cfd,not-affiliate
mostbet-wop9.cfd,not-affiliate
mostbet-woq1.cfd,not-affiliate
mostbet-woq7.cfd,not-affiliate
mostbet-wor1.cfd,not-affiliate
mostbet-wor5.cfd,not-affiliate
mostbet-wor8.cfd,not-affiliate
mostbet-world-win.com,not-affiliate
mostbet-wos2.cfd,not-affiliate
mostbet-wos5.cfd,not-affiliate
mostbet-wos7.cfd,not-affiliate
mostbet-wot4.cfd,not-affiliate
mostbet-wou4.cfd,not-affiliate
mostbet-wou5.cfd,not-affiliate
mostbet-wou7.cfd,not-affiliate
mostbet-wov1.cfd,not-affiliate
mostbet-wov4.cfd,not-affiliate
mostbet-wov5.cfd,not-affiliate
mostbet-wov9.cfd,not-affiliate
mostbet-wow1.cfd,not-affiliate
mostbet-wow4.cfd,not-affiliate
mostbet-wow5.cfd,not-affiliate
mostbet-wow6.cfd,not-affiliate
mostbet-wow8.cfd,not-affiliate
mostbet-wox1.cfd,not-affiliate
mostbet-wox9.cfd,not-affiliate
mostbet-woy9.cfd,not-affiliate
mostbet-woz1.cfd,not-affiliate
mostbet-woz2.cfd,not-affiliate
mostbet-wp1.xyz,not-affiliate
mostbet-wp2.xyz,not-affiliate
mostbet-wp3.xyz,not-affiliate
mostbet-wp4.xyz,not-affiliate
mostbet-wp5.xyz,not-affiliate
mostbet-wp6.xyz,not-affiliate
mostbet-wp7.xyz,not-affiliate
mostbet-wpa8.cfd,not-affiliate
mostbet-wpb2.cfd,not-affiliate
mostbet-wpb3.cfd,not-affiliate
mostbet-wpb4.cfd,not-affiliate
mostbet-wpb8.cfd,not-affiliate
mostbet-wpb9.cfd,not-affiliate
mostbet-wpc1.buzz,not-affiliate
mostbet-wpc9.cfd,not-affiliate
mostbet-wpd2.cfd,not-affiliate
mostbet-wpd5.cfd,not-affiliate
mostbet-wpd7.cfd,not-affiliate
mostbet-wpd9.cfd,not-affiliate
mostbet-wpe5.top,not-affiliate
mostbet-wpe6.cfd,not-affiliate
mostbet-wpe7.cfd,not-affiliate
mostbet-wpe9.cfd,not-affiliate
mostbet-wpf1.cfd,not-affiliate
mostbet-wpf4.cfd,not-affiliate
mostbet-wpf8.cfd,not-affiliate
mostbet-wpg1.cfd,not-affiliate
mostbet-wpg2.cfd,not-affiliate
mostbet-wpg3.cfd,not-affiliate
mostbet-wpg6.cfd,not-affiliate
mostbet-wpg9.cfd,not-affiliate
mostbet-wph9.cfd,not-affiliate
mostbet-wpi4.cfd,not-affiliate
mostbet-wpi6.cfd,not-affiliate
mostbet-wpi9.cfd,not-affiliate
mostbet-wpj3.cfd,not-affiliate
mostbet-wpj5.cfd,not-affiliate
mostbet-wpk1.cfd,not-affiliate
mostbet-wpk3.cfd,not-affiliate
mostbet-wpk4.cfd,not-affiliate
mostbet-wpk7.cfd,not-affiliate
mostbet-wpk9.cfd,not-affiliate
mostbet-wpl2.cfd,not-affiliate
mostbet-wpl3.cfd,not-affiliate
mostbet-wpl6.cfd,not-affiliate
mostbet-wpm2.cfd,not-affiliate
mostbet-wpm4.cfd,not-affiliate
mostbet-wpm6.cfd,not-affiliate
mostbet-wpm7.cfd,not-affiliate
mostbet-wpm8.cfd,not-affiliate
mostbet-wpn4.cfd,not-affiliate
mostbet-wpn7.cfd,not-affiliate
mostbet-wpn8.cfd,not-affiliate
mostbet-wpo3.cfd,not-affiliate
mostbet-wpo4.cfd,not-affiliate
mostbet-wpo5.cfd,not-affiliate
mostbet-wpo6.cfd,not-affiliate
mostbet-wpo7.cfd,not-affiliate
mostbet-wpo8.cfd,not-affiliate
mostbet-wpp3.cfd,not-affiliate
mostbet-wpp4.cfd,not-affiliate
mostbet-wpp8.top,not-affiliate
mostbet-wpr6.cfd,not-affiliate
mostbet-wpr7.cfd,not-affiliate
mostbet-wps8.cfd,not-affiliate
mostbet-wps9.cfd,not-affiliate
mostbet-wpt3.cfd,not-affiliate
mostbet-wpu1.cfd,not-affiliate
mostbet-wpu3.cfd,not-affiliate
mostbet-wpu4.cfd,not-affiliate
mostbet-wpv7.cfd,not-affiliate
mostbet-wpv8.cfd,not-affiliate
mostbet-wpw4.cfd,not-affiliate
mostbet-wpw7.cfd,not-affiliate
mostbet-wpx1.cfd,not-affiliate
mostbet-wpx2.cfd,not-affiliate
mostbet-wpx3.top,not-affiliate
mostbet-wpx6.cfd,not-affiliate
mostbet-wpx8.cfd,not-affiliate
mostbet-wpy4.cfd,not-affiliate
mostbet-wpy7.cfd,not-affiliate
mostbet-wpy8.cfd,not-affiliate
mostbet-wpz1.xyz,not-affiliate
mostbet-wpz3.cfd,not-affiliate
mostbet-wpz6.cfd,not-affiliate
mostbet-wpz8.cfd,not-affiliate
mostbet-wq.top,not-affiliate
mostbet-wq1.xyz,not-affiliate
mostbet-wq2.xyz,not-affiliate
mostbet-wq4.xyz,not-affiliate
mostbet-wq5.xyz,not-affiliate
mostbet-wq8.xyz,not-affiliate
mostbet-wq9.xyz,not-affiliate
mostbet-wqa4.cfd,not-affiliate
mostbet-wqa8.cfd,not-affiliate
mostbet-wqa9.cfd,not-affiliate
mostbet-wqb3.cfd,not-affiliate
mostbet-wqb4.cfd,not-affiliate
mostbet-wqc2.cfd,not-affiliate
mostbet-wqc3.cfd,not-affiliate
mostbet-wqc7.cfd,not-affiliate
mostbet-wqc8.cfd,not-affiliate
mostbet-wqc9.cfd,not-affiliate
mostbet-wqd6.cfd,not-affiliate
mostbet-wqd8.cfd,not-affiliate
mostbet-wqe6.cfd,not-affiliate
mostbet-wqe7.cfd,not-affiliate
mostbet-wqe8.cfd,not-affiliate
mostbet-wqf4.cfd,not-affiliate
mostbet-wqf5.cfd,not-affiliate
mostbet-wqg1.cfd,not-affiliate
mostbet-wqg5.cfd,not-affiliate
mostbet-wqg6.cfd,not-affiliate
mostbet-wqg8.top,not-affiliate
mostbet-wqh3.cfd,not-affiliate
mostbet-wqh5.cfd,not-affiliate
mostbet-wqh7.cfd,not-affiliate
mostbet-wqh8.cfd,not-affiliate
mostbet-wqh9.cfd,not-affiliate
mostbet-wqi2.cfd,not-affiliate
mostbet-wqi4.cfd,not-affiliate
mostbet-wqi8.cfd,not-affiliate
mostbet-wqi9.cfd,not-affiliate
mostbet-wqj1.cfd,not-affiliate
mostbet-wqj3.cfd,not-affiliate
mostbet-wqk1.cfd,not-affiliate
mostbet-wqk8.cfd,not-affiliate
mostbet-wql1.cfd,not-affiliate
mostbet-wql4.cfd,not-affiliate
mostbet-wql5.cfd,not-affiliate
mostbet-wql7.cfd,not-affiliate
mostbet-wqm3.cfd,not-affiliate
mostbet-wqm5.cfd,not-affiliate
mostbet-wqm8.cfd,not-affiliate
mostbet-wqn2.cfd,not-affiliate
mostbet-wqn5.cfd,not-affiliate
mostbet-wqn7.cfd,not-affiliate
mostbet-wqn8.cfd,not-affiliate
mostbet-wqo4.cfd,not-affiliate
mostbet-wqo5.cfd,not-affiliate
mostbet-wqo6.xyz,not-affiliate
mostbet-wqo7.cfd,not-affiliate
mostbet-wqq7.cfd,not-affiliate
mostbet-wqr3.cfd,not-affiliate
mostbet-wqr4.cfd,not-affiliate
mostbet-wqr5.cfd,not-affiliate
mostbet-wqr9.cfd,not-affiliate
mostbet-wqs2.cfd,not-affiliate
mostbet-wqs3.cfd,not-affiliate
mostbet-wqs4.cfd,not-affiliate
mostbet-wqs5.cfd,not-affiliate
mostbet-wqt3.cfd,not-affiliate
mostbet-wqt4.cfd,not-affiliate
mostbet-wqt7.cfd,not-affiliate
mostbet-wqt8.cfd,not-affiliate
mostbet-wqu5.cfd,not-affiliate
mostbet-wqu7.cfd,not-affiliate
mostbet-wqv3.cfd,not-affiliate
mostbet-wqv5.cfd,not-affiliate
mostbet-wqw2.cfd,not-affiliate
mostbet-wqw3.top,not-affiliate
mostbet-wqw4.top,not-affiliate
mostbet-wqw6.cfd,not-affiliate
mostbet-wqx1.cfd,not-affiliate
mostbet-wqx4.cfd,not-affiliate
mostbet-wqy2.cfd,not-affiliate
mostbet-wqy4.cfd,not-affiliate
mostbet-wqy8.cfd,not-affiliate
mostbet-wqy9.top,not-affiliate
mostbet-wqz6.cfd,not-affiliate
mostbet-wr1.top,not-affiliate
mostbet-wr1.xyz,not-affiliate
mostbet-wr2.xyz,not-affiliate
mostbet-wr3.xyz,not-affiliate
mostbet-wr4.xyz,not-affiliate
mostbet-wr5.xyz,not-affiliate
mostbet-wr6.xyz,not-affiliate
mostbet-wr8.xyz,not-affiliate
mostbet-wr9.xyz,not-affiliate
mostbet-wra2.cfd,not-affiliate
mostbet-wra3.cfd,not-affiliate
mostbet-wra8.cfd,not-affiliate
mostbet-wra9.cfd,not-affiliate
mostbet-wrb2.cfd,not-affiliate
mostbet-wrb3.cfd,not-affiliate
mostbet-wrb4.cfd,not-affiliate
mostbet-wrb5.cfd,not-affiliate
mostbet-wrb8.cfd,not-affiliate
mostbet-wrc7.cfd,not-affiliate
mostbet-wrc8.cfd,not-affiliate
mostbet-wrd3.cfd,not-affiliate
mostbet-wrd4.cfd,not-affiliate
mostbet-wrd8.cfd,not-affiliate
mostbet-wre8.cfd,not-affiliate
mostbet-wre9.cfd,not-affiliate
mostbet-wrf1.cfd,not-affiliate
mostbet-wrf2.cfd,not-affiliate
mostbet-wrf6.cfd,not-affiliate
mostbet-wrf7.cfd,not-affiliate
mostbet-wrf9.cfd,not-affiliate
mostbet-wrg2.cfd,not-affiliate
mostbet-wrg6.cfd,not-affiliate
mostbet-wrg7.cfd,not-affiliate
mostbet-wrh7.cfd,not-affiliate
mostbet-wri2.cfd,not-affiliate
mostbet-wri6.cfd,not-affiliate
mostbet-wrj4.cfd,not-affiliate
mostbet-wrk2.cfd,not-affiliate
mostbet-wrk3.cfd,not-affiliate
mostbet-wrk5.cfd,not-affiliate
mostbet-wrk6.cfd,not-affiliate
mostbet-wrk7.cfd,not-affiliate
mostbet-wrk8.cfd,not-affiliate
mostbet-wrl1.cfd,not-affiliate
mostbet-wrl3.cfd,not-affiliate
mostbet-wrl6.cfd,not-affiliate
mostbet-wrl9.cfd,not-affiliate
mostbet-wrm2.cfd,not-affiliate
mostbet-wrm6.cfd,not-affiliate
mostbet-wrm7.cfd,not-affiliate
mostbet-wrn3.cfd,not-affiliate
mostbet-wro4.cfd,not-affiliate
mostbet-wro5.cfd,not-affiliate
mostbet-wro8.cfd,not-affiliate
mostbet-wro9.cfd,not-affiliate
mostbet-wrp7.cfd,not-affiliate
mostbet-wrq3.cfd,not-affiliate
mostbet-wrr7.cfd,not-affiliate
mostbet-wrr9.cfd,not-affiliate
mostbet-wrs1.cfd,not-affiliate
mostbet-wrs7.cfd,not-affiliate
mostbet-wrt3.cfd,not-affiliate
mostbet-wrt4.cfd,not-affiliate
mostbet-wrt6.cfd,not-affiliate
mostbet-wrt7.cfd,not-affiliate
mostbet-wrt9.cfd,not-affiliate
mostbet-wru1.cfd,not-affiliate
mostbet-wru2.cfd,not-affiliate
mostbet-wrv8.cfd,not-affiliate
mostbet-wrw5.cfd,not-affiliate
mostbet-wrx1.cfd,not-affiliate
mostbet-wrx3.cfd,not-affiliate
mostbet-wrx5.cfd,not-affiliate
mostbet-wrx7.cfd,not-affiliate
mostbet-wry2.cfd,not-affiliate
mostbet-wry4.cfd,not-affiliate
mostbet-wry5.cfd,not-affiliate
mostbet-wry7.cfd,not-affiliate
mostbet-wry8.cfd,not-affiliate
mostbet-wrz4.cfd,not-affiliate
mostbet-wrz6.top,not-affiliate
mostbet-wrz8.top,not-affiliate
mostbet-wrz9.cfd,not-affiliate
mostbet-ws1.xyz,not-affiliate
mostbet-ws4.xyz,not-affiliate
mostbet-ws5.xyz,not-affiliate
mostbet-ws6.xyz,not-affiliate
mostbet-ws7.xyz,not-affiliate
mostbet-ws9.xyz,not-affiliate
mostbet-wsa5.top,not-affiliate
mostbet-wsa6.cfd,not-affiliate
mostbet-wsa8.cfd,not-affiliate
mostbet-wsb1.cfd,not-affiliate
mostbet-wsb3.cfd,not-affiliate
mostbet-wsb6.top,not-affiliate
mostbet-wsb7.cfd,not-affiliate
mostbet-wsc3.cfd,not-affiliate
mostbet-wsc5.cfd,not-affiliate
mostbet-wsc7.cfd,not-affiliate
mostbet-wsc8.cfd,not-affiliate
mostbet-wsd2.cfd,not-affiliate
mostbet-wsd7.cfd,not-affiliate
mostbet-wsf2.cfd,not-affiliate
mostbet-wsg6.xyz,not-affiliate
mostbet-wsg7.cfd,not-affiliate
mostbet-wsg8.cfd,not-affiliate
mostbet-wsh1.cfd,not-affiliate
mostbet-wsh5.cfd,not-affiliate
mostbet-wsh6.cfd,not-affiliate
mostbet-wsi1.top,not-affiliate
mostbet-wsi5.cfd,not-affiliate
mostbet-wsi6.cfd,not-affiliate
mostbet-wsi8.cfd,not-affiliate
mostbet-wsj6.cfd,not-affiliate
mostbet-wsj7.cfd,not-affiliate
mostbet-wsj9.cfd,not-affiliate
mostbet-wsk2.cfd,not-affiliate
mostbet-wsk4.cfd,not-affiliate
mostbet-wsl5.cfd,not-affiliate
mostbet-wsm3.cfd,not-affiliate
mostbet-wsm5.cfd,not-affiliate
mostbet-wsm9.cfd,not-affiliate
mostbet-wsn4.cfd,not-affiliate
mostbet-wsn5.cfd,not-affiliate
mostbet-wsn8.cfd,not-affiliate
mostbet-wso4.cfd,not-affiliate
mostbet-wso6.cfd,not-affiliate
mostbet-wso9.cfd,not-affiliate
mostbet-wsp2.cfd,not-affiliate
mostbet-wsp3.cfd,not-affiliate
mostbet-wsp7.cfd,not-affiliate
mostbet-wsq5.cfd,not-affiliate
mostbet-wsq6.cfd,not-affiliate
mostbet-wsq7.cfd,not-affiliate
mostbet-wsr1.cfd,not-affiliate
mostbet-wsr4.cfd,not-affiliate
mostbet-wsr5.cfd,not-affiliate
mostbet-wsr7.cfd,not-affiliate
mostbet-wsr8.cfd,not-affiliate
mostbet-wsr9.cfd,not-affiliate
mostbet-wss3.cfd,not-affiliate
mostbet-wst5.cfd,not-affiliate
mostbet-wst8.cfd,not-affiliate
mostbet-wst9.cfd,not-affiliate
mostbet-wsu9.cfd,not-affiliate
mostbet-wsv1.cfd,not-affiliate
mostbet-wsv3.cfd,not-affiliate
mostbet-wsv4.cfd,not-affiliate
mostbet-wsv6.cfd,not-affiliate
mostbet-wsv8.cfd,not-affiliate
mostbet-wsw2.cfd,not-affiliate
mostbet-wsw5.cfd,not-affiliate
mostbet-wsw6.cfd,not-affiliate
mostbet-wsw7.cfd,not-affiliate
mostbet-wsw8.cfd,not-affiliate
mostbet-wsw9.cfd,not-affiliate
mostbet-wsx2.cfd,not-affiliate
mostbet-wsx5.cfd,not-affiliate
mostbet-wsy1.cfd,not-affiliate
mostbet-wsy4.cfd,not-affiliate
mostbet-wsy6.cfd,not-affiliate
mostbet-wsy8.cfd,not-affiliate
mostbet-wsy9.cfd,not-affiliate
mostbet-wsz1.cfd,not-affiliate
mostbet-wsz4.cfd,not-affiliate
mostbet-wsz5.cfd,not-affiliate
mostbet-wt1.xyz,not-affiliate
mostbet-wt2.xyz,not-affiliate
mostbet-wt3.xyz,not-affiliate
mostbet-wt4.xyz,not-affiliate
mostbet-wt6.xyz,not-affiliate
mostbet-wt7.xyz,not-affiliate
mostbet-wt9.xyz,not-affiliate
mostbet-wta2.cfd,not-affiliate
mostbet-wta3.cfd,not-affiliate
mostbet-wta8.cfd,not-affiliate
mostbet-wtb5.cfd,not-affiliate
mostbet-wtb9.cfd,not-affiliate
mostbet-wtc3.cfd,not-affiliate
mostbet-wtc5.cfd,not-affiliate
mostbet-wtc8.cfd,not-affiliate
mostbet-wtd4.cfd,not-affiliate
mostbet-wtd5.cfd,not-affiliate
mostbet-wtd6.cfd,not-affiliate
mostbet-wtd9.cfd,not-affiliate
mostbet-wte1.cfd,not-affiliate
mostbet-wtf1.cfd,not-affiliate
mostbet-wtf4.cfd,not-affiliate
mostbet-wtg2.cfd,not-affiliate
mostbet-wtg3.cfd,not-affiliate
mostbet-wtg6.cfd,not-affiliate
mostbet-wtg9.cfd,not-affiliate
mostbet-wth1.cfd,not-affiliate
mostbet-wth3.cfd,not-affiliate
mostbet-wth4.cfd,not-affiliate
mostbet-wth5.cfd,not-affiliate
mostbet-wti3.cfd,not-affiliate
mostbet-wti5.cfd,not-affiliate
mostbet-wti6.cfd,not-affiliate
mostbet-wti7.top,not-affiliate
mostbet-wti8.cfd,not-affiliate
mostbet-wti9.cfd,not-affiliate
mostbet-wtj3.cfd,not-affiliate
mostbet-wtj7.cfd,not-affiliate
mostbet-wtj8.cfd,not-affiliate
mostbet-wtk3.cfd,not-affiliate
mostbet-wtk5.cfd,not-affiliate
mostbet-wtk9.cfd,not-affiliate
mostbet-wtl3.cfd,not-affiliate
mostbet-wtl7.cfd,not-affiliate
mostbet-wtm2.cfd,not-affiliate
mostbet-wtm5.cfd,not-affiliate
mostbet-wtm6.cfd,not-affiliate
mostbet-wtn3.cfd,not-affiliate
mostbet-wtn8.cfd,not-affiliate
mostbet-wto1.cfd,not-affiliate
mostbet-wto2.cfd,not-affiliate
mostbet-wto3.cfd,not-affiliate
mostbet-wto5.cfd,not-affiliate
mostbet-wtp1.cfd,not-affiliate
mostbet-wtp4.cfd,not-affiliate
mostbet-wtp7.cfd,not-affiliate
mostbet-wtp8.cfd,not-affiliate
mostbet-wtp9.cfd,not-affiliate
mostbet-wtq1.cfd,not-affiliate
mostbet-wtq3.cfd,not-affiliate
mostbet-wtq4.cfd,not-affiliate
mostbet-wtq5.cfd,not-affiliate
mostbet-wtq6.cfd,not-affiliate
mostbet-wtq8.cfd,not-affiliate
mostbet-wtq9.cfd,not-affiliate
mostbet-wtr1.cfd,not-affiliate
mostbet-wtr7.cfd,not-affiliate
mostbet-wtr9.cfd,not-affiliate
mostbet-wts2.cfd,not-affiliate
mostbet-wtt7.cfd,not-affiliate
mostbet-wtt9.cfd,not-affiliate
mostbet-wtv1.cfd,not-affiliate
mostbet-wtv2.cfd,not-affiliate
mostbet-wtv7.cfd,not-affiliate
mostbet-wtv8.cfd,not-affiliate
mostbet-wtw1.cfd,not-affiliate
mostbet-wtw4.cfd,not-affiliate
mostbet-wtw5.cfd,not-affiliate
mostbet-wtw6.cfd,not-affiliate
mostbet-wtw8.cfd,not-affiliate
mostbet-wtx2.cfd,not-affiliate
mostbet-wtx8.cfd,not-affiliate
mostbet-wtx9.cfd,not-affiliate
mostbet-wty2.cfd,not-affiliate
mostbet-wty3.cfd,not-affiliate
mostbet-wty4.cfd,not-affiliate
mostbet-wty7.cfd,not-affiliate
mostbet-wty8.cfd,not-affiliate
mostbet-wtz6.cfd,not-affiliate
mostbet-wtz8.cfd,not-affiliate
mostbet-wu1.xyz,not-affiliate
mostbet-wu2.xyz,not-affiliate
mostbet-wu5.xyz,not-affiliate
mostbet-wu6.xyz,not-affiliate
mostbet-wu7.xyz,not-affiliate
mostbet-wu9.xyz,not-affiliate
mostbet-wua5.cfd,not-affiliate
mostbet-wua6.cfd,not-affiliate
mostbet-wua7.cfd,not-affiliate
mostbet-wua9.cfd,not-affiliate
mostbet-wub5.cfd,not-affiliate
mostbet-wub6.cfd,not-affiliate
mostbet-wub7.cfd,not-affiliate
mostbet-wuc2.cfd,not-affiliate
mostbet-wuc9.cfd,not-affiliate
mostbet-wud1.cfd,not-affiliate
mostbet-wud7.cfd,not-affiliate
mostbet-wud8.cfd,not-affiliate
mostbet-wue1.cfd,not-affiliate
mostbet-wue2.cfd,not-affiliate
mostbet-wue5.cfd,not-affiliate
mostbet-wue6.cfd,not-affiliate
mostbet-wuf3.cfd,not-affiliate
mostbet-wuf4.cfd,not-affiliate
mostbet-wuf5.cfd,not-affiliate
mostbet-wuf6.cfd,not-affiliate
mostbet-wug6.top,not-affiliate
mostbet-wug8.cfd,not-affiliate
mostbet-wug9.cfd,not-affiliate
mostbet-wuh6.cfd,not-affiliate
mostbet-wuh9.cfd,not-affiliate
mostbet-wui5.cfd,not-affiliate
mostbet-wui7.cfd,not-affiliate
mostbet-wuj1.cfd,not-affiliate
mostbet-wuj3.cfd,not-affiliate
mostbet-wuj7.cfd,not-affiliate
mostbet-wuj8.cfd,not-affiliate
mostbet-wuk3.cfd,not-affiliate
mostbet-wuk4.cfd,not-affiliate
mostbet-wuk6.cfd,not-affiliate
mostbet-wuk7.cfd,not-affiliate
mostbet-wuk9.cfd,not-affiliate
mostbet-wul1.cfd,not-affiliate
mostbet-wul8.cfd,not-affiliate
mostbet-wum1.cfd,not-affiliate
mostbet-wum2.cfd,not-affiliate
mostbet-wum3.cfd,not-affiliate
mostbet-wum9.top,not-affiliate
mostbet-wun3.cfd,not-affiliate
mostbet-wun5.cfd,not-affiliate
mostbet-wun6.cfd,not-affiliate
mostbet-wuo1.cfd,not-affiliate
mostbet-wuo5.cfd,not-affiliate
mostbet-wup3.cfd,not-affiliate
mostbet-wup7.cfd,not-affiliate
mostbet-wuq3.cfd,not-affiliate
mostbet-wuq5.cfd,not-affiliate
mostbet-wur1.cfd,not-affiliate
mostbet-wur2.cfd,not-affiliate
mostbet-wur3.cfd,not-affiliate
mostbet-wur4.cfd,not-affiliate
mostbet-wur5.top,not-affiliate
mostbet-wur6.cfd,not-affiliate
mostbet-wus1.cfd,not-affiliate
mostbet-wus6.cfd,not-affiliate
mostbet-wut6.cfd,not-affiliate
mostbet-wut7.cfd,not-affiliate
mostbet-wut9.cfd,not-affiliate
mostbet-wuu6.top,not-affiliate
mostbet-wuu7.cfd,not-affiliate
mostbet-wuu9.cfd,not-affiliate
mostbet-wuv1.cfd,not-affiliate
mostbet-wuv3.cfd,not-affiliate
mostbet-wuv5.cfd,not-affiliate
mostbet-wuv6.cfd,not-affiliate
mostbet-wuv8.cfd,not-affiliate
mostbet-wuw4.cfd,not-affiliate
mostbet-wuw8.cfd,not-affiliate
mostbet-wux3.cfd,not-affiliate
mostbet-wux8.cfd,not-affiliate
mostbet-wuy3.cfd,not-affiliate
mostbet-wuy7.cfd,not-affiliate
mostbet-wuy8.cfd,not-affiliate
mostbet-wuy9.cfd,not-affiliate
mostbet-wuz1.cfd,not-affiliate
mostbet-wuz5.cfd,not-affiliate
mostbet-wuz9.cfd,not-affiliate
mostbet-wv1.xyz,not-affiliate
mostbet-wv2.xyz,not-affiliate
mostbet-wv3.xyz,not-affiliate
mostbet-wv4.xyz,not-affiliate
mostbet-wv7.xyz,not-affiliate
mostbet-wv8.xyz,not-affiliate
mostbet-wva2.cfd,not-affiliate
mostbet-wva9.cfd,not-affiliate
mostbet-wvb1.cfd,not-affiliate
mostbet-wvb9.cfd,not-affiliate
mostbet-wvc1.cfd,not-affiliate
mostbet-wvc2.cfd,not-affiliate
mostbet-wvc3.cfd,not-affiliate
mostbet-wvc6.top,not-affiliate
mostbet-wvc7.cfd,not-affiliate
mostbet-wvc9.cfd,not-affiliate
mostbet-wvd1.cfd,not-affiliate
mostbet-wvd2.cfd,not-affiliate
mostbet-wvd6.cfd,not-affiliate
mostbet-wve1.cfd,not-affiliate
mostbet-wve3.cfd,not-affiliate
mostbet-wve5.cfd,not-affiliate
mostbet-wve7.cfd,not-affiliate
mostbet-wve8.cfd,not-affiliate
mostbet-wvf5.cfd,not-affiliate
mostbet-wvf8.cfd,not-affiliate
mostbet-wvg5.top,not-affiliate
mostbet-wvg6.cfd,not-affiliate
mostbet-wvg7.cfd,not-affiliate
mostbet-wvg8.cfd,not-affiliate
mostbet-wvh3.top,not-affiliate
mostbet-wvh6.cfd,not-affiliate
mostbet-wvh7.cfd,not-affiliate
mostbet-wvh8.cfd,not-affiliate
mostbet-wvi1.cfd,not-affiliate
mostbet-wvi5.top,not-affiliate
mostbet-wvi7.cfd,not-affiliate
mostbet-wvi8.cfd,not-affiliate
mostbet-wvj1.cfd,not-affiliate
mostbet-wvj6.cfd,not-affiliate
mostbet-wvk1.cfd,not-affiliate
mostbet-wvk4.cfd,not-affiliate
mostbet-wvk6.cfd,not-affiliate
mostbet-wvl3.cfd,not-affiliate
mostbet-wvl5.cfd,not-affiliate
mostbet-wvl7.cfd,not-affiliate
mostbet-wvl9.cfd,not-affiliate
mostbet-wvm2.cfd,not-affiliate
mostbet-wvm3.cfd,not-affiliate
mostbet-wvm7.cfd,not-affiliate
mostbet-wvn4.cfd,not-affiliate
mostbet-wvn5.cfd,not-affiliate
mostbet-wvo8.cfd,not-affiliate
mostbet-wvo9.cfd,not-affiliate
mostbet-wvp4.cfd,not-affiliate
mostbet-wvp5.cfd,not-affiliate
mostbet-wvq1.cfd,not-affiliate
mostbet-wvq3.cfd,not-affiliate
mostbet-wvq5.cfd,not-affiliate
mostbet-wvq7.cfd,not-affiliate
mostbet-wvq9.cfd,not-affiliate
mostbet-wvr1.cfd,not-affiliate
mostbet-wvr6.cfd,not-affiliate
mostbet-wvr9.cfd,not-affiliate
mostbet-wvs1.cfd,not-affiliate
mostbet-wvs2.cfd,not-affiliate
mostbet-wvs6.cfd,not-affiliate
mostbet-wvs7.cfd,not-affiliate
mostbet-wvs8.cfd,not-affiliate
mostbet-wvt5.cfd,not-affiliate
mostbet-wvt7.cfd,not-affiliate
mostbet-wvt9.cfd,not-affiliate
mostbet-wvu1.top,not-affiliate
mostbet-wvu5.cfd,not-affiliate
mostbet-wvu8.cfd,not-affiliate
mostbet-wvv1.cfd,not-affiliate
mostbet-wvv6.cfd,not-affiliate
mostbet-wvv8.cfd,not-affiliate
mostbet-wvw2.cfd,not-affiliate
mostbet-wvw6.cfd,not-affiliate
mostbet-wvx6.cfd,not-affiliate
mostbet-wvy2.cfd,not-affiliate
mostbet-wvy5.cfd,not-affiliate
mostbet-wvy6.cfd,not-affiliate
mostbet-wvz5.cfd,not-affiliate
mostbet-ww3.xyz,not-affiliate
mostbet-ww6.xyz,not-affiliate
mostbet-ww8.xyz,not-affiliate
mostbet-ww9.xyz,not-affiliate
mostbet-wwa6.top,not-affiliate
mostbet-wwb2.cfd,not-affiliate
mostbet-wwb3.cfd,not-affiliate
mostbet-wwb4.cfd,not-affiliate
mostbet-wwb5.cfd,not-affiliate
mostbet-wwb6.cfd,not-affiliate
mostbet-wwb7.cfd,not-affiliate
mostbet-wwc1.cfd,not-affiliate
mostbet-wwc8.cfd,not-affiliate
mostbet-wwd4.top,not-affiliate
mostbet-wwd5.cfd,not-affiliate
mostbet-wwd6.cfd,not-affiliate
mostbet-wwd8.cfd,not-affiliate
mostbet-wwd9.cfd,not-affiliate
mostbet-wwe6.cfd,not-affiliate
mostbet-wwe7.top,not-affiliate
mostbet-wwe9.cfd,not-affiliate
mostbet-wwf5.xyz,not-affiliate
mostbet-wwg3.top,not-affiliate
mostbet-wwg8.cfd,not-affiliate
mostbet-wwh8.cfd,not-affiliate
mostbet-wwh9.cfd,not-affiliate
mostbet-wwi3.cfd,not-affiliate
mostbet-wwi5.cfd,not-affiliate
mostbet-wwi6.cfd,not-affiliate
mostbet-wwj5.cfd,not-affiliate
mostbet-wwj7.cfd,not-affiliate
mostbet-wwj8.cfd,not-affiliate
mostbet-wwk5.cfd,not-affiliate
mostbet-wwk6.cfd,not-affiliate
mostbet-wwk7.cfd,not-affiliate
mostbet-wwk8.cfd,not-affiliate
mostbet-wwl7.cfd,not-affiliate
mostbet-wwl8.cfd,not-affiliate
mostbet-wwl9.cfd,not-affiliate
mostbet-wwm7.cfd,not-affiliate
mostbet-wwn1.cfd,not-affiliate
mostbet-wwn4.cfd,not-affiliate
mostbet-wwn7.cfd,not-affiliate
mostbet-wwn8.cfd,not-affiliate
mostbet-wwn9.cfd,not-affiliate
mostbet-wwo2.cfd,not-affiliate
mostbet-wwo4.cfd,not-affiliate
mostbet-wwo6.cfd,not-affiliate
mostbet-wwo7.cfd,not-affiliate
mostbet-wwo9.xyz,not-affiliate
mostbet-wwq3.cfd,not-affiliate
mostbet-wwq5.cfd,not-affiliate
mostbet-wwq8.cfd,not-affiliate
mostbet-wwr5.cfd,not-affiliate
mostbet-wwr6.cfd,not-affiliate
mostbet-wwr8.cfd,not-affiliate
mostbet-wws5.cfd,not-affiliate
mostbet-wwt1.cfd,not-affiliate
mostbet-wwt2.cfd,not-affiliate
mostbet-wwt4.cfd,not-affiliate
mostbet-wwt6.cfd,not-affiliate
mostbet-wwu3.cfd,not-affiliate
mostbet-wwu5.cfd,not-affiliate
mostbet-wwu6.cfd,not-affiliate
mostbet-wwu7.cfd,not-affiliate
mostbet-wwv2.cfd,not-affiliate
mostbet-wwv3.cfd,not-affiliate
mostbet-wwv7.top,not-affiliate
mostbet-www5.cfd,not-affiliate
mostbet-www7.cfd,not-affiliate
mostbet-www9.cfd,not-affiliate
mostbet-wwx8.cfd,not-affiliate
mostbet-wwx9.cfd,not-affiliate
mostbet-wwy1.cfd,not-affiliate
mostbet-wwy5.cfd,not-affiliate
mostbet-wwy6.cfd,not-affiliate
mostbet-wwy7.cfd,not-affiliate
mostbet-wwy9.cfd,not-affiliate
mostbet-wwz2.cfd,not-affiliate
mostbet-wwz3.cfd,not-affiliate
mostbet-wwz5.top,not-affiliate
mostbet-wx1.xyz,not-affiliate
mostbet-wx5.xyz,not-affiliate
mostbet-wx9.xyz,not-affiliate
mostbet-wxa1.cfd,not-affiliate
mostbet-wxa4.xyz,not-affiliate
mostbet-wxa5.xyz,not-affiliate
mostbet-wxa6.cfd,not-affiliate
mostbet-wxa9.cfd,not-affiliate
mostbet-wxb3.cfd,not-affiliate
mostbet-wxc7.xyz,not-affiliate
mostbet-wxe4.cfd,not-affiliate
mostbet-wxe9.cfd,not-affiliate
mostbet-wxf2.xyz,not-affiliate
mostbet-wxf6.cfd,not-affiliate
mostbet-wxg3.cfd,not-affiliate
mostbet-wxg4.cfd,not-affiliate
mostbet-wxg7.cfd,not-affiliate
mostbet-wxg9.cfd,not-affiliate
mostbet-wxh5.cfd,not-affiliate
mostbet-wxh9.cfd,not-affiliate
mostbet-wxi2.cfd,not-affiliate
mostbet-wxj1.xyz,not-affiliate
mostbet-wxj8.xyz,not-affiliate
mostbet-wxk7.cfd,not-affiliate
mostbet-wxl1.cfd,not-affiliate
mostbet-wxm1.cfd,not-affiliate
mostbet-wxm4.cfd,not-affiliate
mostbet-wxm5.cfd,not-affiliate
mostbet-wxm7.cfd,not-affiliate
mostbet-wxn3.cfd,not-affiliate
mostbet-wxn4.cfd,not-affiliate
mostbet-wxo3.cfd,not-affiliate
mostbet-wxo7.cfd,not-affiliate
mostbet-wxp4.cfd,not-affiliate
mostbet-wxp9.cfd,not-affiliate
mostbet-wxq4.xyz,not-affiliate
mostbet-wxq5.cfd,not-affiliate
mostbet-wxr4.cfd,not-affiliate
mostbet-wxr8.xyz,not-affiliate
mostbet-wxs2.cfd,not-affiliate
mostbet-wxs7.cfd,not-affiliate
mostbet-wxt2.cfd,not-affiliate
mostbet-wxt6.xyz,not-affiliate
mostbet-wxu1.xyz,not-affiliate
mostbet-wxv3.xyz,not-affiliate
mostbet-wxv6.cfd,not-affiliate
mostbet-wxv8.cfd,not-affiliate
mostbet-wxv9.cfd,not-affiliate
mostbet-wxw1.cfd,not-affiliate
mostbet-wxw3.cfd,not-affiliate
mostbet-wxw4.cfd,not-affiliate
mostbet-wxw5.cfd,not-affiliate
mostbet-wxw7.cfd,not-affiliate
mostbet-wxx1.cfd,not-affiliate
mostbet-wxx4.cfd,not-affiliate
mostbet-wxx5.xyz,not-affiliate
mostbet-wxx6.cfd,not-affiliate
mostbet-wxx7.cfd,not-affiliate
mostbet-wxx9.cfd,not-affiliate
mostbet-wxy1.xyz,not-affiliate
mostbet-wxy3.xyz,not-affiliate
mostbet-wxy5.cfd,not-affiliate
mostbet-wxy6.cfd,not-affiliate
mostbet-wxy7.xyz,not-affiliate
mostbet-wxy8.cfd,not-affiliate
mostbet-wxy9.cfd,not-affiliate
mostbet-wxz1.cfd,not-affiliate
mostbet-wxz3.cfd,not-affiliate
mostbet-wy1.xyz,not-affiliate
mostbet-wy4.xyz,not-affiliate
mostbet-wy6.xyz,not-affiliate
mostbet-wy7.xyz,not-affiliate
mostbet-wy8.xyz,not-affiliate
mostbet-wya3.cfd,not-affiliate
mostbet-wya7.cfd,not-affiliate
mostbet-wya8.cfd,not-affiliate
mostbet-wyb2.cfd,not-affiliate
mostbet-wyc1.cfd,not-affiliate
mostbet-wyc6.cfd,not-affiliate
mostbet-wyc8.cfd,not-affiliate
mostbet-wyc9.cfd,not-affiliate
mostbet-wyd4.cfd,not-affiliate
mostbet-wyd9.cfd,not-affiliate
mostbet-wye3.cfd,not-affiliate
mostbet-wye4.cfd,not-affiliate
mostbet-wye5.cfd,not-affiliate
mostbet-wye7.cfd,not-affiliate
mostbet-wye8.cfd,not-affiliate
mostbet-wyf5.cfd,not-affiliate
mostbet-wyf9.cfd,not-affiliate
mostbet-wyg3.cfd,not-affiliate
mostbet-wyg7.cfd,not-affiliate
mostbet-wyg9.cfd,not-affiliate
mostbet-wyh2.cfd,not-affiliate
mostbet-wyi5.top,not-affiliate
mostbet-wyj2.cfd,not-affiliate
mostbet-wyj3.cfd,not-affiliate
mostbet-wyk3.cfd,not-affiliate
mostbet-wyl3.cfd,not-affiliate
mostbet-wyl8.cfd,not-affiliate
mostbet-wym4.cfd,not-affiliate
mostbet-wym6.cfd,not-affiliate
mostbet-wyn6.cfd,not-affiliate
mostbet-wyn9.top,not-affiliate
mostbet-wyo4.cfd,not-affiliate
mostbet-wyo5.cfd,not-affiliate
mostbet-wyo8.cfd,not-affiliate
mostbet-wyp1.cfd,not-affiliate
mostbet-wyp6.cfd,not-affiliate
mostbet-wyq3.cfd,not-affiliate
mostbet-wyq4.cfd,not-affiliate
mostbet-wyr2.top,not-affiliate
mostbet-wyr6.cfd,not-affiliate
mostbet-wyr8.cfd,not-affiliate
mostbet-wys1.cfd,not-affiliate
mostbet-wys6.cfd,not-affiliate
mostbet-wys8.cfd,not-affiliate
mostbet-wyt4.cfd,not-affiliate
mostbet-wyt6.cfd,not-affiliate
mostbet-wyt9.cfd,not-affiliate
mostbet-wyu3.cfd,not-affiliate
mostbet-wyu5.cfd,not-affiliate
mostbet-wyu7.cfd,not-affiliate
mostbet-wyu8.cfd,not-affiliate
mostbet-wyw7.cfd,not-affiliate
mostbet-wyx2.cfd,not-affiliate
mostbet-wyx3.cfd,not-affiliate
mostbet-wyx4.cfd,not-affiliate
mostbet-wyx5.cfd,not-affiliate
mostbet-wyx7.cfd,not-affiliate
mostbet-wyy1.cfd,not-affiliate
mostbet-wyy3.cfd,not-affiliate
mostbet-wyy4.cfd,not-affiliate
mostbet-wyy5.cfd,not-affiliate
mostbet-wyz2.cfd,not-affiliate
mostbet-wyz3.cfd,not-affiliate
mostbet-wyz6.top,not-affiliate
mostbet-wyz7.cfd,not-affiliate
mostbet-wyz9.cfd,not-affiliate
mostbet-wz1.xyz,not-affiliate
mostbet-wz3.xyz,not-affiliate
mostbet-wz5.xyz,not-affiliate
mostbet-wz6.xyz,not-affiliate
mostbet-wz8.xyz,not-affiliate
mostbet-wza1.buzz,not-affiliate
mostbet-wza2.cfd,not-affiliate
mostbet-wza5.cfd,not-affiliate
mostbet-wza6.cfd,not-affiliate
mostbet-wza8.cfd,not-affiliate
mostbet-wza9.cfd,not-affiliate
mostbet-wzb2.cfd,not-affiliate
mostbet-wzb4.cfd,not-affiliate
mostbet-wzb6.xyz,not-affiliate
mostbet-wzb7.cfd,not-affiliate
mostbet-wzc2.cfd,not-affiliate
mostbet-wzc8.cfd,not-affiliate
mostbet-wzd1.cfd,not-affiliate
mostbet-wzd2.cfd,not-affiliate
mostbet-wzd3.cfd,not-affiliate
mostbet-wzd5.cfd,not-affiliate
mostbet-wzd6.cfd,not-affiliate
mostbet-wze1.cfd,not-affiliate
mostbet-wze5.cfd,not-affiliate
mostbet-wze7.cfd,not-affiliate
mostbet-wze8.cfd,not-affiliate
mostbet-wze9.cfd,not-affiliate
mostbet-wzf1.cfd,not-affiliate
mostbet-wzf3.cfd,not-affiliate
mostbet-wzf5.cfd,not-affiliate
mostbet-wzf7.top,not-affiliate
mostbet-wzf8.cfd,not-affiliate
mostbet-wzg3.cfd,not-affiliate
mostbet-wzg7.cfd,not-affiliate
mostbet-wzg8.cfd,not-affiliate
mostbet-wzg9.cfd,not-affiliate
mostbet-wzh3.cfd,not-affiliate
mostbet-wzh8.cfd,not-affiliate
mostbet-wzi2.cfd,not-affiliate
mostbet-wzj3.cfd,not-affiliate
mostbet-wzj4.top,not-affiliate
mostbet-wzj7.cfd,not-affiliate
mostbet-wzj8.cfd,not-affiliate
mostbet-wzk6.cfd,not-affiliate
mostbet-wzk8.cfd,not-affiliate
mostbet-wzk9.cfd,not-affiliate
mostbet-wzl2.cfd,not-affiliate
mostbet-wzl3.cfd,not-affiliate
mostbet-wzl4.cfd,not-affiliate
mostbet-wzm6.cfd,not-affiliate
mostbet-wzm9.cfd,not-affiliate
mostbet-wzn9.cfd,not-affiliate
mostbet-wzo4.cfd,not-affiliate
mostbet-wzo6.cfd,not-affiliate
mostbet-wzo8.cfd,not-affiliate
mostbet-wzp2.cfd,not-affiliate
mostbet-wzp5.cfd,not-affiliate
mostbet-wzp7.cfd,not-affiliate
mostbet-wzq3.top,not-affiliate
mostbet-wzq6.cfd,not-affiliate
mostbet-wzr2.cfd,not-affiliate
mostbet-wzr7.cfd,not-affiliate
mostbet-wzs3.cfd,not-affiliate
mostbet-wzs4.cfd,not-affiliate
mostbet-wzs7.cfd,not-affiliate
mostbet-wzt1.cfd,not-affiliate
mostbet-wzt2.cfd,not-affiliate
mostbet-wzt6.cfd,not-affiliate
mostbet-wzt7.cfd,not-affiliate
mostbet-wzt9.cfd,not-affiliate
mostbet-wzu5.cfd,not-affiliate
mostbet-wzu6.cfd,not-affiliate
mostbet-wzu7.cfd,not-affiliate
mostbet-wzu9.cfd,not-affiliate
mostbet-wzv2.cfd,not-affiliate
mostbet-wzv4.cfd,not-affiliate
mostbet-wzv5.cfd,not-affiliate
mostbet-wzv7.top,not-affiliate
mostbet-wzw2.cfd,not-affiliate
mostbet-wzw3.cfd,not-affiliate
mostbet-wzw5.cfd,not-affiliate
mostbet-wzw6.cfd,not-affiliate
mostbet-wzw9.cfd,not-affiliate
mostbet-wzx2.cfd,not-affiliate
mostbet-wzx6.cfd,not-affiliate
mostbet-wzy2.cfd,not-affiliate
mostbet-wzy6.cfd,not-affiliate
mostbet-wzy7.cfd,not-affiliate
mostbet-wzy9.cfd,not-affiliate
mostbet-wzz2.cfd,not-affiliate
mostbet-wzz3.cfd,not-affiliate
mostbet-wzz4.cfd,not-affiliate
mostbet-xe4.xyz,not-affiliate
mostbet-xv2w.top,not-affiliate
mostbet-xyj89.sbs,not-affiliate
mostbet-yal78d6.buzz,not-affiliate
mostbet-ybligg.top,not-affiliate
mostbet-ykdril.top,not-affiliate
mostbet-ypg9.buzz,not-affiliate
mostbet-yukle-az.org,not-affiliate
mostbet-yuklemek.net,not-affiliate
mostbet-yuklemek.org,not-affiliate
mostbet-zerkalo-a325.ru,not-affiliate
mostbet-zerkalo-amp.top,not-affiliate
mostbet-zerkalo-casino.ru,not-affiliate
mostbet-zerkalo1.com,not-affiliate
mostbet-zerkalo2026.store,not-affiliate
mostbet-zerkalo777.online,not-affiliate
mostbet-zone.cfd,not-affiliate
mostbet.ar.it,not-affiliate
mostbet.asia,not-affiliate
mostbet.bd,not-affiliate
mostbet.bg,not-affiliate
mostbet.biz,not-affiliate
mostbet.boo,not-affiliate
mostbet.business,not-affiliate
mostbet.casa,not-affiliate
mostbet.cfd,not-affiliate
mostbet.ch,not-affiliate
mostbet.chat,not-affiliate
mostbet.co.com,not-affiliate
mostbet.co.in,not-affiliate
mostbet.com.bo,not-affiliate
mostbet.com.ec,not-affiliate
mostbet.com.ng,not-affiliate
mostbet.com.pa,not-affiliate
mostbet.com.se,not-affiliate
mostbet.community,not-affiliate
mostbet.company,not-affiliate
mostbet.cr,not-affiliate
mostbet.cx,not-affiliate
mostbet.dad,not-affiliate
mostbet.day,not-affiliate
mostbet.dev,not-affiliate
mostbet.direct,not-affiliate
mostbet.dk,not-affiliate
mostbet.expert,not-affiliate
mostbet.fit,not-affiliate
mostbet.forum,not-affiliate
mostbet.futbol,not-affiliate
mostbet.golf,not-affiliate
mostbet.gripe,not-affiliate
mostbet.guide,not-affiliate
mostbet.hair,not-affiliate
mostbet.hockey,not-affiliate
mostbet.homes,not-affiliate
mostbet.hr,not-affiliate
mostbet.im,not-affiliate
mostbet.ink,not-affiliate
mostbet.international,not-affiliate
mostbet.io.in,not-affiliate
mostbet.irish,not-affiliate
mostbet.jetzt,not-affiliate
mostbet.kim,not-affiliate
mostbet.lat,not-affiliate
mostbet.li,not-affiliate
mostbet.lifestyle,not-affiliate
mostbet.living,not-affiliate
mostbet.men,not-affiliate
mostbet.moscow,not-affiliate
mostbet.ne.ke,not-affiliate
mostbet.org.kz,not-affiliate
mostbet.org.mx,not-affiliate
mostbet.pa,not-affiliate
mostbet.page,not-affiliate
mostbet.pics,not-affiliate
mostbet.pt.it,not-affiliate
mostbet.rest,not-affiliate
mostbet.rip,not-affiliate
mostbet.si,not-affiliate
mostbet.so,not-affiliate
mostbet.soccer,not-affiliate
mostbet.sport.hu,not-affiliate
mostbet.study,not-affiliate
mostbet.surf,not-affiliate
mostbet.tel,not-affiliate
mostbet.tv,not-affiliate
mostbet.uy,not-affiliate
mostbet.watch,not-affiliate
mostbet.website,not-affiliate
mostbet.wiki,not-affiliate
mostbet.work,not-affiliate
mostbet.zip,not-affiliate
mostbet00.top,not-affiliate
mostbet07.buzz,not-affiliate
mostbet1-bd.net,not-affiliate
mostbet1-casino.org,not-affiliate
mostbet1-cz-2026.cz,not-affiliate
mostbet1-gr.com,not-affiliate
mostbet1-kazino.org,not-affiliate
mostbet1-uzb.eu.com,not-affiliate
mostbet1.ci,not-affiliate
mostbet1.co.in,not-affiliate
mostbet1.com.pk,not-affiliate
mostbet1.com.pt,not-affiliate
mostbet1.digital,not-affiliate
mostbet1.ke,not-affiliate
mostbet1.ng,not-affiliate
mostbet1.org,not-affiliate
mostbet1.world,not-affiliate
mostbet11.top,not-affiliate
mostbet1100.top,not-affiliate
mostbet11casino.top,not-affiliate
mostbet1265.casino,not-affiliate
mostbet1724.casino,not-affiliate
mostbet1995s.top,not-affiliate
mostbet1998casino.top,not-affiliate
mostbet1998s.top,not-affiliate
mostbet1998ss.top,not-affiliate
mostbet1999s.top,not-affiliate
mostbet199s.top,not-affiliate
mostbet1amp.com,not-affiliate
mostbet2.online,not-affiliate
mostbet2.ru,not-affiliate
mostbet2025.com,not-affiliate
mostbet21casino.best,not-affiliate
mostbet24.click,not-affiliate
mostbet247.com,not-affiliate
mostbet24amp.com,not-affiliate
mostbet265.casino,not-affiliate
mostbet26casino.com,not-affiliate
mostbet314.com,not-affiliate
mostbet3222.top,not-affiliate
mostbet365.de,not-affiliate
mostbet365casino.buzz,not-affiliate
mostbet369.top,not-affiliate
mostbet40.buzz,not-affiliate
mostbet4003.ru,not-affiliate
mostbet4004.ru,not-affiliate
mostbet4013.ru,not-affiliate
mostbet41.buzz,not-affiliate
mostbet4137.best,not-affiliate
mostbet444.casino,not-affiliate
mostbet447.site,not-affiliate
mostbet4567.casino,not-affiliate
mostbet4890.buzz,not-affiliate
mostbet5.com,not-affiliate
mostbet51ml.top,not-affiliate
mostbet538.lol,not-affiliate
mostbet6033.ru,not-affiliate
mostbet6201.casino,not-affiliate
mostbet6213.casino,not-affiliate
mostbet682.pro,not-affiliate
mostbet69.buzz,not-affiliate
mostbet7.cz,not-affiliate
mostbet77.lol,not-affiliate
mostbet7717.online,not-affiliate
mostbet777-hu.eu,not-affiliate
mostbet777-win.store,not-affiliate
mostbet777.buzz,not-affiliate
mostbet777.com,not-affiliate
mostbet777.pl,not-affiliate
mostbet777poland.com,not-affiliate
mostbet829.ru,not-affiliate
mostbet8694.ru,not-affiliate
mostbet9.com,not-affiliate
mostbet9281.top,not-affiliate
mostbet9614.buzz,not-affiliate
mostbet983.casino,not-affiliate
mostbeta.site,not-affiliate
mostbeta1.com,not-affiliate
mostbetagents.com,not-affiliate
mostbetallturkizz.com,not-affiliate
mostbetamp.kz,not-affiliate
mostbetamp100.com,not-affiliate
mostbetamp2026.com,not-affiliate
mostbetamp24.com,not-affiliate
mostbetamp39.site,not-affiliate
mostbetamp40.site,not-affiliate
mostbetamp777.com,not-affiliate
mostbetamp888.com,not-affiliate
mostbetamp99.com,not-affiliate
mostbetapjk.website,not-affiliate
mostbetapk-az.net,not-affiliate
mostbetapk-kz.net,not-affiliate
mostbetapk-uz.app,not-affiliate
mostbetapk.app,not-affiliate
mostbetapkapp.com,not-affiliate
mostbetapkfree.com,not-affiliate
mostbetapkkz.com,not-affiliate
mostbetaplikacja.net.pl,not-affiliate
mostbetapp-apk.com,not-affiliate
mostbetapp-az.net,not-affiliate
mostbetapp-cz.com,not-affiliate
mostbetapp.eu,not-affiliate
mostbetapp.in,not-affiliate
mostbetapp.ru,not-affiliate
mostbetapp.top,not-affiliate
mostbetapp1.cz,not-affiliate
mostbetappca.com,not-affiliate
mostbetappin.com,not-affiliate
mostbetapplication.com,not-affiliate
mostbetapponline.de,not-affiliate
mostbetargentina.net,not-affiliate
mostbetaviator-az.click,not-affiliate
mostbetaviator-az.top,not-affiliate
mostbetaviator.cloud,not-affiliate
mostbetaviator.net,not-affiliate
mostbetaviator.top,not-affiliate
mostbetaviatoraz.top,not-affiliate
mostbetaviatorgame.com,not-affiliate
mostbetaz-play.site,not-affiliate
mostbetaz.co.uk,not-affiliate
mostbetaz.com,not-affiliate
mostbetaz.life,not-affiliate
mostbetaz.tech,not-affiliate
mostbetaz.us.com,not-affiliate
mostbetaz1com.cfd,not-affiliate
mostbetaz45.info,not-affiliate
mostbetazc.com,not-affiliate
mostbetazcasino.com,not-affiliate
mostbetazcasino.org,not-affiliate
mostbetazerba.com,not-affiliate
mostbetazerbaijan.net,not-affiliate
mostbetazerbaijan.site,not-affiliate
mostbetazerbaijan.tech,not-affiliate
mostbetazerbaijanbetnet.cfd,not-affiliate
mostbetazerbaijanbetnet427.cfd,not-affiliate
mostbetazerbaijanbetnet591.cfd,not-affiliate
mostbetazerbaijangamescom.cfd,not-affiliate
mostbetazerbaijangamescom243.cfd,not-affiliate
mostbetazerbaijanonline.com,not-affiliate
mostbetazerbaijanworld.com,not-affiliate
mostbetazerbaycan.online,not-affiliate
mostbetazerbaycanyukle.net,not-affiliate
mostbetazgirisonline.com,not-affiliate
mostbetazonline.net,not-affiliate
mostbetazpro.net,not-affiliate
mostbetazpwclorg274.top,not-affiliate
mostbetazpwclorg300.top,not-affiliate
mostbetazpwclorg324.top,not-affiliate
mostbetazpwclorg337.top,not-affiliate
mostbetazpwclorg430.top,not-affiliate
mostbetazpwclorg445.top,not-affiliate
mostbetazpwclorg477.top,not-affiliate
mostbetazpwclorg584.top,not-affiliate
mostbetazpwclorg614.top,not-affiliate
mostbetazpwclorg692.top,not-affiliate
mostbetazpwclorg693.top,not-affiliate
mostbetazpwclorg706.top,not-affiliate
mostbetazpwclorg708.top,not-affiliate
mostbetazpwclorg730.top,not-affiliate
mostbetazpwclorg860.top,not-affiliate
mostbetazpwclorg884.top,not-affiliate
mostbetazpwclorg906.top,not-affiliate
mostbetazpwclorg915.top,not-affiliate
mostbetbahisleri2.com,not-affiliate
mostbetbangladesh-en.com,not-affiliate
mostbetbangladesh.bet,not-affiliate
mostbetbangladesh.casino,not-affiliate
mostbetbangladesh.org,not-affiliate
mostbetbangladeshi.com,not-affiliate
mostbetbd-online.com,not-affiliate
mostbetbd.art,not-affiliate
mostbetbd.info,not-affiliate
mostbetbd3.com,not-affiliate
mostbetbd5.com,not-affiliate
mostbetbdapp.org,not-affiliate
mostbetbdappwin.com,not-affiliate
mostbetbden.com,not-affiliate
mostbetbdsite.com,not-affiliate
mostbetbengal.com,not-affiliate
mostbetbet.co,not-affiliate
mostbetbet.site,not-affiliate
mostbetbg.bet,not-affiliate
mostbetbk.com,not-affiliate
mostbetbk.pro,not-affiliate
mostbetbogota.info,not-affiliate
mostbetbonus.best,not-affiliate
mostbetbonus.biz,not-affiliate
mostbetbonus.buzz,not-affiliate
mostbetbonus.click,not-affiliate
mostbetbonus.fun,not-affiliate
mostbetbonus.site,not-affiliate
mostbetbonus.top,not-affiliate
mostbetbonuses.best,not-affiliate
mostbetbonuses.click,not-affiliate
mostbetbonuses.fun,not-affiliate
mostbetbonuses.online,not-affiliate
mostbetbonuses.site,not-affiliate
mostbetbonuses.top,not-affiliate
mostbetbonuses.xyz,not-affiliate
mostbetcas183.online,not-affiliate
mostbetcas310.top,not-affiliate
mostbetcas322.top,not-affiliate
mostbetcasa.com,not-affiliate
mostbetcasin322.top,not-affiliate
mostbetcasino-app.co,not-affiliate
mostbetcasino-cz.org,not-affiliate
mostbetcasino-france.com,not-affiliate
mostbetcasino-georgia.com,not-affiliate
mostbetcasino-login.cz,not-affiliate
mostbetcasino-mobail.cfd,not-affiliate
mostbetcasino-pl.pl,not-affiliate
mostbetcasino-play.click,not-affiliate
mostbetcasino-registration.top,not-affiliate
mostbetcasino.ci,not-affiliate
mostbetcasino.co.cz,not-affiliate
mostbetcasino.edu.pl,not-affiliate
mostbetcasino.ge,not-affiliate
mostbetcasino.me,not-affiliate
mostbetcasino.nu,not-affiliate
mostbetcasino.vip,not-affiliate
mostbetcasino01.top,not-affiliate
mostbetcasino015.top,not-affiliate
mostbetcasino0483wi.top,not-affiliate
mostbetcasino1.pt,not-affiliate
mostbetcasino11.top,not-affiliate
mostbetcasino2025.kz,not-affiliate
mostbetcasino401.top,not-affiliate
mostbetcasino7.pl,not-affiliate
mostbetcasino88.buzz,not-affiliate
mostbetcasinoazpwclorg271.top,not-affiliate
mostbetcasinoazpwclorg504.top,not-affiliate
mostbetcasinoazpwclorg527.top,not-affiliate
mostbetcasinoazpwclorg676.top,not-affiliate
mostbetcasinofrance.com,not-affiliate
mostbetcasinogamepwclorg527.top,not-affiliate
mostbetcasinogamepwclorg676.top,not-affiliate
mostbetcasinogeorgia.com,not-affiliate
mostbetcasinopwclorg271.top,not-affiliate
mostbetcasinopwclorg445.top,not-affiliate
mostbetcasinopwclorg884.top,not-affiliate
mostbetcasinos-zerkalo.cfd,not-affiliate
mostbetcasinos.biz,not-affiliate
mostbetcasinos.casino,not-affiliate
mostbetcasinoshu.net,not-affiliate
mostbetcasinoturkiye.com,not-affiliate
mostbetcasoffic.top,not-affiliate
mostbetcazic1.site,not-affiliate
mostbetclub-bonus.com,not-affiliate
mostbetclub.top,not-affiliate
mostbetcluby.com,not-affiliate
mostbetco-registro.pro,not-affiliate
mostbetco.site,not-affiliate
mostbetcodebd.com,not-affiliate
mostbetcom-azerbaycan.com,not-affiliate
mostbetcom-turkiye.com,not-affiliate
mostbetcr.com,not-affiliate
mostbetcz.org,not-affiliate
mostbetd.com,not-affiliate
mostbetdownload-az.com,not-affiliate
mostbetdownload.ru,not-affiliate
mostbetdownloadbd.com,not-affiliate
mostbete-br.com,not-affiliate
mostbete-redir.com,not-affiliate
mostbete-tr.com,not-affiliate
mostbete.com,not-affiliate
mostbeteg.net,not-affiliate
mostbetespanol.com,not-affiliate
mostbetf.xyz,not-affiliate
mostbetfi.net,not-affiliate
mostbetfollower.com,not-affiliate
mostbetforu.best,not-affiliate
mostbetfr.com,not-affiliate
mostbetfrance.com,not-affiliate
mostbetfreeplay7.store,not-affiliate
mostbetfun.com,not-affiliate
mostbetgame.click,not-affiliate
mostbetgame.com,not-affiliate
mostbetgame.fun,not-affiliate
mostbetgame.store,not-affiliate
mostbetgames.online,not-affiliate
mostbetgamesbest.best,not-affiliate
mostbetgamesbest.xyz,not-affiliate
mostbetgeorgia.com,not-affiliate
mostbetgift.casa,not-affiliate
mostbetgiris-az.bet,not-affiliate
mostbetgiris.app,not-affiliate
mostbetgiris2024.com,not-affiliate
mostbetgirisyap.com,not-affiliate
mostbetgp.site,not-affiliate
mostbetgra.com,not-affiliate
mostbetguncelgiris.link,not-affiliate
mostbethebest.xyz,not-affiliate
mostbethu-casino.com,not-affiliate
mostbethu.biz,not-affiliate
mostbethungary1.com,not-affiliate
mostbetilovasi.ru,not-affiliate
mostbetin-hindi.com,not-affiliate
mostbetin.ru,not-affiliate
mostbetin1.co,not-affiliate
mostbetindians-site.com,not-affiliate
mostbetindians.com,not-affiliate
mostbeting-maroc.com,not-affiliate
mostbetingplaypl.xyz,not-affiliate
mostbetjackpotslots.click,not-affiliate
mostbetkasyno.buzz,not-affiliate
mostbetkazakhstan1.com,not-affiliate
mostbetkazino-az.org,not-affiliate
mostbetkazino.com,not-affiliate
mostbetkazinos-az.com,not-affiliate
mostbetkirish.net,not-affiliate
mostbetkirish.top,not-affiliate
mostbetkz.eu.com,not-affiliate
mostbetkzgames.best,not-affiliate
mostbetkzn.com,not-affiliate
mostbetkzn.kz,not-affiliate
mostbetkznkz.kz,not-affiliate
mostbetkzslots.best,not-affiliate
mostbetlive.org,not-affiliate
mostbetlogin-az.com,not-affiliate
mostbetlogin-bd.com,not-affiliate
mostbetlogin.ru,not-affiliate
mostbetloginpakistan.com,not-affiliate
mostbetluck.xyz,not-affiliate
mostbetm.site,not-affiliate
mostbetmaroc.org,not-affiliate
mostbetmarocco.com,not-affiliate
mostbetmasterplay.com,not-affiliate
mostbetmd.site,not-affiliate
mostbetme.site,not-affiliate
mostbetmedia.com,not-affiliate
mostbetmexican.com,not-affiliate
mostbetmexico.com,not-affiliate
mostbetmexico.mx,not-affiliate
mostbetmobil.net,not-affiliate
mostbetmost.com,not-affiliate
mostbetn.buzz,not-affiliate
mostbetoffic.top,not-affiliate
mostbetofficial-poland.pl,not-affiliate
mostbetofficial.pt,not-affiliate
mostbetoficial.co,not-affiliate
mostbetonlaynkazino.in.net,not-affiliate
mostbetonline.art,not-affiliate
mostbetonline.best,not-affiliate
mostbetonline.br.com,not-affiliate
mostbetonline.buzz,not-affiliate
mostbetonline.cfd,not-affiliate
mostbetonline.click,not-affiliate
mostbetonline.co,not-affiliate
mostbetonline.games,not-affiliate
mostbetonline.xyz,not-affiliate
mostbetonlineco.com,not-affiliate
mostbetonlinede.com,not-affiliate
mostbetonlinekz.ru,not-affiliate
mostbetorg.com,not-affiliate
mostbetpartner.bet,not-affiliate
mostbetpartners.store,not-affiliate
mostbetph.com,not-affiliate
mostbetpk.site,not-affiliate
mostbetpkguide.com,not-affiliate
mostbetpl.buzz,not-affiliate
mostbetpl.net.pl,not-affiliate
mostbetpl.top,not-affiliate
mostbetplay.best,not-affiliate
mostbetplay.buzz,not-affiliate
mostbetplay.cfd,not-affiliate
mostbetplay.click,not-affiliate
mostbetplay.co,not-affiliate
mostbetplay.info,not-affiliate
mostbetplay.online,not-affiliate
mostbetplayonlinecom.cfd,not-affiliate
mostbetplaytr.com,not-affiliate
mostbetplwin.org,not-affiliate
mostbetpolska.com.pl,not-affiliate
mostbetpolska.it.com,not-affiliate
mostbetportugal-online.com,not-affiliate
mostbetpromocode.ru,not-affiliate
mostbetpt-games.com,not-affiliate
mostbetpt-online.eu.com,not-affiliate
mostbetpt.org,not-affiliate
mostbetptcasino.com,not-affiliate
mostbetq.icu,not-affiliate
mostbetrating.com,not-affiliate
mostbetregistration.cz,not-affiliate
mostbetregistration.ru,not-affiliate
mostbetrejestracja.ink,not-affiliate
mostbetreview.com,not-affiliate
mostbetrk.com,not-affiliate
mostbetroyale.com,not-affiliate
mostbetru-50.com,not-affiliate
mostbetru.net,not-affiliate
mostbets-apk-uz.com,not-affiliate
mostbets-app.in.net,not-affiliate
mostbets-ar.net,not-affiliate
mostbets-arab.com,not-affiliate
mostbets-arg.com,not-affiliate
mostbets-az.org,not-affiliate
mostbets-az1.info,not-affiliate
mostbets-bets.com,not-affiliate
mostbets-cesky.ink,not-affiliate
mostbets-cz.net,not-affiliate
mostbets-cz.org,not-affiliate
mostbets-czech.com,not-affiliate
mostbets-czech.cz,not-affiliate
mostbets-ecuador.com,not-affiliate
mostbets-ecuador.ec,not-affiliate
mostbets-egp.com,not-affiliate
mostbets-egypt-eg.com,not-affiliate
mostbets-fabulous-site.webflow.io,not-affiliate
mostbets-games.com,not-affiliate
mostbets-hu.org,not-affiliate
mostbets-hun.com,not-affiliate
mostbets-in.net,not-affiliate
mostbets-india-login.com,not-affiliate
mostbets-india.net,not-affiliate
mostbets-kasynopl.click,not-affiliate
mostbets-kasynopl.ink,not-affiliate
mostbets-kasynopl.life,not-affiliate
mostbets-kasynopl.live,not-affiliate
mostbets-kaz.com,not-affiliate
mostbets-kz.org,not-affiliate
mostbets-live.com,not-affiliate
mostbets-lk.com,not-affiliate
mostbets-nl.com,not-affiliate
mostbets-online.com,not-affiliate
mostbets-online.cz,not-affiliate
mostbets-online.org,not-affiliate
mostbets-poland.com.pl,not-affiliate
mostbets-polska.com.pl,not-affiliate
mostbets-sa.com,not-affiliate
mostbets-site.com,not-affiliate
mostbets-tr-new3.com,not-affiliate
mostbets-uz.com,not-affiliate
mostbets-uz.org,not-affiliate
mostbets-uzb.org,not-affiliate
mostbets.biz,not-affiliate
mostbets.com.in,not-affiliate
mostbets.ec,not-affiliate
mostbets.games,not-affiliate
mostbets.info,not-affiliate
mostbets.online,not-affiliate
mostbets.poker,not-affiliate
mostbets.pt,not-affiliate
mostbets.tech,not-affiliate
mostbets.vip,not-affiliate
mostbets.world,not-affiliate
mostbets15.site,not-affiliate
mostbetsignup.casino,not-affiliate
mostbetsind.com,not-affiliate
mostbetsindi.com,not-affiliate
mostbetskz.com,not-affiliate
mostbetslot.best,not-affiliate
mostbetslot.buzz,not-affiliate
mostbetslot.cfd,not-affiliate
mostbetslot.site,not-affiliate
mostbetslots.best,not-affiliate
mostbetslots.buzz,not-affiliate
mostbetslots.cfd,not-affiliate
mostbetslots.fun,not-affiliate
mostbetslots.site,not-affiliate
mostbetslots.top,not-affiliate
mostbetslots.xyz,not-affiliate
mostbetslotsnet.click,not-affiliate
mostbetslovakia.com,not-affiliate
mostbetslovenske.com,not-affiliate
mostbetslovensko.com,not-affiliate
mostbetso.site,not-affiliate
mostbetspins.com,not-affiliate
mostbetsports-in.com,not-affiliate
mostbetspt.com,not-affiliate
mostbetstroy.ru,not-affiliate
mostbetstudio.click,not-affiliate
mostbett-az.com,not-affiliate
mostbett-br.com,not-affiliate
mostbett-in.com,not-affiliate
mostbett-in.site,not-affiliate
mostbett-kasynopl.click,not-affiliate
mostbett-kasynopl.ink,not-affiliate
mostbett-kasynopl.life,not-affiliate
mostbett-kasynopl.live,not-affiliate
mostbett-maroc.com,not-affiliate
mostbett-np.com,not-affiliate
mostbett-pl.com,not-affiliate
mostbett.app,not-affiliate
mostbett.br.com,not-affiliate
mostbett.ci,not-affiliate
mostbett.com,not-affiliate
mostbett.fun,not-affiliate
mostbett.life,not-affiliate
mostbett.us,not-affiliate
mostbettbgd.com,not-affiliate
mostbette.com,not-affiliate
mostbettech.com,not-affiliate
mostbetteklif.com,not-affiliate
mostbetting-in.com,not-affiliate
mostbetting.casino,not-affiliate
mostbetting.games,not-affiliate
mostbetting.ltd,not-affiliate
mostbettn1.com,not-affiliate
mostbettop.com,not-affiliate
mostbettor.com,not-affiliate
mostbettor.games,not-affiliate
mostbettr.blog,not-affiliate
mostbettr.icu,not-affiliate
mostbettracker.top,not-affiliate
mostbettrcasino.in.net,not-affiliate
mostbettrcasino.online,not-affiliate
mostbetts-az.com,not-affiliate
mostbetts.site,not-affiliate
mostbettt.com,not-affiliate
mostbetttr.com,not-affiliate
mostbettur.top,not-affiliate
mostbetua.net,not-affiliate
mostbetuk.com,not-affiliate
mostbetur.com,not-affiliate
mostbetuz-mostbet-uzbekistan.com,not-affiliate
mostbetuz-officaial.com,not-affiliate
mostbetuz.biz,not-affiliate
mostbetuz.casino,not-affiliate
mostbetuz.info,not-affiliate
mostbetuz.vip,not-affiliate
mostbetuz2.com,not-affiliate
mostbetuzbeks.com,not-affiliate
mostbetuzbks.buzz,not-affiliate
mostbetuzz.world,not-affiliate
mostbetv.com,not-affiliate
mostbetvip-cz.top,not-affiliate
mostbetvipaz.buzz,not-affiliate
mostbetviptr.com,not-affiliate
mostbetwealth.icu,not-affiliate
mostbetwin-in.com,not-affiliate
mostbetwin.click,not-affiliate
mostbetwin.site,not-affiliate
mostbetwins.com,not-affiliate
mostbetwinturkey.com,not-affiliate
mostbetxl.com,not-affiliate
mostbetxofficial.world,not-affiliate
mostbetxtr.com,not-affiliate
mostbety.site,not-affiliate
mostbety13.top,not-affiliate
mostbetyukle-az.com,not-affiliate
mostbetz-czech.cz,not-affiliate
mostbetz-uz.com,not-affiliate
mostbetz-uzb.buzz,not-affiliate
mostbetzenjec.com,not-affiliate
mostbetzerkaloru.ru,not-affiliate
mostbt.in,not-affiliate
mostcot.com,not-affiliate
mostgamesbet.best,not-affiliate
mostloyaltibetanmastiffs.com,not-affiliate
mostlybetterdays.info,not-affiliate
mostlybetterdays.org,not-affiliate
mostlybetterdays.store,not-affiliate
mostlyrwong.com,not-affiliate
mostmiraproject.org,not-affiliate
mostpartnerstr.com,not-affiliate
mostplay-bd.bet,not-affiliate
mostplaybd-bet.com,not-affiliate
mostplaybd.bet,not-affiliate
mostplaybet.app,not-affiliate
mostplaybet.fun,not-affiliate
mostplaybet.id,not-affiliate
mostplaybet.info,not-affiliate
mostplaybetgamlol.site,not-affiliate
mostplinkobet.shop,not-affiliate
mosttbet.casino,not-affiliate
mostuzbet.world,not-affiliate
mostwinplay.world,not-affiliate
mostyourbet.com,not-affiliate
motimahal.co.uk,not-affiliate
motorcity.pl,not-affiliate
motorevere.com,not-affiliate
mountaintownantiques.com,not-affiliate
moveisvasco.pt,not-affiliate
movenscforward.com,not-affiliate
movieinfo.info,not-affiliate
mozilla.org,not-affiliate
mr-bet-app.cc,not-affiliate
mr-fortunee-nz.com,not-affiliate
mrempreend.com.br,not-affiliate
mrqwt.com,not-affiliate
ms-kb.cz,not-affiliate
msbetbd.com,not-affiliate
mst-chikkorben.com,not-affiliate
mstbt-amp-forab.ru,not-affiliate
mstbt-amp-sibir.ru,not-affiliate
mstbt-amp-vesta.ru,not-affiliate
msys.by,not-affiliate
mtdtanacsado.hu,not-affiliate
mtf-apk.com,not-affiliate
mtf-apk2.com,not-affiliate
mudoobjetos.com.ar,not-affiliate
mujerversatil.com,not-affiliate
multihot5.help,not-affiliate
mumubull.vip,not-affiliate
museumantiquities.tj,not-affiliate
musickent.com,not-affiliate
musicwall.com.ua,not-affiliate
mxmelbet.mx,not-affiliate
mybook4u.com,not-affiliate
mycapitoltaxes.com,not-affiliate
mycell-bd.com,not-affiliate
mycomfypad.com,not-affiliate
myluckyrealm.com,not-affiliate
mymatcha.in,not-affiliate
myprofit365.org,not-affiliate
myrmecos.net,not-affiliate
mysaginawhealth.org,not-affiliate
mysepik.com,not-affiliate
mysipcalculator.co.in,not-affiliate
mytriphoto.com,not-affiliate
n1bet-bet.com,not-affiliate
n1betve.com,not-affiliate
nagpurtoday.in,not-affiliate
nagybalatonkonyv.hu,not-affiliate
nam100xx.com,not-affiliate
namibiacom.com,not-affiliate
nandigramlive.com,not-affiliate
napelem-online.hu,not-affiliate
napirejtveny.hu,not-affiliate
naqus.net,not-affiliate
naripadseva.org,not-affiliate
naryn.kz,not-affiliate
naseseprivatehospital.com,not-affiliate
nationalgeographic.com,not-affiliate
naturalfoodzone.com,not-affiliate
naturmedisineren.com,not-affiliate
naukaricareer.com,not-affiliate
nauticalmileyc.org,not-affiliate
navoorbico.pl,not-affiliate
nb41.com.br,not-affiliate
nbajjelogin.com,not-affiliate
nbalivestreams.net,not-affiliate
nbazhibmfgkanzhibzaixwchaj.com.cn,not-affiliate
nbcnews.com,not-affiliate
nbcsports.com,not-affiliate
ncaa.com,not-affiliate
neca.hu,not-affiliate
neealaakso.com,not-affiliate
negaraqq.app,not-affiliate
nemesrally.hu,not-affiliate
neogeoworldtour.com,not-affiliate
neospin-casino1-au.com,not-affiliate
netcraft.com,not-affiliate
netpoulsafe.eu,not-affiliate
neuro-converse.org,not-affiliate
new-wave-pattaya.com,not-affiliate
newbossbdt.com,not-affiliate
newegg.com,not-affiliate
newleansigmaforce.com,not-affiliate
newlepnina.ru,not-affiliate
newrecipesforlife.com,not-affiliate
news-betting-mostbet.ru.com,not-affiliate
news-parfums.com,not-affiliate
newsavia.com,not-affiliate
newscentermaine.com,not-affiliate
newsforb2b.com,not-affiliate
newtontechnologie.in,not-affiliate
newznav.co.uk,not-affiliate
next.io,not-affiliate
nextcomp.ai,not-affiliate
nicktone.com,not-affiliate
niedajsobiewcisnacreferendum.pl,not-affiliate
nigerianports.org,not-affiliate
nika-kosmetika.ru,not-affiliate
nina-podolog.pl,not-affiliate
njworkingfamilies.org,not-affiliate
nlsdispatch.com,not-affiliate
nmis.pk,not-affiliate
noangels.net,not-affiliate
nodeposit.org,not-affiliate
nodosele.cfd,not-affiliate
nodosele.com,not-affiliate
nofleckturkiye.com,not-affiliate
noiz.io,not-affiliate
nomanslandftl.com,not-affiliate
nonihungary.hu,not-affiliate
nonnauto.hu,not-affiliate
nord-kross.ru,not-affiliate
notaroja.cl,not-affiliate
notaru.com,not-affiliate
notino.at,not-affiliate
notino.be,not-affiliate
notino.cz,not-affiliate
notino.dk,not-affiliate
notino.gr,not-affiliate
notino.hr,not-affiliate
notino.it,not-affiliate
notino.pt,not-affiliate
notino.ro,not-affiliate
notos.gr,not-affiliate
nouvelobs.com,not-affiliate
novadon.ru,not-affiliate
novaizol.cz,not-affiliate
novelhotel.in,not-affiliate
noviput.org,not-affiliate
novnify.com,not-affiliate
npevolution.de,not-affiliate
npr.org,not-affiliate
nrgbetl.com,not-affiliate
nuggetslotsd.com,not-affiliate
nvcasino-magyar1.com,not-affiliate
nwccpilatesyoga.net,not-affiliate
nyc2london.com,not-affiliate
nyd-international.com,not-affiliate
nyitottlovardak.hu,not-affiliate
nypost.com,not-affiliate
nytimes.com,not-affiliate
nz-yalta.ru,not-affiliate
oakmapper.org,not-affiliate
obd2carsoft.com,not-affiliate
obeliscohotel.com.ar,not-affiliate
obilevar.com,not-affiliate
obleceni-4you.cz,not-affiliate
obserwatorium.biz,not-affiliate
obudaegeszseg.hu,not-affiliate
obzor-casino-mostbet.online,not-affiliate
ockitchenremodeling.com,not-affiliate
oed.com,not-affiliate
ofbirdandcagegame.com,not-affiliate
ofekweb.com,not-affiliate
offergoods.xyz,not-affiliate
official-leon.net,not-affiliate
official-mostbet-2025.cc,not-affiliate
official-mostbet-kazino.cc,not-affiliate
official-mostbet-kazino.com,not-affiliate
official-mostbet-kazino.ink,not-affiliate
official-mostbet-kazino.online,not-affiliate
ohlook.in,not-affiliate
ohsortelisboa.pt,not-affiliate
oicf.top,not-affiliate
ojura.org,not-affiliate
okehamptongc.co.uk,not-affiliate
oksijenoran.com,not-affiliate
olbg.com,not-affiliate
oldvictoriannew.com,not-affiliate
oleyamen.com,not-affiliate
olg.ca,not-affiliate
olln.org,not-affiliate
olx.com.br,not-affiliate
olx.com.pk,not-affiliate
omerlh.info,not-affiliate
ometododochef.shop,not-affiliate
ommurugacatering.in,not-affiliate
onefootball.com,not-affiliate
online-amp-best263.cfd,not-affiliate
online-best-super159.cfd,not-affiliate
online-betting-sites.br.com,not-affiliate
online-betting-sites.uk.com,not-affiliate
online-game-best529.cfd,not-affiliate
online-game-top826.cfd,not-affiliate
online-pin-up.gy,not-affiliate
online-super-bet316.cfd,not-affiliate
online-super-game926.cfd,not-affiliate
online-super-top482.cfd,not-affiliate
online-top-best-29.cfd,not-affiliate
online-top-super860.cfd,not-affiliate
online.casino,not-affiliate
onlinegamblingme.com,not-affiliate
onlinemania.in,not-affiliate
onlinemostbet.ink,not-affiliate
onlystr8uplays.com,not-affiliate
onnoshomoy.com,not-affiliate
onomo.net,not-affiliate
onrent.org,not-affiliate
onschool.in,not-affiliate
onzetlenul.hu,not-affiliate
opacademy.ly,not-affiliate
openaltman.fun,not-affiliate
opensea.io,not-affiliate
opera.com,not-affiliate
operencianinnen.hu,not-affiliate
opk-gorodu.ru,not-affiliate
optiheart.top,not-affiliate
optimaempresarial.com,not-affiliate
optimalwellnessliving.org,not-affiliate
optimistic-theatre.ru,not-affiliate
orangecosmetics.ru,not-affiliate
orangedreamz.com,not-affiliate
ordinace-hladikova.cz,not-affiliate
ordkcmnrmb.com,not-affiliate
orduvizyon52.com,not-affiliate
oregonwomenshealthnetwork.com,not-affiliate
organicislands.gr,not-affiliate
organikbeslenme.com.tr,not-affiliate
orient-watches.ru,not-affiliate
ornamentalpeanut.com,not-affiliate
ortodoncja-bronowice.pl,not-affiliate
osakapisosok.com.ar,not-affiliate
ostavkakh.com,not-affiliate
osteopatiaamparoandres.com,not-affiliate
otilor-shop.ru,not-affiliate
otterzone.one,not-affiliate
otto.de,not-affiliate
otulinablog.pl,not-affiliate
otwartedo.pl,not-affiliate
otzovik.com,not-affiliate
otzyvru.com,not-affiliate
ousterhout.net,not-affiliate
outdoormoviehq.com,not-affiliate
outdoorscult.com,not-affiliate
ovationhomemedia.com,not-affiliate
overframe.xyz,not-affiliate
ovo99sports.org,not-affiliate
ozwin-casino-bet-au.com,not-affiliate
pacemakerinternational.org,not-affiliate
pacoperfumerias.com,not-affiliate
paddockcup.fr,not-affiliate
padelhuechuraba.cl,not-affiliate
padmavaticollegeaurangabad.in,not-affiliate
padreisland78418.com,not-affiliate
pairbet.org,not-affiliate
pakbetguide.com,not-affiliate
pakmedia.news,not-affiliate
pakshomacenter.com,not-affiliate
palauturf.com,not-affiliate
palerium.com.tr,not-affiliate
paletyonline.cz,not-affiliate
palomadelarica.com,not-affiliate
panacheplants.co.uk,not-affiliate
panamera63detailing.ru,not-affiliate
pankajchaudhary.in,not-affiliate
panorist.com,not-affiliate
paolospizza.co.uk,not-affiliate
papershootportugal.com,not-affiliate
paradise8casinoa.com,not-affiliate
paradisecharterschool.org,not-affiliate
parafiarytro.pl,not-affiliate
parafrikis.com,not-affiliate
parakhdevelopments.com,not-affiliate
parcelnovaexpress.com,not-affiliate
parentingindia.in,not-affiliate
parfumdreams.at,not-affiliate
parfumdreams.ch,not-affiliate
parfumdreams.de,not-affiliate
parfumdreams.dk,not-affiliate
parfumdreams.nl,not-affiliate
parfumdreams.pl,not-affiliate
parfumdreams.se,not-affiliate
parfumerie.be,not-affiliate
parfumerie.nl,not-affiliate
paribook247.net,not-affiliate
particula.ru,not-affiliate
partymania-krd.ru,not-affiliate
partysocialsupply.com,not-affiliate
parureparis.com,not-affiliate
pasacasino724.com,not-affiliate
pasefiltrado.pe,not-affiliate
pasjonisci.pl,not-affiliate
passivscience.com,not-affiliate
patentbetb.com,not-affiliate
patriar.ru,not-affiliate
patrickahokas.com,not-affiliate
pauseresume.com,not-affiliate
pawslovegsd.in,not-affiliate
pawtasticcuts.com,not-affiliate
paywatches.net,not-affiliate
paywatchesnet.cfd,not-affiliate
pbs.org,not-affiliate
pcbeachscotfestival.com,not-affiliate
pccchunggiaphat.com,not-affiliate
pchpoultry.com,not-affiliate
pcs-service.ru,not-affiliate
pcusa.org,not-affiliate
peekaboo.cz,not-affiliate
peixe-eletrico.com,not-affiliate
peopleinmotion-costaction.org,not-affiliate
peplax.pt,not-affiliate
peppymom.ru,not-affiliate
perdre-du-poids.org,not-affiliate
perfect2perfection.in,not-affiliate
performancedieselmachine.com,not-affiliate
performances-recherche.ch,not-affiliate
pergatsibali.org,not-affiliate
periodicologos.org,not-affiliate
permata555.com,not-affiliate
peronio.ar,not-affiliate
pescarulhoinar.com,not-affiliate
peterspastabfv.hu,not-affiliate
petissimo.hu,not-affiliate
pewterbank.com,not-affiliate
pgatour.com,not-affiliate
pggrupp.ru,not-affiliate
ph01.bet,not-affiliate
ph010.bet,not-affiliate
ph011.bet,not-affiliate
ph012.bet,not-affiliate
ph013.bet,not-affiliate
ph014.bet,not-affiliate
ph015.bet,not-affiliate
ph016.bet,not-affiliate
ph017.bet,not-affiliate
ph018.bet,not-affiliate
ph019.bet,not-affiliate
ph02.bet,not-affiliate
ph03.bet,not-affiliate
ph04.bet,not-affiliate
ph05.bet,not-affiliate
ph06.bet,not-affiliate
ph07.bet,not-affiliate
ph08.bet,not-affiliate
ph09.bet,not-affiliate
pharmedicpharmacy.com,not-affiliate
phctoolkit.org,not-affiliate
photorism.ru,not-affiliate
phuketbesttriptravel.com,not-affiliate
phuonghongmarine.com,not-affiliate
phusisrevue.com,not-affiliate
pickswise.com,not-affiliate
pilawadolna.pl,not-affiliate
pilkacv.pl,not-affiliate
pinarbasibelediyesi.com,not-affiliate
pinnkybet.com,not-affiliate
pinokkio-kids.ru,not-affiliate
pinterest.com,not-affiliate
pinupbr.com,not-affiliate
pirateparty.kz,not-affiliate
pisa.com.pk,not-affiliate
piscines-roche.com,not-affiliate
pittmanms.com,not-affiliate
pivotal-photography.com,not-affiliate
pizzagallonero.cz,not-affiliate
pizzagostyn.pl,not-affiliate
pkall.cc,not-affiliate
pkasd.com,not-affiliate
pkgameclub.com,not-affiliate
pkmost-bon.com,not-affiliate
pkrbetvipo.com,not-affiliate
pktik.kz,not-affiliate
pl-20-kotlas.ru,not-affiliate
pl-mostbet.com.pl,not-affiliate
plaayadda.com,not-affiliate
placebetiocasinov.com,not-affiliate
plafinder.com,not-affiliate
planet-w.ru,not-affiliate
plavky-vyprodej.cz,not-affiliate
play-game-best194.cfd,not-affiliate
play-top-best237.cfd,not-affiliate
play-top-super572.cfd,not-affiliate
play.google.com,not-affiliate
playalodge.com,not-affiliate
playamo-casino-online-ca.com,not-affiliate
playamo-casino0-au.com,not-affiliate
playamocasinoonline-au.com,not-affiliate
playbd.site,not-affiliate
playfina-casino0-au.com,not-affiliate
playgame-mostbet-portugal.com,not-affiliate
playgolfclub.pl,not-affiliate
playmarket-mostbet.website,not-affiliate
playmeofficial.com,not-affiliate
playmostbetpl.com,not-affiliate
playmostbetpolska.vip,not-affiliate
playright.co.uk,not-affiliate
playval.app,not-affiliate
playwin321.co,not-affiliate
playzeecasinologinb.com,not-affiliate
plick.se,not-affiliate
plombier-nice-06.com,not-affiliate
ploshka-ceramic.ru,not-affiliate
plupstudio.com,not-affiliate
plusbg.com,not-affiliate
plusmaad.com,not-affiliate
plywalniawitomino.pl,not-affiliate
pmujjwalayojana.net,not-affiliate
pngtc.com.vn,not-affiliate
podkarpackie2oo.pl,not-affiliate
podmitrov.cz,not-affiliate
podmitrovcz.cfd,not-affiliate
podmitrovcz1.cfd,not-affiliate
podologkmv.ru,not-affiliate
poesiasub25.com,not-affiliate
pointplastic.it,not-affiliate
poker-dom9.buzz,not-affiliate
pokrovborovsk.ru,not-affiliate
policromia.pt,not-affiliate
polishpotterypassion.com,not-affiliate
politico.eu,not-affiliate
politiekcafepiment.nl,not-affiliate
polskietaxi.pl,not-affiliate
pomostybetonowe.pl,not-affiliate
pornhub.com,not-affiliate
portalgracza.pl,not-affiliate
portfelmaster.pl,not-affiliate
portovyi.ru,not-affiliate
posadadelarbol.com.ar,not-affiliate
poshmark.com,not-affiliate
posterbakes.com,not-affiliate
posturion.com,not-affiliate
potworywozkowe.pl,not-affiliate
powerexch9.org,not-affiliate
powergardens.shop,not-affiliate
powerplay247.org,not-affiliate
powiatzgorzelecki.pl,not-affiliate
pozytywni-poznan.pl,not-affiliate
pp247.vip,not-affiliate
predictivehomoeopathy.com,not-affiliate
prestigesauna.ru,not-affiliate
previdencianapratica.com,not-affiliate
prezentikon.pl,not-affiliate
prideofdetroit.com,not-affiliate
prideofpoland.com,not-affiliate
primacinema.com,not-affiliate
primacinemacom130.top,not-affiliate
primacinemacom140.top,not-affiliate
primacinemacom154.top,not-affiliate
primacinemacom165.top,not-affiliate
primacinemacom225.top,not-affiliate
primacinemacom228.top,not-affiliate
primacinemacom301.top,not-affiliate
primacinemacom308.top,not-affiliate
primacinemacom354.top,not-affiliate
primacinemacom387.top,not-affiliate
primacinemacom429.top,not-affiliate
primacinemacom434.top,not-affiliate
primacinemacom459.top,not-affiliate
primacinemacom620.top,not-affiliate
primacinemacom626.top,not-affiliate
primacinemacom662.top,not-affiliate
primacinemacom664.top,not-affiliate
primacinemacom667.top,not-affiliate
primacinemacom668.top,not-affiliate
primacinemacom678.top,not-affiliate
primacinemacom698.top,not-affiliate
primacinemacom708.top,not-affiliate
primacinemacom709.top,not-affiliate
primacinemacom710.top,not-affiliate
primacinemacom711.top,not-affiliate
primacinemacom712.top,not-affiliate
primacinemacom713.top,not-affiliate
primacinemacom724.top,not-affiliate
primacinemacom726.top,not-affiliate
primacinemacom737.top,not-affiliate
primacinemacom757.top,not-affiliate
primacinemacom843.top,not-affiliate
primacinemacom852.top,not-affiliate
primacinemacom875.top,not-affiliate
primacinemacom894.top,not-affiliate
primacinemacom899.top,not-affiliate
primacinemacom900.top,not-affiliate
primacinemacom914.top,not-affiliate
printerval.com,not-affiliate
printio.ru,not-affiliate
privacysavvy.com,not-affiliate
pro-finances.ru,not-affiliate
probabilities.cc,not-affiliate
produkty43.ru,not-affiliate
profmedblog.ru,not-affiliate
profumeriemallardo.com,not-affiliate
project-sunrise.eu,not-affiliate
project-veripage.com,not-affiliate
projectrisefitness.com,not-affiliate
promodesi.com,not-affiliate
promozplay.it,not-affiliate
props.com,not-affiliate
prosolchile.cl,not-affiliate
prrobo.com,not-affiliate
pruss.biz,not-affiliate
przeczytanewsieci.pl,not-affiliate
psg.fr,not-affiliate
psse-szamotuly.pl,not-affiliate
psu.com,not-affiliate
psyarabic.com,not-affiliate
publitea.com,not-affiliate
pujcovna-minikaravanu.cz,not-affiliate
pujcsiminibagr.cz,not-affiliate
pumpdraft.fun,not-affiliate
puritrip.in,not-affiliate
purorestaurante.pt,not-affiliate
pursueconsultancy.com,not-affiliate
pwclorg105.top,not-affiliate
pwclorg113.top,not-affiliate
pwclorg186.top,not-affiliate
pwclorg193.top,not-affiliate
pwclorg243.top,not-affiliate
pwclorg255.top,not-affiliate
pwclorg329.top,not-affiliate
pwclorg340.top,not-affiliate
pwclorg353.top,not-affiliate
pwclorg364.top,not-affiliate
pwclorg371.top,not-affiliate
pwclorg374.top,not-affiliate
pwclorg395.top,not-affiliate
pwclorg442.top,not-affiliate
pwclorg456.top,not-affiliate
pwclorg470.top,not-affiliate
pwclorg556.top,not-affiliate
pwclorg618.top,not-affiliate
pwclorg624.top,not-affiliate
pwclorg651.top,not-affiliate
pwclorg718.top,not-affiliate
pwclorg723.top,not-affiliate
pwclorg740.top,not-affiliate
pwclorg783.top,not-affiliate
pwclorg880.top,not-affiliate
pwclorg906.top,not-affiliate
pwclorg915.top,not-affiliate
pwclorg931.top,not-affiliate
pwclorg946.top,not-affiliate
pykka.org,not-affiliate
qr77x1ps360.click,not-affiliate
quailhollowfarmcsa.com,not-affiliate
quaintjaipur.in,not-affiliate
quants.co.za,not-affiliate
quatro-casino0-nz.com,not-affiliate
quran-sunnahacademy.xyz,not-affiliate
r-haier-service.ru,not-affiliate
r-opizza.com,not-affiliate
r88slotter1.xyz,not-affiliate
rabbitblack.ru,not-affiliate
rabota-kfc.ru,not-affiliate
radaronline.com,not-affiliate
radiantacademy.co.in,not-affiliate
radiantd.ru,not-affiliate
radiostroi.ru,not-affiliate
radstudiouk.co.uk,not-affiliate
rahpubs.com,not-affiliate
rajabets-india.app,not-affiliate
rajeducations.com,not-affiliate
rajmahaldundee.co.uk,not-affiliate
rakhoitvlive.com,not-affiliate
rakuten.co.jp,not-affiliate
rama123slot.com,not-affiliate
ramchaganti.com,not-affiliate
ramsheadbarandgrill.com,not-affiliate
ramza.pk,not-affiliate
randalltysinger.com,not-affiliate
rangersband.cz,not-affiliate
raowaforum.org,not-affiliate
raphaelapparel.com,not-affiliate
rapidcasinogamet.com,not-affiliate
rate-a-business.com,not-affiliate
rating-mostbet-casino10.top,not-affiliate
rating-mostbet-casino11.top,not-affiliate
rating-mostbet-casino7.top,not-affiliate
rating-mostbet-casino8.top,not-affiliate
rating-mostbet-casino9.top,not-affiliate
rawstory.com,not-affiliate
razlan.net,not-affiliate
razmnojenie.ru,not-affiliate
reactconsulting.org,not-affiliate
recofficial.com,not-affiliate
red-stag-casino-us.com,not-affiliate
refrihotel.com,not-affiliate
registercompanyinnepal.com,not-affiliate
registrationelite.com,not-affiliate
rehabforcovid19.com,not-affiliate
reklamowka.net.pl,not-affiliate
relfab.com,not-affiliate
renoserwis.pl,not-affiliate
reorgfelszamolo.hu,not-affiliate
repsgympreston.com,not-affiliate
repswatch.com,not-affiliate
republicofpirates.net,not-affiliate
repuestosbechara.com.ar,not-affiliate
resilientdairylandscapes.com,not-affiliate
ressourcerielevis.com,not-affiliate
restauraceletka.cz,not-affiliate
restauranteimprovavel.pt,not-affiliate
restolwoodoil.co.uk,not-affiliate
retaper.xyz,not-affiliate
retrobetcasinor.com,not-affiliate
retrogamingcollector.com,not-affiliate
retrostyler.com,not-affiliate
revgroup.com,not-affiliate
reviewmostbet.online,not-affiliate
revistagep.org,not-affiliate
revolution-casinoonline.de,not-affiliate
revolutioncasino.de.com,not-affiliate
rh-hostel.pl,not-affiliate
rhinobetv.com,not-affiliate
richmondcold.com,not-affiliate
ridetheborder.com,not-affiliate
ridingbitchblog.com,not-affiliate
ringgitbet.net,not-affiliate
riocoloradogolfcourse.com,not-affiliate
riosoares.com,not-affiliate
ritzo-casino-bonus-ceska.com,not-affiliate
ritzo-casino-bonus-cz.com,not-affiliate
riversedgepc.com,not-affiliate
rkyhospital.com,not-affiliate
rlifiles-1.cfd,not-affiliate
rlifiles-1.xyz,not-affiliate
rlifiles-10.cfd,not-affiliate
rlifiles-11.cfd,not-affiliate
rlifiles-12.cfd,not-affiliate
rlifiles-13.cfd,not-affiliate
rlifiles-2.cfd,not-affiliate
rlifiles-2.xyz,not-affiliate
rlifiles-3.cfd,not-affiliate
rlifiles-3.xyz,not-affiliate
rlifiles-4.cfd,not-affiliate
rlifiles-5.cfd,not-affiliate
rlifiles-6.cfd,not-affiliate
rlifiles-7.cfd,not-affiliate
rlifiles-8.cfd,not-affiliate
rlifiles-9.cfd,not-affiliate
rlifiles.cfd,not-affiliate
rlifiles.com,not-affiliate
rlifiles.xyz,not-affiliate
roastfoodrecipes.com,not-affiliate
roblox.com,not-affiliate
rockbeaupre.com,not-affiliate
rocroy-anciens.org,not-affiliate
rodrockcuttinghorses.com,not-affiliate
roger.com,not-affiliate
roja-bet-cl.pro,not-affiliate
ronaldleedds.com,not-affiliate
roomraidersescapegames.com,not-affiliate
roperhallunc.org,not-affiliate
ross-juniors-football-club.co.uk,not-affiliate
rossiprofumi.it,not-affiliate
rotaryonstamps.org,not-affiliate
rotoballer.com,not-affiliate
rotowire.com,not-affiliate
rownezresort.com,not-affiliate
royal-ace-casino-us.com,not-affiliate
royal-reels-casino1-au.com,not-affiliate
royalclubxpk.com,not-affiliate
royalenfieldshowroom.in,not-affiliate
royallondonballet.cz,not-affiliate
royalmostbetcasino.com,not-affiliate
rs-resource.fr,not-affiliate
rtassociates.co,not-affiliate
rtp-hoki.asia,not-affiliate
rtp1-hoki.asia,not-affiliate
rtpwg4d.live,not-affiliate
rts.ch,not-affiliate
ruboch.ru,not-affiliate
rueducommerce.fr,not-affiliate
ruemcvuwmb.com,not-affiliate
ruralchallengepolicy.org,not-affiliate
rustomjeeurbania-thane.in,not-affiliate
ruten.com.tw,not-affiliate
rvrentalconnection.com,not-affiliate
ryanhanrahan.com,not-affiliate
s5dworzysko-aleksandrowo.pl,not-affiliate
sabah.com.tr,not-affiliate
sad-rukzachok.ru,not-affiliate
safetydetectives.com,not-affiliate
sagdcorp.com,not-affiliate
saladandsequins.com,not-affiliate
sallevezines.net,not-affiliate
salonkrasok.ru,not-affiliate
salonlaodika.ru,not-affiliate
salonsweet.ru,not-affiliate
salontori.ru,not-affiliate
sam-sebe-psycholog.ru,not-affiliate
samosahutandgrill.com,not-affiliate
sanitytradechallenge.org,not-affiliate
sanjungwaja.com,not-affiliate
sanotopleniemsk.ru,not-affiliate
santatil.com.br,not-affiliate
sarahgallowayphotography.com,not-affiliate
sarahmarieliddle.com,not-affiliate
sarangsbobet.io,not-affiliate
sarvadharma.org,not-affiliate
sashapushkina.ru,not-affiliate
sasthaartsandcrafts.co.in,not-affiliate
satu.kz,not-affiliate
saude.gov.br,not-affiliate
scalesmoundfire.org,not-affiliate
scandinavian-museum.org,not-affiliate
scandinavianmuseumorg.click,not-affiliate
scarletiosapp.com,not-affiliate
scdrr.org,not-affiliate
sch33-vn.ru,not-affiliate
schluesseldienst-sendenhorst24.de,not-affiliate
school6noyabrsk89.ru,not-affiliate
scooterselectrico.cl,not-affiliate
scsbacau.ro,not-affiliate
sdb-przemysl.pl,not-affiliate
sdmuhammadiyahboja.sch.id,not-affiliate
sdotcarter.com,not-affiliate
sea2it4you.com,not-affiliate
secscopellc.com,not-affiliate
sedlarstvistudenec.cz,not-affiliate
seekingalpha.com,not-affiliate
selfpromotiondesigns.com,not-affiliate
semar188.net,not-affiliate
semicvetik-17.ru,not-affiliate
semrush.com,not-affiliate
sensationprofumerie.it,not-affiliate
sentosa-villa.com,not-affiliate
seo-optimieren.ch,not-affiliate
seoprotect.pl,not-affiliate
seoseed.ru,not-affiliate
sephora.com,not-affiliate
sephora.in,not-affiliate
sereniteinteriors.com,not-affiliate
serpuhov-ovo.ru,not-affiliate
serverworldmagazine.com,not-affiliate
servis-uslug24.ru,not-affiliate
servishizmetlerias.com,not-affiliate
servisinibul.org,not-affiliate
sewtechkenya.com,not-affiliate
sexybaccarat-casino.com,not-affiliate
sgmenuz.com,not-affiliate
sh-crocus.ru,not-affiliate
shahzadikone.com,not-affiliate
shaktisportspune.com,not-affiliate
shamail-kazan.ru,not-affiliate
shamanastro.ru,not-affiliate
shantiwood.ru,not-affiliate
share2j.com,not-affiliate
sharpfootballanalysis.com,not-affiliate
shatgambujbarta.com,not-affiliate
shauryahealthcare.com,not-affiliate
shavagrill.ru,not-affiliate
shbkat.org,not-affiliate
sheiko-program.ru,not-affiliate
shellwood-gk.ru,not-affiliate
shieldsmiddleschool.org,not-affiliate
shinebeautysa.com,not-affiliate
shiptatoo.ru,not-affiliate
shoaa1.com,not-affiliate
shobdonir.com,not-affiliate
shockcasino.net,not-affiliate
shooting-komi.ru,not-affiliate
shop-bears.ru,not-affiliate
shopbloomtastic.com,not-affiliate
shopee.co.id,not-affiliate
shopee.co.th,not-affiliate
shopee.com.br,not-affiliate
shopee.com.my,not-affiliate
shopee.ph,not-affiliate
shopee.sg,not-affiliate
shopee.tw,not-affiliate
shopee.vn,not-affiliate
shopmollysonmain.com,not-affiliate
shopquestmaster123.top,not-affiliate
shoptheramu.com,not-affiliate
shreetambadijogeshwari.org,not-affiliate
shriyamhospital.in,not-affiliate
shtabeler-pro.ru,not-affiliate
shtaket46.ru,not-affiliate
shveya18.ru,not-affiliate
si.com,not-affiliate
siberiacatcher.com,not-affiliate
sidelineswap.com,not-affiliate
signshopbronx.com,not-affiliate
sikayetvar.com,not-affiliate
silahlioyun.net,not-affiliate
silenceistanbul.com,not-affiliate
simalyemek.com.tr,not-affiliate
similarweb.com,not-affiliate
simivalleydaysfoundation.org,not-affiliate
simpleonlinenotary.com,not-affiliate
siraj.co,not-affiliate
siroppfest.ru,not-affiliate
site-mostbet-amp.top,not-affiliate
sitejabber.com,not-affiliate
sivamhospital.in,not-affiliate
skandaltv.ru,not-affiliate
skarier.ru,not-affiliate
skatersfactory.ru,not-affiliate
skelnik.pl,not-affiliate
skladmonet.ru,not-affiliate
sklogos.ru,not-affiliate
skola-omlazeni.cz,not-affiliate
skroadtyre.com,not-affiliate
sky-cr0wn-casino-au.com,not-affiliate
skydisc.ru,not-affiliate
skyrocket.co.in,not-affiliate
slate.com,not-affiliate
slc-automation.pl,not-affiliate
slingshotahead.com,not-affiliate
slinkysneakers.com,not-affiliate
slot-starlight-princess.ru,not-affiliate
slot-sweet-bonanza-1000.ru,not-affiliate
slot-sweet-bonanza.ru,not-affiliate
slot124.com,not-affiliate
slotsanimalcasinob.com,not-affiliate
slupeckagramiejska.pl,not-affiliate
smartbettingguide.com,not-affiliate
smartbuses.mx,not-affiliate
smartnews13.ru,not-affiliate
smeunso.ru,not-affiliate
smithcairnsmazda.com,not-affiliate
smoszewo.pl,not-affiliate
smots.ru,not-affiliate
smseximenterprises.com,not-affiliate
smu4ufa.ru,not-affiliate
sn777.top,not-affiliate
snakebd.com,not-affiliate
snowcrunch.com,not-affiliate
snowverb.com,not-affiliate
snt-kasimovo-1.ru,not-affiliate
sobollubov.ru,not-affiliate
sobreargentina.com,not-affiliate
soccorsostradaleoderzo.com,not-affiliate
social-network-analysis.in,not-affiliate
socialautomaticity.net,not-affiliate
socialmediaclub.la,not-affiliate
sodatdelaware.com,not-affiliate
sofialounge.com,not-affiliate
softleathercompany.com,not-affiliate
sohodigart.com,not-affiliate
sohodostavka.ru,not-affiliate
soi55.my,not-affiliate
sokolhas.ru,not-affiliate
solira-krd.ru,not-affiliate
solisnet.pl,not-affiliate
somaliembassydcnet183.top,not-affiliate
somaliembassydcnet259.top,not-affiliate
somaliembassydcnet321.top,not-affiliate
somaliembassydcnet372.top,not-affiliate
somaliembassydcnet520.top,not-affiliate
somaliembassydcnet521.top,not-affiliate
somaliembassydcnet561.top,not-affiliate
somaliembassydcnet564.top,not-affiliate
somaliembassydcnet668.top,not-affiliate
somaliembassydcnet669.top,not-affiliate
somaliembassydcnet670.top,not-affiliate
somaliembassydcnet671.top,not-affiliate
somaliembassydcnet672.top,not-affiliate
somaliembassydcnet673.top,not-affiliate
somaliembassydcnet673.xyz,not-affiliate
somaliembassydcnet674.top,not-affiliate
somaliembassydcnet675.cfd,not-affiliate
somaliembassydcnet675.top,not-affiliate
somaliembassydcnet676.cfd,not-affiliate
somaliembassydcnet677.cfd,not-affiliate
somaliembassydcnet678.cfd,not-affiliate
somaliembassydcnet679.cfd,not-affiliate
somaliembassydcnet680.cfd,not-affiliate
somaliembassydcnet681.cfd,not-affiliate
somaliembassydcnet682.cfd,not-affiliate
somaliembassydcnet683.cfd,not-affiliate
somaliembassydcnet684.cfd,not-affiliate
somaliembassydcnet685.cfd,not-affiliate
somaliembassydcnet686.cfd,not-affiliate
somaliembassydcnet687.cfd,not-affiliate
somaliembassydcnet688.cfd,not-affiliate
somaliembassydcnet689.cfd,not-affiliate
somaliembassydcnet690.cfd,not-affiliate
somaliembassydcnet691.cfd,not-affiliate
somaliembassydcnet692.cfd,not-affiliate
somaliembassydcnet693.cfd,not-affiliate
somaliembassydcnet694.cfd,not-affiliate
somaliembassydcnet695.cfd,not-affiliate
somaliembassydcnet699.top,not-affiliate
somaliembassydcnet808.top,not-affiliate
somaliembassydcnet810.top,not-affiliate
somaliembassydcnet942.top,not-affiliate
somaliwomenforum.so,not-affiliate
songhaidesign.com,not-affiliate
sopockainicjatywa.org,not-affiliate
sorrymama-lounge.ru,not-affiliate
sortal.io,not-affiliate
sosnovka.biz,not-affiliate
sosnovkabiz.xyz,not-affiliate
sosnutrition.fr,not-affiliate
sovas.ru,not-affiliate
sp-nowogrod.pl,not-affiliate
spahotel-pansionat.ru,not-affiliate
sparkinnovation.in,not-affiliate
sparnok.ru,not-affiliate
spas-extreme.ru,not-affiliate
spbdelarte.ru,not-affiliate
spbtourkit.ru,not-affiliate
special99.org,not-affiliate
spectekhnika-ntagil.ru,not-affiliate
spectrumfutures.org,not-affiliate
speedasia.tech,not-affiliate
speedaucasino.co,not-affiliate
speedtwitch.com,not-affiliate
spektr-samara.ru,not-affiliate
spinbettercasinoa.com,not-affiliate
sport-aliance.com.ua,not-affiliate
sport-news.uz,not-affiliate
sportincard.com,not-affiliate
sportingbet.co.za,not-affiliate
sportinglife.com,not-affiliate
sportingnews.com,not-affiliate
sportnadomy.ru,not-affiliate
sportoutlet.no,not-affiliate
sportovnicentrumdecin.cz,not-affiliate
sportrg.ru,not-affiliate
sports-betting.website,not-affiliate
sports-king.com,not-affiliate
sportsbetapp458.com,not-affiliate
sportsbetstories.com,not-affiliate
sportsbettingdime.com,not-affiliate
sportsbookreview.com,not-affiliate
sportsboom.com,not-affiliate
sportsconference.in,not-affiliate
sportsgrid.com,not-affiliate
sportshandle.com,not-affiliate
sportsline.com,not-affiliate
sportsplays.com,not-affiliate
sportstiger.com,not-affiliate
sportytrader.com,not-affiliate
spozitiv.ru,not-affiliate
sppbharatnews.com,not-affiliate
springgulchhorsetrials.com,not-affiliate
springmarketing.com.br,not-affiliate
sprzetbudowlany-wynajem.pl,not-affiliate
sravniplus.ru,not-affiliate
srpskacycling.com,not-affiliate
stacker.com,not-affiliate
stadiumrant.com,not-affiliate
stake786.black,not-affiliate
stakee-casino-au.com,not-affiliate
stangaroneandassociates.com,not-affiliate
stankopil24.ru,not-affiliate
starauto.ae,not-affiliate
starbailbonds.com,not-affiliate
starlight-princess-1000.ru,not-affiliate
starsignaturecity.in,not-affiliate
startmostbet.ws,not-affiliate
startupbet.co,not-affiliate
stastnababiska.cz,not-affiliate
statewiderivers.com,not-affiliate
statista.com,not-affiliate
stavka-mostbet2.win,not-affiliate
stavkinasport.com,not-affiliate
stay-casino1-au.com,not-affiliate
staze.site,not-affiliate
stctomsk.ru,not-affiliate
stefaniaklinika.hu,not-affiliate
stemguy.co.za,not-affiliate
stendbest.ru,not-affiliate
stockswithgeeks.com,not-affiliate
stokercon2017.org,not-affiliate
stomat-service.ru,not-affiliate
stop-zapoi.ru,not-affiliate
stopnshop.co.nz,not-affiliate
storenvy.com,not-affiliate
strafe.com,not-affiliate
strefamlodych.pl,not-affiliate
stroycomgarant.ru,not-affiliate
stroyinvest64.ru,not-affiliate
stroymaster-perm.ru,not-affiliate
stsaves.pl,not-affiliate
studia-krasota.ru,not-affiliate
studombudsman.ru,not-affiliate
study-grier-school.ru,not-affiliate
sud74.ru,not-affiliate
suebadeau.com,not-affiliate
sugarrush1000.ru,not-affiliate
suluj.org,not-affiliate
summerpeak26.com,not-affiliate
sunbridgenetwork.com,not-affiliate
suncarrentalmalta.com,not-affiliate
sunglass.com.pl,not-affiliate
sunglassescart.shop,not-affiliate
suning.com,not-affiliate
sunstripe.io,not-affiliate
super-best-online143.cfd,not-affiliate
super-best-top118.cfd,not-affiliate
super-game-online675.click,not-affiliate
super-online-top295.cfd,not-affiliate
super-play-online173.cfd,not-affiliate
superbitepdx.com,not-affiliate
supermatryoshkas.com,not-affiliate
superstar88slot.com,not-affiliate
surfmusic.ru,not-affiliate
sushruthospital.co.in,not-affiliate
svgair.com,not-affiliate
svipcasinob.com,not-affiliate
swadbamechty.ru,not-affiliate
swamiji99.org,not-affiliate
sweetbonanza-az.top,not-affiliate
sweetbonanzakazan1.com,not-affiliate
swimsmooth.cz,not-affiliate
sworwa.pl,not-affiliate
synergymoney.com.au,not-affiliate
syntaxxcomm.com,not-affiliate
systemhaus-boeblingen.de,not-affiliate
szolnokkennelclub.hu,not-affiliate
sztarcafe.com,not-affiliate
tabagieking.com,not-affiliate
tabarak-fiber.com,not-affiliate
taj-mst-play.com,not-affiliate
tajmigrant.com,not-affiliate
takabet-bd.net,not-affiliate
takeitawaypodcast.com,not-affiliate
talksport.com,not-affiliate
tamosspace.kz,not-affiliate
tamosspacekz.cfd,not-affiliate
tamsac.pe,not-affiliate
taniesianie.net.pl,not-affiliate
tansik9ardens.com,not-affiliate
tanzaniaportal.com,not-affiliate
tapadinha.pt,not-affiliate
tapestrybrewery.com,not-affiliate
tappy-bird-jogo.com,not-affiliate
tappy-bird-officiel.com,not-affiliate
tappybird-cassino.com,not-affiliate
tappybird-enligne.com,not-affiliate
tappybird-jogo.com,not-affiliate
tappybird-juego.com,not-affiliate
tarahyd.in,not-affiliate
target.com,not-affiliate
tarmpu.kz,not-affiliate
tarsolyosok.hu,not-affiliate
tasptrio.org,not-affiliate
tasteofhome.com,not-affiliate
tastylive.ru,not-affiliate
tatvikahospital.in,not-affiliate
taxfree-heinemann.dk,not-affiliate
tbcare1.org,not-affiliate
tdedsportpool.com,not-affiliate
te4ever.com,not-affiliate
teamesteemmethod.com,not-affiliate
techcrunch.com,not-affiliate
techgaming.pl,not-affiliate
technoinfra.in,not-affiliate
techobserver.in,not-affiliate
techyeco.com,not-affiliate
tecnobi.it,not-affiliate
tedslotc.com,not-affiliate
teenspot58.com,not-affiliate
tegco.vn,not-affiliate
tehamaconcertseries.org,not-affiliate
tehreg.ru,not-affiliate
telse.org,not-affiliate
tem40k.com,not-affiliate
temperleygarage.com,not-affiliate
temps-orages.pro,not-affiliate
temucoalimentos.cl,not-affiliate
tenereteam.com,not-affiliate
termizibnsinojst.uz,not-affiliate
terresensorielle-institut.com,not-affiliate
teslatogel.com,not-affiliate
tf2lambent.com,not-affiliate
the-best-betting-sites.uk.com,not-affiliate
the-ecoin.com,not-affiliate
the-madmen.ru,not-affiliate
theaidahomeliving.com,not-affiliate
theamazingbees.com,not-affiliate
thearrangementcompany.com,not-affiliate
thebigdoghouseslot.com,not-affiliate
thebigdoghouseslot.net,not-affiliate
thebiglead.com,not-affiliate
thebluediary.space,not-affiliate
thecalculatorsite.com,not-affiliate
thecarmelinn.com,not-affiliate
thecathedralfaribault.com,not-affiliate
thechiquitachannel.com,not-affiliate
theclayhut.com,not-affiliate
thecourtyardrotherfield.co.uk,not-affiliate
thecraftstudio.in,not-affiliate
thedentalroom.com.au,not-affiliate
theeducon.in,not-affiliate
thefrontlinenews.in,not-affiliate
thegreencafe.ie,not-affiliate
thegrilleatblackhawk.com,not-affiliate
theguardian.com,not-affiliate
thelifestylerevive.com,not-affiliate
thelitenews.uk,not-affiliate
themikedenverband.com,not-affiliate
theoriginof.com,not-affiliate
thepatiotaphouse.com,not-affiliate
thepioneerwoman.com,not-affiliate
theplayoffs.news,not-affiliate
thepoolinator.com,not-affiliate
therealdeal.com,not-affiliate
therealstoriesofkarabakh.com,not-affiliate
theringer.com,not-affiliate
thescore.com,not-affiliate
thespinachman.com,not-affiliate
thespotforart.com,not-affiliate
thesuccessfulstudent.org,not-affiliate
thesun.co.uk,not-affiliate
thetrainline.com,not-affiliate
theunlikelypreacher.com,not-affiliate
theyellowpractice.co.uk,not-affiliate
thorpesappliances.com,not-affiliate
thotharena.com,not-affiliate
thv11.com,not-affiliate
tianamusic.com,not-affiliate
tiendanimal.es,not-affiliate
tigerxplay.vip,not-affiliate
tigre-sortudo-br.com,not-affiliate
tigres-sortudo.com,not-affiliate
tigresortudo.io,not-affiliate
timeformezze.co.uk,not-affiliate
tinasimcic.si,not-affiliate
tinastudio.ru,not-affiliate
tinel-brand.de,not-affiliate
tipsvm.com,not-affiliate
titanicfactory.com,not-affiliate
tjsmrzice.cz,not-affiliate
tkd-gepard.ru,not-affiliate
tmaudio.pl,not-affiliate
tobicon.jp,not-affiliate
today.com,not-affiliate
todonfp.org,not-affiliate
tojay.bet,not-affiliate
tojay.co,not-affiliate
tojay.io,not-affiliate
tojay.org,not-affiliate
tojays.bet,not-affiliate
tojays.net,not-affiliate
tojays.org,not-affiliate
toldostacoronte.com,not-affiliate
tolridge.cz,not-affiliate
tomilpartsdpf.pl,not-affiliate
toofan247.org,not-affiliate
tootle.co.in,not-affiliate
top-amp-best924.cfd,not-affiliate
top-best-game216.top,not-affiliate
top-casino-uzbekistan.com,not-affiliate
top-game-online153.click,not-affiliate
top-game-online153.top,not-affiliate
top-game-online154.click,not-affiliate
top-kolesa.ru,not-affiliate
top-online-game-72.cfd,not-affiliate
top-online-game-73.cfd,not-affiliate
top-site-game101.cfd,not-affiliate
top-super-best318.cfd,not-affiliate
top-super-best654.cfd,not-affiliate
top-super-game240.cfd,not-affiliate
top-super-game572.cfd,not-affiliate
top-super-game657.cfd,not-affiliate
top10sportsbettingsites.co.uk,not-affiliate
toppebrands.com,not-affiliate
toprun.com.br,not-affiliate
topsafebet.com,not-affiliate
topstreams.fit,not-affiliate
totohelper.net,not-affiliate
toulmengleuz.com,not-affiliate
tour2023signup.eu,not-affiliate
touristsecrets.ru,not-affiliate
tournament11.com,not-affiliate
tr-mostbet-login.com,not-affiliate
tr-mostbet.mex.com,not-affiliate
tracxn.com,not-affiliate
tradeindia.com,not-affiliate
tradera.com,not-affiliate
tradewheel.com,not-affiliate
transfermarkt.com,not-affiliate
transmuller.com.br,not-affiliate
transnacionalesdelafecom.xyz,not-affiliate
traveldarkly.com,not-affiliate
travelroyworld.com,not-affiliate
treelinejournal.com,not-affiliate
treeremovaljolietil.com,not-affiliate
trendyol.com,not-affiliate
tresfrancaise.com,not-affiliate
trezerestaurante.com,not-affiliate
tribunaledisalerno-1.cfd,not-affiliate
tribunaledisalerno-2.cfd,not-affiliate
tribunaledisalerno.cfd,not-affiliate
tribunaledisalerno.net,not-affiliate
trinitycommonsfoundation.org,not-affiliate
tripleogroup.com,not-affiliate
triplettx.com,not-affiliate
triunfare.com.br,not-affiliate
tronbettingw.com,not-affiliate
troskliwirodzice.com,not-affiliate
trotuarnaya-plitka61.ru,not-affiliate
troupesdetheatre.com,not-affiliate
trulysimplemeats.com,not-affiliate
trykingspot.com,not-affiliate
tsvetnadezhdy.ru,not-affiliate
tucsondjservice.com,not-affiliate
turkiyepromotiongroup.com,not-affiliate
turnerenterprise.net,not-affiliate
tv20bangla.com,not-affiliate
tvhindinews.com,not-affiliate
tw.bid.yahoo.com,not-affiliate
twoj.bet,not-affiliate
twojay.bet,not-affiliate
twojays.bet,not-affiliate
twojjay.com,not-affiliate
twojjays.com,not-affiliate
twojs.bet,not-affiliate
twoleafdesign.com,not-affiliate
tworiverslodge.com,not-affiliate
tycoon-win.com,not-affiliate
tycoonwin-australia.com,not-affiliate
tycoonwin-canada.com,not-affiliate
tycoonwin-germany.com,not-affiliate
tycoonwin-kasyna.com,not-affiliate
tycoonwins.org,not-affiliate
u0f52.com,not-affiliate
uae.dubizzle.com,not-affiliate
ubgeneraltrading.com,not-affiliate
uclpelangi.net,not-affiliate
uclpelangi.org,not-affiliate
udichi.in,not-affiliate
ufabettermostm4.com,not-affiliate
ufabettermostu.xyz,not-affiliate
ufabull.com,not-affiliate
ufastom.com,not-affiliate
ufrj.br,not-affiliate
ufrst.com,not-affiliate
ufun168.com,not-affiliate
ufun168.net,not-affiliate
ufun568.com,not-affiliate
ufun568.net,not-affiliate
uk-betting-sites-list.co.uk,not-affiliate
uk-gazservice1.ru,not-affiliate
ukenned.com,not-affiliate
ukieducation.com,not-affiliate
ulltrawin.com,not-affiliate
ultra4ukraine.com,not-affiliate
ulysmedia.kz,not-affiliate
umacooling.in,not-affiliate
umost-reg.com,not-affiliate
unaescuelasustentablecom.cfd,not-affiliate
unaescuelasustentablecom1.cfd,not-affiliate
uncannyeditions.com,not-affiliate
uncp.edu.pe,not-affiliate
understandingadsense.com,not-affiliate
unionstreetplayers.com,not-affiliate
uniqueblog.site,not-affiliate
unitedcombatsports.com,not-affiliate
uns.ac.id,not-affiliate
up-image.com,not-affiliate
up-space.ru,not-affiliate
upbit.com,not-affiliate
upstreamdownstream.org,not-affiliate
uptodown.com,not-affiliate
urbandictionary.com,not-affiliate
urbanofficearchitecture.com,not-affiliate
urofiztermalotel.com,not-affiliate
urperm.ru,not-affiliate
us-itf.com,not-affiliate
usacryptocoins.com,not-affiliate
usafreightdispatch.com,not-affiliate
usatoday.com,not-affiliate
usd2cad.ca,not-affiliate
used-harley-davidsons.com,not-affiliate
userviz.com,not-affiliate
ushalf.com,not-affiliate
uslubebe.pl,not-affiliate
uspeschnay.ru,not-affiliate
uszynszyla.pl,not-affiliate
utfpr.curitiba.br,not-affiliate
uzbekmarket.ru,not-affiliate
uzicontabilidade.com.br,not-affiliate
uzmost-b.com,not-affiliate
uzmost-bk.club,not-affiliate
uzmost-bk.com,not-affiliate
vacancyconnect.in,not-affiliate
vaishnavibuilders.in,not-affiliate
vangoghlife.ru,not-affiliate
vanguardempire.com,not-affiliate
vantagetechnology.com.au,not-affiliate
vapeoffers.co.uk,not-affiliate
variety.com,not-affiliate
vcelariceskybrod.cz,not-affiliate
veda-inform.ru,not-affiliate
vedantaedu.in,not-affiliate
veganationmtl.com,not-affiliate
vegasherocasino-bet.com,not-affiliate
vegasinsider.com,not-affiliate
vegasslotsonline.com,not-affiliate
veggo.cl,not-affiliate
velopolosa.ru,not-affiliate
velosportbilina.cz,not-affiliate
vemsabernoticias.com.br,not-affiliate
venusbiju.pt,not-affiliate
verdantgryphon.com,not-affiliate
veriusgroup.com,not-affiliate
veronikakrejci.cz,not-affiliate
verywellhealth.com,not-affiliate
vetlen.ru,not-affiliate
vfw.org,not-affiliate
vhaod3qmb.com,not-affiliate
viaexpert.pl,not-affiliate
vianagalleria.com,not-affiliate
viapublication.com,not-affiliate
viapublicationcom.click,not-affiliate
vice.com,not-affiliate
victoria-ten.com.ua,not-affiliate
vidaemprogresso.com,not-affiliate
vidareal-rp-portugal.pt,not-affiliate
vigvamkids.ru,not-affiliate
vijayawada-car-travels.in,not-affiliate
villaggiovalleverde.it,not-affiliate
villamarcopolo.com,not-affiliate
vincent-opticien.com,not-affiliate
vinted.at,not-affiliate
vinted.be,not-affiliate
vinted.co.uk,not-affiliate
vinted.com,not-affiliate
vinted.cz,not-affiliate
vinted.de,not-affiliate
vinted.dk,not-affiliate
vinted.es,not-affiliate
vinted.fi,not-affiliate
vinted.fr,not-affiliate
vinted.gr,not-affiliate
vinted.hr,not-affiliate
vinted.hu,not-affiliate
vinted.ie,not-affiliate
vinted.it,not-affiliate
vinted.lt,not-affiliate
vinted.lu,not-affiliate
vinted.nl,not-affiliate
vinted.pl,not-affiliate
vinted.pt,not-affiliate
vinted.ro,not-affiliate
vinted.se,not-affiliate
vinted.sk,not-affiliate
vipadmin.net,not-affiliate
vipmebelshop.ru,not-affiliate
vipstav.ru,not-affiliate
viralp0st.com,not-affiliate
virendersinghwrestler.com,not-affiliate
virginiabeachrockgym.com,not-affiliate
visagehall.ru,not-affiliate
visitbar.org,not-affiliate
vista-honda.ru,not-affiliate
vistaviaje.com,not-affiliate
vitalmedicalalert.com,not-affiliate
vitaminsandsupplements365.com,not-affiliate
vitantis.ro,not-affiliate
vitornevesfotografo.pt,not-affiliate
viva88net.vip,not-affiliate
vivantblanc.com.br,not-affiliate
vivasan-rus.ru,not-affiliate
vivicasinos.com,not-affiliate
vkgk.kz,not-affiliate
vm-energy.ru,not-affiliate
vodkamostbet.cfd,not-affiliate
voronezh-haval.ru,not-affiliate
voskresenie.com.ua,not-affiliate
votealexmayer.co.uk,not-affiliate
vozolpuffithalat.com,not-affiliate
vp-clinic.ru,not-affiliate
vromonbondhu.com,not-affiliate
vse-znay.ru,not-affiliate
vsetkani.cfd,not-affiliate
vulmedkolonoskopia.pl,not-affiliate
vv-talk.com,not-affiliate
vyugafur.ru,not-affiliate
wadeeservices.com,not-affiliate
wagonandhorseslancaster.co.uk,not-affiliate
walibiworldmc.nl,not-affiliate
wallapop.com,not-affiliate
walterfootball.com,not-affiliate
warriorsteam.pl,not-affiliate
warsawdesignlab.pl,not-affiliate
wasp-inc.com,not-affiliate
waterapps.net,not-affiliate
waterlichtradio.com,not-affiliate
waterpurifierbangalore.in,not-affiliate
way2god.in,not-affiliate
wcflcr2017.com,not-affiliate
weareearthcollective.com,not-affiliate
webdevelopmentcolorado.com,not-affiliate
webetmost.hu,not-affiliate
webmd.com,not-affiliate
websolutions.tech,not-affiliate
wecarehomeservices.in,not-affiliate
weirdcards.org,not-affiliate
wellingtonmd.com,not-affiliate
westavenue.co.in,not-affiliate
westcapitalnational.com,not-affiliate
westchesterphotoclub.org,not-affiliate
westfalia.org,not-affiliate
wet-redlowo.pl,not-affiliate
wfix.biz,not-affiliate
wfix.fun,not-affiliate
wholeheartdaily.com,not-affiliate
wholesalepackingtape.com,not-affiliate
wikihow.com,not-affiliate
wikipedia.org,not-affiliate
wikivoyage.org,not-affiliate
wiktionary.org,not-affiliate
wild-west-gold-slot.ru,not-affiliate
wild-west-gold.ru,not-affiliate
wildhorsewebworks.com,not-affiliate
wildz-casino-online.de,not-affiliate
wildzcasino-online.de,not-affiliate
wilhelmus.ca,not-affiliate
wilibet55.shop,not-affiliate
wilneida.com,not-affiliate
win-masters.com,not-affiliate
win79ios.app,not-affiliate
winbeatzletsgo.xyz,not-affiliate
winbet88ss.com,not-affiliate
winbig21-casino-uk.com,not-affiliate
winerow.ru,not-affiliate
winity-poland.com,not-affiliate
winitykasyno.com,not-affiliate
winline.kz,not-affiliate
winmostbet.site,not-affiliate
winnbet247.online,not-affiliate
winnervrk.pics,not-affiliate
winramps.com,not-affiliate
winrisex.com,not-affiliate
winroars.com,not-affiliate
winsurgex.com,not-affiliate
winterhockeygames.com,not-affiliate
winversex.com,not-affiliate
winvibesx.com,not-affiliate
wisdom-trade.com,not-affiliate
wisdomwednesdays.xyz,not-affiliate
wise.com,not-affiliate
wisecars.pt,not-affiliate
wish.com,not-affiliate
wisnutoto.org,not-affiliate
wizcabin.com,not-affiliate
wmchat.ru,not-affiliate
wolf-winner-casino1-au.com,not-affiliate
wolfpack-branding.com,not-affiliate
womenneedtoclimbmountains.com,not-affiliate
wonam.pl,not-affiliate
woo-casino-bonus-cz.com,not-affiliate
woo-casino0-au.com,not-affiliate
woodtouch.co.il,not-affiliate
wordpress.com,not-affiliate
workandconnect.net,not-affiliate
workstudyeng.ru,not-affiliate
worldofphotos.ru,not-affiliate
worldwithouttorture.org,not-affiliate
wowbetlogin.com,not-affiliate
wowuzmostbet.click,not-affiliate
wrftransportes.com.br,not-affiliate
write-boards.com,not-affiliate
writereader.com,not-affiliate
wsn.com,not-affiliate
wsvjanvanketel.nl,not-affiliate
wszkipz.pl,not-affiliate
wtg.pt,not-affiliate
wtop.com,not-affiliate
wwd.com,not-affiliate
www-mostbet.com.pk,not-affiliate
wwwantigeliru.top,not-affiliate
wwwnbspolicyplatformorg.top,not-affiliate
wwwtehregru.cfd,not-affiliate
wwwtehregru1.cfd,not-affiliate
wwwtehregru2.cfd,not-affiliate
wwwtelepartypro.xyz,not-affiliate
x.com,not-affiliate
xe.com,not-affiliate
xgrowlaundry.com,not-affiliate
xn-----1000-qggs6ai0aoybt0aij3ao.xn--p1ai,not-affiliate
xn-----glcirdqjoboqieyj.xn--p1ai,not-affiliate
xn----7sbahc2cgere2bd.xn--p1ai,not-affiliate
xn----7sbajchefi3c5abkjc2d4i.xn--p1ai,not-affiliate
xn----7sbbj0ebq3bh.xn--p1ai,not-affiliate
xn----7sbcoscelqng2a5f.xn--p1ai,not-affiliate
xn----7sblece8bdveh9l.xn--p1ai,not-affiliate
xn----7sbqgez1bcecc.xn--p1ai,not-affiliate
xn----8sba7blnqd3a.xn--p1ai,not-affiliate
xn----ctbbmvm0c3a2c.xn--p1ai,not-affiliate
xn----dtbfea6a0akik4e6a9a.xn--p1ai,not-affiliate
xn----htbdbjblcejo1d6j.xn--p1ai,not-affiliate
xn----p2db5ch4dxf1at.com,not-affiliate
xn--80aaafc1cbfokf6ap0k7b.xn--p1ai,not-affiliate
xn--80aaah0dhi.xn--p1ai,not-affiliate
xn--80aabbgg8aaod1ahg0k3e.xn--p1ai,not-affiliate
xn--80aantbewsr.xn--p1ai,not-affiliate
xn--80abcf9dqr.xn--p1ai,not-affiliate
xn--80adeukqag.xn--p1ai,not-affiliate
xn--80agcqcb4acrjdi.xn--p1ai,not-affiliate
xn--80ahbnxidcjb.xn--p1ai,not-affiliate
xn--80ahklijc.xn--p1ai,not-affiliate
xn--90ahpcrbldgh1j.xn--p1ai,not-affiliate
xn--90avgmg9d.xn--p1ai,not-affiliate
xn--mostbet-kaszin-yob.com,not-affiliate
xn--mstbet-bya.com,not-affiliate
xn--mstbet-hu-07a.com,not-affiliate
xn--mstbet-hungary-vpb.com,not-affiliate
xn--mstbet-ixa.com,not-affiliate
xn--mstbet-wxa.com,not-affiliate
xn--mstbet-wxa.org,not-affiliate
xoaipmang.com,not-affiliate
xpkroyalclub.com,not-affiliate
xpkwinclubs.com,not-affiliate
y444betf.com,not-affiliate
yaga.co.za,not-affiliate
yahoo.com,not-affiliate
yandex.com.tr,not-affiliate
yandex.kz,not-affiliate
yanevestachita.ru,not-affiliate
yardbarker.com,not-affiliate
yatego.com,not-affiliate
yatharthgeeta.com,not-affiliate
ydawnictwoc2.pl,not-affiliate
yeahstub.com,not-affiliate
yellowpagesnepal.com,not-affiliate
yi-fighting.ru,not-affiliate
yoheim-eda.ru,not-affiliate
yojana.today,not-affiliate
yojanagyan.com,not-affiliate
yolo247.top,not-affiliate
yosports.net,not-affiliate
youlooklikeaman.com,not-affiliate
youporn.com,not-affiliate
youtube.com,not-affiliate
yuliafotoskazka.ru,not-affiliate
yumey-brand.ru,not-affiliate
yummfully.com,not-affiliate
yunghsing.com.tw,not-affiliate
yw8gv.com,not-affiliate
z-o-m.com,not-affiliate
zagorodnii-mir.ru,not-affiliate
zakladybukmacherskie.net.pl,not-affiliate
zappgum.com,not-affiliate
zaridakci.cz,not-affiliate
zarzadzanieit.com,not-affiliate
zatravnovacishop.cz,not-affiliate
zedtours.pk,not-affiliate
zeedflowpartners.com,not-affiliate
zemskypivovar.cz,not-affiliate
zeng.com.uy,not-affiliate
zenlawgroup.com,not-affiliate
zerkalomostbet10.ru,not-affiliate
zerkalomostbet11new.ru,not-affiliate
zermixa.com,not-affiliate
zero1aovivo.com,not-affiliate
zeus-vs-hades-play.ru,not-affiliate
zhasprojectkaragandakostanaikz.cfd,not-affiliate
zhivika-apteka.ru,not-affiliate
zipzpackaging.com,not-affiliate
znaki.fm,not-affiliate
znanie100.ru,not-affiliate
zone-air.ru,not-affiliate
zoneathleticapparel.com,not-affiliate
zoome-casino0-au.com,not-affiliate
zorgboerderijdehorst.nl,not-affiliate
zovkuchnie.pl,not-affiliate
zpndbr.info,not-affiliate
zstad.top,not-affiliate
zstui.top,not-affiliate
