domain,priority,reason
1-slots.net,1,http_only:1_mostbet_only
1918-1938.cz,1,http_only:1_mostbet_only
1mostbet-kazino.com,1,http_only:1_mostbet_only
1mostbet-kz.com,1,http_only:1_mostbet_only
1mostbet.kg,1,http_only:1_mostbet_only
1mostbetaz.com,1,http_only:1_mostbet_only
1mostbetazerbaycan.com,1,http_only:1_mostbet_only
1mostbetturkiye.com,1,http_only:1_mostbet_only
444teknikservis.com,1,http_only:1_mostbet_only
aasc.cz,1,http_only:1_mostbet_only
aawaz.org.pk,1,http_only:1_mostbet_only
acquamicacolussi.it,1,http_only:1_mostbet_only
actal.in,1,http_only:1_mostbet_only
adsgrajewo.pl,1,http_only:1_mostbet_only
agents.bet,1,http_only:1_mostbet_only
aiquantstudio.com,1,http_only:1_mostbet_only
aitaber.kz,1,http_only:1_mostbet_only
akdenizgazete.com,1,http_only:1_mostbet_only
akwaaba.cz,1,http_only:1_mostbet_only
alfaromeoparca.com,1,http_only:1_mostbet_only
altayscientificgroup.com,1,http_only:1_mostbet_only
amlcouncil.org,1,http_only:1_mostbet_only
annekerryford.com,1,http_only:1_mostbet_only
antenyaparaboly.cz,1,http_only:1_mostbet_only
apk-mostbet.net,1,http_only:1_mostbet_only
apk-mostbet.pt,1,http_only:1_mostbet_only
apk-mostbets.com,1,http_only:1_mostbet_only
apkindir.net,1,http_only:1_mostbet_only
aquatecheg.com,1,http_only:1_mostbet_only
arabayarisi.com.tr,1,http_only:1_mostbet_only
armonifotografcilik.com,1,http_only:1_mostbet_only
armyshop-kato.cz,1,http_only:1_mostbet_only
asmcosmeticlab.com,1,http_only:1_mostbet_only
atelierslunce.cz,1,http_only:1_mostbet_only
atkarihorgaszto.hu,1,http_only:1_mostbet_only
aurorebeaute.com,1,http_only:1_mostbet_only
auto-shop-online.cz,1,http_only:1_mostbet_only
autohifishop.cz,1,http_only:1_mostbet_only
autosklo-s.cz,1,http_only:1_mostbet_only
az-mostbets.com,1,http_only:1_mostbet_only
az-sroubeni.cz,1,http_only:1_mostbet_only
azinfo.tv,1,http_only:1_mostbet_only
azorit.pt,1,http_only:1_mostbet_only
bafkingdom.pics,1,http_only:1_mostbet_only
bakuauto.com,1,http_only:1_mostbet_only
banglasylhet.com,1,http_only:1_mostbet_only
baratikavezo.hu,1,http_only:1_mostbet_only
batibolgehaber.com,1,http_only:1_mostbet_only
bayraktar-bayraktar.com,1,http_only:1_mostbet_only
bayraktarbayrakli.com,1,http_only:1_mostbet_only
bayraktarspotdenizli.com,1,http_only:1_mostbet_only
bd-channel.com,1,http_only:1_mostbet_only
beachalbania.com,1,http_only:1_mostbet_only
beautyfabrika.com,1,http_only:1_mostbet_only
befitt.net,1,http_only:1_mostbet_only
best-topcasino.com,1,http_only:1_mostbet_only
bestshayari.org,1,http_only:1_mostbet_only
beyazservisistanbul.com,1,http_only:1_mostbet_only
bhumivikasbank.com,1,http_only:1_mostbet_only
bike-travel.cz,1,http_only:1_mostbet_only
bilgiyardim.com,1,http_only:1_mostbet_only
bingotingocanva.com,1,http_only:1_mostbet_only
biopharm-research-institute.cz,1,http_only:1_mostbet_only
biyesenedoner.com,1,http_only:1_mostbet_only
bjvideos.net,1,http_only:1_mostbet_only
bodrumhaber48.com,1,http_only:1_mostbet_only
bodylinestudio.cz,1,http_only:1_mostbet_only
bolsainmobiliaria.pe,1,http_only:1_mostbet_only
brshetty.com,1,http_only:1_mostbet_only
burcacizabreh.cz,1,http_only:1_mostbet_only
caffeteriahardy.cz,1,http_only:1_mostbet_only
canyounot.org,1,http_only:1_mostbet_only
capscollegelahore.com,1,http_only:1_mostbet_only
carodejnyobchod.cz,1,http_only:1_mostbet_only
carrollschoolblog.com,1,http_only:1_mostbet_only
casino-mostbet-nl.com,1,http_only:1_mostbet_only
casino-mostbet.com.de,1,http_only:1_mostbet_only
casinomostbet-de.de,1,http_only:1_mostbet_only
casinomostbet.org,1,http_only:1_mostbet_only
casinomostbetonline.cz,1,http_only:1_mostbet_only
cazino-ua.com,1,http_only:1_mostbet_only
cestovanipraha5.cz,1,http_only:1_mostbet_only
china-cabinet.com,1,http_only:1_mostbet_only
cistenikobercu-ostrava.cz,1,http_only:1_mostbet_only
cktschool.in,1,http_only:1_mostbet_only
cm-catch.com,1,http_only:1_mostbet_only
country-ahoj.cz,1,http_only:1_mostbet_only
coxsbazarmail.com,1,http_only:1_mostbet_only
crazycattle3donline.org,1,http_only:1_mostbet_only
croxyproxy.co.in,1,http_only:1_mostbet_only
daniellewilldesign.com,1,http_only:1_mostbet_only
davcommercesolapur.org,1,http_only:1_mostbet_only
demirceliksatis.com,1,http_only:1_mostbet_only
digall.pl,1,http_only:1_mostbet_only
digitalmarketingkarachi.com,1,http_only:1_mostbet_only
directskx.pics,1,http_only:1_mostbet_only
dm-couverture.com,1,http_only:1_mostbet_only
dobegolf-shop.cz,1,http_only:1_mostbet_only
dobrefest.cz,1,http_only:1_mostbet_only
doyouknow.com.pk,1,http_only:1_mostbet_only
dvere-bahnik.cz,1,http_only:1_mostbet_only
dynamicthaimassage.net,1,http_only:1_mostbet_only
eclipsepc.com,1,http_only:1_mostbet_only
ecotourism.org.pk,1,http_only:1_mostbet_only
ekofun.cz,1,http_only:1_mostbet_only
elitecbj.pics,1,http_only:1_mostbet_only
eliteexams.in,1,http_only:1_mostbet_only
ellimbo.com,1,http_only:1_mostbet_only
elma-martinez.com,1,http_only:1_mostbet_only
elsaplus.cz,1,http_only:1_mostbet_only
encontrointernacionaljt.com,1,http_only:1_mostbet_only
engelsizyasammerkezigaziantep.com,1,http_only:1_mostbet_only
ensobudapest.hu,1,http_only:1_mostbet_only
eparichay.in,1,http_only:1_mostbet_only
erzetsteel.cz,1,http_only:1_mostbet_only
estrella-golf.com,1,http_only:1_mostbet_only
euforialab.pl,1,http_only:1_mostbet_only
euromarium.org.ua,1,http_only:1_mostbet_only
evelux.cz,1,http_only:1_mostbet_only
explat.cz,1,http_only:1_mostbet_only
faberka.cz,1,http_only:1_mostbet_only
factsnfakes.in,1,http_only:1_mostbet_only
faxemail123.com,1,http_only:1_mostbet_only
ferdisatis.com,1,http_only:1_mostbet_only
finefare1221.com,1,http_only:1_mostbet_only
firstillinoisbank.com,1,http_only:1_mostbet_only
fmfb.com.pk,1,http_only:1_mostbet_only
fsts-gov.com,1,http_only:1_mostbet_only
fumesarkuteri.com,1,http_only:1_mostbet_only
gamuedu.cz,1,http_only:1_mostbet_only
gaytravel.in,1,http_only:1_mostbet_only
generation-trail.com,1,http_only:1_mostbet_only
gojav-hd.com,1,http_only:1_mostbet_only
gracetattoolondon.com,1,http_only:1_mostbet_only
grandefieradestate.com,1,http_only:1_mostbet_only
greatculturetoinnovate.org,1,http_only:1_mostbet_only
gripper.cz,1,http_only:1_mostbet_only
gsmplan.com,1,http_only:1_mostbet_only
guvenemlakgayrimenkul.com,1,http_only:1_mostbet_only
hackintosh-it.net,1,http_only:1_mostbet_only
hakikihatay.com,1,http_only:1_mostbet_only
hankovystranky.cz,1,http_only:1_mostbet_only
heizung-meissner.de,1,http_only:1_mostbet_only
hepatica.cz,1,http_only:1_mostbet_only
hilltopdaycare.net,1,http_only:1_mostbet_only
himchistka-v-kieve.com.ua,1,http_only:1_mostbet_only
hokej-cz.ru,1,http_only:1_mostbet_only
horakbasscl.cz,1,http_only:1_mostbet_only
hotelvelvet.pl,1,http_only:1_mostbet_only
hozimaster.in,1,http_only:1_mostbet_only
hungarytourism.cz,1,http_only:1_mostbet_only
hyderabadsainikschool.com,1,http_only:1_mostbet_only
hydrografikadp.cz,1,http_only:1_mostbet_only
iamkrewki.pl,1,http_only:1_mostbet_only
idaxa.org,1,http_only:1_mostbet_only
imigratelahore.com,1,http_only:1_mostbet_only
imitaceroubenek.cz,1,http_only:1_mostbet_only
india-mostbets.com,1,http_only:1_mostbet_only
indianfoodexpress.in,1,http_only:1_mostbet_only
indiareel.com,1,http_only:1_mostbet_only
infoglobalid.com,1,http_only:1_mostbet_only
inquisitivereader.com,1,http_only:1_mostbet_only
insaatmaliyetim.com,1,http_only:1_mostbet_only
instalateriustinadlabem.cz,1,http_only:1_mostbet_only
invicta-watches.cz,1,http_only:1_mostbet_only
irankpro.com,1,http_only:1_mostbet_only
istanbulhavalimanikiralikarac.com,1,http_only:1_mostbet_only
it-college.kh.ua,1,http_only:1_mostbet_only
jakip-bramy.pl,1,http_only:1_mostbet_only
jan-smetana.cz,1,http_only:1_mostbet_only
janaushadhikendraonline.co.in,1,http_only:1_mostbet_only
jpsdlahore.org,1,http_only:1_mostbet_only
kalpataruparamount.in,1,http_only:1_mostbet_only
kalyptus-mobile.com,1,http_only:1_mostbet_only
kardelenetliekmek.com,1,http_only:1_mostbet_only
karelrais.cz,1,http_only:1_mostbet_only
karnatakatrendz.com,1,http_only:1_mostbet_only
kazino-mostbet-oficial.com,1,http_only:1_mostbet_only
kenyanavigators.org,1,http_only:1_mostbet_only
kg1-mostbet.com,1,http_only:1_mostbet_only
kirgiz-mostbet.com,1,http_only:1_mostbet_only
kirmizibalonkres.com,1,http_only:1_mostbet_only
kizlikzariantalya.com,1,http_only:1_mostbet_only
klic2008.cz,1,http_only:1_mostbet_only
klubak.cz,1,http_only:1_mostbet_only
knowltonrealestate.com,1,http_only:1_mostbet_only
korrupsiya.org,1,http_only:1_mostbet_only
kronosananthsimha.com,1,http_only:1_mostbet_only
kyrgyz-mostbet.com,1,http_only:1_mostbet_only
kyrgyzstani-mostbet.com,1,http_only:1_mostbet_only
lahore-icloud.com,1,http_only:1_mostbet_only
lahorecarservice.com,1,http_only:1_mostbet_only
landorapizzeria.hu,1,http_only:1_mostbet_only
legend-bikes.com,1,http_only:1_mostbet_only
lekarnamikulas.cz,1,http_only:1_mostbet_only
lesenceipuposborhaz.hu,1,http_only:1_mostbet_only
lesliesalon.com,1,http_only:1_mostbet_only
levneparkovaniletiste.cz,1,http_only:1_mostbet_only
lido-plage.com,1,http_only:1_mostbet_only
lightningitsolution.pk,1,http_only:1_mostbet_only
literatepakistan.org,1,http_only:1_mostbet_only
lk-mostbet.com,1,http_only:1_mostbet_only
logindewa89.com,1,http_only:1_mostbet_only
logopedakedzierzyn.pl,1,http_only:1_mostbet_only
m-ostbet.com,1,http_only:1_mostbet_only
magazynier.edu.pl,1,http_only:1_mostbet_only
masahamil.com,1,http_only:1_mostbet_only
master-barberschool.com,1,http_only:1_mostbet_only
masterescape.cz,1,http_only:1_mostbet_only
materica.pt,1,http_only:1_mostbet_only
mbet-br.net,1,http_only:1_mostbet_only
mbet-kz.com,1,http_only:1_mostbet_only
mcooa.org,1,http_only:1_mostbet_only
medicaloutreachclinic.org,1,http_only:1_mostbet_only
medvedov.cz,1,http_only:1_mostbet_only
megaboom.space,1,http_only:1_mostbet_only
mersinnovagayrimenkul.com,1,http_only:1_mostbet_only
mesakoza66.com,1,http_only:1_mostbet_only
mi-faim-mi-raisin.com,1,http_only:1_mostbet_only
mikrobus-minibusostrava.cz,1,http_only:1_mostbet_only
mirabonbon.com,1,http_only:1_mostbet_only
misyonmakine.com,1,http_only:1_mostbet_only
mo-stb-et.com,1,http_only:1_mostbet_only
molo-grande-travel.com,1,http_only:1_mostbet_only
monamour.cz,1,http_only:1_mostbet_only
moost-bet.com,1,http_only:1_mostbet_only
moostbet.com,1,http_only:1_mostbet_only
mos-t-be-t.com,1,http_only:1_mostbet_only
mos-t-bet.com,1,http_only:1_mostbet_only
mos-t-bett.com,1,http_only:1_mostbet_only
mosbet-bd.pro,1,http_only:1_mostbet_only
mosbets.cz,1,http_only:1_mostbet_only
mosstbeet.cz,1,http_only:1_mostbet_only
mosstbet.cz,1,http_only:1_mostbet_only
most-bet-aplikace.cz,1,http_only:1_mostbet_only
most-bet-az.bet,1,http_only:1_mostbet_only
most-bet-az.top,1,http_only:1_mostbet_only
most-bet-cz.com,1,http_only:1_mostbet_only
most-bet-cz.cz,1,http_only:1_mostbet_only
most-bet-cz.net,1,http_only:1_mostbet_only
most-bet-login.cz,1,http_only:1_mostbet_only
most-bet-pl.net,1,http_only:1_mostbet_only
most-bet-pl.online,1,http_only:1_mostbet_only
most-bet-pl.site,1,http_only:1_mostbet_only
most-bet-poland.pl,1,http_only:1_mostbet_only
most-bet-polska.pl,1,http_only:1_mostbet_only
most-bet.com.pt,1,http_only:1_mostbet_only
most-bet.fr,1,http_only:1_mostbet_only
most-bet.ink,1,http_only:1_mostbet_only
most-bet.kg,1,http_only:1_mostbet_only
most-beto.uk,1,http_only:1_mostbet_only
most-bets.cz,1,http_only:1_mostbet_only
most-bett.com.pl,1,http_only:1_mostbet_only
most-bett.cz,1,http_only:1_mostbet_only
most-bett.pl,1,http_only:1_mostbet_only
mostaz-amp.cyou,1,http_only:1_mostbet_only
mostb-et.com,1,http_only:1_mostbet_only
mostbat-bd.com,1,http_only:1_mostbet_only
mostbe-t.com,1,http_only:1_mostbet_only
mostbeet.cz,1,http_only:1_mostbet_only
mostbet-1az.com,1,http_only:1_mostbet_only
mostbet-1pakistan.com,1,http_only:1_mostbet_only
mostbet-2023.top,1,http_only:1_mostbet_only
mostbet-25.top,1,http_only:1_mostbet_only
mostbet-3.top,1,http_only:1_mostbet_only
mostbet-4lg.top,1,http_only:1_mostbet_only
mostbet-a93.top,1,http_only:1_mostbet_only
mostbet-android-app.com,1,http_only:1_mostbet_only
mostbet-android.app,1,http_only:1_mostbet_only
mostbet-android.net,1,http_only:1_mostbet_only
mostbet-apk.cz,1,http_only:1_mostbet_only
mostbet-apk.download,1,http_only:1_mostbet_only
mostbet-apk.top,1,http_only:1_mostbet_only
mostbet-app-az.com,1,http_only:1_mostbet_only
mostbet-app-az.org,1,http_only:1_mostbet_only
mostbet-app-bd.net,1,http_only:1_mostbet_only
mostbet-app-download.cz,1,http_only:1_mostbet_only
mostbet-app.bet,1,http_only:1_mostbet_only
mostbet-app.com.br,1,http_only:1_mostbet_only
mostbet-app.cz,1,http_only:1_mostbet_only
mostbet-app.in,1,http_only:1_mostbet_only
mostbet-app.kg,1,http_only:1_mostbet_only
mostbet-appbd.com,1,http_only:1_mostbet_only
mostbet-aviator-pakistan.com,1,http_only:1_mostbet_only
mostbet-aviator.click,1,http_only:1_mostbet_only
mostbet-aviator.cz,1,http_only:1_mostbet_only
mostbet-aviator.in.net,1,http_only:1_mostbet_only
mostbet-aviator.pk,1,http_only:1_mostbet_only
mostbet-aviators.pk,1,http_only:1_mostbet_only
mostbet-awiator.net,1,http_only:1_mostbet_only
mostbet-az-bet.ink,1,http_only:1_mostbet_only
mostbet-az-giris.ink,1,http_only:1_mostbet_only
mostbet-az-monsbet.com,1,http_only:1_mostbet_only
mostbet-az-resmi.ink,1,http_only:1_mostbet_only
mostbet-az-tr.ink,1,http_only:1_mostbet_only
mostbet-az.agency,1,http_only:1_mostbet_only
mostbet-az.biz,1,http_only:1_mostbet_only
mostbet-az.blog,1,http_only:1_mostbet_only
mostbet-az.guru,1,http_only:1_mostbet_only
mostbet-az.website,1,http_only:1_mostbet_only
mostbet-az.work,1,http_only:1_mostbet_only
mostbet-aze-giris.com,1,http_only:1_mostbet_only
mostbet-azerba.com,1,http_only:1_mostbet_only
mostbet-azerbaijan-bet.net,1,http_only:1_mostbet_only
mostbet-azerbajans.com,1,http_only:1_mostbet_only
mostbet-azerbaycan.bet,1,http_only:1_mostbet_only
mostbet-azrbjn-giris.com,1,http_only:1_mostbet_only
mostbet-azrbjn.com,1,http_only:1_mostbet_only
mostbet-banglades.com,1,http_only:1_mostbet_only
mostbet-bangladesh.pro,1,http_only:1_mostbet_only
mostbet-bd.us.com,1,http_only:1_mostbet_only
mostbet-bdt.club,1,http_only:1_mostbet_only
mostbet-bdt.com,1,http_only:1_mostbet_only
mostbet-bdt.ink,1,http_only:1_mostbet_only
mostbet-bengali.com,1,http_only:1_mostbet_only
mostbet-best3.top,1,http_only:1_mostbet_only
mostbet-bet-az.ink,1,http_only:1_mostbet_only
mostbet-bet.br.com,1,http_only:1_mostbet_only
mostbet-bet.com.br,1,http_only:1_mostbet_only
mostbet-bet.pk,1,http_only:1_mostbet_only
mostbet-betting.in,1,http_only:1_mostbet_only
mostbet-bk.com,1,http_only:1_mostbet_only
mostbet-bk.cz,1,http_only:1_mostbet_only
mostbet-bk.de,1,http_only:1_mostbet_only
mostbet-bk.in,1,http_only:1_mostbet_only
mostbet-bk.pl,1,http_only:1_mostbet_only
mostbet-bkj5.top,1,http_only:1_mostbet_only
mostbet-bonus-250.com,1,http_only:1_mostbet_only
mostbet-bonus-registracziya.com,1,http_only:1_mostbet_only
mostbet-bonus.net,1,http_only:1_mostbet_only
mostbet-bonus.org,1,http_only:1_mostbet_only
mostbet-brasil.com.br,1,http_only:1_mostbet_only
mostbet-brasil.org,1,http_only:1_mostbet_only
mostbet-brasileira.com,1,http_only:1_mostbet_only
mostbet-brazil.com.br,1,http_only:1_mostbet_only
mostbet-brsl.com,1,http_only:1_mostbet_only
mostbet-ca-club.com,1,http_only:1_mostbet_only
mostbet-casino-go0na.top,1,http_only:1_mostbet_only
mostbet-casino-go23n.top,1,http_only:1_mostbet_only
mostbet-casino-go368.top,1,http_only:1_mostbet_only
mostbet-casino-go36e.top,1,http_only:1_mostbet_only
mostbet-casino-go3gn.top,1,http_only:1_mostbet_only
mostbet-casino-go3qx.top,1,http_only:1_mostbet_only
mostbet-casino-go7nj.top,1,http_only:1_mostbet_only
mostbet-casino-go850.top,1,http_only:1_mostbet_only
mostbet-casino-go87s.top,1,http_only:1_mostbet_only
mostbet-casino-go8jv.top,1,http_only:1_mostbet_only
mostbet-casino-go90h.top,1,http_only:1_mostbet_only
mostbet-casino-go9n5.top,1,http_only:1_mostbet_only
mostbet-casino-goam4.top,1,http_only:1_mostbet_only
mostbet-casino-goath.top,1,http_only:1_mostbet_only
mostbet-casino-godix.top,1,http_only:1_mostbet_only
mostbet-casino-gogbt.top,1,http_only:1_mostbet_only
mostbet-casino-gognf.top,1,http_only:1_mostbet_only
mostbet-casino-gogpj.top,1,http_only:1_mostbet_only
mostbet-casino-gogz1.top,1,http_only:1_mostbet_only
mostbet-casino-goi6s.top,1,http_only:1_mostbet_only
mostbet-casino-goj15.top,1,http_only:1_mostbet_only
mostbet-casino-gok1r.top,1,http_only:1_mostbet_only
mostbet-casino-gokdz.top,1,http_only:1_mostbet_only
mostbet-casino-gokhj.top,1,http_only:1_mostbet_only
mostbet-casino-gol2a.top,1,http_only:1_mostbet_only
mostbet-casino-goo40.top,1,http_only:1_mostbet_only
mostbet-casino-gouwg.top,1,http_only:1_mostbet_only
mostbet-casino-goxte.top,1,http_only:1_mostbet_only
mostbet-casino-goy3d.top,1,http_only:1_mostbet_only
mostbet-casino-goyi2.top,1,http_only:1_mostbet_only
mostbet-casino-hungary.org,1,http_only:1_mostbet_only
mostbet-casino-logowanie.com,1,http_only:1_mostbet_only
mostbet-casino-official.com,1,http_only:1_mostbet_only
mostbet-casino-pl.com,1,http_only:1_mostbet_only
mostbet-casino-play7.top,1,http_only:1_mostbet_only
mostbet-casino-pln.com,1,http_only:1_mostbet_only
mostbet-casino-pol.com,1,http_only:1_mostbet_only
mostbet-casino-win7.top,1,http_only:1_mostbet_only
mostbet-casino.guru,1,http_only:1_mostbet_only
mostbet-casinos.com.de,1,http_only:1_mostbet_only
mostbet-cassino.net,1,http_only:1_mostbet_only
mostbet-cesky.ink,1,http_only:1_mostbet_only
mostbet-cezko.com,1,http_only:1_mostbet_only
mostbet-club-az.com,1,http_only:1_mostbet_only
mostbet-colombia-co.com,1,http_only:1_mostbet_only
mostbet-cosino.top,1,http_only:1_mostbet_only
mostbet-cz.app,1,http_only:1_mostbet_only
mostbet-cz.bet,1,http_only:1_mostbet_only
mostbet-cz.cfd,1,http_only:1_mostbet_only
mostbet-cz.click,1,http_only:1_mostbet_only
mostbet-cz.fit,1,http_only:1_mostbet_only
mostbet-czech-republic.cz,1,http_only:1_mostbet_only
mostbet-de.app,1,http_only:1_mostbet_only
mostbet-download-apk.com,1,http_only:1_mostbet_only
mostbet-download-app.com,1,http_only:1_mostbet_only
mostbet-en-in.com,1,http_only:1_mostbet_only
mostbet-ew.xyz,1,http_only:1_mostbet_only
mostbet-fi.net,1,http_only:1_mostbet_only
mostbet-giris-az.ink,1,http_only:1_mostbet_only
mostbet-giris-azn.com,1,http_only:1_mostbet_only
mostbet-giris-live.ink,1,http_only:1_mostbet_only
mostbet-giris-main.ink,1,http_only:1_mostbet_only
mostbet-giris-mostbet.ink,1,http_only:1_mostbet_only
mostbet-giris.com,1,http_only:1_mostbet_only
mostbet-giris.ink,1,http_only:1_mostbet_only
mostbet-guide.com.ua,1,http_only:1_mostbet_only
mostbet-hungary.bet,1,http_only:1_mostbet_only
mostbet-in.app,1,http_only:1_mostbet_only
mostbet-in.click,1,http_only:1_mostbet_only
mostbet-in.club,1,http_only:1_mostbet_only
mostbet-in.eu.com,1,http_only:1_mostbet_only
mostbet-in.ink,1,http_only:1_mostbet_only
mostbet-ind.net,1,http_only:1_mostbet_only
mostbet-india.bet,1,http_only:1_mostbet_only
mostbet-india.click,1,http_only:1_mostbet_only
mostbet-india.club,1,http_only:1_mostbet_only
mostbet-india.org,1,http_only:1_mostbet_only
mostbet-india.plus,1,http_only:1_mostbet_only
mostbet-india1.net,1,http_only:1_mostbet_only
mostbet-indians.com,1,http_only:1_mostbet_only
mostbet-indir.net,1,http_only:1_mostbet_only
mostbet-italia-casino.com,1,http_only:1_mostbet_only
mostbet-italia.net,1,http_only:1_mostbet_only
mostbet-ivorycoast.com,1,http_only:1_mostbet_only
mostbet-kasyno-polska.com,1,http_only:1_mostbet_only
mostbet-kaszyno.com,1,http_only:1_mostbet_only
mostbet-kazino-oyna.com,1,http_only:1_mostbet_only
mostbet-kazino.com,1,http_only:1_mostbet_only
mostbet-kg.com,1,http_only:1_mostbet_only
mostbet-kg1.com,1,http_only:1_mostbet_only
mostbet-kirgiz.com,1,http_only:1_mostbet_only
mostbet-kod-promocyjny.pl,1,http_only:1_mostbet_only
mostbet-kyrgyzstani.com,1,http_only:1_mostbet_only
mostbet-kz-casino.kz,1,http_only:1_mostbet_only
mostbet-kz.com,1,http_only:1_mostbet_only
mostbet-magyarok.net,1,http_only:1_mostbet_only
mostbet-main.ink,1,http_only:1_mostbet_only
mostbet-mar.com,1,http_only:1_mostbet_only
mostbet-maroc-mosbet.com,1,http_only:1_mostbet_only
mostbet-maroc.bet,1,http_only:1_mostbet_only
mostbet-mosbet-bg.com,1,http_only:1_mostbet_only
mostbet-mosbet-br.com,1,http_only:1_mostbet_only
mostbet-mosbet-colombia.com,1,http_only:1_mostbet_only
mostbet-mosbet-egypt.com,1,http_only:1_mostbet_only
mostbet-mosbet-ma.com,1,http_only:1_mostbet_only
mostbet-mosbet-nepal.com,1,http_only:1_mostbet_only
mostbet-mosbet-np.com,1,http_only:1_mostbet_only
mostbet-mosbet-polska.com,1,http_only:1_mostbet_only
mostbet-mosbet-sk.com,1,http_only:1_mostbet_only
mostbet-mosbet-tj-tch.com,1,http_only:1_mostbet_only
mostbet-mosbet-tj.com,1,http_only:1_mostbet_only
mostbet-mosbet-uz-com.com,1,http_only:1_mostbet_only
mostbet-mosbet-uz-online.com,1,http_only:1_mostbet_only
mostbet-mosbet-uz.com,1,http_only:1_mostbet_only
mostbet-mosbet-uzb-kirish.com,1,http_only:1_mostbet_only
mostbet-mosbet-uzb.com,1,http_only:1_mostbet_only
mostbet-mosbet.pe,1,http_only:1_mostbet_only
mostbet-mosbet.pl,1,http_only:1_mostbet_only
mostbet-nepal.org,1,http_only:1_mostbet_only
mostbet-nepali.com,1,http_only:1_mostbet_only
mostbet-nl.com,1,http_only:1_mostbet_only
mostbet-official-casino.com,1,http_only:1_mostbet_only
mostbet-official-pt.com,1,http_only:1_mostbet_only
mostbet-official-site.org,1,http_only:1_mostbet_only
mostbet-official-website.com,1,http_only:1_mostbet_only
mostbet-official.pk,1,http_only:1_mostbet_only
mostbet-offiziell.de,1,http_only:1_mostbet_only
mostbet-oficial.com,1,http_only:1_mostbet_only
mostbet-oficial.mx,1,http_only:1_mostbet_only
mostbet-oficzialnyj-sajt.com,1,http_only:1_mostbet_only
mostbet-online-casino125.top,1,http_only:1_mostbet_only
mostbet-online.ca,1,http_only:1_mostbet_only
mostbet-online.com.pl,1,http_only:1_mostbet_only
mostbet-online.kg,1,http_only:1_mostbet_only
mostbet-online.org,1,http_only:1_mostbet_only
mostbet-original.site,1,http_only:1_mostbet_only
mostbet-pakistan.org,1,http_only:1_mostbet_only
mostbet-panduan.com,1,http_only:1_mostbet_only
mostbet-partner-affiliate.com,1,http_only:1_mostbet_only
mostbet-partner.org,1,http_only:1_mostbet_only
mostbet-pe.pe,1,http_only:1_mostbet_only
mostbet-pk.app,1,http_only:1_mostbet_only
mostbet-pl.co,1,http_only:1_mostbet_only
mostbet-pl.site,1,http_only:1_mostbet_only
mostbet-pol.pl,1,http_only:1_mostbet_only
mostbet-poland-app.pl,1,http_only:1_mostbet_only
mostbet-portugal.win,1,http_only:1_mostbet_only
mostbet-pt.com,1,http_only:1_mostbet_only
mostbet-pt.win,1,http_only:1_mostbet_only
mostbet-resmi-az.ink,1,http_only:1_mostbet_only
mostbet-resmi-mostbet.ink,1,http_only:1_mostbet_only
mostbet-rv.top,1,http_only:1_mostbet_only
mostbet-sports.net,1,http_only:1_mostbet_only
mostbet-srilankan.com,1,http_only:1_mostbet_only
mostbet-stavki-na-sport.com,1,http_only:1_mostbet_only
mostbet-tajikistan2.com,1,http_only:1_mostbet_only
mostbet-tex.top,1,http_only:1_mostbet_only
mostbet-tjk.com,1,http_only:1_mostbet_only
mostbet-to.top,1,http_only:1_mostbet_only
mostbet-tr-az.ink,1,http_only:1_mostbet_only
mostbet-ua.com,1,http_only:1_mostbet_only
mostbet-ukraine.com,1,http_only:1_mostbet_only
mostbet-uz-com-online1.com,1,http_only:1_mostbet_only
mostbet-wah7.top,1,http_only:1_mostbet_only
mostbet-wai3.top,1,http_only:1_mostbet_only
mostbet-wgu8.top,1,http_only:1_mostbet_only
mostbet-wgu9.top,1,http_only:1_mostbet_only
mostbet-wgv4.top,1,http_only:1_mostbet_only
mostbet-wgz7.top,1,http_only:1_mostbet_only
mostbet-wha6.top,1,http_only:1_mostbet_only
mostbet-whd3.top,1,http_only:1_mostbet_only
mostbet-whd4.top,1,http_only:1_mostbet_only
mostbet-whe9.top,1,http_only:1_mostbet_only
mostbet-whm8.top,1,http_only:1_mostbet_only
mostbet-whr1.top,1,http_only:1_mostbet_only
mostbet-whr3.top,1,http_only:1_mostbet_only
mostbet-whs2.top,1,http_only:1_mostbet_only
mostbet-whu8.top,1,http_only:1_mostbet_only
mostbet-win.cz,1,http_only:1_mostbet_only
mostbet-wzv3.top,1,http_only:1_mostbet_only
mostbet-wzx3.top,1,http_only:1_mostbet_only
mostbet-wzy3.top,1,http_only:1_mostbet_only
mostbet-wzy5.top,1,http_only:1_mostbet_only
mostbet-yh.top,1,http_only:1_mostbet_only
mostbet-yukle-az.net,1,http_only:1_mostbet_only
mostbet-yukle.net,1,http_only:1_mostbet_only
mostbet-zoji.top,1,http_only:1_mostbet_only
mostbet.br.com,1,http_only:1_mostbet_only
mostbet.cn.in,1,http_only:1_mostbet_only
mostbet.co.ma,1,http_only:1_mostbet_only
mostbet.in.net,1,http_only:1_mostbet_only
mostbet.marketing,1,http_only:1_mostbet_only
mostbet.net.pl,1,http_only:1_mostbet_only
mostbet.org.pe,1,http_only:1_mostbet_only
mostbet.pro.in,1,http_only:1_mostbet_only
mostbet.website.yandexcloud.net,1,http_only:1_mostbet_only
mostbet1-bd.com,1,http_only:1_mostbet_only
mostbet1-india.com,1,http_only:1_mostbet_only
mostbet1-turkey.com,1,http_only:1_mostbet_only
mostbet1.bet,1,http_only:1_mostbet_only
mostbet1.com.br,1,http_only:1_mostbet_only
mostbet1.com.tr,1,http_only:1_mostbet_only
mostbet1.in,1,http_only:1_mostbet_only
mostbet1.uk.com,1,http_only:1_mostbet_only
mostbet13748.help,1,http_only:1_mostbet_only
mostbet2.com.tr,1,http_only:1_mostbet_only
mostbet3-uz.bet,1,http_only:1_mostbet_only
mostbet32.top,1,http_only:1_mostbet_only
mostbet4.top,1,http_only:1_mostbet_only
mostbet713.fun,1,http_only:1_mostbet_only
mostbet824.fun,1,http_only:1_mostbet_only
mostbet88.online,1,http_only:1_mostbet_only
mostbetaffiliate.com,1,http_only:1_mostbet_only
mostbetandroid.com,1,http_only:1_mostbet_only
mostbetapk.top,1,http_only:1_mostbet_only
mostbetaplikacja.com.pl,1,http_only:1_mostbet_only
mostbetaplikacja.net,1,http_only:1_mostbet_only
mostbetapp.us.com,1,http_only:1_mostbet_only
mostbetappdownload.in,1,http_only:1_mostbet_only
mostbetaz.biz,1,http_only:1_mostbet_only
mostbetazer.com,1,http_only:1_mostbet_only
mostbetazrbjn-yukle.com,1,http_only:1_mostbet_only
mostbetbahissirketi.com,1,http_only:1_mostbet_only
mostbetbangla.bet,1,http_only:1_mostbet_only
mostbetbd.bet,1,http_only:1_mostbet_only
mostbetbd.net,1,http_only:1_mostbet_only
mostbetbd1.bet,1,http_only:1_mostbet_only
mostbetbdapp.com,1,http_only:1_mostbet_only
mostbetbdcricket.com,1,http_only:1_mostbet_only
mostbetbdonline.com,1,http_only:1_mostbet_only
mostbetbgd.com,1,http_only:1_mostbet_only
mostbetbk-az.com,1,http_only:1_mostbet_only
mostbetbkash.com,1,http_only:1_mostbet_only
mostbetbonus.cz,1,http_only:1_mostbet_only
mostbetbonusbd.com,1,http_only:1_mostbet_only
mostbetbr1.bet,1,http_only:1_mostbet_only
mostbetcasino-br.com,1,http_only:1_mostbet_only
mostbetcasino-br.top,1,http_only:1_mostbet_only
mostbetcasino-cz.fit,1,http_only:1_mostbet_only
mostbetcasino-cz.ink,1,http_only:1_mostbet_only
mostbetcasinobd.com,1,http_only:1_mostbet_only
mostbetcazino.cz,1,http_only:1_mostbet_only
mostbetceska.com,1,http_only:1_mostbet_only
mostbetcz-casino.com,1,http_only:1_mostbet_only
mostbetcz.info,1,http_only:1_mostbet_only
mostbetcze.cz,1,http_only:1_mostbet_only
mostbete-in.com,1,http_only:1_mostbet_only
mostbete.in,1,http_only:1_mostbet_only
mostbete.pl,1,http_only:1_mostbet_only
mostbethu.bet,1,http_only:1_mostbet_only
mostbethungary.org,1,http_only:1_mostbet_only
mostbetindia.com,1,http_only:1_mostbet_only
mostbetindix.com,1,http_only:1_mostbet_only
mostbetitalia.com,1,http_only:1_mostbet_only
mostbetitalian.it,1,http_only:1_mostbet_only
mostbetkg.bet,1,http_only:1_mostbet_only
mostbetkg1.bet,1,http_only:1_mostbet_only
mostbetkirish.com,1,http_only:1_mostbet_only
mostbetkz-online.com,1,http_only:1_mostbet_only
mostbetkz.asia,1,http_only:1_mostbet_only
mostbetkz.bet,1,http_only:1_mostbet_only
mostbetmobile.com,1,http_only:1_mostbet_only
mostbetmorocco.net,1,http_only:1_mostbet_only
mostbetnorway.com,1,http_only:1_mostbet_only
mostbetnp1.com,1,http_only:1_mostbet_only
mostbetonline-cz.ink,1,http_only:1_mostbet_only
mostbetonline-hu.com,1,http_only:1_mostbet_only
mostbetonline.in,1,http_only:1_mostbet_only
mostbetpatnersbd.com,1,http_only:1_mostbet_only
mostbetpk.com,1,http_only:1_mostbet_only
mostbetpk.net.pk,1,http_only:1_mostbet_only
mostbetpk.org,1,http_only:1_mostbet_only
mostbetpol.pl,1,http_only:1_mostbet_only
mostbetportugal.org,1,http_only:1_mostbet_only
mostbetprt.com,1,http_only:1_mostbet_only
mostbets-bangladesh.org,1,http_only:1_mostbet_only
mostbets-casino.pl,1,http_only:1_mostbet_only
mostbets-cz.it.com,1,http_only:1_mostbet_only
mostbets-eg.com,1,http_only:1_mostbet_only
mostbets-hungr.com,1,http_only:1_mostbet_only
mostbets-ind.net,1,http_only:1_mostbet_only
mostbets-kz.kz,1,http_only:1_mostbet_only
mostbets-pakistan.com,1,http_only:1_mostbet_only
mostbets-pk.com,1,http_only:1_mostbet_only
mostbets-poland.pl,1,http_only:1_mostbet_only
mostbets-website.com,1,http_only:1_mostbet_only
mostbets.br.com,1,http_only:1_mostbet_only
mostbets.com.de,1,http_only:1_mostbet_only
mostbets.com.pl,1,http_only:1_mostbet_only
mostbets.net.gr,1,http_only:1_mostbet_only
mostbets.net.pl,1,http_only:1_mostbet_only
mostbets.pro.in,1,http_only:1_mostbet_only
mostbetsazc.com,1,http_only:1_mostbet_only
mostbetsbd.net,1,http_only:1_mostbet_only
mostbetseg.com,1,http_only:1_mostbet_only
mostbetspartners.com,1,http_only:1_mostbet_only
mostbetsrilanka.com,1,http_only:1_mostbet_only
mostbett-app.net,1,http_only:1_mostbet_only
mostbett-bet.com,1,http_only:1_mostbet_only
mostbett-bonus.net,1,http_only:1_mostbet_only
mostbett-pl.pl,1,http_only:1_mostbet_only
mostbett.az,1,http_only:1_mostbet_only
mostbett.com.az,1,http_only:1_mostbet_only
mostbett.com.kz,1,http_only:1_mostbet_only
mostbett.com.pl,1,http_only:1_mostbet_only
mostbett.cz,1,http_only:1_mostbet_only
mostbett2.com.az,1,http_only:1_mostbet_only
mostbett2.pk,1,http_only:1_mostbet_only
mostbettlogin.net,1,http_only:1_mostbet_only
mostbettr.bet,1,http_only:1_mostbet_only
mostbettr1.bet,1,http_only:1_mostbet_only
mostbetukraina.com,1,http_only:1_mostbet_only
mostbetuz-app.com,1,http_only:1_mostbet_only
mostbetwin.win,1,http_only:1_mostbet_only
mostkupon.tr,1,http_only:1_mostbet_only
mosttbett.cz,1,http_only:1_mostbet_only
motsuya-suisei.com,1,http_only:1_mostbet_only
mseel.org,1,http_only:1_mostbet_only
museumteensummit.org,1,http_only:1_mostbet_only
mutaaliqa.com,1,http_only:1_mostbet_only
naatelugukadalu.in,1,http_only:1_mostbet_only
nashuamenus.com,1,http_only:1_mostbet_only
nationfirstnews.in,1,http_only:1_mostbet_only
nd-larenaissance.eu,1,http_only:1_mostbet_only
nextgenenergysolar.in,1,http_only:1_mostbet_only
ngos.org.pk,1,http_only:1_mostbet_only
nikhilinfra.co.in,1,http_only:1_mostbet_only
ninewest-singapore.com,1,http_only:1_mostbet_only
nobleindustries.org,1,http_only:1_mostbet_only
nookieschicago.com,1,http_only:1_mostbet_only
ocni-cocky.cz,1,http_only:1_mostbet_only
olde-buffalo-b-b.com,1,http_only:1_mostbet_only
olympora.space,1,http_only:1_mostbet_only
onlineukbetting.com,1,http_only:1_mostbet_only
opalsiliconvalley.com,1,http_only:1_mostbet_only
opdcltd.in,1,http_only:1_mostbet_only
opinion-nytimes.com,1,http_only:1_mostbet_only
oryx-platform.com,1,http_only:1_mostbet_only
osf.org.pl,1,http_only:1_mostbet_only
oynco.com,1,http_only:1_mostbet_only
paitosydneywarna.org,1,http_only:1_mostbet_only
pakistanrailwayjobs.com,1,http_only:1_mostbet_only
pakistantechgroup.net,1,http_only:1_mostbet_only
paleopaparazzi.com,1,http_only:1_mostbet_only
pandulipi.org,1,http_only:1_mostbet_only
pdemopoulos.com,1,http_only:1_mostbet_only
perfectclean-eg.com,1,http_only:1_mostbet_only
perlysumavy.cz,1,http_only:1_mostbet_only
pggame888.net,1,http_only:1_mostbet_only
phptrainingkolkata.in,1,http_only:1_mostbet_only
pk-mostbet.com,1,http_only:1_mostbet_only
playtierlist.com,1,http_only:1_mostbet_only
podzimchuti.cz,1,http_only:1_mostbet_only
polskamostbet.org,1,http_only:1_mostbet_only
pomiartemperatury.pl,1,http_only:1_mostbet_only
posthof.cz,1,http_only:1_mostbet_only
potatoworld.in,1,http_only:1_mostbet_only
poyrazplastik.com,1,http_only:1_mostbet_only
ppscforum.com.pk,1,http_only:1_mostbet_only
pradelnaverona.cz,1,http_only:1_mostbet_only
prantojyoti.in,1,http_only:1_mostbet_only
premiumbaf.pics,1,http_only:1_mostbet_only
pretorianshop.cz,1,http_only:1_mostbet_only
princetonfire.com,1,http_only:1_mostbet_only
professionaltennisacademy.in,1,http_only:1_mostbet_only
promokody-mostbet.com,1,http_only:1_mostbet_only
proparkin.com,1,http_only:1_mostbet_only
punjabiacademy.org,1,http_only:1_mostbet_only
pustibari.com,1,http_only:1_mostbet_only
pyatnishko.kz,1,http_only:1_mostbet_only
radioxshow.com,1,http_only:1_mostbet_only
raktarinfo.com,1,http_only:1_mostbet_only
rankmygames.com,1,http_only:1_mostbet_only
readbd.com,1,http_only:1_mostbet_only
realmarklloyd.com,1,http_only:1_mostbet_only
rehabjob.hu,1,http_only:1_mostbet_only
reklamajansi.org,1,http_only:1_mostbet_only
resmi-giris-yap.info,1,http_only:1_mostbet_only
restauraceart.cz,1,http_only:1_mostbet_only
result2015.pk,1,http_only:1_mostbet_only
revistagueto.com,1,http_only:1_mostbet_only
rightmantra.com,1,http_only:1_mostbet_only
riyadhservices.net,1,http_only:1_mostbet_only
roartamil.com,1,http_only:1_mostbet_only
robomart.co,1,http_only:1_mostbet_only
rockstarsnotdead.com,1,http_only:1_mostbet_only
rok1938.cz,1,http_only:1_mostbet_only
roshanpakistan.org,1,http_only:1_mostbet_only
rossmount-inverness.com,1,http_only:1_mostbet_only
russian-mostbet.com,1,http_only:1_mostbet_only
sai-engineering.in,1,http_only:1_mostbet_only
salonwega.pl,1,http_only:1_mostbet_only
sanskrutiprakashan.com,1,http_only:1_mostbet_only
santoshram.in,1,http_only:1_mostbet_only
sattakingbid.com,1,http_only:1_mostbet_only
savinghumansusa.org,1,http_only:1_mostbet_only
sbtcsupport.org,1,http_only:1_mostbet_only
school54.in.ua,1,http_only:1_mostbet_only
scorpiohirenepal.com,1,http_only:1_mostbet_only
sdhkudlovice.cz,1,http_only:1_mostbet_only
seattlelandscaperwa.com,1,http_only:1_mostbet_only
sedratalasafeer.com,1,http_only:1_mostbet_only
shaladarpanlogin.org,1,http_only:1_mostbet_only
shraaalsafina.com,1,http_only:1_mostbet_only
sindhueditech.com,1,http_only:1_mostbet_only
sivasguzellikmerkezi.com,1,http_only:1_mostbet_only
sk24packersandmovers.com,1,http_only:1_mostbet_only
skillypakistan.com,1,http_only:1_mostbet_only
skrkingdom.pics,1,http_only:1_mostbet_only
socialt.biz,1,http_only:1_mostbet_only
soganigroup.com,1,http_only:1_mostbet_only
soundresolutionct.com,1,http_only:1_mostbet_only
speciaedl.com,1,http_only:1_mostbet_only
specialistnflooringca.com,1,http_only:1_mostbet_only
spingkgs.com,1,http_only:1_mostbet_only
sports-cz.ru,1,http_only:1_mostbet_only
squash-rennes.com,1,http_only:1_mostbet_only
strakonickonews.cz,1,http_only:1_mostbet_only
strat.cz,1,http_only:1_mostbet_only
stsmedia.pk,1,http_only:1_mostbet_only
swimruntour.cz,1,http_only:1_mostbet_only
tajikistan-mostbet.com,1,http_only:1_mostbet_only
takvimistanbul.com,1,http_only:1_mostbet_only
tanishalong.com,1,http_only:1_mostbet_only
tenodsamochodow.pl,1,http_only:1_mostbet_only
terapia-duszy.pl,1,http_only:1_mostbet_only
theintrovertedchiropractor.com,1,http_only:1_mostbet_only
theoggytimes.com,1,http_only:1_mostbet_only
tj-mostbet.com,1,http_only:1_mostbet_only
tjk-mostbet.com,1,http_only:1_mostbet_only
trabzonprestijotokiralama.com,1,http_only:1_mostbet_only
transitbaku.com,1,http_only:1_mostbet_only
transitionmonaghan.org,1,http_only:1_mostbet_only
truhlarstvijezek.cz,1,http_only:1_mostbet_only
tulsalandscape.com,1,http_only:1_mostbet_only
tunelkitap.com,1,http_only:1_mostbet_only
uclabasketballfacility.com,1,http_only:1_mostbet_only
ukraynacicek.com,1,http_only:1_mostbet_only
ulkeremlak.com,1,http_only:1_mostbet_only
umranangalnews.co.in,1,http_only:1_mostbet_only
updatesofmaharashtra.com,1,http_only:1_mostbet_only
urdukhabrain.com.pk,1,http_only:1_mostbet_only
usibalu.cz,1,http_only:1_mostbet_only
utkukuruyemis.com,1,http_only:1_mostbet_only
uzmanonlineegitim.com,1,http_only:1_mostbet_only
videostopjasper.com,1,http_only:1_mostbet_only
viralfeedbee.com,1,http_only:1_mostbet_only
vivaspamiraroad.in,1,http_only:1_mostbet_only
vivavoluntario.org,1,http_only:1_mostbet_only
webarium.cz,1,http_only:1_mostbet_only
wheelingyoga.com,1,http_only:1_mostbet_only
yazarbilir.com,1,http_only:1_mostbet_only
yeni-giris.art,1,http_only:1_mostbet_only
yenial.net,1,http_only:1_mostbet_only
yurtkitap.com,1,http_only:1_mostbet_only
zerkalo-mostbet-segodnya.com,1,http_only:1_mostbet_only
zip-codes-maps.com,1,http_only:1_mostbet_only
zk-games.com,1,http_only:1_mostbet_only
zkrasnedoliny.cz,1,http_only:1_mostbet_only
zlotypies.org,1,http_only:1_mostbet_only
zurexpharmagra.com,1,http_only:1_mostbet_only
purdythangzboutique.com,1,http_only:2_no_ads
rsn-rb.ru,1,http_only:2_no_ads
1001symboles.net,1,http_only:3_other_only
1mostbet.buzz,1,http_only:3_other_only
1mostbet.cc,1,http_only:3_other_only
1mostbet.edu.pl,1,http_only:3_other_only
3hhareketi.org,1,http_only:3_other_only
455mediagroup.com,1,http_only:3_other_only
613atlantic.com,1,http_only:3_other_only
7kcasino-az.com,1,http_only:3_other_only
7milionow.pl,1,http_only:3_other_only
8-mektep.kz,1,http_only:3_other_only
abbottconstructionug.com,1,http_only:3_other_only
academypoker.ru,1,http_only:3_other_only
achajogobarato.com.br,1,http_only:3_other_only
ad20.net,1,http_only:3_other_only
adkintun.cl,1,http_only:3_other_only
agrupamentoeb23gondomar.com,1,http_only:3_other_only
ahmed-sushi.com,1,http_only:3_other_only
aicloud.com.tr,1,http_only:3_other_only
ajcci.org.au,1,http_only:3_other_only
akademia2012.pl,1,http_only:3_other_only
alamholding.com,1,http_only:3_other_only
alma-med.kz,1,http_only:3_other_only
altbetlink.com,1,http_only:3_other_only
amazingindiablog.in,1,http_only:3_other_only
amp-online-game761.cfd,1,http_only:3_other_only
amp-play-super895.cfd,1,http_only:3_other_only
amp-top-super781.cfd,1,http_only:3_other_only
angolaembassyindia.com,1,http_only:3_other_only
antoshka.kz,1,http_only:3_other_only
appifly.org,1,http_only:3_other_only
aptoideapp.co,1,http_only:3_other_only
arg-mostbet.com,1,http_only:3_other_only
art-kotl.ru,1,http_only:3_other_only
artofcolor.pl,1,http_only:3_other_only
asiavent1.kz,1,http_only:3_other_only
atolyedisplay.com,1,http_only:3_other_only
atozseeds.com,1,http_only:3_other_only
atrium-cafe.com,1,http_only:3_other_only
atutlaser.pl,1,http_only:3_other_only
aviamasters-games.com,1,http_only:3_other_only
aviator-1win-apk.ru,1,http_only:3_other_only
aviator-1win-game.ru,1,http_only:3_other_only
aviator-1win-registration.ru,1,http_only:3_other_only
aviator-game-india-online.ink,1,http_only:3_other_only
aviatorgame-lk.com,1,http_only:3_other_only
aviatorgamecrash.com,1,http_only:3_other_only
aviatormostbet.com,1,http_only:3_other_only
aviatrixcasinos.com,1,http_only:3_other_only
avshalomgur.com,1,http_only:3_other_only
axs-veritix.com,1,http_only:3_other_only
aynrandcentereurope.org,1,http_only:3_other_only
aze-mostbet.org,1,http_only:3_other_only
aze-mostbetgiris.com,1,http_only:3_other_only
azmar.kz,1,http_only:3_other_only
b1tcoincasino.com,1,http_only:3_other_only
babaoglanhukuk.com,1,http_only:3_other_only
bahiskitabi.com,1,http_only:3_other_only
balgera.pl,1,http_only:3_other_only
balloongameplay.com,1,http_only:3_other_only
bbbuae.com,1,http_only:3_other_only
bd-mostbetapp.com,1,http_only:3_other_only
bd-mostbets.com,1,http_only:3_other_only
bejapotentate.com,1,http_only:3_other_only
belzebub2.com,1,http_only:3_other_only
benimfilo.com,1,http_only:3_other_only
berliner-alphornorchester.de,1,http_only:3_other_only
best-online-amp186.cfd,1,http_only:3_other_only
best-top-amp349.cfd,1,http_only:3_other_only
best-top-super205.cfd,1,http_only:3_other_only
bestmove-sa.com,1,http_only:3_other_only
bet-mostbet.com,1,http_only:3_other_only
betmake.net,1,http_only:3_other_only
betmostbet.co,1,http_only:3_other_only
betmostbet.site,1,http_only:3_other_only
betmostbetcas.live,1,http_only:3_other_only
betmostbetcas.online,1,http_only:3_other_only
bezposrednio24.pl,1,http_only:3_other_only
biao.is,1,http_only:3_other_only
biesiadasmaku-bistro.pl,1,http_only:3_other_only
bk-mostbetsite.ru,1,http_only:3_other_only
bk-mostbetsite.top,1,http_only:3_other_only
bonbitco.in,1,http_only:3_other_only
bonusmostbet.ru,1,http_only:3_other_only
bookmaker-ratings.ru,1,http_only:3_other_only
bordersandburpees.co.uk,1,http_only:3_other_only
botkymanie.cz,1,http_only:3_other_only
boxring-eintracht-berlin.com,1,http_only:3_other_only
brasil-mostbet.com,1,http_only:3_other_only
brians-schoolofmotoring.co.uk,1,http_only:3_other_only
brilliantpalaonline.com,1,http_only:3_other_only
brukarstwo-krasnik.pl,1,http_only:3_other_only
budokonhamburg.com,1,http_only:3_other_only
bursluluk.org,1,http_only:3_other_only
ca-mostbet.ca,1,http_only:3_other_only
caladium109.in,1,http_only:3_other_only
canastillasplasticascolombia.com,1,http_only:3_other_only
casino-mostbet-az.net,1,http_only:3_other_only
casino-mostbet-uz.com,1,http_only:3_other_only
casino-mostbet.cc,1,http_only:3_other_only
casino-mostbet.net,1,http_only:3_other_only
casino-mostbet.online,1,http_only:3_other_only
casino-mostbet.win,1,http_only:3_other_only
casino-play-mostbet.com,1,http_only:3_other_only
casinomostbet-fr.com,1,http_only:3_other_only
casinomostbet.cc,1,http_only:3_other_only
casinomostbet.space,1,http_only:3_other_only
casinomostbetkz.com,1,http_only:3_other_only
casinomostbets.com,1,http_only:3_other_only
casinoretreatpoland.com,1,http_only:3_other_only
casinosmostbet.com,1,http_only:3_other_only
casinosmostbet.net,1,http_only:3_other_only
casinosmostbet.org,1,http_only:3_other_only
cassecrepebreton.com,1,http_only:3_other_only
cassinobravo.com.br,1,http_only:3_other_only
cassubia-dictionary.com,1,http_only:3_other_only
castleapk.com.co,1,http_only:3_other_only
cazino-mostbet-game.ru,1,http_only:3_other_only
cbarquitectes.com,1,http_only:3_other_only
ccr2porg-1.cfd,1,http_only:3_other_only
ccr2porg-10.cfd,1,http_only:3_other_only
ccr2porg-2.cfd,1,http_only:3_other_only
ccr2porg-3.cfd,1,http_only:3_other_only
ccr2porg-4.cfd,1,http_only:3_other_only
ccr2porg-5.cfd,1,http_only:3_other_only
ccr2porg-6.cfd,1,http_only:3_other_only
ccr2porg-7.cfd,1,http_only:3_other_only
ccr2porg-8.cfd,1,http_only:3_other_only
ccr2porg-9.cfd,1,http_only:3_other_only
ccr2porg.cfd,1,http_only:3_other_only
ccr2porg.top,1,http_only:3_other_only
ccr2porg10.cfd,1,http_only:3_other_only
ccr2porg11.cfd,1,http_only:3_other_only
ccr2porg12.cfd,1,http_only:3_other_only
ccr2porg13.cfd,1,http_only:3_other_only
ccr2porg14.cfd,1,http_only:3_other_only
ccr2porg15.cfd,1,http_only:3_other_only
ccr2porg16.cfd,1,http_only:3_other_only
ccr2porg17.cfd,1,http_only:3_other_only
ccr2porg18.cfd,1,http_only:3_other_only
centronous.com,1,http_only:3_other_only
centuryhospital.in,1,http_only:3_other_only
cesana.cz,1,http_only:3_other_only
cestazetmy.cz,1,http_only:3_other_only
cezsolarni.cz,1,http_only:3_other_only
cheapcoverage.info,1,http_only:3_other_only
chicken-road-crossing.com,1,http_only:3_other_only
chicken-road-pakistan.pk,1,http_only:3_other_only
chickenroadin.asia,1,http_only:3_other_only
chickenroadin.top,1,http_only:3_other_only
chocozmedia.com,1,http_only:3_other_only
choose-focus.com,1,http_only:3_other_only
chrconfluent.com,1,http_only:3_other_only
chrisruizsound.com,1,http_only:3_other_only
church-fete.ru,1,http_only:3_other_only
city-market.kz,1,http_only:3_other_only
climbingtechnology.cz,1,http_only:3_other_only
cn136.ru,1,http_only:3_other_only
cocchiapsicoterapeutaepsicologa.it,1,http_only:3_other_only
code-promo-mostbet-maroc.com,1,http_only:3_other_only
columbustrisportclub.com,1,http_only:3_other_only
comicsabelalves.com,1,http_only:3_other_only
computerstores.in,1,http_only:3_other_only
confluencia.eu,1,http_only:3_other_only
cosmosparts.com,1,http_only:3_other_only
crcquintadoslombos.pt,1,http_only:3_other_only
create-eu.com,1,http_only:3_other_only
ct-tmrr.org,1,http_only:3_other_only
cubsatplay.com,1,http_only:3_other_only
cuicinfo.org,1,http_only:3_other_only
cx-8.ru,1,http_only:3_other_only
cybersports.online,1,http_only:3_other_only
cz-mostbett.com,1,http_only:3_other_only
dagliajans.com,1,http_only:3_other_only
dahliashealing.com,1,http_only:3_other_only
daimarusapporo.com,1,http_only:3_other_only
daviddagim.co.il,1,http_only:3_other_only
davidwrynncarpentry.com,1,http_only:3_other_only
ddrservice.net,1,http_only:3_other_only
dealpakistan.com,1,http_only:3_other_only
dein-shop.online,1,http_only:3_other_only
demarg.in,1,http_only:3_other_only
detailsquad.pt,1,http_only:3_other_only
devengoechea.com,1,http_only:3_other_only
dieselemissionclaims.co.uk,1,http_only:3_other_only
digiart.me,1,http_only:3_other_only
dimitart.com,1,http_only:3_other_only
directobras.pt,1,http_only:3_other_only
dmagri.in,1,http_only:3_other_only
domweselnyurybaka.pl,1,http_only:3_other_only
donor38.ru,1,http_only:3_other_only
dostoprimechatelnosti-belarusi.ru,1,http_only:3_other_only
downtowndonutfest.com,1,http_only:3_other_only
dreamattire.in,1,http_only:3_other_only
dreamaura.in,1,http_only:3_other_only
drhassanoncologist.pk,1,http_only:3_other_only
drsketchyvancouver.com,1,http_only:3_other_only
drummond.pl,1,http_only:3_other_only
dts-cup.com,1,http_only:3_other_only
duetosdase.com,1,http_only:3_other_only
duiheomuoiespana.vn,1,http_only:3_other_only
dzherelo.house,1,http_only:3_other_only
ecolesainthilaire.com,1,http_only:3_other_only
edbms.pl,1,http_only:3_other_only
edmontonoilers.cz,1,http_only:3_other_only
efasis.com,1,http_only:3_other_only
effectivemuaythai.com,1,http_only:3_other_only
electroday.by,1,http_only:3_other_only
ellom.in,1,http_only:3_other_only
emilyslittlehomestead.com,1,http_only:3_other_only
emountaintv.com,1,http_only:3_other_only
epitransport.com,1,http_only:3_other_only
eptondela.net,1,http_only:3_other_only
erbilstyle.com,1,http_only:3_other_only
errordiary.org,1,http_only:3_other_only
esf-world.com,1,http_only:3_other_only
esotemplar.com,1,http_only:3_other_only
estetiplan.es,1,http_only:3_other_only
euk-sp.pl,1,http_only:3_other_only
farmers-festival.com,1,http_only:3_other_only
farnost-vyskov.cz,1,http_only:3_other_only
fatebrewingcompany.com,1,http_only:3_other_only
fethiyetatilturlari.com,1,http_only:3_other_only
fightmatrix.com,1,http_only:3_other_only
filialsuplica.org,1,http_only:3_other_only
finsedukacja.edu.pl,1,http_only:3_other_only
fiquesabendo.org,1,http_only:3_other_only
fireofegypt.com,1,http_only:3_other_only
flameoffireintercessors.org,1,http_only:3_other_only
flex-fields.com,1,http_only:3_other_only
fogateia.com.br,1,http_only:3_other_only
foodsniffer.eu,1,http_only:3_other_only
footballaction.org.uk,1,http_only:3_other_only
forajournal.com,1,http_only:3_other_only
fordando.vn,1,http_only:3_other_only
forumartesvisuais.pt,1,http_only:3_other_only
fotopola.pl,1,http_only:3_other_only
freddy-miller.eu,1,http_only:3_other_only
game-best-super741.cfd,1,http_only:3_other_only
game-online-play741.cfd,1,http_only:3_other_only
ganwo53.com,1,http_only:3_other_only
geststudent.net,1,http_only:3_other_only
gilbert-invest.ru,1,http_only:3_other_only
glang.kz,1,http_only:3_other_only
gloryart.pl,1,http_only:3_other_only
glosujodpowiedzialnie.pl,1,http_only:3_other_only
gnomemines.com,1,http_only:3_other_only
goktugcompany.com,1,http_only:3_other_only
goldparty-argentina.com,1,http_only:3_other_only
goodappsoftwares.com,1,http_only:3_other_only
griefergamez.net,1,http_only:3_other_only
grillbox.pl,1,http_only:3_other_only
grumetti.pl,1,http_only:3_other_only
gryfdeveloper.pl,1,http_only:3_other_only
grzegorzsowa2020.pl,1,http_only:3_other_only
hannahjohnsonfabrics.com,1,http_only:3_other_only
haval-sib.ru,1,http_only:3_other_only
hazelparkraceway.com,1,http_only:3_other_only
heartandshape.com,1,http_only:3_other_only
hedmet.com.pl,1,http_only:3_other_only
helixmdx.com,1,http_only:3_other_only
herbal-lipetsk.ru,1,http_only:3_other_only
hersenbloeding.eu,1,http_only:3_other_only
highvaluestaffing.com,1,http_only:3_other_only
hlaskhk.cz,1,http_only:3_other_only
hribecek.cz,1,http_only:3_other_only
hungary-mostbet.org,1,http_only:3_other_only
husbandinfo.com,1,http_only:3_other_only
ialpasoc.info,1,http_only:3_other_only
ignitingthepowerwithin.ca,1,http_only:3_other_only
igrushka-service.com.ua,1,http_only:3_other_only
ilistbusiness.com,1,http_only:3_other_only
imperial-cinepix.com.pl,1,http_only:3_other_only
impulsetoday.com,1,http_only:3_other_only
informost.ru,1,http_only:3_other_only
ingenieriateltec.com,1,http_only:3_other_only
inscae.ovh,1,http_only:3_other_only
insurancenewsnepal.com,1,http_only:3_other_only
integratedpowersys.com,1,http_only:3_other_only
iphonepochinka.by,1,http_only:3_other_only
iplbettingapps.net,1,http_only:3_other_only
ipltoday.in,1,http_only:3_other_only
irondogstudios.com,1,http_only:3_other_only
isirc.org,1,http_only:3_other_only
italiaconlacrema.com,1,http_only:3_other_only
jeandominique.org,1,http_only:3_other_only
jistykup.cz,1,http_only:3_other_only
jnasci.org,1,http_only:3_other_only
joannaabboud.com,1,http_only:3_other_only
jobset.cz,1,http_only:3_other_only
jpietruszka.pl,1,http_only:3_other_only
k-bystrsp.ru,1,http_only:3_other_only
kameny-pardubice.cz,1,http_only:3_other_only
kanag.co.in,1,http_only:3_other_only
karboncelik.com,1,http_only:3_other_only
karnivorasteakhouse.com.pk,1,http_only:3_other_only
karpov-courses.kz,1,http_only:3_other_only
kasino128.com,1,http_only:3_other_only
kasinomostbet.cz,1,http_only:3_other_only
katskulture.com,1,http_only:3_other_only
kaylasportfolio.com,1,http_only:3_other_only
kazakhstan-mostbet.com,1,http_only:3_other_only
kennesawpartybus.com,1,http_only:3_other_only
kevinheider.com,1,http_only:3_other_only
kiggroup.kz,1,http_only:3_other_only
kimostoretopup.com,1,http_only:3_other_only
knifedge.net,1,http_only:3_other_only
knittingnuances.com,1,http_only:3_other_only
kodydokasyn.pl,1,http_only:3_other_only
kraspost.ru,1,http_only:3_other_only
kronikarz.org.pl,1,http_only:3_other_only
kukscuisine.com,1,http_only:3_other_only
kultur3.com,1,http_only:3_other_only
kurspresent.ru,1,http_only:3_other_only
kwtjazz.com,1,http_only:3_other_only
kwwkukiz-15.pl,1,http_only:3_other_only
lamvuondedang.com,1,http_only:3_other_only
landroverwjr.com,1,http_only:3_other_only
lapapillote08.com,1,http_only:3_other_only
lbrsc.org,1,http_only:3_other_only
ledarmstrong.ru,1,http_only:3_other_only
legalne-kasyno-polskie.com,1,http_only:3_other_only
lewandowskirobert.com,1,http_only:3_other_only
libertyphotoschool.ru,1,http_only:3_other_only
liceum.nowaruda.pl,1,http_only:3_other_only
lindakvam.net,1,http_only:3_other_only
livecricketcup.com,1,http_only:3_other_only
logaris-serwis.pl,1,http_only:3_other_only
lovebylynzie.com,1,http_only:3_other_only
lovebylynziecom.cfd,1,http_only:3_other_only
lovevashikaranastrology.com,1,http_only:3_other_only
lows-comsurvey.org,1,http_only:3_other_only
luch-kino.by,1,http_only:3_other_only
maga-a-valosag.com,1,http_only:3_other_only
magnoliahoneyphotos.com,1,http_only:3_other_only
mahabodhi.co.za,1,http_only:3_other_only
maindemo.co.uk,1,http_only:3_other_only
makkatrading.com,1,http_only:3_other_only
manardecor.ma,1,http_only:3_other_only
mantasoa.com,1,http_only:3_other_only
marcosmotor.net,1,http_only:3_other_only
mariahelenafoundation.org,1,http_only:3_other_only
maritimt.net,1,http_only:3_other_only
market-56.ru,1,http_only:3_other_only
mashabeautystore.ru,1,http_only:3_other_only
matrixalltrades.com.au,1,http_only:3_other_only
maximilianrittler.com,1,http_only:3_other_only
mayschapelmethodist.org,1,http_only:3_other_only
mazeministry.com,1,http_only:3_other_only
mazestudiosbristol.com,1,http_only:3_other_only
mb-energies.com,1,http_only:3_other_only
mbdou82.ru,1,http_only:3_other_only
med-intern.com,1,http_only:3_other_only
medrepsales.com,1,http_only:3_other_only
megaizdelki.si,1,http_only:3_other_only
mektep1aktau.kz,1,http_only:3_other_only
mektep3-oskemen.kz,1,http_only:3_other_only
melbet-game.com.cm,1,http_only:3_other_only
melbet-qo1.top,1,http_only:3_other_only
menfit.xyz,1,http_only:3_other_only
mentorlystes.com,1,http_only:3_other_only
metrolimorides.com,1,http_only:3_other_only
milestonetherapyinc.com,1,http_only:3_other_only
mmostbet.online,1,http_only:3_other_only
mocca.pk,1,http_only:3_other_only
modernmerrigold.com,1,http_only:3_other_only
momspizzaguilhemery.com,1,http_only:3_other_only
moocahgummiestore.com,1,http_only:3_other_only
mosbet-az.jp.net,1,http_only:3_other_only
mosbet-oficjal-strona.pl,1,http_only:3_other_only
mosstbet.cc,1,http_only:3_other_only
most-bet-casino.pt,1,http_only:3_other_only
most-bet-cz-casino.com,1,http_only:3_other_only
most-bet-mx.com,1,http_only:3_other_only
most-bet.at,1,http_only:3_other_only
most-bet.by,1,http_only:3_other_only
most-bet.it,1,http_only:3_other_only
most-bet.ng,1,http_only:3_other_only
most-bet777.ng,1,http_only:3_other_only
most-bets.ca,1,http_only:3_other_only
most-bets.ro,1,http_only:3_other_only
most-bett.com,1,http_only:3_other_only
most-bonus-casino.com,1,http_only:3_other_only
mosta9bali.org,1,http_only:3_other_only
mostarlife.com,1,http_only:3_other_only
mostbbet.cc,1,http_only:3_other_only
mostbet-1partners.ru,1,http_only:3_other_only
mostbet-1register.ru,1,http_only:3_other_only
mostbet-1stpromocode.ru,1,http_only:3_other_only
mostbet-2024-tr.com,1,http_only:3_other_only
mostbet-2025.cc,1,http_only:3_other_only
mostbet-555.ru,1,http_only:3_other_only
mostbet-all.ru,1,http_only:3_other_only
mostbet-apk-ma.com,1,http_only:3_other_only
mostbet-apk1android.ru,1,http_only:3_other_only
mostbet-applicationapk.ru,1,http_only:3_other_only
mostbet-avtomaty777.ru,1,http_only:3_other_only
mostbet-az-bet.com,1,http_only:3_other_only
mostbet-az-casino.eu.com,1,http_only:3_other_only
mostbet-az-giris.club,1,http_only:3_other_only
mostbet-az-online.net,1,http_only:3_other_only
mostbet-az-online.org,1,http_only:3_other_only
mostbet-az-platforma.top,1,http_only:3_other_only
mostbet-az.app,1,http_only:3_other_only
mostbet-az.wiki,1,http_only:3_other_only
mostbet-az.ws,1,http_only:3_other_only
mostbet-azcasino.net,1,http_only:3_other_only
mostbet-azerbaijan.org,1,http_only:3_other_only
mostbet-azerbaycan-casino.org,1,http_only:3_other_only
mostbet-azerbaycan-giris.org,1,http_only:3_other_only
mostbet-azerbaycan.ru,1,http_only:3_other_only
mostbet-azerbayjan.ru,1,http_only:3_other_only
mostbet-azs.com,1,http_only:3_other_only
mostbet-bel.com,1,http_only:3_other_only
mostbet-bet.de,1,http_only:3_other_only
mostbet-betting.cc,1,http_only:3_other_only
mostbet-betting.lol,1,http_only:3_other_only
mostbet-bksite.ru,1,http_only:3_other_only
mostbet-bonus.net.pl,1,http_only:3_other_only
mostbet-bonus1.ru,1,http_only:3_other_only
mostbet-bonusi1.ru,1,http_only:3_other_only
mostbet-bookmaker.ru,1,http_only:3_other_only
mostbet-bookmakers.ru,1,http_only:3_other_only
mostbet-bukmekers.ru,1,http_only:3_other_only
mostbet-casino--pl.pl,1,http_only:3_other_only
mostbet-casino-2025.pl,1,http_only:3_other_only
mostbet-casino-app.ru,1,http_only:3_other_only
mostbet-casino-bbj1.ru,1,http_only:3_other_only
mostbet-casino-bonus.com.de,1,http_only:3_other_only
mostbet-casino-com.kz,1,http_only:3_other_only
mostbet-casino-czechia.cz,1,http_only:3_other_only
mostbet-casino-de.com,1,http_only:3_other_only
mostbet-casino-es.top,1,http_only:3_other_only
mostbet-casino-game.pl,1,http_only:3_other_only
mostbet-casino-ghw1.ru,1,http_only:3_other_only
mostbet-casino-giris.com,1,http_only:3_other_only
mostbet-casino-go.click,1,http_only:3_other_only
mostbet-casino-in.com,1,http_only:3_other_only
mostbet-casino-jbjb.ru,1,http_only:3_other_only
mostbet-casino-kz.ru,1,http_only:3_other_only
mostbet-casino-lkg1.online,1,http_only:3_other_only
mostbet-casino-ma.com,1,http_only:3_other_only
mostbet-casino-no.com,1,http_only:3_other_only
mostbet-casino-norway.com,1,http_only:3_other_only
mostbet-casino-nz.com,1,http_only:3_other_only
mostbet-casino-ofb.fun,1,http_only:3_other_only
mostbet-casino-online.pt,1,http_only:3_other_only
mostbet-casino-pt.bet,1,http_only:3_other_only
mostbet-casino-pt.org,1,http_only:3_other_only
mostbet-casino-rgs1.ru,1,http_only:3_other_only
mostbet-casino-ro.ro,1,http_only:3_other_only
mostbet-casino-romania.ro,1,http_only:3_other_only
mostbet-casino-ru.cc,1,http_only:3_other_only
mostbet-casino-uk.com,1,http_only:3_other_only
mostbet-casino-win.pl,1,http_only:3_other_only
mostbet-casino-yeh.buzz,1,http_only:3_other_only
mostbet-casino.biz.pl,1,http_only:3_other_only
mostbet-casino.com.co,1,http_only:3_other_only
mostbet-casino.fr,1,http_only:3_other_only
mostbet-casino.info.pl,1,http_only:3_other_only
mostbet-casino.net,1,http_only:3_other_only
mostbet-casino1.com,1,http_only:3_other_only
mostbet-casino3.com,1,http_only:3_other_only
mostbet-casino55.com,1,http_only:3_other_only
mostbet-casino7.com,1,http_only:3_other_only
mostbet-casino777.com,1,http_only:3_other_only
mostbet-casinohu.org,1,http_only:3_other_only
mostbet-casinos.com,1,http_only:3_other_only
mostbet-cazic.top,1,http_only:3_other_only
mostbet-ceska.com,1,http_only:3_other_only
mostbet-chile.org,1,http_only:3_other_only
mostbet-de.org,1,http_only:3_other_only
mostbet-door.com,1,http_only:3_other_only
mostbet-download-free.ru,1,http_only:3_other_only
mostbet-egypt7.com,1,http_only:3_other_only
mostbet-en-argentina.com,1,http_only:3_other_only
mostbet-france.com,1,http_only:3_other_only
mostbet-france.org,1,http_only:3_other_only
mostbet-gambling.net,1,http_only:3_other_only
mostbet-gaming.com,1,http_only:3_other_only
mostbet-germany.org,1,http_only:3_other_only
mostbet-go.ru,1,http_only:3_other_only
mostbet-go777.ru,1,http_only:3_other_only
mostbet-happy.com,1,http_only:3_other_only
mostbet-helpsite.ru,1,http_only:3_other_only
mostbet-https.ru,1,http_only:3_other_only
mostbet-hu.it.com,1,http_only:3_other_only
mostbet-hungary.app,1,http_only:3_other_only
mostbet-in.org,1,http_only:3_other_only
mostbet-in.site,1,http_only:3_other_only
mostbet-india.ink,1,http_only:3_other_only
mostbet-india7.com,1,http_only:3_other_only
mostbet-jackpot.com,1,http_only:3_other_only
mostbet-kasyno-gra.pl,1,http_only:3_other_only
mostbet-kasyno-promocja.pl,1,http_only:3_other_only
mostbet-kasyno-strona-pl.com,1,http_only:3_other_only
mostbet-kasyno.com,1,http_only:3_other_only
mostbet-kazakstan.com,1,http_only:3_other_only
mostbet-kazino-fun.ru,1,http_only:3_other_only
mostbet-kazyno.cfd,1,http_only:3_other_only
mostbet-login-az.com,1,http_only:3_other_only
mostbet-naandroid.ru,1,http_only:3_other_only
mostbet-nederland.com,1,http_only:3_other_only
mostbet-no.eu.com,1,http_only:3_other_only
mostbet-nz.com,1,http_only:3_other_only
mostbet-official-az.net,1,http_only:3_other_only
mostbet-official-site.fun,1,http_only:3_other_only
mostbet-officla1.ru,1,http_only:3_other_only
mostbet-oficialni.ru,1,http_only:3_other_only
mostbet-on1inesite.ru,1,http_only:3_other_only
mostbet-online-bangla.com,1,http_only:3_other_only
mostbet-online-casino-ru.com,1,http_only:3_other_only
mostbet-online-casino.org,1,http_only:3_other_only
mostbet-online-pt.casino,1,http_only:3_other_only
mostbet-online.app,1,http_only:3_other_only
mostbet-online.pt,1,http_only:3_other_only
mostbet-onlinebet.com,1,http_only:3_other_only
mostbet-onlineru.ru,1,http_only:3_other_only
mostbet-oyna.org,1,http_only:3_other_only
mostbet-ozbekiston.ru,1,http_only:3_other_only
mostbet-partner1.ru,1,http_only:3_other_only
mostbet-pl-online.fun,1,http_only:3_other_only
mostbet-poland.live,1,http_only:3_other_only
mostbet-polska.org,1,http_only:3_other_only
mostbet-portu.app,1,http_only:3_other_only
mostbet-portu.pt,1,http_only:3_other_only
mostbet-portu.site,1,http_only:3_other_only
mostbet-preimushestva-obzor.ru,1,http_only:3_other_only
mostbet-prilozhenietop.ru,1,http_only:3_other_only
mostbet-pro.com,1,http_only:3_other_only
mostbet-promo.it,1,http_only:3_other_only
mostbet-promo.nl,1,http_only:3_other_only
mostbet-promocodes.ru,1,http_only:3_other_only
mostbet-pt.com.pt,1,http_only:3_other_only
mostbet-rabochee-zerkalo-na-segodnya.ru,1,http_only:3_other_only
mostbet-reg1.ru,1,http_only:3_other_only
mostbet-reg1straciya.ru,1,http_only:3_other_only
mostbet-registraciya.ru,1,http_only:3_other_only
mostbet-ro.ro,1,http_only:3_other_only
mostbet-rus-casino.top,1,http_only:3_other_only
mostbet-russia.com,1,http_only:3_other_only
mostbet-russia.net,1,http_only:3_other_only
mostbet-russian.ru,1,http_only:3_other_only
mostbet-schweiz.org,1,http_only:3_other_only
mostbet-siteofficiall.ru,1,http_only:3_other_only
mostbet-sitewww.ru,1,http_only:3_other_only
mostbet-sports1.ru,1,http_only:3_other_only
mostbet-stavk1.ru,1,http_only:3_other_only
mostbet-story.com,1,http_only:3_other_only
mostbet-top555.ru,1,http_only:3_other_only
mostbet-topbonus.ru,1,http_only:3_other_only
mostbet-turkiye-giris.org,1,http_only:3_other_only
mostbet-ua.net,1,http_only:3_other_only
mostbet-ua.org,1,http_only:3_other_only
mostbet-ukraines.com,1,http_only:3_other_only
mostbet-vip-01.online,1,http_only:3_other_only
mostbet-vip.cc,1,http_only:3_other_only
mostbet-vip.win,1,http_only:3_other_only
mostbet-vipapp.com,1,http_only:3_other_only
mostbet-win.cc,1,http_only:3_other_only
mostbet-win.com.pk,1,http_only:3_other_only
mostbet-win.pk,1,http_only:3_other_only
mostbet-wwwmostbet.ru,1,http_only:3_other_only
mostbet-wwwonline.ru,1,http_only:3_other_only
mostbet-z2n.buzz,1,http_only:3_other_only
mostbet-zerka1o.ru,1,http_only:3_other_only
mostbet-zerkal.ru,1,http_only:3_other_only
mostbet-zerkalo-na-segodnya-sejchas.ru,1,http_only:3_other_only
mostbet-zerkalorabochee.ru,1,http_only:3_other_only
mostbet.ae,1,http_only:3_other_only
mostbet.bid,1,http_only:3_other_only
mostbet.fyi,1,http_only:3_other_only
mostbet.kherson.ua,1,http_only:3_other_only
mostbet.net.br,1,http_only:3_other_only
mostbet.nu,1,http_only:3_other_only
mostbet.pw,1,http_only:3_other_only
mostbet01.cc,1,http_only:3_other_only
mostbet01.online,1,http_only:3_other_only
mostbet1.live,1,http_only:3_other_only
mostbet1.net.pl,1,http_only:3_other_only
mostbet1.site,1,http_only:3_other_only
mostbet1026.cc,1,http_only:3_other_only
mostbet2309.online,1,http_only:3_other_only
mostbet32.net,1,http_only:3_other_only
mostbet3370.top,1,http_only:3_other_only
mostbet38.com,1,http_only:3_other_only
mostbet39.com,1,http_only:3_other_only
mostbet7.org,1,http_only:3_other_only
mostbet81.online,1,http_only:3_other_only
mostbetapk.best,1,http_only:3_other_only
mostbetapp-uz.com,1,http_only:3_other_only
mostbetapp.best,1,http_only:3_other_only
mostbetavtomaty.ru,1,http_only:3_other_only
mostbetaz-casinoaz.org,1,http_only:3_other_only
mostbetazerbaijanpro.com,1,http_only:3_other_only
mostbetazerbaycan.it.com,1,http_only:3_other_only
mostbetazkazino.club,1,http_only:3_other_only
mostbetbet.de,1,http_only:3_other_only
mostbetbet.net,1,http_only:3_other_only
mostbetbrasil.lat,1,http_only:3_other_only
mostbetcasifreespins.click,1,http_only:3_other_only
mostbetcasin.com,1,http_only:3_other_only
mostbetcasin.lol,1,http_only:3_other_only
mostbetcasino-az.net,1,http_only:3_other_only
mostbetcasino-bangladesh.com,1,http_only:3_other_only
mostbetcasino-bonus-pl.click,1,http_only:3_other_only
mostbetcasino-ca.com,1,http_only:3_other_only
mostbetcasino-czech.cz,1,http_only:3_other_only
mostbetcasino-de.top,1,http_only:3_other_only
mostbetcasino-de.website,1,http_only:3_other_only
mostbetcasino-deutsch.de,1,http_only:3_other_only
mostbetcasino-es.click,1,http_only:3_other_only
mostbetcasino-es.top,1,http_only:3_other_only
mostbetcasino-es.website,1,http_only:3_other_only
mostbetcasino-hungary.net,1,http_only:3_other_only
mostbetcasino-in.com,1,http_only:3_other_only
mostbetcasino-ng.com,1,http_only:3_other_only
mostbetcasino-pl.net.pl,1,http_only:3_other_only
mostbetcasino-pl.org.pl,1,http_only:3_other_only
mostbetcasino-poland.pl,1,http_only:3_other_only
mostbetcasino-portu.com,1,http_only:3_other_only
mostbetcasino-portugal.app,1,http_only:3_other_only
mostbetcasino-pt.bet,1,http_only:3_other_only
mostbetcasino.app,1,http_only:3_other_only
mostbetcasino.biz,1,http_only:3_other_only
mostbetcasino.cl,1,http_only:3_other_only
mostbetcasino.live,1,http_only:3_other_only
mostbetcasino.lol,1,http_only:3_other_only
mostbetcasino.site,1,http_only:3_other_only
mostbetcasino.us,1,http_only:3_other_only
mostbetcasino00.pl,1,http_only:3_other_only
mostbetcasino406.buzz,1,http_only:3_other_only
mostbetcasino534.buzz,1,http_only:3_other_only
mostbetcasino777x.ru,1,http_only:3_other_only
mostbetcasino811.team,1,http_only:3_other_only
mostbetcasino821.buzz,1,http_only:3_other_only
mostbetcasinobonus.pl,1,http_only:3_other_only
mostbetcasinobonus.top,1,http_only:3_other_only
mostbetcasinobr.com,1,http_only:3_other_only
mostbetcasinodaet.ru,1,http_only:3_other_only
mostbetcasinode.com,1,http_only:3_other_only
mostbetcasinogo.ru,1,http_only:3_other_only
mostbetcasinologin.cz,1,http_only:3_other_only
mostbetcasinologin.pl,1,http_only:3_other_only
mostbetcasinomx.com,1,http_only:3_other_only
mostbetcasinonederland.top,1,http_only:3_other_only
mostbetcasinonl.com,1,http_only:3_other_only
mostbetcasinonorway.shop,1,http_only:3_other_only
mostbetcasinoofficial.ru,1,http_only:3_other_only
mostbetcasinopl.net,1,http_only:3_other_only
mostbetcasinopl.online,1,http_only:3_other_only
mostbetcasinoportugal.com,1,http_only:3_other_only
mostbetcasinoscz.com,1,http_only:3_other_only
mostbetcasinotr.com,1,http_only:3_other_only
mostbetcasinowin888.ru,1,http_only:3_other_only
mostbetcassino.pl,1,http_only:3_other_only
mostbetcl.com,1,http_only:3_other_only
mostbetcolombia.co,1,http_only:3_other_only
mostbetcom.org,1,http_only:3_other_only
mostbetde.com.de,1,http_only:3_other_only
mostbetegir.com,1,http_only:3_other_only
mostbetgame-cazinos.ru,1,http_only:3_other_only
mostbetgame.app,1,http_only:3_other_only
mostbetgames.net,1,http_only:3_other_only
mostbetgiris.ink,1,http_only:3_other_only
mostbetgo.ru,1,http_only:3_other_only
mostbethungary.online,1,http_only:3_other_only
mostbetitaly.com,1,http_only:3_other_only
mostbetkasino.cz,1,http_only:3_other_only
mostbetkasino.win,1,http_only:3_other_only
mostbetkasynopolska.pl,1,http_only:3_other_only
mostbetkaszino.net,1,http_only:3_other_only
mostbetkazin.top,1,http_only:3_other_only
mostbetlivecasino.com,1,http_only:3_other_only
mostbetlivecrazytime.com,1,http_only:3_other_only
mostbetmaroc-ma.com,1,http_only:3_other_only
mostbetnederland.nl,1,http_only:3_other_only
mostbetnigeria.ng,1,http_only:3_other_only
mostbetnl.com,1,http_only:3_other_only
mostbetonline.ro,1,http_only:3_other_only
mostbetonlinecasino.ru,1,http_only:3_other_only
mostbetpakistan.pro,1,http_only:3_other_only
mostbetpartners.ru,1,http_only:3_other_only
mostbetpk.bet,1,http_only:3_other_only
mostbetpk.club,1,http_only:3_other_only
mostbetplaywin7-95.ru,1,http_only:3_other_only
mostbetpolskacasino.com,1,http_only:3_other_only
mostbetportugal.com,1,http_only:3_other_only
mostbetportugal.site,1,http_only:3_other_only
mostbetportuguese.com,1,http_only:3_other_only
mostbetru.org,1,http_only:3_other_only
mostbets-az.net,1,http_only:3_other_only
mostbets-bk1.ru,1,http_only:3_other_only
mostbets-casino-pl.it.com,1,http_only:3_other_only
mostbets-casino.ro,1,http_only:3_other_only
mostbets-cz.com,1,http_only:3_other_only
mostbets-czech.org,1,http_only:3_other_only
mostbets-portugal.com,1,http_only:3_other_only
mostbets.at,1,http_only:3_other_only
mostbets.fr,1,http_only:3_other_only
mostbets.ro,1,http_only:3_other_only
mostbetscasino-cz.com,1,http_only:3_other_only
mostbetscasino.com.pt,1,http_only:3_other_only
mostbetscasino.ro,1,http_only:3_other_only
mostbetsites.com,1,http_only:3_other_only
mostbetslots.com.de,1,http_only:3_other_only
mostbetspin.ru,1,http_only:3_other_only
mostbett-cz.cz,1,http_only:3_other_only
mostbett.co.in,1,http_only:3_other_only
mostbett.com.in,1,http_only:3_other_only
mostbett.pe,1,http_only:3_other_only
mostbett.ro,1,http_only:3_other_only
mostbettcasino.top,1,http_only:3_other_only
mostbetting.live,1,http_only:3_other_only
mostbetting.org,1,http_only:3_other_only
mostbetting.pl,1,http_only:3_other_only
mostbettr-slots.store,1,http_only:3_other_only
mostbetultimate.ru,1,http_only:3_other_only
mostbetuztop.com,1,http_only:3_other_only
mostbetyukle.com,1,http_only:3_other_only
mostbetz.pt,1,http_only:3_other_only
mostbetzerkalorab.ru,1,http_only:3_other_only
mostfunpillows.com,1,http_only:3_other_only
mosttbet.cc,1,http_only:3_other_only
mosttbet.net,1,http_only:3_other_only
mosttbet.online,1,http_only:3_other_only
mpestate.cz,1,http_only:3_other_only
mpshikshaportal.in,1,http_only:3_other_only
mpstore.in,1,http_only:3_other_only
mrspolka-dot.com,1,http_only:3_other_only
mshs.cz,1,http_only:3_other_only
museodeburgos.com,1,http_only:3_other_only
musiclightmagic.com,1,http_only:3_other_only
myideaofyou.com,1,http_only:3_other_only
nailsprof.ru,1,http_only:3_other_only
napitkitop.ru,1,http_only:3_other_only
nareshortho.com,1,http_only:3_other_only
nature-prod.ru,1,http_only:3_other_only
netdaycompass.org,1,http_only:3_other_only
newsart.net,1,http_only:3_other_only
nhair.in,1,http_only:3_other_only
nicolasroy.pro,1,http_only:3_other_only
ninjamandinews.com,1,http_only:3_other_only
ninjaplaybook.com,1,http_only:3_other_only
nkservice.kz,1,http_only:3_other_only
nl-mostbet.com,1,http_only:3_other_only
nmkmaha.co.in,1,http_only:3_other_only
noripaec.pk,1,http_only:3_other_only
noticiasdocavado.pt,1,http_only:3_other_only
nowekasynaonline.net,1,http_only:3_other_only
npo-kzo.kz,1,http_only:3_other_only
nyotarelief.org,1,http_only:3_other_only
oasiseth.org,1,http_only:3_other_only
obserwatorzy.org,1,http_only:3_other_only
odin-valhallarising.com,1,http_only:3_other_only
offthetable.org.au,1,http_only:3_other_only
old-nios-ac.in,1,http_only:3_other_only
oloziolo.pl,1,http_only:3_other_only
ongbabo.com,1,http_only:3_other_only
online-amp-best129.cfd,1,http_only:3_other_only
online-super-amp503.cfd,1,http_only:3_other_only
onlinebettinghelper.com,1,http_only:3_other_only
onlinemostbet.online,1,http_only:3_other_only
opprcnola.org,1,http_only:3_other_only
opryskiwanie.com.pl,1,http_only:3_other_only
orgavalue.com,1,http_only:3_other_only
outboxxsales.com,1,http_only:3_other_only
owpd.eu,1,http_only:3_other_only
ozogpytlak.pl,1,http_only:3_other_only
pandalajka.pl,1,http_only:3_other_only
parksmed.co.zw,1,http_only:3_other_only
pasare.pl,1,http_only:3_other_only
paseodelahabana147.com,1,http_only:3_other_only
paterfamilia.ru,1,http_only:3_other_only
pauljonescoaching.com,1,http_only:3_other_only
pawabetfixed.com,1,http_only:3_other_only
pedereide.com,1,http_only:3_other_only
perfectelearning.com,1,http_only:3_other_only
pessoaseprocessos.com,1,http_only:3_other_only
pingvi-pizza.ru,1,http_only:3_other_only
pioneerindia.co,1,http_only:3_other_only
plaaonline.org,1,http_only:3_other_only
plinkoappechtgeld.com,1,http_only:3_other_only
plinkogame-pakistan.net,1,http_only:3_other_only
plm-engineering.ru,1,http_only:3_other_only
plumberinbelmont247.com,1,http_only:3_other_only
plumberinhalfmoonbay247.com,1,http_only:3_other_only
plumberinrosemont247.com,1,http_only:3_other_only
plumberinsananselmo247.com,1,http_only:3_other_only
plumbermountainview247.com,1,http_only:3_other_only
plumberrichmond247.com,1,http_only:3_other_only
podokregzabrze.org,1,http_only:3_other_only
pogodagid.ru,1,http_only:3_other_only
poj-expert.ru,1,http_only:3_other_only
poland-kasyno.com,1,http_only:3_other_only
polskakasyno.net,1,http_only:3_other_only
polskiprocescywilny.pl,1,http_only:3_other_only
postmedieval-forum.com,1,http_only:3_other_only
prakashbalbhartipublicschool.in,1,http_only:3_other_only
prime-bank.kiev.ua,1,http_only:3_other_only
profiles.pk,1,http_only:3_other_only
protexvn.com,1,http_only:3_other_only
pt-mostbetcasino.app,1,http_only:3_other_only
quandlesrusses.com,1,http_only:3_other_only
rainhadapaz.pt,1,http_only:3_other_only
razormaid.com,1,http_only:3_other_only
readalliance.in,1,http_only:3_other_only
reflexmedia.cz,1,http_only:3_other_only
registration-mostbet.ru,1,http_only:3_other_only
registrations-mostbet.ru,1,http_only:3_other_only
remotedesktopwindows10.com,1,http_only:3_other_only
restaurant-riviera.com,1,http_only:3_other_only
restaurante14pras9.pt,1,http_only:3_other_only
reviewsportsbetting.com,1,http_only:3_other_only
reydonimpex.com,1,http_only:3_other_only
rezkametala.ru,1,http_only:3_other_only
rezydencjabarska.pl,1,http_only:3_other_only
riga-crimea.ru,1,http_only:3_other_only
rimorchirandazzo.com,1,http_only:3_other_only
rimyanmar.org,1,http_only:3_other_only
robertoromo.net,1,http_only:3_other_only
ronaldkelly.com,1,http_only:3_other_only
rusichdom.ru,1,http_only:3_other_only
saazsol.com,1,http_only:3_other_only
samadgroup.kz,1,http_only:3_other_only
sapin-noel-naturel.fr,1,http_only:3_other_only
sar-edu.ru,1,http_only:3_other_only
sba.com.pl,1,http_only:3_other_only
sblinfra.com,1,http_only:3_other_only
school34ufa.ru,1,http_only:3_other_only
school4orsk.ru,1,http_only:3_other_only
scientology-forum.ru,1,http_only:3_other_only
seagrassli.org,1,http_only:3_other_only
seattleseahawksjerseyspop.com,1,http_only:3_other_only
serenitysalonspasuites.com,1,http_only:3_other_only
shanmospa.com,1,http_only:3_other_only
shielddefencecollege.org,1,http_only:3_other_only
shiptech.com.br,1,http_only:3_other_only
shopedify.co,1,http_only:3_other_only
shreeganeshent.co.in,1,http_only:3_other_only
silos.pt,1,http_only:3_other_only
simpatiasdobrasil.com.br,1,http_only:3_other_only
skoupa-notar.cz,1,http_only:3_other_only
smmitzone.com,1,http_only:3_other_only
soakllc.com,1,http_only:3_other_only
somarfertilizantes.com.br,1,http_only:3_other_only
somostuantidoto.com,1,http_only:3_other_only
soniaramostransfersetours.com,1,http_only:3_other_only
soudkydubove.cz,1,http_only:3_other_only
soulflyweb.com,1,http_only:3_other_only
sparkhillfreight.co.uk,1,http_only:3_other_only
spectrumperforming.com,1,http_only:3_other_only
spgpreuniao.com,1,http_only:3_other_only
spotlightscene.com.au,1,http_only:3_other_only
ssrecicladora.com.br,1,http_only:3_other_only
staron.is,1,http_only:3_other_only
steam-roadmap.kz,1,http_only:3_other_only
steamroadmapkz.cfd,1,http_only:3_other_only
subjectsplus.com,1,http_only:3_other_only
sulunur.kz,1,http_only:3_other_only
super-top-win264.cfd,1,http_only:3_other_only
sweetjuice.es,1,http_only:3_other_only
talahaljoodbh.com,1,http_only:3_other_only
tappy-bird-korea.com,1,http_only:3_other_only
tappy-bird-kr.com,1,http_only:3_other_only
tappy-bird.co.kr,1,http_only:3_other_only
tappy-bird.kr,1,http_only:3_other_only
tappybird-korea.com,1,http_only:3_other_only
tappybird-kr.com,1,http_only:3_other_only
tappybird-southkorea.com,1,http_only:3_other_only
tappybird.co.kr,1,http_only:3_other_only
tappybird.kr,1,http_only:3_other_only
tefinanse.pl,1,http_only:3_other_only
telecominfo.pk,1,http_only:3_other_only
teleparty.pro,1,http_only:3_other_only
tenacreslodge.com,1,http_only:3_other_only
thearkinsurance.com,1,http_only:3_other_only
thebrownishco.com,1,http_only:3_other_only
thefowlergroup.com,1,http_only:3_other_only
thegoldfishtank.com,1,http_only:3_other_only
thegreatpumpkinhaul.com,1,http_only:3_other_only
thuoclaovietha.com,1,http_only:3_other_only
todoslosgatossonpardos.com,1,http_only:3_other_only
togovn.com,1,http_only:3_other_only
tom.com.tr,1,http_only:3_other_only
tomprochazka.cz,1,http_only:3_other_only
tonytalkstech.com,1,http_only:3_other_only
toontown.org,1,http_only:3_other_only
top-game-best761.cfd,1,http_only:3_other_only
top-super-best319.cfd,1,http_only:3_other_only
total-environment-projects.co,1,http_only:3_other_only
toursintheharbor.com,1,http_only:3_other_only
traduction-dijon.com,1,http_only:3_other_only
traitimvangclinic.com,1,http_only:3_other_only
trombarija.com,1,http_only:3_other_only
tvoymostbet.cc,1,http_only:3_other_only
tydenaterosklerozy.cz,1,http_only:3_other_only
ufalove.org,1,http_only:3_other_only
ufprazinscorvite.pt,1,http_only:3_other_only
umbracr.com,1,http_only:3_other_only
underconstructionfestival.org,1,http_only:3_other_only
unicity-living.cz,1,http_only:3_other_only
unitedmedicaltransportstx.com,1,http_only:3_other_only
usfsjuliao.pt,1,http_only:3_other_only
uz-mostbet.bet,1,http_only:3_other_only
uz-mostbetkirish.com,1,http_only:3_other_only
uz-mostbets.com,1,http_only:3_other_only
uzbekny.com,1,http_only:3_other_only
vanishing-ice.org,1,http_only:3_other_only
vascafe.com.pl,1,http_only:3_other_only
vidicom.com.ar,1,http_only:3_other_only
voicesfestival.click,1,http_only:3_other_only
vormac-edler.kz,1,http_only:3_other_only
votruba.in,1,http_only:3_other_only
vseprintera.ru,1,http_only:3_other_only
vsetkani.info,1,http_only:3_other_only
wcftutorial.net,1,http_only:3_other_only
webdf.in,1,http_only:3_other_only
webmayak.pro,1,http_only:3_other_only
win-mostbet.cc,1,http_only:3_other_only
win-mostbet.com,1,http_only:3_other_only
win-mostbet.online,1,http_only:3_other_only
witchyaromas.pl,1,http_only:3_other_only
words2emoji.com,1,http_only:3_other_only
www-mostbet.co,1,http_only:3_other_only
xbetapp.ru,1,http_only:3_other_only
xn--80agenarp8ab5a.kz,1,http_only:3_other_only
xn--90aitipgc.net,1,http_only:3_other_only
yeehawindustries.com,1,http_only:3_other_only
yellowbulten.com,1,http_only:3_other_only
zgm.mn,1,http_only:3_other_only
zhasproject-karaganda-kostanai.kz,1,http_only:3_other_only
zielonakuchnia.eu,1,http_only:3_other_only
zvonyprosumavu.cz,1,http_only:3_other_only
apexneuro.in,1,http_only:4_mixed
apk-games.net,1,http_only:4_mixed
athletictraininghistory.com,1,http_only:4_mixed
betlogins.com,1,http_only:4_mixed
bitxoe.com,1,http_only:4_mixed
blue-whale-academy.com,1,http_only:4_mixed
clinicaadler.com.br,1,http_only:4_mixed
colldense.eu,1,http_only:4_mixed
coraleservices.in,1,http_only:4_mixed
daleil.online,1,http_only:4_mixed
dracelinaponte.com.br,1,http_only:4_mixed
forumperlamemoria.org,1,http_only:4_mixed
friday-nightfunkin.com,1,http_only:4_mixed
fruitninjaaposta.com,1,http_only:4_mixed
gambling-tutorial.com,1,http_only:4_mixed
garagedoorspringsandopenerrepair.com,1,http_only:4_mixed
goteach.ro,1,http_only:4_mixed
govinfobd.com,1,http_only:4_mixed
guardiao-ao.com,1,http_only:4_mixed
icwacatch.com,1,http_only:4_mixed
izradalogotipa.com,1,http_only:4_mixed
kofkever.com,1,http_only:4_mixed
lifehealthyouth.com,1,http_only:4_mixed
melhor-cassino.com,1,http_only:4_mixed
mostbet-casinos.de,1,http_only:4_mixed
mostbet-today.com,1,http_only:4_mixed
mostbet-uz-com.com,1,http_only:4_mixed
mostbet.de.com,1,http_only:4_mixed
mostbet.ing,1,http_only:4_mixed
mostbet0926.cc,1,http_only:4_mixed
mostbetdeutschland.de,1,http_only:4_mixed
mostbetind.net,1,http_only:4_mixed
mostbett.de,1,http_only:4_mixed
mostbetuzuzb.com,1,http_only:4_mixed
mymostbetapp.com,1,http_only:4_mixed
noixbakehouse.com,1,http_only:4_mixed
nukkadwala.co.in,1,http_only:4_mixed
plinkoapostas.com,1,http_only:4_mixed
powertechenergy.com.br,1,http_only:4_mixed
protilespecialists.com,1,http_only:4_mixed
radarmissionario.org,1,http_only:4_mixed
ramblers.pl,1,http_only:4_mixed
seimosklinika.lt,1,http_only:4_mixed
sentieroplanetario.eu,1,http_only:4_mixed
servipharm.ma,1,http_only:4_mixed
sparegutscheine.de,1,http_only:4_mixed
tacosncheez.fr,1,http_only:4_mixed
themarketinggenies.com,1,http_only:4_mixed
tiendaalbatros.com,1,http_only:4_mixed
unitedetpl.com,1,http_only:4_mixed
vecteurenergie.fr,1,http_only:4_mixed
veteransincrisis.co.uk,1,http_only:4_mixed
virtualgoodsfair.com,1,http_only:4_mixed
100milesofbeskidwyspowy.com,1,http_only:7_unresolved
11bikefest.pl,1,http_only:7_unresolved
1mostbet-casino.com,1,http_only:7_unresolved
1mostbet.net,1,http_only:7_unresolved
1win-jet.online,1,http_only:7_unresolved
2025mostbet.com,1,http_only:7_unresolved
24karat-20744.com,1,http_only:7_unresolved
24saat.org,1,http_only:7_unresolved
32utajovanychstran.cz,1,http_only:7_unresolved
48spor.com,1,http_only:7_unresolved
75yil.com,1,http_only:7_unresolved
890555b.com,1,http_only:7_unresolved
92gloryd.com,1,http_only:7_unresolved
aaagca.com,1,http_only:7_unresolved
aboplaner.de,1,http_only:7_unresolved
abtaknews.com,1,http_only:7_unresolved
acacentrum.cz,1,http_only:7_unresolved
academiadaneurociencia.com.br,1,http_only:7_unresolved
acredite.co,1,http_only:7_unresolved
adboka.com.pl,1,http_only:7_unresolved
admmedvegensk.ru,1,http_only:7_unresolved
admonterstudio.cz,1,http_only:7_unresolved
advaict.com,1,http_only:7_unresolved
affsensor.com,1,http_only:7_unresolved
againer-ski.com,1,http_only:7_unresolved
agroprovision.com,1,http_only:7_unresolved
airplane.mn,1,http_only:7_unresolved
airwire.cz,1,http_only:7_unresolved
aistzx.net,1,http_only:7_unresolved
akademiarimmel.pl,1,http_only:7_unresolved
akrobotnerd.com,1,http_only:7_unresolved
aktivni-dum.cz,1,http_only:7_unresolved
aldo-okna.cz,1,http_only:7_unresolved
alfabetoeg.com,1,http_only:7_unresolved
alfasecure.cz,1,http_only:7_unresolved
allbum.cz,1,http_only:7_unresolved
allclimbing.com,1,http_only:7_unresolved
altfwok.net,1,http_only:7_unresolved
alwe7daclub.com,1,http_only:7_unresolved
amcerconsulting.com.au,1,http_only:7_unresolved
amerhotel.com.pk,1,http_only:7_unresolved
amfootgolf.es,1,http_only:7_unresolved
amoctone.com,1,http_only:7_unresolved
ampfutbolslaskwroclaw.pl,1,http_only:7_unresolved
amusu.in,1,http_only:7_unresolved
anahnu.club,1,http_only:7_unresolved
anewagreement.org,1,http_only:7_unresolved
anles.cz,1,http_only:7_unresolved
antaresinc.net,1,http_only:7_unresolved
antimder.org.tr,1,http_only:7_unresolved
apacukaceramics.com,1,http_only:7_unresolved
apk-mostbet-az.com,1,http_only:7_unresolved
apk-mostbett.com,1,http_only:7_unresolved
apk-uz.com,1,http_only:7_unresolved
apkuz.com,1,http_only:7_unresolved
aplaceforart.org,1,http_only:7_unresolved
app-mostbet-uz.com,1,http_only:7_unresolved
app-mostbetapk.com,1,http_only:7_unresolved
appda.ru,1,http_only:7_unresolved
ardoise.cz,1,http_only:7_unresolved
are-musikverlag.de,1,http_only:7_unresolved
arjsabet.com,1,http_only:7_unresolved
arkudatx.com,1,http_only:7_unresolved
armyci.org,1,http_only:7_unresolved
artofchange.global,1,http_only:7_unresolved
artscafe.cz,1,http_only:7_unresolved
artvinden.com,1,http_only:7_unresolved
aryanirmatrisabha.com,1,http_only:7_unresolved
asiyanmuzesi.com,1,http_only:7_unresolved
ask-glass.com,1,http_only:7_unresolved
aspirenapoj.cz,1,http_only:7_unresolved
atgenesis.com.mx,1,http_only:7_unresolved
auburnhillsremodeling.com,1,http_only:7_unresolved
audisailingseries.com,1,http_only:7_unresolved
augustedgedesign.com,1,http_only:7_unresolved
authorplzen.cz,1,http_only:7_unresolved
auto-na-zimu.cz,1,http_only:7_unresolved
autocentrum-dojacek.cz,1,http_only:7_unresolved
autohifisrazy.cz,1,http_only:7_unresolved
autopawlikowscy.pl,1,http_only:7_unresolved
autoservis-veis.cz,1,http_only:7_unresolved
autoskola-fresh.cz,1,http_only:7_unresolved
autostopemzniedzwiedziami.pl,1,http_only:7_unresolved
aviator-uz.bet,1,http_only:7_unresolved
aviator-uz.reviews,1,http_only:7_unresolved
aviator-uz.site,1,http_only:7_unresolved
aviator-uz.xyz,1,http_only:7_unresolved
aviator-uzbekistan.pro,1,http_only:7_unresolved
aviatorgame-uz.com,1,http_only:7_unresolved
aviatorgame-uz.online,1,http_only:7_unresolved
aviatorgames.win,1,http_only:7_unresolved
aviatorgameuz.games,1,http_only:7_unresolved
aviatoronline-uz.com,1,http_only:7_unresolved
aviatorspribe-uz.com,1,http_only:7_unresolved
avicenna-med.uz,1,http_only:7_unresolved
az-most-bet.com,1,http_only:7_unresolved
azadshusha.com,1,http_only:7_unresolved
azbooka.com.ua,1,http_only:7_unresolved
aze-most-bett.com,1,http_only:7_unresolved
azibo.pt,1,http_only:7_unresolved
azplaystore.club,1,http_only:7_unresolved
babygearguidance.com,1,http_only:7_unresolved
babylonstudios.net,1,http_only:7_unresolved
bachman.hu,1,http_only:7_unresolved
bagatelasdepapel.com,1,http_only:7_unresolved
baharmatematik.com,1,http_only:7_unresolved
bakudesignfestival.com,1,http_only:7_unresolved
balloon.org.kz,1,http_only:7_unresolved
balneo-kmv.ru,1,http_only:7_unresolved
bambooroomwlv.com,1,http_only:7_unresolved
barbarapietruszczak.pl,1,http_only:7_unresolved
barisotelcunda.com,1,http_only:7_unresolved
bartlettcabinet.com,1,http_only:7_unresolved
basarisavunma.com,1,http_only:7_unresolved
baskethall.ru,1,http_only:7_unresolved
bbmc.ru,1,http_only:7_unresolved
bd-mostbet-app.com,1,http_only:7_unresolved
behappy-shop.com.ua,1,http_only:7_unresolved
bella-hadid-ar.com,1,http_only:7_unresolved
bespokefurniturenz.co.nz,1,http_only:7_unresolved
best-game-online.net,1,http_only:7_unresolved
best-mostbet.com,1,http_only:7_unresolved
bestmostbet-81.online,1,http_only:7_unresolved
besushi.pt,1,http_only:7_unresolved
betonowe-rozwiazania.pl,1,http_only:7_unresolved
betonplasztika.hu,1,http_only:7_unresolved
betting-mostbet.com,1,http_only:7_unresolved
betting-mostbet.pl,1,http_only:7_unresolved
bettinginform.com,1,http_only:7_unresolved
bezpiecznysygnalista.pl,1,http_only:7_unresolved
bharatdarshika.com,1,http_only:7_unresolved
bioegypt.net,1,http_only:7_unresolved
bkoa.com.pk,1,http_only:7_unresolved
blackdragonteacompany.com,1,http_only:7_unresolved
blackfridaysale.com.pl,1,http_only:7_unresolved
blockchaintechcorp.com,1,http_only:7_unresolved
blogzmobilu.cz,1,http_only:7_unresolved
bluemosque.co,1,http_only:7_unresolved
blueridgefloral.com,1,http_only:7_unresolved
bodrumyarisma.com,1,http_only:7_unresolved
bodymind.com.pl,1,http_only:7_unresolved
bongospins.store,1,http_only:7_unresolved
bonus-code.us.com,1,http_only:7_unresolved
bonushwd.top,1,http_only:7_unresolved
bookmakermaroc.com,1,http_only:7_unresolved
booskiinc.com,1,http_only:7_unresolved
bornholmsismejeri.dk,1,http_only:7_unresolved
bortaskawebaruhaz.hu,1,http_only:7_unresolved
boukle.ru,1,http_only:7_unresolved
browmarket.pl,1,http_only:7_unresolved
brownderbyhollywood.com,1,http_only:7_unresolved
buckyfullernow.com,1,http_only:7_unresolved
buktijpohtogel.com,1,http_only:7_unresolved
byronsportsmenclub.com,1,http_only:7_unresolved
cabinetcottagellc.com,1,http_only:7_unresolved
calendulaezuccherofilato.com,1,http_only:7_unresolved
camelbackkids.com,1,http_only:7_unresolved
cap-ehab.com,1,http_only:7_unresolved
captainmorganusa.com,1,http_only:7_unresolved
carebridgeteam.com,1,http_only:7_unresolved
casino-bests.com,1,http_only:7_unresolved
casino-mostbet.best,1,http_only:7_unresolved
casino-mostbet.cl,1,http_only:7_unresolved
casino-mostbet.gr,1,http_only:7_unresolved
casino-mostbet.live,1,http_only:7_unresolved
casino-mostbet.pt,1,http_only:7_unresolved
casino-mostbet.sbs,1,http_only:7_unresolved
casino-mostbet.world,1,http_only:7_unresolved
casinoarcade.org,1,http_only:7_unresolved
casinomostbet.com.de,1,http_only:7_unresolved
casinomostbet.it,1,http_only:7_unresolved
casinomostbet.pk,1,http_only:7_unresolved
casinomostbet.pt,1,http_only:7_unresolved
casinomostbet1.com,1,http_only:7_unresolved
casinoonlinedeperu.pe,1,http_only:7_unresolved
casinovexa.com,1,http_only:7_unresolved
castellsantferran.com,1,http_only:7_unresolved
cchaa.org,1,http_only:7_unresolved
centershc.pics,1,http_only:7_unresolved
centertkr.pics,1,http_only:7_unresolved
centralavetv.com,1,http_only:7_unresolved
certifiedtranslationegy.com,1,http_only:7_unresolved
chayaelevators.com,1,http_only:7_unresolved
checkenroadgure.website,1,http_only:7_unresolved
chicagomustangspro.com,1,http_only:7_unresolved
chineseminidiggers.com,1,http_only:7_unresolved
chipicao.pl,1,http_only:7_unresolved
chistka-star.ru,1,http_only:7_unresolved
chmurrraburrra.com,1,http_only:7_unresolved
chwilazsamorozwojem.pl,1,http_only:7_unresolved
cilingiri.biz.tr,1,http_only:7_unresolved
cimbalkabrno.cz,1,http_only:7_unresolved
citizenshipbritish.com,1,http_only:7_unresolved
cjf-sever.cz,1,http_only:7_unresolved
clonylamelove.cz,1,http_only:7_unresolved
cloudautomations.org,1,http_only:7_unresolved
codenamewindows.com,1,http_only:7_unresolved
coiffeur-bayonne.com,1,http_only:7_unresolved
colorkid.it,1,http_only:7_unresolved
connect-4.io,1,http_only:7_unresolved
consul96.ru,1,http_only:7_unresolved
continentalvet.com,1,http_only:7_unresolved
corridapelicas.pt,1,http_only:7_unresolved
corruptour.mx,1,http_only:7_unresolved
cortes-pelocorto.com,1,http_only:7_unresolved
counterculturegames.com,1,http_only:7_unresolved
creativespecialties.net,1,http_only:7_unresolved
cristaldata.info,1,http_only:7_unresolved
crownhotelbaku.com,1,http_only:7_unresolved
cryptocurrencyinsurance.io,1,http_only:7_unresolved
csmmsz.org,1,http_only:7_unresolved
cudownapodroz.pl,1,http_only:7_unresolved
cumberlandsnowmobileclub.com,1,http_only:7_unresolved
cutandgrindburgers.com,1,http_only:7_unresolved
cyclingforstars.com,1,http_only:7_unresolved
dailyaman.com.pk,1,http_only:7_unresolved
dailyrecommend.com,1,http_only:7_unresolved
dainikbandarban.com,1,http_only:7_unresolved
darjeelinggovernmentcollege.com,1,http_only:7_unresolved
darkyrucnivyroby.cz,1,http_only:7_unresolved
darujmuze.pl,1,http_only:7_unresolved
dataproxessor.com,1,http_only:7_unresolved
datcatiyatrofestivali.com,1,http_only:7_unresolved
dawidekspalek.com.pl,1,http_only:7_unresolved
dcchurchofchrist.com,1,http_only:7_unresolved
delhiescortsnumber.com,1,http_only:7_unresolved
delightspice.com,1,http_only:7_unresolved
demodayopeninnovation.com,1,http_only:7_unresolved
devikafibres.com,1,http_only:7_unresolved
dgmup.in,1,http_only:7_unresolved
dhdebates.org,1,http_only:7_unresolved
dinosaurplanet.net,1,http_only:7_unresolved
directfarming.co.il,1,http_only:7_unresolved
directjdf.pics,1,http_only:7_unresolved
djanata.com,1,http_only:7_unresolved
dkcwinner.top,1,http_only:7_unresolved
dksd-datca.org,1,http_only:7_unresolved
dladamiana.pl,1,http_only:7_unresolved
dlbcoakpark.org,1,http_only:7_unresolved
dlildirect.pics,1,http_only:7_unresolved
dmcdanismanlik.com,1,http_only:7_unresolved
domino174.ru,1,http_only:7_unresolved
dompomiedzy.pl,1,http_only:7_unresolved
donanuvem.pt,1,http_only:7_unresolved
donwongphoto.com,1,http_only:7_unresolved
doublebar.cz,1,http_only:7_unresolved
download-app-mostbet.ru,1,http_only:7_unresolved
drasofiacarvalho.com,1,http_only:7_unresolved
dribling67.ro,1,http_only:7_unresolved
drkbrb.ru,1,http_only:7_unresolved
drluisvizcarra.com,1,http_only:7_unresolved
drunkplayer.com,1,http_only:7_unresolved
drzozo.com,1,http_only:7_unresolved
dyplomacjakulturalna.pl,1,http_only:7_unresolved
e-mocni.org.pl,1,http_only:7_unresolved
e-pocasi.cz,1,http_only:7_unresolved
e-tanusitvany.org,1,http_only:7_unresolved
eadvprague2012.org,1,http_only:7_unresolved
eastway.ie,1,http_only:7_unresolved
eatiebeatie.com,1,http_only:7_unresolved
ects2019.org,1,http_only:7_unresolved
eecaac2018.org,1,http_only:7_unresolved
egybx.com,1,http_only:7_unresolved
egyptgamblingtheraphy.org,1,http_only:7_unresolved
eisk-sea.ru,1,http_only:7_unresolved
ekomiasto.waw.pl,1,http_only:7_unresolved
elalouani.ae,1,http_only:7_unresolved
elcriollito.com,1,http_only:7_unresolved
elecprous.com,1,http_only:7_unresolved
eliskaweiss.cz,1,http_only:7_unresolved
elpalpitar.com,1,http_only:7_unresolved
elpuentedelaboca.com,1,http_only:7_unresolved
embracetheepic.com,1,http_only:7_unresolved
empety.pl,1,http_only:7_unresolved
emtainfotech.com,1,http_only:7_unresolved
engschooluzmor.ru,1,http_only:7_unresolved
enhizlitarifler.com,1,http_only:7_unresolved
essays-writing-support.com,1,http_only:7_unresolved
ethersoundservice.com,1,http_only:7_unresolved
eurobetting.ru,1,http_only:7_unresolved
externatoocaracol.pt,1,http_only:7_unresolved
f-nail.ru,1,http_only:7_unresolved
fabvep.com,1,http_only:7_unresolved
facemasksclub.com,1,http_only:7_unresolved
factsntrends.com,1,http_only:7_unresolved
faklya.net,1,http_only:7_unresolved
fangostararas.com,1,http_only:7_unresolved
fanwen111.com,1,http_only:7_unresolved
farnost-hradisko.cz,1,http_only:7_unresolved
fashioninformatics.org,1,http_only:7_unresolved
fater.info,1,http_only:7_unresolved
fazendanova.eu,1,http_only:7_unresolved
fcszeged.hu,1,http_only:7_unresolved
fennmaradas.hu,1,http_only:7_unresolved
festival408.com,1,http_only:7_unresolved
fiat126netclub.hu,1,http_only:7_unresolved
fibertrainings.com,1,http_only:7_unresolved
filepedia.org,1,http_only:7_unresolved
filistineozgurluk.org,1,http_only:7_unresolved
filmocracy.in,1,http_only:7_unresolved
filoktitis.pl,1,http_only:7_unresolved
finnegansfieldsgypsyhorses.com,1,http_only:7_unresolved
firstmeds.in,1,http_only:7_unresolved
fisherynetwork.net,1,http_only:7_unresolved
fishfestival.cz,1,http_only:7_unresolved
fitnessrybnicky.cz,1,http_only:7_unresolved
fjcexpress.pics,1,http_only:7_unresolved
fjordcricketclub.com,1,http_only:7_unresolved
fkcultra.pics,1,http_only:7_unresolved
flexcraze.in,1,http_only:7_unresolved
flowers-delivery.od.ua,1,http_only:7_unresolved
fnabytek.cz,1,http_only:7_unresolved
force3.in,1,http_only:7_unresolved
forgechampionships.com,1,http_only:7_unresolved
formacioneshl.com,1,http_only:7_unresolved
fortleeortho.com,1,http_only:7_unresolved
fotbal-kratonohy.cz,1,http_only:7_unresolved
fotografzauschwitz.pl,1,http_only:7_unresolved
foulksmills.ie,1,http_only:7_unresolved
fovmaster.pics,1,http_only:7_unresolved
fragilexohio.org,1,http_only:7_unresolved
frankaltman.com,1,http_only:7_unresolved
frankhenenlotter.com,1,http_only:7_unresolved
franklinchristianchurch.com,1,http_only:7_unresolved
franziskavonkempis.com,1,http_only:7_unresolved
freejobalertin.in,1,http_only:7_unresolved
freepressreleasedb.com,1,http_only:7_unresolved
freeprogs.kiev.ua,1,http_only:7_unresolved
freeskill.in,1,http_only:7_unresolved
freevashikaran.in,1,http_only:7_unresolved
freshscape.in,1,http_only:7_unresolved
frybrid.com,1,http_only:7_unresolved
fulimplantaltak.hu,1,http_only:7_unresolved
fundacja-alaska.pl,1,http_only:7_unresolved
funseasonal.in,1,http_only:7_unresolved
futbolmeydani.net,1,http_only:7_unresolved
fx-private.com,1,http_only:7_unresolved
gacecommerce.in,1,http_only:7_unresolved
gadulec-logopedapoznan.pl,1,http_only:7_unresolved
gagarinadmin.ru,1,http_only:7_unresolved
gamblebet.com.ua,1,http_only:7_unresolved
game-online-top.pl,1,http_only:7_unresolved
games-mostbet.net,1,http_only:7_unresolved
gangbuzzz.com,1,http_only:7_unresolved
gapstudio.hu,1,http_only:7_unresolved
gatewayaccount38.beauty,1,http_only:7_unresolved
gestiondeclientes.biz,1,http_only:7_unresolved
gestoring.es,1,http_only:7_unresolved
getfitmama.pl,1,http_only:7_unresolved
gethibaazi.app,1,http_only:7_unresolved
getinternetprovider.com,1,http_only:7_unresolved
gigliolaterapias.cl,1,http_only:7_unresolved
gkdc.in,1,http_only:7_unresolved
glamorousgrowth.com,1,http_only:7_unresolved
globalgradesupplies.com,1,http_only:7_unresolved
glory-casino1.com,1,http_only:7_unresolved
glowtechno.com,1,http_only:7_unresolved
gnranalytical.com,1,http_only:7_unresolved
gntopama.com,1,http_only:7_unresolved
go-mostbet.com,1,http_only:7_unresolved
gogaba.co,1,http_only:7_unresolved
goldmann-cakes.hu,1,http_only:7_unresolved
goodstep.pt,1,http_only:7_unresolved
gorkabravobarreiro.com,1,http_only:7_unresolved
gpdifluca.com,1,http_only:7_unresolved
gr-polik6.ru,1,http_only:7_unresolved
gracefulslave.com,1,http_only:7_unresolved
grajo100.pl,1,http_only:7_unresolved
greffgrowler.com,1,http_only:7_unresolved
guiadaka.com,1,http_only:7_unresolved
guld.cz,1,http_only:7_unresolved
gumushanespor.org,1,http_only:7_unresolved
gutefreunde.ch,1,http_only:7_unresolved
gutenberg.courses,1,http_only:7_unresolved
guzhelya.com,1,http_only:7_unresolved
hackingwin.com,1,http_only:7_unresolved
hackjam.net,1,http_only:7_unresolved
hadith.uz,1,http_only:7_unresolved
hakieldancestudio.pl,1,http_only:7_unresolved
hanjeux.com,1,http_only:7_unresolved
happinesspossible.in,1,http_only:7_unresolved
harianmuria.com,1,http_only:7_unresolved
hautpilz-nagelpilz.de,1,http_only:7_unresolved
hazeldonk-interiors.com,1,http_only:7_unresolved
healthonlineghana.com,1,http_only:7_unresolved
healthyswimming.org,1,http_only:7_unresolved
heirsearchusa.com,1,http_only:7_unresolved
helpaman.org,1,http_only:7_unresolved
hi-surf.hu,1,http_only:7_unresolved
hidraulikakereskedelem.hu,1,http_only:7_unresolved
hilosangeles.org,1,http_only:7_unresolved
hindinibandh.in,1,http_only:7_unresolved
hirtek.hu,1,http_only:7_unresolved
hobrealm.top,1,http_only:7_unresolved
homecidermaking.com,1,http_only:7_unresolved
homeopatia-orvos.hu,1,http_only:7_unresolved
hong88m4.com,1,http_only:7_unresolved
horizoninterventions.com,1,http_only:7_unresolved
hospitalmariocorrea.org,1,http_only:7_unresolved
hostelcycleon.com,1,http_only:7_unresolved
hot-spin-ru.live,1,http_only:7_unresolved
hotel-slavalyans.com.ua,1,http_only:7_unresolved
hoteltarcza.pl,1,http_only:7_unresolved
hoteluzvonudolnidvur.cz,1,http_only:7_unresolved
hsta169.org,1,http_only:7_unresolved
hukukmedeniyeti.org,1,http_only:7_unresolved
hungary-mostbet.casino,1,http_only:7_unresolved
hunvision.hu,1,http_only:7_unresolved
hypeandstuff.com,1,http_only:7_unresolved
ibcsurvivors.org,1,http_only:7_unresolved
ibikeconsole.com,1,http_only:7_unresolved
ics-csr.com,1,http_only:7_unresolved
ihuopin.com,1,http_only:7_unresolved
ijazscholars.org,1,http_only:7_unresolved
ilebasi.ir,1,http_only:7_unresolved
illinoisbic.biz,1,http_only:7_unresolved
imosc.org,1,http_only:7_unresolved
in-mostbet.com,1,http_only:7_unresolved
in-mostbet.org,1,http_only:7_unresolved
ind-aviator-game.net,1,http_only:7_unresolved
indense.net,1,http_only:7_unresolved
india-mostbet.com,1,http_only:7_unresolved
india-mostbet.net,1,http_only:7_unresolved
indiamostbet.org,1,http_only:7_unresolved
indianhomestays.org,1,http_only:7_unresolved
indigo-istanbul.com,1,http_only:7_unresolved
indirlivex.com.tr,1,http_only:7_unresolved
innjj.com,1,http_only:7_unresolved
innovabutor.hu,1,http_only:7_unresolved
inspiraceblog.cz,1,http_only:7_unresolved
intellipeaksolutions.com,1,http_only:7_unresolved
iproductsolutions.com,1,http_only:7_unresolved
isofil.com.br,1,http_only:7_unresolved
isttc.org.in,1,http_only:7_unresolved
it-practica.ru,1,http_only:7_unresolved
italia-mostbet.com,1,http_only:7_unresolved
jamaalmay.com,1,http_only:7_unresolved
james-albus.org,1,http_only:7_unresolved
jazzaspen.com,1,http_only:7_unresolved
jetbluegives.org,1,http_only:7_unresolved
jipemania.com,1,http_only:7_unresolved
jiscsecondary.sch.id,1,http_only:7_unresolved
jogar-jogos.com,1,http_only:7_unresolved
joyfulfryer.com,1,http_only:7_unresolved
jscatchmarket.com,1,http_only:7_unresolved
judyqueen.tw,1,http_only:7_unresolved
kam-sport.ru,1,http_only:7_unresolved
kamgorod.ru,1,http_only:7_unresolved
kannadapustakaloka.com,1,http_only:7_unresolved
karrierotthonrol.com,1,http_only:7_unresolved
kastexpo.org,1,http_only:7_unresolved
kasyno-online-blik.org.pl,1,http_only:7_unresolved
kayakalpsalon.in,1,http_only:7_unresolved
kazino-mostbet-az.ink,1,http_only:7_unresolved
kazino-mostbet2025.live,1,http_only:7_unresolved
kdctmn.ru,1,http_only:7_unresolved
kertigo.fr,1,http_only:7_unresolved
kfc-armenia.com,1,http_only:7_unresolved
kg-mostbet.com,1,http_only:7_unresolved
kik-sssr.ru,1,http_only:7_unresolved
kinotoy.com,1,http_only:7_unresolved
kitectn.com,1,http_only:7_unresolved
kksgranicaketrzyn.pl,1,http_only:7_unresolved
kkwavefront.org,1,http_only:7_unresolved
kleinmondattorney.co.za,1,http_only:7_unresolved
klimawest.cz,1,http_only:7_unresolved
klubmimoza.pl,1,http_only:7_unresolved
kneequickie.com,1,http_only:7_unresolved
kofikingston.site,1,http_only:7_unresolved
kominkinarozne.wroclaw.pl,1,http_only:7_unresolved
kornerstonekafe.com,1,http_only:7_unresolved
ksbrotherspacker.com,1,http_only:7_unresolved
ksiegowosc.edu.pl,1,http_only:7_unresolved
kspk-kolpashevo.ru,1,http_only:7_unresolved
kuk-ai.de,1,http_only:7_unresolved
kuoralive.com,1,http_only:7_unresolved
kyrgyzstan1-mostbet.com,1,http_only:7_unresolved
lamozzarellaaveiro.pt,1,http_only:7_unresolved
lapbanddallas.com,1,http_only:7_unresolved
lapopsurveys.org,1,http_only:7_unresolved
lapps.asia,1,http_only:7_unresolved
laruelle.cz,1,http_only:7_unresolved
lassmaritimecorp.com,1,http_only:7_unresolved
lazarevskoe-sanatoriy.ru,1,http_only:7_unresolved
lcgb.ru,1,http_only:7_unresolved
leaderna.com,1,http_only:7_unresolved
ledger-recovery-live.com,1,http_only:7_unresolved
lekarzdomowy.com.pl,1,http_only:7_unresolved
lgbtsewi.org,1,http_only:7_unresolved
libertyhukuk.com,1,http_only:7_unresolved
limat.org,1,http_only:7_unresolved
livedocelive.com.br,1,http_only:7_unresolved
loft-meble.pl,1,http_only:7_unresolved
login-cz.ink,1,http_only:7_unresolved
loginmostbet.com,1,http_only:7_unresolved
lookingforlila.com,1,http_only:7_unresolved
lufkinmall.com,1,http_only:7_unresolved
m-erdmann.com,1,http_only:7_unresolved
m0stbets.website,1,http_only:7_unresolved
mablogistix.com,1,http_only:7_unresolved
madagascarweather.com,1,http_only:7_unresolved
magyar-mostbet.com,1,http_only:7_unresolved
magyarvistasocialclub.hu,1,http_only:7_unresolved
maniaxtreme.hu,1,http_only:7_unresolved
manmachinegames.com,1,http_only:7_unresolved
marathipsychology.in,1,http_only:7_unresolved
marcelo-brozovic-ar.com,1,http_only:7_unresolved
marcopavers.us,1,http_only:7_unresolved
marketingmanagement.top,1,http_only:7_unresolved
marmeladcasino.com.ua,1,http_only:7_unresolved
maryheathcliff.com,1,http_only:7_unresolved
mastbet.net,1,http_only:7_unresolved
mavisupansiyon.com,1,http_only:7_unresolved
mbc-hr.com,1,http_only:7_unresolved
mbdscorewell.in,1,http_only:7_unresolved
mbp-agent.com,1,http_only:7_unresolved
mbp-form.com,1,http_only:7_unresolved
mcdaj.org,1,http_only:7_unresolved
mcfa.eu,1,http_only:7_unresolved
mdbetlem.net,1,http_only:7_unresolved
mdltransportes.com.br,1,http_only:7_unresolved
meclis.info,1,http_only:7_unresolved
medecin-montagnac.com,1,http_only:7_unresolved
mediapartners.co.in,1,http_only:7_unresolved
mehrnamrastegari.com,1,http_only:7_unresolved
meiyangu.com,1,http_only:7_unresolved
metapley.com,1,http_only:7_unresolved
mezopotamyaajansi12.com,1,http_only:7_unresolved
mhklicey5.ru,1,http_only:7_unresolved
michael-jordan-ar.com,1,http_only:7_unresolved
michiganjobsinsight.com,1,http_only:7_unresolved
micro-exports.com,1,http_only:7_unresolved
migliore.com.mx,1,http_only:7_unresolved
milly-clarke.com,1,http_only:7_unresolved
mimikry.org,1,http_only:7_unresolved
mingle-games.com,1,http_only:7_unresolved
mir-vostok.org,1,http_only:7_unresolved
mkalamuseum.ru,1,http_only:7_unresolved
mmostbetcasinos-uz.net,1,http_only:7_unresolved
mmsmarmara.com,1,http_only:7_unresolved
moatbet.net,1,http_only:7_unresolved
mobilebettingguide.net,1,http_only:7_unresolved
mobilolajcsere.com,1,http_only:7_unresolved
moctbet-amp.site,1,http_only:7_unresolved
modellclub.net,1,http_only:7_unresolved
mojkarmnik.pl,1,http_only:7_unresolved
moravianstudiosouth.com,1,http_only:7_unresolved
mos-t-bet-pl.com,1,http_only:7_unresolved
mos-t-bets-pl.com,1,http_only:7_unresolved
mos-tbet.com,1,http_only:7_unresolved
mosbet-az-az.com,1,http_only:7_unresolved
mosbet-freespin.com,1,http_only:7_unresolved
mosbet-game.com,1,http_only:7_unresolved
mosbet-grand.com,1,http_only:7_unresolved
mosbet-kz-casino.com,1,http_only:7_unresolved
mosbet-offer.com,1,http_only:7_unresolved
mosbet-oyuna.com,1,http_only:7_unresolved
mosbetcasino.com,1,http_only:7_unresolved
most-az-amp1.com,1,http_only:7_unresolved
most-az-amper.com,1,http_only:7_unresolved
most-az-amps.com,1,http_only:7_unresolved
most-azamps.com,1,http_only:7_unresolved
most-bet-az.com,1,http_only:7_unresolved
most-bet-brasil.com,1,http_only:7_unresolved
most-bet-casino.app,1,http_only:7_unresolved
most-bet-casino.com.pt,1,http_only:7_unresolved
most-bet-casino.org.kz,1,http_only:7_unresolved
most-bet-casinoin.com,1,http_only:7_unresolved
most-bet-india.org,1,http_only:7_unresolved
most-bet-on-line.com,1,http_only:7_unresolved
most-bet-online.kz,1,http_only:7_unresolved
most-bet-polska.com,1,http_only:7_unresolved
most-bet-ro.ro,1,http_only:7_unresolved
most-bet.co.uk,1,http_only:7_unresolved
most-bet.co.za,1,http_only:7_unresolved
most-bet.com.co,1,http_only:7_unresolved
most-bet.com.de,1,http_only:7_unresolved
most-bet.com.ua,1,http_only:7_unresolved
most-bet.info.pl,1,http_only:7_unresolved
most-bet.nl,1,http_only:7_unresolved
most-bet.org.mx,1,http_only:7_unresolved
most-bet.ro,1,http_only:7_unresolved
most-bet.si,1,http_only:7_unresolved
most-bet.sk,1,http_only:7_unresolved
most-bet.top,1,http_only:7_unresolved
most-bet.uk,1,http_only:7_unresolved
most-betcasinoin.com,1,http_only:7_unresolved
most-bete.com,1,http_only:7_unresolved
most-betindia.com,1,http_only:7_unresolved
most-bets-net.com,1,http_only:7_unresolved
most-bets-pl.com,1,http_only:7_unresolved
most-bets.auto.pl,1,http_only:7_unresolved
most-bets.com.pl,1,http_only:7_unresolved
most-bett-net.com,1,http_only:7_unresolved
most-bett-org.com,1,http_only:7_unresolved
most-bett-pl.net,1,http_only:7_unresolved
most-betting-cz.com,1,http_only:7_unresolved
mostb3t.pl,1,http_only:7_unresolved
mostbat.net.in,1,http_only:7_unresolved
mostbe.org,1,http_only:7_unresolved
mostbed-bd.com,1,http_only:7_unresolved
mostbeet.net,1,http_only:7_unresolved
mostbepakistans.com,1,http_only:7_unresolved
mostbest.cz,1,http_only:7_unresolved
mostbesttop.com,1,http_only:7_unresolved
mostbet--casino.pl,1,http_only:7_unresolved
mostbet--pl.pl,1,http_only:7_unresolved
mostbet-0i3a.buzz,1,http_only:7_unresolved
mostbet-1.kz,1,http_only:7_unresolved
mostbet-16ho.top,1,http_only:7_unresolved
mostbet-1g8v.top,1,http_only:7_unresolved
mostbet-1giv.top,1,http_only:7_unresolved
mostbet-1mvb.top,1,http_only:7_unresolved
mostbet-1oul.top,1,http_only:7_unresolved
mostbet-1xas.top,1,http_only:7_unresolved
mostbet-22.com,1,http_only:7_unresolved
mostbet-2gn5.top,1,http_only:7_unresolved
mostbet-2i2j.top,1,http_only:7_unresolved
mostbet-2tuk.buzz,1,http_only:7_unresolved
mostbet-3.ru,1,http_only:7_unresolved
mostbet-309.org,1,http_only:7_unresolved
mostbet-3iv6.buzz,1,http_only:7_unresolved
mostbet-3s1e.buzz,1,http_only:7_unresolved
mostbet-4.ru,1,http_only:7_unresolved
mostbet-4gz4.top,1,http_only:7_unresolved
mostbet-5.ru,1,http_only:7_unresolved
mostbet-5msb.buzz,1,http_only:7_unresolved
mostbet-5n66.buzz,1,http_only:7_unresolved
mostbet-6531.buzz,1,http_only:7_unresolved
mostbet-6a8o.buzz,1,http_only:7_unresolved
mostbet-6aqz.buzz,1,http_only:7_unresolved
mostbet-6lb7.buzz,1,http_only:7_unresolved
mostbet-6sja.buzz,1,http_only:7_unresolved
mostbet-6u5e.buzz,1,http_only:7_unresolved
mostbet-74sf.top,1,http_only:7_unresolved
mostbet-75fz.top,1,http_only:7_unresolved
mostbet-75vt.buzz,1,http_only:7_unresolved
mostbet-78he.buzz,1,http_only:7_unresolved
mostbet-79.online,1,http_only:7_unresolved
mostbet-7gce.buzz,1,http_only:7_unresolved
mostbet-7k5p.buzz,1,http_only:7_unresolved
mostbet-7uoo.top,1,http_only:7_unresolved
mostbet-8nci.top,1,http_only:7_unresolved
mostbet-92w1.buzz,1,http_only:7_unresolved
mostbet-93.ru,1,http_only:7_unresolved
mostbet-ap.online,1,http_only:7_unresolved
mostbet-apk-uz.com,1,http_only:7_unresolved
mostbet-aposta.com,1,http_only:7_unresolved
mostbet-app.co.cz,1,http_only:7_unresolved
mostbet-apps.in.net,1,http_only:7_unresolved
mostbet-apps.net,1,http_only:7_unresolved
mostbet-arena.com,1,http_only:7_unresolved
mostbet-atye.top,1,http_only:7_unresolved
mostbet-aviator-new.com,1,http_only:7_unresolved
mostbet-aviator.info,1,http_only:7_unresolved
mostbet-aviatorx.com,1,http_only:7_unresolved
mostbet-axa.top,1,http_only:7_unresolved
mostbet-az-az.onl,1,http_only:7_unresolved
mostbet-az-az.org,1,http_only:7_unresolved
mostbet-az-cazino.ink,1,http_only:7_unresolved
mostbet-az-giris-az-az.mex.com,1,http_only:7_unresolved
mostbet-az-giris-az.mex.com,1,http_only:7_unresolved
mostbet-az-giris-guncel.com,1,http_only:7_unresolved
mostbet-az-giris.jp.net,1,http_only:7_unresolved
mostbet-az-giris.org,1,http_only:7_unresolved
mostbet-az-giris.win,1,http_only:7_unresolved
mostbet-az-yukle.com,1,http_only:7_unresolved
mostbet-az.in.net,1,http_only:7_unresolved
mostbet-az.org,1,http_only:7_unresolved
mostbet-az314.com,1,http_only:7_unresolved
mostbet-aze-casino.com,1,http_only:7_unresolved
mostbet-aze45.org,1,http_only:7_unresolved
mostbet-azerbaycan-az.com,1,http_only:7_unresolved
mostbet-azn-casino.com,1,http_only:7_unresolved
mostbet-bangla.org,1,http_only:7_unresolved
mostbet-bangladesh.biz,1,http_only:7_unresolved
mostbet-bb.online,1,http_only:7_unresolved
mostbet-bb.ru,1,http_only:7_unresolved
mostbet-bd-3.com,1,http_only:7_unresolved
mostbet-bd-online.com,1,http_only:7_unresolved
mostbet-bd.ink,1,http_only:7_unresolved
mostbet-bd.me,1,http_only:7_unresolved
mostbet-bd.mobi,1,http_only:7_unresolved
mostbet-bd.vip,1,http_only:7_unresolved
mostbet-bd2.bet,1,http_only:7_unresolved
mostbet-bd2.net,1,http_only:7_unresolved
mostbet-bet-casino.com,1,http_only:7_unresolved
mostbet-bet-official.com,1,http_only:7_unresolved
mostbet-bets.com,1,http_only:7_unresolved
mostbet-bett1ng.com,1,http_only:7_unresolved
mostbet-betting-colombia.com,1,http_only:7_unresolved
mostbet-betting-uk.com,1,http_only:7_unresolved
mostbet-bj.online,1,http_only:7_unresolved
mostbet-bk2.xyz,1,http_only:7_unresolved
mostbet-bonuses.com,1,http_only:7_unresolved
mostbet-bonusi.com,1,http_only:7_unresolved
mostbet-bonusz.com,1,http_only:7_unresolved
mostbet-br-brasil.com,1,http_only:7_unresolved
mostbet-brand.com,1,http_only:7_unresolved
mostbet-brasilia.com,1,http_only:7_unresolved
mostbet-braz.com,1,http_only:7_unresolved
mostbet-casino-ap6.ru,1,http_only:7_unresolved
mostbet-casino-ar.site,1,http_only:7_unresolved
mostbet-casino-az.com,1,http_only:7_unresolved
mostbet-casino-az.org,1,http_only:7_unresolved
mostbet-casino-az.site,1,http_only:7_unresolved
mostbet-casino-azerbaycan.com,1,http_only:7_unresolved
mostbet-casino-azerbaycan.org,1,http_only:7_unresolved
mostbet-casino-bk9.ru,1,http_only:7_unresolved
mostbet-casino-com.pl,1,http_only:7_unresolved
mostbet-casino-cz.ink,1,http_only:7_unresolved
mostbet-casino-di6.ru,1,http_only:7_unresolved
mostbet-casino-en.site,1,http_only:7_unresolved
mostbet-casino-es.site,1,http_only:7_unresolved
mostbet-casino-fr.com,1,http_only:7_unresolved
mostbet-casino-game.com,1,http_only:7_unresolved
mostbet-casino-games.com,1,http_only:7_unresolved
mostbet-casino-gr.com,1,http_only:7_unresolved
mostbet-casino-id.site,1,http_only:7_unresolved
mostbet-casino-india.net,1,http_only:7_unresolved
mostbet-casino-it.site,1,http_only:7_unresolved
mostbet-casino-jh1.ru,1,http_only:7_unresolved
mostbet-casino-jw.site,1,http_only:7_unresolved
mostbet-casino-kfg1.ru,1,http_only:7_unresolved
mostbet-casino-kfgb.ru,1,http_only:7_unresolved
mostbet-casino-klg1.online,1,http_only:7_unresolved
mostbet-casino-klg1.ru,1,http_only:7_unresolved
mostbet-casino-kz.com,1,http_only:7_unresolved
mostbet-casino-kz.net,1,http_only:7_unresolved
mostbet-casino-lkg1.ru,1,http_only:7_unresolved
mostbet-casino-lkg2.ru,1,http_only:7_unresolved
mostbet-casino-ma7.ru,1,http_only:7_unresolved
mostbet-casino-new.com,1,http_only:7_unresolved
mostbet-casino-no.site,1,http_only:7_unresolved
mostbet-casino-norge.com,1,http_only:7_unresolved
mostbet-casino-of9.ru,1,http_only:7_unresolved
mostbet-casino-online.win,1,http_only:7_unresolved
mostbet-casino-play.com,1,http_only:7_unresolved
mostbet-casino-qtr1.ru,1,http_only:7_unresolved
mostbet-casino-qtr2.ru,1,http_only:7_unresolved
mostbet-casino-qtr3.ru,1,http_only:7_unresolved
mostbet-casino-qvr1.ru,1,http_only:7_unresolved
mostbet-casino-rtq1.ru,1,http_only:7_unresolved
mostbet-casino-tg22.buzz,1,http_only:7_unresolved
mostbet-casino-tr4.ru,1,http_only:7_unresolved
mostbet-casino-tz9.ru,1,http_only:7_unresolved
mostbet-casino-uc4.ru,1,http_only:7_unresolved
mostbet-casino-ux4.ru,1,http_only:7_unresolved
mostbet-casino-uz.site,1,http_only:7_unresolved
mostbet-casino-wa2.ru,1,http_only:7_unresolved
mostbet-casino-wn1.ru,1,http_only:7_unresolved
mostbet-casino-ye2.ru,1,http_only:7_unresolved
mostbet-casino-zd5.ru,1,http_only:7_unresolved
mostbet-casino-zo0.ru,1,http_only:7_unresolved
mostbet-casino.asia,1,http_only:7_unresolved
mostbet-casino.com.pt,1,http_only:7_unresolved
mostbet-casino.es,1,http_only:7_unresolved
mostbet-casino.in,1,http_only:7_unresolved
mostbet-casino.it.com,1,http_only:7_unresolved
mostbet-casino1.pl,1,http_only:7_unresolved
mostbet-casino247.ru,1,http_only:7_unresolved
mostbet-casinobk.com,1,http_only:7_unresolved
mostbet-casinogiris2024.com,1,http_only:7_unresolved
mostbet-casinoin.org,1,http_only:7_unresolved
mostbet-casinoindia.com,1,http_only:7_unresolved
mostbet-casinoindia.org,1,http_only:7_unresolved
mostbet-casinopl.pl,1,http_only:7_unresolved
mostbet-casinos-pt.com,1,http_only:7_unresolved
mostbet-caz.club,1,http_only:7_unresolved
mostbet-cazino-online.com,1,http_only:7_unresolved
mostbet-cazino.com,1,http_only:7_unresolved
mostbet-cazino.kz,1,http_only:7_unresolved
mostbet-cesko.net,1,http_only:7_unresolved
mostbet-cl-mosbet.com,1,http_only:7_unresolved
mostbet-colombia-es.com,1,http_only:7_unresolved
mostbet-colombia-es.top,1,http_only:7_unresolved
mostbet-com.kz,1,http_only:7_unresolved
mostbet-cs-cz.ink,1,http_only:7_unresolved
mostbet-cs.com,1,http_only:7_unresolved
mostbet-cv.ru,1,http_only:7_unresolved
mostbet-cx.ru,1,http_only:7_unresolved
mostbet-cz-online.cz,1,http_only:7_unresolved
mostbet-cz.art,1,http_only:7_unresolved
mostbet-cz.ink,1,http_only:7_unresolved
mostbet-cz.net,1,http_only:7_unresolved
mostbet-cz.win,1,http_only:7_unresolved
mostbet-czcasino.com,1,http_only:7_unresolved
mostbet-czech.site,1,http_only:7_unresolved
mostbet-de-mostbet.com,1,http_only:7_unresolved
mostbet-de1.de,1,http_only:7_unresolved
mostbet-deutsch-casino.com,1,http_only:7_unresolved
mostbet-dnj.top,1,http_only:7_unresolved
mostbet-dostup.club,1,http_only:7_unresolved
mostbet-download-app.ru,1,http_only:7_unresolved
mostbet-download.com,1,http_only:7_unresolved
mostbet-dz.net,1,http_only:7_unresolved
mostbet-eg.com,1,http_only:7_unresolved
mostbet-eg.net,1,http_only:7_unresolved
mostbet-egypt-eg.com,1,http_only:7_unresolved
mostbet-egypt.org,1,http_only:7_unresolved
mostbet-es.es,1,http_only:7_unresolved
mostbet-es.xyz,1,http_only:7_unresolved
mostbet-eu.org,1,http_only:7_unresolved
mostbet-ex.online,1,http_only:7_unresolved
mostbet-farsi.com,1,http_only:7_unresolved
mostbet-fortune.com,1,http_only:7_unresolved
mostbet-fox.top,1,http_only:7_unresolved
mostbet-fp.ru,1,http_only:7_unresolved
mostbet-fu.ru,1,http_only:7_unresolved
mostbet-game-online.com,1,http_only:7_unresolved
mostbet-game.org,1,http_only:7_unresolved
mostbet-gameonline.pl,1,http_only:7_unresolved
mostbet-games.de,1,http_only:7_unresolved
mostbet-games.net,1,http_only:7_unresolved
mostbet-games.vip,1,http_only:7_unresolved
mostbet-gaming.net,1,http_only:7_unresolved
mostbet-gaming.org,1,http_only:7_unresolved
mostbet-gift.com,1,http_only:7_unresolved
mostbet-giris-2026.mex.com,1,http_only:7_unresolved
mostbet-giris-az-az-az-az-az.mex.com,1,http_only:7_unresolved
mostbet-giris-az-az-az-az.mex.com,1,http_only:7_unresolved
mostbet-giris-az-az-az.mex.com,1,http_only:7_unresolved
mostbet-giris-az-az.co.nl,1,http_only:7_unresolved
mostbet-giris-az-az.gb.net,1,http_only:7_unresolved
mostbet-giris-az-az.jp.net,1,http_only:7_unresolved
mostbet-giris-az-az.mex.com,1,http_only:7_unresolved
mostbet-giris-az.co.nl,1,http_only:7_unresolved
mostbet-giris-az.org,1,http_only:7_unresolved
mostbet-giris-az.shop,1,http_only:7_unresolved
mostbet-giris-az.website,1,http_only:7_unresolved
mostbet-giris-az1.ink,1,http_only:7_unresolved
mostbet-giris-azerbaycan-az-az.ink,1,http_only:7_unresolved
mostbet-giris-azerbaycan-az.ink,1,http_only:7_unresolved
mostbet-giris-azerbaycan.com,1,http_only:7_unresolved
mostbet-giris-azerbaycan.ink,1,http_only:7_unresolved
mostbet-giris-azerbaycan.mex.com,1,http_only:7_unresolved
mostbet-giris-azerbaycan.onl,1,http_only:7_unresolved
mostbet-global.net,1,http_only:7_unresolved
mostbet-global.org,1,http_only:7_unresolved
mostbet-go.pl,1,http_only:7_unresolved
mostbet-gr.com.gr,1,http_only:7_unresolved
mostbet-gr.net.gr,1,http_only:7_unresolved
mostbet-grand.com,1,http_only:7_unresolved
mostbet-hdov.top,1,http_only:7_unresolved
mostbet-hrfl.top,1,http_only:7_unresolved
mostbet-hu.net,1,http_only:7_unresolved
mostbet-hu.win,1,http_only:7_unresolved
mostbet-hxg.top,1,http_only:7_unresolved
mostbet-igaming.com,1,http_only:7_unresolved
mostbet-in-india.com,1,http_only:7_unresolved
mostbet-in.bet,1,http_only:7_unresolved
mostbet-in.in,1,http_only:7_unresolved
mostbet-in.net,1,http_only:7_unresolved
mostbet-india.app,1,http_only:7_unresolved
mostbet-indiax.com,1,http_only:7_unresolved
mostbet-indir.ink,1,http_only:7_unresolved
mostbet-install.com,1,http_only:7_unresolved
mostbet-it.it,1,http_only:7_unresolved
mostbet-italia.it,1,http_only:7_unresolved
mostbet-jeckpot.com,1,http_only:7_unresolved
mostbet-kasakhstan.kz,1,http_only:7_unresolved
mostbet-kasyno-pl.pl,1,http_only:7_unresolved
mostbet-kasyno.com.pl,1,http_only:7_unresolved
mostbet-kasyno1.com,1,http_only:7_unresolved
mostbet-kazino-online.com,1,http_only:7_unresolved
mostbet-kazino-play.ru,1,http_only:7_unresolved
mostbet-kazino.kz,1,http_only:7_unresolved
mostbet-kg-mostbet.com,1,http_only:7_unresolved
mostbet-kh.online,1,http_only:7_unresolved
mostbet-kirish-uz.net,1,http_only:7_unresolved
mostbet-kr.ru,1,http_only:7_unresolved
mostbet-kyrgyzstan1.com,1,http_only:7_unresolved
mostbet-kz-bets.com,1,http_only:7_unresolved
mostbet-kz-cazino.com,1,http_only:7_unresolved
mostbet-kz-doorway.com,1,http_only:7_unresolved
mostbet-kz-kazino.com,1,http_only:7_unresolved
mostbet-kz-live.com,1,http_only:7_unresolved
mostbet-kz-mosbet.com,1,http_only:7_unresolved
mostbet-kz-slots.com,1,http_only:7_unresolved
mostbet-kzbonus.kz,1,http_only:7_unresolved
mostbet-kzt.com,1,http_only:7_unresolved
mostbet-life-ky.com,1,http_only:7_unresolved
mostbet-live-casino.com,1,http_only:7_unresolved
mostbet-lk.info,1,http_only:7_unresolved
mostbet-logowanie.pl,1,http_only:7_unresolved
mostbet-luckyjet.com,1,http_only:7_unresolved
mostbet-ma.net,1,http_only:7_unresolved
mostbet-ma.vip,1,http_only:7_unresolved
mostbet-mobversion.com,1,http_only:7_unresolved
mostbet-mosbet-az-giris.com,1,http_only:7_unresolved
mostbet-mosbet-az.com,1,http_only:7_unresolved
mostbet-mosbet-pk.com,1,http_only:7_unresolved
mostbet-mosbet.com,1,http_only:7_unresolved
mostbet-mosbet.de,1,http_only:7_unresolved
mostbet-mostbet.de,1,http_only:7_unresolved
mostbet-netherlands.com,1,http_only:7_unresolved
mostbet-ng.com,1,http_only:7_unresolved
mostbet-ni.ru,1,http_only:7_unresolved
mostbet-no.net,1,http_only:7_unresolved
mostbet-norge.com,1,http_only:7_unresolved
mostbet-official-bet.com,1,http_only:7_unresolved
mostbet-official-zerkalo.com,1,http_only:7_unresolved
mostbet-official.one,1,http_only:7_unresolved
mostbet-officiall.cz,1,http_only:7_unresolved
mostbet-one.net,1,http_only:7_unresolved
mostbet-online-az.com,1,http_only:7_unresolved
mostbet-online-br.com,1,http_only:7_unresolved
mostbet-online-cazino.com,1,http_only:7_unresolved
mostbet-online-cz.ink,1,http_only:7_unresolved
mostbet-online-cz.net,1,http_only:7_unresolved
mostbet-online-uz.com,1,http_only:7_unresolved
mostbet-online.in,1,http_only:7_unresolved
mostbet-online.kz,1,http_only:7_unresolved
mostbet-online.pe,1,http_only:7_unresolved
mostbet-onlinekazino.com,1,http_only:7_unresolved
mostbet-oo.ru,1,http_only:7_unresolved
mostbet-oyin.com,1,http_only:7_unresolved
mostbet-oynay.com,1,http_only:7_unresolved
mostbet-oyuna.com,1,http_only:7_unresolved
mostbet-oyunu.com,1,http_only:7_unresolved
mostbet-pakistan-mosbet.com,1,http_only:7_unresolved
mostbet-pe-mosbet.com,1,http_only:7_unresolved
mostbet-pe.online,1,http_only:7_unresolved
mostbet-peru-mosbet.com,1,http_only:7_unresolved
mostbet-pg.com,1,http_only:7_unresolved
mostbet-philippines.com.ph,1,http_only:7_unresolved
mostbet-pk.com.pk,1,http_only:7_unresolved
mostbet-pl-casino-com.pl,1,http_only:7_unresolved
mostbet-pl.info.pl,1,http_only:7_unresolved
mostbet-pl.win,1,http_only:7_unresolved
mostbet-play-casino.com,1,http_only:7_unresolved
mostbet-play.cz,1,http_only:7_unresolved
mostbet-play.online,1,http_only:7_unresolved
mostbet-play.org,1,http_only:7_unresolved
mostbet-play.pl,1,http_only:7_unresolved
mostbet-plays.com,1,http_only:7_unresolved
mostbet-polska.win,1,http_only:7_unresolved
mostbet-portu.com,1,http_only:7_unresolved
mostbet-portu.net,1,http_only:7_unresolved
mostbet-portugal-pt.com,1,http_only:7_unresolved
mostbet-portugal.monster,1,http_only:7_unresolved
mostbet-promocode.com,1,http_only:7_unresolved
mostbet-pt-login.com,1,http_only:7_unresolved
mostbet-pt.casino,1,http_only:7_unresolved
mostbet-pt.eu.com,1,http_only:7_unresolved
mostbet-pt.lat,1,http_only:7_unresolved
mostbet-pt.mobi,1,http_only:7_unresolved
mostbet-pv.online,1,http_only:7_unresolved
mostbet-qeydiyyat.org,1,http_only:7_unresolved
mostbet-qq.ru,1,http_only:7_unresolved
mostbet-registration.com,1,http_only:7_unresolved
mostbet-resmi.link,1,http_only:7_unresolved
mostbet-review-cz.com,1,http_only:7_unresolved
mostbet-reward.com,1,http_only:7_unresolved
mostbet-rf4.ru,1,http_only:7_unresolved
mostbet-rfplay.ru,1,http_only:7_unresolved
mostbet-ru.com,1,http_only:7_unresolved
mostbet-scaricare.app,1,http_only:7_unresolved
mostbet-sg.ru,1,http_only:7_unresolved
mostbet-skachat.com,1,http_only:7_unresolved
mostbet-slot-casino.com,1,http_only:7_unresolved
mostbet-slot.kz,1,http_only:7_unresolved
mostbet-sloti.com,1,http_only:7_unresolved
mostbet-slots-casino.com,1,http_only:7_unresolved
mostbet-slots-pt.com,1,http_only:7_unresolved
mostbet-slots.com,1,http_only:7_unresolved
mostbet-sp.online,1,http_only:7_unresolved
mostbet-start.cz,1,http_only:7_unresolved
mostbet-taj.com,1,http_only:7_unresolved
mostbet-thai.com,1,http_only:7_unresolved
mostbet-top.net,1,http_only:7_unresolved
mostbet-tr.vip,1,http_only:7_unresolved
mostbet-tr1.com,1,http_only:7_unresolved
mostbet-troopsocial.it.com,1,http_only:7_unresolved
mostbet-turkiy-mosbet.com,1,http_only:7_unresolved
mostbet-turkiye.club,1,http_only:7_unresolved
mostbet-turkiyegr.com,1,http_only:7_unresolved
mostbet-turks3.com,1,http_only:7_unresolved
mostbet-ukraina.com,1,http_only:7_unresolved
mostbet-uz-kirish-casino.com,1,http_only:7_unresolved
mostbet-uz-kirish-mostbet.net,1,http_only:7_unresolved
mostbet-uz-mostbet-uzbekistan.com,1,http_only:7_unresolved
mostbet-uz.us.com,1,http_only:7_unresolved
mostbet-uzb-kirish.com,1,http_only:7_unresolved
mostbet-uzb.com,1,http_only:7_unresolved
mostbet-uzbekiston.com,1,http_only:7_unresolved
mostbet-uze1.com,1,http_only:7_unresolved
mostbet-uze2.com,1,http_only:7_unresolved
mostbet-uze3.com,1,http_only:7_unresolved
mostbet-vb.online,1,http_only:7_unresolved
mostbet-vijgrishi.com,1,http_only:7_unresolved
mostbet-vn.com,1,http_only:7_unresolved
mostbet-w.ru,1,http_only:7_unresolved
mostbet-win.co,1,http_only:7_unresolved
mostbet-win.com,1,http_only:7_unresolved
mostbet-wins.ru,1,http_only:7_unresolved
mostbet-world.com,1,http_only:7_unresolved
mostbet-yz.online,1,http_only:7_unresolved
mostbet-zerkalo-one.com,1,http_only:7_unresolved
mostbet-zj.ru,1,http_only:7_unresolved
mostbet-zk.ru,1,http_only:7_unresolved
mostbet.ac,1,http_only:7_unresolved
mostbet.best,1,http_only:7_unresolved
mostbet.biz.in,1,http_only:7_unresolved
mostbet.city,1,http_only:7_unresolved
mostbet.co.tz,1,http_only:7_unresolved
mostbet.com.bj,1,http_only:7_unresolved
mostbet.com.ua,1,http_only:7_unresolved
mostbet.eu,1,http_only:7_unresolved
mostbet.ge,1,http_only:7_unresolved
mostbet.if.ua,1,http_only:7_unresolved
mostbet.in.ua,1,http_only:7_unresolved
mostbet.info,1,http_only:7_unresolved
mostbet.info.in,1,http_only:7_unresolved
mostbet.jp.net,1,http_only:7_unresolved
mostbet.llc,1,http_only:7_unresolved
mostbet.net.kg,1,http_only:7_unresolved
mostbet.no,1,http_only:7_unresolved
mostbet.stream,1,http_only:7_unresolved
mostbet.today,1,http_only:7_unresolved
mostbet.uno,1,http_only:7_unresolved
mostbet.uz.ua,1,http_only:7_unresolved
mostbet.vip,1,http_only:7_unresolved
mostbet0.net,1,http_only:7_unresolved
mostbet06318.help,1,http_only:7_unresolved
mostbet1-az.com,1,http_only:7_unresolved
mostbet1.kz,1,http_only:7_unresolved
mostbet12.com,1,http_only:7_unresolved
mostbet13313.shop,1,http_only:7_unresolved
mostbet1345.online,1,http_only:7_unresolved
mostbet14157.shop,1,http_only:7_unresolved
mostbet1635.ru,1,http_only:7_unresolved
mostbet1casino.com,1,http_only:7_unresolved
mostbet1india.com,1,http_only:7_unresolved
mostbet2016.help,1,http_only:7_unresolved
mostbet2017.help,1,http_only:7_unresolved
mostbet2018.help,1,http_only:7_unresolved
mostbet2019.help,1,http_only:7_unresolved
mostbet2020.help,1,http_only:7_unresolved
mostbet2024.casino,1,http_only:7_unresolved
mostbet2025.top,1,http_only:7_unresolved
mostbet2027.pl,1,http_only:7_unresolved
mostbet2051.help,1,http_only:7_unresolved
mostbet2052.help,1,http_only:7_unresolved
mostbet2053.help,1,http_only:7_unresolved
mostbet2054.help,1,http_only:7_unresolved
mostbet2055.help,1,http_only:7_unresolved
mostbet2173.help,1,http_only:7_unresolved
mostbet250.pl,1,http_only:7_unresolved
mostbet2az.com,1,http_only:7_unresolved
mostbet2br.com,1,http_only:7_unresolved
mostbet2cz.com,1,http_only:7_unresolved
mostbet2de.com,1,http_only:7_unresolved
mostbet2fi.com,1,http_only:7_unresolved
mostbet2hu.com,1,http_only:7_unresolved
mostbet2in.com,1,http_only:7_unresolved
mostbet2it.com,1,http_only:7_unresolved
mostbet2kz.com,1,http_only:7_unresolved
mostbet2no.com,1,http_only:7_unresolved
mostbet2pe.com,1,http_only:7_unresolved
mostbet2pl.com,1,http_only:7_unresolved
mostbet2pt.com,1,http_only:7_unresolved
mostbet3.im,1,http_only:7_unresolved
mostbet32.online,1,http_only:7_unresolved
mostbet32570.help,1,http_only:7_unresolved
mostbet33931.online,1,http_only:7_unresolved
mostbet35880.online,1,http_only:7_unresolved
mostbet36251.shop,1,http_only:7_unresolved
mostbet36442.shop,1,http_only:7_unresolved
mostbet36836.online,1,http_only:7_unresolved
mostbet41862.help,1,http_only:7_unresolved
mostbet42071.help,1,http_only:7_unresolved
mostbet4347.shop,1,http_only:7_unresolved
mostbet46.ru,1,http_only:7_unresolved
mostbet46604.help,1,http_only:7_unresolved
mostbet48.com,1,http_only:7_unresolved
mostbet52410.online,1,http_only:7_unresolved
mostbet54201.help,1,http_only:7_unresolved
mostbet55614.shop,1,http_only:7_unresolved
mostbet62749.shop,1,http_only:7_unresolved
mostbet62933.shop,1,http_only:7_unresolved
mostbet6420.online,1,http_only:7_unresolved
mostbet7.com,1,http_only:7_unresolved
mostbet71749.shop,1,http_only:7_unresolved
mostbet7351.online,1,http_only:7_unresolved
mostbet74862.help,1,http_only:7_unresolved
mostbet75409.help,1,http_only:7_unresolved
mostbet77-hu.com,1,http_only:7_unresolved
mostbet777.in.ua,1,http_only:7_unresolved
mostbet8.gg,1,http_only:7_unresolved
mostbet85.online,1,http_only:7_unresolved
mostbet85271.shop,1,http_only:7_unresolved
mostbet87124.help,1,http_only:7_unresolved
mostbet90833.online,1,http_only:7_unresolved
mostbeta0.com,1,http_only:7_unresolved
mostbetadresi.co,1,http_only:7_unresolved
mostbetag.com,1,http_only:7_unresolved
mostbetagent.com,1,http_only:7_unresolved
mostbetapk.kz,1,http_only:7_unresolved
mostbetapknepal.com,1,http_only:7_unresolved
mostbetapp-bd.com,1,http_only:7_unresolved
mostbetapp-hu.com,1,http_only:7_unresolved
mostbetapp.co.cz,1,http_only:7_unresolved
mostbetapp.eu.com,1,http_only:7_unresolved
mostbetappdownloadnepal.com,1,http_only:7_unresolved
mostbetappmostbet.com,1,http_only:7_unresolved
mostbetappnepal.com,1,http_only:7_unresolved
mostbetar.net,1,http_only:7_unresolved
mostbetaz-az.com,1,http_only:7_unresolved
mostbetaz-casinos.com,1,http_only:7_unresolved
mostbetaz-giris-guncel1.com,1,http_only:7_unresolved
mostbetaz-kazino.com,1,http_only:7_unresolved
mostbetaz.casino,1,http_only:7_unresolved
mostbetaz.org,1,http_only:7_unresolved
mostbetazapp.com,1,http_only:7_unresolved
mostbetazerbaycan-giris.com,1,http_only:7_unresolved
mostbetazeturk.com,1,http_only:7_unresolved
mostbetbangla.net,1,http_only:7_unresolved
mostbetbanglapartners.online,1,http_only:7_unresolved
mostbetbd.games,1,http_only:7_unresolved
mostbetbd.gg,1,http_only:7_unresolved
mostbetbd1.org,1,http_only:7_unresolved
mostbetbd2.bet,1,http_only:7_unresolved
mostbetbet.ru,1,http_only:7_unresolved
mostbetbett.com,1,http_only:7_unresolved
mostbetbr.info,1,http_only:7_unresolved
mostbetbr.net,1,http_only:7_unresolved
mostbetcanada.ca,1,http_only:7_unresolved
mostbetcanada.com,1,http_only:7_unresolved
mostbetcas1no.pl,1,http_only:7_unresolved
mostbetcasino-ar.com,1,http_only:7_unresolved
mostbetcasino-argentina.com,1,http_only:7_unresolved
mostbetcasino-azerbaycan.com,1,http_only:7_unresolved
mostbetcasino-bd.org,1,http_only:7_unresolved
mostbetcasino-it.it,1,http_only:7_unresolved
mostbetcasino-italy.com,1,http_only:7_unresolved
mostbetcasino-kz.org,1,http_only:7_unresolved
mostbetcasino-online-cz.com,1,http_only:7_unresolved
mostbetcasino-onlinecz.com,1,http_only:7_unresolved
mostbetcasino-polska.pl,1,http_only:7_unresolved
mostbetcasino-portugal.com,1,http_only:7_unresolved
mostbetcasino-pt.click,1,http_only:7_unresolved
mostbetcasino-pt.cyou,1,http_only:7_unresolved
mostbetcasino-pt.pt,1,http_only:7_unresolved
mostbetcasino-pt.sbs,1,http_only:7_unresolved
mostbetcasino-top.ru,1,http_only:7_unresolved
mostbetcasino-uz.com,1,http_only:7_unresolved
mostbetcasino.casino,1,http_only:7_unresolved
mostbetcasino.co.it,1,http_only:7_unresolved
mostbetcasino.com.gr,1,http_only:7_unresolved
mostbetcasino.de,1,http_only:7_unresolved
mostbetcasino.es,1,http_only:7_unresolved
mostbetcasino.md,1,http_only:7_unresolved
mostbetcasino.pk,1,http_only:7_unresolved
mostbetcasino.win,1,http_only:7_unresolved
mostbetcasino1.pro,1,http_only:7_unresolved
mostbetcasino1.ru,1,http_only:7_unresolved
mostbetcasino444.online,1,http_only:7_unresolved
mostbetcasinoapp.org,1,http_only:7_unresolved
mostbetcasinobd.org,1,http_only:7_unresolved
mostbetcasinokz.kz,1,http_only:7_unresolved
mostbetcasinolink.ru,1,http_only:7_unresolved
mostbetcasinonepal.com,1,http_only:7_unresolved
mostbetcasinoonline.com,1,http_only:7_unresolved
mostbetcasinorf.ru,1,http_only:7_unresolved
mostbetcasinorun.ru,1,http_only:7_unresolved
mostbetcasinos-india.com,1,http_only:7_unresolved
mostbetcasinos-pt.com,1,http_only:7_unresolved
mostbetcasinou.com,1,http_only:7_unresolved
mostbetcasinowin.live,1,http_only:7_unresolved
mostbetcasinowin.ru,1,http_only:7_unresolved
mostbetcazino.ru,1,http_only:7_unresolved
mostbetcf.ru,1,http_only:7_unresolved
mostbetclub.net,1,http_only:7_unresolved
mostbetco.com,1,http_only:7_unresolved
mostbetcom.com,1,http_only:7_unresolved
mostbetcom.ws,1,http_only:7_unresolved
mostbetcs.com,1,http_only:7_unresolved
mostbetcv.online,1,http_only:7_unresolved
mostbetcw.ru,1,http_only:7_unresolved
mostbetcz-app.com,1,http_only:7_unresolved
mostbetdanske.com,1,http_only:7_unresolved
mostbetdeutschland.com,1,http_only:7_unresolved
mostbetegypt.net,1,http_only:7_unresolved
mostbetenjoyslot.net,1,http_only:7_unresolved
mostbetf4.com,1,http_only:7_unresolved
mostbetf6.com,1,http_only:7_unresolved
mostbetff.ru,1,http_only:7_unresolved
mostbetfk.online,1,http_only:7_unresolved
mostbetfq.online,1,http_only:7_unresolved
mostbetfrlogin.com,1,http_only:7_unresolved
mostbetgiris-az.it.com,1,http_only:7_unresolved
mostbetgiris.me,1,http_only:7_unresolved
mostbetgirisi.net,1,http_only:7_unresolved
mostbetguncel.com,1,http_only:7_unresolved
mostbetgunceli.org,1,http_only:7_unresolved
mostbeth.net,1,http_only:7_unresolved
mostbethungary1.org,1,http_only:7_unresolved
mostbetie.eu,1,http_only:7_unresolved
mostbetigrat.ru,1,http_only:7_unresolved
mostbetin.bet,1,http_only:7_unresolved
mostbetkasahstan.kz,1,http_only:7_unresolved
mostbetkasakhstan.kz,1,http_only:7_unresolved
mostbetkasino.com,1,http_only:7_unresolved
mostbetkasyno-pl.pl,1,http_only:7_unresolved
mostbetkasynopl.pl,1,http_only:7_unresolved
mostbetkaszino-hu.com,1,http_only:7_unresolved
mostbetkaszino-hungary.com,1,http_only:7_unresolved
mostbetkazino-top.ru,1,http_only:7_unresolved
mostbetkazinotop.ru,1,http_only:7_unresolved
mostbetkirish.org,1,http_only:7_unresolved
mostbetkk.online,1,http_only:7_unresolved
mostbetkz-mobile.kz,1,http_only:7_unresolved
mostbetkz.org,1,http_only:7_unresolved
mostbetkztop.com,1,http_only:7_unresolved
mostbetlegit.com,1,http_only:7_unresolved
mostbetlink.ru,1,http_only:7_unresolved
mostbetlive-bd.com,1,http_only:7_unresolved
mostbetlive.app,1,http_only:7_unresolved
mostbetlogin-in.com,1,http_only:7_unresolved
mostbetlogin.kz,1,http_only:7_unresolved
mostbetloginnepal.com,1,http_only:7_unresolved
mostbetma1.bet,1,http_only:7_unresolved
mostbetmexico.com.mx,1,http_only:7_unresolved
mostbetmirror.org,1,http_only:7_unresolved
mostbetmostbet.com,1,http_only:7_unresolved
mostbetmostbet1x.ru,1,http_only:7_unresolved
mostbetmx.casino,1,http_only:7_unresolved
mostbetmx.info,1,http_only:7_unresolved
mostbetmx.ru,1,http_only:7_unresolved
mostbetnepal.net,1,http_only:7_unresolved
mostbetnet.com,1,http_only:7_unresolved
mostbetnf.online,1,http_only:7_unresolved
mostbetnow.pl,1,http_only:7_unresolved
mostbetnp.org,1,http_only:7_unresolved
mostbetofficial.net,1,http_only:7_unresolved
mostbetofficial.nl,1,http_only:7_unresolved
mostbetoficial-pt.cfd,1,http_only:7_unresolved
mostbetoficial-pt.click,1,http_only:7_unresolved
mostbetoficial-pt.cyou,1,http_only:7_unresolved
mostbetoficial-pt.rest,1,http_only:7_unresolved
mostbetoficial.click,1,http_only:7_unresolved
mostbetoficial.com,1,http_only:7_unresolved
mostbeton.ru,1,http_only:7_unresolved
mostbeton163.ru,1,http_only:7_unresolved
mostbetonline-bd.com,1,http_only:7_unresolved
mostbetonline-kz.com,1,http_only:7_unresolved
mostbetpak.com,1,http_only:7_unresolved
mostbetpak.pk,1,http_only:7_unresolved
mostbetpartners.online,1,http_only:7_unresolved
mostbetphilippines.ph,1,http_only:7_unresolved
mostbetphl.com,1,http_only:7_unresolved
mostbetpk.pk,1,http_only:7_unresolved
mostbetpl.eu.com,1,http_only:7_unresolved
mostbetplus.com,1,http_only:7_unresolved
mostbetpolska2.pl,1,http_only:7_unresolved
mostbetportugal-app.com,1,http_only:7_unresolved
mostbetportugal.co,1,http_only:7_unresolved
mostbetportugal.pt,1,http_only:7_unresolved
mostbetportugal.sbs,1,http_only:7_unresolved
mostbetpromo.ru,1,http_only:7_unresolved
mostbetpromo1.ru,1,http_only:7_unresolved
mostbetpt.net,1,http_only:7_unresolved
mostbetrejestracja.pl,1,http_only:7_unresolved
mostbetro.ro,1,http_only:7_unresolved
mostbetrs.com,1,http_only:7_unresolved
mostbets-aviator.com,1,http_only:7_unresolved
mostbets-bahis.com,1,http_only:7_unresolved
mostbets-bangladesh.net,1,http_only:7_unresolved
mostbets-bet.it.com,1,http_only:7_unresolved
mostbets-casino-pt.com,1,http_only:7_unresolved
mostbets-casinos.it.com,1,http_only:7_unresolved
mostbets-deutschland.de,1,http_only:7_unresolved
mostbets-egypt.org,1,http_only:7_unresolved
mostbets-game.com,1,http_only:7_unresolved
mostbets-ind.com,1,http_only:7_unresolved
mostbets-kzt.com,1,http_only:7_unresolved
mostbets-magyar.com,1,http_only:7_unresolved
mostbets-magyar.net,1,http_only:7_unresolved
mostbets-official.com,1,http_only:7_unresolved
mostbets-pl-casino-com.pl,1,http_only:7_unresolved
mostbets-portugal1.com,1,http_only:7_unresolved
mostbets-pt.com,1,http_only:7_unresolved
mostbets-uk.com,1,http_only:7_unresolved
mostbets.ca,1,http_only:7_unresolved
mostbets.com.br,1,http_only:7_unresolved
mostbets.net.in,1,http_only:7_unresolved
mostbets.wiki,1,http_only:7_unresolved
mostbets2.com,1,http_only:7_unresolved
mostbetsam.com,1,http_only:7_unresolved
mostbetscasino.net,1,http_only:7_unresolved
mostbetscasino13.ru,1,http_only:7_unresolved
mostbetscasino8.ru,1,http_only:7_unresolved
mostbetscasino9.online,1,http_only:7_unresolved
mostbetscasino9.ru,1,http_only:7_unresolved
mostbetsg.online,1,http_only:7_unresolved
mostbetslogin.org,1,http_only:7_unresolved
mostbetslot.casino,1,http_only:7_unresolved
mostbetspin.pl,1,http_only:7_unresolved
mostbetsq.online,1,http_only:7_unresolved
mostbetst.com,1,http_only:7_unresolved
mostbett-cz.com,1,http_only:7_unresolved
mostbett-official.com,1,http_only:7_unresolved
mostbett.com.br,1,http_only:7_unresolved
mostbett.com.pk,1,http_only:7_unresolved
mostbett.it,1,http_only:7_unresolved
mostbettcasino.com,1,http_only:7_unresolved
mostbettop.net,1,http_only:7_unresolved
mostbetturkey.pro,1,http_only:7_unresolved
mostbetud.ru,1,http_only:7_unresolved
mostbetus.online,1,http_only:7_unresolved
mostbetuz.club,1,http_only:7_unresolved
mostbetuz.shop,1,http_only:7_unresolved
mostbetuz24.com,1,http_only:7_unresolved
mostbetuzbekistan-apk.com,1,http_only:7_unresolved
mostbetuzonline.com,1,http_only:7_unresolved
mostbetvip.vip,1,http_only:7_unresolved
mostbetwebsite.com,1,http_only:7_unresolved
mostbetwinner.ru,1,http_only:7_unresolved
mostbetxcz.org,1,http_only:7_unresolved
mostbetxo.online,1,http_only:7_unresolved
mostbetyenigirisi.com,1,http_only:7_unresolved
mostbetz2.in,1,http_only:7_unresolved
mostkzamp.site,1,http_only:7_unresolved
mostkzamp1.site,1,http_only:7_unresolved
mostkzamp3.site,1,http_only:7_unresolved
mostplay-bet.org,1,http_only:7_unresolved
mostwanted.mx,1,http_only:7_unresolved
motorenlared.com,1,http_only:7_unresolved
motorradhangar.com,1,http_only:7_unresolved
motsbet.net,1,http_only:7_unresolved
mpsportsmedia.com,1,http_only:7_unresolved
mrkleen.com.tr,1,http_only:7_unresolved
mstbt.in,1,http_only:7_unresolved
mtk98.com,1,http_only:7_unresolved
mtzh99.com,1,http_only:7_unresolved
multiplaz.com.ua,1,http_only:7_unresolved
multunk.com,1,http_only:7_unresolved
mundocriativo.net.br,1,http_only:7_unresolved
musicxmuseums.com,1,http_only:7_unresolved
mustfact.com,1,http_only:7_unresolved
mususc51.ru,1,http_only:7_unresolved
mybedroom.ro,1,http_only:7_unresolved
mydepositbet.com,1,http_only:7_unresolved
mydirt.ca,1,http_only:7_unresolved
mylesmunroeinternational.com,1,http_only:7_unresolved
myseocare.com,1,http_only:7_unresolved
myuniformoutlet.com,1,http_only:7_unresolved
nafohungary.com,1,http_only:7_unresolved
naigora.cz,1,http_only:7_unresolved
napelemes-futes.hu,1,http_only:7_unresolved
napholdfest.com,1,http_only:7_unresolved
napiszarka.info,1,http_only:7_unresolved
napkozi.com,1,http_only:7_unresolved
nappali.net,1,http_only:7_unresolved
napsugarbioboltja.com,1,http_only:7_unresolved
naputca.hu,1,http_only:7_unresolved
nashvilleaviation.in,1,http_only:7_unresolved
naszinnadil.com,1,http_only:7_unresolved
natasdouro.pt,1,http_only:7_unresolved
nativedocumentlink.com,1,http_only:7_unresolved
nemec.com.ua,1,http_only:7_unresolved
nepal-mostbet.com,1,http_only:7_unresolved
nepalmostbet.com,1,http_only:7_unresolved
neuropsychomedica.pl,1,http_only:7_unresolved
newfaceshungary.com,1,http_only:7_unresolved
news-mostbet-betting.pl,1,http_only:7_unresolved
news-mostbet-tr.com,1,http_only:7_unresolved
nextonlinestore.com.ng,1,http_only:7_unresolved
nflwholesalejerseys.com,1,http_only:7_unresolved
ngsp89.ru,1,http_only:7_unresolved
nostbet.net,1,http_only:7_unresolved
notancomics.com,1,http_only:7_unresolved
novaagora.pt,1,http_only:7_unresolved
npsoft.org,1,http_only:7_unresolved
ntftn.org,1,http_only:7_unresolved
numizmatikaclassica.hu,1,http_only:7_unresolved
nutraking.hu,1,http_only:7_unresolved
oddsaura.com,1,http_only:7_unresolved
official-mostbet.ae.org,1,http_only:7_unresolved
officialmostbet.org,1,http_only:7_unresolved
ohiolina.com,1,http_only:7_unresolved
oil.zgora.pl,1,http_only:7_unresolved
oinupgg.icu,1,http_only:7_unresolved
oknatop.com.ua,1,http_only:7_unresolved
oldbombay.in,1,http_only:7_unresolved
oldfashionedfishnchips.com,1,http_only:7_unresolved
oldfleas.com,1,http_only:7_unresolved
oldnews.one,1,http_only:7_unresolved
on-it.co.il,1,http_only:7_unresolved
online-gruender.com,1,http_only:7_unresolved
onlinerating2026.top,1,http_only:7_unresolved
opiomgallery.com,1,http_only:7_unresolved
optimus.biz.pl,1,http_only:7_unresolved
orelzlinst.cz,1,http_only:7_unresolved
ospdzd.com,1,http_only:7_unresolved
ourbond.cz,1,http_only:7_unresolved
outdoorlogic.net,1,http_only:7_unresolved
outsourcingit.pila.pl,1,http_only:7_unresolved
overthepylon.net,1,http_only:7_unresolved
oyunprogram.gen.tr,1,http_only:7_unresolved
pakistan-mostbet.pk,1,http_only:7_unresolved
pakistanmostbet.pk,1,http_only:7_unresolved
palfalva.hu,1,http_only:7_unresolved
panaigialeiosfc.com,1,http_only:7_unresolved
panamacricket.org,1,http_only:7_unresolved
partnerskawbet.com,1,http_only:7_unresolved
peakfitnessworkouts.com,1,http_only:7_unresolved
pedallovers.com,1,http_only:7_unresolved
pediatrtver.ru,1,http_only:7_unresolved
peru-mostbet.com,1,http_only:7_unresolved
peswithyou.com,1,http_only:7_unresolved
petesuen.com,1,http_only:7_unresolved
pgon.pl,1,http_only:7_unresolved
piekneparasolki.pl,1,http_only:7_unresolved
pigroast.info,1,http_only:7_unresolved
pik-art.com,1,http_only:7_unresolved
pivohonek.cz,1,http_only:7_unresolved
pizza-grotta-koszalin.pl,1,http_only:7_unresolved
pk-mycieokien.pl,1,http_only:7_unresolved
pl-mostbet-casino.com,1,http_only:7_unresolved
pl-mostbet.pl,1,http_only:7_unresolved
planengo.ru,1,http_only:7_unresolved
playahata.com,1,http_only:7_unresolved
plinko-jogos.com,1,http_only:7_unresolved
plmotiliu.com,1,http_only:7_unresolved
pochodprotihladu.cz,1,http_only:7_unresolved
podatki.jelenia-gora.pl,1,http_only:7_unresolved
podporujemeceskeznacky.cz,1,http_only:7_unresolved
podporujiblokadu.cz,1,http_only:7_unresolved
polacyizydzi.pl,1,http_only:7_unresolved
polarbearleague.org,1,http_only:7_unresolved
polschint.ru,1,http_only:7_unresolved
polskakasynomostbet.pl,1,http_only:7_unresolved
pontevedranaturals.com,1,http_only:7_unresolved
porohobot.net,1,http_only:7_unresolved
potapenikucera.cz,1,http_only:7_unresolved
prehled.net,1,http_only:7_unresolved
prezidentblanik.cz,1,http_only:7_unresolved
prirodnimedicinabrno.cz,1,http_only:7_unresolved
pro-base.eu,1,http_only:7_unresolved
prochebsko.cz,1,http_only:7_unresolved
prohibitomixology.com,1,http_only:7_unresolved
promokod-pri-registracii.ru,1,http_only:7_unresolved
prosnooker.cz,1,http_only:7_unresolved
publizist.ru,1,http_only:7_unresolved
puffonline.pt,1,http_only:7_unresolved
qhtxeber.az,1,http_only:7_unresolved
quizible.com,1,http_only:7_unresolved
radeknowak.com.pl,1,http_only:7_unresolved
rajtmester.hu,1,http_only:7_unresolved
rakeshenterprises.co.in,1,http_only:7_unresolved
ranabrothers.pk,1,http_only:7_unresolved
raphael67.com,1,http_only:7_unresolved
ratingonline2026.com,1,http_only:7_unresolved
ravadar.com,1,http_only:7_unresolved
ravenstein-weer.eu,1,http_only:7_unresolved
rb-health.com.ua,1,http_only:7_unresolved
rcboards.co.za,1,http_only:7_unresolved
rccbrass.com,1,http_only:7_unresolved
redeemeddecor.org,1,http_only:7_unresolved
redepharmarun.com,1,http_only:7_unresolved
redonystudio.hu,1,http_only:7_unresolved
redorange.com.pl,1,http_only:7_unresolved
refmaniya.org.ua,1,http_only:7_unresolved
regencytrust.in,1,http_only:7_unresolved
registermostbet.com,1,http_only:7_unresolved
reklimme.ru,1,http_only:7_unresolved
religiousconsultation.org,1,http_only:7_unresolved
remlink.pl,1,http_only:7_unresolved
remorquagelourdcantin.com,1,http_only:7_unresolved
rentacarsierraleone.com,1,http_only:7_unresolved
restauracemlyny.cz,1,http_only:7_unresolved
restaurantesecuador.top,1,http_only:7_unresolved
return2innocence.cz,1,http_only:7_unresolved
rezeptfrei-fuchs.net,1,http_only:7_unresolved
rhmaroccom.com,1,http_only:7_unresolved
roccaarchitettura.it,1,http_only:7_unresolved
rogtonjovunk.hu,1,http_only:7_unresolved
romajo.hu,1,http_only:7_unresolved
rostovdosug.ru,1,http_only:7_unresolved
royalkbr.pics,1,http_only:7_unresolved
royalphotoframe.in,1,http_only:7_unresolved
rtsshop.it,1,http_only:7_unresolved
russiangambling.net,1,http_only:7_unresolved
ryat.info,1,http_only:7_unresolved
sad-lopatina.org.ua,1,http_only:7_unresolved
saintjohnbrooklynmd.org,1,http_only:7_unresolved
sajtwebaruhaz.hu,1,http_only:7_unresolved
salarpuriasattvaserenelife.net.in,1,http_only:7_unresolved
saltlampcraft.com,1,http_only:7_unresolved
sam-ek.ru,1,http_only:7_unresolved
sanganphotography.com,1,http_only:7_unresolved
sapporosushikingston.com,1,http_only:7_unresolved
sarojagro.com,1,http_only:7_unresolved
sashagray.site,1,http_only:7_unresolved
satelites-medicina.com,1,http_only:7_unresolved
saulmafreitas.com.br,1,http_only:7_unresolved
savariababa.hu,1,http_only:7_unresolved
savariatse.hu,1,http_only:7_unresolved
sch05ukhta.ru,1,http_only:7_unresolved
school18ufa.ru,1,http_only:7_unresolved
schoolinsights.org,1,http_only:7_unresolved
seacatcolonia.com.ar,1,http_only:7_unresolved
seide.id,1,http_only:7_unresolved
sentinelgame.com,1,http_only:7_unresolved
sevdamizidokuyoruz.com,1,http_only:7_unresolved
sezioneaurea.com,1,http_only:7_unresolved
shcofbuckhead.com,1,http_only:7_unresolved
showbizdata.com,1,http_only:7_unresolved
shrockworks.com,1,http_only:7_unresolved
sietarrussia.ru,1,http_only:7_unresolved
signalzonebot.com,1,http_only:7_unresolved
silvatech.cz,1,http_only:7_unresolved
sismica2024.pt,1,http_only:7_unresolved
skateshop-goofy.cz,1,http_only:7_unresolved
skinfoodapothecary.co.za,1,http_only:7_unresolved
skitchen.in,1,http_only:7_unresolved
slammedhospitalitytalk.com,1,http_only:7_unresolved
sleeplessclinic.com,1,http_only:7_unresolved
smartlasercentrum.cz,1,http_only:7_unresolved
smcwroclaw.pl,1,http_only:7_unresolved
smothersbrothers.com,1,http_only:7_unresolved
societeclement.com,1,http_only:7_unresolved
solectron.hu,1,http_only:7_unresolved
soliqvahayot.uz,1,http_only:7_unresolved
solnajeskynekv.cz,1,http_only:7_unresolved
somosbasket.com,1,http_only:7_unresolved
sonneriesvip.com,1,http_only:7_unresolved
sophiecohen.com.mx,1,http_only:7_unresolved
sorozatinfo.hu,1,http_only:7_unresolved
sosyalhizmetteyiz.com,1,http_only:7_unresolved
sosyalsiyaset.net,1,http_only:7_unresolved
sourabheedebbarma.com,1,http_only:7_unresolved
southbeachtanningsalons.com,1,http_only:7_unresolved
speakergideon.com,1,http_only:7_unresolved
spindlil.pics,1,http_only:7_unresolved
spo-lab.ru,1,http_only:7_unresolved
sporkral.com,1,http_only:7_unresolved
spravci-pohledavek.cz,1,http_only:7_unresolved
stadlerrail.hu,1,http_only:7_unresolved
stcatharinesconcrete.com,1,http_only:7_unresolved
steamcarnival.com,1,http_only:7_unresolved
stilnaya-svadba.com.ua,1,http_only:7_unresolved
streleckydenkunka.cz,1,http_only:7_unresolved
studujreality.cz,1,http_only:7_unresolved
suchovkraji.cz,1,http_only:7_unresolved
suknie-wieczorowe.com.pl,1,http_only:7_unresolved
sunarcana.com,1,http_only:7_unresolved
superpredictorbot.com,1,http_only:7_unresolved
supertutorial.hu,1,http_only:7_unresolved
sushissimo.pt,1,http_only:7_unresolved
svabbaukft.hu,1,http_only:7_unresolved
svanekeis.dk,1,http_only:7_unresolved
swspeedmotors.com,1,http_only:7_unresolved
symbolicsdomainsltd.pl,1,http_only:7_unresolved
sysgo.live,1,http_only:7_unresolved
szangaflotta.hu,1,http_only:7_unresolved
szegedifogorvosnapok.hu,1,http_only:7_unresolved
szehitel.hu,1,http_only:7_unresolved
szekelyfoto.hu,1,http_only:7_unresolved
szentlaszloev.hu,1,http_only:7_unresolved
szimba-fegya.hu,1,http_only:7_unresolved
szime3d.hu,1,http_only:7_unresolved
sztarfotok.hu,1,http_only:7_unresolved
t-voice.net,1,http_only:7_unresolved
tab66nepal.com,1,http_only:7_unresolved
tacticaldefenseinitiative.com,1,http_only:7_unresolved
tapetyteplice.cz,1,http_only:7_unresolved
tarathompson.com,1,http_only:7_unresolved
tdnko.cz,1,http_only:7_unresolved
technologyrest.com,1,http_only:7_unresolved
temporg.hu,1,http_only:7_unresolved
tenisz-open.hu,1,http_only:7_unresolved
tennisinfo.az,1,http_only:7_unresolved
tenzid.hu,1,http_only:7_unresolved
tettye-irmautitanosveny.hu,1,http_only:7_unresolved
thebalmofficial.ru,1,http_only:7_unresolved
thecandyfactoryla.com,1,http_only:7_unresolved
theconsul.com.pk,1,http_only:7_unresolved
thecorbettdowntown.in,1,http_only:7_unresolved
thegentlesavior.com,1,http_only:7_unresolved
thegreenguide.com,1,http_only:7_unresolved
themostbet.org,1,http_only:7_unresolved
thenmbc.com,1,http_only:7_unresolved
thepaintbucketva.com,1,http_only:7_unresolved
thepickmarket.com.ar,1,http_only:7_unresolved
thinkingthroughchristianity.com,1,http_only:7_unresolved
thorntondentalwellness.com,1,http_only:7_unresolved
tiers-payant.org,1,http_only:7_unresolved
tipica.org,1,http_only:7_unresolved
titofirma.pl,1,http_only:7_unresolved
tndconsult.com,1,http_only:7_unresolved
tobacs.pk,1,http_only:7_unresolved
tommypetportugal.com,1,http_only:7_unresolved
topcasinoegypt.com,1,http_only:7_unresolved
topfitgroup.com.br,1,http_only:7_unresolved
topmostbetgame.com,1,http_only:7_unresolved
topptipp.hu,1,http_only:7_unresolved
tr-mostbet.com,1,http_only:7_unresolved
transbrakebutton.com,1,http_only:7_unresolved
transparency-usa.org,1,http_only:7_unresolved
tripr.pt,1,http_only:7_unresolved
trmilkandhoneyatl.com,1,http_only:7_unresolved
troopsocial.com,1,http_only:7_unresolved
trustcash.cz,1,http_only:7_unresolved
tukorterem.hu,1,http_only:7_unresolved
twinpinescc.org,1,http_only:7_unresolved
ty-le-keo.futbol,1,http_only:7_unresolved
ultimate-gt.com,1,http_only:7_unresolved
ultradbf.pics,1,http_only:7_unresolved
umdiavamos.com,1,http_only:7_unresolved
umkhl.com,1,http_only:7_unresolved
unanihealth.in,1,http_only:7_unresolved
unitycollege.in,1,http_only:7_unresolved
unteam.cz,1,http_only:7_unresolved
ursvibes.pics,1,http_only:7_unresolved
usaimport.cz,1,http_only:7_unresolved
uvinal-shop.ru,1,http_only:7_unresolved
uz1-mostbet.com,1,http_only:7_unresolved
uzbekistan-woldcup-2026.org,1,http_only:7_unresolved
uzbet-mostbet.com,1,http_only:7_unresolved
uzbet-mostbet.ink,1,http_only:7_unresolved
uze-mostbet.com,1,http_only:7_unresolved
vacancyopen.com,1,http_only:7_unresolved
vanphongport.net,1,http_only:7_unresolved
vasara.cz,1,http_only:7_unresolved
vasextra.fi,1,http_only:7_unresolved
vbiz.com.ua,1,http_only:7_unresolved
veelit.ru,1,http_only:7_unresolved
veondapp.pt,1,http_only:7_unresolved
videribeauty.com,1,http_only:7_unresolved
vignobleterredespassions.com,1,http_only:7_unresolved
vino-antika.cz,1,http_only:7_unresolved
vinotekasommelier.cz,1,http_only:7_unresolved
visitrussiaspain.es,1,http_only:7_unresolved
vistadeishelties.com,1,http_only:7_unresolved
vitisport.ru,1,http_only:7_unresolved
vlc.vin,1,http_only:7_unresolved
vlogmag.pl,1,http_only:7_unresolved
vofelysandor.hu,1,http_only:7_unresolved
vokzal-service.kz,1,http_only:7_unresolved
volnacasinoru.ru,1,http_only:7_unresolved
volnakazino-online.ru,1,http_only:7_unresolved
votre-design.com,1,http_only:7_unresolved
watermark.hu,1,http_only:7_unresolved
wbofortune.top,1,http_only:7_unresolved
webtelegram.net,1,http_only:7_unresolved
wedme.cz,1,http_only:7_unresolved
weizhoudao.org,1,http_only:7_unresolved
widetagsolutions.com,1,http_only:7_unresolved
winspin.living,1,http_only:7_unresolved
wirenews.co,1,http_only:7_unresolved
wksonline.pics,1,http_only:7_unresolved
wonderfest.cz,1,http_only:7_unresolved
wordel.in,1,http_only:7_unresolved
wordpressandseo.com,1,http_only:7_unresolved
world-wide-tradition.com,1,http_only:7_unresolved
wrestlingdotcom.com,1,http_only:7_unresolved
wspieramgastro.pl,1,http_only:7_unresolved
wsquared.co.za,1,http_only:7_unresolved
wubi-installer.org,1,http_only:7_unresolved
wwwmostbet.com,1,http_only:7_unresolved
wwwmostbetph.com,1,http_only:7_unresolved
wytworniawizualna.pl,1,http_only:7_unresolved
wzywajzglowa.pl,1,http_only:7_unresolved
xanim.net,1,http_only:7_unresolved
xdigitalmedia.online,1,http_only:7_unresolved
xinchaorestaurace.cz,1,http_only:7_unresolved
xiuyangyl.com,1,http_only:7_unresolved
xn-----8kcgdcem6bm0aadbbbqhx4a1p.xn--p1ai,1,http_only:7_unresolved
xn----8sbabu5akq1adhcf2e0d.kz,1,http_only:7_unresolved
xn----8sbanfg6afcfqb9prb.xn--p1ai,1,http_only:7_unresolved
xn----8sbbqmglmqci1anc.kz,1,http_only:7_unresolved
xn----9sbeic4boewkc2b.kz,1,http_only:7_unresolved
xn---131-43db3ei0a0cl4c.xn--p1ai,1,http_only:7_unresolved
xn--156-5cd3cgu2f.xn--p1ai,1,http_only:7_unresolved
xn--80aael0aesd4a9b0d.xn--p1ai,1,http_only:7_unresolved
xn--80abbijju5a2a.xn--p1ai,1,http_only:7_unresolved
xn--h1acdfggncfk.xn--p1ai,1,http_only:7_unresolved
xn--ubezpieczenialubartw-t8b.pl,1,http_only:7_unresolved
yallashoot-pro.com,1,http_only:7_unresolved
ycgpackaging.net,1,http_only:7_unresolved
yeekong.online,1,http_only:7_unresolved
yerelmedyavt.com,1,http_only:7_unresolved
yesilantep.org,1,http_only:7_unresolved
yogottimusic.com,1,http_only:7_unresolved
youyuanep.com,1,http_only:7_unresolved
yuvarla.org,1,http_only:7_unresolved
zahradasvitavy.cz,1,http_only:7_unresolved
zamawiamcv.pl,1,http_only:7_unresolved
zdrowie.naklo.pl,1,http_only:7_unresolved
zerkalo-mostbet-one.com,1,http_only:7_unresolved
zerkalo-mostbet.com,1,http_only:7_unresolved
zerkalo-mostbet.ru,1,http_only:7_unresolved
zerkalo-mostbet1.ru,1,http_only:7_unresolved
zeusvshades-battle.life,1,http_only:7_unresolved
zlotaraczkawawa.pl,1,http_only:7_unresolved
zominsuffahotel.uz,1,http_only:7_unresolved
zoundryraven.com,1,http_only:7_unresolved
zsth.zagan.pl,1,http_only:7_unresolved
zuul.menu,1,http_only:7_unresolved
zyratimes.com,1,http_only:7_unresolved
1mostbet.com,2,cloudflare_403
1mostbetkz.com,2,cloudflare_503
1mostbett.top,2,cloudflare_403
1xbet-bonus.in,2,cloudflare_403
2025mostbet.xyz,2,cloudflare_500
312ankarainsaat.com,2,cloudflare_500
3alnasya.org,2,cloudflare_500
7mostbet.ru,2,cloudflare_503
888mostbet-3812.ru,2,cloudflare_503
aciklastikci.com.tr,2,cloudflare_403
advertising-support.com,2,cloudflare_410
afyoresel.com,2,cloudflare_500
aipet.kz,2,cloudflare_444
aleonagarifullina.net,2,cloudflare_410
altonroomescape.com,2,cloudflare_403
amer-bud.com.pl,2,cloudflare_403
analyticsolution.co.in,2,cloudflare_429
apk-mostbet-official708.top,2,cloudflare_503
apk-mostbet.kz,2,cloudflare_403
apk-mostbet.xyz,2,cloudflare_403
apkmostbet-app.com,2,cloudflare_403
apkmostbet.site,2,cloudflare_503
app-mostbet.net,2,cloudflare_401
app-mostbet.site,2,cloudflare_503
app-mostbet1.site,2,cloudflare_503
appleservice.am,2,cloudflare_500
appmostbet.kz,2,cloudflare_503
appmostbet.ru,2,cloudflare_503
appmostbet.site,2,cloudflare_503
ascottonline.in,2,cloudflare_404
asomif.org,2,cloudflare_403
assistotv.com,2,cloudflare_403
atlanticyardswatch.net,2,cloudflare_403
audio-megamarket.ru,2,cloudflare_410
australiavpn.net,2,cloudflare_410
automasters.uz,2,cloudflare_403
aviator-mostbet.com.kz,2,cloudflare_503
azemostbet.com,2,cloudflare_403
azepoxyfloor.com,2,cloudflare_403
azer-mostbet.com,2,cloudflare_403
azmostbet-az2026.ink,2,cloudflare_403
badkubeh.com,2,cloudflare_403
balabanlar.com.tr,2,cloudflare_403
baristx.com,2,cloudflare_403
bayan24.web.tr,2,cloudflare_403
bayanarkadasilanlari.net,2,cloudflare_403
bd-mostbet.net,2,cloudflare_401
beachathleticfund.com,2,cloudflare_500
bearsstavern.com,2,cloudflare_403
becomingtrulyhuman.com,2,cloudflare_403
belladonna-kolin.cz,2,cloudflare_500
bemostbet.com,2,cloudflare_401
benet-automotive.cz,2,cloudflare_400
bes-mostbet.top,2,cloudflare_403
best-mostbet-casino-promotions.top,2,cloudflare_404
besttracker.cz,2,cloudflare_400
betmgm.com,2,cloudflare_403
betting-mostbet-tr.com,2,cloudflare_404
bharatseen.com,2,cloudflare_404
bigbendtravelplaza.com,2,cloudflare_403
biskot.com.tr,2,cloudflare_403
bk-mostbet-site.ru,2,cloudflare_503
bk-mostbet.ru,2,cloudflare_503
blcegypt.org,2,cloudflare_403
blizejnatury.net,2,cloudflare_403
blossomwordgame2.com,2,cloudflare_403
bonjurparti.com.tr,2,cloudflare_403
bonus-mostbet.com,2,cloudflare_503
bukmaker-mostbet.com,2,cloudflare_503
burakaykurt.com.tr,2,cloudflare_403
cambridgeinstitute.org.in,2,cloudflare_401
casino-bonus-ohne-einzahlung.or.at,2,cloudflare_406
casino-mostbet-az.in.net,2,cloudflare_404
casino-mostbet-azerbaycan.in.net,2,cloudflare_404
casino-mostbet-online3.top,2,cloudflare_503
casino-mostbet.biz,2,cloudflare_403
casino-mostbet.buzz,2,cloudflare_503
casino-mostbet.club,2,cloudflare_403
casino-mostbet.kz,2,cloudflare_444
casino-mostbet.pro,2,cloudflare_403
casino-mostbet.vip,2,cloudflare_403
casino-mostbet554.com,2,cloudflare_403
casinomostbet-pk.com,2,cloudflare_403
casinomostbet.com.pt,2,cloudflare_403
cat-bag.pl,2,cloudflare_403
cazino-mostbet.org.ru,2,cloudflare_503
cazzino-mostbet7315.ru,2,cloudflare_503
ccv-mostbet.top,2,cloudflare_403
centralasia-biz.com,2,cloudflare_403
chameleonlauncher.com,2,cloudflare_404
childcareindiana.org,2,cloudflare_403
chinesehospital.pk,2,cloudflare_403
ciepukacademy.com,2,cloudflare_429
cinemaalmariah.com,2,cloudflare_500
clicksudd.biz,2,cloudflare_500
clubofpassion.com,2,cloudflare_403
connellyforsheriff.com,2,cloudflare_500
coyotemanband.com,2,cloudflare_403
creativemostbet-3907.ru,2,cloudflare_503
cribsieawards.com,2,cloudflare_403
crickbangla.com,2,cloudflare_403
cult-and-art.net,2,cloudflare_403
cz-mostbet.cz,2,cloudflare_403
cz-mostbet.org,2,cloudflare_403
dailyprothomalo.com,2,cloudflare_403
daliceelizabeth.com,2,cloudflare_403
dasbratwursthaus.com,2,cloudflare_403
deadlykisses.org,2,cloudflare_410
dekoratifdogaltas.net,2,cloudflare_500
dekra.com.tr,2,cloudflare_403
dellsboffers.com,2,cloudflare_403
dental-scout.com,2,cloudflare_403
dermotoleary.net,2,cloudflare_403
dhrubajyoti.net,2,cloudflare_403
diablicospanama.com,2,cloudflare_403
divadloprojekt2.cz,2,cloudflare_400
dm-yandex-direct.ru,2,cloudflare_410
dorksidetoys.com,2,cloudflare_403
dota24.ru,2,cloudflare_503
download-casino-mostbet.ru,2,cloudflare_403
dreamingfreedom.top,2,cloudflare_403
dukemotel.co.nz,2,cloudflare_403
dytsadok.info,2,cloudflare_403
dzenokna.ru,2,cloudflare_503
eatsofficial.com,2,cloudflare_403
ebru.cz,2,cloudflare_500
ecemakinci.com.tr,2,cloudflare_403
ecidlovesyou.com,2,cloudflare_403
ecwpgt.com,2,cloudflare_404
eduemirates.com,2,cloudflare_500
egyptfan.ru,2,cloudflare_503
elcornerdelsur.com,2,cloudflare_404
elmeda.net,2,cloudflare_404
emma-toolkit.org,2,cloudflare_403
energy-system.uz,2,cloudflare_404
eskortebi.link,2,cloudflare_403
f3-mostbet.top,2,cloudflare_403
factorycucine.com,2,cloudflare_500
facult.cz,2,cloudflare_403
fcsd.tv,2,cloudflare_410
ferforje.gen.tr,2,cloudflare_403
financialadvisorhonoluluhi.com,2,cloudflare_404
findara.co,2,cloudflare_500
finearts.uz,2,cloudflare_404
finishe-house.ru,2,cloudflare_503
firat-muhendislik.com.tr,2,cloudflare_403
fitzonebodrum.com,2,cloudflare_401
flowspec.ru,2,cloudflare_403
forlove.uz,2,cloudflare_404
formation-formateur-grenoble.com,2,cloudflare_500
galgoes.com,2,cloudflare_403
gamblemostbet-6223.ru,2,cloudflare_503
gardenoflove.pl,2,cloudflare_403
genderiada.cz,2,cloudflare_500
gfds-inc.com,2,cloudflare_500
gk88.blog,2,cloudflare_503
gomostbet-uz.com,2,cloudflare_401
gomostbet.com,2,cloudflare_401
govy40.com,2,cloudflare_500
grahamnorton.net,2,cloudflare_500
gree-egypt.com,2,cloudflare_500
guidebook-mostbet.ru,2,cloudflare_403
guidecomputer.ru,2,cloudflare_503
gustavogogola.com,2,cloudflare_400
h0-mostbet.top,2,cloudflare_403
hanzelkazikmund.cz,2,cloudflare_403
hausofcarslv.com,2,cloudflare_500
hecklerandkochfirearms.com,2,cloudflare_403
helpwithbowling.com,2,cloudflare_500
heryonetlyukle.com,2,cloudflare_410
hitmobile.pk,2,cloudflare_403
hollywoodartinstitute.com,2,cloudflare_403
https-mostbet.com,2,cloudflare_403
hypnosisfirst.com,2,cloudflare_403
i-spas.cz,2,cloudflare_400
iamnikon.in,2,cloudflare_404
ifpmm.org,2,cloudflare_403
indibet-bet.in,2,cloudflare_404
indodatacenter.org,2,cloudflare_500
inmostbet.com,2,cloudflare_401
innovolo-group.com,2,cloudflare_410
iqkeysupply.com,2,cloudflare_500
israeltenniscenters.org,2,cloudflare_403
ita7a.net,2,cloudflare_500
jednastopa.com,2,cloudflare_403
jojomama.com.tr,2,cloudflare_403
kabai.hu,2,cloudflare_502
kaloriynosti.ru,2,cloudflare_503
kayseriehaber.com,2,cloudflare_403
kether.com.tr,2,cloudflare_403
kiziaz.com,2,cloudflare_403
kredinotu.gen.tr,2,cloudflare_403
ktu16.ru,2,cloudflare_503
kulturastolic.ru,2,cloudflare_403
kz-mostbet.com,2,cloudflare_403
kzmostbet.com,2,cloudflare_403
l2tomsk.ru,2,cloudflare_503
labellesalon.co.in,2,cloudflare_403
laced-app.com,2,cloudflare_403
latoscananono.com.ar,2,cloudflare_404
leifberger.com,2,cloudflare_403
leo-vegas-casino-uk.com,2,cloudflare_403
leoncasino-officialsite.net,2,cloudflare_403
leoncasino-officialsite.org,2,cloudflare_403
leoncasino-officialsite.pro,2,cloudflare_403
lescheminsdemusique.org,2,cloudflare_500
lifemostbetter.com,2,cloudflare_500
lifespanohio.org,2,cloudflare_403
lionhartbrassware.com,2,cloudflare_500
livaglutensiz.com.tr,2,cloudflare_403
lobpsd.org,2,cloudflare_500
login-mostbet.com,2,cloudflare_503
login-mts.ru,2,cloudflare_503
lost-site-1.org,2,cloudflare_404
lostsite45.com,2,cloudflare_404
lownfoundation.org,2,cloudflare_500
luntik-vse-serii.ru,2,cloudflare_503
lyricsoundtrack.com,2,cloudflare_403
makeitortakeit.in,2,cloudflare_403
makromedikal.com.tr,2,cloudflare_403
mansmostbet-396.ru,2,cloudflare_503
mastermicrofinance.com,2,cloudflare_500
mbp-bet.com,2,cloudflare_403
mbsnaturopathy.in,2,cloudflare_500
mchs-lnr.su,2,cloudflare_410
megagame.vegas,2,cloudflare_403
menlohomes.in,2,cloudflare_500
meta-connect.io,2,cloudflare_404
mexico-mostbet.com,2,cloudflare_403
minimilitiaapkmod-mostbet.in.net,2,cloudflare_403
minimilitiaapkmod.net,2,cloudflare_403
mobiistar.in,2,cloudflare_403
mobil-mostbet-casino.top,2,cloudflare_404
mobil-mostbet-slot.top,2,cloudflare_404
mobile-friendly-mostbet-app.top,2,cloudflare_404
most-bet-2026.click,2,cloudflare_404
most-bet-2026.digital,2,cloudflare_404
most-bet-2026.help,2,cloudflare_404
most-bet-2026.live,2,cloudflare_404
most-bet-777.top,2,cloudflare_404
most-bet-bangladesh.com,2,cloudflare_403
most-bet-casino.net,2,cloudflare_403
most-bet-casino.org,2,cloudflare_403
most-bet-kirish.com,2,cloudflare_502
most-bet-kz.com,2,cloudflare_401
most-bet-pt.com,2,cloudflare_502
most-bet-registration.top,2,cloudflare_404
most-bet-uz.top,2,cloudflare_404
most-bet.app,2,cloudflare_503
most-bet.cfd,2,cloudflare_404
most-bet.live,2,cloudflare_404
most-bet.qpon,2,cloudflare_404
most-bet.win,2,cloudflare_502
most-betcasino.com,2,cloudflare_403
most-bets.de,2,cloudflare_403
most-betuz.com,2,cloudflare_403
mostbet-006it.sbs,2,cloudflare_403
mostbet-00h6w.pro,2,cloudflare_403
mostbet-021we.buzz,2,cloudflare_403
mostbet-027t8.sbs,2,cloudflare_403
mostbet-033ff.info,2,cloudflare_403
mostbet-04k86.xyz,2,cloudflare_403
mostbet-06y2l.info,2,cloudflare_403
mostbet-07395.life,2,cloudflare_403
mostbet-08z51.sbs,2,cloudflare_403
mostbet-09sd.xyz,2,cloudflare_403
mostbet-0a158.xyz,2,cloudflare_403
mostbet-0ah.top,2,cloudflare_403
mostbet-0avs8.life,2,cloudflare_403
mostbet-0cjjb.life,2,cloudflare_403
mostbet-0d9fb.blog,2,cloudflare_403
mostbet-0e17g.cfd,2,cloudflare_403
mostbet-0e6sr.buzz,2,cloudflare_403
mostbet-0ed1t.buzz,2,cloudflare_403
mostbet-0gebn.top,2,cloudflare_403
mostbet-0glp8.cfd,2,cloudflare_403
mostbet-0jrw.xyz,2,cloudflare_403
mostbet-0l7c.xyz,2,cloudflare_403
mostbet-0m6r5.life,2,cloudflare_403
mostbet-0md0.xyz,2,cloudflare_403
mostbet-0nd1i.pro,2,cloudflare_403
mostbet-0qo.top,2,cloudflare_403
mostbet-0r0i9.xyz,2,cloudflare_403
mostbet-0rawk.blog,2,cloudflare_403
mostbet-0uzt8.blog,2,cloudflare_403
mostbet-0v08t.pro,2,cloudflare_403
mostbet-0vwi.buzz,2,cloudflare_503
mostbet-0whyn.top,2,cloudflare_403
mostbet-0z2yo.buzz,2,cloudflare_403
mostbet-0zg3h.cfd,2,cloudflare_403
mostbet-0zqo4.xyz,2,cloudflare_403
mostbet-100.top,2,cloudflare_503
mostbet-1059d.life,2,cloudflare_403
mostbet-111rd.top,2,cloudflare_403
mostbet-111rf.top,2,cloudflare_403
mostbet-111rs.top,2,cloudflare_503
mostbet-12zms.life,2,cloudflare_403
mostbet-1405v.pro,2,cloudflare_403
mostbet-155.xyz,2,cloudflare_503
mostbet-16f2.xyz,2,cloudflare_403
mostbet-16gp.xyz,2,cloudflare_403
mostbet-17bnu.xyz,2,cloudflare_403
mostbet-17jvm.sbs,2,cloudflare_403
mostbet-18h9y.sbs,2,cloudflare_403
mostbet-1a.xyz,2,cloudflare_403
mostbet-1a4t5.pro,2,cloudflare_403
mostbet-1a78s.club,2,cloudflare_403
mostbet-1avq4.pro,2,cloudflare_403
mostbet-1avvb.cfd,2,cloudflare_403
mostbet-1b.xyz,2,cloudflare_403
mostbet-1bcme.icu,2,cloudflare_403
mostbet-1bou.xyz,2,cloudflare_403
mostbet-1ces5.xyz,2,cloudflare_403
mostbet-1d.xyz,2,cloudflare_403
mostbet-1d2q.xyz,2,cloudflare_403
mostbet-1d9fo.blog,2,cloudflare_403
mostbet-1dojy.icu,2,cloudflare_403
mostbet-1e.xyz,2,cloudflare_403
mostbet-1eebh.top,2,cloudflare_403
mostbet-1efnc.cfd,2,cloudflare_403
mostbet-1f.xyz,2,cloudflare_403
mostbet-1g.xyz,2,cloudflare_403
mostbet-1g1gq.info,2,cloudflare_403
mostbet-1h.xyz,2,cloudflare_403
mostbet-1i.xyz,2,cloudflare_403
mostbet-1ih1z.blog,2,cloudflare_403
mostbet-1inv.top,2,cloudflare_503
mostbet-1j.xyz,2,cloudflare_503
mostbet-1jz1v.cfd,2,cloudflare_403
mostbet-1ke1r.xyz,2,cloudflare_403
mostbet-1llmd.buzz,2,cloudflare_403
mostbet-1mv5.xyz,2,cloudflare_403
mostbet-1my3.xyz,2,cloudflare_403
mostbet-1onjw.lol,2,cloudflare_403
mostbet-1oxtk.blog,2,cloudflare_403
mostbet-1pro1.top,2,cloudflare_503
mostbet-1pro2.top,2,cloudflare_503
mostbet-1pv0k.club,2,cloudflare_403
mostbet-1qlbw.icu,2,cloudflare_403
mostbet-1skz9.pro,2,cloudflare_403
mostbet-1st.xyz,2,cloudflare_503
mostbet-1t.xyz,2,cloudflare_403
mostbet-1tb.top,2,cloudflare_403
mostbet-1tbyf.buzz,2,cloudflare_403
mostbet-1tg.top,2,cloudflare_403
mostbet-1th.top,2,cloudflare_403
mostbet-1ti.top,2,cloudflare_403
mostbet-1tk.top,2,cloudflare_403
mostbet-1tmz1.pro,2,cloudflare_403
mostbet-1toh3.lol,2,cloudflare_403
mostbet-1tpsj.icu,2,cloudflare_403
mostbet-1x.xyz,2,cloudflare_403
mostbet-1xoej.life,2,cloudflare_403
mostbet-1y6ny.pro,2,cloudflare_403
mostbet-1yf3.xyz,2,cloudflare_403
mostbet-200.top,2,cloudflare_503
mostbet-2024.com,2,cloudflare_403
mostbet-2024.net,2,cloudflare_403
mostbet-2025.click,2,cloudflare_404
mostbet-2025.digital,2,cloudflare_404
mostbet-2025.life,2,cloudflare_404
mostbet-2025.win,2,cloudflare_404
mostbet-20f3x.club,2,cloudflare_403
mostbet-21.top,2,cloudflare_503
mostbet-21.xyz,2,cloudflare_403
mostbet-21nt.xyz,2,cloudflare_403
mostbet-22edl.top,2,cloudflare_403
mostbet-23js.xyz,2,cloudflare_403
mostbet-23u8m.pro,2,cloudflare_403
mostbet-24.xyz,2,cloudflare_403
mostbet-240.ru,2,cloudflare_503
mostbet-244.com,2,cloudflare_503
mostbet-24c9.xyz,2,cloudflare_403
mostbet-24f8d.pro,2,cloudflare_403
mostbet-24p2.xyz,2,cloudflare_403
mostbet-25ooe.sbs,2,cloudflare_403
mostbet-27ikz.xyz,2,cloudflare_403
mostbet-27vjx.cfd,2,cloudflare_403
mostbet-29.xyz,2,cloudflare_403
mostbet-29h64.club,2,cloudflare_403
mostbet-2a.xyz,2,cloudflare_403
mostbet-2ab.xyz,2,cloudflare_403
mostbet-2aocb.xyz,2,cloudflare_503
mostbet-2aocr.sbs,2,cloudflare_403
mostbet-2baj.xyz,2,cloudflare_403
mostbet-2dc.xyz,2,cloudflare_403
mostbet-2dls3.top,2,cloudflare_503
mostbet-2ds.xyz,2,cloudflare_403
mostbet-2ec.xyz,2,cloudflare_403
mostbet-2el.xyz,2,cloudflare_503
mostbet-2ev.buzz,2,cloudflare_503
mostbet-2f4m.buzz,2,cloudflare_503
mostbet-2fa.xyz,2,cloudflare_403
mostbet-2fagm.top,2,cloudflare_403
mostbet-2gejo.pro,2,cloudflare_403
mostbet-2gf.xyz,2,cloudflare_403
mostbet-2gt2e.sbs,2,cloudflare_403
mostbet-2gt9v.xyz,2,cloudflare_403
mostbet-2h.xyz,2,cloudflare_403
mostbet-2h3xk.info,2,cloudflare_403
mostbet-2i.xyz,2,cloudflare_403
mostbet-2ibjk.top,2,cloudflare_403
mostbet-2ij.xyz,2,cloudflare_403
mostbet-2jlj.xyz,2,cloudflare_403
mostbet-2karr.blog,2,cloudflare_403
mostbet-2ld48.life,2,cloudflare_403
mostbet-2m.xyz,2,cloudflare_403
mostbet-2m08p.cfd,2,cloudflare_403
mostbet-2mm4l.cfd,2,cloudflare_403
mostbet-2otck.cfd,2,cloudflare_403
mostbet-2p3s.xyz,2,cloudflare_403
mostbet-2p8p6.life,2,cloudflare_403
mostbet-2r6rn.lol,2,cloudflare_403
mostbet-2sgg.xyz,2,cloudflare_403
mostbet-2t.xyz,2,cloudflare_403
mostbet-2tay3.sbs,2,cloudflare_403
mostbet-2uhke.top,2,cloudflare_503
mostbet-2uyf9.life,2,cloudflare_403
mostbet-2wggd.info,2,cloudflare_403
mostbet-2wta.xyz,2,cloudflare_403
mostbet-2x.xyz,2,cloudflare_403
mostbet-2xqkx.lol,2,cloudflare_403
mostbet-2y6qg.xyz,2,cloudflare_403
mostbet-2yoyq.top,2,cloudflare_403
mostbet-2yqe6.life,2,cloudflare_403
mostbet-300.xyz,2,cloudflare_503
mostbet-30lxo.buzz,2,cloudflare_403
mostbet-30nbs.sbs,2,cloudflare_403
mostbet-312.top,2,cloudflare_503
mostbet-31nt.xyz,2,cloudflare_403
mostbet-32x.xyz,2,cloudflare_503
mostbet-33.top,2,cloudflare_503
mostbet-33njn.pro,2,cloudflare_403
mostbet-344-az.com,2,cloudflare_500
mostbet-347.com,2,cloudflare_503
mostbet-364o0.info,2,cloudflare_403
mostbet-37f3.xyz,2,cloudflare_403
mostbet-39bgy.xyz,2,cloudflare_403
mostbet-3a9j9.top,2,cloudflare_403
mostbet-3apzz.icu,2,cloudflare_403
mostbet-3b4pv.blog,2,cloudflare_403
mostbet-3enfj.lol,2,cloudflare_403
mostbet-3ew2.xyz,2,cloudflare_403
mostbet-3f3py.club,2,cloudflare_403
mostbet-3fknz.buzz,2,cloudflare_403
mostbet-3fp7z.pro,2,cloudflare_403
mostbet-3fvbi.sbs,2,cloudflare_403
mostbet-3h.xyz,2,cloudflare_403
mostbet-3hc92.pro,2,cloudflare_403
mostbet-3k3vi.icu,2,cloudflare_403
mostbet-3lgnc.top,2,cloudflare_403
mostbet-3lnl.xyz,2,cloudflare_403
mostbet-3m.xyz,2,cloudflare_403
mostbet-3obir.cfd,2,cloudflare_403
mostbet-3onli3.top,2,cloudflare_503
mostbet-3onli4.top,2,cloudflare_503
mostbet-3p90l.top,2,cloudflare_403
mostbet-3r1ty.pro,2,cloudflare_403
mostbet-3sd7a.cfd,2,cloudflare_403
mostbet-3sdps.pro,2,cloudflare_403
mostbet-3t2gq.blog,2,cloudflare_403
mostbet-3w9qj.top,2,cloudflare_403
mostbet-3x.xyz,2,cloudflare_403
mostbet-3xoh.xyz,2,cloudflare_403
mostbet-3ycyw.buzz,2,cloudflare_403
mostbet-3zr.xyz,2,cloudflare_403
mostbet-40b2l.top,2,cloudflare_403
mostbet-40flm.top,2,cloudflare_403
mostbet-40tt.xyz,2,cloudflare_403
mostbet-445go.icu,2,cloudflare_403
mostbet-454.xyz,2,cloudflare_503
mostbet-45fiy.cfd,2,cloudflare_403
mostbet-46hyt.buzz,2,cloudflare_403
mostbet-488ea.xyz,2,cloudflare_403
mostbet-48r16.xyz,2,cloudflare_403
mostbet-4a.xyz,2,cloudflare_403
mostbet-4a6vl.info,2,cloudflare_403
mostbet-4ari0.icu,2,cloudflare_403
mostbet-4bng.xyz,2,cloudflare_403
mostbet-4cjx6.life,2,cloudflare_403
mostbet-4et7.xyz,2,cloudflare_403
mostbet-4f5d.xyz,2,cloudflare_403
mostbet-4fgu0.info,2,cloudflare_403
mostbet-4g3j.xyz,2,cloudflare_403
mostbet-4h9pn.lol,2,cloudflare_403
mostbet-4hau.xyz,2,cloudflare_403
mostbet-4hmxz.sbs,2,cloudflare_403
mostbet-4hy9.xyz,2,cloudflare_503
mostbet-4i.xyz,2,cloudflare_403
mostbet-4ie8k.cfd,2,cloudflare_403
mostbet-4j095.cfd,2,cloudflare_403
mostbet-4k3ue.sbs,2,cloudflare_403
mostbet-4la.top,2,cloudflare_403
mostbet-4mm.top,2,cloudflare_403
mostbet-4noi6.xyz,2,cloudflare_403
mostbet-4nt6.buzz,2,cloudflare_503
mostbet-4or62.lol,2,cloudflare_403
mostbet-4p1az.xyz,2,cloudflare_403
mostbet-4p8h7.icu,2,cloudflare_403
mostbet-4pq2a.club,2,cloudflare_403
mostbet-4qt6a.xyz,2,cloudflare_403
mostbet-4rqu.xyz,2,cloudflare_403
mostbet-4t5fl.xyz,2,cloudflare_403
mostbet-4tomi.lol,2,cloudflare_403
mostbet-4tp43.sbs,2,cloudflare_403
mostbet-4uqp.xyz,2,cloudflare_403
mostbet-4x.xyz,2,cloudflare_403
mostbet-4xaa9.blog,2,cloudflare_403
mostbet-4ygbv.pro,2,cloudflare_403
mostbet-500.top,2,cloudflare_503
mostbet-50a0h.xyz,2,cloudflare_403
mostbet-50oc.xyz,2,cloudflare_403
mostbet-512.ru,2,cloudflare_503
mostbet-51cnk.xyz,2,cloudflare_403
mostbet-51dfs.blog,2,cloudflare_403
mostbet-51qzf.top,2,cloudflare_403
mostbet-52t2o.blog,2,cloudflare_403
mostbet-5587i.sbs,2,cloudflare_403
mostbet-569tg.top,2,cloudflare_403
mostbet-584s9.blog,2,cloudflare_403
mostbet-58l9.xyz,2,cloudflare_403
mostbet-59xyq.top,2,cloudflare_403
mostbet-5apmu.club,2,cloudflare_403
mostbet-5begw.sbs,2,cloudflare_403
mostbet-5fgjt.club,2,cloudflare_403
mostbet-5fn5v.top,2,cloudflare_403
mostbet-5id3n.cfd,2,cloudflare_403
mostbet-5im7i.blog,2,cloudflare_403
mostbet-5in8h.life,2,cloudflare_403
mostbet-5kzp8.pro,2,cloudflare_403
mostbet-5naoq.top,2,cloudflare_403
mostbet-5pv9b.life,2,cloudflare_403
mostbet-5q5sb.sbs,2,cloudflare_403
mostbet-5ruas.cfd,2,cloudflare_403
mostbet-5rz8x.cfd,2,cloudflare_403
mostbet-5sok.xyz,2,cloudflare_403
mostbet-5u0n0.top,2,cloudflare_403
mostbet-5wzc.xyz,2,cloudflare_403
mostbet-5xzdp.club,2,cloudflare_403
mostbet-606.xyz,2,cloudflare_503
mostbet-61792.lol,2,cloudflare_403
mostbet-61as9.icu,2,cloudflare_403
mostbet-61if3.pro,2,cloudflare_403
mostbet-624.top,2,cloudflare_503
mostbet-65xu.xyz,2,cloudflare_403
mostbet-666.ru,2,cloudflare_503
mostbet-694jw.buzz,2,cloudflare_403
mostbet-6a.xyz,2,cloudflare_403
mostbet-6a0g.xyz,2,cloudflare_403
mostbet-6bgmb.xyz,2,cloudflare_403
mostbet-6ce4.xyz,2,cloudflare_403
mostbet-6cff0.lol,2,cloudflare_403
mostbet-6ckji.pro,2,cloudflare_403
mostbet-6fwdu.life,2,cloudflare_403
mostbet-6g516.lol,2,cloudflare_403
mostbet-6gabc.club,2,cloudflare_403
mostbet-6i.xyz,2,cloudflare_403
mostbet-6j0no.buzz,2,cloudflare_403
mostbet-6jxw.xyz,2,cloudflare_403
mostbet-6lg38.sbs,2,cloudflare_403
mostbet-6mra1.life,2,cloudflare_403
mostbet-6n71.xyz,2,cloudflare_403
mostbet-6ng0b.pro,2,cloudflare_403
mostbet-6ovtt.cfd,2,cloudflare_403
mostbet-6r2s4.icu,2,cloudflare_403
mostbet-6s46z.club,2,cloudflare_403
mostbet-6so0d.top,2,cloudflare_503
mostbet-6t0u.xyz,2,cloudflare_403
mostbet-6u4q.xyz,2,cloudflare_403
mostbet-6vm1.xyz,2,cloudflare_403
mostbet-6wfj.xyz,2,cloudflare_403
mostbet-6xzjo.lol,2,cloudflare_403
mostbet-6ykwv.life,2,cloudflare_403
mostbet-7-24.click,2,cloudflare_404
mostbet-702ht.club,2,cloudflare_403
mostbet-70hg5.xyz,2,cloudflare_403
mostbet-70x5s.top,2,cloudflare_403
mostbet-72ttu.sbs,2,cloudflare_403
mostbet-73ale.pro,2,cloudflare_403
mostbet-750c.xyz,2,cloudflare_403
mostbet-76lc.xyz,2,cloudflare_403
mostbet-781lc.cfd,2,cloudflare_403
mostbet-783e.buzz,2,cloudflare_503
mostbet-78ac.buzz,2,cloudflare_503
mostbet-79o0.xyz,2,cloudflare_403
mostbet-7a.xyz,2,cloudflare_403
mostbet-7amqc.life,2,cloudflare_403
mostbet-7e5yi.blog,2,cloudflare_403
mostbet-7fd3v.sbs,2,cloudflare_403
mostbet-7ggg.buzz,2,cloudflare_403
mostbet-7h133.top,2,cloudflare_403
mostbet-7h8ye.life,2,cloudflare_403
mostbet-7i.xyz,2,cloudflare_403
mostbet-7iie.top,2,cloudflare_503
mostbet-7kcd.xyz,2,cloudflare_403
mostbet-7ktpa.buzz,2,cloudflare_403
mostbet-7mqry.cfd,2,cloudflare_403
mostbet-7odip.pro,2,cloudflare_403
mostbet-7os9j.xyz,2,cloudflare_403
mostbet-7pg85.info,2,cloudflare_403
mostbet-7pl.top,2,cloudflare_503
mostbet-7qt.top,2,cloudflare_503
mostbet-7qtg1.icu,2,cloudflare_403
mostbet-7r10j.top,2,cloudflare_403
mostbet-7rc7.xyz,2,cloudflare_503
mostbet-7rmsq.cfd,2,cloudflare_403
mostbet-7rs76.sbs,2,cloudflare_403
mostbet-7te4y.blog,2,cloudflare_403
mostbet-7vdqc.blog,2,cloudflare_403
mostbet-7w9x.xyz,2,cloudflare_403
mostbet-7wgr9.life,2,cloudflare_403
mostbet-7wlxx.top,2,cloudflare_403
mostbet-7xv0.xyz,2,cloudflare_403
mostbet-81000.blog,2,cloudflare_403
mostbet-825c7.top,2,cloudflare_403
mostbet-83ckl.sbs,2,cloudflare_403
mostbet-83xfr.top,2,cloudflare_403
mostbet-87ks4.pro,2,cloudflare_403
mostbet-888.top,2,cloudflare_503
mostbet-888.xyz,2,cloudflare_503
mostbet-88eru.cfd,2,cloudflare_403
mostbet-89ey.top,2,cloudflare_503
mostbet-89hg.top,2,cloudflare_503
mostbet-89kxc.lol,2,cloudflare_403
mostbet-89ygh.pro,2,cloudflare_403
mostbet-8b5yn.buzz,2,cloudflare_403
mostbet-8ba.xyz,2,cloudflare_403
mostbet-8bc.xyz,2,cloudflare_403
mostbet-8be.xyz,2,cloudflare_403
mostbet-8bi.xyz,2,cloudflare_403
mostbet-8bl.xyz,2,cloudflare_403
mostbet-8blji.icu,2,cloudflare_403
mostbet-8bmza.top,2,cloudflare_403
mostbet-8bx.xyz,2,cloudflare_403
mostbet-8cch.xyz,2,cloudflare_403
mostbet-8ckv0.life,2,cloudflare_403
mostbet-8g09t.sbs,2,cloudflare_403
mostbet-8g23.xyz,2,cloudflare_403
mostbet-8i.xyz,2,cloudflare_503
mostbet-8i37b.xyz,2,cloudflare_403
mostbet-8j6re.xyz,2,cloudflare_403
mostbet-8j7jx.pro,2,cloudflare_403
mostbet-8ld.xyz,2,cloudflare_403
mostbet-8mhi4.pro,2,cloudflare_403
mostbet-8o27y.club,2,cloudflare_403
mostbet-8op1l.top,2,cloudflare_403
mostbet-8p759.info,2,cloudflare_403
mostbet-8p8xb.blog,2,cloudflare_403
mostbet-8qqzc.pro,2,cloudflare_403
mostbet-8qr.top,2,cloudflare_403
mostbet-8qrbu.cfd,2,cloudflare_403
mostbet-8s2gh.club,2,cloudflare_403
mostbet-8scqt.pro,2,cloudflare_403
mostbet-8t2s.xyz,2,cloudflare_503
mostbet-8t5dc.sbs,2,cloudflare_403
mostbet-8tch6.icu,2,cloudflare_403
mostbet-8tx.xyz,2,cloudflare_403
mostbet-8uqgj.icu,2,cloudflare_403
mostbet-8vkc.xyz,2,cloudflare_403
mostbet-92fw.xyz,2,cloudflare_403
mostbet-92yzc.club,2,cloudflare_403
mostbet-93bzn.xyz,2,cloudflare_403
mostbet-96a91.top,2,cloudflare_403
mostbet-96am.xyz,2,cloudflare_403
mostbet-97cp8.cfd,2,cloudflare_403
mostbet-98q5c.life,2,cloudflare_403
mostbet-99orz.pro,2,cloudflare_403
mostbet-9a.xyz,2,cloudflare_503
mostbet-9a4ln.top,2,cloudflare_403
mostbet-9byuc.sbs,2,cloudflare_403
mostbet-9fn9w.club,2,cloudflare_403
mostbet-9i1d.buzz,2,cloudflare_503
mostbet-9i1q6.top,2,cloudflare_403
mostbet-9i28u.club,2,cloudflare_403
mostbet-9inn1.xyz,2,cloudflare_403
mostbet-9jan.xyz,2,cloudflare_503
mostbet-9js7.xyz,2,cloudflare_403
mostbet-9l6dn.club,2,cloudflare_403
mostbet-9ld.xyz,2,cloudflare_403
mostbet-9nydr.cfd,2,cloudflare_403
mostbet-9po9d.top,2,cloudflare_503
mostbet-9qe.top,2,cloudflare_403
mostbet-9rqcl.sbs,2,cloudflare_403
mostbet-9spl.xyz,2,cloudflare_403
mostbet-9sxxs.icu,2,cloudflare_403
mostbet-9w42w.blog,2,cloudflare_403
mostbet-9w7vs.sbs,2,cloudflare_403
mostbet-9xrdx.cfd,2,cloudflare_403
mostbet-9xtkb.cfd,2,cloudflare_403
mostbet-9yqi.xyz,2,cloudflare_403
mostbet-9ywl3.top,2,cloudflare_403
mostbet-a-1jav.xyz,2,cloudflare_403
mostbet-a0d0y.pro,2,cloudflare_403
mostbet-a0f84.pro,2,cloudflare_403
mostbet-a1.xyz,2,cloudflare_403
mostbet-a16r5.sbs,2,cloudflare_403
mostbet-a2b.xyz,2,cloudflare_403
mostbet-a4.xyz,2,cloudflare_503
mostbet-a58.xyz,2,cloudflare_403
mostbet-a7191.blog,2,cloudflare_403
mostbet-a72m7.xyz,2,cloudflare_403
mostbet-a7e6u.info,2,cloudflare_403
mostbet-a7oh8.pro,2,cloudflare_403
mostbet-a8foz.icu,2,cloudflare_403
mostbet-a8mxr.buzz,2,cloudflare_403
mostbet-a97o.xyz,2,cloudflare_403
mostbet-a9pxj.cfd,2,cloudflare_403
mostbet-a9r4v.life,2,cloudflare_403
mostbet-aaw.cfd,2,cloudflare_403
mostbet-ab.top,2,cloudflare_403
mostbet-ab.xyz,2,cloudflare_403
mostbet-ab1pd.cfd,2,cloudflare_403
mostbet-ab33d.buzz,2,cloudflare_403
mostbet-aba.xyz,2,cloudflare_403
mostbet-abc.top,2,cloudflare_503
mostbet-abgwd.blog,2,cloudflare_403
mostbet-abi.xyz,2,cloudflare_403
mostbet-ach.xyz,2,cloudflare_403
mostbet-ack.xyz,2,cloudflare_403
mostbet-actual-mirror.org.ru,2,cloudflare_503
mostbet-actual-mirror.xyz,2,cloudflare_503
mostbet-adeph.blog,2,cloudflare_403
mostbet-ae.xyz,2,cloudflare_403
mostbet-af.xyz,2,cloudflare_403
mostbet-afegf.lol,2,cloudflare_403
mostbet-afodch.top,2,cloudflare_503
mostbet-afodch1.top,2,cloudflare_503
mostbet-afodch2.top,2,cloudflare_503
mostbet-afyxgm.top,2,cloudflare_503
mostbet-ag.top,2,cloudflare_403
mostbet-ag.xyz,2,cloudflare_403
mostbet-ag4.xyz,2,cloudflare_403
mostbet-ai.top,2,cloudflare_403
mostbet-ai2r9.sbs,2,cloudflare_403
mostbet-aip.xyz,2,cloudflare_403
mostbet-aiwnhf.top,2,cloudflare_503
mostbet-aiwnhf1.top,2,cloudflare_503
mostbet-ajsat.top,2,cloudflare_403
mostbet-akr6s.life,2,cloudflare_403
mostbet-al.xyz,2,cloudflare_403
mostbet-aleef.top,2,cloudflare_403
mostbet-alltop.com,2,cloudflare_403
mostbet-am.xyz,2,cloudflare_403
mostbet-am3.xyz,2,cloudflare_403
mostbet-am6d9.life,2,cloudflare_403
mostbet-am7.top,2,cloudflare_403
mostbet-am8.top,2,cloudflare_403
mostbet-amfgp.buzz,2,cloudflare_403
mostbet-amj.xyz,2,cloudflare_403
mostbet-amx.xyz,2,cloudflare_403
mostbet-an.xyz,2,cloudflare_403
mostbet-android-app.ru,2,cloudflare_503
mostbet-android.top,2,cloudflare_503
mostbet-aocmi.xyz,2,cloudflare_403
mostbet-aoxj5.info,2,cloudflare_403
mostbet-apbgwp1.top,2,cloudflare_503
mostbet-apk-cz.com,2,cloudflare_403
mostbet-apk-dw.info,2,cloudflare_403
mostbet-apk-indir-az.xyz,2,cloudflare_404
mostbet-apk-nepal.com,2,cloudflare_403
mostbet-apk-uz.club,2,cloudflare_403
mostbet-apk.in,2,cloudflare_403
mostbet-apk.online,2,cloudflare_403
mostbet-apk.pk,2,cloudflare_403
mostbet-apk.site,2,cloudflare_403
mostbet-app-az.in.net,2,cloudflare_500
mostbet-app-az.mex.com,2,cloudflare_500
mostbet-app-azerbaycan.mex.com,2,cloudflare_500
mostbet-app-bangladesh.com,2,cloudflare_404
mostbet-app-bd.org,2,cloudflare_401
mostbet-app-egypt.com,2,cloudflare_403
mostbet-app-hu.com,2,cloudflare_403
mostbet-app-in.click,2,cloudflare_403
mostbet-app-online.cz,2,cloudflare_401
mostbet-app-ru.com,2,cloudflare_503
mostbet-app-tr.com,2,cloudflare_403
mostbet-app.asia,2,cloudflare_401
mostbet-app.hu.net,2,cloudflare_403
mostbet-app.net,2,cloudflare_500
mostbet-app.top,2,cloudflare_403
mostbet-app.world,2,cloudflare_403
mostbet-appscasino-slots.digital,2,cloudflare_404
mostbet-aps.top,2,cloudflare_503
mostbet-apx.xyz,2,cloudflare_403
mostbet-aq.xyz,2,cloudflare_403
mostbet-aqj3l.top,2,cloudflare_403
mostbet-ar.xyz,2,cloudflare_403
mostbet-ar5oc.info,2,cloudflare_403
mostbet-ar7z7.life,2,cloudflare_403
mostbet-arm-app.com,2,cloudflare_403
mostbet-as.xyz,2,cloudflare_403
mostbet-as1.xyz,2,cloudflare_403
mostbet-asc8q.top,2,cloudflare_403
mostbet-asd.cfd,2,cloudflare_403
mostbet-ash.xyz,2,cloudflare_403
mostbet-at.xyz,2,cloudflare_403
mostbet-au5p1.xyz,2,cloudflare_403
mostbet-ave.xyz,2,cloudflare_503
mostbet-aviator-game1.com,2,cloudflare_404
mostbet-aviator.club,2,cloudflare_401
mostbet-aviator.com.az,2,cloudflare_500
mostbet-aviator.com.in,2,cloudflare_500
mostbet-aviator.com.ng,2,cloudflare_403
mostbet-aviator.xyz,2,cloudflare_503
mostbet-awl.xyz,2,cloudflare_403
mostbet-ax2k.xyz,2,cloudflare_403
mostbet-axsg.top,2,cloudflare_503
mostbet-ay.top,2,cloudflare_403
mostbet-ay1x8.sbs,2,cloudflare_403
mostbet-ayyab.pro,2,cloudflare_403
mostbet-az-2025.com,2,cloudflare_403
mostbet-az-aviator.com,2,cloudflare_403
mostbet-az-az-az.gb.net,2,cloudflare_403
mostbet-az-az-az.jp.net,2,cloudflare_403
mostbet-az-az-az.live,2,cloudflare_403
mostbet-az-az-az.us.com,2,cloudflare_403
mostbet-az-az-az1.us.com,2,cloudflare_403
mostbet-az-az-kazino.ink,2,cloudflare_403
mostbet-az-az.jp.net,2,cloudflare_403
mostbet-az-az.mex.com,2,cloudflare_500
mostbet-az-az.shop,2,cloudflare_403
mostbet-az-az.us.com,2,cloudflare_403
mostbet-az-az1.gb.net,2,cloudflare_500
mostbet-az-az1.ink,2,cloudflare_403
mostbet-az-az1.us.com,2,cloudflare_403
mostbet-az-az1.win,2,cloudflare_403
mostbet-az-az2.us.com,2,cloudflare_403
mostbet-az-az45.us.com,2,cloudflare_403
mostbet-az-bonus.digital,2,cloudflare_404
mostbet-az-casino-indir.cfd,2,cloudflare_404
mostbet-az-casino-kayit.top,2,cloudflare_404
mostbet-az-casino.cn.com,2,cloudflare_410
mostbet-az-casino.it.com,2,cloudflare_401
mostbet-az-casino.uk.com,2,cloudflare_410
mostbet-az-casino.us.com,2,cloudflare_410
mostbet-az-casino.vip,2,cloudflare_403
mostbet-az-com.us.com,2,cloudflare_403
mostbet-az-fifa-2026.art,2,cloudflare_500
mostbet-az-giris-2025.com,2,cloudflare_403
mostbet-az-giris.co,2,cloudflare_403
mostbet-az-giris.fun,2,cloudflare_404
mostbet-az-giris.gb.net,2,cloudflare_403
mostbet-az-giris.top,2,cloudflare_403
mostbet-az-giris.vip,2,cloudflare_403
mostbet-az-giris1.com,2,cloudflare_403
mostbet-az-giris2.info,2,cloudflare_410
mostbet-az-giris2024.com,2,cloudflare_403
mostbet-az-guncel-giris.xyz,2,cloudflare_404
mostbet-az-indir.com,2,cloudflare_403
mostbet-az-indir.online,2,cloudflare_404
mostbet-az-kayit.live,2,cloudflare_404
mostbet-az-kazino.club,2,cloudflare_403
mostbet-az-mobi.com,2,cloudflare_403
mostbet-az-mobi.it.com,2,cloudflare_403
mostbet-az-mobil-versiya.xyz,2,cloudflare_404
mostbet-az-mobil.live,2,cloudflare_404
mostbet-az-mobile.xyz,2,cloudflare_403
mostbet-az-official.art,2,cloudflare_403
mostbet-az-online.life,2,cloudflare_404
mostbet-az-oyna.online,2,cloudflare_404
mostbet-az-play.digital,2,cloudflare_404
mostbet-az-play.top,2,cloudflare_404
mostbet-az-resmi-site.online,2,cloudflare_404
mostbet-az-resmi.online,2,cloudflare_500
mostbet-az-resmi.space,2,cloudflare_404
mostbet-az-yukle.net,2,cloudflare_403
mostbet-az.br.com,2,cloudflare_403
mostbet-az.click,2,cloudflare_404
mostbet-az.digital,2,cloudflare_404
mostbet-az.fit,2,cloudflare_403
mostbet-az.gold,2,cloudflare_500
mostbet-az.ink,2,cloudflare_401
mostbet-az.it.com,2,cloudflare_401
mostbet-az.jp.net,2,cloudflare_403
mostbet-az.life,2,cloudflare_404
mostbet-az.mex.com,2,cloudflare_500
mostbet-az.onl,2,cloudflare_403
mostbet-az.plus,2,cloudflare_500
mostbet-az.shop,2,cloudflare_403
mostbet-az.top,2,cloudflare_403
mostbet-az.vip,2,cloudflare_403
mostbet-az.world,2,cloudflare_500
mostbet-az.zone,2,cloudflare_403
mostbet-az1.gb.net,2,cloudflare_500
mostbet-az1.ink,2,cloudflare_403
mostbet-az1.us.com,2,cloudflare_403
mostbet-az2024.info,2,cloudflare_503
mostbet-aze-casino.ink,2,cloudflare_403
mostbet-aze45.com,2,cloudflare_503
mostbet-azer-ace.top,2,cloudflare_404
mostbet-azer-app.top,2,cloudflare_404
mostbet-azer-bliss.top,2,cloudflare_404
mostbet-azer-boss.top,2,cloudflare_404
mostbet-azer-box.top,2,cloudflare_404
mostbet-azer-chain.top,2,cloudflare_404
mostbet-azer-charm.top,2,cloudflare_404
mostbet-azer-cloud.top,2,cloudflare_404
mostbet-azer-crown.top,2,cloudflare_404
mostbet-azer-digital.top,2,cloudflare_404
mostbet-azer-double.top,2,cloudflare_404
mostbet-azer-elite.top,2,cloudflare_404
mostbet-azer-epic.top,2,cloudflare_404
mostbet-azer-extreme.top,2,cloudflare_404
mostbet-azer-fast.top,2,cloudflare_404
mostbet-azer-fortune.top,2,cloudflare_404
mostbet-azer-gamble.top,2,cloudflare_404
mostbet-azer-games.world,2,cloudflare_404
mostbet-azer-go.top,2,cloudflare_404
mostbet-azer-gold.top,2,cloudflare_404
mostbet-azer-heaven.top,2,cloudflare_404
mostbet-azer-hub.top,2,cloudflare_404
mostbet-azer-hyper.top,2,cloudflare_404
mostbet-azer-karma.top,2,cloudflare_404
mostbet-azer-link.top,2,cloudflare_404
mostbet-azer-max.top,2,cloudflare_404
mostbet-azer-net.top,2,cloudflare_404
mostbet-azer-now.top,2,cloudflare_404
mostbet-azer-one.top,2,cloudflare_404
mostbet-azer-port.top,2,cloudflare_404
mostbet-azer-power.top,2,cloudflare_404
mostbet-azer-prime.top,2,cloudflare_404
mostbet-azer-reel.top,2,cloudflare_404
mostbet-azer-star.top,2,cloudflare_404
mostbet-azer-supreme.top,2,cloudflare_404
mostbet-azer-table.top,2,cloudflare_404
mostbet-azer-token.top,2,cloudflare_404
mostbet-azer-top.top,2,cloudflare_404
mostbet-azer-web.top,2,cloudflare_404
mostbet-azer-wheel.top,2,cloudflare_404
mostbet-azer-wild.top,2,cloudflare_404
mostbet-azer-x.top,2,cloudflare_404
mostbet-azerbaijans.com,2,cloudflare_401
mostbet-azerbaycan-az.ink,2,cloudflare_403
mostbet-azerbaycan-az.mex.com,2,cloudflare_403
mostbet-azerbaycan-az.us.com,2,cloudflare_403
mostbet-azerbaycan.club,2,cloudflare_403
mostbet-azerbaycan.org,2,cloudflare_403
mostbet-azmuu.life,2,cloudflare_403
mostbet-azr.com,2,cloudflare_403
mostbet-azzz.com,2,cloudflare_503
mostbet-b181x.top,2,cloudflare_503
mostbet-b2f3h.icu,2,cloudflare_403
mostbet-b2oyg.top,2,cloudflare_403
mostbet-b58b4.buzz,2,cloudflare_403
mostbet-b652u.sbs,2,cloudflare_403
mostbet-b6f54.lol,2,cloudflare_403
mostbet-b6g0u.lol,2,cloudflare_403
mostbet-b6w4q.top,2,cloudflare_403
mostbet-b9d1b.buzz,2,cloudflare_403
mostbet-b9t3n.buzz,2,cloudflare_403
mostbet-ba0gk.pro,2,cloudflare_403
mostbet-ba1.xyz,2,cloudflare_403
mostbet-ba2.xyz,2,cloudflare_403
mostbet-ba3.xyz,2,cloudflare_403
mostbet-ba9v.xyz,2,cloudflare_403
mostbet-bahisleri.com,2,cloudflare_403
mostbet-bam7x.pro,2,cloudflare_403
mostbet-bangladesh-bonus.com,2,cloudflare_403
mostbet-bat.xyz,2,cloudflare_503
mostbet-bay6w.lol,2,cloudflare_403
mostbet-bb1.xyz,2,cloudflare_403
mostbet-bbrkg.xyz,2,cloudflare_403
mostbet-bc.xyz,2,cloudflare_403
mostbet-bcgs.xyz,2,cloudflare_403
mostbet-bci.xyz,2,cloudflare_503
mostbet-bct.xyz,2,cloudflare_403
mostbet-bcz5j.pro,2,cloudflare_403
mostbet-bd-app.net,2,cloudflare_403
mostbet-bd-login.com,2,cloudflare_401
mostbet-bd-mostbet.com,2,cloudflare_401
mostbet-bd.asia,2,cloudflare_401
mostbet-bd.cc,2,cloudflare_401
mostbet-bd.click,2,cloudflare_403
mostbet-bd.co,2,cloudflare_401
mostbet-bd.link,2,cloudflare_403
mostbet-bd.xyz,2,cloudflare_403
mostbet-bd2024.com,2,cloudflare_403
mostbet-bd3.com,2,cloudflare_403
mostbet-bd41.com,2,cloudflare_503
mostbet-bdc.xyz,2,cloudflare_403
mostbet-bdf.xyz,2,cloudflare_403
mostbet-be.com,2,cloudflare_403
mostbet-be.xyz,2,cloudflare_403
mostbet-be2.xyz,2,cloudflare_403
mostbet-bed.xyz,2,cloudflare_403
mostbet-berow.info,2,cloudflare_403
mostbet-bestcasino.click,2,cloudflare_404
mostbet-bet.pl,2,cloudflare_404
mostbet-bet2.top,2,cloudflare_403
mostbet-beting.ru,2,cloudflare_403
mostbet-betting.club,2,cloudflare_403
mostbet-betting.online,2,cloudflare_403
mostbet-bez-depozytu-kod.cfd,2,cloudflare_404
mostbet-bezdepozytu-kod-pl.live,2,cloudflare_404
mostbet-bezdepozytu-kod-polska.top,2,cloudflare_404
mostbet-bftcxo.top,2,cloudflare_503
mostbet-bg.xyz,2,cloudflare_403
mostbet-bh59u.cfd,2,cloudflare_403
mostbet-bi8.xyz,2,cloudflare_403
mostbet-big.top,2,cloudflare_503
mostbet-big.xyz,2,cloudflare_403
mostbet-bilw4.sbs,2,cloudflare_403
mostbet-bit.xyz,2,cloudflare_403
mostbet-bk-1win.xyz,2,cloudflare_503
mostbet-bk-5win.xyz,2,cloudflare_503
mostbet-bk-7win.xyz,2,cloudflare_503
mostbet-bk-9up0.xyz,2,cloudflare_403
mostbet-bk-zerkalo2.xyz,2,cloudflare_403
mostbet-bk.top,2,cloudflare_503
mostbet-bk10win.xyz,2,cloudflare_503
mostbet-bk3.xyz,2,cloudflare_403
mostbet-bk7.xyz,2,cloudflare_403
mostbet-bkb.xyz,2,cloudflare_403
mostbet-bkk.xyz,2,cloudflare_403
mostbet-bkyiz.xyz,2,cloudflare_403
mostbet-bn63m.info,2,cloudflare_403
mostbet-bo6zf.blog,2,cloudflare_403
mostbet-boc.xyz,2,cloudflare_403
mostbet-bonus-bez-depozytu.life,2,cloudflare_404
mostbet-bonus-bezdepozytu-pl.space,2,cloudflare_404
mostbet-bonus-bezdepozytu-polska.xyz,2,cloudflare_404
mostbet-bonus-kod-pl.space,2,cloudflare_404
mostbet-bonus-kod-polska.online,2,cloudflare_404
mostbet-bonus-kod.uno,2,cloudflare_404
mostbet-bonus-oyna.top,2,cloudflare_404
mostbet-bonus.bar,2,cloudflare_404
mostbet-bonus.click,2,cloudflare_404
mostbet-bonus.digital,2,cloudflare_404
mostbet-bonus.help,2,cloudflare_404
mostbet-bonus.live,2,cloudflare_404
mostbet-bonuss.bar,2,cloudflare_404
mostbet-bonuss.click,2,cloudflare_404
mostbet-bonuss.digital,2,cloudflare_404
mostbet-bonuss.help,2,cloudflare_404
mostbet-bonuss.live,2,cloudflare_404
mostbet-bonuss.pro,2,cloudflare_404
mostbet-boz.xyz,2,cloudflare_403
mostbet-br.xyz,2,cloudflare_403
mostbet-br0hf.club,2,cloudflare_403
mostbet-brasil-cassino.com,2,cloudflare_403
mostbet-brasil-top.com,2,cloudflare_403
mostbet-brasil-win.com,2,cloudflare_403
mostbet-bri.xyz,2,cloudflare_403
mostbet-brz.xyz,2,cloudflare_403
mostbet-bsg4f.top,2,cloudflare_403
mostbet-bso8e.sbs,2,cloudflare_403
mostbet-bud.xyz,2,cloudflare_403
mostbet-bv1z.xyz,2,cloudflare_403
mostbet-bvzg7.xyz,2,cloudflare_403
mostbet-bw8pm.pro,2,cloudflare_403
mostbet-by.xyz,2,cloudflare_403
mostbet-byd.xyz,2,cloudflare_403
mostbet-bz.top,2,cloudflare_503
mostbet-bz.xyz,2,cloudflare_503
mostbet-bzlsgr.top,2,cloudflare_503
mostbet-bzwpdf.top,2,cloudflare_503
mostbet-bzwpdf1.top,2,cloudflare_503
mostbet-bzwpdf3.top,2,cloudflare_503
mostbet-c1d.xyz,2,cloudflare_403
mostbet-c1get.sbs,2,cloudflare_403
mostbet-c2y7p.top,2,cloudflare_403
mostbet-c317h.life,2,cloudflare_403
mostbet-c3m3.xyz,2,cloudflare_403
mostbet-c8hg.xyz,2,cloudflare_403
mostbet-c8pgd.club,2,cloudflare_403
mostbet-c9kur.blog,2,cloudflare_403
mostbet-cal.xyz,2,cloudflare_403
mostbet-calrs.xyz,2,cloudflare_403
mostbet-cas.xyz,2,cloudflare_403
mostbet-casino-apk.com,2,cloudflare_403
mostbet-casino-app.com,2,cloudflare_403
mostbet-casino-az.in.net,2,cloudflare_404
mostbet-casino-bonus-bezdepozytu.online,2,cloudflare_404
mostbet-casino-bonus-kod.site,2,cloudflare_404
mostbet-casino-chile.com,2,cloudflare_403
mostbet-casino-cz.bet,2,cloudflare_404
mostbet-casino-cz.com,2,cloudflare_403
mostbet-casino-giris-az.top,2,cloudflare_404
mostbet-casino-giris.org,2,cloudflare_401
mostbet-casino-go.top,2,cloudflare_404
mostbet-casino-go1.top,2,cloudflare_404
mostbet-casino-go2.top,2,cloudflare_404
mostbet-casino-go3.top,2,cloudflare_404
mostbet-casino-hu.net,2,cloudflare_403
mostbet-casino-india.us.com,2,cloudflare_404
mostbet-casino-indir-az.life,2,cloudflare_404
mostbet-casino-indir-azerbaijan.top,2,cloudflare_404
mostbet-casino-indir.live,2,cloudflare_404
mostbet-casino-kayit-az.uno,2,cloudflare_404
mostbet-casino-kayit-azerbaijan.digital,2,cloudflare_404
mostbet-casino-kayit.cfd,2,cloudflare_404
mostbet-casino-kazakhstan.eu.com,2,cloudflare_404
mostbet-casino-kazakhstan.in.net,2,cloudflare_404
mostbet-casino-kod-promocyjny.top,2,cloudflare_404
mostbet-casino-kod-voucher.life,2,cloudflare_404
mostbet-casino-kz1.com,2,cloudflare_403
mostbet-casino-logowanie-pl.live,2,cloudflare_404
mostbet-casino-morocco.com,2,cloudflare_403
mostbet-casino-now.com,2,cloudflare_404
mostbet-casino-official24.top,2,cloudflare_503
mostbet-casino-oyna-az.life,2,cloudflare_404
mostbet-casino-oyna.top,2,cloudflare_404
mostbet-casino-play.top,2,cloudflare_404
mostbet-casino-portugal.pt,2,cloudflare_403
mostbet-casino-resmi-site.digital,2,cloudflare_404
mostbet-casino-ru.ru,2,cloudflare_503
mostbet-casino-voucher-bezdepozytu.top,2,cloudflare_404
mostbet-casino-zaloguj-pl.online,2,cloudflare_404
mostbet-casino-zaloguj.cfd,2,cloudflare_404
mostbet-casino.best,2,cloudflare_403
mostbet-casino.eu.com,2,cloudflare_444
mostbet-casino.fit,2,cloudflare_403
mostbet-casino.life,2,cloudflare_404
mostbet-casino.mx,2,cloudflare_403
mostbet-casino.net.br,2,cloudflare_401
mostbet-casino.one,2,cloudflare_403
mostbet-casino.pe,2,cloudflare_403
mostbet-casino.pro,2,cloudflare_403
mostbet-casino.space,2,cloudflare_403
mostbet-casino.top,2,cloudflare_503
mostbet-casino1.net,2,cloudflare_403
mostbet-casino1.top,2,cloudflare_503
mostbet-casino2.xyz,2,cloudflare_503
mostbet-casino24x7c.top,2,cloudflare_503
mostbet-casino24x7d.top,2,cloudflare_503
mostbet-casino541.com,2,cloudflare_403
mostbet-casinobet.mex.com,2,cloudflare_404
mostbet-casinobonus.bar,2,cloudflare_404
mostbet-casinobonus.digital,2,cloudflare_404
mostbet-casinobonus.help,2,cloudflare_404
mostbet-casinobonus.live,2,cloudflare_404
mostbet-casinobonus.pro,2,cloudflare_404
mostbet-casinokazspin.digital,2,cloudflare_404
mostbet-casinokazz.bar,2,cloudflare_404
mostbet-casinokazz.click,2,cloudflare_404
mostbet-casinokazz.digital,2,cloudflare_404
mostbet-casinokazz.help,2,cloudflare_404
mostbet-casinokazz.live,2,cloudflare_404
mostbet-casinokazz.pro,2,cloudflare_404
mostbet-casinokk.mex.com,2,cloudflare_404
mostbet-casinokk.us.com,2,cloudflare_404
mostbet-casinokzz.bar,2,cloudflare_404
mostbet-casinokzz.digital,2,cloudflare_404
mostbet-casinokzz.help,2,cloudflare_404
mostbet-casinokzz.live,2,cloudflare_404
mostbet-casinokzz.pro,2,cloudflare_404
mostbet-casinooff.bar,2,cloudflare_404
mostbet-casinooff.click,2,cloudflare_404
mostbet-casinooff.digital,2,cloudflare_404
mostbet-casinooff.help,2,cloudflare_404
mostbet-casinooff.live,2,cloudflare_404
mostbet-casinooff.pro,2,cloudflare_404
mostbet-casinoofficial.bar,2,cloudflare_404
mostbet-casinoofficial.click,2,cloudflare_404
mostbet-casinoofficial.digital,2,cloudflare_404
mostbet-casinoofficial.live,2,cloudflare_404
mostbet-casinoofficial.pro,2,cloudflare_404
mostbet-casinoqaz.bar,2,cloudflare_404
mostbet-casinoqaz.click,2,cloudflare_404
mostbet-casinoqaz.digital,2,cloudflare_404
mostbet-casinoqaz.help,2,cloudflare_404
mostbet-casinoqaz.live,2,cloudflare_404
mostbet-casinoqaz.pro,2,cloudflare_404
mostbet-casinoqazak.bar,2,cloudflare_404
mostbet-casinoqazak.click,2,cloudflare_404
mostbet-casinoqazak.digital,2,cloudflare_404
mostbet-casinoqazak.help,2,cloudflare_404
mostbet-casinoqazak.live,2,cloudflare_404
mostbet-casinoqazak.pro,2,cloudflare_404
mostbet-casinoqazakh.bar,2,cloudflare_404
mostbet-casinoqazakh.click,2,cloudflare_404
mostbet-casinoqazakh.digital,2,cloudflare_404
mostbet-casinoqazakh.help,2,cloudflare_404
mostbet-casinoqazakh.live,2,cloudflare_404
mostbet-casinoqazakh.pro,2,cloudflare_404
mostbet-casinoqazz.bar,2,cloudflare_404
mostbet-casinoqazz.click,2,cloudflare_404
mostbet-casinoqazz.digital,2,cloudflare_404
mostbet-casinoqazz.help,2,cloudflare_404
mostbet-casinoqazz.live,2,cloudflare_404
mostbet-casinoqazz.pro,2,cloudflare_404
mostbet-casinoqz.bar,2,cloudflare_404
mostbet-casinoqz.click,2,cloudflare_404
mostbet-casinoqz.digital,2,cloudflare_404
mostbet-casinoqz.help,2,cloudflare_404
mostbet-casinoqz.live,2,cloudflare_404
mostbet-casinoqz.pro,2,cloudflare_404
mostbet-casinos-slots.fun,2,cloudflare_503
mostbet-casinos.eu,2,cloudflare_403
mostbet-casinos.org.ru,2,cloudflare_503
mostbet-casinos.pt,2,cloudflare_403
mostbet-casinospin.bar,2,cloudflare_404
mostbet-casinospin.click,2,cloudflare_404
mostbet-casinospin.digital,2,cloudflare_404
mostbet-casinospin.help,2,cloudflare_404
mostbet-casinospin.live,2,cloudflare_404
mostbet-casinospin.pro,2,cloudflare_404
mostbet-casinospinkaz.digital,2,cloudflare_404
mostbet-casinospinn.bar,2,cloudflare_404
mostbet-casinospinn.click,2,cloudflare_404
mostbet-casinospinn.digital,2,cloudflare_404
mostbet-casinospinn.help,2,cloudflare_404
mostbet-casinospinn.live,2,cloudflare_404
mostbet-casinospinn.pro,2,cloudflare_404
mostbet-casinospins.bar,2,cloudflare_404
mostbet-casinospins.click,2,cloudflare_404
mostbet-casinospins.digital,2,cloudflare_404
mostbet-casinospins.help,2,cloudflare_404
mostbet-casinospins.live,2,cloudflare_404
mostbet-casinospins.pro,2,cloudflare_404
mostbet-caz.xyz,2,cloudflare_403
mostbet-cazino.bar,2,cloudflare_404
mostbet-cazino.digital,2,cloudflare_404
mostbet-cazino.help,2,cloudflare_404
mostbet-cazino.it.com,2,cloudflare_444
mostbet-cazino.net,2,cloudflare_403
mostbet-cazino.org,2,cloudflare_403
mostbet-cazino.top,2,cloudflare_404
mostbet-cazinos.fun,2,cloudflare_503
mostbet-ccdu.xyz,2,cloudflare_403
mostbet-cd3.xyz,2,cloudflare_403
mostbet-cdtrj.blog,2,cloudflare_403
mostbet-ce4.xyz,2,cloudflare_403
mostbet-cfod.xyz,2,cloudflare_403
mostbet-cg7s.xyz,2,cloudflare_403
mostbet-cgni3.info,2,cloudflare_403
mostbet-chile-casino.com,2,cloudflare_403
mostbet-chm0.xyz,2,cloudflare_403
mostbet-cielp.xyz,2,cloudflare_403
mostbet-ck1ms.info,2,cloudflare_403
mostbet-ckxyn.cfd,2,cloudflare_403
mostbet-cl.top,2,cloudflare_403
mostbet-cl.xyz,2,cloudflare_403
mostbet-cl5p8.cfd,2,cloudflare_403
mostbet-cmxh4.buzz,2,cloudflare_403
mostbet-co.xyz,2,cloudflare_403
mostbet-com.in.net,2,cloudflare_403
mostbet-com1.xyz,2,cloudflare_403
mostbet-cpp.xyz,2,cloudflare_403
mostbet-cr.xyz,2,cloudflare_403
mostbet-cr1.xyz,2,cloudflare_403
mostbet-cr4dp.club,2,cloudflare_403
mostbet-crp.xyz,2,cloudflare_403
mostbet-crtnie.top,2,cloudflare_503
mostbet-cs1.xyz,2,cloudflare_403
mostbet-cs2.xyz,2,cloudflare_403
mostbet-csn.xyz,2,cloudflare_403
mostbet-cu.xyz,2,cloudflare_403
mostbet-cu42.buzz,2,cloudflare_503
mostbet-cukjk.pro,2,cloudflare_403
mostbet-cuqh.xyz,2,cloudflare_503
mostbet-cv.xyz,2,cloudflare_403
mostbet-cv7cw.icu,2,cloudflare_403
mostbet-cwaxu.top,2,cloudflare_403
mostbet-cwcbq.club,2,cloudflare_403
mostbet-cx4ga.blog,2,cloudflare_403
mostbet-cx8o.xyz,2,cloudflare_403
mostbet-cxpbvo.top,2,cloudflare_503
mostbet-cxpbvo1.top,2,cloudflare_503
mostbet-cxqzf.cfd,2,cloudflare_403
mostbet-cxwjr.blog,2,cloudflare_403
mostbet-cy.xyz,2,cloudflare_403
mostbet-cyffem.top,2,cloudflare_503
mostbet-cz.eu,2,cloudflare_403
mostbet-cz.xyz,2,cloudflare_403
mostbet-czech.bet,2,cloudflare_404
mostbet-czech.net,2,cloudflare_403
mostbet-d1a9q.info,2,cloudflare_403
mostbet-d337y.life,2,cloudflare_403
mostbet-d59u.xyz,2,cloudflare_403
mostbet-d8lc1.top,2,cloudflare_403
mostbet-d9h1.xyz,2,cloudflare_503
mostbet-d9n0b.sbs,2,cloudflare_403
mostbet-da.xyz,2,cloudflare_403
mostbet-darmowe-spiny-pl.cfd,2,cloudflare_404
mostbet-darmowy-voucher-pl.cfd,2,cloudflare_404
mostbet-darmowy-voucher-polska.online,2,cloudflare_404
mostbet-darmowy-voucher.site,2,cloudflare_404
mostbet-db.xyz,2,cloudflare_403
mostbet-dcl07.sbs,2,cloudflare_403
mostbet-dcp.xyz,2,cloudflare_403
mostbet-dd.xyz,2,cloudflare_403
mostbet-ddfze.top,2,cloudflare_403
mostbet-ddl.xyz,2,cloudflare_503
mostbet-ddognp.top,2,cloudflare_503
mostbet-ddpmok1.top,2,cloudflare_503
mostbet-de.xyz,2,cloudflare_403
mostbet-demo-oyna-az.space,2,cloudflare_404
mostbet-demo-oyna-azerbaijan.site,2,cloudflare_404
mostbet-demo-oyna.uno,2,cloudflare_404
mostbet-deywc.sbs,2,cloudflare_403
mostbet-dgjmie2.top,2,cloudflare_503
mostbet-dh0qx.lol,2,cloudflare_403
mostbet-dhms.xyz,2,cloudflare_403
mostbet-di6qs.sbs,2,cloudflare_403
mostbet-die.xyz,2,cloudflare_403
mostbet-dip2i.info,2,cloudflare_403
mostbet-dj-ehh9.xyz,2,cloudflare_403
mostbet-dj.top,2,cloudflare_403
mostbet-djhzw.club,2,cloudflare_403
mostbet-dknip.pro,2,cloudflare_403
mostbet-dkyw.xyz,2,cloudflare_403
mostbet-dll.xyz,2,cloudflare_403
mostbet-dovwr.cfd,2,cloudflare_403
mostbet-dq.xyz,2,cloudflare_403
mostbet-ds.xyz,2,cloudflare_403
mostbet-ds1.xyz,2,cloudflare_403
mostbet-dth08.lol,2,cloudflare_403
mostbet-dtwl6.info,2,cloudflare_403
mostbet-du.xyz,2,cloudflare_403
mostbet-du4ik.pro,2,cloudflare_403
mostbet-dv9em.blog,2,cloudflare_403
mostbet-dvd.xyz,2,cloudflare_403
mostbet-dw7h3.blog,2,cloudflare_403
mostbet-dx.top,2,cloudflare_403
mostbet-dx7kd.xyz,2,cloudflare_403
mostbet-dxstf.club,2,cloudflare_403
mostbet-dxyr.xyz,2,cloudflare_403
mostbet-dy4.xyz,2,cloudflare_403
mostbet-dyx5w.blog,2,cloudflare_403
mostbet-dz.com,2,cloudflare_403
mostbet-dz.xyz,2,cloudflare_403
mostbet-e01rq.blog,2,cloudflare_403
mostbet-e0rf9.pro,2,cloudflare_403
mostbet-e1mlt.info,2,cloudflare_403
mostbet-e2g5u.xyz,2,cloudflare_403
mostbet-e2gio.top,2,cloudflare_403
mostbet-e4lcl.pro,2,cloudflare_403
mostbet-e6au.xyz,2,cloudflare_403
mostbet-e6j3.xyz,2,cloudflare_403
mostbet-e82n.buzz,2,cloudflare_503
mostbet-e9ph9.lol,2,cloudflare_403
mostbet-ea.xyz,2,cloudflare_403
mostbet-ear.xyz,2,cloudflare_403
mostbet-ec6pe.info,2,cloudflare_403
mostbet-ecmnv.cfd,2,cloudflare_403
mostbet-ecnv.xyz,2,cloudflare_403
mostbet-ecypx.xyz,2,cloudflare_403
mostbet-ed-9t28.xyz,2,cloudflare_403
mostbet-ed.ru,2,cloudflare_503
mostbet-ed.top,2,cloudflare_503
mostbet-edi.xyz,2,cloudflare_503
mostbet-efa.cfd,2,cloudflare_403
mostbet-efouj.xyz,2,cloudflare_403
mostbet-eg.bet,2,cloudflare_404
mostbet-eg.org,2,cloudflare_404
mostbet-eg.xyz,2,cloudflare_503
mostbet-eg1.xyz,2,cloudflare_403
mostbet-egalws.top,2,cloudflare_503
mostbet-egalws1.top,2,cloudflare_503
mostbet-egalws2.top,2,cloudflare_503
mostbet-egypt-2025.com,2,cloudflare_500
mostbet-egyptian.com,2,cloudflare_500
mostbet-ehd.cfd,2,cloudflare_403
mostbet-ehi.xyz,2,cloudflare_403
mostbet-ehy1o.cfd,2,cloudflare_403
mostbet-ehywnde.top,2,cloudflare_503
mostbet-ei.ru,2,cloudflare_503
mostbet-ei.xyz,2,cloudflare_403
mostbet-eii54.xyz,2,cloudflare_403
mostbet-eiu.cfd,2,cloudflare_403
mostbet-ej.ru,2,cloudflare_503
mostbet-ej26.xyz,2,cloudflare_403
mostbet-ejpw1.lol,2,cloudflare_403
mostbet-elb.xyz,2,cloudflare_403
mostbet-ele.xyz,2,cloudflare_403
mostbet-eli2o.buzz,2,cloudflare_403
mostbet-ell.xyz,2,cloudflare_403
mostbet-eln07.pro,2,cloudflare_403
mostbet-emsjw.lol,2,cloudflare_403
mostbet-en27-tr.com,2,cloudflare_403
mostbet-en27.com,2,cloudflare_503
mostbet-en492.icu,2,cloudflare_403
mostbet-enafem.top,2,cloudflare_503
mostbet-enafem1.top,2,cloudflare_503
mostbet-enafem2.top,2,cloudflare_503
mostbet-enhwgo.top,2,cloudflare_503
mostbet-enj.top,2,cloudflare_403
mostbet-epzuul1.top,2,cloudflare_503
mostbet-era.xyz,2,cloudflare_403
mostbet-erpmr.lol,2,cloudflare_403
mostbet-erwcij.top,2,cloudflare_503
mostbet-erwcij1.top,2,cloudflare_503
mostbet-es.ru,2,cloudflare_503
mostbet-et.ru,2,cloudflare_503
mostbet-etg07.buzz,2,cloudflare_403
mostbet-etrcq.blog,2,cloudflare_403
mostbet-eu.ru,2,cloudflare_503
mostbet-eucjt.xyz,2,cloudflare_403
mostbet-eve.xyz,2,cloudflare_503
mostbet-eves.xyz,2,cloudflare_403
mostbet-ewa.xyz,2,cloudflare_503
mostbet-exqqa.pro,2,cloudflare_403
mostbet-ey.ru,2,cloudflare_503
mostbet-ey.top,2,cloudflare_403
mostbet-eye.xyz,2,cloudflare_403
mostbet-ezriw.info,2,cloudflare_403
mostbet-f-dfo4.xyz,2,cloudflare_403
mostbet-f05eg.icu,2,cloudflare_403
mostbet-f1.xyz,2,cloudflare_403
mostbet-f1bcy.sbs,2,cloudflare_403
mostbet-f2.xyz,2,cloudflare_403
mostbet-f2awh.top,2,cloudflare_403
mostbet-f3.xyz,2,cloudflare_403
mostbet-f3exp.lol,2,cloudflare_403
mostbet-f4.xyz,2,cloudflare_403
mostbet-f4lbp.lol,2,cloudflare_403
mostbet-f5.xyz,2,cloudflare_403
mostbet-f5b28.club,2,cloudflare_403
mostbet-f6oc2.blog,2,cloudflare_403
mostbet-f7xhy.cfd,2,cloudflare_403
mostbet-f8egp.blog,2,cloudflare_403
mostbet-f9l6.xyz,2,cloudflare_403
mostbet-f9ndd.blog,2,cloudflare_403
mostbet-fa.xyz,2,cloudflare_403
mostbet-faa20.blog,2,cloudflare_403
mostbet-fad.xyz,2,cloudflare_403
mostbet-fast-withdrawal-options.top,2,cloudflare_404
mostbet-fatdm.icu,2,cloudflare_403
mostbet-fawgy.icu,2,cloudflare_403
mostbet-fbgn.xyz,2,cloudflare_403
mostbet-fch20.info,2,cloudflare_403
mostbet-fe.xyz,2,cloudflare_403
mostbet-fem38.club,2,cloudflare_403
mostbet-feoku.icu,2,cloudflare_403
mostbet-fervzn.top,2,cloudflare_503
mostbet-fervzn1.top,2,cloudflare_503
mostbet-fevxwk.top,2,cloudflare_503
mostbet-fevxwk2.top,2,cloudflare_503
mostbet-ff18c.blog,2,cloudflare_403
mostbet-ffpyti.top,2,cloudflare_503
mostbet-fhbi7.xyz,2,cloudflare_403
mostbet-fhx3.xyz,2,cloudflare_403
mostbet-fig.xyz,2,cloudflare_403
mostbet-fj.xyz,2,cloudflare_503
mostbet-fle.xyz,2,cloudflare_403
mostbet-flo.xyz,2,cloudflare_403
mostbet-fly.xyz,2,cloudflare_403
mostbet-fm3e.xyz,2,cloudflare_403
mostbet-fmfwgb.top,2,cloudflare_503
mostbet-fmxi7.sbs,2,cloudflare_403
mostbet-fnbafx.top,2,cloudflare_503
mostbet-fnlq0.top,2,cloudflare_403
mostbet-fo.xyz,2,cloudflare_403
mostbet-fpqa4.info,2,cloudflare_403
mostbet-fq.top,2,cloudflare_403
mostbet-fr-app.com,2,cloudflare_403
mostbet-fr18y.blog,2,cloudflare_403
mostbet-fre9c.club,2,cloudflare_403
mostbet-free-spins-deals.top,2,cloudflare_404
mostbet-free-spins-pl.online,2,cloudflare_404
mostbet-freespins-bez-depozytu.space,2,cloudflare_404
mostbet-freespins-bezdepozytu-pl.life,2,cloudflare_404
mostbet-freespins-bezdepozytu-polska.fun,2,cloudflare_404
mostbet-freespins-dla-graczy.top,2,cloudflare_404
mostbet-freespins-nowi-gracze.digital,2,cloudflare_404
mostbet-fri.xyz,2,cloudflare_403
mostbet-frsgyd.top,2,cloudflare_503
mostbet-fryvip.top,2,cloudflare_503
mostbet-fryvip2.top,2,cloudflare_503
mostbet-frz1.xyz,2,cloudflare_403
mostbet-fspja.life,2,cloudflare_403
mostbet-ftmdc.cfd,2,cloudflare_403
mostbet-fv.top,2,cloudflare_503
mostbet-fv38x.top,2,cloudflare_403
mostbet-fvcg.xyz,2,cloudflare_403
mostbet-fw0qq.buzz,2,cloudflare_403
mostbet-fwdt1.sbs,2,cloudflare_403
mostbet-fwhynu1.top,2,cloudflare_503
mostbet-fwoo.xyz,2,cloudflare_403
mostbet-fwp6s.top,2,cloudflare_403
mostbet-fx.top,2,cloudflare_403
mostbet-fyc.xyz,2,cloudflare_403
mostbet-fzb2z.top,2,cloudflare_403
mostbet-fzygbx1.top,2,cloudflare_503
mostbet-g2u8.xyz,2,cloudflare_403
mostbet-g3u58.cfd,2,cloudflare_403
mostbet-g6va.xyz,2,cloudflare_403
mostbet-g7few.club,2,cloudflare_403
mostbet-g91k.xyz,2,cloudflare_403
mostbet-ga.xyz,2,cloudflare_403
mostbet-game-live.click,2,cloudflare_404
mostbet-game.net,2,cloudflare_403
mostbet-games-az.live,2,cloudflare_404
mostbet-games-slots.world,2,cloudflare_404
mostbet-games-turkish.live,2,cloudflare_404
mostbet-games798.com,2,cloudflare_403
mostbet-gameslots.click,2,cloudflare_404
mostbet-gb0p1.blog,2,cloudflare_403
mostbet-gb5sq.club,2,cloudflare_403
mostbet-gbc9.xyz,2,cloudflare_403
mostbet-gbv6q.xyz,2,cloudflare_403
mostbet-gcx95.club,2,cloudflare_403
mostbet-gd1c.xyz,2,cloudflare_403
mostbet-gd4.xyz,2,cloudflare_403
mostbet-gdhxw.top,2,cloudflare_403
mostbet-gdwwqj1.top,2,cloudflare_503
mostbet-ge.xyz,2,cloudflare_503
mostbet-ge5uw.icu,2,cloudflare_403
mostbet-gedyb.cfd,2,cloudflare_403
mostbet-gfp83.buzz,2,cloudflare_403
mostbet-gfqh7.icu,2,cloudflare_403
mostbet-gg.xyz,2,cloudflare_403
mostbet-ggvfag.top,2,cloudflare_503
mostbet-ggvfag1.top,2,cloudflare_503
mostbet-ghhtmu.top,2,cloudflare_503
mostbet-ghsj9.pro,2,cloudflare_403
mostbet-gi3il.top,2,cloudflare_403
mostbet-giris-24tr.com,2,cloudflare_403
mostbet-giris-25tr.com,2,cloudflare_403
mostbet-giris-az.art,2,cloudflare_500
mostbet-giris-az.click,2,cloudflare_500
mostbet-giris-az.gb.net,2,cloudflare_403
mostbet-giris-az.life,2,cloudflare_404
mostbet-giris-az.live,2,cloudflare_500
mostbet-giris-az.top,2,cloudflare_404
mostbet-giris-az.uno,2,cloudflare_404
mostbet-giris-az.win,2,cloudflare_401
mostbet-giris-az24.com,2,cloudflare_403
mostbet-giris-aze.com,2,cloudflare_403
mostbet-giris-azerbaijan.digital,2,cloudflare_404
mostbet-giris-bonus.vip,2,cloudflare_404
mostbet-giris-station.digital,2,cloudflare_404
mostbet-giris-turk.com,2,cloudflare_403
mostbet-giris-turkey.life,2,cloudflare_404
mostbet-giris-yap-az.online,2,cloudflare_404
mostbet-giris-yap.live,2,cloudflare_404
mostbet-giris.cam,2,cloudflare_403
mostbet-giris.eu.com,2,cloudflare_403
mostbet-giris.top,2,cloudflare_403
mostbet-giris.vip,2,cloudflare_403
mostbet-giris1.com,2,cloudflare_403
mostbet-giris24tr.com,2,cloudflare_403
mostbet-gjlit.xyz,2,cloudflare_403
mostbet-gktpx.pro,2,cloudflare_403
mostbet-gl1.xyz,2,cloudflare_403
mostbet-gl2.xyz,2,cloudflare_403
mostbet-gl3.xyz,2,cloudflare_403
mostbet-gl5hc.lol,2,cloudflare_403
mostbet-gld.xyz,2,cloudflare_503
mostbet-gllr.xyz,2,cloudflare_403
mostbet-global-pro.com,2,cloudflare_404
mostbet-global.cfd,2,cloudflare_401
mostbet-global.click,2,cloudflare_401
mostbet-global.cyou,2,cloudflare_401
mostbet-glsyh.club,2,cloudflare_403
mostbet-gm.xyz,2,cloudflare_403
mostbet-gmr.xyz,2,cloudflare_403
mostbet-gmvpig.top,2,cloudflare_503
mostbet-gmvpig2.top,2,cloudflare_503
mostbet-gn8m.xyz,2,cloudflare_403
mostbet-gnhd8.club,2,cloudflare_403
mostbet-gnykqz.top,2,cloudflare_503
mostbet-gnykqz1.top,2,cloudflare_503
mostbet-gnykqz2.top,2,cloudflare_503
mostbet-gpwjd.buzz,2,cloudflare_403
mostbet-gqoyjg.top,2,cloudflare_503
mostbet-gr.click,2,cloudflare_403
mostbet-gri.xyz,2,cloudflare_403
mostbet-grpw2.blog,2,cloudflare_403
mostbet-gs9al.info,2,cloudflare_403
mostbet-gtf2p.blog,2,cloudflare_403
mostbet-gtyu.xyz,2,cloudflare_503
mostbet-gueogq1.top,2,cloudflare_503
mostbet-guncel-casino.life,2,cloudflare_404
mostbet-guncel-giris-az.life,2,cloudflare_404
mostbet-guncel-giris-azerbaijan.site,2,cloudflare_404
mostbet-guncel-giris.space,2,cloudflare_404
mostbet-guncel.click,2,cloudflare_404
mostbet-guvenli-oyna.top,2,cloudflare_404
mostbet-guvenli-oyun.click,2,cloudflare_404
mostbet-gwb5u.life,2,cloudflare_403
mostbet-gwhz6.info,2,cloudflare_403
mostbet-gy.xyz,2,cloudflare_403
mostbet-gyrup.life,2,cloudflare_403
mostbet-gyt2.xyz,2,cloudflare_403
mostbet-gz2k.xyz,2,cloudflare_403
mostbet-gzr08.info,2,cloudflare_403
mostbet-gzxr.xyz,2,cloudflare_403
mostbet-h014i.icu,2,cloudflare_403
mostbet-h2xn.xyz,2,cloudflare_403
mostbet-h2zfc.info,2,cloudflare_403
mostbet-h4gn.xyz,2,cloudflare_503
mostbet-h4n15.cfd,2,cloudflare_403
mostbet-h58l4.lol,2,cloudflare_403
mostbet-h6v8r.sbs,2,cloudflare_403
mostbet-h9ix.xyz,2,cloudflare_403
mostbet-h9jgh.buzz,2,cloudflare_403
mostbet-h9zm.xyz,2,cloudflare_403
mostbet-ha.xyz,2,cloudflare_403
mostbet-hargy.pro,2,cloudflare_403
mostbet-haxos.icu,2,cloudflare_403
mostbet-hb.top,2,cloudflare_503
mostbet-hbv5.xyz,2,cloudflare_403
mostbet-hcmblg1.top,2,cloudflare_503
mostbet-hcmblg3.top,2,cloudflare_503
mostbet-he.xyz,2,cloudflare_403
mostbet-hfewqz3.top,2,cloudflare_503
mostbet-hfmmc.xyz,2,cloudflare_503
mostbet-hgc9z.blog,2,cloudflare_403
mostbet-hgjzkk.top,2,cloudflare_503
mostbet-hgjzkk1.top,2,cloudflare_503
mostbet-hhgn.xyz,2,cloudflare_403
mostbet-hhzem.blog,2,cloudflare_403
mostbet-hhzuo.lol,2,cloudflare_403
mostbet-hickb.xyz,2,cloudflare_403
mostbet-hj.xyz,2,cloudflare_403
mostbet-hj7x6.info,2,cloudflare_403
mostbet-hjs4.xyz,2,cloudflare_403
mostbet-hjuumw.top,2,cloudflare_503
mostbet-hjw68.icu,2,cloudflare_403
mostbet-hkpim.top,2,cloudflare_403
mostbet-hlhmq.blog,2,cloudflare_403
mostbet-hma0.xyz,2,cloudflare_403
mostbet-hnxbf.blog,2,cloudflare_403
mostbet-ho17t.top,2,cloudflare_403
mostbet-ho3.xyz,2,cloudflare_403
mostbet-hobh5.xyz,2,cloudflare_403
mostbet-horbin.top,2,cloudflare_503
mostbet-hp.xyz,2,cloudflare_403
mostbet-hq.xyz,2,cloudflare_403
mostbet-hra.cz,2,cloudflare_403
mostbet-hszag.club,2,cloudflare_403
mostbet-hubovi.top,2,cloudflare_503
mostbet-humsd.info,2,cloudflare_403
mostbet-hungar.com,2,cloudflare_401
mostbet-hungary-casino.com,2,cloudflare_403
mostbet-hungary.tech,2,cloudflare_403
mostbet-hungary1.com,2,cloudflare_403
mostbet-hw9ff.pro,2,cloudflare_403
mostbet-hwgy.xyz,2,cloudflare_403
mostbet-hwlb.xyz,2,cloudflare_403
mostbet-hx.top,2,cloudflare_403
mostbet-hy3aq.sbs,2,cloudflare_403
mostbet-hyh2y.sbs,2,cloudflare_403
mostbet-i0c6.xyz,2,cloudflare_403
mostbet-i0hf0.buzz,2,cloudflare_403
mostbet-i163.xyz,2,cloudflare_403
mostbet-i196.xyz,2,cloudflare_403
mostbet-i2cf.xyz,2,cloudflare_403
mostbet-i5u46.cfd,2,cloudflare_403
mostbet-i6677.blog,2,cloudflare_403
mostbet-i6lvo.top,2,cloudflare_403
mostbet-i6qs.xyz,2,cloudflare_403
mostbet-ia1bb.life,2,cloudflare_403
mostbet-iacc.xyz,2,cloudflare_403
mostbet-ib6z6.icu,2,cloudflare_403
mostbet-ibcyd.xyz,2,cloudflare_503
mostbet-ibz7a.pro,2,cloudflare_403
mostbet-ic84.xyz,2,cloudflare_503
mostbet-ico3g.blog,2,cloudflare_403
mostbet-icy.xyz,2,cloudflare_403
mostbet-id.xyz,2,cloudflare_403
mostbet-iejyq.life,2,cloudflare_403
mostbet-ieow0.info,2,cloudflare_403
mostbet-iff.top,2,cloudflare_403
mostbet-ig.top,2,cloudflare_403
mostbet-ih63.xyz,2,cloudflare_403
mostbet-ij.xyz,2,cloudflare_403
mostbet-ik0p2.life,2,cloudflare_403
mostbet-ilhav.sbs,2,cloudflare_403
mostbet-imea1.icu,2,cloudflare_403
mostbet-iml7.xyz,2,cloudflare_403
mostbet-in-philippines.com,2,cloudflare_403
mostbet-in.com,2,cloudflare_500
mostbet-in.xyz,2,cloudflare_403
mostbet-in13.net,2,cloudflare_403
mostbet-in5.xyz,2,cloudflare_403
mostbet-ind.xyz,2,cloudflare_403
mostbet-india-bet.com,2,cloudflare_404
mostbet-india.us.com,2,cloudflare_410
mostbet-indir-apk-az.fun,2,cloudflare_404
mostbet-indir-az.space,2,cloudflare_404
mostbet-indir-azerbaijan.digital,2,cloudflare_404
mostbet-ing.ru,2,cloudflare_503
mostbet-inn.xyz,2,cloudflare_403
mostbet-inppa.top,2,cloudflare_403
mostbet-io0j6.sbs,2,cloudflare_403
mostbet-io1rf.xyz,2,cloudflare_403
mostbet-ios.cfd,2,cloudflare_401
mostbet-ios.click,2,cloudflare_401
mostbet-ios.cyou,2,cloudflare_401
mostbet-ios.xyz,2,cloudflare_401
mostbet-ip.xyz,2,cloudflare_503
mostbet-iphone.click,2,cloudflare_401
mostbet-iphone.cyou,2,cloudflare_401
mostbet-iphone.xyz,2,cloudflare_401
mostbet-iphwh.xyz,2,cloudflare_403
mostbet-ipqw.xyz,2,cloudflare_403
mostbet-iprizm.top,2,cloudflare_503
mostbet-iqfz.xyz,2,cloudflare_403
mostbet-iqsupm.top,2,cloudflare_503
mostbet-is.xyz,2,cloudflare_403
mostbet-is5cd.xyz,2,cloudflare_403
mostbet-istl1.icu,2,cloudflare_403
mostbet-it.eu,2,cloudflare_404
mostbet-iuateq.top,2,cloudflare_503
mostbet-iuateq1.top,2,cloudflare_503
mostbet-iuddu.lol,2,cloudflare_403
mostbet-iue9.xyz,2,cloudflare_403
mostbet-ivjw2.xyz,2,cloudflare_403
mostbet-iw3im.info,2,cloudflare_403
mostbet-ix1.xyz,2,cloudflare_403
mostbet-j19n.xyz,2,cloudflare_403
mostbet-j2j.xyz,2,cloudflare_403
mostbet-j2m03.top,2,cloudflare_403
mostbet-j4j5w.icu,2,cloudflare_403
mostbet-j4wz8.buzz,2,cloudflare_403
mostbet-j5md.xyz,2,cloudflare_403
mostbet-j5unb.top,2,cloudflare_403
mostbet-j6hax.top,2,cloudflare_403
mostbet-j7cwr.cfd,2,cloudflare_403
mostbet-j7zp9.info,2,cloudflare_403
mostbet-j891u.club,2,cloudflare_403
mostbet-j8c53.info,2,cloudflare_403
mostbet-j9co.xyz,2,cloudflare_403
mostbet-ja.xyz,2,cloudflare_403
mostbet-ja72h.top,2,cloudflare_403
mostbet-jak7u.life,2,cloudflare_403
mostbet-jbqnr.xyz,2,cloudflare_403
mostbet-jcoxs.sbs,2,cloudflare_403
mostbet-jetx.cfd,2,cloudflare_401
mostbet-jetx.click,2,cloudflare_401
mostbet-jetx.cyou,2,cloudflare_401
mostbet-jetx.xyz,2,cloudflare_401
mostbet-jfkfi.pro,2,cloudflare_403
mostbet-jgcek.buzz,2,cloudflare_403
mostbet-jgtc.xyz,2,cloudflare_403
mostbet-jipe.xyz,2,cloudflare_403
mostbet-jj.xyz,2,cloudflare_403
mostbet-jmmjjd1.top,2,cloudflare_503
mostbet-jn-fae0.xyz,2,cloudflare_403
mostbet-joqax.pro,2,cloudflare_403
mostbet-jqsdks.top,2,cloudflare_503
mostbet-jr3j0.sbs,2,cloudflare_403
mostbet-jrg3u.pro,2,cloudflare_403
mostbet-js1.xyz,2,cloudflare_403
mostbet-js2pj.sbs,2,cloudflare_403
mostbet-js4i3.xyz,2,cloudflare_403
mostbet-jsogrl.top,2,cloudflare_503
mostbet-jsogrl1.top,2,cloudflare_503
mostbet-jt.xyz,2,cloudflare_403
mostbet-jusab.xyz,2,cloudflare_403
mostbet-juvo6.club,2,cloudflare_403
mostbet-jvtma.top,2,cloudflare_403
mostbet-jwzbro1.top,2,cloudflare_503
mostbet-jx3x.xyz,2,cloudflare_403
mostbet-jxgxq.cfd,2,cloudflare_403
mostbet-jy.xyz,2,cloudflare_403
mostbet-jyzv3.buzz,2,cloudflare_403
mostbet-k0b2h.cfd,2,cloudflare_403
mostbet-k3awb.top,2,cloudflare_403
mostbet-k49qc.life,2,cloudflare_403
mostbet-k5fqp.lol,2,cloudflare_403
mostbet-k6pp2.buzz,2,cloudflare_403
mostbet-k6qhw.blog,2,cloudflare_403
mostbet-k6xff.sbs,2,cloudflare_403
mostbet-kabwqv1.top,2,cloudflare_503
mostbet-kapa.xyz,2,cloudflare_403
mostbet-kas.xyz,2,cloudflare_403
mostbet-kasino.bar,2,cloudflare_404
mostbet-kasino.digital,2,cloudflare_404
mostbet-kasino.help,2,cloudflare_404
mostbet-kasino.info,2,cloudflare_403
mostbet-kasino.live,2,cloudflare_404
mostbet-kasino.net,2,cloudflare_403
mostbet-kasino.site,2,cloudflare_403
mostbet-kasino.vip,2,cloudflare_403
mostbet-kasyno-pl.com,2,cloudflare_403
mostbet-kasyno.digital,2,cloudflare_404
mostbet-kaszino.com,2,cloudflare_403
mostbet-kayit-az.fun,2,cloudflare_404
mostbet-kayit-azerbaijan.space,2,cloudflare_404
mostbet-kayit-ol-az.life,2,cloudflare_404
mostbet-kayit-ol.xyz,2,cloudflare_404
mostbet-kaz.xyz,2,cloudflare_403
mostbet-kazakhstan-casino.com,2,cloudflare_403
mostbet-kazakhstan-kk.cc,2,cloudflare_404
mostbet-kazakhstan-kk.click,2,cloudflare_404
mostbet-kazakhstan.buzz,2,cloudflare_404
mostbet-kazakhstan.click,2,cloudflare_404
mostbet-kazakhstan.digital,2,cloudflare_404
mostbet-kazakhstan.help,2,cloudflare_404
mostbet-kazakhstan.in.net,2,cloudflare_404
mostbet-kazakhstan.kz,2,cloudflare_410
mostbet-kazakhstan.net,2,cloudflare_403
mostbet-kazakhstan.qpon,2,cloudflare_404
mostbet-kazakhstan1.buzz,2,cloudflare_404
mostbet-kazakhstan1.click,2,cloudflare_404
mostbet-kazakhstan1.help,2,cloudflare_404
mostbet-kazcasinospin.digital,2,cloudflare_404
mostbet-kazino.bar,2,cloudflare_404
mostbet-kazino.cfd,2,cloudflare_404
mostbet-kazino.click,2,cloudflare_403
mostbet-kazino.co,2,cloudflare_403
mostbet-kazino.help,2,cloudflare_404
mostbet-kazino.live,2,cloudflare_403
mostbet-kazino1.xyz,2,cloudflare_403
mostbet-kbitro2.top,2,cloudflare_503
mostbet-kc.xyz,2,cloudflare_403
mostbet-kcgxia.top,2,cloudflare_503
mostbet-kcw.xyz,2,cloudflare_403
mostbet-ke-app.com,2,cloudflare_403
mostbet-ke86p.club,2,cloudflare_403
mostbet-keack.blog,2,cloudflare_403
mostbet-kejj7.life,2,cloudflare_403
mostbet-kfcnx.top,2,cloudflare_403
mostbet-kg.xyz,2,cloudflare_403
mostbet-kh.xyz,2,cloudflare_403
mostbet-ki.xyz,2,cloudflare_403
mostbet-kit.xyz,2,cloudflare_403
mostbet-kk.xyz,2,cloudflare_403
mostbet-kmhvx.top,2,cloudflare_403
mostbet-kod-promo-pl.fun,2,cloudflare_404
mostbet-kod-promocyjny-casino.xyz,2,cloudflare_404
mostbet-kod-promocyjny-pl.space,2,cloudflare_404
mostbet-kod-promocyjny-polska.life,2,cloudflare_404
mostbet-kod-promocyjny.uno,2,cloudflare_404
mostbet-kod-voucher-pl.fun,2,cloudflare_404
mostbet-kod-voucher.space,2,cloudflare_404
mostbet-kodpromocyjny-bez-depozytu.live,2,cloudflare_404
mostbet-kodpromocyjny-bezdepozytu-pl.online,2,cloudflare_404
mostbet-kodpromocyjny-polska.site,2,cloudflare_404
mostbet-kp2.top,2,cloudflare_403
mostbet-kpb2.xyz,2,cloudflare_403
mostbet-kq.xyz,2,cloudflare_403
mostbet-kr.xyz,2,cloudflare_403
mostbet-krymaf1.top,2,cloudflare_503
mostbet-ks1.xyz,2,cloudflare_403
mostbet-ks2.xyz,2,cloudflare_403
mostbet-ks3.xyz,2,cloudflare_403
mostbet-kt3np.top,2,cloudflare_403
mostbet-ku20f.club,2,cloudflare_403
mostbet-ku960.xyz,2,cloudflare_403
mostbet-kufgu.pro,2,cloudflare_403
mostbet-kvi9n.sbs,2,cloudflare_403
mostbet-kw-my5y.xyz,2,cloudflare_503
mostbet-kwgvj.xyz,2,cloudflare_403
mostbet-kz-bonus.com,2,cloudflare_503
mostbet-kz-casino.com,2,cloudflare_503
mostbet-kz.pw,2,cloudflare_503
mostbet-kz1.bet,2,cloudflare_403
mostbet-kz25.com,2,cloudflare_403
mostbet-l1qzv.pro,2,cloudflare_403
mostbet-l424o.pro,2,cloudflare_403
mostbet-l47ug.cfd,2,cloudflare_403
mostbet-l49v0.buzz,2,cloudflare_403
mostbet-l5gat.xyz,2,cloudflare_403
mostbet-l7ns8.club,2,cloudflare_403
mostbet-l9ec4.sbs,2,cloudflare_403
mostbet-l9rcu.cfd,2,cloudflare_403
mostbet-lae7r.pro,2,cloudflare_403
mostbet-lbewbt.top,2,cloudflare_503
mostbet-lbjzvz1.top,2,cloudflare_503
mostbet-lbjzvz2.top,2,cloudflare_503
mostbet-lbuz4.lol,2,cloudflare_403
mostbet-ld.xyz,2,cloudflare_403
mostbet-ld377.buzz,2,cloudflare_403
mostbet-le18.xyz,2,cloudflare_503
mostbet-lf3bz.blog,2,cloudflare_403
mostbet-lg.xyz,2,cloudflare_403
mostbet-lhbze.top,2,cloudflare_403
mostbet-li.xyz,2,cloudflare_403
mostbet-life17.site,2,cloudflare_503
mostbet-life3.top,2,cloudflare_503
mostbet-limf.xyz,2,cloudflare_403
mostbet-live-casino-games.top,2,cloudflare_404
mostbet-live-casino.life,2,cloudflare_404
mostbet-live-giris.digital,2,cloudflare_404
mostbet-live.digital,2,cloudflare_404
mostbet-lj0n6.club,2,cloudflare_403
mostbet-ljiqw.blog,2,cloudflare_403
mostbet-lk.xyz,2,cloudflare_403
mostbet-lkxgt.icu,2,cloudflare_403
mostbet-llk4.xyz,2,cloudflare_403
mostbet-llmr.xyz,2,cloudflare_403
mostbet-llwg8.life,2,cloudflare_403
mostbet-lm.xyz,2,cloudflare_403
mostbet-lnvnk.pro,2,cloudflare_403
mostbet-lo.xyz,2,cloudflare_403
mostbet-lo459.info,2,cloudflare_403
mostbet-lo6cx.icu,2,cloudflare_403
mostbet-log-in-pl.uno,2,cloudflare_404
mostbet-login-egypt.com,2,cloudflare_403
mostbet-login-fr.com,2,cloudflare_403
mostbet-login-nepal.com,2,cloudflare_401
mostbet-login-pl.digital,2,cloudflare_404
mostbet-login.cfd,2,cloudflare_401
mostbet-login.cyou,2,cloudflare_401
mostbet-login.live,2,cloudflare_404
mostbet-login.xyz,2,cloudflare_401
mostbet-login1.com,2,cloudflare_403
mostbet-login2.com,2,cloudflare_403
mostbet-login24.in,2,cloudflare_403
mostbet-logowanie-pl.click,2,cloudflare_404
mostbet-logowanie-pl.site,2,cloudflare_404
mostbet-logowanie-polska.space,2,cloudflare_404
mostbet-low5z.sbs,2,cloudflare_403
mostbet-lpmok.blog,2,cloudflare_403
mostbet-lppzn.club,2,cloudflare_403
mostbet-lqocho1.top,2,cloudflare_503
mostbet-lqocho2.top,2,cloudflare_503
mostbet-lr.top,2,cloudflare_503
mostbet-lsr.xyz,2,cloudflare_403
mostbet-lvbo4.life,2,cloudflare_403
mostbet-lvdv4.cfd,2,cloudflare_403
mostbet-lvfbl.icu,2,cloudflare_403
mostbet-lwa.xyz,2,cloudflare_503
mostbet-lwpmfu.top,2,cloudflare_503
mostbet-lx.xyz,2,cloudflare_503
mostbet-lx2c9.club,2,cloudflare_403
mostbet-lxelk.buzz,2,cloudflare_403
mostbet-lxf29.sbs,2,cloudflare_403
mostbet-lxxni.buzz,2,cloudflare_403
mostbet-ly.xyz,2,cloudflare_503
mostbet-lyf6.xyz,2,cloudflare_403
mostbet-lytbhc.top,2,cloudflare_503
mostbet-lytbhc2.top,2,cloudflare_503
mostbet-m0mgj.club,2,cloudflare_403
mostbet-m53l4.cfd,2,cloudflare_403
mostbet-m5470.blog,2,cloudflare_403
mostbet-m6hv5.blog,2,cloudflare_403
mostbet-m8kjj.pro,2,cloudflare_403
mostbet-m8z2o.life,2,cloudflare_403
mostbet-m8zc.xyz,2,cloudflare_403
mostbet-ma9gq.buzz,2,cloudflare_403
mostbet-magyar.org,2,cloudflare_401
mostbet-mar5k.cfd,2,cloudflare_403
mostbet-may.xyz,2,cloudflare_403
mostbet-mb.top,2,cloudflare_503
mostbet-mb0on.icu,2,cloudflare_403
mostbet-md.xyz,2,cloudflare_403
mostbet-melxj.cfd,2,cloudflare_403
mostbet-mexico.mx,2,cloudflare_403
mostbet-mexico.net,2,cloudflare_403
mostbet-mf.xyz,2,cloudflare_403
mostbet-mf1on.club,2,cloudflare_403
mostbet-mgizgx1.top,2,cloudflare_503
mostbet-mhdhd.life,2,cloudflare_403
mostbet-mhedj.top,2,cloudflare_403
mostbet-mhun.xyz,2,cloudflare_403
mostbet-midu2.pro,2,cloudflare_403
mostbet-mirror2.ru,2,cloudflare_503
mostbet-mirror3.ru,2,cloudflare_503
mostbet-mk-8s7f.buzz,2,cloudflare_403
mostbet-mk6c.xyz,2,cloudflare_403
mostbet-mklqu.lol,2,cloudflare_403
mostbet-ml.xyz,2,cloudflare_403
mostbet-mm3d.xyz,2,cloudflare_403
mostbet-mmiy.xyz,2,cloudflare_403
mostbet-mobil-az.site,2,cloudflare_404
mostbet-mobil-azerbaijan.life,2,cloudflare_404
mostbet-mobil-casino-az.digital,2,cloudflare_404
mostbet-mobil-indir-az.site,2,cloudflare_404
mostbet-mobil-oyna.top,2,cloudflare_404
mostbet-mobil-versiya-az.uno,2,cloudflare_404
mostbet-mobil-versiya.cfd,2,cloudflare_404
mostbet-mobile-az.fun,2,cloudflare_404
mostbet-mobile-azerbaijan.space,2,cloudflare_404
mostbet-mobile-casino-az.online,2,cloudflare_404
mostbet-mos.top,2,cloudflare_404
mostbet-mos.xyz,2,cloudflare_403
mostbet-mos2.xyz,2,cloudflare_403
mostbet-most-bet.com,2,cloudflare_444
mostbet-most-bet.us.com,2,cloudflare_444
mostbet-mostbet.xyz,2,cloudflare_503
mostbet-mpnbb.top,2,cloudflare_403
mostbet-mpylt.buzz,2,cloudflare_403
mostbet-mr4t1.top,2,cloudflare_403
mostbet-mrbpr.top,2,cloudflare_403
mostbet-mrdvp.top,2,cloudflare_403
mostbet-msg.xyz,2,cloudflare_403
mostbet-msi2.xyz,2,cloudflare_403
mostbet-msi6.xyz,2,cloudflare_403
mostbet-msi9.xyz,2,cloudflare_403
mostbet-msqm.xyz,2,cloudflare_403
mostbet-mstik-ly7b.buzz,2,cloudflare_403
mostbet-mt.xyz,2,cloudflare_403
mostbet-mt989.club,2,cloudflare_403
mostbet-mtbawy.top,2,cloudflare_503
mostbet-muh4e.life,2,cloudflare_403
mostbet-muv8m.top,2,cloudflare_403
mostbet-mx.mx,2,cloudflare_403
mostbet-mx.top,2,cloudflare_403
mostbet-mx.xyz,2,cloudflare_403
mostbet-mx37e.top,2,cloudflare_403
mostbet-mxpkv.cfd,2,cloudflare_403
mostbet-mxvrlf.top,2,cloudflare_503
mostbet-mxvrlf2.top,2,cloudflare_503
mostbet-mz.top,2,cloudflare_403
mostbet-mz.xyz,2,cloudflare_403
mostbet-n2d63.club,2,cloudflare_403
mostbet-n5b7j.lol,2,cloudflare_403
mostbet-n5ssh.pro,2,cloudflare_403
mostbet-n629t.life,2,cloudflare_403
mostbet-n8dtb.cfd,2,cloudflare_403
mostbet-n8x3p.lol,2,cloudflare_403
mostbet-na.xyz,2,cloudflare_403
mostbet-nay.xyz,2,cloudflare_403
mostbet-nbcjgc.top,2,cloudflare_503
mostbet-nbrpv.xyz,2,cloudflare_403
mostbet-nc.xyz,2,cloudflare_403
mostbet-nd4.xyz,2,cloudflare_403
mostbet-ne.xyz,2,cloudflare_403
mostbet-nec4t.pro,2,cloudflare_403
mostbet-new.ru,2,cloudflare_503
mostbet-ngkn.xyz,2,cloudflare_403
mostbet-ngz53.top,2,cloudflare_403
mostbet-nh.top,2,cloudflare_403
mostbet-nh.xyz,2,cloudflare_503
mostbet-ni.xyz,2,cloudflare_403
mostbet-nice.ru,2,cloudflare_503
mostbet-nk.top,2,cloudflare_403
mostbet-nl.top,2,cloudflare_403
mostbet-nmdazy1.top,2,cloudflare_503
mostbet-no.xyz,2,cloudflare_403
mostbet-nodeposit-bonus-code-pl.digital,2,cloudflare_404
mostbet-nodeposit-bonus-code.life,2,cloudflare_404
mostbet-nofptt1.top,2,cloudflare_503
mostbet-npgony.top,2,cloudflare_503
mostbet-npiqct.top,2,cloudflare_503
mostbet-nq3f6.pro,2,cloudflare_403
mostbet-nqydf.blog,2,cloudflare_403
mostbet-ns10.top,2,cloudflare_403
mostbet-ns15.top,2,cloudflare_403
mostbet-ns16.top,2,cloudflare_403
mostbet-ns2.xyz,2,cloudflare_403
mostbet-ns3.xyz,2,cloudflare_403
mostbet-ns5.xyz,2,cloudflare_403
mostbet-ns7.xyz,2,cloudflare_403
mostbet-ns732.life,2,cloudflare_403
mostbet-ns8.xyz,2,cloudflare_403
mostbet-nt6wx.club,2,cloudflare_403
mostbet-nvh4j.icu,2,cloudflare_403
mostbet-nvi3g.blog,2,cloudflare_403
mostbet-nx.xyz,2,cloudflare_403
mostbet-nyemw.life,2,cloudflare_403
mostbet-nytse.sbs,2,cloudflare_403
mostbet-nyxh.xyz,2,cloudflare_403
mostbet-nzb1.xyz,2,cloudflare_403
mostbet-nzt2.xyz,2,cloudflare_403
mostbet-nzt3.xyz,2,cloudflare_403
mostbet-nzt7.xyz,2,cloudflare_403
mostbet-nzxk.xyz,2,cloudflare_403
mostbet-o0l2y.pro,2,cloudflare_403
mostbet-o0xay.pro,2,cloudflare_403
mostbet-o2jd4.top,2,cloudflare_403
mostbet-o36mg.xyz,2,cloudflare_403
mostbet-o3qz.xyz,2,cloudflare_403
mostbet-o5urk.info,2,cloudflare_403
mostbet-o7310.life,2,cloudflare_403
mostbet-o9gl6.pro,2,cloudflare_403
mostbet-oasz9.blog,2,cloudflare_403
mostbet-obait.buzz,2,cloudflare_403
mostbet-obd2v.blog,2,cloudflare_403
mostbet-obgzv.buzz,2,cloudflare_403
mostbet-oc5xh.top,2,cloudflare_403
mostbet-ock.xyz,2,cloudflare_403
mostbet-ocv03.life,2,cloudflare_403
mostbet-od-gzec.xyz,2,cloudflare_403
mostbet-od.xyz,2,cloudflare_503
mostbet-od1.top,2,cloudflare_403
mostbet-odcqtg.top,2,cloudflare_503
mostbet-oeqg.xyz,2,cloudflare_403
mostbet-off.com,2,cloudflare_404
mostbet-off.xyz,2,cloudflare_503
mostbet-official-o10z.xyz,2,cloudflare_403
mostbet-official.cfd,2,cloudflare_401
mostbet-official.click,2,cloudflare_401
mostbet-official.cyou,2,cloudflare_401
mostbet-official.eu.com,2,cloudflare_444
mostbet-official.net,2,cloudflare_403
mostbet-official1.ru,2,cloudflare_503
mostbet-official25.com,2,cloudflare_403
mostbet-official778.ru,2,cloudflare_503
mostbet-officialcasino.click,2,cloudflare_404
mostbet-officialniy.site,2,cloudflare_503
mostbet-ofuvym.top,2,cloudflare_503
mostbet-oggfj.pro,2,cloudflare_403
mostbet-oh31d.sbs,2,cloudflare_403
mostbet-ohkm.xyz,2,cloudflare_403
mostbet-ok.top,2,cloudflare_403
mostbet-olay2.life,2,cloudflare_403
mostbet-online-2025.click,2,cloudflare_404
mostbet-online-casino-bonus.top,2,cloudflare_404
mostbet-online-kayit-az.online,2,cloudflare_404
mostbet-online-oyna-az.xyz,2,cloudflare_404
mostbet-online-oyun.click,2,cloudflare_404
mostbet-online.com.br,2,cloudflare_403
mostbet-online.org.ru,2,cloudflare_503
mostbet-online.pk,2,cloudflare_403
mostbet-onlinecasino.xyz,2,cloudflare_403
mostbet-onlinepolska.pl,2,cloudflare_404
mostbet-oo.xyz,2,cloudflare_403
mostbet-opakc.buzz,2,cloudflare_403
mostbet-oq7sw.lol,2,cloudflare_403
mostbet-oqp93.info,2,cloudflare_403
mostbet-or77e.info,2,cloudflare_403
mostbet-orhfn.sbs,2,cloudflare_403
mostbet-original.ru,2,cloudflare_403
mostbet-original.top,2,cloudflare_403
mostbet-os2.xyz,2,cloudflare_503
mostbet-os3.xyz,2,cloudflare_503
mostbet-osvpq.life,2,cloudflare_403
mostbet-ot3bp.cfd,2,cloudflare_403
mostbet-otrqm.club,2,cloudflare_403
mostbet-ou.top,2,cloudflare_503
mostbet-oved9.life,2,cloudflare_403
mostbet-ovkt7.top,2,cloudflare_403
mostbet-ow7cc.info,2,cloudflare_403
mostbet-owvun.top,2,cloudflare_403
mostbet-ox.xyz,2,cloudflare_403
mostbet-oy.top,2,cloudflare_403
mostbet-oyc71.buzz,2,cloudflare_403
mostbet-oyna-az.cfd,2,cloudflare_404
mostbet-oyna-azerbaijan.live,2,cloudflare_404
mostbet-oynash-az.digital,2,cloudflare_404
mostbet-oynash-azerbaijan.top,2,cloudflare_404
mostbet-oynash-uz.com,2,cloudflare_403
mostbet-oyos4.xyz,2,cloudflare_403
mostbet-oyycct.top,2,cloudflare_503
mostbet-oztvb.top,2,cloudflare_403
mostbet-p0v4s.info,2,cloudflare_403
mostbet-p1q8.xyz,2,cloudflare_403
mostbet-p26qm.club,2,cloudflare_403
mostbet-p35fz.sbs,2,cloudflare_403
mostbet-p4vkf.life,2,cloudflare_403
mostbet-p59th.lol,2,cloudflare_403
mostbet-p5wqc.pro,2,cloudflare_403
mostbet-p66ja.cfd,2,cloudflare_403
mostbet-p6gp1.pro,2,cloudflare_403
mostbet-p7bod.sbs,2,cloudflare_403
mostbet-p8sy.xyz,2,cloudflare_403
mostbet-pakistani.net,2,cloudflare_403
mostbet-pantagestheatre.com,2,cloudflare_403
mostbet-pbahq.blog,2,cloudflare_403
mostbet-pc.top,2,cloudflare_403
mostbet-pc6si.lol,2,cloudflare_403
mostbet-pd.xyz,2,cloudflare_403
mostbet-pe.org,2,cloudflare_403
mostbet-peqfy.pro,2,cloudflare_403
mostbet-pfwnoi2.top,2,cloudflare_503
mostbet-phnq2.lol,2,cloudflare_403
mostbet-pjknzc.top,2,cloudflare_503
mostbet-pk.site,2,cloudflare_401
mostbet-pk24.com,2,cloudflare_403
mostbet-pk3dt.top,2,cloudflare_403
mostbet-pk5j8.xyz,2,cloudflare_403
mostbet-pk93.xyz,2,cloudflare_403
mostbet-pkt.com,2,cloudflare_403
mostbet-pl-bonus-bez-depozytu.uno,2,cloudflare_404
mostbet-pl-bonus-kod.xyz,2,cloudflare_404
mostbet-pl-darmowy-voucher.live,2,cloudflare_404
mostbet-pl-free-spins.site,2,cloudflare_404
mostbet-pl-kod-promocyjny.digital,2,cloudflare_404
mostbet-pl-logowanie.digital,2,cloudflare_404
mostbet-pl-voucher-bezdepozytu.digital,2,cloudflare_404
mostbet-play-apps.digital,2,cloudflare_404
mostbet-play-games.digital,2,cloudflare_404
mostbet-play-live-casino.life,2,cloudflare_404
mostbet-play.digital,2,cloudflare_404
mostbet-play.it.com,2,cloudflare_444
mostbet-play.site,2,cloudflare_503
mostbet-playwin795.ru,2,cloudflare_503
mostbet-playwin843.ru,2,cloudflare_503
mostbet-plcasino.live,2,cloudflare_404
mostbet-ple.xyz,2,cloudflare_403
mostbet-plus.click,2,cloudflare_404
mostbet-ply.xyz,2,cloudflare_403
mostbet-pm3.xyz,2,cloudflare_403
mostbet-po2w.xyz,2,cloudflare_403
mostbet-po8ke.blog,2,cloudflare_403
mostbet-po8s0.pro,2,cloudflare_403
mostbet-poland-casino.com,2,cloudflare_403
mostbet-poland.org,2,cloudflare_403
mostbet-ppe5x.lol,2,cloudflare_403
mostbet-pq31u.cfd,2,cloudflare_403
mostbet-pr3.xyz,2,cloudflare_403
mostbet-prihlaseni.cz,2,cloudflare_403
mostbet-promocode-az.com,2,cloudflare_403
mostbet-promokod.space,2,cloudflare_503
mostbet-ps1.xyz,2,cloudflare_403
mostbet-pt.eu,2,cloudflare_403
mostbet-pt0q.xyz,2,cloudflare_403
mostbet-pte.xyz,2,cloudflare_403
mostbet-pu0ch.blog,2,cloudflare_403
mostbet-pu0v.xyz,2,cloudflare_403
mostbet-pvub.xyz,2,cloudflare_403
mostbet-py.xyz,2,cloudflare_403
mostbet-pynp3.club,2,cloudflare_403
mostbet-pz.xyz,2,cloudflare_403
mostbet-pzoyf.xyz,2,cloudflare_403
mostbet-q186.xyz,2,cloudflare_403
mostbet-q24pc.pro,2,cloudflare_403
mostbet-q35qy.sbs,2,cloudflare_403
mostbet-q4ifv.pro,2,cloudflare_403
mostbet-q59q.xyz,2,cloudflare_403
mostbet-q5tjq.life,2,cloudflare_403
mostbet-q6v1n.cfd,2,cloudflare_403
mostbet-q8uai.club,2,cloudflare_403
mostbet-q918j.blog,2,cloudflare_403
mostbet-q948.xyz,2,cloudflare_403
mostbet-q99kq.cfd,2,cloudflare_403
mostbet-q9oai.club,2,cloudflare_403
mostbet-qa-3u2r.xyz,2,cloudflare_403
mostbet-qa.xyz,2,cloudflare_503
mostbet-qahuse.top,2,cloudflare_503
mostbet-qal3u.lol,2,cloudflare_403
mostbet-qazaqstankz.eu.com,2,cloudflare_404
mostbet-qc.ru,2,cloudflare_503
mostbet-qc2ka.info,2,cloudflare_403
mostbet-qdok4.blog,2,cloudflare_403
mostbet-qeydiyyat.com,2,cloudflare_403
mostbet-qf.buzz,2,cloudflare_503
mostbet-qfjpd.top,2,cloudflare_403
mostbet-qgicx.lol,2,cloudflare_403
mostbet-qhnjs.cfd,2,cloudflare_403
mostbet-qhxpcw.top,2,cloudflare_503
mostbet-qhxpcw1.top,2,cloudflare_503
mostbet-qhxpcw3.top,2,cloudflare_503
mostbet-qi.xyz,2,cloudflare_403
mostbet-qis13.life,2,cloudflare_403
mostbet-qiw8a.blog,2,cloudflare_403
mostbet-qiyr7.lol,2,cloudflare_403
mostbet-qj.ru,2,cloudflare_503
mostbet-qjghl.info,2,cloudflare_403
mostbet-qk.buzz,2,cloudflare_503
mostbet-qk3v3.club,2,cloudflare_403
mostbet-qkehj.life,2,cloudflare_403
mostbet-ql.buzz,2,cloudflare_503
mostbet-ql1nf.blog,2,cloudflare_403
mostbet-ql4wj.sbs,2,cloudflare_403
mostbet-qm.ru,2,cloudflare_503
mostbet-qm4pg.top,2,cloudflare_403
mostbet-qmccf.pro,2,cloudflare_403
mostbet-qp17.top,2,cloudflare_503
mostbet-qp6mu.xyz,2,cloudflare_403
mostbet-qpld4.life,2,cloudflare_403
mostbet-qq.buzz,2,cloudflare_503
mostbet-qq.xyz,2,cloudflare_403
mostbet-qr24.top,2,cloudflare_503
mostbet-qs.top,2,cloudflare_503
mostbet-qs5oi.top,2,cloudflare_403
mostbet-qsdk2.life,2,cloudflare_403
mostbet-qsf37.lol,2,cloudflare_403
mostbet-qt23.top,2,cloudflare_503
mostbet-quieg.cfd,2,cloudflare_403
mostbet-qum5p.blog,2,cloudflare_403
mostbet-qv.buzz,2,cloudflare_503
mostbet-qv09t.xyz,2,cloudflare_403
mostbet-qvgl.xyz,2,cloudflare_503
mostbet-qvjkr.info,2,cloudflare_403
mostbet-qvwhx.club,2,cloudflare_403
mostbet-qvxyg.info,2,cloudflare_403
mostbet-qy21.top,2,cloudflare_403
mostbet-qztwfv.top,2,cloudflare_503
mostbet-r1vvk.icu,2,cloudflare_403
mostbet-r53sk.pro,2,cloudflare_403
mostbet-r5ndt.pro,2,cloudflare_403
mostbet-r6vm1.blog,2,cloudflare_403
mostbet-r7hoc.pro,2,cloudflare_403
mostbet-r8juv.blog,2,cloudflare_403
mostbet-r8kxn.icu,2,cloudflare_403
mostbet-r9lj.xyz,2,cloudflare_403
mostbet-ra.xyz,2,cloudflare_403
mostbet-rapq.xyz,2,cloudflare_403
mostbet-rating-casino4.top,2,cloudflare_503
mostbet-rb.xyz,2,cloudflare_403
mostbet-rccoi.sbs,2,cloudflare_403
mostbet-rdwim.club,2,cloudflare_403
mostbet-re2.xyz,2,cloudflare_503
mostbet-real-money-gaming-site.top,2,cloudflare_404
mostbet-red.xyz,2,cloudflare_403
mostbet-red1.club,2,cloudflare_403
mostbet-reg1.xyz,2,cloudflare_403
mostbet-reg5.top,2,cloudflare_403
mostbet-reg6.top,2,cloudflare_403
mostbet-reg7.xyz,2,cloudflare_403
mostbet-registration.icu,2,cloudflare_503
mostbet-rejnkq.top,2,cloudflare_503
mostbet-renf.xyz,2,cloudflare_403
mostbet-resmi-az.it.com,2,cloudflare_404
mostbet-resmi-az.top,2,cloudflare_404
mostbet-resmi-azerbaijan.live,2,cloudflare_404
mostbet-resmi-site-az.cfd,2,cloudflare_404
mostbet-resmi-site-azerbaijan.life,2,cloudflare_404
mostbet-resmi-site.site,2,cloudflare_404
mostbet-resmi-sitesi-az.uno,2,cloudflare_404
mostbet-resmi-sitesi.fun,2,cloudflare_404
mostbet-rest.top,2,cloudflare_503
mostbet-reviews.com,2,cloudflare_403
mostbet-rew.xyz,2,cloudflare_403
mostbet-rf.buzz,2,cloudflare_503
mostbet-rf.xyz,2,cloudflare_403
mostbet-rf1.xyz,2,cloudflare_403
mostbet-rfrf.top,2,cloudflare_403
mostbet-rfru.top,2,cloudflare_403
mostbet-rgpbyj.top,2,cloudflare_503
mostbet-rh.xyz,2,cloudflare_403
mostbet-rif.xyz,2,cloudflare_403
mostbet-ritlm.xyz,2,cloudflare_403
mostbet-rj.xyz,2,cloudflare_503
mostbet-rj7aw.top,2,cloudflare_403
mostbet-rlq09.buzz,2,cloudflare_403
mostbet-rmo8.xyz,2,cloudflare_403
mostbet-rmq2l.life,2,cloudflare_403
mostbet-rn.xyz,2,cloudflare_403
mostbet-rnnf.xyz,2,cloudflare_403
mostbet-rob.xyz,2,cloudflare_403
mostbet-roexjl.top,2,cloudflare_503
mostbet-roexjl1.top,2,cloudflare_503
mostbet-roi3.xyz,2,cloudflare_403
mostbet-roi5.xyz,2,cloudflare_403
mostbet-roulette-turkish.top,2,cloudflare_404
mostbet-royal-new.top,2,cloudflare_503
mostbet-royal-new.xyz,2,cloudflare_503
mostbet-royal.xyz,2,cloudflare_503
mostbet-rqgnt.life,2,cloudflare_403
mostbet-rqiwy.lol,2,cloudflare_403
mostbet-rqkc1.info,2,cloudflare_403
mostbet-rqmgy.xyz,2,cloudflare_403
mostbet-rr4nr.blog,2,cloudflare_403
mostbet-rrdil.sbs,2,cloudflare_403
mostbet-rri.xyz,2,cloudflare_503
mostbet-rrr.top,2,cloudflare_503
mostbet-rrumkz.top,2,cloudflare_503
mostbet-rt7u5.sbs,2,cloudflare_403
mostbet-rtf.xyz,2,cloudflare_403
mostbet-rtiqa.blog,2,cloudflare_403
mostbet-ru.xyz,2,cloudflare_403
mostbet-ru1.top,2,cloudflare_403
mostbet-ru1.xyz,2,cloudflare_403
mostbet-ru2.com,2,cloudflare_503
mostbet-ru28.com,2,cloudflare_503
mostbet-ru32.com,2,cloudflare_503
mostbet-rupe.xyz,2,cloudflare_403
mostbet-rus.xyz,2,cloudflare_403
mostbet-rus1.club,2,cloudflare_503
mostbet-rus2.top,2,cloudflare_403
mostbet-rus2.xyz,2,cloudflare_403
mostbet-rus20.site,2,cloudflare_503
mostbet-rus22.site,2,cloudflare_503
mostbet-ruu.com,2,cloudflare_403
mostbet-rv-37xt.xyz,2,cloudflare_403
mostbet-rw.xyz,2,cloudflare_403
mostbet-rxbwj.sbs,2,cloudflare_403
mostbet-ry.xyz,2,cloudflare_403
mostbet-ryndaj1.top,2,cloudflare_503
mostbet-rz0l.xyz,2,cloudflare_503
mostbet-rzidif.top,2,cloudflare_503
mostbet-rzidif1.top,2,cloudflare_503
mostbet-rzig7.info,2,cloudflare_403
mostbet-rzw9t.blog,2,cloudflare_403
mostbet-s.xyz,2,cloudflare_503
mostbet-s0j2.xyz,2,cloudflare_403
mostbet-s0pqd.sbs,2,cloudflare_403
mostbet-s2pfw.club,2,cloudflare_403
mostbet-s4xlc.sbs,2,cloudflare_403
mostbet-s5e0.xyz,2,cloudflare_403
mostbet-s79dq.info,2,cloudflare_403
mostbet-s7c0z.xyz,2,cloudflare_403
mostbet-s7rt.xyz,2,cloudflare_403
mostbet-s97i.xyz,2,cloudflare_403
mostbet-sa.com,2,cloudflare_403
mostbet-sa17f.buzz,2,cloudflare_403
mostbet-sa8cs.pro,2,cloudflare_403
mostbet-sb4.xyz,2,cloudflare_403
mostbet-schweiz.com,2,cloudflare_403
mostbet-sd.xyz,2,cloudflare_403
mostbet-sdu56.lol,2,cloudflare_403
mostbet-se.xyz,2,cloudflare_403
mostbet-sea.xyz,2,cloudflare_403
mostbet-sewa9.pro,2,cloudflare_403
mostbet-sfbtv.top,2,cloudflare_403
mostbet-sfzhp.buzz,2,cloudflare_403
mostbet-si.xyz,2,cloudflare_403
mostbet-si2g.xyz,2,cloudflare_403
mostbet-si2o9.life,2,cloudflare_403
mostbet-si8gg.lol,2,cloudflare_403
mostbet-sign-up-offer.top,2,cloudflare_404
mostbet-sikyp.sbs,2,cloudflare_403
mostbet-sit.xyz,2,cloudflare_403
mostbet-site.ru,2,cloudflare_403
mostbet-site1.kz,2,cloudflare_403
mostbet-site1.top,2,cloudflare_403
mostbet-sitesitr1.com,2,cloudflare_403
mostbet-skachatuz.com,2,cloudflare_403
mostbet-slm.xyz,2,cloudflare_403
mostbet-slot-online.life,2,cloudflare_404
mostbet-slot-oyna.top,2,cloudflare_404
mostbet-slot-oyunlari.life,2,cloudflare_404
mostbet-slot.click,2,cloudflare_404
mostbet-slots-games.top,2,cloudflare_404
mostbet-slots-giris.digital,2,cloudflare_404
mostbet-slots.digital,2,cloudflare_404
mostbet-slots.life,2,cloudflare_404
mostbet-slr.xyz,2,cloudflare_403
mostbet-slv.xyz,2,cloudflare_403
mostbet-sm1.xyz,2,cloudflare_403
mostbet-sm4.xyz,2,cloudflare_403
mostbet-smany.life,2,cloudflare_403
mostbet-sn3.xyz,2,cloudflare_403
mostbet-son.xyz,2,cloudflare_403
mostbet-spn.xyz,2,cloudflare_403
mostbet-spyz.xyz,2,cloudflare_403
mostbet-sqcjd.lol,2,cloudflare_403
mostbet-sr.xyz,2,cloudflare_403
mostbet-sr1.xyz,2,cloudflare_403
mostbet-srfkl.cfd,2,cloudflare_403
mostbet-srsbsl1.top,2,cloudflare_503
mostbet-ss1.xyz,2,cloudflare_403
mostbet-ss9ph.info,2,cloudflare_403
mostbet-ssfhi.top,2,cloudflare_403
mostbet-st99q.cfd,2,cloudflare_403
mostbet-sti.xyz,2,cloudflare_403
mostbet-sweafl1.top,2,cloudflare_503
mostbet-sx.top,2,cloudflare_503
mostbet-sxjrnj.top,2,cloudflare_503
mostbet-sxvkh.xyz,2,cloudflare_403
mostbet-syt0u.top,2,cloudflare_403
mostbet-syy6c.lol,2,cloudflare_403
mostbet-sz8ya.buzz,2,cloudflare_403
mostbet-szjnj.cfd,2,cloudflare_403
mostbet-szpf5.xyz,2,cloudflare_403
mostbet-t0rzl.cfd,2,cloudflare_403
mostbet-t2bz.xyz,2,cloudflare_403
mostbet-t2lvi.info,2,cloudflare_403
mostbet-t2m15.icu,2,cloudflare_403
mostbet-t2sj8.cfd,2,cloudflare_403
mostbet-t4qdt.club,2,cloudflare_403
mostbet-t5duu.icu,2,cloudflare_403
mostbet-t5qux.cfd,2,cloudflare_403
mostbet-t6o4b.xyz,2,cloudflare_403
mostbet-t8nj3.pro,2,cloudflare_403
mostbet-t98.top,2,cloudflare_503
mostbet-tae0o.sbs,2,cloudflare_403
mostbet-tb3.xyz,2,cloudflare_403
mostbet-td2.top,2,cloudflare_403
mostbet-tdi4.xyz,2,cloudflare_403
mostbet-tdte7.top,2,cloudflare_403
mostbet-te3.xyz,2,cloudflare_403
mostbet-tg.top,2,cloudflare_503
mostbet-tg539.sbs,2,cloudflare_403
mostbet-tgzxb.icu,2,cloudflare_403
mostbet-th.xyz,2,cloudflare_403
mostbet-th2.xyz,2,cloudflare_403
mostbet-ti2.top,2,cloudflare_403
mostbet-tjbkbv.top,2,cloudflare_503
mostbet-tjw4g.top,2,cloudflare_403
mostbet-tjyrw.buzz,2,cloudflare_403
mostbet-tk.top,2,cloudflare_403
mostbet-tl9z.xyz,2,cloudflare_403
mostbet-tlbq9.buzz,2,cloudflare_403
mostbet-tlxoh.icu,2,cloudflare_403
mostbet-tm0q4.club,2,cloudflare_403
mostbet-tm4ta.life,2,cloudflare_403
mostbet-tmgjz.club,2,cloudflare_403
mostbet-to.xyz,2,cloudflare_403
mostbet-to9hj.cfd,2,cloudflare_403
mostbet-today.xyz,2,cloudflare_503
mostbet-top.org,2,cloudflare_403
mostbet-top.xyz,2,cloudflare_403
mostbet-town89.to,2,cloudflare_403
mostbet-town89.top,2,cloudflare_403
mostbet-tp.xyz,2,cloudflare_403
mostbet-tpgcb.lol,2,cloudflare_403
mostbet-tqd3s.blog,2,cloudflare_403
mostbet-tqw5h.top,2,cloudflare_403
mostbet-tr-40.com,2,cloudflare_403
mostbet-tr-login.top,2,cloudflare_404
mostbet-tr-online-deposits.top,2,cloudflare_404
mostbet-tr-online.top,2,cloudflare_404
mostbet-tr-play.top,2,cloudflare_404
mostbet-tr-turkiye.com,2,cloudflare_403
mostbet-tr.org,2,cloudflare_403
mostbet-tr1.pro,2,cloudflare_410
mostbet-tr2.pro,2,cloudflare_404
mostbet-tr2.top,2,cloudflare_503
mostbet-tr2025.com,2,cloudflare_403
mostbet-tr5.com,2,cloudflare_403
mostbet-tr9f1.lol,2,cloudflare_403
mostbet-trbh2.buzz,2,cloudflare_403
mostbet-trt.top,2,cloudflare_403
mostbet-ts2.top,2,cloudflare_503
mostbet-tssrnk.top,2,cloudflare_503
mostbet-tsu2q.buzz,2,cloudflare_403
mostbet-tt3g3.xyz,2,cloudflare_403
mostbet-ttu8i.blog,2,cloudflare_403
mostbet-tu.xyz,2,cloudflare_503
mostbet-tuoug.icu,2,cloudflare_403
mostbet-tur.xyz,2,cloudflare_403
mostbet-turk.net,2,cloudflare_403
mostbet-turki.com,2,cloudflare_403
mostbet-turkish-game.life,2,cloudflare_404
mostbet-turkish.com,2,cloudflare_403
mostbet-turkishcasino-bonus.fit,2,cloudflare_404
mostbet-turkiye.pro,2,cloudflare_404
mostbet-tvdw.xyz,2,cloudflare_503
mostbet-tw2.top,2,cloudflare_503
mostbet-tx.top,2,cloudflare_503
mostbet-tx.xyz,2,cloudflare_403
mostbet-tx1v1.lol,2,cloudflare_403
mostbet-txhu6.life,2,cloudflare_403
mostbet-txt.xyz,2,cloudflare_403
mostbet-tyqf.xyz,2,cloudflare_403
mostbet-tz0vh.life,2,cloudflare_403
mostbet-tz6cu.info,2,cloudflare_403
mostbet-tz9zk.lol,2,cloudflare_403
mostbet-tzizv.lol,2,cloudflare_403
mostbet-u0ylk.cfd,2,cloudflare_403
mostbet-u10xh.top,2,cloudflare_403
mostbet-u1q4l.buzz,2,cloudflare_403
mostbet-u2cc1.sbs,2,cloudflare_403
mostbet-u32b6.top,2,cloudflare_403
mostbet-u3nnv.info,2,cloudflare_403
mostbet-u4cv.xyz,2,cloudflare_403
mostbet-u54ri.top,2,cloudflare_403
mostbet-u5e8.xyz,2,cloudflare_403
mostbet-u5kfd.blog,2,cloudflare_403
mostbet-u62p5.xyz,2,cloudflare_403
mostbet-ua.xyz,2,cloudflare_403
mostbet-uakjy.life,2,cloudflare_403
mostbet-uakri.blog,2,cloudflare_403
mostbet-uax3d.lol,2,cloudflare_403
mostbet-ubenqm.top,2,cloudflare_503
mostbet-ucradjh.top,2,cloudflare_503
mostbet-uickd.club,2,cloudflare_403
mostbet-uiu6.xyz,2,cloudflare_403
mostbet-ujs3.xyz,2,cloudflare_403
mostbet-ukcs3.info,2,cloudflare_403
mostbet-um2.xyz,2,cloudflare_403
mostbet-umw9z.life,2,cloudflare_403
mostbet-umzmc.buzz,2,cloudflare_403
mostbet-un5h3.blog,2,cloudflare_403
mostbet-uncl0.blog,2,cloudflare_403
mostbet-und.xyz,2,cloudflare_403
mostbet-unt.xyz,2,cloudflare_403
mostbet-uo.top,2,cloudflare_503
mostbet-up.xyz,2,cloudflare_403
mostbet-upe0x.sbs,2,cloudflare_403
mostbet-uqcgvh.top,2,cloudflare_503
mostbet-uqcgvh1.top,2,cloudflare_503
mostbet-uqyk4.xyz,2,cloudflare_403
mostbet-ur8op.life,2,cloudflare_403
mostbet-urxzx.life,2,cloudflare_403
mostbet-uteiyo.top,2,cloudflare_503
mostbet-uu.xyz,2,cloudflare_403
mostbet-uujve.cfd,2,cloudflare_403
mostbet-uw.xyz,2,cloudflare_403
mostbet-uw9j0.top,2,cloudflare_403
mostbet-uxxn1.lol,2,cloudflare_403
mostbet-uyvuig.top,2,cloudflare_503
mostbet-uyvuig1.top,2,cloudflare_503
mostbet-uyvuig2.top,2,cloudflare_503
mostbet-uz-2026.com,2,cloudflare_403
mostbet-uz-kirish-2025.com,2,cloudflare_403
mostbet-uz-kirish-2026.com,2,cloudflare_403
mostbet-uz-kirish.it.com,2,cloudflare_401
mostbet-uz-online.org,2,cloudflare_403
mostbet-uz.eu.com,2,cloudflare_403
mostbet-uz1.xyz,2,cloudflare_403
mostbet-uz28.online,2,cloudflare_403
mostbet-uzb.xyz,2,cloudflare_403
mostbet-uzb29.com,2,cloudflare_503
mostbet-uzb30.com,2,cloudflare_503
mostbet-uzbek2024.com,2,cloudflare_403
mostbet-uzbekis.top,2,cloudflare_404
mostbet-uzbekistan.fun,2,cloudflare_403
mostbet-uzbekistan1.top,2,cloudflare_404
mostbet-uzbekska.com,2,cloudflare_500
mostbet-uzbksn.com,2,cloudflare_404
mostbet-v0ro7.life,2,cloudflare_403
mostbet-v1yfw.sbs,2,cloudflare_403
mostbet-v2f1.xyz,2,cloudflare_403
mostbet-v30xr.info,2,cloudflare_403
mostbet-v33tr.xyz,2,cloudflare_403
mostbet-v5cjn.xyz,2,cloudflare_403
mostbet-v7vr3.buzz,2,cloudflare_403
mostbet-va.xyz,2,cloudflare_403
mostbet-vbsnx.xyz,2,cloudflare_403
mostbet-vcur2.cfd,2,cloudflare_403
mostbet-vcwvb.life,2,cloudflare_403
mostbet-ve1.xyz,2,cloudflare_403
mostbet-vfjo.xyz,2,cloudflare_403
mostbet-vh.xyz,2,cloudflare_403
mostbet-vh1.xyz,2,cloudflare_403
mostbet-vhod2025.kz,2,cloudflare_403
mostbet-vhod24.kz,2,cloudflare_403
mostbet-vhod25.kz,2,cloudflare_403
mostbet-vhod8.buzz,2,cloudflare_403
mostbet-vhyz.xyz,2,cloudflare_403
mostbet-vig3.xyz,2,cloudflare_403
mostbet-vip-v211.ru,2,cloudflare_503
mostbet-vip-v211.top,2,cloudflare_503
mostbet-vip666.com,2,cloudflare_403
mostbet-vipcasino.digital,2,cloudflare_404
mostbet-vjr2.xyz,2,cloudflare_403
mostbet-vk.xyz,2,cloudflare_403
mostbet-vkk.xyz,2,cloudflare_403
mostbet-vm.xyz,2,cloudflare_503
mostbet-vn.net,2,cloudflare_403
mostbet-vn54f.blog,2,cloudflare_403
mostbet-vngn.xyz,2,cloudflare_403
mostbet-vo8x.xyz,2,cloudflare_403
mostbet-voucher-bez-depozytu.fun,2,cloudflare_404
mostbet-voucher-bezdepozytu-pl.cfd,2,cloudflare_404
mostbet-voucher-bezdepozytu-polska.live,2,cloudflare_404
mostbet-voucher-free-casino.digital,2,cloudflare_404
mostbet-voucher-free-pl.top,2,cloudflare_404
mostbet-voucher-free-polska.uno,2,cloudflare_404
mostbet-voucher-free-spins.live,2,cloudflare_404
mostbet-voucher-freespins-pl.xyz,2,cloudflare_404
mostbet-vp-rpz4.xyz,2,cloudflare_403
mostbet-vp.top,2,cloudflare_403
mostbet-vpe3.xyz,2,cloudflare_403
mostbet-vpp.top,2,cloudflare_403
mostbet-vpzfd.xyz,2,cloudflare_403
mostbet-vpzvc.blog,2,cloudflare_403
mostbet-vq.xyz,2,cloudflare_403
mostbet-vqfx.xyz,2,cloudflare_503
mostbet-vqh3.top,2,cloudflare_503
mostbet-vquz9.pro,2,cloudflare_403
mostbet-vqzj.xyz,2,cloudflare_403
mostbet-vr-im2k.xyz,2,cloudflare_403
mostbet-vsla8.lol,2,cloudflare_403
mostbet-vsu3.xyz,2,cloudflare_403
mostbet-vsu6.xyz,2,cloudflare_403
mostbet-vsyew.pro,2,cloudflare_403
mostbet-vszr8.life,2,cloudflare_403
mostbet-vttyo.club,2,cloudflare_403
mostbet-vtwkk.pro,2,cloudflare_403
mostbet-vu01b.cfd,2,cloudflare_403
mostbet-vuubb.cfd,2,cloudflare_403
mostbet-vuwhk.buzz,2,cloudflare_403
mostbet-vv.xyz,2,cloudflare_403
mostbet-vw4xl.pro,2,cloudflare_403
mostbet-vwgf.xyz,2,cloudflare_403
mostbet-vx.xyz,2,cloudflare_403
mostbet-vy4pa.life,2,cloudflare_403
mostbet-vzptvy.top,2,cloudflare_503
mostbet-w0fis.icu,2,cloudflare_403
mostbet-w0wep.info,2,cloudflare_403
mostbet-w2aod.buzz,2,cloudflare_403
mostbet-w2ci.xyz,2,cloudflare_503
mostbet-w3omk.info,2,cloudflare_403
mostbet-w489c.lol,2,cloudflare_403
mostbet-w554x.buzz,2,cloudflare_403
mostbet-w5fe0.buzz,2,cloudflare_403
mostbet-w5r94.top,2,cloudflare_403
mostbet-w7q4u.top,2,cloudflare_403
mostbet-w8hsw.blog,2,cloudflare_403
mostbet-w8vtb.blog,2,cloudflare_403
mostbet-w9pn6.xyz,2,cloudflare_403
mostbet-wa.buzz,2,cloudflare_503
mostbet-wa.ru,2,cloudflare_503
mostbet-wa1.top,2,cloudflare_503
mostbet-wa7.xyz,2,cloudflare_403
mostbet-wa9.xyz,2,cloudflare_403
mostbet-waa3.top,2,cloudflare_503
mostbet-wab4.top,2,cloudflare_503
mostbet-wac8.xyz,2,cloudflare_503
mostbet-wad9.top,2,cloudflare_503
mostbet-wae3.top,2,cloudflare_503
mostbet-wae7.xyz,2,cloudflare_503
mostbet-waf4.xyz,2,cloudflare_403
mostbet-wag3.top,2,cloudflare_403
mostbet-wag6.xyz,2,cloudflare_403
mostbet-wag7.top,2,cloudflare_503
mostbet-wah1.xyz,2,cloudflare_503
mostbet-wah3.top,2,cloudflare_503
mostbet-wah6.top,2,cloudflare_503
mostbet-wah8.xyz,2,cloudflare_503
mostbet-wah9.top,2,cloudflare_503
mostbet-wai6.top,2,cloudflare_403
mostbet-wai8.top,2,cloudflare_403
mostbet-waj4.xyz,2,cloudflare_403
mostbet-wak3.xyz,2,cloudflare_503
mostbet-wak8.top,2,cloudflare_503
mostbet-wal1.top,2,cloudflare_403
mostbet-wal2.xyz,2,cloudflare_503
mostbet-wal8.top,2,cloudflare_503
mostbet-wal9.top,2,cloudflare_503
mostbet-wan9.top,2,cloudflare_403
mostbet-wap2.top,2,cloudflare_503
mostbet-wap7.xyz,2,cloudflare_403
mostbet-waq2.top,2,cloudflare_403
mostbet-waq7.top,2,cloudflare_403
mostbet-waq8.top,2,cloudflare_403
mostbet-war1.top,2,cloudflare_403
mostbet-war3.top,2,cloudflare_503
mostbet-war6.top,2,cloudflare_503
mostbet-was7.top,2,cloudflare_403
mostbet-was8.top,2,cloudflare_403
mostbet-wat2.top,2,cloudflare_403
mostbet-wat5.top,2,cloudflare_403
mostbet-wau2.xyz,2,cloudflare_403
mostbet-wau3.top,2,cloudflare_403
mostbet-wav1.top,2,cloudflare_503
mostbet-wav6.xyz,2,cloudflare_503
mostbet-wav9.casino,2,cloudflare_503
mostbet-waw3.top,2,cloudflare_403
mostbet-waw6.xyz,2,cloudflare_403
mostbet-wax3.top,2,cloudflare_403
mostbet-way1.top,2,cloudflare_503
mostbet-way3.top,2,cloudflare_403
mostbet-way5.xyz,2,cloudflare_403
mostbet-way7.xyz,2,cloudflare_503
mostbet-way9.top,2,cloudflare_403
mostbet-waygo.top,2,cloudflare_403
mostbet-wb.buzz,2,cloudflare_503
mostbet-wb3.xyz,2,cloudflare_403
mostbet-wb5.xyz,2,cloudflare_403
mostbet-wb8.xyz,2,cloudflare_403
mostbet-wba2.top,2,cloudflare_403
mostbet-wbb1.xyz,2,cloudflare_403
mostbet-wbb2.top,2,cloudflare_503
mostbet-wbb5.top,2,cloudflare_403
mostbet-wbb8.xyz,2,cloudflare_403
mostbet-wbb9.xyz,2,cloudflare_403
mostbet-wbc1.top,2,cloudflare_403
mostbet-wbd2.top,2,cloudflare_403
mostbet-wbd5.top,2,cloudflare_403
mostbet-wbdbb.sbs,2,cloudflare_403
mostbet-wbe3.top,2,cloudflare_503
mostbet-wbe4.top,2,cloudflare_503
mostbet-wbe6.xyz,2,cloudflare_503
mostbet-wbe9.xyz,2,cloudflare_403
mostbet-wbf2.xyz,2,cloudflare_403
mostbet-wbg1.top,2,cloudflare_403
mostbet-wbg7.top,2,cloudflare_403
mostbet-wbg8.top,2,cloudflare_503
mostbet-wbh2.top,2,cloudflare_403
mostbet-wbh4.xyz,2,cloudflare_503
mostbet-wbi1.top,2,cloudflare_403
mostbet-wbi4.top,2,cloudflare_403
mostbet-wbi8.top,2,cloudflare_403
mostbet-wbj2.top,2,cloudflare_503
mostbet-wbk5.top,2,cloudflare_403
mostbet-wbk6.top,2,cloudflare_403
mostbet-wbl1.top,2,cloudflare_403
mostbet-wbl6.top,2,cloudflare_403
mostbet-wbl8.top,2,cloudflare_403
mostbet-wbm3.top,2,cloudflare_503
mostbet-wbm4.xyz,2,cloudflare_403
mostbet-wbn4.top,2,cloudflare_403
mostbet-wbn5.top,2,cloudflare_403
mostbet-wbo3.top,2,cloudflare_403
mostbet-wbo6.top,2,cloudflare_403
mostbet-wbo8.top,2,cloudflare_403
mostbet-wbo9.top,2,cloudflare_403
mostbet-wbp8.top,2,cloudflare_403
mostbet-wbq1.top,2,cloudflare_403
mostbet-wbq2.top,2,cloudflare_403
mostbet-wbr2.xyz,2,cloudflare_403
mostbet-wbr5.top,2,cloudflare_403
mostbet-wbr6.xyz,2,cloudflare_403
mostbet-wbs3.top,2,cloudflare_403
mostbet-wbs6.top,2,cloudflare_403
mostbet-wbs7.xyz,2,cloudflare_403
mostbet-wbs9.top,2,cloudflare_503
mostbet-wbt5.xyz,2,cloudflare_403
mostbet-wbt6.top,2,cloudflare_403
mostbet-wbt7.top,2,cloudflare_403
mostbet-wbu2.xyz,2,cloudflare_403
mostbet-wbu3.top,2,cloudflare_403
mostbet-wbu6.top,2,cloudflare_503
mostbet-wbu7.top,2,cloudflare_403
mostbet-wbw3.top,2,cloudflare_403
mostbet-wbx3.top,2,cloudflare_403
mostbet-wbx7.top,2,cloudflare_503
mostbet-wby6.top,2,cloudflare_403
mostbet-wbz7.top,2,cloudflare_503
mostbet-wc2.xyz,2,cloudflare_403
mostbet-wc3.xyz,2,cloudflare_403
mostbet-wc4.xyz,2,cloudflare_403
mostbet-wc9.xyz,2,cloudflare_403
mostbet-wcc6.top,2,cloudflare_503
mostbet-wcc7.top,2,cloudflare_403
mostbet-wcd1.xyz,2,cloudflare_403
mostbet-wcd4.casino,2,cloudflare_503
mostbet-wcd9.top,2,cloudflare_503
mostbet-wce5.xyz,2,cloudflare_503
mostbet-wce8.top,2,cloudflare_503
mostbet-wce9.top,2,cloudflare_403
mostbet-wcf5.xyz,2,cloudflare_403
mostbet-wcf9.top,2,cloudflare_503
mostbet-wcg5.top,2,cloudflare_503
mostbet-wch6.xyz,2,cloudflare_503
mostbet-wci3.top,2,cloudflare_403
mostbet-wcj6.top,2,cloudflare_403
mostbet-wcj8.top,2,cloudflare_503
mostbet-wck1.top,2,cloudflare_503
mostbet-wck2.top,2,cloudflare_403
mostbet-wck6.xyz,2,cloudflare_403
mostbet-wck8.top,2,cloudflare_403
mostbet-wcl9.top,2,cloudflare_403
mostbet-wcm3.top,2,cloudflare_403
mostbet-wcm8.top,2,cloudflare_503
mostbet-wcm9.top,2,cloudflare_403
mostbet-wcn1.top,2,cloudflare_503
mostbet-wcn2.top,2,cloudflare_503
mostbet-wcp.xyz,2,cloudflare_403
mostbet-wcp2.top,2,cloudflare_403
mostbet-wcp4.xyz,2,cloudflare_503
mostbet-wcp9.top,2,cloudflare_403
mostbet-wcq6.top,2,cloudflare_403
mostbet-wcq8.top,2,cloudflare_403
mostbet-wcr1.top,2,cloudflare_403
mostbet-wcr7.xyz,2,cloudflare_503
mostbet-wcr8.top,2,cloudflare_403
mostbet-wcs5.top,2,cloudflare_403
mostbet-wct7.top,2,cloudflare_503
mostbet-wcu4.xyz,2,cloudflare_403
mostbet-wcu9.top,2,cloudflare_403
mostbet-wcv8.xyz,2,cloudflare_503
mostbet-wcw3.top,2,cloudflare_403
mostbet-wcw5.xyz,2,cloudflare_403
mostbet-wcw9.top,2,cloudflare_503
mostbet-wcx4.top,2,cloudflare_403
mostbet-wcy1.top,2,cloudflare_403
mostbet-wcz3.top,2,cloudflare_503
mostbet-wcz9.xyz,2,cloudflare_403
mostbet-wd.ru,2,cloudflare_503
mostbet-wd3.xyz,2,cloudflare_403
mostbet-wd6.xyz,2,cloudflare_403
mostbet-wd7.xyz,2,cloudflare_403
mostbet-wd8.xyz,2,cloudflare_403
mostbet-wda4.top,2,cloudflare_503
mostbet-wda6.top,2,cloudflare_503
mostbet-wda7.top,2,cloudflare_403
mostbet-wda8.top,2,cloudflare_403
mostbet-wdawb.top,2,cloudflare_403
mostbet-wdb3.top,2,cloudflare_403
mostbet-wdb6.top,2,cloudflare_403
mostbet-wdc3.xyz,2,cloudflare_403
mostbet-wdc7.top,2,cloudflare_403
mostbet-wdc8.top,2,cloudflare_503
mostbet-wdd1.top,2,cloudflare_403
mostbet-wdd9.top,2,cloudflare_403
mostbet-wde3.xyz,2,cloudflare_403
mostbet-wde9.xyz,2,cloudflare_403
mostbet-wdf5.top,2,cloudflare_403
mostbet-wdh9.top,2,cloudflare_503
mostbet-wdi2.top,2,cloudflare_503
mostbet-wdi6.top,2,cloudflare_403
mostbet-wdi8.xyz,2,cloudflare_403
mostbet-wdi9.top,2,cloudflare_403
mostbet-wdk7.top,2,cloudflare_503
mostbet-wdl9.xyz,2,cloudflare_403
mostbet-wdm1.top,2,cloudflare_403
mostbet-wdm3.top,2,cloudflare_403
mostbet-wdm4.casino,2,cloudflare_503
mostbet-wdm8.xyz,2,cloudflare_403
mostbet-wdn1.top,2,cloudflare_503
mostbet-wdn4.xyz,2,cloudflare_403
mostbet-wdn5.xyz,2,cloudflare_403
mostbet-wdn7.xyz,2,cloudflare_503
mostbet-wdo6.xyz,2,cloudflare_403
mostbet-wdp5.top,2,cloudflare_503
mostbet-wdq2.top,2,cloudflare_403
mostbet-wdq9.top,2,cloudflare_403
mostbet-wdr2.top,2,cloudflare_403
mostbet-wdr7.top,2,cloudflare_503
mostbet-wdr9.top,2,cloudflare_403
mostbet-wds1.buzz,2,cloudflare_404
mostbet-wds1.top,2,cloudflare_404
mostbet-wds3.top,2,cloudflare_503
mostbet-wds4.top,2,cloudflare_503
mostbet-wds6.top,2,cloudflare_503
mostbet-wdt1.top,2,cloudflare_403
mostbet-wdt4.casino,2,cloudflare_503
mostbet-wdt7.top,2,cloudflare_503
mostbet-wdu3.top,2,cloudflare_403
mostbet-wdu9.top,2,cloudflare_403
mostbet-wdv9.top,2,cloudflare_403
mostbet-wdw1.xyz,2,cloudflare_403
mostbet-wdw4.xyz,2,cloudflare_503
mostbet-wdw5.top,2,cloudflare_403
mostbet-wdw6.xyz,2,cloudflare_503
mostbet-wdw9.top,2,cloudflare_403
mostbet-wdx1.xyz,2,cloudflare_403
mostbet-wdx2.top,2,cloudflare_403
mostbet-wdx6.top,2,cloudflare_403
mostbet-wdy5.top,2,cloudflare_503
mostbet-wdz2.top,2,cloudflare_503
mostbet-wdz4.xyz,2,cloudflare_503
mostbet-wdz8.top,2,cloudflare_503
mostbet-we.ru,2,cloudflare_503
mostbet-we0gw.lol,2,cloudflare_403
mostbet-we1.xyz,2,cloudflare_503
mostbet-we2.xyz,2,cloudflare_403
mostbet-we5.xyz,2,cloudflare_403
mostbet-wea3.xyz,2,cloudflare_403
mostbet-wea6.top,2,cloudflare_403
mostbet-wea7.top,2,cloudflare_503
mostbet-web1.top,2,cloudflare_403
mostbet-wec9.top,2,cloudflare_503
mostbet-wed7.xyz,2,cloudflare_503
mostbet-wed9.top,2,cloudflare_403
mostbet-wee8.top,2,cloudflare_403
mostbet-wef9.xyz,2,cloudflare_503
mostbet-weg1.top,2,cloudflare_503
mostbet-weg3.top,2,cloudflare_403
mostbet-weg6.top,2,cloudflare_403
mostbet-weg7.top,2,cloudflare_503
mostbet-weh9.xyz,2,cloudflare_403
mostbet-wei2.top,2,cloudflare_503
mostbet-wei5.top,2,cloudflare_503
mostbet-wei6.xyz,2,cloudflare_403
mostbet-wei8.top,2,cloudflare_503
mostbet-wej3.top,2,cloudflare_503
mostbet-wek.xyz,2,cloudflare_403
mostbet-wek2.top,2,cloudflare_403
mostbet-wel2.xyz,2,cloudflare_503
mostbet-wel3.top,2,cloudflare_503
mostbet-wel6.top,2,cloudflare_403
mostbet-wem3.top,2,cloudflare_403
mostbet-wem5.xyz,2,cloudflare_403
mostbet-wem6.xyz,2,cloudflare_503
mostbet-weo1.top,2,cloudflare_403
mostbet-wep4.top,2,cloudflare_403
mostbet-wep8.top,2,cloudflare_503
mostbet-wep9.top,2,cloudflare_503
mostbet-weq2.top,2,cloudflare_403
mostbet-weq7.top,2,cloudflare_403
mostbet-wer6.top,2,cloudflare_503
mostbet-wer7.top,2,cloudflare_403
mostbet-wer9.xyz,2,cloudflare_403
mostbet-wes1.top,2,cloudflare_403
mostbet-wes2.top,2,cloudflare_403
mostbet-wes5.top,2,cloudflare_503
mostbet-wes7.xyz,2,cloudflare_403
mostbet-wes8.top,2,cloudflare_403
mostbet-wet1.top,2,cloudflare_403
mostbet-wet9.top,2,cloudflare_403
mostbet-weu1.top,2,cloudflare_403
mostbet-weu2.xyz,2,cloudflare_403
mostbet-weu9.top,2,cloudflare_403
mostbet-wev2.top,2,cloudflare_503
mostbet-wew1.casino,2,cloudflare_503
mostbet-wew3.top,2,cloudflare_403
mostbet-wew4.top,2,cloudflare_403
mostbet-wew5.top,2,cloudflare_403
mostbet-wew6.top,2,cloudflare_503
mostbet-wex1.xyz,2,cloudflare_403
mostbet-wex7.top,2,cloudflare_503
mostbet-wex8.xyz,2,cloudflare_403
mostbet-wey8.top,2,cloudflare_403
mostbet-wey9.top,2,cloudflare_403
mostbet-wez2.top,2,cloudflare_503
mostbet-wez4.top,2,cloudflare_403
mostbet-wez8.xyz,2,cloudflare_403
mostbet-wf4.xyz,2,cloudflare_403
mostbet-wf8.xyz,2,cloudflare_403
mostbet-wfa3.top,2,cloudflare_403
mostbet-wfa6.top,2,cloudflare_403
mostbet-wfa9.top,2,cloudflare_403
mostbet-wfc1.top,2,cloudflare_503
mostbet-wfc4.top,2,cloudflare_503
mostbet-wfc6.xyz,2,cloudflare_503
mostbet-wfc7.top,2,cloudflare_503
mostbet-wfe2.top,2,cloudflare_403
mostbet-wfe6.xyz,2,cloudflare_403
mostbet-wff8.top,2,cloudflare_403
mostbet-wfi5.top,2,cloudflare_503
mostbet-wfi9.top,2,cloudflare_503
mostbet-wfj2.top,2,cloudflare_403
mostbet-wfj6.top,2,cloudflare_503
mostbet-wfj7.top,2,cloudflare_503
mostbet-wfk1.xyz,2,cloudflare_403
mostbet-wfk2.xyz,2,cloudflare_403
mostbet-wfk3.top,2,cloudflare_503
mostbet-wfk5.top,2,cloudflare_403
mostbet-wfk8.top,2,cloudflare_403
mostbet-wfl3.top,2,cloudflare_503
mostbet-wfl4.top,2,cloudflare_503
mostbet-wfm1.top,2,cloudflare_403
mostbet-wfm3.top,2,cloudflare_403
mostbet-wfm5.xyz,2,cloudflare_403
mostbet-wfnzxj.top,2,cloudflare_503
mostbet-wfo1.top,2,cloudflare_503
mostbet-wfo5.top,2,cloudflare_403
mostbet-wfo8.xyz,2,cloudflare_403
mostbet-wfp4.top,2,cloudflare_403
mostbet-wfp6.top,2,cloudflare_403
mostbet-wfp7.xyz,2,cloudflare_503
mostbet-wfr1.top,2,cloudflare_403
mostbet-wfr4.top,2,cloudflare_403
mostbet-wfs2.top,2,cloudflare_403
mostbet-wfs4.top,2,cloudflare_403
mostbet-wfs5.top,2,cloudflare_503
mostbet-wfs9.top,2,cloudflare_403
mostbet-wfv5.xyz,2,cloudflare_403
mostbet-wfv9.top,2,cloudflare_503
mostbet-wfw2.top,2,cloudflare_503
mostbet-wfw6.top,2,cloudflare_503
mostbet-wfw7.xyz,2,cloudflare_403
mostbet-wfw8.top,2,cloudflare_503
mostbet-wfx1.top,2,cloudflare_403
mostbet-wfx7.xyz,2,cloudflare_403
mostbet-wfy5.top,2,cloudflare_503
mostbet-wfz6.xyz,2,cloudflare_403
mostbet-wg.buzz,2,cloudflare_403
mostbet-wg1.xyz,2,cloudflare_403
mostbet-wg3.xyz,2,cloudflare_403
mostbet-wg4.xyz,2,cloudflare_403
mostbet-wg5.xyz,2,cloudflare_403
mostbet-wga9.xyz,2,cloudflare_403
mostbet-wgb6.top,2,cloudflare_403
mostbet-wgc1.top,2,cloudflare_503
mostbet-wgc2.top,2,cloudflare_503
mostbet-wgc6.xyz,2,cloudflare_403
mostbet-wgc7.top,2,cloudflare_503
mostbet-wgc8.top,2,cloudflare_403
mostbet-wgc9.top,2,cloudflare_503
mostbet-wgd3.xyz,2,cloudflare_403
mostbet-wgd4.xyz,2,cloudflare_403
mostbet-wge2.top,2,cloudflare_503
mostbet-wge7.top,2,cloudflare_503
mostbet-wgf1.top,2,cloudflare_403
mostbet-wgf8.top,2,cloudflare_503
mostbet-wgg3.top,2,cloudflare_503
mostbet-wgg4.top,2,cloudflare_503
mostbet-wgg7.xyz,2,cloudflare_403
mostbet-wgh1.top,2,cloudflare_503
mostbet-wgi3.xyz,2,cloudflare_503
mostbet-wgi4.top,2,cloudflare_503
mostbet-wgj1.top,2,cloudflare_503
mostbet-wgj6.top,2,cloudflare_403
mostbet-wgk1.top,2,cloudflare_503
mostbet-wgk2.top,2,cloudflare_403
mostbet-wgk4.xyz,2,cloudflare_403
mostbet-wgl4.top,2,cloudflare_403
mostbet-wgl7.top,2,cloudflare_503
mostbet-wgm2.top,2,cloudflare_403
mostbet-wgnx9.xyz,2,cloudflare_403
mostbet-wgp5.top,2,cloudflare_403
mostbet-wgp8.top,2,cloudflare_403
mostbet-wgq1.buzz,2,cloudflare_404
mostbet-wgq1.top,2,cloudflare_503
mostbet-wgq2.top,2,cloudflare_404
mostbet-wgq2.xyz,2,cloudflare_503
mostbet-wgq3.top,2,cloudflare_404
mostbet-wgq7.xyz,2,cloudflare_403
mostbet-wgr1.top,2,cloudflare_403
mostbet-wgr8.xyz,2,cloudflare_403
mostbet-wgs3.top,2,cloudflare_503
mostbet-wgs6.top,2,cloudflare_403
mostbet-wgt2.top,2,cloudflare_503
mostbet-wgt6.xyz,2,cloudflare_403
mostbet-wgu1.xyz,2,cloudflare_403
mostbet-wgu3.top,2,cloudflare_403
mostbet-wgu4.xyz,2,cloudflare_403
mostbet-wgw1.xyz,2,cloudflare_403
mostbet-wgw4.top,2,cloudflare_503
mostbet-wgw9.top,2,cloudflare_403
mostbet-wgx2.top,2,cloudflare_503
mostbet-wgx5.top,2,cloudflare_403
mostbet-wgx6.top,2,cloudflare_403
mostbet-wgx8.xyz,2,cloudflare_403
mostbet-wgy3.top,2,cloudflare_503
mostbet-wgz2.top,2,cloudflare_503
mostbet-wgz5.top,2,cloudflare_403
mostbet-wgz6.xyz,2,cloudflare_403
mostbet-wh1.xyz,2,cloudflare_403
mostbet-wh1te.pro,2,cloudflare_403
mostbet-wh2.xyz,2,cloudflare_403
mostbet-wha4.xyz,2,cloudflare_403
mostbet-whb3.top,2,cloudflare_503
mostbet-whc4.xyz,2,cloudflare_403
mostbet-whd2.xyz,2,cloudflare_403
mostbet-whe5.top,2,cloudflare_403
mostbet-whe7.top,2,cloudflare_503
mostbet-whf5.top,2,cloudflare_403
mostbet-whg2.top,2,cloudflare_503
mostbet-whg3.top,2,cloudflare_503
mostbet-whg7.top,2,cloudflare_403
mostbet-whg8.top,2,cloudflare_403
mostbet-whh2.top,2,cloudflare_403
mostbet-whh6.top,2,cloudflare_403
mostbet-whh8.xyz,2,cloudflare_403
mostbet-whi3.xyz,2,cloudflare_403
mostbet-whi6.xyz,2,cloudflare_403
mostbet-whi9.top,2,cloudflare_403
mostbet-whj1.top,2,cloudflare_503
mostbet-whj7.top,2,cloudflare_403
mostbet-whk5.xyz,2,cloudflare_403
mostbet-whk7.top,2,cloudflare_403
mostbet-whl1.top,2,cloudflare_403
mostbet-whl2.top,2,cloudflare_503
mostbet-whm1.top,2,cloudflare_503
mostbet-whn2.top,2,cloudflare_503
mostbet-whn5.top,2,cloudflare_503
mostbet-whn6.top,2,cloudflare_403
mostbet-who1.xyz,2,cloudflare_503
mostbet-whp1.xyz,2,cloudflare_403
mostbet-whp2.top,2,cloudflare_403
mostbet-whr5.top,2,cloudflare_503
mostbet-whs4.xyz,2,cloudflare_503
mostbet-whs6.top,2,cloudflare_503
mostbet-wht4.top,2,cloudflare_503
mostbet-wht6.top,2,cloudflare_503
mostbet-whu1.top,2,cloudflare_503
mostbet-whu6.xyz,2,cloudflare_403
mostbet-whw5.top,2,cloudflare_503
mostbet-whx2f.buzz,2,cloudflare_403
mostbet-whx6.top,2,cloudflare_503
mostbet-whx9.xyz,2,cloudflare_403
mostbet-wi.ru,2,cloudflare_503
mostbet-wi1.top,2,cloudflare_403
mostbet-wi6.xyz,2,cloudflare_403
mostbet-wi7.xyz,2,cloudflare_403
mostbet-wia4.top,2,cloudflare_503
mostbet-wia5.top,2,cloudflare_403
mostbet-wia7.top,2,cloudflare_403
mostbet-wib3.top,2,cloudflare_403
mostbet-wib4.top,2,cloudflare_503
mostbet-wib8.xyz,2,cloudflare_403
mostbet-wid5.top,2,cloudflare_403
mostbet-wid6.xyz,2,cloudflare_403
mostbet-wif1.top,2,cloudflare_503
mostbet-wif2.xyz,2,cloudflare_403
mostbet-wif3.top,2,cloudflare_403
mostbet-wif7.top,2,cloudflare_403
mostbet-wif8.top,2,cloudflare_403
mostbet-wig2.top,2,cloudflare_503
mostbet-wig9.top,2,cloudflare_503
mostbet-wih5.top,2,cloudflare_403
mostbet-wih9.top,2,cloudflare_403
mostbet-wii7.top,2,cloudflare_403
mostbet-wij6.top,2,cloudflare_503
mostbet-wij8.top,2,cloudflare_503
mostbet-wik1.top,2,cloudflare_503
mostbet-wik4.top,2,cloudflare_403
mostbet-wil9.top,2,cloudflare_503
mostbet-win.lol,2,cloudflare_503
mostbet-win.top,2,cloudflare_403
mostbet-win1.xyz,2,cloudflare_503
mostbet-win2.top,2,cloudflare_503
mostbet-win2.xyz,2,cloudflare_403
mostbet-win3.top,2,cloudflare_503
mostbet-win3.xyz,2,cloudflare_403
mostbet-win6.top,2,cloudflare_403
mostbet-win7.top,2,cloudflare_403
mostbet-win9.top,2,cloudflare_403
mostbet-wincasino.digital,2,cloudflare_404
mostbet-wini.top,2,cloudflare_404
mostbet-winplay2325.ru,2,cloudflare_503
mostbet-winslots-bet.digital,2,cloudflare_404
mostbet-wio3.xyz,2,cloudflare_503
mostbet-wip1.top,2,cloudflare_403
mostbet-wip4.xyz,2,cloudflare_503
mostbet-wip5.top,2,cloudflare_503
mostbet-wip5.xyz,2,cloudflare_503
mostbet-wiq5.top,2,cloudflare_403
mostbet-wir1.top,2,cloudflare_503
mostbet-wir2.xyz,2,cloudflare_503
mostbet-wis.xyz,2,cloudflare_503
mostbet-wis3.top,2,cloudflare_403
mostbet-wit4.top,2,cloudflare_403
mostbet-wit8.top,2,cloudflare_503
mostbet-wit9.top,2,cloudflare_403
mostbet-wiu5.casino,2,cloudflare_503
mostbet-wiu6.top,2,cloudflare_403
mostbet-wiu8.top,2,cloudflare_403
mostbet-wiu9.top,2,cloudflare_503
mostbet-wiv1.top,2,cloudflare_403
mostbet-wiv2.top,2,cloudflare_503
mostbet-wiv4.top,2,cloudflare_503
mostbet-wiv6.top,2,cloudflare_403
mostbet-wivg.xyz,2,cloudflare_503
mostbet-wivvh.pro,2,cloudflare_403
mostbet-wiw4.top,2,cloudflare_503
mostbet-wiw6.top,2,cloudflare_503
mostbet-wixo.xyz,2,cloudflare_403
mostbet-wiy6.top,2,cloudflare_403
mostbet-wiy8.top,2,cloudflare_403
mostbet-wiy9.top,2,cloudflare_403
mostbet-wiz4.xyz,2,cloudflare_403
mostbet-wiz7.top,2,cloudflare_503
mostbet-wj2.xyz,2,cloudflare_403
mostbet-wj3.xyz,2,cloudflare_403
mostbet-wj5.xyz,2,cloudflare_403
mostbet-wj6.xyz,2,cloudflare_403
mostbet-wj7.xyz,2,cloudflare_403
mostbet-wja1.top,2,cloudflare_403
mostbet-wja2.top,2,cloudflare_503
mostbet-wja9.top,2,cloudflare_503
mostbet-wjb2.top,2,cloudflare_403
mostbet-wjb5.top,2,cloudflare_403
mostbet-wjc1.top,2,cloudflare_403
mostbet-wjc9.xyz,2,cloudflare_503
mostbet-wjd1.xyz,2,cloudflare_503
mostbet-wjd3.top,2,cloudflare_503
mostbet-wjd4.top,2,cloudflare_403
mostbet-wjd5.top,2,cloudflare_503
mostbet-wjd6.xyz,2,cloudflare_403
mostbet-wje9.top,2,cloudflare_503
mostbet-wjf1.top,2,cloudflare_503
mostbet-wjf4.xyz,2,cloudflare_403
mostbet-wjf7.top,2,cloudflare_403
mostbet-wjf8.top,2,cloudflare_503
mostbet-wjg8.xyz,2,cloudflare_403
mostbet-wjh8.top,2,cloudflare_503
mostbet-wji2.top,2,cloudflare_403
mostbet-wji7.top,2,cloudflare_403
mostbet-wjk1.top,2,cloudflare_403
mostbet-wjk7.top,2,cloudflare_403
mostbet-wjk9.top,2,cloudflare_403
mostbet-wjl5.top,2,cloudflare_403
mostbet-wjl8.top,2,cloudflare_403
mostbet-wjm1.xyz,2,cloudflare_403
mostbet-wjm5.top,2,cloudflare_403
mostbet-wjm7.top,2,cloudflare_503
mostbet-wjm9.top,2,cloudflare_403
mostbet-wjn7.top,2,cloudflare_403
mostbet-wjo8.top,2,cloudflare_403
mostbet-wjp1.top,2,cloudflare_503
mostbet-wjq9.top,2,cloudflare_503
mostbet-wjr1.top,2,cloudflare_503
mostbet-wjr2.xyz,2,cloudflare_503
mostbet-wjr4.xyz,2,cloudflare_503
mostbet-wjr5.top,2,cloudflare_503
mostbet-wjs1.xyz,2,cloudflare_503
mostbet-wjs2.top,2,cloudflare_503
mostbet-wjs4.top,2,cloudflare_503
mostbet-wjs5.xyz,2,cloudflare_403
mostbet-wjs8.xyz,2,cloudflare_503
mostbet-wjt6.top,2,cloudflare_503
mostbet-wjv7.xyz,2,cloudflare_403
mostbet-wjw2.top,2,cloudflare_403
mostbet-wjw5.xyz,2,cloudflare_403
mostbet-wjw6.top,2,cloudflare_403
mostbet-wjw7.top,2,cloudflare_403
mostbet-wjw8.xyz,2,cloudflare_403
mostbet-wjy3.xyz,2,cloudflare_403
mostbet-wjy4.xyz,2,cloudflare_403
mostbet-wjz8.xyz,2,cloudflare_503
mostbet-wk.buzz,2,cloudflare_503
mostbet-wk.ru,2,cloudflare_503
mostbet-wk.top,2,cloudflare_503
mostbet-wk2.xyz,2,cloudflare_403
mostbet-wk5.xyz,2,cloudflare_403
mostbet-wk6.xyz,2,cloudflare_403
mostbet-wk7.xyz,2,cloudflare_403
mostbet-wk8.xyz,2,cloudflare_403
mostbet-wka4.top,2,cloudflare_403
mostbet-wkao1.blog,2,cloudflare_403
mostbet-wkb6.top,2,cloudflare_503
mostbet-wkd7.top,2,cloudflare_403
mostbet-wkf1.top,2,cloudflare_503
mostbet-wkf3.top,2,cloudflare_403
mostbet-wkf4.top,2,cloudflare_403
mostbet-wkf5.top,2,cloudflare_503
mostbet-wkf8.xyz,2,cloudflare_403
mostbet-wkg4.top,2,cloudflare_503
mostbet-wkg5.top,2,cloudflare_403
mostbet-wkg7.top,2,cloudflare_403
mostbet-wkh2.xyz,2,cloudflare_403
mostbet-wki3.casino,2,cloudflare_503
mostbet-wki4.top,2,cloudflare_403
mostbet-wki5.top,2,cloudflare_403
mostbet-wki9.top,2,cloudflare_403
mostbet-wkj1.top,2,cloudflare_503
mostbet-wkj5.top,2,cloudflare_403
mostbet-wkj6.xyz,2,cloudflare_503
mostbet-wkj7.top,2,cloudflare_503
mostbet-wkk3.top,2,cloudflare_503
mostbet-wkk9.top,2,cloudflare_503
mostbet-wkl6.top,2,cloudflare_403
mostbet-wkm1.top,2,cloudflare_403
mostbet-wkm4.top,2,cloudflare_403
mostbet-wkm5.top,2,cloudflare_403
mostbet-wkm6.top,2,cloudflare_403
mostbet-wkn3.top,2,cloudflare_403
mostbet-wkn5.top,2,cloudflare_403
mostbet-wkn8.top,2,cloudflare_503
mostbet-wko6.top,2,cloudflare_403
mostbet-wko7.top,2,cloudflare_403
mostbet-wkp7.top,2,cloudflare_403
mostbet-wkp9.top,2,cloudflare_403
mostbet-wkq6.top,2,cloudflare_503
mostbet-wkq8.top,2,cloudflare_503
mostbet-wkr2.top,2,cloudflare_503
mostbet-wkr3.top,2,cloudflare_403
mostbet-wkr5.top,2,cloudflare_503
mostbet-wks4.top,2,cloudflare_503
mostbet-wkt4.top,2,cloudflare_503
mostbet-wkt9.top,2,cloudflare_403
mostbet-wku4.top,2,cloudflare_503
mostbet-wku5.xyz,2,cloudflare_503
mostbet-wkuzaj.top,2,cloudflare_503
mostbet-wkv7.top,2,cloudflare_403
mostbet-wky1.top,2,cloudflare_403
mostbet-wky7.xyz,2,cloudflare_503
mostbet-wkz1.xyz,2,cloudflare_503
mostbet-wkz4.top,2,cloudflare_403
mostbet-wl.buzz,2,cloudflare_503
mostbet-wl4.xyz,2,cloudflare_403
mostbet-wl7.xyz,2,cloudflare_403
mostbet-wla4.xyz,2,cloudflare_403
mostbet-wlb4.xyz,2,cloudflare_403
mostbet-wlc2.top,2,cloudflare_403
mostbet-wlc3.top,2,cloudflare_403
mostbet-wlc7.xyz,2,cloudflare_403
mostbet-wlc8.top,2,cloudflare_403
mostbet-wld5.top,2,cloudflare_503
mostbet-wld8.top,2,cloudflare_403
mostbet-wle9.top,2,cloudflare_403
mostbet-wlf4.top,2,cloudflare_403
mostbet-wlf7.top,2,cloudflare_503
mostbet-wlf9.top,2,cloudflare_403
mostbet-wlg2.top,2,cloudflare_503
mostbet-wlg5.top,2,cloudflare_403
mostbet-wlh4.top,2,cloudflare_403
mostbet-wli2.top,2,cloudflare_403
mostbet-wli4.top,2,cloudflare_403
mostbet-wli8.top,2,cloudflare_403
mostbet-wlj2.top,2,cloudflare_403
mostbet-wlj4.top,2,cloudflare_403
mostbet-wlj5.top,2,cloudflare_403
mostbet-wlj6.xyz,2,cloudflare_403
mostbet-wlj8.top,2,cloudflare_403
mostbet-wlk2.xyz,2,cloudflare_403
mostbet-wlk3.top,2,cloudflare_403
mostbet-wlk4.top,2,cloudflare_503
mostbet-wlk6.top,2,cloudflare_403
mostbet-wll3.xyz,2,cloudflare_503
mostbet-wll7.xyz,2,cloudflare_403
mostbet-wlm8.top,2,cloudflare_403
mostbet-wlm9.top,2,cloudflare_503
mostbet-wln7.xyz,2,cloudflare_403
mostbet-wln9.top,2,cloudflare_403
mostbet-wlo1.top,2,cloudflare_403
mostbet-wlo7.top,2,cloudflare_403
mostbet-wlp3.top,2,cloudflare_503
mostbet-wlp6.top,2,cloudflare_403
mostbet-wlp8.buzz,2,cloudflare_503
mostbet-wlp9.top,2,cloudflare_503
mostbet-wlq4.top,2,cloudflare_403
mostbet-wlr5.top,2,cloudflare_503
mostbet-wlr6.top,2,cloudflare_403
mostbet-wls1.xyz,2,cloudflare_403
mostbet-wls6.top,2,cloudflare_403
mostbet-wlt5.xyz,2,cloudflare_403
mostbet-wlt6.top,2,cloudflare_503
mostbet-wlu7.xyz,2,cloudflare_503
mostbet-wlx1.top,2,cloudflare_503
mostbet-wlx4.top,2,cloudflare_503
mostbet-wlx8.top,2,cloudflare_403
mostbet-wly3.top,2,cloudflare_403
mostbet-wly4.top,2,cloudflare_503
mostbet-wlz1.top,2,cloudflare_403
mostbet-wlz3.top,2,cloudflare_403
mostbet-wlz5.top,2,cloudflare_403
mostbet-wm.ru,2,cloudflare_503
mostbet-wm1.xyz,2,cloudflare_403
mostbet-wm3.xyz,2,cloudflare_403
mostbet-wm4ux.info,2,cloudflare_403
mostbet-wm9.xyz,2,cloudflare_403
mostbet-wmb1.top,2,cloudflare_403
mostbet-wmb2.top,2,cloudflare_403
mostbet-wmb9.xyz,2,cloudflare_403
mostbet-wmc8.top,2,cloudflare_503
mostbet-wmc9.top,2,cloudflare_403
mostbet-wmd3.top,2,cloudflare_403
mostbet-wmd5.top,2,cloudflare_503
mostbet-wme6.top,2,cloudflare_503
mostbet-wmf3.top,2,cloudflare_403
mostbet-wmf7.xyz,2,cloudflare_503
mostbet-wmf8.top,2,cloudflare_503
mostbet-wmg6.top,2,cloudflare_403
mostbet-wmg9.xyz,2,cloudflare_403
mostbet-wmh3.top,2,cloudflare_503
mostbet-wmh93.pro,2,cloudflare_403
mostbet-wmi5.top,2,cloudflare_503
mostbet-wmj1.xyz,2,cloudflare_403
mostbet-wmj3.top,2,cloudflare_403
mostbet-wmj4.top,2,cloudflare_403
mostbet-wml.xyz,2,cloudflare_403
mostbet-wml3.xyz,2,cloudflare_503
mostbet-wmm8.top,2,cloudflare_503
mostbet-wmn4.xyz,2,cloudflare_403
mostbet-wmn7.top,2,cloudflare_403
mostbet-wmn9.top,2,cloudflare_403
mostbet-wmo5.top,2,cloudflare_503
mostbet-wmp9.top,2,cloudflare_503
mostbet-wmq2.top,2,cloudflare_403
mostbet-wmq3.top,2,cloudflare_403
mostbet-wmq4.top,2,cloudflare_503
mostbet-wmq9.top,2,cloudflare_403
mostbet-wmr1.top,2,cloudflare_503
mostbet-wmr2.top,2,cloudflare_403
mostbet-wmr3.top,2,cloudflare_503
mostbet-wmr4.xyz,2,cloudflare_403
mostbet-wms2.top,2,cloudflare_503
mostbet-wms4.top,2,cloudflare_403
mostbet-wms9.top,2,cloudflare_403
mostbet-wmt5.xyz,2,cloudflare_403
mostbet-wmt7.xyz,2,cloudflare_403
mostbet-wmu1.top,2,cloudflare_503
mostbet-wmu6.xyz,2,cloudflare_403
mostbet-wmu7.top,2,cloudflare_503
mostbet-wmv8.top,2,cloudflare_403
mostbet-wmw4.xyz,2,cloudflare_503
mostbet-wmw9.top,2,cloudflare_403
mostbet-wmx2.xyz,2,cloudflare_503
mostbet-wmx8.xyz,2,cloudflare_403
mostbet-wmy5.top,2,cloudflare_503
mostbet-wmy6.top,2,cloudflare_403
mostbet-wmz2.top,2,cloudflare_503
mostbet-wmz5.xyz,2,cloudflare_403
mostbet-wmz8.top,2,cloudflare_503
mostbet-wn0hu.lol,2,cloudflare_403
mostbet-wn1.xyz,2,cloudflare_403
mostbet-wn6.xyz,2,cloudflare_403
mostbet-wna2.top,2,cloudflare_503
mostbet-wna3.top,2,cloudflare_403
mostbet-wnb7.top,2,cloudflare_503
mostbet-wnc2.top,2,cloudflare_403
mostbet-wnc7.xyz,2,cloudflare_403
mostbet-wne1.top,2,cloudflare_503
mostbet-wne4.top,2,cloudflare_503
mostbet-wng3.top,2,cloudflare_403
mostbet-wng9.top,2,cloudflare_403
mostbet-wnh3.top,2,cloudflare_503
mostbet-wnh5.xyz,2,cloudflare_403
mostbet-wnh7.top,2,cloudflare_403
mostbet-wni7.xyz,2,cloudflare_503
mostbet-wnj1.top,2,cloudflare_403
mostbet-wnj4.top,2,cloudflare_403
mostbet-wnj6.top,2,cloudflare_403
mostbet-wnk1.top,2,cloudflare_403
mostbet-wnk9.xyz,2,cloudflare_503
mostbet-wnl3.top,2,cloudflare_403
mostbet-wnm1.top,2,cloudflare_503
mostbet-wnn5.top,2,cloudflare_403
mostbet-wnn7.top,2,cloudflare_503
mostbet-wno1.top,2,cloudflare_403
mostbet-wno3.top,2,cloudflare_403
mostbet-wno6.top,2,cloudflare_403
mostbet-wnp7.top,2,cloudflare_503
mostbet-wnq2.top,2,cloudflare_403
mostbet-wnq3.top,2,cloudflare_403
mostbet-wnq4.top,2,cloudflare_403
mostbet-wnr7.top,2,cloudflare_403
mostbet-wns4.top,2,cloudflare_403
mostbet-wns8.xyz,2,cloudflare_503
mostbet-wnt1.xyz,2,cloudflare_403
mostbet-wnu1.xyz,2,cloudflare_403
mostbet-wnu4.top,2,cloudflare_403
mostbet-wnu9.xyz,2,cloudflare_403
mostbet-wnv5.xyz,2,cloudflare_503
mostbet-wny2.top,2,cloudflare_503
mostbet-wny4.top,2,cloudflare_403
mostbet-wny5.xyz,2,cloudflare_503
mostbet-wny7.xyz,2,cloudflare_403
mostbet-wnz1.xyz,2,cloudflare_503
mostbet-wnz2.top,2,cloudflare_403
mostbet-wnz9.top,2,cloudflare_403
mostbet-wo3.xyz,2,cloudflare_403
mostbet-wo7.xyz,2,cloudflare_403
mostbet-woa1.top,2,cloudflare_403
mostbet-woa2.xyz,2,cloudflare_403
mostbet-woa8.xyz,2,cloudflare_503
mostbet-woa9.top,2,cloudflare_403
mostbet-wob3.xyz,2,cloudflare_403
mostbet-wob6.top,2,cloudflare_403
mostbet-wob7.top,2,cloudflare_503
mostbet-woc3.xyz,2,cloudflare_503
mostbet-woc7.xyz,2,cloudflare_503
mostbet-woc9.xyz,2,cloudflare_403
mostbet-wod2.top,2,cloudflare_403
mostbet-wod4.top,2,cloudflare_403
mostbet-wod8.top,2,cloudflare_403
mostbet-woe3.top,2,cloudflare_403
mostbet-woe8.xyz,2,cloudflare_503
mostbet-woe9.top,2,cloudflare_403
mostbet-wof2.xyz,2,cloudflare_403
mostbet-wof4.top,2,cloudflare_403
mostbet-wof6.top,2,cloudflare_503
mostbet-wof7.top,2,cloudflare_503
mostbet-wof9.xyz,2,cloudflare_503
mostbet-wog3.xyz,2,cloudflare_503
mostbet-wog5.top,2,cloudflare_403
mostbet-wog6.top,2,cloudflare_503
mostbet-woh4.xyz,2,cloudflare_403
mostbet-woh7.xyz,2,cloudflare_403
mostbet-woh8.top,2,cloudflare_503
mostbet-woi4.top,2,cloudflare_503
mostbet-woi9.xyz,2,cloudflare_403
mostbet-wok3.top,2,cloudflare_403
mostbet-wok4.xyz,2,cloudflare_403
mostbet-wol1.top,2,cloudflare_403
mostbet-wom2.top,2,cloudflare_503
mostbet-wom8.xyz,2,cloudflare_403
mostbet-won.top,2,cloudflare_404
mostbet-won2.top,2,cloudflare_503
mostbet-won3.top,2,cloudflare_403
mostbet-woo3.top,2,cloudflare_403
mostbet-woo4.top,2,cloudflare_503
mostbet-wop4.xyz,2,cloudflare_503
mostbet-wop7.top,2,cloudflare_403
mostbet-wop8.top,2,cloudflare_503
mostbet-woq2.top,2,cloudflare_403
mostbet-woq4.top,2,cloudflare_403
mostbet-woq9.top,2,cloudflare_503
mostbet-wor2.top,2,cloudflare_403
mostbet-wor3.xyz,2,cloudflare_503
mostbet-wor4.top,2,cloudflare_403
mostbet-wor6.xyz,2,cloudflare_403
mostbet-wor7.top,2,cloudflare_403
mostbet-wor9.xyz,2,cloudflare_403
mostbet-wos3.xyz,2,cloudflare_403
mostbet-wos4.top,2,cloudflare_403
mostbet-wos8.top,2,cloudflare_403
mostbet-wot3.top,2,cloudflare_403
mostbet-wot5.top,2,cloudflare_403
mostbet-wot6.top,2,cloudflare_503
mostbet-wot9.xyz,2,cloudflare_403
mostbet-wou3.top,2,cloudflare_403
mostbet-wou8.top,2,cloudflare_403
mostbet-wow2.top,2,cloudflare_403
mostbet-wowxv.pro,2,cloudflare_403
mostbet-wox2.top,2,cloudflare_503
mostbet-wox3.top,2,cloudflare_403
mostbet-woy4.xyz,2,cloudflare_503
mostbet-woy6.top,2,cloudflare_403
mostbet-woy8.top,2,cloudflare_503
mostbet-woz4.xyz,2,cloudflare_403
mostbet-woz6.top,2,cloudflare_403
mostbet-woz8.xyz,2,cloudflare_503
mostbet-wp8.xyz,2,cloudflare_403
mostbet-wp9.xyz,2,cloudflare_403
mostbet-wpa1.top,2,cloudflare_403
mostbet-wpa7.top,2,cloudflare_503
mostbet-wpb1.xyz,2,cloudflare_503
mostbet-wpb6.xyz,2,cloudflare_503
mostbet-wpc2.top,2,cloudflare_403
mostbet-wpc6.top,2,cloudflare_404
mostbet-wpd6.top,2,cloudflare_503
mostbet-wpe4.top,2,cloudflare_403
mostbet-wpf5.top,2,cloudflare_403
mostbet-wpf6.top,2,cloudflare_403
mostbet-wpg4.top,2,cloudflare_503
mostbet-wpi8.xyz,2,cloudflare_403
mostbet-wpj2.xyz,2,cloudflare_503
mostbet-wpj4.top,2,cloudflare_503
mostbet-wpj6.top,2,cloudflare_403
mostbet-wpj7.top,2,cloudflare_403
mostbet-wpj8.top,2,cloudflare_503
mostbet-wpk2.top,2,cloudflare_403
mostbet-wpk6.xyz,2,cloudflare_403
mostbet-wpl5.xyz,2,cloudflare_403
mostbet-wpn2.top,2,cloudflare_403
mostbet-wpn5.top,2,cloudflare_403
mostbet-wpn9.top,2,cloudflare_403
mostbet-wpo2.top,2,cloudflare_403
mostbet-wpp6.top,2,cloudflare_403
mostbet-wpp9.xyz,2,cloudflare_403
mostbet-wpq2.top,2,cloudflare_503
mostbet-wpq4.xyz,2,cloudflare_403
mostbet-wpq6.top,2,cloudflare_403
mostbet-wpq8.top,2,cloudflare_403
mostbet-wpr1.xyz,2,cloudflare_403
mostbet-wpr8.xyz,2,cloudflare_403
mostbet-wpr9.xyz,2,cloudflare_403
mostbet-wps2.top,2,cloudflare_403
mostbet-wps4.top,2,cloudflare_403
mostbet-wps5.top,2,cloudflare_503
mostbet-wpt2.top,2,cloudflare_503
mostbet-wpt8.top,2,cloudflare_503
mostbet-wpu5.top,2,cloudflare_403
mostbet-wpu69.info,2,cloudflare_403
mostbet-wpu8.top,2,cloudflare_403
mostbet-wpv2.top,2,cloudflare_403
mostbet-wpv4.casino,2,cloudflare_503
mostbet-wpw1.top,2,cloudflare_503
mostbet-wpw2.top,2,cloudflare_503
mostbet-wpw5.xyz,2,cloudflare_403
mostbet-wpx5.top,2,cloudflare_403
mostbet-wpx7.top,2,cloudflare_403
mostbet-wpx9.top,2,cloudflare_403
mostbet-wpy6.xyz,2,cloudflare_403
mostbet-wpz2.top,2,cloudflare_403
mostbet-wpz5.top,2,cloudflare_403
mostbet-wq3.xyz,2,cloudflare_403
mostbet-wq6.xyz,2,cloudflare_403
mostbet-wq7.xyz,2,cloudflare_403
mostbet-wqa1.top,2,cloudflare_503
mostbet-wqa3.top,2,cloudflare_503
mostbet-wqa6.top,2,cloudflare_503
mostbet-wqa7.top,2,cloudflare_503
mostbet-wqb1.top,2,cloudflare_503
mostbet-wqb6.top,2,cloudflare_403
mostbet-wqb7.xyz,2,cloudflare_403
mostbet-wqb9.top,2,cloudflare_403
mostbet-wqc1.top,2,cloudflare_503
mostbet-wqd2.top,2,cloudflare_503
mostbet-wqd3.top,2,cloudflare_503
mostbet-wqd4.xyz,2,cloudflare_403
mostbet-wqd5.top,2,cloudflare_503
mostbet-wqf2.top,2,cloudflare_403
mostbet-wqf8.xyz,2,cloudflare_403
mostbet-wqf9.xyz,2,cloudflare_503
mostbet-wqg2.xyz,2,cloudflare_403
mostbet-wqi1.top,2,cloudflare_403
mostbet-wqi3.top,2,cloudflare_403
mostbet-wqi6.top,2,cloudflare_403
mostbet-wqj6.top,2,cloudflare_403
mostbet-wqj7.top,2,cloudflare_403
mostbet-wqj8.top,2,cloudflare_503
mostbet-wqj9.top,2,cloudflare_503
mostbet-wqk2.xyz,2,cloudflare_403
mostbet-wqk3.top,2,cloudflare_403
mostbet-wqk5.top,2,cloudflare_403
mostbet-wqk9.top,2,cloudflare_403
mostbet-wql2.top,2,cloudflare_503
mostbet-wqm7.xyz,2,cloudflare_503
mostbet-wqn1.xyz,2,cloudflare_503
mostbet-wqn4.xyz,2,cloudflare_503
mostbet-wqo9.top,2,cloudflare_403
mostbet-wqp1.top,2,cloudflare_403
mostbet-wqp3.top,2,cloudflare_403
mostbet-wqp5.top,2,cloudflare_403
mostbet-wqp6.top,2,cloudflare_403
mostbet-wqq3.top,2,cloudflare_503
mostbet-wqq6.top,2,cloudflare_503
mostbet-wqq8.xyz,2,cloudflare_403
mostbet-wqs8.xyz,2,cloudflare_403
mostbet-wqt2.top,2,cloudflare_403
mostbet-wqt5.top,2,cloudflare_403
mostbet-wqt6.top,2,cloudflare_403
mostbet-wqu1.top,2,cloudflare_403
mostbet-wqu6.top,2,cloudflare_503
mostbet-wqu9.top,2,cloudflare_503
mostbet-wqv1.top,2,cloudflare_503
mostbet-wqv4.top,2,cloudflare_503
mostbet-wqv8.top,2,cloudflare_403
mostbet-wqw5.xyz,2,cloudflare_503
mostbet-wqw7.top,2,cloudflare_403
mostbet-wqw8.top,2,cloudflare_403
mostbet-wqw9.top,2,cloudflare_403
mostbet-wqx3.xyz,2,cloudflare_403
mostbet-wqy1.top,2,cloudflare_503
mostbet-wqy3.top,2,cloudflare_403
mostbet-wqy5.top,2,cloudflare_403
mostbet-wqz2.top,2,cloudflare_503
mostbet-wr.buzz,2,cloudflare_503
mostbet-wr.ru,2,cloudflare_503
mostbet-wra7.top,2,cloudflare_403
mostbet-wrb9.xyz,2,cloudflare_503
mostbet-wrc2.top,2,cloudflare_403
mostbet-wrc4.top,2,cloudflare_403
mostbet-wrc5.top,2,cloudflare_503
mostbet-wrd1.xyz,2,cloudflare_503
mostbet-wrd5.top,2,cloudflare_503
mostbet-wrd6.top,2,cloudflare_403
mostbet-wrd7.top,2,cloudflare_403
mostbet-wrd9.top,2,cloudflare_403
mostbet-wrdet.top,2,cloudflare_403
mostbet-wre5.top,2,cloudflare_403
mostbet-wrf3.xyz,2,cloudflare_403
mostbet-wrf4.top,2,cloudflare_403
mostbet-wrf5.xyz,2,cloudflare_403
mostbet-wrg3.xyz,2,cloudflare_403
mostbet-wrg9.top,2,cloudflare_403
mostbet-wrh9.top,2,cloudflare_503
mostbet-wrj7.xyz,2,cloudflare_403
mostbet-wrk1.xyz,2,cloudflare_403
mostbet-wrk9.top,2,cloudflare_403
mostbet-wrki.xyz,2,cloudflare_403
mostbet-wrl4.top,2,cloudflare_403
mostbet-wrl5.top,2,cloudflare_403
mostbet-wrl7.top,2,cloudflare_503
mostbet-wrl8.top,2,cloudflare_403
mostbet-wrn6.top,2,cloudflare_403
mostbet-wrn7.top,2,cloudflare_503
mostbet-wrn9.top,2,cloudflare_503
mostbet-wro3.xyz,2,cloudflare_503
mostbet-wrq1.xyz,2,cloudflare_403
mostbet-wrq2.top,2,cloudflare_403
mostbet-wrr1.top,2,cloudflare_403
mostbet-wrr2.top,2,cloudflare_503
mostbet-wrr3.top,2,cloudflare_403
mostbet-wrs2.top,2,cloudflare_503
mostbet-wrs9.top,2,cloudflare_403
mostbet-wrt2.xyz,2,cloudflare_403
mostbet-wrt5.top,2,cloudflare_503
mostbet-wrt8.xyz,2,cloudflare_403
mostbet-wru5.top,2,cloudflare_403
mostbet-wru7.top,2,cloudflare_403
mostbet-wrv7.top,2,cloudflare_403
mostbet-wrv9.top,2,cloudflare_503
mostbet-wrw6.top,2,cloudflare_503
mostbet-wrw8.top,2,cloudflare_403
mostbet-wrw9.top,2,cloudflare_403
mostbet-wrx2.top,2,cloudflare_403
mostbet-wrx6.xyz,2,cloudflare_403
mostbet-wry1.top,2,cloudflare_403
mostbet-wry3.top,2,cloudflare_503
mostbet-wry9.top,2,cloudflare_403
mostbet-wrz7.xyz,2,cloudflare_403
mostbet-ws.top,2,cloudflare_503
mostbet-ws1.top,2,cloudflare_403
mostbet-ws8.xyz,2,cloudflare_403
mostbet-wsa2.top,2,cloudflare_403
mostbet-wsa3.top,2,cloudflare_503
mostbet-wsb8.xyz,2,cloudflare_403
mostbet-wsc1.xyz,2,cloudflare_503
mostbet-wsd1.xyz,2,cloudflare_403
mostbet-wse1.top,2,cloudflare_403
mostbet-wse7.xyz,2,cloudflare_403
mostbet-wse8.top,2,cloudflare_403
mostbet-wse9.top,2,cloudflare_503
mostbet-wsf1.top,2,cloudflare_403
mostbet-wsf3.top,2,cloudflare_403
mostbet-wsf6.top,2,cloudflare_403
mostbet-wsh3.top,2,cloudflare_503
mostbet-wsi3.top,2,cloudflare_403
mostbet-wsi4.top,2,cloudflare_403
mostbet-wsi7.top,2,cloudflare_403
mostbet-wsj1.top,2,cloudflare_503
mostbet-wsj5.xyz,2,cloudflare_503
mostbet-wsk7.top,2,cloudflare_503
mostbet-wsk9.xyz,2,cloudflare_403
mostbet-wsl2.top,2,cloudflare_403
mostbet-wsl4.top,2,cloudflare_403
mostbet-wsl7.xyz,2,cloudflare_403
mostbet-wsl8.top,2,cloudflare_403
mostbet-wsm7.xyz,2,cloudflare_503
mostbet-wsm8.top,2,cloudflare_503
mostbet-wsn2.xyz,2,cloudflare_503
mostbet-wsn7.top,2,cloudflare_503
mostbet-wsn9.top,2,cloudflare_403
mostbet-wso1.top,2,cloudflare_403
mostbet-wso3.top,2,cloudflare_403
mostbet-wso7.top,2,cloudflare_403
mostbet-wso8.top,2,cloudflare_503
mostbet-wsp4.top,2,cloudflare_503
mostbet-wsp8.top,2,cloudflare_503
mostbet-wsq1.xyz,2,cloudflare_503
mostbet-wsr6.top,2,cloudflare_403
mostbet-wss1.top,2,cloudflare_403
mostbet-wss8.xyz,2,cloudflare_403
mostbet-wss9.top,2,cloudflare_403
mostbet-wst7.xyz,2,cloudflare_503
mostbet-wsu1.top,2,cloudflare_403
mostbet-wsu3.top,2,cloudflare_503
mostbet-wsu4.top,2,cloudflare_503
mostbet-wsu6.top,2,cloudflare_403
mostbet-wsu8.xyz,2,cloudflare_403
mostbet-wsv.xyz,2,cloudflare_403
mostbet-wsx1.top,2,cloudflare_403
mostbet-wsy5.top,2,cloudflare_503
mostbet-wsz3.xyz,2,cloudflare_403
mostbet-wsz7.top,2,cloudflare_403
mostbet-wt1.top,2,cloudflare_403
mostbet-wt5.xyz,2,cloudflare_403
mostbet-wt8.xyz,2,cloudflare_403
mostbet-wta1.top,2,cloudflare_503
mostbet-wta6.top,2,cloudflare_503
mostbet-wtb1.top,2,cloudflare_403
mostbet-wtb4.top,2,cloudflare_403
mostbet-wtb6.top,2,cloudflare_403
mostbet-wtc1.top,2,cloudflare_403
mostbet-wtc4.top,2,cloudflare_403
mostbet-wtc7.top,2,cloudflare_403
mostbet-wtd2.xyz,2,cloudflare_503
mostbet-wte7.xyz,2,cloudflare_403
mostbet-wte8.xyz,2,cloudflare_403
mostbet-wte9.top,2,cloudflare_403
mostbet-wtf2.top,2,cloudflare_403
mostbet-wtf3.top,2,cloudflare_403
mostbet-wtf7.top,2,cloudflare_403
mostbet-wtg5.xyz,2,cloudflare_403
mostbet-wtg7.xyz,2,cloudflare_503
mostbet-wth8.top,2,cloudflare_403
mostbet-wti1.top,2,cloudflare_503
mostbet-wti2.xyz,2,cloudflare_403
mostbet-wtj1.xyz,2,cloudflare_503
mostbet-wtk2.top,2,cloudflare_503
mostbet-wtl2.top,2,cloudflare_403
mostbet-wtl4.top,2,cloudflare_403
mostbet-wtl5.xyz,2,cloudflare_503
mostbet-wtl6.xyz,2,cloudflare_403
mostbet-wtl8.top,2,cloudflare_403
mostbet-wtl9.top,2,cloudflare_403
mostbet-wtm7.top,2,cloudflare_403
mostbet-wtm9.top,2,cloudflare_503
mostbet-wtn1.top,2,cloudflare_403
mostbet-wtn6.casino,2,cloudflare_503
mostbet-wto4.top,2,cloudflare_403
mostbet-wto9.top,2,cloudflare_403
mostbet-wtp2.top,2,cloudflare_403
mostbet-wtp3.top,2,cloudflare_503
mostbet-wtp5.casino,2,cloudflare_503
mostbet-wtr2.top,2,cloudflare_503
mostbet-wtr3.top,2,cloudflare_403
mostbet-wtr5.xyz,2,cloudflare_503
mostbet-wtr6.top,2,cloudflare_503
mostbet-wts3.top,2,cloudflare_403
mostbet-wts9.top,2,cloudflare_403
mostbet-wtt4.top,2,cloudflare_403
mostbet-wtt6.top,2,cloudflare_503
mostbet-wtt8.top,2,cloudflare_503
mostbet-wtv5.top,2,cloudflare_503
mostbet-wtv6.top,2,cloudflare_503
mostbet-wtv9.top,2,cloudflare_403
mostbet-wtw2.xyz,2,cloudflare_403
mostbet-wtx1.top,2,cloudflare_403
mostbet-wtx3.casino,2,cloudflare_503
mostbet-wtx7.xyz,2,cloudflare_403
mostbet-wty1.xyz,2,cloudflare_403
mostbet-wty5.xyz,2,cloudflare_403
mostbet-wty9.top,2,cloudflare_503
mostbet-wtz1.top,2,cloudflare_403
mostbet-wtz2.xyz,2,cloudflare_403
mostbet-wtz3.top,2,cloudflare_503
mostbet-wtz4.top,2,cloudflare_403
mostbet-wu.buzz,2,cloudflare_503
mostbet-wu.ru,2,cloudflare_503
mostbet-wu.xyz,2,cloudflare_403
mostbet-wu1.top,2,cloudflare_503
mostbet-wu2.top,2,cloudflare_404
mostbet-wu8.xyz,2,cloudflare_403
mostbet-wua3.top,2,cloudflare_503
mostbet-wua8.top,2,cloudflare_403
mostbet-wub1.top,2,cloudflare_403
mostbet-wub2.top,2,cloudflare_403
mostbet-wub8.xyz,2,cloudflare_403
mostbet-wuc5.xyz,2,cloudflare_403
mostbet-wud1.buzz,2,cloudflare_404
mostbet-wud1.top,2,cloudflare_404
mostbet-wud2.buzz,2,cloudflare_404
mostbet-wud3.buzz,2,cloudflare_404
mostbet-wud5.top,2,cloudflare_403
mostbet-wue7.top,2,cloudflare_403
mostbet-wue8.top,2,cloudflare_403
mostbet-wug2.top,2,cloudflare_403
mostbet-wug4.top,2,cloudflare_403
mostbet-wug5.xyz,2,cloudflare_403
mostbet-wui1.top,2,cloudflare_403
mostbet-wuj5.top,2,cloudflare_403
mostbet-wuk1.top,2,cloudflare_503
mostbet-wul6.top,2,cloudflare_403
mostbet-wum8.top,2,cloudflare_403
mostbet-wun1.top,2,cloudflare_403
mostbet-wun7.xyz,2,cloudflare_403
mostbet-wun8.top,2,cloudflare_403
mostbet-wun9.top,2,cloudflare_503
mostbet-wuo3.top,2,cloudflare_503
mostbet-wuo4.xyz,2,cloudflare_403
mostbet-wup2.top,2,cloudflare_403
mostbet-wup5.xyz,2,cloudflare_403
mostbet-wup8.top,2,cloudflare_403
mostbet-wuq1.top,2,cloudflare_403
mostbet-wur9.xyz,2,cloudflare_403
mostbet-wus3.top,2,cloudflare_503
mostbet-wus4.top,2,cloudflare_503
mostbet-wus9.top,2,cloudflare_403
mostbet-wut4.top,2,cloudflare_503
mostbet-wut8.xyz,2,cloudflare_403
mostbet-wuu2.top,2,cloudflare_403
mostbet-wuu4.top,2,cloudflare_503
mostbet-wuu8.xyz,2,cloudflare_403
mostbet-wuv4.xyz,2,cloudflare_403
mostbet-wuv7.top,2,cloudflare_503
mostbet-wuw3.casino,2,cloudflare_503
mostbet-wuw6.xyz,2,cloudflare_503
mostbet-wux1.top,2,cloudflare_403
mostbet-wux5.top,2,cloudflare_503
mostbet-wux9.top,2,cloudflare_403
mostbet-wuz3.top,2,cloudflare_503
mostbet-wuz7.xyz,2,cloudflare_503
mostbet-wv.ru,2,cloudflare_503
mostbet-wv5.xyz,2,cloudflare_403
mostbet-wv7mz.top,2,cloudflare_403
mostbet-wv9.xyz,2,cloudflare_403
mostbet-wva64.sbs,2,cloudflare_403
mostbet-wvb4.top,2,cloudflare_503
mostbet-wvb5.top,2,cloudflare_503
mostbet-wvb6.top,2,cloudflare_403
mostbet-wvb8.top,2,cloudflare_503
mostbet-wvd9.top,2,cloudflare_503
mostbet-wve4.top,2,cloudflare_403
mostbet-wve9.xyz,2,cloudflare_403
mostbet-wvf1.top,2,cloudflare_403
mostbet-wvf3.top,2,cloudflare_403
mostbet-wvf4.top,2,cloudflare_503
mostbet-wvf7.top,2,cloudflare_503
mostbet-wvg3.top,2,cloudflare_403
mostbet-wvg4.top,2,cloudflare_503
mostbet-wvh4.top,2,cloudflare_503
mostbet-wvh9.xyz,2,cloudflare_403
mostbet-wvi3.top,2,cloudflare_403
mostbet-wvk7.top,2,cloudflare_403
mostbet-wvk8.xyz,2,cloudflare_403
mostbet-wvl1.top,2,cloudflare_403
mostbet-wvl4.top,2,cloudflare_403
mostbet-wvl6.top,2,cloudflare_403
mostbet-wvl8.top,2,cloudflare_503
mostbet-wvm1.top,2,cloudflare_403
mostbet-wvm4.xyz,2,cloudflare_403
mostbet-wvm8.top,2,cloudflare_403
mostbet-wvm9.xyz,2,cloudflare_403
mostbet-wvmpt.icu,2,cloudflare_403
mostbet-wvn1.top,2,cloudflare_503
mostbet-wvn3.top,2,cloudflare_503
mostbet-wvn6.top,2,cloudflare_403
mostbet-wvn7.top,2,cloudflare_403
mostbet-wvo1.xyz,2,cloudflare_403
mostbet-wvo5.top,2,cloudflare_503
mostbet-wvo6.top,2,cloudflare_403
mostbet-wvp1.xyz,2,cloudflare_403
mostbet-wvp2.xyz,2,cloudflare_403
mostbet-wvp8.top,2,cloudflare_503
mostbet-wvpt.xyz,2,cloudflare_403
mostbet-wvq6.top,2,cloudflare_403
mostbet-wvq8.xyz,2,cloudflare_403
mostbet-wvr2.xyz,2,cloudflare_403
mostbet-wvt1.top,2,cloudflare_403
mostbet-wvt2.top,2,cloudflare_503
mostbet-wvt4.top,2,cloudflare_403
mostbet-wvw4.top,2,cloudflare_503
mostbet-wvw7.top,2,cloudflare_403
mostbet-wvw9.top,2,cloudflare_503
mostbet-wvx1.xyz,2,cloudflare_403
mostbet-wvx3.top,2,cloudflare_403
mostbet-wvx4.xyz,2,cloudflare_403
mostbet-wvx7.top,2,cloudflare_403
mostbet-wvy1.top,2,cloudflare_503
mostbet-wvy4.top,2,cloudflare_403
mostbet-wvz6.xyz,2,cloudflare_403
mostbet-wvz8.top,2,cloudflare_503
mostbet-ww.buzz,2,cloudflare_403
mostbet-ww.ru,2,cloudflare_503
mostbet-ww1.xyz,2,cloudflare_403
mostbet-ww2.xyz,2,cloudflare_403
mostbet-ww4.xyz,2,cloudflare_403
mostbet-wwa2.top,2,cloudflare_503
mostbet-wwc2.top,2,cloudflare_503
mostbet-wwc9.top,2,cloudflare_503
mostbet-wwd2.xyz,2,cloudflare_503
mostbet-wwf8.top,2,cloudflare_403
mostbet-wwg2.xyz,2,cloudflare_503
mostbet-wwh1.top,2,cloudflare_403
mostbet-wwh2.top,2,cloudflare_403
mostbet-wwh3.top,2,cloudflare_503
mostbet-wwh4.top,2,cloudflare_503
mostbet-wwi1.top,2,cloudflare_403
mostbet-wwi7.top,2,cloudflare_503
mostbet-wwj2.top,2,cloudflare_403
mostbet-wwk1.xyz,2,cloudflare_403
mostbet-wwk3.top,2,cloudflare_503
mostbet-wwl3.top,2,cloudflare_503
mostbet-wwm5.xyz,2,cloudflare_503
mostbet-wwn5.top,2,cloudflare_403
mostbet-wwo3.top,2,cloudflare_503
mostbet-wwp1.xyz,2,cloudflare_403
mostbet-wwp2.top,2,cloudflare_403
mostbet-wwp3.xyz,2,cloudflare_503
mostbet-wwp5.xyz,2,cloudflare_403
mostbet-wwq4.xyz,2,cloudflare_403
mostbet-wwqblh.top,2,cloudflare_503
mostbet-wwr1.top,2,cloudflare_403
mostbet-wwr2.top,2,cloudflare_403
mostbet-wws1.top,2,cloudflare_503
mostbet-wwt7.top,2,cloudflare_503
mostbet-wwt8.xyz,2,cloudflare_403
mostbet-wwt9.top,2,cloudflare_403
mostbet-wwu1.top,2,cloudflare_403
mostbet-wwu4.xyz,2,cloudflare_403
mostbet-wwv1.top,2,cloudflare_403
mostbet-wwv6.top,2,cloudflare_403
mostbet-www.xyz,2,cloudflare_403
mostbet-www2.top,2,cloudflare_503
mostbet-www6.top,2,cloudflare_503
mostbet-www8.xyz,2,cloudflare_503
mostbet-wwx4.top,2,cloudflare_403
mostbet-wwx6.xyz,2,cloudflare_403
mostbet-wwy8.xyz,2,cloudflare_503
mostbet-wx.buzz,2,cloudflare_503
mostbet-wx.xyz,2,cloudflare_403
mostbet-wx3.xyz,2,cloudflare_403
mostbet-wx4.xyz,2,cloudflare_403
mostbet-wx7.xyz,2,cloudflare_403
mostbet-wx8.xyz,2,cloudflare_403
mostbet-wxa2.top,2,cloudflare_503
mostbet-wxa7.xyz,2,cloudflare_403
mostbet-wxa8.top,2,cloudflare_503
mostbet-wxb8.xyz,2,cloudflare_403
mostbet-wxb9.xyz,2,cloudflare_403
mostbet-wxc1.top,2,cloudflare_403
mostbet-wxc2.xyz,2,cloudflare_503
mostbet-wxc4.top,2,cloudflare_403
mostbet-wxc5.xyz,2,cloudflare_403
mostbet-wxc6.top,2,cloudflare_503
mostbet-wxc8.top,2,cloudflare_403
mostbet-wxd1.xyz,2,cloudflare_403
mostbet-wxd3.xyz,2,cloudflare_403
mostbet-wxd4.top,2,cloudflare_503
mostbet-wxd6.xyz,2,cloudflare_403
mostbet-wxd7.xyz,2,cloudflare_403
mostbet-wxd8.xyz,2,cloudflare_503
mostbet-wxd9.xyz,2,cloudflare_403
mostbet-wxe1.xyz,2,cloudflare_403
mostbet-wxe5.xyz,2,cloudflare_403
mostbet-wxe6.xyz,2,cloudflare_503
mostbet-wxe8.xyz,2,cloudflare_403
mostbet-wxf1.top,2,cloudflare_503
mostbet-wxf4.top,2,cloudflare_403
mostbet-wxf8.xyz,2,cloudflare_403
mostbet-wxf9.top,2,cloudflare_403
mostbet-wxg1.xyz,2,cloudflare_403
mostbet-wxg8.xyz,2,cloudflare_403
mostbet-wxh1.buzz,2,cloudflare_404
mostbet-wxh1.top,2,cloudflare_404
mostbet-wxh2.buzz,2,cloudflare_404
mostbet-wxh3.xyz,2,cloudflare_403
mostbet-wxh4.top,2,cloudflare_403
mostbet-wxh6.top,2,cloudflare_403
mostbet-wxh7.xyz,2,cloudflare_503
mostbet-wxi3.top,2,cloudflare_403
mostbet-wxi4.top,2,cloudflare_503
mostbet-wxi5.top,2,cloudflare_503
mostbet-wxi6.top,2,cloudflare_403
mostbet-wxi7.top,2,cloudflare_503
mostbet-wxi8.top,2,cloudflare_403
mostbet-wxj3.top,2,cloudflare_403
mostbet-wxj4.top,2,cloudflare_403
mostbet-wxj5.top,2,cloudflare_503
mostbet-wxj7.xyz,2,cloudflare_403
mostbet-wxk5.xyz,2,cloudflare_403
mostbet-wxk8.top,2,cloudflare_503
mostbet-wxl3.xyz,2,cloudflare_403
mostbet-wxl4.top,2,cloudflare_403
mostbet-wxl5.top,2,cloudflare_403
mostbet-wxl7.xyz,2,cloudflare_403
mostbet-wxl8.xyz,2,cloudflare_403
mostbet-wxl9.xyz,2,cloudflare_403
mostbet-wxn1.xyz,2,cloudflare_403
mostbet-wxn6.top,2,cloudflare_503
mostbet-wxn7.xyz,2,cloudflare_403
mostbet-wxn8.top,2,cloudflare_403
mostbet-wxn9.xyz,2,cloudflare_503
mostbet-wxo1.top,2,cloudflare_403
mostbet-wxo2.xyz,2,cloudflare_403
mostbet-wxo4.xyz,2,cloudflare_403
mostbet-wxo9.top,2,cloudflare_503
mostbet-wxp1.xyz,2,cloudflare_403
mostbet-wxp5.top,2,cloudflare_403
mostbet-wxp7.top,2,cloudflare_403
mostbet-wxq1.xyz,2,cloudflare_403
mostbet-wxq6.xyz,2,cloudflare_503
mostbet-wxq7.top,2,cloudflare_403
mostbet-wxq9.top,2,cloudflare_403
mostbet-wxr2.top,2,cloudflare_503
mostbet-wxr3.top,2,cloudflare_503
mostbet-wxr6.xyz,2,cloudflare_403
mostbet-wxs4.xyz,2,cloudflare_403
mostbet-wxs5.top,2,cloudflare_403
mostbet-wxs6.xyz,2,cloudflare_403
mostbet-wxt4.top,2,cloudflare_403
mostbet-wxt5.top,2,cloudflare_503
mostbet-wxt8.xyz,2,cloudflare_503
mostbet-wxu3.top,2,cloudflare_403
mostbet-wxu5.xyz,2,cloudflare_403
mostbet-wxu6.xyz,2,cloudflare_503
mostbet-wxu7.top,2,cloudflare_403
mostbet-wxu9.top,2,cloudflare_403
mostbet-wxv2.xyz,2,cloudflare_503
mostbet-wxv4.top,2,cloudflare_403
mostbet-wxv7.xyz,2,cloudflare_403
mostbet-wxw2.top,2,cloudflare_403
mostbet-wxw8.top,2,cloudflare_403
mostbet-wxz5.top,2,cloudflare_503
mostbet-wxz7.top,2,cloudflare_503
mostbet-wxz8.xyz,2,cloudflare_403
mostbet-wy.ru,2,cloudflare_503
mostbet-wy1.top,2,cloudflare_403
mostbet-wy3.xyz,2,cloudflare_403
mostbet-wy5.xyz,2,cloudflare_403
mostbet-wy9.xyz,2,cloudflare_403
mostbet-wya5.top,2,cloudflare_503
mostbet-wya6.top,2,cloudflare_503
mostbet-wyb1.top,2,cloudflare_403
mostbet-wyb3.top,2,cloudflare_503
mostbet-wyb8.top,2,cloudflare_503
mostbet-wyc5.top,2,cloudflare_403
mostbet-wyd1.top,2,cloudflare_503
mostbet-wye1.top,2,cloudflare_403
mostbet-wye2.top,2,cloudflare_503
mostbet-wye9.xyz,2,cloudflare_403
mostbet-wyf8.xyz,2,cloudflare_503
mostbet-wyg1.top,2,cloudflare_403
mostbet-wyg8.top,2,cloudflare_403
mostbet-wyh3.top,2,cloudflare_403
mostbet-wyh4.xyz,2,cloudflare_403
mostbet-wyh7.top,2,cloudflare_403
mostbet-wyh8.top,2,cloudflare_503
mostbet-wyh9.top,2,cloudflare_503
mostbet-wyi6.top,2,cloudflare_403
mostbet-wyj1.top,2,cloudflare_403
mostbet-wyj5.top,2,cloudflare_503
mostbet-wyj9.top,2,cloudflare_403
mostbet-wyjkt.lol,2,cloudflare_403
mostbet-wyk1.top,2,cloudflare_403
mostbet-wyk4.xyz,2,cloudflare_503
mostbet-wyk5.xyz,2,cloudflare_403
mostbet-wyk8.top,2,cloudflare_403
mostbet-wyk9.top,2,cloudflare_503
mostbet-wyl2.xyz,2,cloudflare_503
mostbet-wyl4.top,2,cloudflare_403
mostbet-wyl6.top,2,cloudflare_403
mostbet-wym3.top,2,cloudflare_403
mostbet-wymr.xyz,2,cloudflare_403
mostbet-wyn4.xyz,2,cloudflare_503
mostbet-wyn7.xyz,2,cloudflare_503
mostbet-wyo1.xyz,2,cloudflare_403
mostbet-wyo2.top,2,cloudflare_503
mostbet-wyo3.top,2,cloudflare_403
mostbet-wyp2.top,2,cloudflare_403
mostbet-wyp4.top,2,cloudflare_503
mostbet-wyq5.top,2,cloudflare_403
mostbet-wyq6.top,2,cloudflare_403
mostbet-wyq7.top,2,cloudflare_503
mostbet-wyq8.xyz,2,cloudflare_403
mostbet-wyr3.top,2,cloudflare_503
mostbet-wyr5.top,2,cloudflare_403
mostbet-wyr9.top,2,cloudflare_503
mostbet-wys7.xyz,2,cloudflare_403
mostbet-wyt1.top,2,cloudflare_403
mostbet-wyt2.top,2,cloudflare_403
mostbet-wyt3.top,2,cloudflare_403
mostbet-wyt5.xyz,2,cloudflare_403
mostbet-wyu1.top,2,cloudflare_403
mostbet-wyu2.xyz,2,cloudflare_403
mostbet-wyu4.top,2,cloudflare_403
mostbet-wyv2.top,2,cloudflare_403
mostbet-wyv8.xyz,2,cloudflare_403
mostbet-wyw3.xyz,2,cloudflare_503
mostbet-wyw5.top,2,cloudflare_503
mostbet-wyx1.top,2,cloudflare_403
mostbet-wyx9.xyz,2,cloudflare_403
mostbet-wyy2.xyz,2,cloudflare_403
mostbet-wyy7.xyz,2,cloudflare_403
mostbet-wyy9.top,2,cloudflare_403
mostbet-wyz8.xyz,2,cloudflare_503
mostbet-wz.buzz,2,cloudflare_503
mostbet-wz.ru,2,cloudflare_503
mostbet-wz2.xyz,2,cloudflare_403
mostbet-wz4.xyz,2,cloudflare_403
mostbet-wz7.xyz,2,cloudflare_403
mostbet-wza1.xyz,2,cloudflare_403
mostbet-wza3.top,2,cloudflare_404
mostbet-wzb3.xyz,2,cloudflare_503
mostbet-wzb5.xyz,2,cloudflare_403
mostbet-wzc4.xyz,2,cloudflare_403
mostbet-wzc5.xyz,2,cloudflare_403
mostbet-wzc6.top,2,cloudflare_503
mostbet-wzd8.top,2,cloudflare_503
mostbet-wzd9.xyz,2,cloudflare_403
mostbet-wze6.top,2,cloudflare_403
mostbet-wzf6.top,2,cloudflare_403
mostbet-wzg2.top,2,cloudflare_503
mostbet-wzg4.top,2,cloudflare_503
mostbet-wzh1.xyz,2,cloudflare_403
mostbet-wzh5.top,2,cloudflare_503
mostbet-wzh7.top,2,cloudflare_503
mostbet-wzh9.top,2,cloudflare_403
mostbet-wzi1.top,2,cloudflare_403
mostbet-wzi3.top,2,cloudflare_403
mostbet-wzi5.top,2,cloudflare_403
mostbet-wzi6.top,2,cloudflare_503
mostbet-wzj2.top,2,cloudflare_503
mostbet-wzj6.xyz,2,cloudflare_503
mostbet-wzk1.top,2,cloudflare_503
mostbet-wzm1.xyz,2,cloudflare_503
mostbet-wzm7.top,2,cloudflare_503
mostbet-wzn3.top,2,cloudflare_503
mostbet-wzo2.top,2,cloudflare_503
mostbet-wzo3.top,2,cloudflare_503
mostbet-wzp1.xyz,2,cloudflare_403
mostbet-wzq4.top,2,cloudflare_403
mostbet-wzq5.top,2,cloudflare_403
mostbet-wzq9.top,2,cloudflare_503
mostbet-wzr5.top,2,cloudflare_503
mostbet-wzr8.xyz,2,cloudflare_403
mostbet-wzs5.top,2,cloudflare_403
mostbet-wzs8.xyz,2,cloudflare_503
mostbet-wzt4.top,2,cloudflare_403
mostbet-wzu2.top,2,cloudflare_503
mostbet-wzu3.top,2,cloudflare_403
mostbet-wzu4.top,2,cloudflare_403
mostbet-wzw1.xyz,2,cloudflare_403
mostbet-wzw8.top,2,cloudflare_403
mostbet-wzx5.top,2,cloudflare_403
mostbet-wzx7.top,2,cloudflare_403
mostbet-wzx8.xyz,2,cloudflare_403
mostbet-wzy4.xyz,2,cloudflare_403
mostbet-wzz6.xyz,2,cloudflare_503
mostbet-x1aah.blog,2,cloudflare_403
mostbet-x2hfo.lol,2,cloudflare_403
mostbet-x3gc.xyz,2,cloudflare_403
mostbet-x3u86.info,2,cloudflare_403
mostbet-x46q.xyz,2,cloudflare_403
mostbet-x4iya.buzz,2,cloudflare_403
mostbet-x4z0i.lol,2,cloudflare_403
mostbet-x6hq.xyz,2,cloudflare_403
mostbet-xa.xyz,2,cloudflare_503
mostbet-xa90k.buzz,2,cloudflare_403
mostbet-xajmcx.top,2,cloudflare_503
mostbet-xb.xyz,2,cloudflare_403
mostbet-xbh5h.sbs,2,cloudflare_403
mostbet-xc4s7.life,2,cloudflare_403
mostbet-xe4s8.lol,2,cloudflare_403
mostbet-xftx0.info,2,cloudflare_403
mostbet-xg1j5.top,2,cloudflare_403
mostbet-xgc7.xyz,2,cloudflare_403
mostbet-xgsflc.top,2,cloudflare_503
mostbet-xh52p.sbs,2,cloudflare_403
mostbet-xhc6p.sbs,2,cloudflare_403
mostbet-xi.top,2,cloudflare_403
mostbet-xi780.buzz,2,cloudflare_403
mostbet-xiw82.pro,2,cloudflare_403
mostbet-xje6.xyz,2,cloudflare_403
mostbet-xjva.xyz,2,cloudflare_403
mostbet-xkaw6.info,2,cloudflare_403
mostbet-xkd87.icu,2,cloudflare_403
mostbet-xknj.xyz,2,cloudflare_503
mostbet-xktt8.sbs,2,cloudflare_403
mostbet-xl3ty.pro,2,cloudflare_403
mostbet-xlx.xyz,2,cloudflare_403
mostbet-xmx8.xyz,2,cloudflare_403
mostbet-xo.xyz,2,cloudflare_403
mostbet-xomhne.top,2,cloudflare_503
mostbet-xoto.xyz,2,cloudflare_503
mostbet-xp.xyz,2,cloudflare_403
mostbet-xpj.xyz,2,cloudflare_403
mostbet-xqc7a.info,2,cloudflare_403
mostbet-xqnym.sbs,2,cloudflare_403
mostbet-xqqu0.club,2,cloudflare_403
mostbet-xr.xyz,2,cloudflare_403
mostbet-xrbo.xyz,2,cloudflare_403
mostbet-xsb88.sbs,2,cloudflare_403
mostbet-xsc.xyz,2,cloudflare_403
mostbet-xsiw0.top,2,cloudflare_403
mostbet-xsnq.xyz,2,cloudflare_403
mostbet-xt.xyz,2,cloudflare_403
mostbet-xt7nu.buzz,2,cloudflare_403
mostbet-xtlz.xyz,2,cloudflare_403
mostbet-xw.xyz,2,cloudflare_403
mostbet-xwbrakw.top,2,cloudflare_503
mostbet-xx1.xyz,2,cloudflare_503
mostbet-xx3.xyz,2,cloudflare_403
mostbet-xxc5.xyz,2,cloudflare_503
mostbet-xxplx.icu,2,cloudflare_403
mostbet-xxqniy.top,2,cloudflare_503
mostbet-xxqniy1.top,2,cloudflare_503
mostbet-xyz.xyz,2,cloudflare_403
mostbet-xz.xyz,2,cloudflare_403
mostbet-y36qw.lol,2,cloudflare_403
mostbet-y3jkl.blog,2,cloudflare_403
mostbet-y565.xyz,2,cloudflare_403
mostbet-y5l7t.xyz,2,cloudflare_403
mostbet-y7ouk.buzz,2,cloudflare_403
mostbet-y8cxf.cfd,2,cloudflare_403
mostbet-y9sx.xyz,2,cloudflare_403
mostbet-ybonjs2.top,2,cloudflare_503
mostbet-yc.xyz,2,cloudflare_403
mostbet-yc06r.buzz,2,cloudflare_403
mostbet-ycgzh.top,2,cloudflare_403
mostbet-yec4o.blog,2,cloudflare_403
mostbet-yeqbt.top,2,cloudflare_403
mostbet-yg.top,2,cloudflare_403
mostbet-yh-akeh.xyz,2,cloudflare_403
mostbet-yh.xyz,2,cloudflare_403
mostbet-yhrjo.cfd,2,cloudflare_403
mostbet-yhyat.blog,2,cloudflare_403
mostbet-yibe1.xyz,2,cloudflare_403
mostbet-ykhzej.top,2,cloudflare_503
mostbet-ykl18.xyz,2,cloudflare_403
mostbet-yko6d.club,2,cloudflare_403
mostbet-yltbi.blog,2,cloudflare_403
mostbet-ynsa.xyz,2,cloudflare_403
mostbet-yo1.xyz,2,cloudflare_403
mostbet-yo6at.buzz,2,cloudflare_403
mostbet-you.xyz,2,cloudflare_403
mostbet-yp5jc.sbs,2,cloudflare_403
mostbet-ypa30.sbs,2,cloudflare_403
mostbet-yq571.life,2,cloudflare_403
mostbet-yqlnfg.top,2,cloudflare_503
mostbet-yr1bi.lol,2,cloudflare_403
mostbet-yrmwjg.top,2,cloudflare_503
mostbet-yrmwjg2.top,2,cloudflare_503
mostbet-ysm7s.buzz,2,cloudflare_403
mostbet-ysztw.buzz,2,cloudflare_403
mostbet-ytchy.blog,2,cloudflare_403
mostbet-yuklab-olish.com,2,cloudflare_403
mostbet-yuklemek.com,2,cloudflare_403
mostbet-yumdzb1.top,2,cloudflare_503
mostbet-yv.xyz,2,cloudflare_403
mostbet-yv1aw.top,2,cloudflare_403
mostbet-yvohz.buzz,2,cloudflare_403
mostbet-yx.top,2,cloudflare_503
mostbet-yx.xyz,2,cloudflare_403
mostbet-yz-pgn4.buzz,2,cloudflare_403
mostbet-yz-ucgl.buzz,2,cloudflare_503
mostbet-z05f.xyz,2,cloudflare_403
mostbet-z2ukk.info,2,cloudflare_403
mostbet-z38kc.icu,2,cloudflare_403
mostbet-z4qrd.sbs,2,cloudflare_403
mostbet-z5232.buzz,2,cloudflare_403
mostbet-zaloguj-pl.fun,2,cloudflare_404
mostbet-zaloguj-polska.xyz,2,cloudflare_404
mostbet-zaloguj-sie-pl.life,2,cloudflare_404
mostbet-zby5.xyz,2,cloudflare_403
mostbet-zd6it.buzz,2,cloudflare_403
mostbet-zd6lq.top,2,cloudflare_403
mostbet-zeeenc.top,2,cloudflare_503
mostbet-zeeenc1.top,2,cloudflare_503
mostbet-zeeenc2.top,2,cloudflare_503
mostbet-zemi1.club,2,cloudflare_403
mostbet-zemp4.blog,2,cloudflare_403
mostbet-zerkalo-12.xyz,2,cloudflare_503
mostbet-zerkalo-acf.xyz,2,cloudflare_503
mostbet-zerkalo-ggr.xyz,2,cloudflare_503
mostbet-zerkalo-sxz.xyz,2,cloudflare_503
mostbet-zerkalo-win.xyz,2,cloudflare_503
mostbet-zerkalo.com,2,cloudflare_403
mostbet-zerkalo.net,2,cloudflare_503
mostbet-zerkalo.xyz,2,cloudflare_503
mostbet-zerkalo7.buzz,2,cloudflare_503
mostbet-zff.xyz,2,cloudflare_403
mostbet-zff5l.buzz,2,cloudflare_403
mostbet-zgii.xyz,2,cloudflare_403
mostbet-zhbfdc.top,2,cloudflare_503
mostbet-zi.top,2,cloudflare_403
mostbet-zjtaa.lol,2,cloudflare_403
mostbet-zm.top,2,cloudflare_403
mostbet-zm.xyz,2,cloudflare_403
mostbet-zmwk.xyz,2,cloudflare_403
mostbet-zn.xyz,2,cloudflare_403
mostbet-zosnk.pro,2,cloudflare_403
mostbet-zpbo0.blog,2,cloudflare_403
mostbet-zpjwv.icu,2,cloudflare_403
mostbet-zq3j5.blog,2,cloudflare_403
mostbet-zq6p4.cfd,2,cloudflare_403
mostbet-zqhb.xyz,2,cloudflare_403
mostbet-zqjlh.blog,2,cloudflare_403
mostbet-zrvad.life,2,cloudflare_403
mostbet-zs.xyz,2,cloudflare_403
mostbet-zseif.pro,2,cloudflare_403
mostbet-ztmmcw.top,2,cloudflare_503
mostbet-zuz.top,2,cloudflare_404
mostbet-zv8t0.life,2,cloudflare_403
mostbet-zwx1o.pro,2,cloudflare_403
mostbet-zx.xyz,2,cloudflare_403
mostbet-zx1.xyz,2,cloudflare_403
mostbet-zyc6.xyz,2,cloudflare_403
mostbet-zzjeb.icu,2,cloudflare_403
mostbet.africa,2,cloudflare_503
mostbet.az,2,cloudflare_403
mostbet.bydgoszcz.pl,2,cloudflare_403
mostbet.gg,2,cloudflare_401
mostbet.gmbh,2,cloudflare_503
mostbet.host,2,cloudflare_503
mostbet.hu.net,2,cloudflare_403
mostbet.kyiv.ua,2,cloudflare_500
mostbet.me,2,cloudflare_403
mostbet.ninja,2,cloudflare_404
mostbet.org.ng,2,cloudflare_403
mostbet.org.ph,2,cloudflare_403
mostbet.qpon,2,cloudflare_404
mostbet.red,2,cloudflare_403
mostbet.review,2,cloudflare_401
mostbet.szczecin.pl,2,cloudflare_403
mostbet.web.tr,2,cloudflare_403
mostbet.wroclaw.pl,2,cloudflare_403
mostbet1.pro,2,cloudflare_406
mostbet10.top,2,cloudflare_401
mostbet143.ru,2,cloudflare_503
mostbet1az.com,2,cloudflare_500
mostbet1xbet.ru,2,cloudflare_503
mostbet2025.cc,2,cloudflare_403
mostbet2025az.com,2,cloudflare_403
mostbet2026.click,2,cloudflare_404
mostbet2026.digital,2,cloudflare_404
mostbet2026.eu.com,2,cloudflare_404
mostbet2026.qpon,2,cloudflare_404
mostbet21.xyz,2,cloudflare_500
mostbet22.vip,2,cloudflare_404
mostbet24.live,2,cloudflare_403
mostbet247.ru,2,cloudflare_503
mostbet26.fit,2,cloudflare_403
mostbet27.site,2,cloudflare_503
mostbet3.one,2,cloudflare_503
mostbet31.top,2,cloudflare_503
mostbet3185-onlinecasino.ru,2,cloudflare_503
mostbet322.com,2,cloudflare_403
mostbet333-neo.ru,2,cloudflare_503
mostbet3366.top,2,cloudflare_503
mostbet366.ru,2,cloudflare_503
mostbet4.buzz,2,cloudflare_503
mostbet41.com,2,cloudflare_403
mostbet47.com,2,cloudflare_403
mostbet55.ru,2,cloudflare_503
mostbet564.ru,2,cloudflare_503
mostbet6364.ru,2,cloudflare_503
mostbet7.top,2,cloudflare_401
mostbet777-hu.com,2,cloudflare_403
mostbet777be7onus.xyz,2,cloudflare_503
mostbet89.site,2,cloudflare_503
mostbeta.top,2,cloudflare_503
mostbeta2.site,2,cloudflare_503
mostbeta9.top,2,cloudflare_503
mostbetagentapp.com,2,cloudflare_403
mostbetapc.win,2,cloudflare_403
mostbetapk.com.ng,2,cloudflare_403
mostbetapk.pro,2,cloudflare_404
mostbetapk1.site,2,cloudflare_503
mostbetapk3.top,2,cloudflare_403
mostbetapk53.site,2,cloudflare_503
mostbetapk7.site,2,cloudflare_503
mostbetapk77.site,2,cloudflare_503
mostbetapk8.site,2,cloudflare_503
mostbetaposta.com,2,cloudflare_502
mostbetapp.bet,2,cloudflare_500
mostbetapp.ink,2,cloudflare_403
mostbetapp.kz,2,cloudflare_403
mostbetapp.pk,2,cloudflare_403
mostbetapps.com,2,cloudflare_403
mostbetar.com,2,cloudflare_401
mostbetaz-casino.top,2,cloudflare_404
mostbetaz-giris-2024.com,2,cloudflare_403
mostbetaz-giris-2025.com,2,cloudflare_403
mostbetaz-giris-adresi.com,2,cloudflare_403
mostbetaz-giris-adresi24.com,2,cloudflare_403
mostbetaz-giris-guncel.com,2,cloudflare_403
mostbetaz-giris.art,2,cloudflare_403
mostbetaz-giris.com,2,cloudflare_403
mostbetaz-giris.ink,2,cloudflare_500
mostbetaz-giris.net,2,cloudflare_403
mostbetaz-giris.org,2,cloudflare_403
mostbetaz-giris.site,2,cloudflare_403
mostbetaz-giris1.com,2,cloudflare_403
mostbetaz-giris2024.com,2,cloudflare_403
mostbetaz-giris2025.com,2,cloudflare_403
mostbetaz-kazino.click,2,cloudflare_500
mostbetaz-mobi.com,2,cloudflare_403
mostbetaz-sayt.com,2,cloudflare_403
mostbetaz.co,2,cloudflare_401
mostbetaz.xyz,2,cloudflare_403
mostbetaz2024.com,2,cloudflare_403
mostbetaz2025.com,2,cloudflare_403
mostbetazer-giris.com,2,cloudflare_403
mostbetazerbaycan.info,2,cloudflare_403
mostbetazgiris.com,2,cloudflare_403
mostbetazofficial.live,2,cloudflare_404
mostbetb.buzz,2,cloudflare_503
mostbetbahis3.com,2,cloudflare_503
mostbetbahis7.com,2,cloudflare_403
mostbetbahissitesi1.com,2,cloudflare_403
mostbetbd.click,2,cloudflare_403
mostbetbd.club,2,cloudflare_403
mostbetbd.ink,2,cloudflare_403
mostbetbd2-login.com,2,cloudflare_403
mostbetbd2.com,2,cloudflare_403
mostbetbd2.org,2,cloudflare_403
mostbetbdt.com,2,cloudflare_403
mostbetbdt.net,2,cloudflare_401
mostbetbet.com,2,cloudflare_403
mostbetbett.ru,2,cloudflare_404
mostbetbookie.in,2,cloudflare_403
mostbetbr.br.com,2,cloudflare_500
mostbetbr.com.br,2,cloudflare_500
mostbetcasino-bet.digital,2,cloudflare_404
mostbetcasino-bonuses.pw,2,cloudflare_503
mostbetcasino-bonuses.top,2,cloudflare_403
mostbetcasino-bonuses.xyz,2,cloudflare_403
mostbetcasino-cz.cz,2,cloudflare_403
mostbetcasino-cz.eu,2,cloudflare_403
mostbetcasino-freespins.digital,2,cloudflare_404
mostbetcasino-kaz.bar,2,cloudflare_404
mostbetcasino-kaz.click,2,cloudflare_404
mostbetcasino-kaz.digital,2,cloudflare_404
mostbetcasino-kaz.help,2,cloudflare_404
mostbetcasino-kaz.live,2,cloudflare_404
mostbetcasino-kaz.pro,2,cloudflare_404
mostbetcasino-mobail.top,2,cloudflare_403
mostbetcasino-mobail.xyz,2,cloudflare_503
mostbetcasino-online.com,2,cloudflare_403
mostbetcasino-pl.live,2,cloudflare_404
mostbetcasino-qaz.bar,2,cloudflare_404
mostbetcasino-qaz.click,2,cloudflare_404
mostbetcasino-qaz.digital,2,cloudflare_404
mostbetcasino-qaz.help,2,cloudflare_404
mostbetcasino-qaz.live,2,cloudflare_404
mostbetcasino-qaz.pro,2,cloudflare_404
mostbetcasino-registration.xyz,2,cloudflare_403
mostbetcasino-slots.digital,2,cloudflare_404
mostbetcasino-win.ru,2,cloudflare_503
mostbetcasino-win.top,2,cloudflare_404
mostbetcasino-zerkalo.top,2,cloudflare_503
mostbetcasino.am,2,cloudflare_403
mostbetcasino.co.am,2,cloudflare_403
mostbetcasino.gr,2,cloudflare_403
mostbetcasino.hu.net,2,cloudflare_403
mostbetcasino.net.gr,2,cloudflare_403
mostbetcasino2.ru,2,cloudflare_503
mostbetcasino3.ru,2,cloudflare_503
mostbetcasino4.ru,2,cloudflare_503
mostbetcasino7.ru,2,cloudflare_503
mostbetcasinoaz.live,2,cloudflare_404
mostbetcasinogr.com,2,cloudflare_403
mostbetcasinokz.com.kz,2,cloudflare_404
mostbetcasinolive.com,2,cloudflare_403
mostbetcasinos-slots-qswv.xyz,2,cloudflare_403
mostbetcasinos-slots.top,2,cloudflare_503
mostbetcasinos-zerkalo.top,2,cloudflare_403
mostbetcasinos.com,2,cloudflare_403
mostbetcasinos.pl,2,cloudflare_403
mostbetcasinotop.ru,2,cloudflare_503
mostbetcazino-game.top,2,cloudflare_404
mostbetcazino.top,2,cloudflare_404
mostbetcazinowin.ru,2,cloudflare_503
mostbetcazzino1.ru,2,cloudflare_503
mostbetchile.com,2,cloudflare_403
mostbetcz-casino.cz,2,cloudflare_403
mostbetcz-kasino.com,2,cloudflare_403
mostbetcz.us.com,2,cloudflare_403
mostbete.buzz,2,cloudflare_503
mostbeteredir.com,2,cloudflare_404
mostbetfanz1.xyz,2,cloudflare_403
mostbetgame-turkey.click,2,cloudflare_404
mostbetgiris-adresi.com,2,cloudflare_403
mostbetgiris-adresi1.com,2,cloudflare_403
mostbetgiris-az.com,2,cloudflare_403
mostbetgiris-mobi.com,2,cloudflare_403
mostbetgiris.mobi,2,cloudflare_403
mostbetgirisx.top,2,cloudflare_500
mostbetgolden.ru,2,cloudflare_503
mostbetgroup.xyz,2,cloudflare_404
mostbetguncel.net,2,cloudflare_500
mostbetguncel.top,2,cloudflare_404
mostbetguncelgiris.com,2,cloudflare_403
mostbetguncelx.top,2,cloudflare_500
mostbethu.eu,2,cloudflare_403
mostbeti.com,2,cloudflare_503
mostbetindia.org,2,cloudflare_403
mostbetinfo.com,2,cloudflare_403
mostbeting-uz.com,2,cloudflare_401
mostbeting.com,2,cloudflare_401
mostbetkasyno.life,2,cloudflare_404
mostbetkaszino.org,2,cloudflare_403
mostbetkaz-casinospin.digital,2,cloudflare_404
mostbetkazino.ru,2,cloudflare_404
mostbetkazz.com,2,cloudflare_404
mostbetkenya.com,2,cloudflare_403
mostbetkg-official.com,2,cloudflare_403
mostbetking.com,2,cloudflare_403
mostbetkirishsayti.com,2,cloudflare_403
mostbetkz.kz,2,cloudflare_503
mostbetkzvhod.com,2,cloudflare_403
mostbetlogin.live,2,cloudflare_404
mostbetlogin2024.in,2,cloudflare_403
mostbetloginbd.com,2,cloudflare_403
mostbetloginuz.xyz,2,cloudflare_403
mostbetm.club,2,cloudflare_503
mostbetmagyar.net,2,cloudflare_401
mostbetmagyar.org,2,cloudflare_403
mostbetmar.com,2,cloudflare_401
mostbetmost.ru,2,cloudflare_404
mostbetmx.mx,2,cloudflare_403
mostbetmybet4.ru,2,cloudflare_503
mostbetng.com,2,cloudflare_403
mostbeto.com,2,cloudflare_403
mostbetofficial-casino.life,2,cloudflare_404
mostbetofficial.sk,2,cloudflare_400
mostbetonline.pk,2,cloudflare_500
mostbetoynash.com,2,cloudflare_403
mostbetperu.net,2,cloudflare_403
mostbetpk.com.pk,2,cloudflare_403
mostbetpl-kaz.fit,2,cloudflare_404
mostbetpl-play.life,2,cloudflare_404
mostbetpl.click,2,cloudflare_404
mostbetpl.life,2,cloudflare_404
mostbetpl.vip,2,cloudflare_403
mostbetplaycz.com,2,cloudflare_403
mostbetpolska-casino.live,2,cloudflare_404
mostbetpolska-game.pl,2,cloudflare_404
mostbetportal.com,2,cloudflare_403
mostbetportugal.buzz,2,cloudflare_403
mostbetpower.ru,2,cloudflare_503
mostbetprilend88.xyz,2,cloudflare_403
mostbetpromo25.ru,2,cloudflare_503
mostbetpt.biz,2,cloudflare_403
mostbetpt.eu,2,cloudflare_403
mostbetqazz.com,2,cloudflare_404
mostbetr.buzz,2,cloudflare_503
mostbetru-app.com,2,cloudflare_503
mostbetru29new.ru,2,cloudflare_503
mostbetru47.ru,2,cloudflare_403
mostbetruapk.site,2,cloudflare_503
mostbetrussia119.xyz,2,cloudflare_403
mostbetrussia26.xyz,2,cloudflare_403
mostbetrussia31.xyz,2,cloudflare_403
mostbetrussia39.xyz,2,cloudflare_403
mostbetrussia57.xyz,2,cloudflare_403
mostbets-app.kz,2,cloudflare_403
mostbets-app.net,2,cloudflare_401
mostbets-az.bet,2,cloudflare_410
mostbets-az.com,2,cloudflare_403
mostbets-az3.zone,2,cloudflare_404
mostbets-az4.zone,2,cloudflare_404
mostbets-az5.info,2,cloudflare_404
mostbets-az5.zone,2,cloudflare_404
mostbets-azb.com,2,cloudflare_403
mostbets-azerbaycan.bet,2,cloudflare_404
mostbets-casino-in.com,2,cloudflare_404
mostbets-casino.com.pt,2,cloudflare_403
mostbets-casino.cz,2,cloudflare_401
mostbets-casinooff.bar,2,cloudflare_404
mostbets-casinooff.click,2,cloudflare_404
mostbets-casinooff.digital,2,cloudflare_404
mostbets-casinooff.help,2,cloudflare_404
mostbets-casinooff.live,2,cloudflare_404
mostbets-casinooff.pro,2,cloudflare_404
mostbets-deutschland.com,2,cloudflare_403
mostbets-hungary.net,2,cloudflare_401
mostbets-in.xyz,2,cloudflare_403
mostbets-india.in,2,cloudflare_404
mostbets-morocco.com,2,cloudflare_404
mostbets-online.in,2,cloudflare_404
mostbets-uz.xyz,2,cloudflare_403
mostbets-uzb.com,2,cloudflare_403
mostbets.in,2,cloudflare_403
mostbets.sk,2,cloudflare_404
mostbets14.site,2,cloudflare_503
mostbets16.site,2,cloudflare_503
mostbets18.site,2,cloudflare_503
mostbets20.site,2,cloudflare_503
mostbets21.site,2,cloudflare_503
mostbets22.top,2,cloudflare_503
mostbetsaz90.com,2,cloudflare_403
mostbetsazz.com,2,cloudflare_503
mostbetsc.click,2,cloudflare_404
mostbetscasino.cz,2,cloudflare_403
mostbetscasino.gr,2,cloudflare_403
mostbetsignup.com,2,cloudflare_403
mostbetsite.kz,2,cloudflare_403
mostbetslots7.top,2,cloudflare_404
mostbetspin1.ru,2,cloudflare_503
mostbetsport.uz,2,cloudflare_403
mostbett-az.bet,2,cloudflare_403
mostbett-casinos.com,2,cloudflare_403
mostbett-es.com,2,cloudflare_403
mostbett-giris-2024.com,2,cloudflare_403
mostbett-nepal.net,2,cloudflare_401
mostbett-tr.com,2,cloudflare_403
mostbett-uz.xyz,2,cloudflare_403
mostbett.net,2,cloudflare_403
mostbett19.site,2,cloudflare_503
mostbettcasino.ru,2,cloudflare_404
mostbetting.in,2,cloudflare_403
mostbetting.world,2,cloudflare_403
mostbettr.it.com,2,cloudflare_403
mostbettr.vip,2,cloudflare_403
mostbetttrussia138.xyz,2,cloudflare_403
mostbetttrussia52.xyz,2,cloudflare_403
mostbetuz-kirish.com,2,cloudflare_403
mostbetuz-kirish.net,2,cloudflare_401
mostbetuz-kirish24.com,2,cloudflare_403
mostbetuz-uz.com,2,cloudflare_403
mostbetuz.live,2,cloudflare_403
mostbetuz.me,2,cloudflare_403
mostbetuz25.com,2,cloudflare_403
mostbetuz7.com,2,cloudflare_503
mostbetuzbkirish.com,2,cloudflare_403
mostbetuzkirish25.com,2,cloudflare_403
mostbetuzs.casino,2,cloudflare_403
mostbetv.ru,2,cloudflare_503
mostbetvipaz.vip,2,cloudflare_403
mostbetw.buzz,2,cloudflare_503
mostbetw.com,2,cloudflare_503
mostbetwin.org,2,cloudflare_403
mostbetx.buzz,2,cloudflare_503
mostbetxtr.top,2,cloudflare_500
mostbety.buzz,2,cloudflare_503
mostbetyenigirisi.top,2,cloudflare_500
mostbetyukle.bet,2,cloudflare_500
mostbetyuklemek.com,2,cloudflare_403
mostbetz.buzz,2,cloudflare_503
mostbetzerkalo777.com,2,cloudflare_403
mostplaybet.cc,2,cloudflare_403
mostsbet.com,2,cloudflare_500
mostslots.xyz,2,cloudflare_404
mosttbetcl19.xyz,2,cloudflare_403
mosttbetclub3.xyz,2,cloudflare_403
mphajcommittee.com,2,cloudflare_404
mulanmidtown.net,2,cloudflare_403
museum-molodgvard.ru,2,cloudflare_503
mutlulukhasreti.com,2,cloudflare_403
nailsshop.hu,2,cloudflare_403
narlibahce.com.tr,2,cloudflare_403
nataliecartertalksfitness.com,2,cloudflare_403
nayora.org,2,cloudflare_403
nbspolicyplatform.org,2,cloudflare_403
nemecky-jazyk.cz,2,cloudflare_403
nemontessori.org,2,cloudflare_500
neomostbet-949.ru,2,cloudflare_503
newmostbet.com,2,cloudflare_401
newsxpressindia.com,2,cloudflare_404
nicolascollection.com,2,cloudflare_500
nshsa.org,2,cloudflare_500
nyceac.org,2,cloudflare_403
omegasports.kz,2,cloudflare_403
online-game-aviator-india.com,2,cloudflare_410
online-mostbet-slots.top,2,cloudflare_503
online-mostbet-slots3.top,2,cloudflare_503
onnoekdiganta.com,2,cloudflare_401
oqtoshdon.uz,2,cloudflare_403
paghamchurch.org,2,cloudflare_403
panotour.ge,2,cloudflare_500
papisubezpieczenia.pl,2,cloudflare_403
parimatch-casino-uk1.com,2,cloudflare_404
patentvue.com,2,cloudflare_404
peoplespint.com,2,cloudflare_403
petrich-news.com,2,cloudflare_403
philfrance-scholarships.com,2,cloudflare_403
pincake.ge,2,cloudflare_500
pkstudio.vn,2,cloudflare_530
play-online-mostbet.click,2,cloudflare_404
play-slots-at-mostbet.top,2,cloudflare_404
play2048cupcakes.com,2,cloudflare_403
plemionamapa.pl,2,cloudflare_403
poggioaimonti.com,2,cloudflare_500
polistastrips.ru,2,cloudflare_403
portermerbabu.com,2,cloudflare_500
pragmatic-bet.com,2,cloudflare_403
prestigemostbet-8062.ru,2,cloudflare_503
prilozhenie-mostbet.com,2,cloudflare_503
prime-mostbet5240.ru,2,cloudflare_503
privacy-labs.org,2,cloudflare_500
promo-mostbet-az1.info,2,cloudflare_410
promo-mostbet.ru,2,cloudflare_503
promosiudang.com,2,cloudflare_403
ps3iso.net,2,cloudflare_403
pt-mostbet.com,2,cloudflare_502
pulsarscopes.com,2,cloudflare_403
purealohasurf.com,2,cloudflare_500
pwcl.org,2,cloudflare_403
queensac.com,2,cloudflare_403
quipus.app,2,cloudflare_403
rabocheezerkalomostbet.ru,2,cloudflare_503
radical-analytics.com,2,cloudflare_403
rainmakerleadsco.com,2,cloudflare_404
rating-mostbet-casino.top,2,cloudflare_503
rating-mostbet-casino3.top,2,cloudflare_503
rating-mostbet-casino4.top,2,cloudflare_503
rating-mostbet-casino5.top,2,cloudflare_503
redev.com.tr,2,cloudflare_403
resmi-mostbet-az.bet,2,cloudflare_404
review-mostbet3.com,2,cloudflare_403
reviewmostbet.com,2,cloudflare_403
rlr-mostbet.top,2,cloudflare_403
rocketplay-casin0-au.com,2,cloudflare_403
rosmini.org,2,cloudflare_403
royalhotels.cz,2,cloudflare_400
rrr-mostbet.top,2,cloudflare_403
ru-mostbet211.com,2,cloudflare_403
ru-mostbet555.com,2,cloudflare_403
ru-mostbet777.com,2,cloudflare_403
rus-mostbet23.com,2,cloudflare_403
rusty-factory.com,2,cloudflare_403
safe-and-secure-mostbet-platform.top,2,cloudflare_404
salfleaders.com,2,cloudflare_500
sara-tr.net,2,cloudflare_403
scienceresearch.uz,2,cloudflare_404
seacoastdb.ru,2,cloudflare_503
senecahillsgolf.com,2,cloudflare_500
shadheenbangla.com,2,cloudflare_403
skychess.uz,2,cloudflare_403
skyparkincheonsongdo.com,2,cloudflare_403
slevy-aktualne.cz,2,cloudflare_403
slot-mostbet-play.click,2,cloudflare_404
slots-mostbet-casino.top,2,cloudflare_503
space-mostbet9807.ru,2,cloudflare_503
spin-ru-session.live,2,cloudflare_404
sport-game-mostbet-kz.com,2,cloudflare_403
sportssite.ru,2,cloudflare_403
stavka-mostbet3.win,2,cloudflare_503
stcamillusca.org,2,cloudflare_403
stk-mexico.com,2,cloudflare_410
stromart.cz,2,cloudflare_500
substitutionpicks.com,2,cloudflare_403
swagg.pk,2,cloudflare_403
sweetsonastickfrisco.com,2,cloudflare_500
teampiersma.org,2,cloudflare_404
technicaldiwanji.com,2,cloudflare_403
teknolojio.com.tr,2,cloudflare_403
templeterracechamber.com,2,cloudflare_403
thecopperacorn.net,2,cloudflare_403
theemergingfuture.com,2,cloudflare_500
thepointbarandgrill.com,2,cloudflare_500
thesocialhub.pk,2,cloudflare_403
theverticaltheatre.com,2,cloudflare_403
tirelire-original.com,2,cloudflare_500
tj-mostbet.site,2,cloudflare_403
top-mostbet-slots.click,2,cloudflare_404
torunlarmermer.com.tr,2,cloudflare_403
trafficmostbet.com,2,cloudflare_401
trains21.org,2,cloudflare_500
tribecahotel.ge,2,cloudflare_500
trmostbet.net,2,cloudflare_403
tugbamgelinlik.com.tr,2,cloudflare_403
turkiye-mostbet-bonus.top,2,cloudflare_404
turkiye-mostbet-oyna.top,2,cloudflare_404
turkiye-mostbet-slot.top,2,cloudflare_404
tynder.ru,2,cloudflare_503
u8u-mostbet.top,2,cloudflare_403
ugtickets.com,2,cloudflare_500
ukiseen.org,2,cloudflare_403
ukkostutkat.com,2,cloudflare_403
ultrasoundtechniciancenter.org,2,cloudflare_403
usolympian.com,2,cloudflare_403
utlea.org,2,cloudflare_403
uz-mostbet-uzb.top,2,cloudflare_404
uz-mostbet.top,2,cloudflare_404
uzbekistan-mostbet.top,2,cloudflare_404
uzmostbet.top,2,cloudflare_404
vailankanniguide.in,2,cloudflare_410
variancecharts.com,2,cloudflare_403
vatsap-plus.com,2,cloudflare_403
vavadavadavadavavada.org,2,cloudflare_403
vegastars-casino-win-au.com,2,cloudflare_403
viennalifemaraton.pl,2,cloudflare_404
vinstagrame.ru,2,cloudflare_503
vishveshavani.com,2,cloudflare_500
visitwayanad.in,2,cloudflare_403
vivaspa.co.in,2,cloudflare_403
voiture-bordeaux-rc-motors.com,2,cloudflare_500
vvv-mostbet.top,2,cloudflare_403
vwv-mostbet.top,2,cloudflare_403
wilmingtonnctaxicab.com,2,cloudflare_403
winnerhkt.pics,2,cloudflare_404
winplay-mostbet523.ru,2,cloudflare_503
wolfpackfit.net,2,cloudflare_500
writeonaustin.org,2,cloudflare_403
wroughtironbeds.in,2,cloudflare_403
www-mostbet-com.ru,2,cloudflare_503
www-mostbet-ru.ru,2,cloudflare_503
www-mostbet-xyz.ru,2,cloudflare_503
xingcsports-m.com.cn,2,cloudflare_403
xn--mostbet-z24-r7a.com,2,cloudflare_403
xn--mostbetgiri-1gc.com,2,cloudflare_403
xn--mostbetz-fza.com,2,cloudflare_403
xplay-mostbet82.ru,2,cloudflare_503
xs24h.org,2,cloudflare_403
xx3-mostbet.top,2,cloudflare_503
yalikavakhotels.com.tr,2,cloudflare_403
yenimostbet.com,2,cloudflare_500
yesilenerjiekb.com.tr,2,cloudflare_403
yirmibirkebap.com,2,cloudflare_403
yomorganik.com.tr,2,cloudflare_403
youngenterpriseprogram.com,2,cloudflare_500
yqbyyoplait.com,2,cloudflare_403
yuklemostbet.com,2,cloudflare_403
zavtrasessiya.com,2,cloudflare_403
zmksstalowawola.pl,2,cloudflare_444
ztvoritel.cz,2,cloudflare_403
zvonvaclav.cz,2,cloudflare_403
09m0stb3t.com,3,browser_unresolved
0djawb3.com,3,browser_unresolved
0m2msy1lmb.com,3,browser_unresolved
0r5ggq0l5bmst.com,3,browser_unresolved
0xp71xemb.com,3,browser_unresolved
12m5s0b.com,3,browser_unresolved
13m0s5b.com,3,browser_unresolved
17ms0b8t.com,3,browser_unresolved
1akjnfz.com,3,browser_unresolved
1most.bet,3,browser_unresolved
1mostbet-pl.com,3,browser_unresolved
1v4gtv8mmb.com,3,browser_unresolved
20milecrossfit.com,3,browser_unresolved
22bet-casino.online,3,browser_unresolved
28m0stb8t.com,3,browser_unresolved
2lpnwpmb.com,3,browser_unresolved
2umwgmrtr5mst.com,3,browser_unresolved
31m9s6b.com,3,browser_unresolved
365aayy.com,3,browser_unresolved
38bhoemb.com,3,browser_unresolved
3gwd2mymb.com,3,browser_unresolved
3j1xjn3lzrmst.com,3,browser_unresolved
3x8pypmb.com,3,browser_unresolved
47m9s7b.com,3,browser_unresolved
53hnotmb.com,3,browser_unresolved
54ms0b8t.com,3,browser_unresolved
5iz18zmb.com,3,browser_unresolved
5vwe0xwmb.com,3,browser_unresolved
6f7r1ejrmb.com,3,browser_unresolved
6mt18xmb.com,3,browser_unresolved
72m8stb3t.com,3,browser_unresolved
7gqctxyvmb.com,3,browser_unresolved
7vqtwzmb.com,3,browser_unresolved
85ms0b3t.com,3,browser_unresolved
8uaepwimb.com,3,browser_unresolved
8unx689.com,3,browser_unresolved
8v2wzisiqhmb.com,3,browser_unresolved
90m3stb8t.com,3,browser_unresolved
9bxnea76k8ximst.com,3,browser_unresolved
9lbp0bcmybx4mst.com,3,browser_unresolved
9mvrdstemb.com,3,browser_unresolved
a9ikjnmb.com,3,browser_unresolved
aayysdmost.com,3,browser_unresolved
aba7ecarrdmst-kz.com,3,browser_unresolved
abglassmirror.com,3,browser_unresolved
abtozpermb.com,3,browser_unresolved
aegbadmb.com,3,browser_unresolved
afinabul.cz,3,browser_unresolved
aiovahdqmb.com,3,browser_unresolved
ajovpomost.com,3,browser_unresolved
anabela.cz,3,browser_unresolved
apkcs.cz,3,browser_unresolved
apkmb-download.com,3,browser_unresolved
apmexreview.com,3,browser_unresolved
appsdeapostasbr.com.br,3,browser_unresolved
ar-mostbet.com,3,browser_unresolved
areal-palmira.cz,3,browser_unresolved
as4ewumb.com,3,browser_unresolved
aspirasincables.com,3,browser_unresolved
assassin-brno.cz,3,browser_unresolved
ateliera3b.cz,3,browser_unresolved
atlastfarmcsa.com,3,browser_unresolved
attitudeautos.com,3,browser_unresolved
autobaterie-vyhodne.cz,3,browser_unresolved
autodkn.cz,3,browser_unresolved
awadablog.com,3,browser_unresolved
awycrtmost.com,3,browser_unresolved
awzbtvmb.com,3,browser_unresolved
az-mostbet-aviator.com,3,browser_unresolved
az-mostbet-az.com,3,browser_unresolved
az-mostbet-download.com,3,browser_unresolved
az-mostbet-registration.com,3,browser_unresolved
az-mostbetdownload.com,3,browser_unresolved
az-mostbetonline.com,3,browser_unresolved
az-mostbetregistration.com,3,browser_unresolved
azerbaijansportsbetting.com,3,browser_unresolved
azmostbet-casino.com,3,browser_unresolved
azmostbet-casino.info,3,browser_unresolved
azmostbet-online.com,3,browser_unresolved
azmostbetgiris.com,3,browser_unresolved
azmostbetindir.com,3,browser_unresolved
b6l28gw6hkmst.com,3,browser_unresolved
bac-alg.com,3,browser_unresolved
balustradachrudim.cz,3,browser_unresolved
bd-mostbet-agent.com,3,browser_unresolved
bd-mostbet-apk.com,3,browser_unresolved
bd-mostbet-bangladesh.com,3,browser_unresolved
bd-mostbet-bd.com,3,browser_unresolved
bd-mostbet-bd1.com,3,browser_unresolved
bd-mostbet-bonus.com,3,browser_unresolved
bd-mostbet-login.com,3,browser_unresolved
bd-mostbet-official.com,3,browser_unresolved
bd-mostbet-online.com,3,browser_unresolved
bd-mostbet-pakistan.com,3,browser_unresolved
bd-mostbet-play.com,3,browser_unresolved
bd-mostbet-review.com,3,browser_unresolved
bd-mostbetbd.club,3,browser_unresolved
bd-mostbetbetting.com,3,browser_unresolved
bd-mostbetcasino.com,3,browser_unresolved
bd-mostbetofficial.com,3,browser_unresolved
bdchagmb.com,3,browser_unresolved
bdmostbet1.com,3,browser_unresolved
bdmostbet2.com,3,browser_unresolved
bdmostbet3.com,3,browser_unresolved
bdo80xqmb.com,3,browser_unresolved
beiuldmb.com,3,browser_unresolved
bet-mostbet-app.com,3,browser_unresolved
bet-mostbet-bd.com,3,browser_unresolved
bet-mostbet-casino.com,3,browser_unresolved
bet-mostbetonline.com,3,browser_unresolved
betcrafts.com,3,browser_unresolved
betmostbet.com,3,browser_unresolved
bettingsiteinbangladesh.com,3,browser_unresolved
biocech.cz,3,browser_unresolved
biossys.com,3,browser_unresolved
blastske.pics,3,browser_unresolved
bloomberkeley.com,3,browser_unresolved
bluecool.vn,3,browser_unresolved
bonushow.top,3,browser_unresolved
book-airport-parking.com,3,browser_unresolved
botonline.pics,3,browser_unresolved
bpuuztmb.com,3,browser_unresolved
br-mostbet-casino-brasil.com,3,browser_unresolved
brnostavi.cz,3,browser_unresolved
bryle-polaroid.cz,3,browser_unresolved
budapestsightseeing.org,3,browser_unresolved
buycryptoanonymously.com,3,browser_unresolved
bvsqmvmb.com,3,browser_unresolved
bydog.org,3,browser_unresolved
c5caezmb.com,3,browser_unresolved
canyouletmydogout.com,3,browser_unresolved
casino-mostbet-app.com,3,browser_unresolved
casino-mostbet-bd.com,3,browser_unresolved
casino-mostbet-casino.com,3,browser_unresolved
casino-mostbet-hu.com,3,browser_unresolved
casino-mostbet-hungary.com,3,browser_unresolved
casino-mostbet-pl.com,3,browser_unresolved
casino-mostbet-play.com,3,browser_unresolved
casino-uz-mostbet.com,3,browser_unresolved
casinomostbet-az.com,3,browser_unresolved
casinomostbet.co,3,browser_unresolved
casinos-mostbet.com,3,browser_unresolved
ccro6c7plf2zmst.com,3,browser_unresolved
cczivymb.com,3,browser_unresolved
cdl-bureau.fr,3,browser_unresolved
cerstvasvaca.cz,3,browser_unresolved
cexerwmb.com,3,browser_unresolved
cexuprmb.com,3,browser_unresolved
ci-mostbet.com,3,browser_unresolved
cjexdc.com,3,browser_unresolved
clccammost.com,3,browser_unresolved
cnhxovmb.com,3,browser_unresolved
cnxieimost.com,3,browser_unresolved
cordesign.cz,3,browser_unresolved
cormaster.pics,3,browser_unresolved
craft-her.com,3,browser_unresolved
crash7betuu.com,3,browser_unresolved
ctgotxmb.com,3,browser_unresolved
cxsqmfmb.com,3,browser_unresolved
cxurijomb.com,3,browser_unresolved
czmostbet.com,3,browser_unresolved
czukvemb.com,3,browser_unresolved
d013inbvmcmst-kz.com,3,browser_unresolved
davidflint.com.au,3,browser_unresolved
dcaxhlmb.com,3,browser_unresolved
dcwdarmstadt.de,3,browser_unresolved
de-mostbet.casino,3,browser_unresolved
desh-deshantor.com,3,browser_unresolved
dmuhdvmb.com,3,browser_unresolved
downloadmostbetapp.com,3,browser_unresolved
dr0eqlr0b.com,3,browser_unresolved
dtmfdbmb.com,3,browser_unresolved
dtyuzbmost.com,3,browser_unresolved
durtddmb.com,3,browser_unresolved
dvfcyhmb.com,3,browser_unresolved
dwh4igx.com,3,browser_unresolved
dzvvxtmb.com,3,browser_unresolved
dzxkgmmb.com,3,browser_unresolved
ebikepartners.cz,3,browser_unresolved
ecoqdemb.com,3,browser_unresolved
ejdmtsmost.com,3,browser_unresolved
ekbzl5aqmb.com,3,browser_unresolved
ekodomdg.pl,3,browser_unresolved
ekopartner.org.pl,3,browser_unresolved
eleman-design.com,3,browser_unresolved
elitebot.pics,3,browser_unresolved
emqjqgmb.com,3,browser_unresolved
entermostbet.com,3,browser_unresolved
enxhstmb.com,3,browser_unresolved
epdwwcplmb.com,3,browser_unresolved
eqpbfnmb.com,3,browser_unresolved
escaperoadcity.net,3,browser_unresolved
escortatasehirx.com,3,browser_unresolved
esnc9bsxmb.com,3,browser_unresolved
eusyppmb.com,3,browser_unresolved
exceqsmb.com,3,browser_unresolved
eylxqymb.com,3,browser_unresolved
eyspvjmb.com,3,browser_unresolved
ezbpsgrmb.com,3,browser_unresolved
f0vqlqymb.com,3,browser_unresolved
favpgamb.com,3,browser_unresolved
fbbnwxmb.com,3,browser_unresolved
fefuoqmb.com,3,browser_unresolved
fh0y2xfjmst-uz.com,3,browser_unresolved
fivelittlewords.net,3,browser_unresolved
fiwendmb.com,3,browser_unresolved
fklitvinov.cz,3,browser_unresolved
flashske.pics,3,browser_unresolved
flfrnlmb.com,3,browser_unresolved
florbalovevybaveni.cz,3,browser_unresolved
flvcxcomb.com,3,browser_unresolved
fmhzvo.com,3,browser_unresolved
foundbubbly.com,3,browser_unresolved
fovdkhmost.com,3,browser_unresolved
freebetindia.com,3,browser_unresolved
fruitboom777.site,3,browser_unresolved
fumevapeflavors.org,3,browser_unresolved
fvuznamb.com,3,browser_unresolved
fwaasdmost.com,3,browser_unresolved
fwsoks.com,3,browser_unresolved
fwvsgemb.com,3,browser_unresolved
fylkir.com,3,browser_unresolved
ga-k9.com,3,browser_unresolved
galabavaqti.online,3,browser_unresolved
gdjaqcmb.com,3,browser_unresolved
gexmhsmb.com,3,browser_unresolved
gggjylplmb.com,3,browser_unresolved
gitg8tdgmb.com,3,browser_unresolved
glawmag.ru,3,browser_unresolved
gorswqlmb.com,3,browser_unresolved
gpstore.site,3,browser_unresolved
gqhqzpmb.com,3,browser_unresolved
groeneeurosscoren.nl,3,browser_unresolved
growingforchange.org,3,browser_unresolved
gtlwyomb.com,3,browser_unresolved
guacamole.cz,3,browser_unresolved
gugciz.com,3,browser_unresolved
h1tqz3mb.com,3,browser_unresolved
h39py5mb.com,3,browser_unresolved
habib-salem.com,3,browser_unresolved
haciendalabodega.cz,3,browser_unresolved
hhdthvonmb.com,3,browser_unresolved
hiuhdemb.com,3,browser_unresolved
holidayhouse.pl,3,browser_unresolved
hook-mst.com,3,browser_unresolved
htfinstant.pics,3,browser_unresolved
htjnyrmb.com,3,browser_unresolved
hulbfhmb.com,3,browser_unresolved
huxhrrmost.com,3,browser_unresolved
icefishingmostbet.ink,3,browser_unresolved
iczbckmost.com,3,browser_unresolved
idocbcmb.com,3,browser_unresolved
iiexwwmb.com,3,browser_unresolved
ilnakjmb.com,3,browser_unresolved
in999ios.com,3,browser_unresolved
ind-mostbet.com,3,browser_unresolved
inekooptik.cz,3,browser_unresolved
inter-okna.cz,3,browser_unresolved
interdetailing.pl,3,browser_unresolved
iqtylomost.com,3,browser_unresolved
ixdviumb.com,3,browser_unresolved
j4pogbmbmb.com,3,browser_unresolved
j8kr6xu.com,3,browser_unresolved
jalebel7abeb.com,3,browser_unresolved
jandjspring.com,3,browser_unresolved
jarosek-mutenice.cz,3,browser_unresolved
jaxuso.org,3,browser_unresolved
jdb0mor7b.com,3,browser_unresolved
jeixsumost.com,3,browser_unresolved
jejlysmb.com,3,browser_unresolved
jetsfv.com,3,browser_unresolved
jfxuvumost.com,3,browser_unresolved
jgklny.com,3,browser_unresolved
jntuutmb.com,3,browser_unresolved
jpjtkkmost.com,3,browser_unresolved
jqidnumb.com,3,browser_unresolved
jsdmmomb.com,3,browser_unresolved
jssjglmb.com,3,browser_unresolved
jstsbz.com,3,browser_unresolved
jvjjwf3umb.com,3,browser_unresolved
jvmpvumb.com,3,browser_unresolved
jvrqlzmb.com,3,browser_unresolved
kado-express.com,3,browser_unresolved
kamikazeabq.com,3,browser_unresolved
kceyccmb.com,3,browser_unresolved
kcwsnwmb.com,3,browser_unresolved
kequpdmb.com,3,browser_unresolved
kevinandjoanne.com,3,browser_unresolved
kg5oszmb.com,3,browser_unresolved
kgmostbet.com,3,browser_unresolved
kmlgmu.com,3,browser_unresolved
knmii.kg,3,browser_unresolved
knmsnemost.com,3,browser_unresolved
koappmmost.com,3,browser_unresolved
konyvis.com,3,browser_unresolved
kosumberkfest.cz,3,browser_unresolved
kso71dapmb.com,3,browser_unresolved
kuyevmmb.com,3,browser_unresolved
kvizszoba.hu,3,browser_unresolved
kwskgtmb.com,3,browser_unresolved
kwvettmost.com,3,browser_unresolved
kxbydqmb.com,3,browser_unresolved
kxljkxmb.com,3,browser_unresolved
kydlxrmost.com,3,browser_unresolved
kyflxmmb.com,3,browser_unresolved
kyxiqsddmb.com,3,browser_unresolved
landtvd.top,3,browser_unresolved
lauraatwoodstudio.com,3,browser_unresolved
lawoqumb.com,3,browser_unresolved
ldcypkmb.com,3,browser_unresolved
le7pddmb.com,3,browser_unresolved
legymmmb.com,3,browser_unresolved
lfnpcrmb.com,3,browser_unresolved
lgmhhjmb.com,3,browser_unresolved
lhadzcjmb.com,3,browser_unresolved
lindispensableachartres.com,3,browser_unresolved
lkneosiwmb.com,3,browser_unresolved
lmqsdemb.com,3,browser_unresolved
lnvrdtvmb.com,3,browser_unresolved
lnziuzmb.com,3,browser_unresolved
loihzlmb.com,3,browser_unresolved
lpnkoumb.com,3,browser_unresolved
lrbulamost.com,3,browser_unresolved
lrwpqhmb.com,3,browser_unresolved
ltjrcxmb.com,3,browser_unresolved
lubfek.org.ua,3,browser_unresolved
luidoor.ru,3,browser_unresolved
lukashanke.cz,3,browser_unresolved
lvctwqmb.com,3,browser_unresolved
lvygolmb.com,3,browser_unresolved
lzdnapmb.com,3,browser_unresolved
m0a2q5x.com,3,browser_unresolved
ma-mostbet.com,3,browser_unresolved
madelinesempanadas.com,3,browser_unresolved
mazkyimost.com,3,browser_unresolved
mbapp-download.com,3,browser_unresolved
mbet-bd.com,3,browser_unresolved
mbet-in.com,3,browser_unresolved
mbet-pl.com,3,browser_unresolved
mbet-ru.com,3,browser_unresolved
mbet-tr.com,3,browser_unresolved
mcxskrmost.com,3,browser_unresolved
md-mostbet.com,3,browser_unresolved
mecosimb.com,3,browser_unresolved
medshipp.mx,3,browser_unresolved
meridian-game.com,3,browser_unresolved
mglkwwmb.com,3,browser_unresolved
mgmteh.ru,3,browser_unresolved
mgwbbymb.com,3,browser_unresolved
mightytips.com,3,browser_unresolved
miyykxmb.com,3,browser_unresolved
mkuxnavmb.com,3,browser_unresolved
mn5svimb.com,3,browser_unresolved
mneilomb.com,3,browser_unresolved
mos.bet,3,browser_unresolved
mosbet-onlayn.com,3,browser_unresolved
mosbet-win.com,3,browser_unresolved
mosbet-win1.com,3,browser_unresolved
mosbet.bet,3,browser_unresolved
mosbtetbd51.com,3,browser_unresolved
most-bet-casino-hu.com,3,browser_unresolved
most-bet-casino.it,3,browser_unresolved
most-bet-czech.com,3,browser_unresolved
most-bet-game.com,3,browser_unresolved
most-bet-online.app,3,browser_unresolved
most-bet-uz.bet,3,browser_unresolved
most-bet.games,3,browser_unresolved
most-bet.ma,3,browser_unresolved
most-betcasino.com.de,3,browser_unresolved
most-bets.mx,3,browser_unresolved
mostbet-0.online,3,browser_unresolved
mostbet-0.ru,3,browser_unresolved
mostbet-011.xyz,3,browser_unresolved
mostbet-10a.xyz,3,browser_unresolved
mostbet-10i.xyz,3,browser_unresolved
mostbet-20.online,3,browser_unresolved
mostbet-20.ru,3,browser_unresolved
mostbet-21.online,3,browser_unresolved
mostbet-21.ru,3,browser_unresolved
mostbet-23.online,3,browser_unresolved
mostbet-23.ru,3,browser_unresolved
mostbet-25.online,3,browser_unresolved
mostbet-25.ru,3,browser_unresolved
mostbet-2hd.xyz,3,browser_unresolved
mostbet-315.com,3,browser_unresolved
mostbet-356.xyz,3,browser_unresolved
mostbet-42.online,3,browser_unresolved
mostbet-42.ru,3,browser_unresolved
mostbet-79.ru,3,browser_unresolved
mostbet-8bf.xyz,3,browser_unresolved
mostbet-8li.xyz,3,browser_unresolved
mostbet-93.online,3,browser_unresolved
mostbet-94.online,3,browser_unresolved
mostbet-94.ru,3,browser_unresolved
mostbet-a.com,3,browser_unresolved
mostbet-a2c.xyz,3,browser_unresolved
mostbet-a3.xyz,3,browser_unresolved
mostbet-a6.xyz,3,browser_unresolved
mostbet-advertclub.xyz,3,browser_unresolved
mostbet-affiliate.org,3,browser_unresolved
mostbet-am.com,3,browser_unresolved
mostbet-am1.xyz,3,browser_unresolved
mostbet-am4.xyz,3,browser_unresolved
mostbet-ap.ru,3,browser_unresolved
mostbet-apk-fr.com,3,browser_unresolved
mostbet-apk.pl,3,browser_unresolved
mostbet-apkdownload.com,3,browser_unresolved
mostbet-app-polska.pl,3,browser_unresolved
mostbet-app.homes,3,browser_unresolved
mostbet-appdownload.com,3,browser_unresolved
mostbet-argent.com,3,browser_unresolved
mostbet-asml.xyz,3,browser_unresolved
mostbet-asu.xyz,3,browser_unresolved
mostbet-aviator-oyna.com,3,browser_unresolved
mostbet-az-mosbet.com,3,browser_unresolved
mostbet-az-mostbets.com,3,browser_unresolved
mostbet-az-online.com,3,browser_unresolved
mostbet-az2026-kazinos.ink,3,browser_unresolved
mostbet-az2026-kazinos.online,3,browser_unresolved
mostbet-az2026-kazinos.site,3,browser_unresolved
mostbet-az90-casino.de,3,browser_unresolved
mostbet-azerbajan.com,3,browser_unresolved
mostbet-azonline.com,3,browser_unresolved
mostbet-azyukle.com,3,browser_unresolved
mostbet-b2.xyz,3,browser_unresolved
mostbet-bang.com,3,browser_unresolved
mostbet-bcm.xyz,3,browser_unresolved
mostbet-bd-bet.com,3,browser_unresolved
mostbet-bd-slots.com,3,browser_unresolved
mostbet-bd104.com,3,browser_unresolved
mostbet-bd16.com,3,browser_unresolved
mostbet-bd62.com,3,browser_unresolved
mostbet-bd63.com,3,browser_unresolved
mostbet-bd64.com,3,browser_unresolved
mostbet-bd72.com,3,browser_unresolved
mostbet-beting.cz,3,browser_unresolved
mostbet-bj.com,3,browser_unresolved
mostbet-bj.ru,3,browser_unresolved
mostbet-bj1.com,3,browser_unresolved
mostbet-bk12win.xyz,3,browser_unresolved
mostbet-bk4.xyz,3,browser_unresolved
mostbet-bn10.com,3,browser_unresolved
mostbet-bn91.com,3,browser_unresolved
mostbet-bonuscode.com,3,browser_unresolved
mostbet-bookd.xyz,3,browser_unresolved
mostbet-bookid.xyz,3,browser_unresolved
mostbet-bp.online,3,browser_unresolved
mostbet-bp.ru,3,browser_unresolved
mostbet-br5.com,3,browser_unresolved
mostbet-br6.com,3,browser_unresolved
mostbet-br7.com,3,browser_unresolved
mostbet-bst.xyz,3,browser_unresolved
mostbet-ca.xyz,3,browser_unresolved
mostbet-casino-kasyno.pl,3,browser_unresolved
mostbet-casino-nl.com,3,browser_unresolved
mostbet-casino-online.net,3,browser_unresolved
mostbet-casino-qg9.ru,3,browser_unresolved
mostbet-casino-site.com,3,browser_unresolved
mostbet-casino-sverige.com,3,browser_unresolved
mostbet-casino.com,3,browser_unresolved
mostbet-casino.org.uk,3,browser_unresolved
mostbet-casinoonline.cz,3,browser_unresolved
mostbet-casinopolska.pl,3,browser_unresolved
mostbet-casinoqw.xyz,3,browser_unresolved
mostbet-casinoru.com,3,browser_unresolved
mostbet-casinos-deutschland.com,3,browser_unresolved
mostbet-casinos-uk.com,3,browser_unresolved
mostbet-casinos.cz,3,browser_unresolved
mostbet-casinowe.xyz,3,browser_unresolved
mostbet-cassino.com,3,browser_unresolved
mostbet-cesko-login.cz,3,browser_unresolved
mostbet-chess.xyz,3,browser_unresolved
mostbet-ci.com,3,browser_unresolved
mostbet-ci2.com,3,browser_unresolved
mostbet-ci3.com,3,browser_unresolved
mostbet-ci5.com,3,browser_unresolved
mostbet-ckachat.com,3,browser_unresolved
mostbet-club.xyz,3,browser_unresolved
mostbet-cn.xyz,3,browser_unresolved
mostbet-co.com,3,browser_unresolved
mostbet-col.com,3,browser_unresolved
mostbet-com.net,3,browser_unresolved
mostbet-com.org,3,browser_unresolved
mostbet-com.pl,3,browser_unresolved
mostbet-cv.online,3,browser_unresolved
mostbet-cz-casino.com,3,browser_unresolved
mostbet-czechia.com,3,browser_unresolved
mostbet-czesko.com,3,browser_unresolved
mostbet-de21.com,3,browser_unresolved
mostbet-de24.com,3,browser_unresolved
mostbet-de4.com,3,browser_unresolved
mostbet-deposit.org,3,browser_unresolved
mostbet-download.net,3,browser_unresolved
mostbet-e.online,3,browser_unresolved
mostbet-e.ru,3,browser_unresolved
mostbet-education.xyz,3,browser_unresolved
mostbet-ee.com,3,browser_unresolved
mostbet-egypt.xyz,3,browser_unresolved
mostbet-erg.xyz,3,browser_unresolved
mostbet-et.com,3,browser_unresolved
mostbet-ex.ru,3,browser_unresolved
mostbet-fa.online,3,browser_unresolved
mostbet-fa.ru,3,browser_unresolved
mostbet-fai.xyz,3,browser_unresolved
mostbet-fp.online,3,browser_unresolved
mostbet-fq.xyz,3,browser_unresolved
mostbet-free.org,3,browser_unresolved
mostbet-fu.online,3,browser_unresolved
mostbet-g.online,3,browser_unresolved
mostbet-g.ru,3,browser_unresolved
mostbet-gam.xyz,3,browser_unresolved
mostbet-game.in,3,browser_unresolved
mostbet-game.xyz,3,browser_unresolved
mostbet-gf.top,3,browser_unresolved
mostbet-gh.com,3,browser_unresolved
mostbet-gh1.com,3,browser_unresolved
mostbet-girisc.com,3,browser_unresolved
mostbet-gm-bd.com,3,browser_unresolved
mostbet-gm-ci.com,3,browser_unresolved
mostbet-gm-kz.com,3,browser_unresolved
mostbet-gm-ma.com,3,browser_unresolved
mostbet-gm-pk.com,3,browser_unresolved
mostbet-gm-tj.com,3,browser_unresolved
mostbet-gmkgs.com,3,browser_unresolved
mostbet-go.xyz,3,browser_unresolved
mostbet-gol1.xyz,3,browser_unresolved
mostbet-gue.xyz,3,browser_unresolved
mostbet-h.com,3,browser_unresolved
mostbet-himalaya.com,3,browser_unresolved
mostbet-hr.com,3,browser_unresolved
mostbet-hr.xyz,3,browser_unresolved
mostbet-hra.com,3,browser_unresolved
mostbet-hub.com,3,browser_unresolved
mostbet-hucasino.com,3,browser_unresolved
mostbet-hw.online,3,browser_unresolved
mostbet-hw.ru,3,browser_unresolved
mostbet-i.online,3,browser_unresolved
mostbet-i.ru,3,browser_unresolved
mostbet-ids.xyz,3,browser_unresolved
mostbet-ie1.com,3,browser_unresolved
mostbet-ie2.com,3,browser_unresolved
mostbet-ie4.com,3,browser_unresolved
mostbet-ie5.com,3,browser_unresolved
mostbet-ie6.com,3,browser_unresolved
mostbet-ie7.com,3,browser_unresolved
mostbet-ik.online,3,browser_unresolved
mostbet-ik.ru,3,browser_unresolved
mostbet-in1.com,3,browser_unresolved
mostbet-in212.com,3,browser_unresolved
mostbet-in48.com,3,browser_unresolved
mostbet-indirandroid.com,3,browser_unresolved
mostbet-it-online.com,3,browser_unresolved
mostbet-jc.xyz,3,browser_unresolved
mostbet-ji.online,3,browser_unresolved
mostbet-ji.ru,3,browser_unresolved
mostbet-ju.online,3,browser_unresolved
mostbet-ju.ru,3,browser_unresolved
mostbet-jx.xyz,3,browser_unresolved
mostbet-k.com,3,browser_unresolved
mostbet-kasyno.org,3,browser_unresolved
mostbet-kasyno1.vip,3,browser_unresolved
mostbet-kazinoplay.com,3,browser_unresolved
mostbet-ke2.com,3,browser_unresolved
mostbet-kh.ru,3,browser_unresolved
mostbet-ki.online,3,browser_unresolved
mostbet-ki.ru,3,browser_unresolved
mostbet-kk.online,3,browser_unresolved
mostbet-kk.ru,3,browser_unresolved
mostbet-kq.online,3,browser_unresolved
mostbet-kq.ru,3,browser_unresolved
mostbet-kr.online,3,browser_unresolved
mostbet-kz-bonus.de,3,browser_unresolved
mostbet-kz-sport.com,3,browser_unresolved
mostbet-kz.biz,3,browser_unresolved
mostbet-lk.com,3,browser_unresolved
mostbet-login.com,3,browser_unresolved
mostbet-login.org,3,browser_unresolved
mostbet-logowanie.it.com,3,browser_unresolved
mostbet-lr.online,3,browser_unresolved
mostbet-lr.ru,3,browser_unresolved
mostbet-luck.com,3,browser_unresolved
mostbet-lw.online,3,browser_unresolved
mostbet-lw.ru,3,browser_unresolved
mostbet-lx.online,3,browser_unresolved
mostbet-lx.ru,3,browser_unresolved
mostbet-m.online,3,browser_unresolved
mostbet-m.ru,3,browser_unresolved
mostbet-ma.com,3,browser_unresolved
mostbet-ma1.com,3,browser_unresolved
mostbet-malaysia-casino.com,3,browser_unresolved
mostbet-mda.com,3,browser_unresolved
mostbet-mda1.com,3,browser_unresolved
mostbet-mex.com,3,browser_unresolved
mostbet-mn.com,3,browser_unresolved
mostbet-mn.xyz,3,browser_unresolved
mostbet-mo.xyz,3,browser_unresolved
mostbet-mold.com,3,browser_unresolved
mostbet-moroco.com,3,browser_unresolved
mostbet-msi.xyz,3,browser_unresolved
mostbet-my.com,3,browser_unresolved
mostbet-my.online,3,browser_unresolved
mostbet-my.ru,3,browser_unresolved
mostbet-myedu.xyz,3,browser_unresolved
mostbet-nc.online,3,browser_unresolved
mostbet-nc.ru,3,browser_unresolved
mostbet-ng1.com,3,browser_unresolved
mostbet-ng2.com,3,browser_unresolved
mostbet-ng3.com,3,browser_unresolved
mostbet-ng4.com,3,browser_unresolved
mostbet-ng5.com,3,browser_unresolved
mostbet-ng6.com,3,browser_unresolved
mostbet-ni.online,3,browser_unresolved
mostbet-nj.xyz,3,browser_unresolved
mostbet-nl.net,3,browser_unresolved
mostbet-nl.nl,3,browser_unresolved
mostbet-np.com,3,browser_unresolved
mostbet-np1.com,3,browser_unresolved
mostbet-of.online,3,browser_unresolved
mostbet-of.ru,3,browser_unresolved
mostbet-official-website.cz,3,browser_unresolved
mostbet-on.xyz,3,browser_unresolved
mostbet-online-aplikace.cz,3,browser_unresolved
mostbet-online-login.cz,3,browser_unresolved
mostbet-oo.online,3,browser_unresolved
mostbet-or.xyz,3,browser_unresolved
mostbet-ozbekistan.com,3,browser_unresolved
mostbet-ozbekiston.com,3,browser_unresolved
mostbet-pakistan.com,3,browser_unresolved
mostbet-partner.net,3,browser_unresolved
mostbet-partners.com,3,browser_unresolved
mostbet-pe.ru,3,browser_unresolved
mostbet-pen.xyz,3,browser_unresolved
mostbet-ph4.com,3,browser_unresolved
mostbet-ph5.com,3,browser_unresolved
mostbet-ph6.com,3,browser_unresolved
mostbet-pk.com,3,browser_unresolved
mostbet-pk.xyz,3,browser_unresolved
mostbet-pk313.com,3,browser_unresolved
mostbet-pk4.com,3,browser_unresolved
mostbet-pk9.com,3,browser_unresolved
mostbet-pl-online.com,3,browser_unresolved
mostbet-pl100.com,3,browser_unresolved
mostbet-pl3.com,3,browser_unresolved
mostbet-pln.com,3,browser_unresolved
mostbet-pol.com,3,browser_unresolved
mostbet-portugal.app,3,browser_unresolved
mostbet-portugal.pt,3,browser_unresolved
mostbet-portuguesa.com,3,browser_unresolved
mostbet-pp1.xyz,3,browser_unresolved
mostbet-promo-code.pl,3,browser_unresolved
mostbet-promo.org,3,browser_unresolved
mostbet-pt28.com,3,browser_unresolved
mostbet-pt351.com,3,browser_unresolved
mostbet-pv.ru,3,browser_unresolved
mostbet-qa.online,3,browser_unresolved
mostbet-qa.ru,3,browser_unresolved
mostbet-qn.online,3,browser_unresolved
mostbet-qn.ru,3,browser_unresolved
mostbet-qq.online,3,browser_unresolved
mostbet-qr.xyz,3,browser_unresolved
mostbet-qs.online,3,browser_unresolved
mostbet-qs.ru,3,browser_unresolved
mostbet-re.online,3,browser_unresolved
mostbet-re.ru,3,browser_unresolved
mostbet-register.org,3,browser_unresolved
mostbet-registration.net,3,browser_unresolved
mostbet-rf.online,3,browser_unresolved
mostbet-rf.ru,3,browser_unresolved
mostbet-ri.online,3,browser_unresolved
mostbet-ri.ru,3,browser_unresolved
mostbet-rk.online,3,browser_unresolved
mostbet-rk.ru,3,browser_unresolved
mostbet-rm.online,3,browser_unresolved
mostbet-rm.ru,3,browser_unresolved
mostbet-rtr.xyz,3,browser_unresolved
mostbet-russ.com,3,browser_unresolved
mostbet-sa.xyz,3,browser_unresolved
mostbet-sc.online,3,browser_unresolved
mostbet-sc.ru,3,browser_unresolved
mostbet-serkalo.xyz,3,browser_unresolved
mostbet-sf.online,3,browser_unresolved
mostbet-sf.ru,3,browser_unresolved
mostbet-sh.online,3,browser_unresolved
mostbet-sh.ru,3,browser_unresolved
mostbet-sign.com,3,browser_unresolved
mostbet-signupid.xyz,3,browser_unresolved
mostbet-site.pl,3,browser_unresolved
mostbet-sl1.xyz,3,browser_unresolved
mostbet-slk.xyz,3,browser_unresolved
mostbet-slot.com,3,browser_unresolved
mostbet-slot.in,3,browser_unresolved
mostbet-slot.net,3,browser_unresolved
mostbet-sls.xyz,3,browser_unresolved
mostbet-sn.com,3,browser_unresolved
mostbet-sn1.com,3,browser_unresolved
mostbet-sp.ru,3,browser_unresolved
mostbet-spin.com,3,browser_unresolved
mostbet-sportschool.xyz,3,browser_unresolved
mostbet-srilank.com,3,browser_unresolved
mostbet-ssd.xyz,3,browser_unresolved
mostbet-stake.com,3,browser_unresolved
mostbet-stavkinasport.xyz,3,browser_unresolved
mostbet-t.com,3,browser_unresolved
mostbet-tajik.com,3,browser_unresolved
mostbet-tc.online,3,browser_unresolved
mostbet-tc.ru,3,browser_unresolved
mostbet-tj.com,3,browser_unresolved
mostbet-tj4.com,3,browser_unresolved
mostbet-tj5.com,3,browser_unresolved
mostbet-tj6.com,3,browser_unresolved
mostbet-topss.xyz,3,browser_unresolved
mostbet-tp.online,3,browser_unresolved
mostbet-tp.ru,3,browser_unresolved
mostbet-tr-casino.life,3,browser_unresolved
mostbet-tu.online,3,browser_unresolved
mostbet-tu.ru,3,browser_unresolved
mostbet-tz.com,3,browser_unresolved
mostbet-tz.online,3,browser_unresolved
mostbet-tz.ru,3,browser_unresolved
mostbet-tz3.com,3,browser_unresolved
mostbet-tz5.com,3,browser_unresolved
mostbet-u.com,3,browser_unresolved
mostbet-ui.online,3,browser_unresolved
mostbet-ui.ru,3,browser_unresolved
mostbet-uk.net,3,browser_unresolved
mostbet-uo.online,3,browser_unresolved
mostbet-uo.ru,3,browser_unresolved
mostbet-ur.xyz,3,browser_unresolved
mostbet-uz-kirish.com,3,browser_unresolved
mostbet-uz90.com,3,browser_unresolved
mostbet-uzb.net,3,browser_unresolved
mostbet-uzbeki.com,3,browser_unresolved
mostbet-uzbekistan-casino.com,3,browser_unresolved
mostbet-uzbekistan-ckachat.com,3,browser_unresolved
mostbet-uzbekistan-online.com,3,browser_unresolved
mostbet-uzbet.com,3,browser_unresolved
mostbet-vb.ru,3,browser_unresolved
mostbet-vg.online,3,browser_unresolved
mostbet-vg.ru,3,browser_unresolved
mostbet-vq.online,3,browser_unresolved
mostbet-vq.ru,3,browser_unresolved
mostbet-vsu5.xyz,3,browser_unresolved
mostbet-vz.online,3,browser_unresolved
mostbet-vz.ru,3,browser_unresolved
mostbet-w.online,3,browser_unresolved
mostbet-waj5.xyz,3,browser_unresolved
mostbet-wbm9.xyz,3,browser_unresolved
mostbet-wbo5.xyz,3,browser_unresolved
mostbet-wc.xyz,3,browser_unresolved
mostbet-we.xyz,3,browser_unresolved
mostbet-wkj8.xyz,3,browser_unresolved
mostbet-wn.online,3,browser_unresolved
mostbet-wn.ru,3,browser_unresolved
mostbet-wnh9.xyz,3,browser_unresolved
mostbet-woh6.xyz,3,browser_unresolved
mostbet-wp.xyz,3,browser_unresolved
mostbet-wpc7.xyz,3,browser_unresolved
mostbet-wqs1.xyz,3,browser_unresolved
mostbet-wrs4.xyz,3,browser_unresolved
mostbet-wrz2.xyz,3,browser_unresolved
mostbet-wt.online,3,browser_unresolved
mostbet-wt.ru,3,browser_unresolved
mostbet-wut1.xyz,3,browser_unresolved
mostbet-ww.xyz,3,browser_unresolved
mostbet-xlt.xyz,3,browser_unresolved
mostbet-xpg.xyz,3,browser_unresolved
mostbet-xpt.xyz,3,browser_unresolved
mostbet-xry.xyz,3,browser_unresolved
mostbet-xv.online,3,browser_unresolved
mostbet-xv.ru,3,browser_unresolved
mostbet-xx.xyz,3,browser_unresolved
mostbet-yk.online,3,browser_unresolved
mostbet-yk.ru,3,browser_unresolved
mostbet-yuklabolish.com,3,browser_unresolved
mostbet-yz.ru,3,browser_unresolved
mostbet-za.online,3,browser_unresolved
mostbet-za.ru,3,browser_unresolved
mostbet-zb.online,3,browser_unresolved
mostbet-zb.ru,3,browser_unresolved
mostbet-zerkalo-15.xyz,3,browser_unresolved
mostbet-zerkalo-8.xyz,3,browser_unresolved
mostbet-zh.com,3,browser_unresolved
mostbet-zh.xyz,3,browser_unresolved
mostbet-zj.online,3,browser_unresolved
mostbet-zk.online,3,browser_unresolved
mostbet-zr.xyz,3,browser_unresolved
mostbet-zx.online,3,browser_unresolved
mostbet-zx.ru,3,browser_unresolved
mostbet-zz.online,3,browser_unresolved
mostbet-zz.ru,3,browser_unresolved
mostbet.cloud,3,browser_unresolved
mostbet.club,3,browser_unresolved
mostbet.co.uk,3,browser_unresolved
mostbet.com.pk,3,browser_unresolved
mostbet.com.pl,3,browser_unresolved
mostbet.one,3,browser_unresolved
mostbet.online,3,browser_unresolved
mostbet.pro,3,browser_unresolved
mostbet.reviews,3,browser_unresolved
mostbet.site,3,browser_unresolved
mostbet.top,3,browser_unresolved
mostbet.uk,3,browser_unresolved
mostbet.us,3,browser_unresolved
mostbet.ws,3,browser_unresolved
mostbet1.bid,3,browser_unresolved
mostbet1.co,3,browser_unresolved
mostbet11.com,3,browser_unresolved
mostbet2.biz,3,browser_unresolved
mostbet2.club,3,browser_unresolved
mostbet2.global,3,browser_unresolved
mostbet2.ws,3,browser_unresolved
mostbet200.com,3,browser_unresolved
mostbet250fs.com,3,browser_unresolved
mostbet3.bet,3,browser_unresolved
mostbet3.club,3,browser_unresolved
mostbet3.ws,3,browser_unresolved
mostbet300.casino,3,browser_unresolved
mostbet32.ru,3,browser_unresolved
mostbet46.online,3,browser_unresolved
mostbet7.in,3,browser_unresolved
mostbet77.com,3,browser_unresolved
mostbet85.ru,3,browser_unresolved
mostbet88.net,3,browser_unresolved
mostbet918.ru,3,browser_unresolved
mostbeta.com,3,browser_unresolved
mostbetaa.online,3,browser_unresolved
mostbetaa.ru,3,browser_unresolved
mostbetapk-kz.com,3,browser_unresolved
mostbetapk.bet,3,browser_unresolved
mostbetapkazonline.com,3,browser_unresolved
mostbetapp.app,3,browser_unresolved
mostbetapp.click,3,browser_unresolved
mostbetapp.homes,3,browser_unresolved
mostbetapp.im,3,browser_unresolved
mostbetapp.pro,3,browser_unresolved
mostbetaviator-oyna.com,3,browser_unresolved
mostbetaz-90.com,3,browser_unresolved
mostbetaz.shop,3,browser_unresolved
mostbetaz24.com,3,browser_unresolved
mostbetazcasinoonline.com,3,browser_unresolved
mostbetaze45.com,3,browser_unresolved
mostbetazerbaijan.top,3,browser_unresolved
mostbetazerbaycan24.com,3,browser_unresolved
mostbetazerbaycancasino.com,3,browser_unresolved
mostbetazerbaycanda24.com,3,browser_unresolved
mostbetazerbaycanonline.com,3,browser_unresolved
mostbetazonline.com,3,browser_unresolved
mostbetazonlinecasino.com,3,browser_unresolved
mostbetazoyun.com,3,browser_unresolved
mostbetaztop.com,3,browser_unresolved
mostbetbangladesh.biz,3,browser_unresolved
mostbetbangladesh.click,3,browser_unresolved
mostbetbangladesh.ws,3,browser_unresolved
mostbetbd.fun,3,browser_unresolved
mostbetbd.id,3,browser_unresolved
mostbetbd.vip,3,browser_unresolved
mostbetbd.win,3,browser_unresolved
mostbetbd.ws,3,browser_unresolved
mostbetbd01.com,3,browser_unresolved
mostbetbd1.ws,3,browser_unresolved
mostbetbd10.com,3,browser_unresolved
mostbetbd11.com,3,browser_unresolved
mostbetbd2.biz,3,browser_unresolved
mostbetbd2.ws,3,browser_unresolved
mostbetbd3.bet,3,browser_unresolved
mostbetbd3.biz,3,browser_unresolved
mostbetbd3.ws,3,browser_unresolved
mostbetbet-pk11.com,3,browser_unresolved
mostbetbet.lat,3,browser_unresolved
mostbetblackfriday.com,3,browser_unresolved
mostbetbn1.com,3,browser_unresolved
mostbetbn111.com,3,browser_unresolved
mostbetbn2.com,3,browser_unresolved
mostbetbn22.com,3,browser_unresolved
mostbetbn45.com,3,browser_unresolved
mostbetbnn1.com,3,browser_unresolved
mostbetbonusbezdepozytu.com,3,browser_unresolved
mostbetbonuses.com,3,browser_unresolved
mostbetbr45.com,3,browser_unresolved
mostbetbr6.com,3,browser_unresolved
mostbetbr7.com,3,browser_unresolved
mostbetbrl.com,3,browser_unresolved
mostbetbs.online,3,browser_unresolved
mostbetbs.ru,3,browser_unresolved
mostbetca.com,3,browser_unresolved
mostbetca1.com,3,browser_unresolved
mostbetcasino-kz.com,3,browser_unresolved
mostbetcasino-portugal.pt,3,browser_unresolved
mostbetcasino-pt.org,3,browser_unresolved
mostbetcasino-uk.com,3,browser_unresolved
mostbetcasino.im,3,browser_unresolved
mostbetcasino.uk,3,browser_unresolved
mostbetcasino1.mx,3,browser_unresolved
mostbetcasinocanada.com,3,browser_unresolved
mostbetcasinocz.net,3,browser_unresolved
mostbetcasinocz1.cz,3,browser_unresolved
mostbetcasinoespana.com,3,browser_unresolved
mostbetcasinohungary.com,3,browser_unresolved
mostbetcasinohungary.org,3,browser_unresolved
mostbetcasinoitalia.com,3,browser_unresolved
mostbetcasinoportugal.net,3,browser_unresolved
mostbetcasinopt.com,3,browser_unresolved
mostbetcasinoreview.com,3,browser_unresolved
mostbetcasinos.co,3,browser_unresolved
mostbetcasinos.org,3,browser_unresolved
mostbetcasinotipsuk.com,3,browser_unresolved
mostbetcf.online,3,browser_unresolved
mostbetco.net,3,browser_unresolved
mostbetco.online,3,browser_unresolved
mostbetco.ru,3,browser_unresolved
mostbetcom.app,3,browser_unresolved
mostbetcom.bet,3,browser_unresolved
mostbetcv.ru,3,browser_unresolved
mostbetcw.online,3,browser_unresolved
mostbetcz.com,3,browser_unresolved
mostbetde45.com,3,browser_unresolved
mostbetds.online,3,browser_unresolved
mostbetds.ru,3,browser_unresolved
mostbeteg.bet,3,browser_unresolved
mostbeteg.com,3,browser_unresolved
mostbetez.top,3,browser_unresolved
mostbetff.online,3,browser_unresolved
mostbetfk.ru,3,browser_unresolved
mostbetfq.ru,3,browser_unresolved
mostbetfreespin.com,3,browser_unresolved
mostbetfx.online,3,browser_unresolved
mostbetfx.ru,3,browser_unresolved
mostbetgame.org,3,browser_unresolved
mostbetgi.online,3,browser_unresolved
mostbetgi.ru,3,browser_unresolved
mostbetgirisadresi.com,3,browser_unresolved
mostbetgirisaz.com,3,browser_unresolved
mostbetgirisc.com,3,browser_unresolved
mostbetgold.com,3,browser_unresolved
mostbetgoplay.in,3,browser_unresolved
mostbetgowin.in,3,browser_unresolved
mostbethi.online,3,browser_unresolved
mostbethi.ru,3,browser_unresolved
mostbethj.online,3,browser_unresolved
mostbethj.ru,3,browser_unresolved
mostbethu-online.com,3,browser_unresolved
mostbethucasino.com,3,browser_unresolved
mostbethuf.bet,3,browser_unresolved
mostbethungary.app,3,browser_unresolved
mostbetib.online,3,browser_unresolved
mostbetib.ru,3,browser_unresolved
mostbetij.online,3,browser_unresolved
mostbetij.ru,3,browser_unresolved
mostbetin1.com,3,browser_unresolved
mostbetin7.com,3,browser_unresolved
mostbetindirandroid.com,3,browser_unresolved
mostbetindiraz.com,3,browser_unresolved
mostbetj.online,3,browser_unresolved
mostbetj.ru,3,browser_unresolved
mostbetji.online,3,browser_unresolved
mostbetji.ru,3,browser_unresolved
mostbetjj.online,3,browser_unresolved
mostbetjj.ru,3,browser_unresolved
mostbetjoshwin.in,3,browser_unresolved
mostbetjw.online,3,browser_unresolved
mostbetjw.ru,3,browser_unresolved
mostbetjx.online,3,browser_unresolved
mostbetjx.ru,3,browser_unresolved
mostbetjz.online,3,browser_unresolved
mostbetjz.ru,3,browser_unresolved
mostbetkasino.org,3,browser_unresolved
mostbetkazakh.kz,3,browser_unresolved
mostbetkazakhstan.com,3,browser_unresolved
mostbetkd.online,3,browser_unresolved
mostbetkd.ru,3,browser_unresolved
mostbetkk.ru,3,browser_unresolved
mostbetkm.online,3,browser_unresolved
mostbetkm.ru,3,browser_unresolved
mostbetku.online,3,browser_unresolved
mostbetku.ru,3,browser_unresolved
mostbetlk.com,3,browser_unresolved
mostbetlk1.com,3,browser_unresolved
mostbetlk2.com,3,browser_unresolved
mostbetlogin.co,3,browser_unresolved
mostbetlogin.org,3,browser_unresolved
mostbetlusitania.com,3,browser_unresolved
mostbetma.online,3,browser_unresolved
mostbetma.ru,3,browser_unresolved
mostbetma1.com,3,browser_unresolved
mostbetma2.com,3,browser_unresolved
mostbetmagyarcasino.com,3,browser_unresolved
mostbetmn.com,3,browser_unresolved
mostbetmobile.in,3,browser_unresolved
mostbetmojwin.in,3,browser_unresolved
mostbetmr.com,3,browser_unresolved
mostbetmw.online,3,browser_unresolved
mostbetmw.ru,3,browser_unresolved
mostbetmx.online,3,browser_unresolved
mostbetnederland.net,3,browser_unresolved
mostbetnf.ru,3,browser_unresolved
mostbetnj.online,3,browser_unresolved
mostbetnj.ru,3,browser_unresolved
mostbetnp.com,3,browser_unresolved
mostbetnp3.com,3,browser_unresolved
mostbetnp4.com,3,browser_unresolved
mostbetnp5.com,3,browser_unresolved
mostbetns.online,3,browser_unresolved
mostbetns.ru,3,browser_unresolved
mostbetoffline.com,3,browser_unresolved
mostbetonline.pt,3,browser_unresolved
mostbetonlineazerbaycan.com,3,browser_unresolved
mostbetoynamaq.com,3,browser_unresolved
mostbetp.online,3,browser_unresolved
mostbetp.ru,3,browser_unresolved
mostbetp0.com,3,browser_unresolved
mostbetpartners.app,3,browser_unresolved
mostbetpartners.bet,3,browser_unresolved
mostbetpartners.biz,3,browser_unresolved
mostbetpartners.click,3,browser_unresolved
mostbetpartners.pro,3,browser_unresolved
mostbetpartners.ws,3,browser_unresolved
mostbetph.online,3,browser_unresolved
mostbetph.ru,3,browser_unresolved
mostbetpk10.com,3,browser_unresolved
mostbetpk11.com,3,browser_unresolved
mostbetpk3.com,3,browser_unresolved
mostbetpl1.pl,3,browser_unresolved
mostbetplay.net,3,browser_unresolved
mostbetpn.online,3,browser_unresolved
mostbetpn.ru,3,browser_unresolved
mostbetpolska.net,3,browser_unresolved
mostbetpromo.com,3,browser_unresolved
mostbetqu.online,3,browser_unresolved
mostbetqu.ru,3,browser_unresolved
mostbetreferral.com,3,browser_unresolved
mostbetrt.online,3,browser_unresolved
mostbetrt.ru,3,browser_unresolved
mostbets-casino.com.pl,3,browser_unresolved
mostbets1.com,3,browser_unresolved
mostbets777.com,3,browser_unresolved
mostbetscasino.mx,3,browser_unresolved
mostbetsg.ru,3,browser_unresolved
mostbetslot.net,3,browser_unresolved
mostbetspl.com,3,browser_unresolved
mostbetsq.ru,3,browser_unresolved
mostbetsz.online,3,browser_unresolved
mostbetsz.ru,3,browser_unresolved
mostbett-bd.com,3,browser_unresolved
mostbettanzania.com,3,browser_unresolved
mostbettc.online,3,browser_unresolved
mostbettc.ru,3,browser_unresolved
mostbettcz.com,3,browser_unresolved
mostbetth.online,3,browser_unresolved
mostbetth.ru,3,browser_unresolved
mostbettips.com,3,browser_unresolved
mostbettj.com,3,browser_unresolved
mostbettj1.com,3,browser_unresolved
mostbettj2.com,3,browser_unresolved
mostbetturkiye1.com,3,browser_unresolved
mostbettw.online,3,browser_unresolved
mostbettw.ru,3,browser_unresolved
mostbettz.com,3,browser_unresolved
mostbetuc.online,3,browser_unresolved
mostbetuc.ru,3,browser_unresolved
mostbetud.online,3,browser_unresolved
mostbetuf.online,3,browser_unresolved
mostbetuf.ru,3,browser_unresolved
mostbetur1.com,3,browser_unresolved
mostbetur8.com,3,browser_unresolved
mostbetus.ru,3,browser_unresolved
mostbetuy.online,3,browser_unresolved
mostbetuy.ru,3,browser_unresolved
mostbetuz-aviator.com,3,browser_unresolved
mostbetuz-com.com,3,browser_unresolved
mostbetuz.org,3,browser_unresolved
mostbetuzbets.com,3,browser_unresolved
mostbetuzbn.buzz,3,browser_unresolved
mostbetvn.online,3,browser_unresolved
mostbetvn.ru,3,browser_unresolved
mostbetvq.online,3,browser_unresolved
mostbetvq.ru,3,browser_unresolved
mostbetwagering.com,3,browser_unresolved
mostbetwin.in,3,browser_unresolved
mostbetwj.online,3,browser_unresolved
mostbetwj.ru,3,browser_unresolved
mostbetxg.online,3,browser_unresolved
mostbetxg.ru,3,browser_unresolved
mostbetxo.ru,3,browser_unresolved
mostbetxq.online,3,browser_unresolved
mostbetxq.ru,3,browser_unresolved
mostbetxr.online,3,browser_unresolved
mostbetxr.ru,3,browser_unresolved
mostbety10.top,3,browser_unresolved
mostbetyi.online,3,browser_unresolved
mostbetyi.ru,3,browser_unresolved
mostbetyw.online,3,browser_unresolved
mostbetyw.ru,3,browser_unresolved
mostbetzd.online,3,browser_unresolved
mostbetzd.ru,3,browser_unresolved
mostbetzerkalo.com,3,browser_unresolved
mostbetzh.online,3,browser_unresolved
mostbetzh.ru,3,browser_unresolved
mostbetzl.online,3,browser_unresolved
mostbetzl.ru,3,browser_unresolved
mostbetzm.online,3,browser_unresolved
mostbetzm.ru,3,browser_unresolved
mostbetzo.online,3,browser_unresolved
mostbetzo.ru,3,browser_unresolved
mostbetzt.online,3,browser_unresolved
mostbetzt.ru,3,browser_unresolved
mostbpk.com,3,browser_unresolved
mostsweetie.com,3,browser_unresolved
mqbinoimb.com,3,browser_unresolved
mqfsadmost.com,3,browser_unresolved
mtvwyrmb.com,3,browser_unresolved
mx-mostbet.com,3,browser_unresolved
mxmostbet.com,3,browser_unresolved
mykmokmb.com,3,browser_unresolved
navodefilm.cz,3,browser_unresolved
nbyacwmost.com,3,browser_unresolved
ndobprmb.com,3,browser_unresolved
necofchrist.org,3,browser_unresolved
neugebauermx.cz,3,browser_unresolved
newalphaco.com,3,browser_unresolved
ng-mostbet.com,3,browser_unresolved
nidhicompanyregister.in,3,browser_unresolved
njqovlmb.com,3,browser_unresolved
nlvyvxmb.com,3,browser_unresolved
nooebimb.com,3,browser_unresolved
nrcusqmost.com,3,browser_unresolved
nsglounge.pics,3,browser_unresolved
ntcdl0i.com,3,browser_unresolved
nvyavzdlmb.com,3,browser_unresolved
nwoerrmb.com,3,browser_unresolved
nxvotomb.com,3,browser_unresolved
o1e69crhvdmst.com,3,browser_unresolved
o2wzzfvmb.com,3,browser_unresolved
o4wlaxzmb.com,3,browser_unresolved
oaeoejmb.com,3,browser_unresolved
obxxofmb.com,3,browser_unresolved
ocalausa.com,3,browser_unresolved
oddspedia.com,3,browser_unresolved
oemyyodmb.com,3,browser_unresolved
ohbpgemb.com,3,browser_unresolved
oldtennentchurch.org,3,browser_unresolved
ololbzmb.com,3,browser_unresolved
omhroi.org,3,browser_unresolved
oneidamusic.com,3,browser_unresolved
onlinemostbetazcasino.com,3,browser_unresolved
onlinemostbetazerbaycan.com,3,browser_unresolved
opmostbet.net,3,browser_unresolved
opporizon.com,3,browser_unresolved
otteraquatics.com,3,browser_unresolved
our2rfrxmb.com,3,browser_unresolved
ovrgftmb.com,3,browser_unresolved
owvxanmb.com,3,browser_unresolved
ozgurlukcudemokrasi.com,3,browser_unresolved
p1h0qtkmb.com,3,browser_unresolved
pa-partners.org,3,browser_unresolved
partnerdesign.pl,3,browser_unresolved
paularpie.com,3,browser_unresolved
pdgekhmost.com,3,browser_unresolved
peklocertovka.cz,3,browser_unresolved
petwnamost.com,3,browser_unresolved
pfgikrmost.com,3,browser_unresolved
ph-mostbet.com,3,browser_unresolved
pizzamariano.pl,3,browser_unresolved
placecjv.pics,3,browser_unresolved
pnvzqzmb.com,3,browser_unresolved
pnwfpqmb.com,3,browser_unresolved
pogonimypis.pl,3,browser_unresolved
poznaj-kobiete.pl,3,browser_unresolved
prace-ve-svete.cz,3,browser_unresolved
primeoob.top,3,browser_unresolved
projekt3v.cz,3,browser_unresolved
promokod-mostbet-pri-registratsii.online,3,browser_unresolved
pureinteractive.pl,3,browser_unresolved
pwgjpslnmb.com,3,browser_unresolved
qgdhodmb.com,3,browser_unresolved
qigsuhmb.com,3,browser_unresolved
qijfi6v6b.com,3,browser_unresolved
qlblbomb.com,3,browser_unresolved
qllzjcmb.com,3,browser_unresolved
qlvltg.com,3,browser_unresolved
quickrbf.pics,3,browser_unresolved
qymbepmb.com,3,browser_unresolved
r2y29fr93lmst.com,3,browser_unresolved
reference57.com,3,browser_unresolved
reforemo.com,3,browser_unresolved
regalimitici.com,3,browser_unresolved
rentacarpd.com,3,browser_unresolved
rfurfgmb.com,3,browser_unresolved
rivqeimb.com,3,browser_unresolved
rjouwemb.com,3,browser_unresolved
rmqcuvnmb.com,3,browser_unresolved
rmzxpomost.com,3,browser_unresolved
roboplast.com.pl,3,browser_unresolved
rolpuvmb.com,3,browser_unresolved
royalgib.pics,3,browser_unresolved
rqjj0mgzmb.com,3,browser_unresolved
rsdusrmb.com,3,browser_unresolved
rsgacfmb.com,3,browser_unresolved
rsrguemb.com,3,browser_unresolved
rsuj-moot.ru,3,browser_unresolved
rubytanwork.com,3,browser_unresolved
rumahkayukso.com,3,browser_unresolved
rzeszowopony.pl,3,browser_unresolved
rzwrvcmost.com,3,browser_unresolved
sakhalin32school.ru,3,browser_unresolved
salimsmb.com,3,browser_unresolved
salonlemonde.cz,3,browser_unresolved
salonroyal.cz,3,browser_unresolved
saquzdmost.com,3,browser_unresolved
sbp7mjmb.com,3,browser_unresolved
schneider-group.cz,3,browser_unresolved
scottsdalemicrobladingstudio.com,3,browser_unresolved
sevvenkucuk.com,3,browser_unresolved
seyrgamost.com,3,browser_unresolved
sffghvmost.com,3,browser_unresolved
silverimage.cz,3,browser_unresolved
skcchampion.pics,3,browser_unresolved
sldesignweek.org,3,browser_unresolved
slots786p0.com,3,browser_unresolved
slotsmostbet-app.com,3,browser_unresolved
slotsmostbet-bd.com,3,browser_unresolved
slotsmostbet-casino.com,3,browser_unresolved
smartnvr.top,3,browser_unresolved
socialgoodguides.com,3,browser_unresolved
solcellerdalarna.net,3,browser_unresolved
solskiprojekt.pl,3,browser_unresolved
sottoterraatthesanctuary.com,3,browser_unresolved
spacebbt.pics,3,browser_unresolved
spindlmaxcard.cz,3,browser_unresolved
sruzudmb.com,3,browser_unresolved
ssoitlmb.com,3,browser_unresolved
step2america.com,3,browser_unresolved
sudhanshuhospital.com,3,browser_unresolved
swaggerofthievesfilm.com,3,browser_unresolved
swdqmzmb.com,3,browser_unresolved
sxnyel.com,3,browser_unresolved
syqpxqmb.com,3,browser_unresolved
taohualuo98.com,3,browser_unresolved
tbgonammb.com,3,browser_unresolved
tccflvmb.com,3,browser_unresolved
technikadiamentowa.net.pl,3,browser_unresolved
tgktoday.top,3,browser_unresolved
thehairco440.com,3,browser_unresolved
timburtonpraha.cz,3,browser_unresolved
tkdqeamb.com,3,browser_unresolved
tqqwqymb.com,3,browser_unresolved
truckaccidentlawyerhenderson.com,3,browser_unresolved
tsjxesmb.com,3,browser_unresolved
tvd101.top,3,browser_unresolved
twfjkpmb.com,3,browser_unresolved
txiv9bemb.com,3,browser_unresolved
txjqhxj4mb.com,3,browser_unresolved
txvwswmb.com,3,browser_unresolved
u3uknxg2mb.com,3,browser_unresolved
ucmylvmost.com,3,browser_unresolved
undv2025vietnam.com,3,browser_unresolved
untitledplatformer.io,3,browser_unresolved
upuogfmost.com,3,browser_unresolved
uracademic.com,3,browser_unresolved
uz-casino-mostbet.com,3,browser_unresolved
uz-mostbet-apk.com,3,browser_unresolved
uz-mostbet-app.com,3,browser_unresolved
uz-mostbet-kirish.com,3,browser_unresolved
uz-mostbet-skachat.com,3,browser_unresolved
uz-mostbetskachat.com,3,browser_unresolved
uzdbhx.com,3,browser_unresolved
uzmostbet-apk.com,3,browser_unresolved
uzmostbet-app.com,3,browser_unresolved
uzmostbet-kirish.com,3,browser_unresolved
uzmostbetskachat.com,3,browser_unresolved
uzoiylmost.com,3,browser_unresolved
uzstars.biz,3,browser_unresolved
uztjghmb.com,3,browser_unresolved
vashclimate.kg,3,browser_unresolved
vg7sejo.com,3,browser_unresolved
vgjojjmb.com,3,browser_unresolved
vgpqmpmb.com,3,browser_unresolved
victorhabbick.com,3,browser_unresolved
vildkbmb.com,3,browser_unresolved
vipkursegitim.com,3,browser_unresolved
vizitkov.cz,3,browser_unresolved
vjtinvmost.com,3,browser_unresolved
vkan86mb.com,3,browser_unresolved
vlxlrlmb.com,3,browser_unresolved
vxci4nu4hsrcmst.com,3,browser_unresolved
waowuvmb.com,3,browser_unresolved
webowiec.pl,3,browser_unresolved
wewrljk.com,3,browser_unresolved
wovzexmb.com,3,browser_unresolved
wrwrtmmb.com,3,browser_unresolved
wryeuqmb.com,3,browser_unresolved
wvqcvlmb.com,3,browser_unresolved
wwixs77hmb.com,3,browser_unresolved
wwpjfpxmb.com,3,browser_unresolved
wxhuppmb.com,3,browser_unresolved
wxkyebmb.com,3,browser_unresolved
x6bc43mb.com,3,browser_unresolved
xatrmkmb.com,3,browser_unresolved
xcolyamb.com,3,browser_unresolved
xhiybsmb.com,3,browser_unresolved
xpwgqsmb.com,3,browser_unresolved
xwfprime.top,3,browser_unresolved
y0gwcbhsmb.com,3,browser_unresolved
yazanyazan.av.tr,3,browser_unresolved
ycctiy.com,3,browser_unresolved
yhkasz.com,3,browser_unresolved
yhseqcmb.com,3,browser_unresolved
ylvugomb.com,3,browser_unresolved
ynoxdcmost.com,3,browser_unresolved
ytiuhdmb.com,3,browser_unresolved
yuzqoqmb.com,3,browser_unresolved
ywjukomost.com,3,browser_unresolved
z1ag2nwqmb.com,3,browser_unresolved
zckfvlmb.com,3,browser_unresolved
zepvxi.com,3,browser_unresolved
zeusvshadesslot777.online,3,browser_unresolved
zgmvpvmb.com,3,browser_unresolved
zhgslkxmb.com,3,browser_unresolved
zlotakraina.com,3,browser_unresolved
zlrsdomb.com,3,browser_unresolved
zonlhhmost.com,3,browser_unresolved
zoomostbet.com,3,browser_unresolved
zqbcbhmost.com,3,browser_unresolved
zrrwzmsmb.com,3,browser_unresolved
12streetalehouse.com,4,rendered_html:1_mostbet_only
1mostbet-br.com,4,rendered_html:1_mostbet_only
1mostbet.in,4,rendered_html:1_mostbet_only
1stusinfantry.org,4,rendered_html:1_mostbet_only
2026-giris.ink,4,rendered_html:1_mostbet_only
2026-polska.ink,4,rendered_html:1_mostbet_only
2026-resmi.ink,4,rendered_html:1_mostbet_only
32east.com,4,rendered_html:1_mostbet_only
420cartsforsale.org,4,rendered_html:1_mostbet_only
abalegalfactcheck.com,4,rendered_html:1_mostbet_only
abigailsloanemusic.com,4,rendered_html:1_mostbet_only
about-mosttbet.ink,4,rendered_html:1_mostbet_only
aboutsrilanka.info,4,rendered_html:1_mostbet_only
abouttrading.pt,4,rendered_html:1_mostbet_only
accpconline.com,4,rendered_html:1_mostbet_only
accs-inventory.com,4,rendered_html:1_mostbet_only
aclarkforsheriff.com,4,rendered_html:1_mostbet_only
adaptivespace.net,4,rendered_html:1_mostbet_only
aelfricedenhoodie.org,4,rendered_html:1_mostbet_only
ai4cc.net,4,rendered_html:1_mostbet_only
aida64pro.ru,4,rendered_html:1_mostbet_only
alanoken.com,4,rendered_html:1_mostbet_only
alaska-solar.com,4,rendered_html:1_mostbet_only
alpha-flow12.top,4,rendered_html:1_mostbet_only
alpha-gravity9.top,4,rendered_html:1_mostbet_only
ameliaislandghosttours.com,4,rendered_html:1_mostbet_only
ammostbet.net,4,rendered_html:1_mostbet_only
amp-16373.top,4,rendered_html:1_mostbet_only
ampgomostbet53.space,4,rendered_html:1_mostbet_only
amplist.top,4,rendered_html:1_mostbet_only
ampmost.pro,4,rendered_html:1_mostbet_only
ampmostaz.live,4,rendered_html:1_mostbet_only
ampmostbet.co,4,rendered_html:1_mostbet_only
angustaylorwriter.com,4,rendered_html:1_mostbet_only
anizoa.net,4,rendered_html:1_mostbet_only
antalyaeniyipsikolog.com,4,rendered_html:1_mostbet_only
antiochwindshieldrepair.com,4,rendered_html:1_mostbet_only
apk-mostbet-official.mobi,4,rendered_html:1_mostbet_only
app-mostbetaz.com,4,rendered_html:1_mostbet_only
armandfbaker.com,4,rendered_html:1_mostbet_only
around-the-world.com,4,rendered_html:1_mostbet_only
arsam.kz,4,rendered_html:1_mostbet_only
asaporlando.com,4,rendered_html:1_mostbet_only
ascensionsbyzoe.com,4,rendered_html:1_mostbet_only
atticrestaurant.com,4,rendered_html:1_mostbet_only
aulavirtualupc.solutions,4,rendered_html:1_mostbet_only
autovision.com.tr,4,rendered_html:1_mostbet_only
aviator-fortuna.top,4,rendered_html:1_mostbet_only
az-most-bet-amp.buzz,4,rendered_html:1_mostbet_only
az-mostbet-az.ink,4,rendered_html:1_mostbet_only
az-mostbet-casino.ink,4,rendered_html:1_mostbet_only
az-mostbet-casino.org,4,rendered_html:1_mostbet_only
az-mostbet.com,4,rendered_html:1_mostbet_only
az-mostbet.eu.com,4,rendered_html:1_mostbet_only
az-mostbet.in.net,4,rendered_html:1_mostbet_only
az-mostbet.info,4,rendered_html:1_mostbet_only
az-mostbet.it.com,4,rendered_html:1_mostbet_only
az-resmi-giris.ink,4,rendered_html:1_mostbet_only
az-yukle.ink,4,rendered_html:1_mostbet_only
az90.net,4,rendered_html:1_mostbet_only
azer-mostbet-casino.ink,4,rendered_html:1_mostbet_only
azer-mostbet.ink,4,rendered_html:1_mostbet_only
azerbaycan-giris.ink,4,rendered_html:1_mostbet_only
azerbaycandamostbet.co.uk,4,rendered_html:1_mostbet_only
azerbaycandamostbet.it.com,4,rendered_html:1_mostbet_only
azermostbet.it.com,4,rendered_html:1_mostbet_only
azerphoto.com,4,rendered_html:1_mostbet_only
azmost.bet,4,rendered_html:1_mostbet_only
azmostazamp.pro,4,rendered_html:1_mostbet_only
azmostbet-kazino.ink,4,rendered_html:1_mostbet_only
azmostbet-kazinotop.xyz,4,rendered_html:1_mostbet_only
azmostbet.co.uk,4,rendered_html:1_mostbet_only
azmostbet.it.com,4,rendered_html:1_mostbet_only
azmostbet.live,4,rendered_html:1_mostbet_only
azmostbet1.com,4,rendered_html:1_mostbet_only
azmostbet2.com,4,rendered_html:1_mostbet_only
azmostbet3.com,4,rendered_html:1_mostbet_only
azmostbet4.com,4,rendered_html:1_mostbet_only
azmostbet5.com,4,rendered_html:1_mostbet_only
azmostbetamp.pro,4,rendered_html:1_mostbet_only
bachelor-band.com,4,rendered_html:1_mostbet_only
barniskin.com,4,rendered_html:1_mostbet_only
bccci-bd.org,4,rendered_html:1_mostbet_only
bd-mostbet2.com,4,rendered_html:1_mostbet_only
bdmostbetbd2online.com,4,rendered_html:1_mostbet_only
bdmostbetonline.com,4,rendered_html:1_mostbet_only
be8player.com,4,rendered_html:1_mostbet_only
beaumeo.com,4,rendered_html:1_mostbet_only
berekethasatmakine.com,4,rendered_html:1_mostbet_only
berniekopell.com,4,rendered_html:1_mostbet_only
berst59.ru,4,rendered_html:1_mostbet_only
best-site26.top,4,rendered_html:1_mostbet_only
bhcw.org,4,rendered_html:1_mostbet_only
bigeasyexpress.com,4,rendered_html:1_mostbet_only
bikescranton.com,4,rendered_html:1_mostbet_only
biletvip.ru,4,rendered_html:1_mostbet_only
bizdeuygun.com,4,rendered_html:1_mostbet_only
bobbradford.com,4,rendered_html:1_mostbet_only
bodybybre.com,4,rendered_html:1_mostbet_only
bonus-games.top,4,rendered_html:1_mostbet_only
boonsboroworship.org,4,rendered_html:1_mostbet_only
bootleggersd.com,4,rendered_html:1_mostbet_only
bradleyboatrentals.com,4,rendered_html:1_mostbet_only
brideboutiquela.com,4,rendered_html:1_mostbet_only
brooklyncountrymusic.com,4,rendered_html:1_mostbet_only
bsanc.org,4,rendered_html:1_mostbet_only
bykatie.pl,4,rendered_html:1_mostbet_only
byrdcentral.com,4,rendered_html:1_mostbet_only
caribbean-nightingale.com,4,rendered_html:1_mostbet_only
carrie-movie.net,4,rendered_html:1_mostbet_only
casino-2026.ink,4,rendered_html:1_mostbet_only
casino-login.ink,4,rendered_html:1_mostbet_only
casino-mostbet-giris.com,4,rendered_html:1_mostbet_only
casino-oyna.ink,4,rendered_html:1_mostbet_only
casino-pl-mostbet.ink,4,rendered_html:1_mostbet_only
casinomostbet-online.ink,4,rendered_html:1_mostbet_only
casinomostbet.com,4,rendered_html:1_mostbet_only
catalinaouyang.com,4,rendered_html:1_mostbet_only
cattlecrazy3d.org,4,rendered_html:1_mostbet_only
cavantownlands.com,4,rendered_html:1_mostbet_only
cbmaterialhandling.com,4,rendered_html:1_mostbet_only
champion-casinot2.xyz,4,rendered_html:1_mostbet_only
changalawinery.com,4,rendered_html:1_mostbet_only
chienino.com,4,rendered_html:1_mostbet_only
chromeheartbracelets.com,4,rendered_html:1_mostbet_only
civilka.ru,4,rendered_html:1_mostbet_only
cleanairlawncaredallas.com,4,rendered_html:1_mostbet_only
clgmotorsgroup.com,4,rendered_html:1_mostbet_only
clinifyhealth.com,4,rendered_html:1_mostbet_only
cnrenerjifuari.com,4,rendered_html:1_mostbet_only
cocukfestivali.com,4,rendered_html:1_mostbet_only
coloradosierraclub.org,4,rendered_html:1_mostbet_only
commissionforafrica.org,4,rendered_html:1_mostbet_only
cornerstonefarmaustin.com,4,rendered_html:1_mostbet_only
covernotion.com,4,rendered_html:1_mostbet_only
crawlspaceblog.com,4,rendered_html:1_mostbet_only
creativeaffairsdc.com,4,rendered_html:1_mostbet_only
crossfitmayfly.com,4,rendered_html:1_mostbet_only
crumbbakeshopjc.com,4,rendered_html:1_mostbet_only
ctownwings.com,4,rendered_html:1_mostbet_only
cuppajoebreckenridge.com,4,rendered_html:1_mostbet_only
cuttinupacademy.com,4,rendered_html:1_mostbet_only
czmostbetonline.com,4,rendered_html:1_mostbet_only
dandelin.io,4,rendered_html:1_mostbet_only
daniel-felsenfeld.com,4,rendered_html:1_mostbet_only
dark-orbit.top,4,rendered_html:1_mostbet_only
decomprespertorroella.com,4,rendered_html:1_mostbet_only
detoxsoberlounge.com,4,rendered_html:1_mostbet_only
dfenceenterprises.com,4,rendered_html:1_mostbet_only
dicedpoke.com,4,rendered_html:1_mostbet_only
digico.global,4,rendered_html:1_mostbet_only
dinay.com.tr,4,rendered_html:1_mostbet_only
doarortodox.com,4,rendered_html:1_mostbet_only
dominionvalleypark.net,4,rendered_html:1_mostbet_only
donations4abortion.com,4,rendered_html:1_mostbet_only
donpotreb.ru,4,rendered_html:1_mostbet_only
downanddirtygardening.com,4,rendered_html:1_mostbet_only
downloadertwitter.com,4,rendered_html:1_mostbet_only
drdroid.hu,4,rendered_html:1_mostbet_only
dxracer-shop.ru,4,rendered_html:1_mostbet_only
dynamicefi.com,4,rendered_html:1_mostbet_only
easternhighschooldc.org,4,rendered_html:1_mostbet_only
easternshoreretreats.com,4,rendered_html:1_mostbet_only
eboyfixpix.com,4,rendered_html:1_mostbet_only
ecolefair.org,4,rendered_html:1_mostbet_only
ecolinedecking.kz,4,rendered_html:1_mostbet_only
egustos.net,4,rendered_html:1_mostbet_only
elementfestival.info,4,rendered_html:1_mostbet_only
emgrosland.com,4,rendered_html:1_mostbet_only
endustrimagazin.com.tr,4,rendered_html:1_mostbet_only
ephemeral-echo.top,4,rendered_html:1_mostbet_only
epidemium.cc,4,rendered_html:1_mostbet_only
equilibriarte.net,4,rendered_html:1_mostbet_only
essenceofdubrovnik.com,4,rendered_html:1_mostbet_only
estellascrooge.com,4,rendered_html:1_mostbet_only
extravirginrestaurant.com,4,rendered_html:1_mostbet_only
fabulouspakistan.com,4,rendered_html:1_mostbet_only
facilis.immo,4,rendered_html:1_mostbet_only
falconart.ru,4,rendered_html:1_mostbet_only
fashionsurgery.ru,4,rendered_html:1_mostbet_only
fatbeecafe.com,4,rendered_html:1_mostbet_only
fatmattsribshack.com,4,rendered_html:1_mostbet_only
fbhc2025.com,4,rendered_html:1_mostbet_only
fbiolbull.org,4,rendered_html:1_mostbet_only
fernley95aspeedway.com,4,rendered_html:1_mostbet_only
foodshot.org,4,rendered_html:1_mostbet_only
freewpzelephants.org,4,rendered_html:1_mostbet_only
frenchfestival.com,4,rendered_html:1_mostbet_only
fun2026amp.top,4,rendered_html:1_mostbet_only
games-online-play24.vip,4,rendered_html:1_mostbet_only
games-play-online101.ink,4,rendered_html:1_mostbet_only
garabaghotel.com,4,rendered_html:1_mostbet_only
gearboxnumber1.com,4,rendered_html:1_mostbet_only
gearheadcyclehouse.com,4,rendered_html:1_mostbet_only
gefira.pl,4,rendered_html:1_mostbet_only
georgiamountainlife.com,4,rendered_html:1_mostbet_only
getspigot.org,4,rendered_html:1_mostbet_only
giacomojacks.com,4,rendered_html:1_mostbet_only
ginjan.cz,4,rendered_html:1_mostbet_only
giris-2026-az.ink,4,rendered_html:1_mostbet_only
giris-2026-resmi.ink,4,rendered_html:1_mostbet_only
giris-2026.ink,4,rendered_html:1_mostbet_only
giris-az-2026.ink,4,rendered_html:1_mostbet_only
giris-guncel-trl.online,4,rendered_html:1_mostbet_only
giris-mostbet-resmi.ink,4,rendered_html:1_mostbet_only
giris-mostbet.ink,4,rendered_html:1_mostbet_only
giris-resmi-2026.ink,4,rendered_html:1_mostbet_only
giris-resmi-kazino.ink,4,rendered_html:1_mostbet_only
giris-resmi-mostbet.ink,4,rendered_html:1_mostbet_only
giris-resmi-online.ink,4,rendered_html:1_mostbet_only
giris-resmi-tr.ink,4,rendered_html:1_mostbet_only
giris-resmi.art,4,rendered_html:1_mostbet_only
giris-tr.ink,4,rendered_html:1_mostbet_only
giris-turkey-play.click,4,rendered_html:1_mostbet_only
giris-turkiye.ink,4,rendered_html:1_mostbet_only
giris1.ink,4,rendered_html:1_mostbet_only
giris2026.ink,4,rendered_html:1_mostbet_only
girisi-mostbet-resmi.ink,4,rendered_html:1_mostbet_only
gkbsmp.ru,4,rendered_html:1_mostbet_only
glendaforedmonds.com,4,rendered_html:1_mostbet_only
globalvillagefoundation.net,4,rendered_html:1_mostbet_only
glocksonlineandhandgunshoponline.com,4,rendered_html:1_mostbet_only
golancz.com.pl,4,rendered_html:1_mostbet_only
goldassiagames.com,4,rendered_html:1_mostbet_only
gomostbet3.com,4,rendered_html:1_mostbet_only
goodshepherdhenry.com,4,rendered_html:1_mostbet_only
goztepeliler.com,4,rendered_html:1_mostbet_only
grandcircletrails.com,4,rendered_html:1_mostbet_only
greenandgorgeous.net,4,rendered_html:1_mostbet_only
growingyoungthebook.com,4,rendered_html:1_mostbet_only
guncel-giris-tur.online,4,rendered_html:1_mostbet_only
gursoyotomotivankara.com,4,rendered_html:1_mostbet_only
gutshof-zarrentin.net,4,rendered_html:1_mostbet_only
gymsozluk.com,4,rendered_html:1_mostbet_only
gypsysweethearts.com,4,rendered_html:1_mostbet_only
halfwaytohanamaui.com,4,rendered_html:1_mostbet_only
hara-chairs.com,4,rendered_html:1_mostbet_only
hardtimessundaes.com,4,rendered_html:1_mostbet_only
hazzardcountycr.com,4,rendered_html:1_mostbet_only
hbsongmei.com,4,rendered_html:1_mostbet_only
hdcireland.com,4,rendered_html:1_mostbet_only
heartandstonejewelry.com,4,rendered_html:1_mostbet_only
hinatora.com,4,rendered_html:1_mostbet_only
hitityolu.net,4,rendered_html:1_mostbet_only
hohenlohe-hayden.com,4,rendered_html:1_mostbet_only
holderiecokeaccountable.com,4,rendered_html:1_mostbet_only
holmstaad.ru,4,rendered_html:1_mostbet_only
horizonspeakers.com,4,rendered_html:1_mostbet_only
hoteldejavugalapagos.com,4,rendered_html:1_mostbet_only
how-long-is-a-click.com,4,rendered_html:1_mostbet_only
hrhpunk.com,4,rendered_html:1_mostbet_only
hungary-mostbet.ink,4,rendered_html:1_mostbet_only
ibizafunfactory.com,4,rendered_html:1_mostbet_only
ilnidonj.com,4,rendered_html:1_mostbet_only
ilzeliepa-school.ru,4,rendered_html:1_mostbet_only
image4security.com,4,rendered_html:1_mostbet_only
inamft.org,4,rendered_html:1_mostbet_only
incredibox-mustard.com,4,rendered_html:1_mostbet_only
informk.ru,4,rendered_html:1_mostbet_only
ingush-energo.ru,4,rendered_html:1_mostbet_only
intelec2024.org,4,rendered_html:1_mostbet_only
intelligenthomesmag.com,4,rendered_html:1_mostbet_only
ipraves.com,4,rendered_html:1_mostbet_only
isanybodyusingthisprivatekey.com,4,rendered_html:1_mostbet_only
istegucumuz.com,4,rendered_html:1_mostbet_only
italianvillagepizzapittsburgh.com,4,rendered_html:1_mostbet_only
izmir-haberleri.com,4,rendered_html:1_mostbet_only
jackysbeautyhairsalon.com,4,rendered_html:1_mostbet_only
jadhaogears.com,4,rendered_html:1_mostbet_only
jansenphotoexpeditions.com,4,rendered_html:1_mostbet_only
jas-khazar.org,4,rendered_html:1_mostbet_only
jberaeroclub.com,4,rendered_html:1_mostbet_only
jeanmcewan.com,4,rendered_html:1_mostbet_only
jivdaya.org,4,rendered_html:1_mostbet_only
jlhconstructionanddesign.com,4,rendered_html:1_mostbet_only
joshlajaunie.com,4,rendered_html:1_mostbet_only
joyinnrestaurant.ca,4,rendered_html:1_mostbet_only
junesseniorcatrescue.org,4,rendered_html:1_mostbet_only
kamapark.ru,4,rendered_html:1_mostbet_only
katemobile-s.ru,4,rendered_html:1_mostbet_only
kathrinescandles.com,4,rendered_html:1_mostbet_only
kazakhstan-mostbet-download.com,4,rendered_html:1_mostbet_only
kazakhstan-mostbetdownload.com,4,rendered_html:1_mostbet_only
kazino-az.ink,4,rendered_html:1_mostbet_only
kegworthvillage.com,4,rendered_html:1_mostbet_only
klig.pl,4,rendered_html:1_mostbet_only
klubzixo.pl,4,rendered_html:1_mostbet_only
koonhor.com,4,rendered_html:1_mostbet_only
kornismontaj.com,4,rendered_html:1_mostbet_only
kotschopshop.com,4,rendered_html:1_mostbet_only
krsutduts.ru,4,rendered_html:1_mostbet_only
kz-mostbet-casino.com,4,rendered_html:1_mostbet_only
kz-mostbet-online2026.com,4,rendered_html:1_mostbet_only
kz-mostbetdownload.com,4,rendered_html:1_mostbet_only
kzmostbetdownload.com,4,rendered_html:1_mostbet_only
lakedallasroofingtx.com,4,rendered_html:1_mostbet_only
lakeshoremarathon.com,4,rendered_html:1_mostbet_only
lapenshow.com,4,rendered_html:1_mostbet_only
lasallecountysheriff.com,4,rendered_html:1_mostbet_only
laylarestaurantsm.com,4,rendered_html:1_mostbet_only
ledpanel.kz,4,rendered_html:1_mostbet_only
leiacruise.com,4,rendered_html:1_mostbet_only
leicesterdrivein.net,4,rendered_html:1_mostbet_only
leydominical.net,4,rendered_html:1_mostbet_only
libgadu.net,4,rendered_html:1_mostbet_only
lindamodernthai.com,4,rendered_html:1_mostbet_only
littlebigharvest.com,4,rendered_html:1_mostbet_only
lkpt.ru,4,rendered_html:1_mostbet_only
login-mostbet-uz.com,4,rendered_html:1_mostbet_only
logosquotes.org,4,rendered_html:1_mostbet_only
logowanie.ink,4,rendered_html:1_mostbet_only
lol-hungary.hu,4,rendered_html:1_mostbet_only
lorettanyhan.com,4,rendered_html:1_mostbet_only
lorifriendhairstudio.com,4,rendered_html:1_mostbet_only
lossilva.com,4,rendered_html:1_mostbet_only
lsgc.org,4,rendered_html:1_mostbet_only
lushflowerboutique.com,4,rendered_html:1_mostbet_only
luvisanat.com,4,rendered_html:1_mostbet_only
m-t-f-amp.top,4,rendered_html:1_mostbet_only
m0stbet.buzz,4,rendered_html:1_mostbet_only
madron.org,4,rendered_html:1_mostbet_only
magaspart.hu,4,rendered_html:1_mostbet_only
magnumopuswines.com,4,rendered_html:1_mostbet_only
maksimumhaber33.com,4,rendered_html:1_mostbet_only
mariposaorganicfarm.com,4,rendered_html:1_mostbet_only
martinbuchanan.com,4,rendered_html:1_mostbet_only
matrixoto.com,4,rendered_html:1_mostbet_only
mbc-agent.com,4,rendered_html:1_mostbet_only
mblsite.top,4,rendered_html:1_mostbet_only
medicamask.pl,4,rendered_html:1_mostbet_only
midwestdevpartners.com,4,rendered_html:1_mostbet_only
mmostbet.ink,4,rendered_html:1_mostbet_only
mob-578595.top,4,rendered_html:1_mostbet_only
mob179-amp.top,4,rendered_html:1_mostbet_only
mobile-rinodskv2.top,4,rendered_html:1_mostbet_only
mobilemtmos.top,4,rendered_html:1_mostbet_only
mobileversionm.top,4,rendered_html:1_mostbet_only
mobilst.top,4,rendered_html:1_mostbet_only
montanashoplisboa.com,4,rendered_html:1_mostbet_only
mosbet-az.info,4,rendered_html:1_mostbet_only
mosbet-az.org,4,rendered_html:1_mostbet_only
mosbet-aze.com,4,rendered_html:1_mostbet_only
mosbet-azer.com,4,rendered_html:1_mostbet_only
mosbet-azerbaycan.com,4,rendered_html:1_mostbet_only
mosbet-azn.com,4,rendered_html:1_mostbet_only
mosbet-bahis.com,4,rendered_html:1_mostbet_only
mosbet-bets.com,4,rendered_html:1_mostbet_only
mosbet-bonus.com,4,rendered_html:1_mostbet_only
mosbet-cash.com,4,rendered_html:1_mostbet_only
mosbet-casino.net,4,rendered_html:1_mostbet_only
mosbet-club.com,4,rendered_html:1_mostbet_only
mosbet-free.com,4,rendered_html:1_mostbet_only
mosbet-freespins.com,4,rendered_html:1_mostbet_only
mosbet-games.com,4,rendered_html:1_mostbet_only
mosbet-oyun.com,4,rendered_html:1_mostbet_only
mosbet-oyunu.com,4,rendered_html:1_mostbet_only
mosbet-website.com,4,rendered_html:1_mostbet_only
mosbet-yukle.net,4,rendered_html:1_mostbet_only
mosbet.biz,4,rendered_html:1_mostbet_only
mosbet.pl,4,rendered_html:1_mostbet_only
mosbetaz.com,4,rendered_html:1_mostbet_only
mosbetskachat.bet,4,rendered_html:1_mostbet_only
mosbetskachat.com,4,rendered_html:1_mostbet_only
mosbetskachat.pro,4,rendered_html:1_mostbet_only
mosbetskachat.run,4,rendered_html:1_mostbet_only
moslbet.ink,4,rendered_html:1_mostbet_only
mosstbet-bet.fit,4,rendered_html:1_mostbet_only
most--bet.ink,4,rendered_html:1_mostbet_only
most-az-amp.buzz,4,rendered_html:1_mostbet_only
most-best-bet.fit,4,rendered_html:1_mostbet_only
most-bet-bahis.com,4,rendered_html:1_mostbet_only
most-bet-pl.net.pl,4,rendered_html:1_mostbet_only
most-bet.com.kz,4,rendered_html:1_mostbet_only
most-bet.net.pl,4,rendered_html:1_mostbet_only
most-bet.org.kz,4,rendered_html:1_mostbet_only
most-bet.org.pk,4,rendered_html:1_mostbet_only
most-bet.sa.com,4,rendered_html:1_mostbet_only
most-bet1.ink,4,rendered_html:1_mostbet_only
most-bets.kz,4,rendered_html:1_mostbet_only
most-mur.top,4,rendered_html:1_mostbet_only
most-murinoamp.top,4,rendered_html:1_mostbet_only
most-soh.top,4,rendered_html:1_mostbet_only
most1.bet,4,rendered_html:1_mostbet_only
most2026bet.ink,4,rendered_html:1_mostbet_only
mostamp.art,4,rendered_html:1_mostbet_only
mostamp.buzz,4,rendered_html:1_mostbet_only
mostamp.digital,4,rendered_html:1_mostbet_only
mostamp.live,4,rendered_html:1_mostbet_only
mostazamp.digital,4,rendered_html:1_mostbet_only
mostazamp.live,4,rendered_html:1_mostbet_only
mostb-amp.site,4,rendered_html:1_mostbet_only
mostb-mob.site,4,rendered_html:1_mostbet_only
mostbbet.click,4,rendered_html:1_mostbet_only
mostbbet.ink,4,rendered_html:1_mostbet_only
mostbet--az.ink,4,rendered_html:1_mostbet_only
mostbet--az1.ink,4,rendered_html:1_mostbet_only
mostbet--az2.ink,4,rendered_html:1_mostbet_only
mostbet--az7.ink,4,rendered_html:1_mostbet_only
mostbet--az777.ink,4,rendered_html:1_mostbet_only
mostbet--casin.click,4,rendered_html:1_mostbet_only
mostbet--online.click,4,rendered_html:1_mostbet_only
mostbet-1234.top,4,rendered_html:1_mostbet_only
mostbet-2026-az.it.com,4,rendered_html:1_mostbet_only
mostbet-2026-giris.ink,4,rendered_html:1_mostbet_only
mostbet-2026-hungary.ink,4,rendered_html:1_mostbet_only
mostbet-2026-play.ink,4,rendered_html:1_mostbet_only
mostbet-2026-polska.ink,4,rendered_html:1_mostbet_only
mostbet-2026-tr.ink,4,rendered_html:1_mostbet_only
mostbet-2026-tr.it.com,4,rendered_html:1_mostbet_only
mostbet-2026-uz.in.net,4,rendered_html:1_mostbet_only
mostbet-2026-uz.ink,4,rendered_html:1_mostbet_only
mostbet-2026-uz.it.com,4,rendered_html:1_mostbet_only
mostbet-2026.it.com,4,rendered_html:1_mostbet_only
mostbet-2026az.live,4,rendered_html:1_mostbet_only
mostbet-2026az.xyz,4,rendered_html:1_mostbet_only
mostbet-2026kazino.ink,4,rendered_html:1_mostbet_only
mostbet-2026kazino.vip,4,rendered_html:1_mostbet_only
mostbet-24.com.kz,4,rendered_html:1_mostbet_only
mostbet-24.kz,4,rendered_html:1_mostbet_only
mostbet-26.live,4,rendered_html:1_mostbet_only
mostbet-26tr.top,4,rendered_html:1_mostbet_only
mostbet-2o26.art,4,rendered_html:1_mostbet_only
mostbet-30freespins.com,4,rendered_html:1_mostbet_only
mostbet-314.com,4,rendered_html:1_mostbet_only
mostbet-access.com,4,rendered_html:1_mostbet_only
mostbet-agent.com,4,rendered_html:1_mostbet_only
mostbet-amp-24.site,4,rendered_html:1_mostbet_only
mostbet-amp-25.site,4,rendered_html:1_mostbet_only
mostbet-amp-28.site,4,rendered_html:1_mostbet_only
mostbet-amp-29.site,4,rendered_html:1_mostbet_only
mostbet-amp.co,4,rendered_html:1_mostbet_only
mostbet-apk.com.kz,4,rendered_html:1_mostbet_only
mostbet-apk.kz,4,rendered_html:1_mostbet_only
mostbet-apk.org,4,rendered_html:1_mostbet_only
mostbet-apk.run,4,rendered_html:1_mostbet_only
mostbet-apk.world,4,rendered_html:1_mostbet_only
mostbet-apkonline.com,4,rendered_html:1_mostbet_only
mostbet-aplikacja.ink,4,rendered_html:1_mostbet_only
mostbet-aplikacja.pl,4,rendered_html:1_mostbet_only
mostbet-aplikacjapl.com,4,rendered_html:1_mostbet_only
mostbet-app-download.pk,4,rendered_html:1_mostbet_only
mostbet-app.com.in,4,rendered_html:1_mostbet_only
mostbet-app.eu.com,4,rendered_html:1_mostbet_only
mostbet-app.in.net,4,rendered_html:1_mostbet_only
mostbet-appbangladesh.com,4,rendered_html:1_mostbet_only
mostbet-apps.org,4,rendered_html:1_mostbet_only
mostbet-aviator.ink,4,rendered_html:1_mostbet_only
mostbet-aviator.net,4,rendered_html:1_mostbet_only
mostbet-az-amps.com,4,rendered_html:1_mostbet_only
mostbet-az-az.net,4,rendered_html:1_mostbet_only
mostbet-az-bonus.com,4,rendered_html:1_mostbet_only
mostbet-az-casino-login.com,4,rendered_html:1_mostbet_only
mostbet-az-casino-online.com,4,rendered_html:1_mostbet_only
mostbet-az-casino-oyun.com,4,rendered_html:1_mostbet_only
mostbet-az-giris-casino.com,4,rendered_html:1_mostbet_only
mostbet-az-girisi.ink,4,rendered_html:1_mostbet_only
mostbet-az-kazino-online.com,4,rendered_html:1_mostbet_only
mostbet-az-kazino2026.live,4,rendered_html:1_mostbet_only
mostbet-az-kazino2026.space,4,rendered_html:1_mostbet_only
mostbet-az-login-oyun.com,4,rendered_html:1_mostbet_only
mostbet-az-mostbet.ink,4,rendered_html:1_mostbet_only
mostbet-az-online-casino.com,4,rendered_html:1_mostbet_only
mostbet-az-online-kazino.com,4,rendered_html:1_mostbet_only
mostbet-az-online-qeydiyyat.com,4,rendered_html:1_mostbet_only
mostbet-az-oyun-giris.com,4,rendered_html:1_mostbet_only
mostbet-az-platform.site,4,rendered_html:1_mostbet_only
mostbet-az-resmi-giris.ink,4,rendered_html:1_mostbet_only
mostbet-az-resmi1.ink,4,rendered_html:1_mostbet_only
mostbet-az-resmi777.ink,4,rendered_html:1_mostbet_only
mostbet-az-site.site,4,rendered_html:1_mostbet_only
mostbet-az-top.ink,4,rendered_html:1_mostbet_only
mostbet-az-top1.ink,4,rendered_html:1_mostbet_only
mostbet-az-top777.ink,4,rendered_html:1_mostbet_only
mostbet-az-yukle.it.com,4,rendered_html:1_mostbet_only
mostbet-az-yukle.site,4,rendered_html:1_mostbet_only
mostbet-az.download,4,rendered_html:1_mostbet_only
mostbet-az.fun,4,rendered_html:1_mostbet_only
mostbet-az.help,4,rendered_html:1_mostbet_only
mostbet-az.pro,4,rendered_html:1_mostbet_only
mostbet-az90-yukle.net,4,rendered_html:1_mostbet_only
mostbet-az90.app,4,rendered_html:1_mostbet_only
mostbet-az90.pro,4,rendered_html:1_mostbet_only
mostbet-aze-login.com,4,rendered_html:1_mostbet_only
mostbet-aze-online.com,4,rendered_html:1_mostbet_only
mostbet-aze-portal.site,4,rendered_html:1_mostbet_only
mostbet-aze-top.com,4,rendered_html:1_mostbet_only
mostbet-aze.mex.com,4,rendered_html:1_mostbet_only
mostbet-aze45.top,4,rendered_html:1_mostbet_only
mostbet-azer1.ink,4,rendered_html:1_mostbet_only
mostbet-azer2.ink,4,rendered_html:1_mostbet_only
mostbet-azer3.ink,4,rendered_html:1_mostbet_only
mostbet-azerbaycan-az.site,4,rendered_html:1_mostbet_only
mostbet-azerbaycan-casino-login.com,4,rendered_html:1_mostbet_only
mostbet-azerbaycan-casino-qeydiyyat.com,4,rendered_html:1_mostbet_only
mostbet-azerbaycan-kazino.com,4,rendered_html:1_mostbet_only
mostbet-azerbaycan-login.com,4,rendered_html:1_mostbet_only
mostbet-azerbaycan-online-casino.com,4,rendered_html:1_mostbet_only
mostbet-azerbaycan-online-giris.com,4,rendered_html:1_mostbet_only
mostbet-azerbaycan-online-oyun.com,4,rendered_html:1_mostbet_only
mostbet-azerbaycan-oyun-casino.com,4,rendered_html:1_mostbet_only
mostbet-azerbaycan-oyun-online.com,4,rendered_html:1_mostbet_only
mostbet-azerbaycan-qeydiyyat.com,4,rendered_html:1_mostbet_only
mostbet-azerbaycan.ink,4,rendered_html:1_mostbet_only
mostbet-azerbaycanda.co.uk,4,rendered_html:1_mostbet_only
mostbet-bd-apk-download.com,4,rendered_html:1_mostbet_only
mostbet-bd-online-login.com,4,rendered_html:1_mostbet_only
mostbet-bd-win.com,4,rendered_html:1_mostbet_only
mostbet-bdonline.com,4,rendered_html:1_mostbet_only
mostbet-best-az.ink,4,rendered_html:1_mostbet_only
mostbet-best-azer.ink,4,rendered_html:1_mostbet_only
mostbet-best.ink,4,rendered_html:1_mostbet_only
mostbet-bet-az1.ink,4,rendered_html:1_mostbet_only
mostbet-bet-az2.ink,4,rendered_html:1_mostbet_only
mostbet-bet-az777.ink,4,rendered_html:1_mostbet_only
mostbet-bet-uz.com,4,rendered_html:1_mostbet_only
mostbet-bet.art,4,rendered_html:1_mostbet_only
mostbet-bet.ink,4,rendered_html:1_mostbet_only
mostbet-bet.run,4,rendered_html:1_mostbet_only
mostbet-beting.com,4,rendered_html:1_mostbet_only
mostbet-bj.org,4,rendered_html:1_mostbet_only
mostbet-blackfriday.com,4,rendered_html:1_mostbet_only
mostbet-bonus-uz.com,4,rendered_html:1_mostbet_only
mostbet-bonus.ink,4,rendered_html:1_mostbet_only
mostbet-bonusbezdepozytu.com,4,rendered_html:1_mostbet_only
mostbet-cash.com,4,rendered_html:1_mostbet_only
mostbet-casino-25.live,4,rendered_html:1_mostbet_only
mostbet-casino-bahis.com,4,rendered_html:1_mostbet_only
mostbet-casino-er0.ru,4,rendered_html:1_mostbet_only
mostbet-casino-games.site,4,rendered_html:1_mostbet_only
mostbet-casino-ghw1.online,4,rendered_html:1_mostbet_only
mostbet-casino-giris.fun,4,rendered_html:1_mostbet_only
mostbet-casino-giris.pro,4,rendered_html:1_mostbet_only
mostbet-casino-girisi.ink,4,rendered_html:1_mostbet_only
mostbet-casino-hhs1.ru,4,rendered_html:1_mostbet_only
mostbet-casino-live.com,4,rendered_html:1_mostbet_only
mostbet-casino-online.pl,4,rendered_html:1_mostbet_only
mostbet-casino-pg1.ru,4,rendered_html:1_mostbet_only
mostbet-casino-pl.us.com,4,rendered_html:1_mostbet_only
mostbet-casino-play.ink,4,rendered_html:1_mostbet_only
mostbet-casino-polska.ink,4,rendered_html:1_mostbet_only
mostbet-casino-qvr2.ru,4,rendered_html:1_mostbet_only
mostbet-casino-slot.com,4,rendered_html:1_mostbet_only
mostbet-casino-slots.com,4,rendered_html:1_mostbet_only
mostbet-casino-tr.ink,4,rendered_html:1_mostbet_only
mostbet-casino-turkiye-71.com,4,rendered_html:1_mostbet_only
mostbet-casino-turkiye.net,4,rendered_html:1_mostbet_only
mostbet-casino-website.com,4,rendered_html:1_mostbet_only
mostbet-casino-world.com,4,rendered_html:1_mostbet_only
mostbet-casino-xs7.ru,4,rendered_html:1_mostbet_only
mostbet-casino.hu.net,4,rendered_html:1_mostbet_only
mostbet-casino.run,4,rendered_html:1_mostbet_only
mostbet-casino.today,4,rendered_html:1_mostbet_only
mostbet-casino.win,4,rendered_html:1_mostbet_only
mostbet-casino1.ink,4,rendered_html:1_mostbet_only
mostbet-casinobet.top,4,rendered_html:1_mostbet_only
mostbet-casinobonus.com,4,rendered_html:1_mostbet_only
mostbet-casinon.vip,4,rendered_html:1_mostbet_only
mostbet-casinos-giris.ink,4,rendered_html:1_mostbet_only
mostbet-casinos1.ink,4,rendered_html:1_mostbet_only
mostbet-cazino.bet,4,rendered_html:1_mostbet_only
mostbet-crash.com,4,rendered_html:1_mostbet_only
mostbet-download.space,4,rendered_html:1_mostbet_only
mostbet-download.website,4,rendered_html:1_mostbet_only
mostbet-downloadkz.com,4,rendered_html:1_mostbet_only
mostbet-free.com,4,rendered_html:1_mostbet_only
mostbet-freespins.com,4,rendered_html:1_mostbet_only
mostbet-gambling.com,4,rendered_html:1_mostbet_only
mostbet-game-casino.com,4,rendered_html:1_mostbet_only
mostbet-game.ink,4,rendered_html:1_mostbet_only
mostbet-games-casino.com,4,rendered_html:1_mostbet_only
mostbet-games.ink,4,rendered_html:1_mostbet_only
mostbet-giris-2026.ink,4,rendered_html:1_mostbet_only
mostbet-giris-apk.com,4,rendered_html:1_mostbet_only
mostbet-giris-casino.fun,4,rendered_html:1_mostbet_only
mostbet-giris-guncel-47.com,4,rendered_html:1_mostbet_only
mostbet-giris-guncell.vip,4,rendered_html:1_mostbet_only
mostbet-giris-kazino.ink,4,rendered_html:1_mostbet_only
mostbet-giris-mosbet.com,4,rendered_html:1_mostbet_only
mostbet-giris-online.org,4,rendered_html:1_mostbet_only
mostbet-giris-onlinee.in.net,4,rendered_html:1_mostbet_only
mostbet-giris-play.ink,4,rendered_html:1_mostbet_only
mostbet-giris-resmii.ink,4,rendered_html:1_mostbet_only
mostbet-giris-tr.ink,4,rendered_html:1_mostbet_only
mostbet-giris-tr1.ink,4,rendered_html:1_mostbet_only
mostbet-giris-tr2.ink,4,rendered_html:1_mostbet_only
mostbet-giris-turkey.com,4,rendered_html:1_mostbet_only
mostbet-giris-turkiye.ink,4,rendered_html:1_mostbet_only
mostbet-giris-turkiye.vip,4,rendered_html:1_mostbet_only
mostbet-giris.fyi,4,rendered_html:1_mostbet_only
mostbet-giris.mex.com,4,rendered_html:1_mostbet_only
mostbet-giris.sbs,4,rendered_html:1_mostbet_only
mostbet-giris.site,4,rendered_html:1_mostbet_only
mostbet-giris.tech,4,rendered_html:1_mostbet_only
mostbet-giris2026.ink,4,rendered_html:1_mostbet_only
mostbet-giris24.ink,4,rendered_html:1_mostbet_only
mostbet-giris26.org,4,rendered_html:1_mostbet_only
mostbet-girisi-casino.ink,4,rendered_html:1_mostbet_only
mostbet-girisi-casinos.ink,4,rendered_html:1_mostbet_only
mostbet-girisi-resmi.ink,4,rendered_html:1_mostbet_only
mostbet-girisi-tr.ink,4,rendered_html:1_mostbet_only
mostbet-girisi.ink,4,rendered_html:1_mostbet_only
mostbet-giriss.mex.com,4,rendered_html:1_mostbet_only
mostbet-giristr.ink,4,rendered_html:1_mostbet_only
mostbet-giristr.top,4,rendered_html:1_mostbet_only
mostbet-go-bet.ink,4,rendered_html:1_mostbet_only
mostbet-go-casino.ink,4,rendered_html:1_mostbet_only
mostbet-go.ink,4,rendered_html:1_mostbet_only
mostbet-graj-online.pl,4,rendered_html:1_mostbet_only
mostbet-graj-stawki.pl,4,rendered_html:1_mostbet_only
mostbet-guncel-giris.ink,4,rendered_html:1_mostbet_only
mostbet-guncel-giris.net,4,rendered_html:1_mostbet_only
mostbet-guncel-giriss.vip,4,rendered_html:1_mostbet_only
mostbet-guncel-online-59.com,4,rendered_html:1_mostbet_only
mostbet-guncelgiris.top,4,rendered_html:1_mostbet_only
mostbet-hu-2026.ink,4,rendered_html:1_mostbet_only
mostbet-hu-hungary.ink,4,rendered_html:1_mostbet_only
mostbet-hungary-2026.ink,4,rendered_html:1_mostbet_only
mostbet-india.eu.com,4,rendered_html:1_mostbet_only
mostbet-indir-android.com,4,rendered_html:1_mostbet_only
mostbet-indir-apk.net,4,rendered_html:1_mostbet_only
mostbet-indir-azerbaycan.org,4,rendered_html:1_mostbet_only
mostbet-indir.az,4,rendered_html:1_mostbet_only
mostbet-inr.net,4,rendered_html:1_mostbet_only
mostbet-kasyna.com.pl,4,rendered_html:1_mostbet_only
mostbet-kasyno-login.pl,4,rendered_html:1_mostbet_only
mostbet-kasyno-online.pl,4,rendered_html:1_mostbet_only
mostbet-kasyno-pl.ink,4,rendered_html:1_mostbet_only
mostbet-kasyno.ink,4,rendered_html:1_mostbet_only
mostbet-kasyno.xyz,4,rendered_html:1_mostbet_only
mostbet-kasynos.com.pl,4,rendered_html:1_mostbet_only
mostbet-kazakhstan-download.com,4,rendered_html:1_mostbet_only
mostbet-kazakhstan-online.com,4,rendered_html:1_mostbet_only
mostbet-kazino-2026.ink,4,rendered_html:1_mostbet_only
mostbet-kazino-oynay.com,4,rendered_html:1_mostbet_only
mostbet-kazino-uz.net,4,rendered_html:1_mostbet_only
mostbet-kazino.ink,4,rendered_html:1_mostbet_only
mostbet-kazinoaz.fit,4,rendered_html:1_mostbet_only
mostbet-kazinoaz.live,4,rendered_html:1_mostbet_only
mostbet-kazinoaz26.fit,4,rendered_html:1_mostbet_only
mostbet-kg-app.com,4,rendered_html:1_mostbet_only
mostbet-kz-apk.com,4,rendered_html:1_mostbet_only
mostbet-kz-casino.net,4,rendered_html:1_mostbet_only
mostbet-kz-game.com,4,rendered_html:1_mostbet_only
mostbet-kz-games.com,4,rendered_html:1_mostbet_only
mostbet-kz-online2026.com,4,rendered_html:1_mostbet_only
mostbet-kz-slot.com,4,rendered_html:1_mostbet_only
mostbet-kz2026.com,4,rendered_html:1_mostbet_only
mostbet-kzonline.com,4,rendered_html:1_mostbet_only
mostbet-line.com,4,rendered_html:1_mostbet_only
mostbet-login-2026.ink,4,rendered_html:1_mostbet_only
mostbet-login-casino.ink,4,rendered_html:1_mostbet_only
mostbet-login-pl.ink,4,rendered_html:1_mostbet_only
mostbet-login-pl.pl,4,rendered_html:1_mostbet_only
mostbet-login.global,4,rendered_html:1_mostbet_only
mostbet-login.today,4,rendered_html:1_mostbet_only
mostbet-login1.ink,4,rendered_html:1_mostbet_only
mostbet-logowanie-pl.ink,4,rendered_html:1_mostbet_only
mostbet-logowanie-polska.ink,4,rendered_html:1_mostbet_only
mostbet-logowanie.art,4,rendered_html:1_mostbet_only
mostbet-megawin.com,4,rendered_html:1_mostbet_only
mostbet-mercler.com,4,rendered_html:1_mostbet_only
mostbet-mobile.app,4,rendered_html:1_mostbet_only
mostbet-mosbett.vip,4,rendered_html:1_mostbet_only
mostbet-most-bet-az.live,4,rendered_html:1_mostbet_only
mostbet-most-bett.vip,4,rendered_html:1_mostbet_only
mostbet-mostbet.live,4,rendered_html:1_mostbet_only
mostbet-mostbet.vip,4,rendered_html:1_mostbet_only
mostbet-mot-bet-az.ink,4,rendered_html:1_mostbet_only
mostbet-mur-amp.top,4,rendered_html:1_mostbet_only
mostbet-new-2026.ink,4,rendered_html:1_mostbet_only
mostbet-new.com,4,rendered_html:1_mostbet_only
mostbet-new.ink,4,rendered_html:1_mostbet_only
mostbet-official-giris.ink,4,rendered_html:1_mostbet_only
mostbet-official-resmi.ink,4,rendered_html:1_mostbet_only
mostbet-official.az,4,rendered_html:1_mostbet_only
mostbet-official.bet,4,rendered_html:1_mostbet_only
mostbet-official.run,4,rendered_html:1_mostbet_only
mostbet-oficjaln-logowanie.ink,4,rendered_html:1_mostbet_only
mostbet-oficjalna-strona.pl,4,rendered_html:1_mostbet_only
mostbet-online-apk.com,4,rendered_html:1_mostbet_only
mostbet-online-bd.com,4,rendered_html:1_mostbet_only
mostbet-online-casino-82.com,4,rendered_html:1_mostbet_only
mostbet-online-casino.pl,4,rendered_html:1_mostbet_only
mostbet-online-games.com,4,rendered_html:1_mostbet_only
mostbet-online-kasyno.pl,4,rendered_html:1_mostbet_only
mostbet-online-kazakhstan.com,4,rendered_html:1_mostbet_only
mostbet-online-kazino.com,4,rendered_html:1_mostbet_only
mostbet-online-pl.pl,4,rendered_html:1_mostbet_only
mostbet-online-pl1.ink,4,rendered_html:1_mostbet_only
mostbet-online-slot.com,4,rendered_html:1_mostbet_only
mostbet-online-slots.com,4,rendered_html:1_mostbet_only
mostbet-online.co,4,rendered_html:1_mostbet_only
mostbet-online.com,4,rendered_html:1_mostbet_only
mostbet-online.com.mx,4,rendered_html:1_mostbet_only
mostbet-online.in.net,4,rendered_html:1_mostbet_only
mostbet-online.ink,4,rendered_html:1_mostbet_only
mostbet-online2026.com,4,rendered_html:1_mostbet_only
mostbet-onlineapk.com,4,rendered_html:1_mostbet_only
mostbet-onlinebd.com,4,rendered_html:1_mostbet_only
mostbet-onlinecz.com,4,rendered_html:1_mostbet_only
mostbet-onlinee.mex.com,4,rendered_html:1_mostbet_only
mostbet-onlinekazakhstan.com,4,rendered_html:1_mostbet_only
mostbet-onlinetr.com,4,rendered_html:1_mostbet_only
mostbet-opinie.pl,4,rendered_html:1_mostbet_only
mostbet-oyuny.com,4,rendered_html:1_mostbet_only
mostbet-ozb.com,4,rendered_html:1_mostbet_only
mostbet-pakistan.com.pk,4,rendered_html:1_mostbet_only
mostbet-pl-2026.ink,4,rendered_html:1_mostbet_only
mostbet-pl-gra.ink,4,rendered_html:1_mostbet_only
mostbet-pl-grac.ink,4,rendered_html:1_mostbet_only
mostbet-pl-kasyno.pl,4,rendered_html:1_mostbet_only
mostbet-pl-logowanie.ink,4,rendered_html:1_mostbet_only
mostbet-pl-pl.ink,4,rendered_html:1_mostbet_only
mostbet-pl-pl.net.pl,4,rendered_html:1_mostbet_only
mostbet-pl-polska.ink,4,rendered_html:1_mostbet_only
mostbet-pl.art,4,rendered_html:1_mostbet_only
mostbet-pl.org.pl,4,rendered_html:1_mostbet_only
mostbet-pl1.click,4,rendered_html:1_mostbet_only
mostbet-pl1.ink,4,rendered_html:1_mostbet_only
mostbet-play-2026.ink,4,rendered_html:1_mostbet_only
mostbet-play-uz.ink,4,rendered_html:1_mostbet_only
mostbet-play.in.net,4,rendered_html:1_mostbet_only
mostbet-play.kz,4,rendered_html:1_mostbet_only
mostbet-poland.fit,4,rendered_html:1_mostbet_only
mostbet-poland.ink,4,rendered_html:1_mostbet_only
mostbet-polska-2026.ink,4,rendered_html:1_mostbet_only
mostbet-polska-2026.it.com,4,rendered_html:1_mostbet_only
mostbet-polska-casino.it.com,4,rendered_html:1_mostbet_only
mostbet-polska-gra.ink,4,rendered_html:1_mostbet_only
mostbet-polska-logowanie.ink,4,rendered_html:1_mostbet_only
mostbet-polska-pl.ink,4,rendered_html:1_mostbet_only
mostbet-polska.art,4,rendered_html:1_mostbet_only
mostbet-polska.blog,4,rendered_html:1_mostbet_only
mostbet-polska.eu,4,rendered_html:1_mostbet_only
mostbet-polska.in.net,4,rendered_html:1_mostbet_only
mostbet-polska.net.pl,4,rendered_html:1_mostbet_only
mostbet-polska.vip,4,rendered_html:1_mostbet_only
mostbet-polska1.ink,4,rendered_html:1_mostbet_only
mostbet-polskaa.ink,4,rendered_html:1_mostbet_only
mostbet-profit.com,4,rendered_html:1_mostbet_only
mostbet-promocodefreespin.com,4,rendered_html:1_mostbet_only
mostbet-pt.art,4,rendered_html:1_mostbet_only
mostbet-pt.ink,4,rendered_html:1_mostbet_only
mostbet-rejestracja.ink,4,rendered_html:1_mostbet_only
mostbet-resmi-2026.ink,4,rendered_html:1_mostbet_only
mostbet-resmi-casino.ink,4,rendered_html:1_mostbet_only
mostbet-resmi-club.vip,4,rendered_html:1_mostbet_only
mostbet-resmi-giiris.ink,4,rendered_html:1_mostbet_only
mostbet-resmi-giriis.ink,4,rendered_html:1_mostbet_only
mostbet-resmi-giriis24.ink,4,rendered_html:1_mostbet_only
mostbet-resmi-giris.com,4,rendered_html:1_mostbet_only
mostbet-resmi-giris.in.net,4,rendered_html:1_mostbet_only
mostbet-resmi-giris1.ink,4,rendered_html:1_mostbet_only
mostbet-resmi-giris2.ink,4,rendered_html:1_mostbet_only
mostbet-resmi-giris2026.ink,4,rendered_html:1_mostbet_only
mostbet-resmi-giris3.ink,4,rendered_html:1_mostbet_only
mostbet-resmi-giris4.ink,4,rendered_html:1_mostbet_only
mostbet-resmi-giris5.ink,4,rendered_html:1_mostbet_only
mostbet-resmi-giris6.ink,4,rendered_html:1_mostbet_only
mostbet-resmi-giris7.ink,4,rendered_html:1_mostbet_only
mostbet-resmi-giris8.ink,4,rendered_html:1_mostbet_only
mostbet-resmi-girisi.ink,4,rendered_html:1_mostbet_only
mostbet-resmi-kazino.ink,4,rendered_html:1_mostbet_only
mostbet-resmi-tr.ink,4,rendered_html:1_mostbet_only
mostbet-resmi26.vip,4,rendered_html:1_mostbet_only
mostbet-resmii-giris.ink,4,rendered_html:1_mostbet_only
mostbet-resmii-tr.ink,4,rendered_html:1_mostbet_only
mostbet-resnni-giris.ink,4,rendered_html:1_mostbet_only
mostbet-ressmi-giris.ink,4,rendered_html:1_mostbet_only
mostbet-rich.com,4,rendered_html:1_mostbet_only
mostbet-rus.us.com,4,rendered_html:1_mostbet_only
mostbet-site.pro,4,rendered_html:1_mostbet_only
mostbet-skachat-besplatno.com,4,rendered_html:1_mostbet_only
mostbet-skachat.org,4,rendered_html:1_mostbet_only
mostbet-slot.ink,4,rendered_html:1_mostbet_only
mostbet-stawki-graj.pl,4,rendered_html:1_mostbet_only
mostbet-store.com,4,rendered_html:1_mostbet_only
mostbet-top.ink,4,rendered_html:1_mostbet_only
mostbet-top.live,4,rendered_html:1_mostbet_only
mostbet-top.pl,4,rendered_html:1_mostbet_only
mostbet-tr-2026.ink,4,rendered_html:1_mostbet_only
mostbet-tr-giris.ink,4,rendered_html:1_mostbet_only
mostbet-tr-girisi.ink,4,rendered_html:1_mostbet_only
mostbet-tr-official.ink,4,rendered_html:1_mostbet_only
mostbet-tr-resmi.ink,4,rendered_html:1_mostbet_only
mostbet-tr.in.net,4,rendered_html:1_mostbet_only
mostbet-turkiye-27.com,4,rendered_html:1_mostbet_only
mostbet-turkiye-27.net,4,rendered_html:1_mostbet_only
mostbet-turkiye-download.com,4,rendered_html:1_mostbet_only
mostbet-turkiye-giris-36.com,4,rendered_html:1_mostbet_only
mostbet-turkiye-giris.ink,4,rendered_html:1_mostbet_only
mostbet-turkiye-giris.net,4,rendered_html:1_mostbet_only
mostbet-turkiye-giris.vip,4,rendered_html:1_mostbet_only
mostbet-turkiye-girisi.ink,4,rendered_html:1_mostbet_only
mostbet-turkiye-giriss.ink,4,rendered_html:1_mostbet_only
mostbet-turkiye-mosbet.com,4,rendered_html:1_mostbet_only
mostbet-turkiye-online.com,4,rendered_html:1_mostbet_only
mostbet-turkiye.ink,4,rendered_html:1_mostbet_only
mostbet-turkiye.mex.com,4,rendered_html:1_mostbet_only
mostbet-turkiyegiris.net,4,rendered_html:1_mostbet_only
mostbet-turks.com,4,rendered_html:1_mostbet_only
mostbet-uz-2026.ink,4,rendered_html:1_mostbet_only
mostbet-uz-apk.net,4,rendered_html:1_mostbet_only
mostbet-uz-bet.ink,4,rendered_html:1_mostbet_only
mostbet-uz-bonus.com,4,rendered_html:1_mostbet_only
mostbet-uz-rasmiy.com,4,rendered_html:1_mostbet_only
mostbet-uzb-online.com,4,rendered_html:1_mostbet_only
mostbet-uzn-casino.com,4,rendered_html:1_mostbet_only
mostbet-uzn.com,4,rendered_html:1_mostbet_only
mostbet-victory.com,4,rendered_html:1_mostbet_only
mostbet-website.com,4,rendered_html:1_mostbet_only
mostbet-win-tr.ink,4,rendered_html:1_mostbet_only
mostbet-win.ink,4,rendered_html:1_mostbet_only
mostbet-winner.com,4,rendered_html:1_mostbet_only
mostbet-world-casino.com,4,rendered_html:1_mostbet_only
mostbet-world-game.com,4,rendered_html:1_mostbet_only
mostbet-world-games.com,4,rendered_html:1_mostbet_only
mostbet-yeni-azerbaycan.ink,4,rendered_html:1_mostbet_only
mostbet-yeni-giris.ink,4,rendered_html:1_mostbet_only
mostbet-yukle-az.fun,4,rendered_html:1_mostbet_only
mostbet-yukle-azerbaycan.org,4,rendered_html:1_mostbet_only
mostbet-yukle.art,4,rendered_html:1_mostbet_only
mostbet-zerkalo.bet,4,rendered_html:1_mostbet_only
mostbet-zerkalo.run,4,rendered_html:1_mostbet_only
mostbet-zerkalo.top,4,rendered_html:1_mostbet_only
mostbet-zerkalo.world,4,rendered_html:1_mostbet_only
mostbet.cam,4,rendered_html:1_mostbet_only
mostbet.cm,4,rendered_html:1_mostbet_only
mostbet.com,4,rendered_html:1_mostbet_only
mostbet.com.pt,4,rendered_html:1_mostbet_only
mostbet.coupons,4,rendered_html:1_mostbet_only
mostbet.date,4,rendered_html:1_mostbet_only
mostbet.directory,4,rendered_html:1_mostbet_only
mostbet.edu.bi,4,rendered_html:1_mostbet_only
mostbet.email,4,rendered_html:1_mostbet_only
mostbet.love,4,rendered_html:1_mostbet_only
mostbet.mobi,4,rendered_html:1_mostbet_only
mostbet.monster,4,rendered_html:1_mostbet_only
mostbet.party,4,rendered_html:1_mostbet_only
mostbet.pk,4,rendered_html:1_mostbet_only
mostbet.run,4,rendered_html:1_mostbet_only
mostbet.waw.pl,4,rendered_html:1_mostbet_only
mostbet.xin,4,rendered_html:1_mostbet_only
mostbet1.click,4,rendered_html:1_mostbet_only
mostbet1.ink,4,rendered_html:1_mostbet_only
mostbet101.com,4,rendered_html:1_mostbet_only
mostbet2.bet,4,rendered_html:1_mostbet_only
mostbet2.click,4,rendered_html:1_mostbet_only
mostbet2.ink,4,rendered_html:1_mostbet_only
mostbet2.life,4,rendered_html:1_mostbet_only
mostbet2026-tr.ink,4,rendered_html:1_mostbet_only
mostbet2026.ink,4,rendered_html:1_mostbet_only
mostbet2026.live,4,rendered_html:1_mostbet_only
mostbet2026kz.com,4,rendered_html:1_mostbet_only
mostbet24-casino.com.kz,4,rendered_html:1_mostbet_only
mostbet24-casino.kz,4,rendered_html:1_mostbet_only
mostbet24.com,4,rendered_html:1_mostbet_only
mostbet24.com.kz,4,rendered_html:1_mostbet_only
mostbet24.kz,4,rendered_html:1_mostbet_only
mostbet24casino.com.kz,4,rendered_html:1_mostbet_only
mostbet24casino.kz,4,rendered_html:1_mostbet_only
mostbet24cazino.com.kz,4,rendered_html:1_mostbet_only
mostbet24cazino.kz,4,rendered_html:1_mostbet_only
mostbet26.top,4,rendered_html:1_mostbet_only
mostbet26az.live,4,rendered_html:1_mostbet_only
mostbet27.com,4,rendered_html:1_mostbet_only
mostbet27.net,4,rendered_html:1_mostbet_only
mostbet2o26.site,4,rendered_html:1_mostbet_only
mostbet3.ink,4,rendered_html:1_mostbet_only
mostbet3.pk,4,rendered_html:1_mostbet_only
mostbet30freespins.com,4,rendered_html:1_mostbet_only
mostbet314.net,4,rendered_html:1_mostbet_only
mostbet45912.help,4,rendered_html:1_mostbet_only
mostbet5.ink,4,rendered_html:1_mostbet_only
mostbet6.bet,4,rendered_html:1_mostbet_only
mostbet67.ink,4,rendered_html:1_mostbet_only
mostbet89.top,4,rendered_html:1_mostbet_only
mostbet90.top,4,rendered_html:1_mostbet_only
mostbet94063.help,4,rendered_html:1_mostbet_only
mostbetamp45.site,4,rendered_html:1_mostbet_only
mostbetapk-download.com,4,rendered_html:1_mostbet_only
mostbetapkcz.com,4,rendered_html:1_mostbet_only
mostbetapkdownloadbd.com,4,rendered_html:1_mostbet_only
mostbetapkdownloadtr.com,4,rendered_html:1_mostbet_only
mostbetapkpl.com,4,rendered_html:1_mostbet_only
mostbetapkskachat.com,4,rendered_html:1_mostbet_only
mostbetapkuz.com,4,rendered_html:1_mostbet_only
mostbetaplikace.com,4,rendered_html:1_mostbet_only
mostbetapp-download.com,4,rendered_html:1_mostbet_only
mostbetapp-in.com,4,rendered_html:1_mostbet_only
mostbetappbangladesh.com,4,rendered_html:1_mostbet_only
mostbetappbangladeshonline.com,4,rendered_html:1_mostbet_only
mostbetappbdonline.com,4,rendered_html:1_mostbet_only
mostbetappcz.com,4,rendered_html:1_mostbet_only
mostbetappinstall.com,4,rendered_html:1_mostbet_only
mostbetappkz.com,4,rendered_html:1_mostbet_only
mostbetapppl.com,4,rendered_html:1_mostbet_only
mostbetapptr.com,4,rendered_html:1_mostbet_only
mostbetaviatorkz.com,4,rendered_html:1_mostbet_only
mostbetaviatoronline.com,4,rendered_html:1_mostbet_only
mostbetaz-giris.top,4,rendered_html:1_mostbet_only
mostbetaz-giris26.info,4,rendered_html:1_mostbet_only
mostbetaz-mostbet.ink,4,rendered_html:1_mostbet_only
mostbetaz.pro,4,rendered_html:1_mostbet_only
mostbetaz05.com,4,rendered_html:1_mostbet_only
mostbetazerbayjan.live,4,rendered_html:1_mostbet_only
mostbetazerbayjan.news,4,rendered_html:1_mostbet_only
mostbetazeri.com,4,rendered_html:1_mostbet_only
mostbetazgiris.mex.com,4,rendered_html:1_mostbet_only
mostbetbangladeshi.net,4,rendered_html:1_mostbet_only
mostbetbd.it.com,4,rendered_html:1_mostbet_only
mostbetbd2login.com,4,rendered_html:1_mostbet_only
mostbetbd2online.com,4,rendered_html:1_mostbet_only
mostbetbd3-online.com,4,rendered_html:1_mostbet_only
mostbetbd3online.com,4,rendered_html:1_mostbet_only
mostbetbonuslari.ink,4,rendered_html:1_mostbet_only
mostbetbonusuz.com,4,rendered_html:1_mostbet_only
mostbetbr.bet,4,rendered_html:1_mostbet_only
mostbetcasino-login.com,4,rendered_html:1_mostbet_only
mostbetcasino-mx.mx,4,rendered_html:1_mostbet_only
mostbetcasino.bet,4,rendered_html:1_mostbet_only
mostbetcasino.pro,4,rendered_html:1_mostbet_only
mostbetcasino.world,4,rendered_html:1_mostbet_only
mostbetcasinobet.com,4,rendered_html:1_mostbet_only
mostbetcasinobet.run,4,rendered_html:1_mostbet_only
mostbetcasinocz-online.com,4,rendered_html:1_mostbet_only
mostbetcasinoonlinekz.com,4,rendered_html:1_mostbet_only
mostbetcasinoonlinepl.com,4,rendered_html:1_mostbet_only
mostbetcasinopl.pl,4,rendered_html:1_mostbet_only
mostbetcasinoplonline.com,4,rendered_html:1_mostbet_only
mostbetcasinos.vip,4,rendered_html:1_mostbet_only
mostbetcasinoslots.bet,4,rendered_html:1_mostbet_only
mostbetcasinoslots.com,4,rendered_html:1_mostbet_only
mostbetcasinoturkiye.net,4,rendered_html:1_mostbet_only
mostbetcazino.kz,4,rendered_html:1_mostbet_only
mostbetczvip.com,4,rendered_html:1_mostbet_only
mostbetdownloadcz.com,4,rendered_html:1_mostbet_only
mostbetdownloadkz.com,4,rendered_html:1_mostbet_only
mostbetdownloadonline.com,4,rendered_html:1_mostbet_only
mostbetgiris.eu.com,4,rendered_html:1_mostbet_only
mostbetgirisi.cc,4,rendered_html:1_mostbet_only
mostbetgirisonline.com,4,rendered_html:1_mostbet_only
mostbetgiristronline.com,4,rendered_html:1_mostbet_only
mostbetgr.bet,4,rendered_html:1_mostbet_only
mostbetguncel-giris.com,4,rendered_html:1_mostbet_only
mostbetguncelgiris-tr.ink,4,rendered_html:1_mostbet_only
mostbetguncelgiris-turkiye.ink,4,rendered_html:1_mostbet_only
mostbetguncelgiris.ink,4,rendered_html:1_mostbet_only
mostbetguncelgiristr.com,4,rendered_html:1_mostbet_only
mostbetind.bet,4,rendered_html:1_mostbet_only
mostbetindirtr.com,4,rendered_html:1_mostbet_only
mostbetkasino.pro,4,rendered_html:1_mostbet_only
mostbetkasyno.net.pl,4,rendered_html:1_mostbet_only
mostbetkg.com,4,rendered_html:1_mostbet_only
mostbetkirilish.com,4,rendered_html:1_mostbet_only
mostbetkodpromocyjny.com,4,rendered_html:1_mostbet_only
mostbetkodpromocyjnybezdepozytu.com,4,rendered_html:1_mostbet_only
mostbetlivecrazy-time.com,4,rendered_html:1_mostbet_only
mostbetlogincz.com,4,rendered_html:1_mostbet_only
mostbetloginonline.com,4,rendered_html:1_mostbet_only
mostbetlogowanie.com,4,rendered_html:1_mostbet_only
mostbetlogowanie.ink,4,rendered_html:1_mostbet_only
mostbetnp.bet,4,rendered_html:1_mostbet_only
mostbetofficial.pk,4,rendered_html:1_mostbet_only
mostbetofficialwebsite.com,4,rendered_html:1_mostbet_only
mostbetonline-cz.com,4,rendered_html:1_mostbet_only
mostbetonline.com.pk,4,rendered_html:1_mostbet_only
mostbetonline2026.com,4,rendered_html:1_mostbet_only
mostbetonlinecasino.bet,4,rendered_html:1_mostbet_only
mostbetonlinecasino.net,4,rendered_html:1_mostbet_only
mostbetonlinecasino.pro,4,rendered_html:1_mostbet_only
mostbetonlinegaming.com,4,rendered_html:1_mostbet_only
mostbetonlinekazakhstan.com,4,rendered_html:1_mostbet_only
mostbetonlinekz.com,4,rendered_html:1_mostbet_only
mostbetonlinepl.com,4,rendered_html:1_mostbet_only
mostbetonlineuz.org,4,rendered_html:1_mostbet_only
mostbetoynaaz.com,4,rendered_html:1_mostbet_only
mostbetoynaazerbaycan.com,4,rendered_html:1_mostbet_only
mostbetoynamaqaz.com,4,rendered_html:1_mostbet_only
mostbetpartnersuz.com,4,rendered_html:1_mostbet_only
mostbetpl-online.com,4,rendered_html:1_mostbet_only
mostbetpl.ink,4,rendered_html:1_mostbet_only
mostbetplay-az.com,4,rendered_html:1_mostbet_only
mostbetplonline.com,4,rendered_html:1_mostbet_only
mostbetpltop.com,4,rendered_html:1_mostbet_only
mostbetpolak.com,4,rendered_html:1_mostbet_only
mostbetpoland.art,4,rendered_html:1_mostbet_only
mostbetpolska.com,4,rendered_html:1_mostbet_only
mostbetpolska.ink,4,rendered_html:1_mostbet_only
mostbetpolskaonline.com,4,rendered_html:1_mostbet_only
mostbetportugal.biz,4,rendered_html:1_mostbet_only
mostbetprihlaseni.com,4,rendered_html:1_mostbet_only
mostbetpromocodefreespin.com,4,rendered_html:1_mostbet_only
mostbetregisterbd.com,4,rendered_html:1_mostbet_only
mostbetregistrationcz.com,4,rendered_html:1_mostbet_only
mostbetregistrationkz.com,4,rendered_html:1_mostbet_only
mostbets-hungary.ink,4,rendered_html:1_mostbet_only
mostbets-login.com,4,rendered_html:1_mostbet_only
mostbets-uz.online,4,rendered_html:1_mostbet_only
mostbets.asia,4,rendered_html:1_mostbet_only
mostbets.kz,4,rendered_html:1_mostbet_only
mostbets1.ink,4,rendered_html:1_mostbet_only
mostbets26.top,4,rendered_html:1_mostbet_only
mostbetscasino.org,4,rendered_html:1_mostbet_only
mostbetshop.ai,4,rendered_html:1_mostbet_only
mostbetshop.com,4,rendered_html:1_mostbet_only
mostbetsite.biz,4,rendered_html:1_mostbet_only
mostbetsite.run,4,rendered_html:1_mostbet_only
mostbetsite.world,4,rendered_html:1_mostbet_only
mostbetsitesi2.com,4,rendered_html:1_mostbet_only
mostbetspolska.net,4,rendered_html:1_mostbet_only
mostbetsss.net.pl,4,rendered_html:1_mostbet_only
mostbetsuz.com,4,rendered_html:1_mostbet_only
mostbett-az.ink,4,rendered_html:1_mostbet_only
mostbett-az1.ink,4,rendered_html:1_mostbet_only
mostbett-az2.ink,4,rendered_html:1_mostbet_only
mostbett-az3.ink,4,rendered_html:1_mostbet_only
mostbett-az4.ink,4,rendered_html:1_mostbet_only
mostbett-azer.ink,4,rendered_html:1_mostbet_only
mostbett-azer1.ink,4,rendered_html:1_mostbet_only
mostbett-polska.ink,4,rendered_html:1_mostbet_only
mostbett.bet,4,rendered_html:1_mostbet_only
mostbett.ink,4,rendered_html:1_mostbet_only
mostbett.pk,4,rendered_html:1_mostbet_only
mostbett1.ink,4,rendered_html:1_mostbet_only
mostbett1.pk,4,rendered_html:1_mostbet_only
mostbettronline.com,4,rendered_html:1_mostbet_only
mostbetturkiye.ink,4,rendered_html:1_mostbet_only
mostbetuzaviator.com,4,rendered_html:1_mostbet_only
mostbetuzdownload.com,4,rendered_html:1_mostbet_only
mostbetuzskachat.com,4,rendered_html:1_mostbet_only
mostbetvhod.com,4,rendered_html:1_mostbet_only
mostbetzaklady.com,4,rendered_html:1_mostbet_only
mostbetzerkalo.biz,4,rendered_html:1_mostbet_only
mostbetzerkalo.run,4,rendered_html:1_mostbet_only
mostbetzerkalo.world,4,rendered_html:1_mostbet_only
mostin4.top,4,rendered_html:1_mostbet_only
mostsohoamp.top,4,rendered_html:1_mostbet_only
mosttbet.ink,4,rendered_html:1_mostbet_only
mosttbet.live,4,rendered_html:1_mostbet_only
mowstrazacka.com,4,rendered_html:1_mostbet_only
mrsatterly.com,4,rendered_html:1_mostbet_only
mrusamp.top,4,rendered_html:1_mostbet_only
mtf-amphtml.top,4,rendered_html:1_mostbet_only
mtfamp.top,4,rendered_html:1_mostbet_only
mtfmobilesite.top,4,rendered_html:1_mostbet_only
mtfpro-amp.top,4,rendered_html:1_mostbet_only
mtfpro-mob.top,4,rendered_html:1_mostbet_only
mtmos-mob.top,4,rendered_html:1_mostbet_only
mtnsofmusic.com,4,rendered_html:1_mostbet_only
muchoequipaje.com,4,rendered_html:1_mostbet_only
mur-in-amp.top,4,rendered_html:1_mostbet_only
mur-mur-amp.top,4,rendered_html:1_mostbet_only
murino-dskv2.top,4,rendered_html:1_mostbet_only
murinod-amp.top,4,rendered_html:1_mostbet_only
murinodmob.top,4,rendered_html:1_mostbet_only
murmost-amp.top,4,rendered_html:1_mostbet_only
murmur-amp.top,4,rendered_html:1_mostbet_only
mwokajicakery.com,4,rendered_html:1_mostbet_only
mycvmd.com,4,rendered_html:1_mostbet_only
myfatherskitchensf.com,4,rendered_html:1_mostbet_only
mypicturepath.com,4,rendered_html:1_mostbet_only
nacmconference.org,4,rendered_html:1_mostbet_only
nano-defencepro.com,4,rendered_html:1_mostbet_only
netmero.hu,4,rendered_html:1_mostbet_only
newamerica-hyb.com,4,rendered_html:1_mostbet_only
newblogr.com,4,rendered_html:1_mostbet_only
nobullswipe.net,4,rendered_html:1_mostbet_only
novaksbar.com,4,rendered_html:1_mostbet_only
nz4.ru,4,rendered_html:1_mostbet_only
officialdaniaramirez.com,4,rendered_html:1_mostbet_only
okgvv-mc.ru,4,rendered_html:1_mostbet_only
oliveworldco.com,4,rendered_html:1_mostbet_only
onetoyotasupplierdiversity.com,4,rendered_html:1_mostbet_only
online-ent.top,4,rendered_html:1_mostbet_only
online-games-play88.vip,4,rendered_html:1_mostbet_only
online-mostbet-amp.com,4,rendered_html:1_mostbet_only
online-mostbet-bd.com,4,rendered_html:1_mostbet_only
online-mostbet-kazakhstan.com,4,rendered_html:1_mostbet_only
online-mostbetbd.com,4,rendered_html:1_mostbet_only
online-play-games365.ink,4,rendered_html:1_mostbet_only
onlinemostbetbd.com,4,rendered_html:1_mostbet_only
onlinemostbetbd2.com,4,rendered_html:1_mostbet_only
onlinemostbetbd3.com,4,rendered_html:1_mostbet_only
onlinemostbetcasino.com,4,rendered_html:1_mostbet_only
onlinemostbetcz.com,4,rendered_html:1_mostbet_only
onlinemostbetdownload.com,4,rendered_html:1_mostbet_only
onlinemostbetkz.com,4,rendered_html:1_mostbet_only
onlinemostbettr.com,4,rendered_html:1_mostbet_only
ops-barlinek.pl,4,rendered_html:1_mostbet_only
opusmakina.com,4,rendered_html:1_mostbet_only
orderupdesign.com,4,rendered_html:1_mostbet_only
othersapp.com,4,rendered_html:1_mostbet_only
ozguryasam.com.tr,4,rendered_html:1_mostbet_only
pappyjr.com,4,rendered_html:1_mostbet_only
partner-group.kz,4,rendered_html:1_mostbet_only
patch22.biz,4,rendered_html:1_mostbet_only
patisseriechantilly.com,4,rendered_html:1_mostbet_only
peopleforandrewreding.com,4,rendered_html:1_mostbet_only
perrycountycrimestoppers.org,4,rendered_html:1_mostbet_only
pestcontrol-aurora.com,4,rendered_html:1_mostbet_only
pg-slot99.com,4,rendered_html:1_mostbet_only
pharmacynewbritain.com,4,rendered_html:1_mostbet_only
pixel-vortex360.top,4,rendered_html:1_mostbet_only
pl-casino-mostbet.ink,4,rendered_html:1_mostbet_only
pl-mostbet-logowanie-pl.ink,4,rendered_html:1_mostbet_only
pl-mostbet-logowanie.ink,4,rendered_html:1_mostbet_only
pl-mostbet-polska.ink,4,rendered_html:1_mostbet_only
play-games-online777.vip,4,rendered_html:1_mostbet_only
play-tr-031.online,4,rendered_html:1_mostbet_only
plmostbetcasino.com,4,rendered_html:1_mostbet_only
plmostbetonline.com,4,rendered_html:1_mostbet_only
plmostbetpolska.com,4,rendered_html:1_mostbet_only
pocztowydar.org,4,rendered_html:1_mostbet_only
polska-mostbet-2026.ink,4,rendered_html:1_mostbet_only
polska-mostbet-logowanie.ink,4,rendered_html:1_mostbet_only
polska-mostbet-pl.ink,4,rendered_html:1_mostbet_only
polska-mostbet.ink,4,rendered_html:1_mostbet_only
polska-mostbets.ink,4,rendered_html:1_mostbet_only
polskidramat.pl,4,rendered_html:1_mostbet_only
pondokzaid.com,4,rendered_html:1_mostbet_only
pooldeckspalmbeach.com,4,rendered_html:1_mostbet_only
powell-graphics4.com,4,rendered_html:1_mostbet_only
practicalnutritionsolutions.com,4,rendered_html:1_mostbet_only
presolarnet.com,4,rendered_html:1_mostbet_only
prime-games.top,4,rendered_html:1_mostbet_only
productivefitness.com,4,rendered_html:1_mostbet_only
promo-code-cz.ink,4,rendered_html:1_mostbet_only
promo-code.ink,4,rendered_html:1_mostbet_only
przepisnaszycie.pl,4,rendered_html:1_mostbet_only
pukkisielice.pl,4,rendered_html:1_mostbet_only
pureratioscbd.com,4,rendered_html:1_mostbet_only
pydocstyle.org,4,rendered_html:1_mostbet_only
qualityautosalesalaska.com,4,rendered_html:1_mostbet_only
ramsgatemaritimemuseum.org,4,rendered_html:1_mostbet_only
random-charm.com,4,rendered_html:1_mostbet_only
receptnafoto.ru,4,rendered_html:1_mostbet_only
regents-earthscience.com,4,rendered_html:1_mostbet_only
resmi-2026-giris.ink,4,rendered_html:1_mostbet_only
resmi-2026.ink,4,rendered_html:1_mostbet_only
resmi-giris-az1.ink,4,rendered_html:1_mostbet_only
resmi-giris-az2.ink,4,rendered_html:1_mostbet_only
resmi-giris-mostbet.in.net,4,rendered_html:1_mostbet_only
resmi-giris-mostbet.ink,4,rendered_html:1_mostbet_only
resmi-giris-online.ink,4,rendered_html:1_mostbet_only
resmi-giris-tr.ink,4,rendered_html:1_mostbet_only
resmi-giris-win.ink,4,rendered_html:1_mostbet_only
resmi-giris.ink,4,rendered_html:1_mostbet_only
resmi-girisi-mostbet.ink,4,rendered_html:1_mostbet_only
resmi-mostbet-girisi.ink,4,rendered_html:1_mostbet_only
resmi-mostbet.ink,4,rendered_html:1_mostbet_only
resmi-tr.ink,4,rendered_html:1_mostbet_only
retrobowl-college.org,4,rendered_html:1_mostbet_only
rezonanss.com,4,rendered_html:1_mostbet_only
richstevensshow.com,4,rendered_html:1_mostbet_only
romanticallyyoursbookcon.com,4,rendered_html:1_mostbet_only
rostovteplica.ru,4,rendered_html:1_mostbet_only
rt-7.com,4,rendered_html:1_mostbet_only
sagliksanayigelecegi.org,4,rendered_html:1_mostbet_only
saktirising.com,4,rendered_html:1_mostbet_only
salemfamilymed.com,4,rendered_html:1_mostbet_only
sami385.com,4,rendered_html:1_mostbet_only
sandjamfest.com,4,rendered_html:1_mostbet_only
sansabai-korat.com,4,rendered_html:1_mostbet_only
savedemocracyaz.com,4,rendered_html:1_mostbet_only
scyouthaction.org,4,rendered_html:1_mostbet_only
seattlebbqandgrillingschool.com,4,rendered_html:1_mostbet_only
securitytraps.pl,4,rendered_html:1_mostbet_only
sesankizyurdu.com.tr,4,rendered_html:1_mostbet_only
setevoigorod11.ru,4,rendered_html:1_mostbet_only
setevoigorod21.ru,4,rendered_html:1_mostbet_only
setevoigorod23.ru,4,rendered_html:1_mostbet_only
setevoigorod34.ru,4,rendered_html:1_mostbet_only
setevoigorod66.ru,4,rendered_html:1_mostbet_only
setevoigorod74.ru,4,rendered_html:1_mostbet_only
setevoigorod89.ru,4,rendered_html:1_mostbet_only
sifiratikyarismasi.com,4,rendered_html:1_mostbet_only
silazmian.pl,4,rendered_html:1_mostbet_only
simpsonvillepublicworks.org,4,rendered_html:1_mostbet_only
skypizza.org,4,rendered_html:1_mostbet_only
smccloudlaw.com,4,rendered_html:1_mostbet_only
smoothbrainmusic.com,4,rendered_html:1_mostbet_only
soh-amp.top,4,rendered_html:1_mostbet_only
sok-raduga.ru,4,rendered_html:1_mostbet_only
soulspelunker.com,4,rendered_html:1_mostbet_only
sozlik.net,4,rendered_html:1_mostbet_only
spasiboinfo.ru,4,rendered_html:1_mostbet_only
specialneedsutah.org,4,rendered_html:1_mostbet_only
spokanelanguageculture.com,4,rendered_html:1_mostbet_only
sportinazermatt.com,4,rendered_html:1_mostbet_only
sportsbettingstrategy.com.br,4,rendered_html:1_mostbet_only
sposobynachrapanie.pl,4,rendered_html:1_mostbet_only
spp12-log.top,4,rendered_html:1_mostbet_only
sprawniinaczej.pl,4,rendered_html:1_mostbet_only
springfield-carehome.com,4,rendered_html:1_mostbet_only
statementconverter.org,4,rendered_html:1_mostbet_only
stephaniemahanstigliano.com,4,rendered_html:1_mostbet_only
stephaniewindsorlewis.com,4,rendered_html:1_mostbet_only
storetbj.com,4,rendered_html:1_mostbet_only
storycentricworlds.com,4,rendered_html:1_mostbet_only
studiostilesandtotalfitness.com,4,rendered_html:1_mostbet_only
subterranean-pulse.top,4,rendered_html:1_mostbet_only
sutterhomeholidays.com,4,rendered_html:1_mostbet_only
syljohnsonmovie.com,4,rendered_html:1_mostbet_only
tapestrybrewery.net,4,rendered_html:1_mostbet_only
tapestrybrewery.org,4,rendered_html:1_mostbet_only
tenantassured.com,4,rendered_html:1_mostbet_only
the-koi.com,4,rendered_html:1_mostbet_only
thebudgetelectric.com,4,rendered_html:1_mostbet_only
thecoffeeshopatthegreenhouse.com,4,rendered_html:1_mostbet_only
thedawnspot.com,4,rendered_html:1_mostbet_only
thedfta.org,4,rendered_html:1_mostbet_only
thejacksonrose.com,4,rendered_html:1_mostbet_only
thespotdimsumboba.com,4,rendered_html:1_mostbet_only
thestudiotulsa.com,4,rendered_html:1_mostbet_only
topmozaiki.pl,4,rendered_html:1_mostbet_only
toptekkers.com,4,rendered_html:1_mostbet_only
towardsgreenenvironment.org,4,rendered_html:1_mostbet_only
towergrovecreamery.com,4,rendered_html:1_mostbet_only
tr-mostbet.ink,4,rendered_html:1_mostbet_only
trmostbetcasino.com,4,rendered_html:1_mostbet_only
trmostbetonline.com,4,rendered_html:1_mostbet_only
tuberedu.com,4,rendered_html:1_mostbet_only
tucallcenter.com,4,rendered_html:1_mostbet_only
turkey-giris-play.click,4,rendered_html:1_mostbet_only
turkiye-giris.ink,4,rendered_html:1_mostbet_only
turkmenelicephesi.com,4,rendered_html:1_mostbet_only
tvhowl.com,4,rendered_html:1_mostbet_only
uaiscas.com,4,rendered_html:1_mostbet_only
uldshi-3.ru,4,rendered_html:1_mostbet_only
umydlare.cz,4,rendered_html:1_mostbet_only
unazerbaijan.bet,4,rendered_html:1_mostbet_only
unazerbaijan.com,4,rendered_html:1_mostbet_only
unazerbaijan.xyz,4,rendered_html:1_mostbet_only
underdawgnationnonprofit.com,4,rendered_html:1_mostbet_only
univ-kyushu.com,4,rendered_html:1_mostbet_only
upwardfarms.com,4,rendered_html:1_mostbet_only
urbanedmixtape.com,4,rendered_html:1_mostbet_only
usdfregion6.org,4,rendered_html:1_mostbet_only
uwexcellence.org,4,rendered_html:1_mostbet_only
uz-mostbet1.com,4,rendered_html:1_mostbet_only
uzmostbet.online,4,rendered_html:1_mostbet_only
vankayak.org,4,rendered_html:1_mostbet_only
vhod-online.top,4,rendered_html:1_mostbet_only
vignette-pollution.net,4,rendered_html:1_mostbet_only
villaristherapeutics.com,4,rendered_html:1_mostbet_only
vitrocsa-fenetre-minimale.com,4,rendered_html:1_mostbet_only
volendamsvocaalensemble-mostbet.in.net,4,rendered_html:1_mostbet_only
volendamsvocaalensemble.com,4,rendered_html:1_mostbet_only
volendamsvocaalensemble.ink,4,rendered_html:1_mostbet_only
warringhof.com,4,rendered_html:1_mostbet_only
wazamba-app-gr.com,4,rendered_html:1_mostbet_only
wdssii.org,4,rendered_html:1_mostbet_only
wedirectmusicvideos.com,4,rendered_html:1_mostbet_only
wendyverse.com,4,rendered_html:1_mostbet_only
whitebirchvineyards.com,4,rendered_html:1_mostbet_only
wholemelt-extracts.com,4,rendered_html:1_mostbet_only
winteracter.com,4,rendered_html:1_mostbet_only
witnesskingtides.org,4,rendered_html:1_mostbet_only
womenintech-forum.com,4,rendered_html:1_mostbet_only
workstarmanpower.com,4,rendered_html:1_mostbet_only
worldonwheelspeoria.com,4,rendered_html:1_mostbet_only
xeber24.media,4,rendered_html:1_mostbet_only
xn-----7kcchihb2ada6ctjpeejfaol2qj.xn--p1ai,4,rendered_html:1_mostbet_only
xn----ptbgcd.xn--p1ai,4,rendered_html:1_mostbet_only
xn--54-6kca2a9ai8an7b.xn--p1ai,4,rendered_html:1_mostbet_only
xn--b1aepenedp0a2f.xn--p1ai,4,rendered_html:1_mostbet_only
xotly.com,4,rendered_html:1_mostbet_only
yakimawinerun.com,4,rendered_html:1_mostbet_only
yaziyorum.org,4,rendered_html:1_mostbet_only
yenierbaagazetesi.com,4,rendered_html:1_mostbet_only
zerkalo-amp26.top,4,rendered_html:1_mostbet_only
zu5ekgh.net,4,rendered_html:1_mostbet_only
1-support.ru,4,rendered_html:2_no_ads
100dni.cz,4,rendered_html:2_no_ads
1anelan.com,4,rendered_html:2_no_ads
1mostbet-1m.xyz,4,rendered_html:2_no_ads
1mostbet-official-uz.com,4,rendered_html:2_no_ads
1mostbetcz.com,4,rendered_html:2_no_ads
1mostbetuz.com,4,rendered_html:2_no_ads
2-mostbet.com,4,rendered_html:2_no_ads
2-wradio.cz,4,rendered_html:2_no_ads
365hiphop.cz,4,rendered_html:2_no_ads
4kkarta.cz,4,rendered_html:2_no_ads
5-mostbet.com,4,rendered_html:2_no_ads
5an.kz,4,rendered_html:2_no_ads
7starbet.com,4,rendered_html:2_no_ads
7starbet.org,4,rendered_html:2_no_ads
a-kludi.cz,4,rendered_html:2_no_ads
aaapotapeni.cz,4,rendered_html:2_no_ads
abaq.kz,4,rendered_html:2_no_ads
abc-hracky.cz,4,rendered_html:2_no_ads
abckatalog.cz,4,rendered_html:2_no_ads
ac-masaze.cz,4,rendered_html:2_no_ads
adchem2021.org,4,rendered_html:2_no_ads
adelevkinech.cz,4,rendered_html:2_no_ads
aeroklubbenesov.cz,4,rendered_html:2_no_ads
af-truhlarstvi.cz,4,rendered_html:2_no_ads
affiliate-mbp.com,4,rendered_html:2_no_ads
agenturaci6.cz,4,rendered_html:2_no_ads
agrobazardvorce.cz,4,rendered_html:2_no_ads
ainso.cz,4,rendered_html:2_no_ads
akademikacentre.ru,4,rendered_html:2_no_ads
akbperm.ru,4,rendered_html:2_no_ads
akcerevolution.cz,4,rendered_html:2_no_ads
akmola-madeniet.kz,4,rendered_html:2_no_ads
akskalova.cz,4,rendered_html:2_no_ads
aktivnirodicovstvi.cz,4,rendered_html:2_no_ads
albatros-gostinitsa.ru,4,rendered_html:2_no_ads
alkar.cz,4,rendered_html:2_no_ads
allgatesrepairfortworth.com,4,rendered_html:2_no_ads
almostbet.xyz,4,rendered_html:2_no_ads
almostbets.xyz,4,rendered_html:2_no_ads
almostbetterthannothingband.com,4,rendered_html:2_no_ads
almostbetterthansex.ca,4,rendered_html:2_no_ads
almostbetterthansexfoods.ca,4,rendered_html:2_no_ads
almostbetterthansilence.com,4,rendered_html:2_no_ads
alohadesign.eu,4,rendered_html:2_no_ads
alqofashop.com,4,rendered_html:2_no_ads
altstrah.ru,4,rendered_html:2_no_ads
amiciincucina.cz,4,rendered_html:2_no_ads
amkoprague.cz,4,rendered_html:2_no_ads
amp-mostbet-site1.xyz,4,rendered_html:2_no_ads
amp-mostbet-site2.xyz,4,rendered_html:2_no_ads
amp-mostbet-site3.xyz,4,rendered_html:2_no_ads
anagenex.com,4,rendered_html:2_no_ads
andromedafinance.cz,4,rendered_html:2_no_ads
animpact.eu,4,rendered_html:2_no_ads
ansambl-ds.cz,4,rendered_html:2_no_ads
antikoncepcejinak.cz,4,rendered_html:2_no_ads
antinovinky.cz,4,rendered_html:2_no_ads
antiradary-forum.com,4,rendered_html:2_no_ads
apartmanovydumsvetnov.cz,4,rendered_html:2_no_ads
apartmanumostu.cz,4,rendered_html:2_no_ads
apnacoupon.in,4,rendered_html:2_no_ads
app-most-bet-casino.ru,4,rendered_html:2_no_ads
appandukan.co.in,4,rendered_html:2_no_ads
apromix.hu,4,rendered_html:2_no_ads
aqf.cz,4,rendered_html:2_no_ads
aqua-clean.cz,4,rendered_html:2_no_ads
aquaeden.cz,4,rendered_html:2_no_ads
ardonliberec.cz,4,rendered_html:2_no_ads
arealerzet.cz,4,rendered_html:2_no_ads
arestraining.cz,4,rendered_html:2_no_ads
areverenceforroses.com,4,rendered_html:2_no_ads
argentina-mostbet.com,4,rendered_html:2_no_ads
argos-spb.ru,4,rendered_html:2_no_ads
art-t.kz,4,rendered_html:2_no_ads
artglassparad.hu,4,rendered_html:2_no_ads
artofdaily.com,4,rendered_html:2_no_ads
artofthebrick.hu,4,rendered_html:2_no_ads
artventura.hu,4,rendered_html:2_no_ads
asklepionkamyk.cz,4,rendered_html:2_no_ads
asrr.cz,4,rendered_html:2_no_ads
astralaser.pl,4,rendered_html:2_no_ads
atomy-rus.ru,4,rendered_html:2_no_ads
audio-videoshop.cz,4,rendered_html:2_no_ads
aukro-aukce-cz.cz,4,rendered_html:2_no_ads
autobodyshopnearby.com,4,rendered_html:2_no_ads
autocentrum-oliwka.pl,4,rendered_html:2_no_ads
autocentrumkotlarka.cz,4,rendered_html:2_no_ads
autolmgroup.cz,4,rendered_html:2_no_ads
autonalato.pl,4,rendered_html:2_no_ads
autoroku2018.cz,4,rendered_html:2_no_ads
autoskolajitka.cz,4,rendered_html:2_no_ads
aviansolar.org,4,rendered_html:2_no_ads
aviator-bets.net,4,rendered_html:2_no_ads
aviator-india.live,4,rendered_html:2_no_ads
aviatorgroupintl.com,4,rendered_html:2_no_ads
aviatoroynaa.com,4,rendered_html:2_no_ads
aviatorpredictor.fun,4,rendered_html:2_no_ads
aviatorpredictorpro.com,4,rendered_html:2_no_ads
avtoreferaty.ru,4,rendered_html:2_no_ads
awans-finanse.pl,4,rendered_html:2_no_ads
ayarnlessraveled.com,4,rendered_html:2_no_ads
az-az-mostbet.com,4,rendered_html:2_no_ads
az-mostbet-aze.com,4,rendered_html:2_no_ads
az-mostbet-azerbaijan.com,4,rendered_html:2_no_ads
az-mostbet.xyz,4,rendered_html:2_no_ads
azmostappka.website,4,rendered_html:2_no_ads
azulox.com,4,rendered_html:2_no_ads
b2cbrana.cz,4,rendered_html:2_no_ads
babu08.com,4,rendered_html:2_no_ads
bajachu.cz,4,rendered_html:2_no_ads
bajiwala247.com,4,rendered_html:2_no_ads
bakerpol.pl,4,rendered_html:2_no_ads
balanceidea.cz,4,rendered_html:2_no_ads
balonywloclawek.pl,4,rendered_html:2_no_ads
balrammahavidyalaya.org,4,rendered_html:2_no_ads
banya-ples.ru,4,rendered_html:2_no_ads
barbarapiotrowska.pl,4,rendered_html:2_no_ads
basaveshwaracollege.org.in,4,rendered_html:2_no_ads
bd-jobscircular.com,4,rendered_html:2_no_ads
bd-mostbet.com,4,rendered_html:2_no_ads
bdmostbet.vip,4,rendered_html:2_no_ads
bdmostbet1.net,4,rendered_html:2_no_ads
beautybystanislawska.pl,4,rendered_html:2_no_ads
bebefoto.cz,4,rendered_html:2_no_ads
bentone-dobrovsky.cz,4,rendered_html:2_no_ads
bestpakistaniwebs.com,4,rendered_html:2_no_ads
beszitop.hu,4,rendered_html:2_no_ads
bet-most-polska.ink,4,rendered_html:2_no_ads
bet-mostbet.click,4,rendered_html:2_no_ads
betmostamp.com,4,rendered_html:2_no_ads
betvibelive.net,4,rendered_html:2_no_ads
bigbasscrash.in,4,rendered_html:2_no_ads
bioart-fp7.eu,4,rendered_html:2_no_ads
bk-mostbet.xyz,4,rendered_html:2_no_ads
bockbisztrobuda.hu,4,rendered_html:2_no_ads
boguraev.kz,4,rendered_html:2_no_ads
bono-mostbet.com,4,rendered_html:2_no_ads
bonusspins.xyz,4,rendered_html:2_no_ads
bosquecolomos.org,4,rendered_html:2_no_ads
bostonspo.com,4,rendered_html:2_no_ads
bpoportal.pl,4,rendered_html:2_no_ads
bprowallet.com,4,rendered_html:2_no_ads
brainwavezone-mostbet.xyz,4,rendered_html:2_no_ads
brasl.ru,4,rendered_html:2_no_ads
brindecommoderacao.com,4,rendered_html:2_no_ads
brkotuning.cz,4,rendered_html:2_no_ads
brsport.ru,4,rendered_html:2_no_ads
budafoktravel.hu,4,rendered_html:2_no_ads
buffalocommercialbank.com,4,rendered_html:2_no_ads
buffaloo.xyz,4,rendered_html:2_no_ads
buildingbrno.cz,4,rendered_html:2_no_ads
bukmeker-mostbet.ru,4,rendered_html:2_no_ads
burning-casino.ru,4,rendered_html:2_no_ads
burning-game.ru,4,rendered_html:2_no_ads
burning-slot.ru,4,rendered_html:2_no_ads
burning-win.ru,4,rendered_html:2_no_ads
burning-wins-777.ru,4,rendered_html:2_no_ads
burning-wins-bet.ru,4,rendered_html:2_no_ads
burning-wins-bigwin.ru,4,rendered_html:2_no_ads
burning-wins-casino.ru,4,rendered_html:2_no_ads
burning-wins-games.ru,4,rendered_html:2_no_ads
burning-wins-official.ru,4,rendered_html:2_no_ads
burning-wins-officiale.ru,4,rendered_html:2_no_ads
burning-wins-play.ru,4,rendered_html:2_no_ads
burning-wins-slot.ru,4,rendered_html:2_no_ads
burning-wins-slots.ru,4,rendered_html:2_no_ads
burning-wins-spin.ru,4,rendered_html:2_no_ads
burning-wins-top.ru,4,rendered_html:2_no_ads
burningwin.ru,4,rendered_html:2_no_ads
bwin-casino-bonuscode.buzz,4,rendered_html:2_no_ads
bwin-casino-enligne.buzz,4,rendered_html:2_no_ads
bytron.site,4,rendered_html:2_no_ads
ca-mostbet.com,4,rendered_html:2_no_ads
cafe-wango.com,4,rendered_html:2_no_ads
calatheagamestudio.org,4,rendered_html:2_no_ads
cambio-deaceitemedellin.com,4,rendered_html:2_no_ads
canada-mostbet.com,4,rendered_html:2_no_ads
capsgallery.ru,4,rendered_html:2_no_ads
casino-by.com,4,rendered_html:2_no_ads
casino-mostbet.de,4,rendered_html:2_no_ads
casinoappindia.com,4,rendered_html:2_no_ads
casinomostbet-cz.cz,4,rendered_html:2_no_ads
cb777.win,4,rendered_html:2_no_ads
cbdmidasa.cz,4,rendered_html:2_no_ads
centrumdekoracyjne.pl,4,rendered_html:2_no_ads
ceske-onlinekasino.com,4,rendered_html:2_no_ads
ceskymarias.cz,4,rendered_html:2_no_ads
ceskystandard.cz,4,rendered_html:2_no_ads
chamundaengineering.in,4,rendered_html:2_no_ads
chiko-pizza.ru,4,rendered_html:2_no_ads
chimicron-cz.com,4,rendered_html:2_no_ads
chirurgicka-ocel-sperk.cz,4,rendered_html:2_no_ads
chmibrno.org,4,rendered_html:2_no_ads
chzurapp.icu,4,rendered_html:2_no_ads
cj-iot.net,4,rendered_html:2_no_ads
cloudchasersgame.com,4,rendered_html:2_no_ads
cmstech.kz,4,rendered_html:2_no_ads
cnnibn7.in,4,rendered_html:2_no_ads
confeitariacuritibana.com,4,rendered_html:2_no_ads
conferenceinabox.io,4,rendered_html:2_no_ads
cotonbuddy.cz,4,rendered_html:2_no_ads
court-marriage.com.pk,4,rendered_html:2_no_ads
cqhybcmb.com,4,rendered_html:2_no_ads
cr2028.cz,4,rendered_html:2_no_ads
crickeaters.eu,4,rendered_html:2_no_ads
crisanbenedettodeltronto.it,4,rendered_html:2_no_ads
cult-coffee.ru,4,rendered_html:2_no_ads
cvetkoff.by,4,rendered_html:2_no_ads
cybersecuritystation.org,4,rendered_html:2_no_ads
cyclocrossfayettevillear.com,4,rendered_html:2_no_ads
cz-mostbet-casino.com,4,rendered_html:2_no_ads
cz-mostbetcasino.com,4,rendered_html:2_no_ads
czech-mostbet.com,4,rendered_html:2_no_ads
czechcollege.cz,4,rendered_html:2_no_ads
dailysusa.com,4,rendered_html:2_no_ads
dansvillagebowl.com,4,rendered_html:2_no_ads
dateafreak.com,4,rendered_html:2_no_ads
daytonabar.cz,4,rendered_html:2_no_ads
dcci.cz,4,rendered_html:2_no_ads
de-mostbet.com,4,rendered_html:2_no_ads
degchibari.com,4,rendered_html:2_no_ads
descuentodepagares24h.net,4,rendered_html:2_no_ads
destilate.cz,4,rendered_html:2_no_ads
det-cad108.ru,4,rendered_html:2_no_ads
devolio.net,4,rendered_html:2_no_ads
diamondvape.pl,4,rendered_html:2_no_ads
divadlonokakabus.cz,4,rendered_html:2_no_ads
dominikvrsansky.cz,4,rendered_html:2_no_ads
domovkunsov.cz,4,rendered_html:2_no_ads
donkeykongflash.com,4,rendered_html:2_no_ads
donpelikan.hu,4,rendered_html:2_no_ads
dreamzonekoramangala.com,4,rendered_html:2_no_ads
droneyecz.cz,4,rendered_html:2_no_ads
dylan95.com,4,rendered_html:2_no_ads
ecodomatyrau.kz,4,rendered_html:2_no_ads
ecole-communale-dottignies.be,4,rendered_html:2_no_ads
educato.hu,4,rendered_html:2_no_ads
eft-joga.cz,4,rendered_html:2_no_ads
eg-mostbet.com,4,rendered_html:2_no_ads
egyedicd.hu,4,rendered_html:2_no_ads
egyuttazeneert.hu,4,rendered_html:2_no_ads
elaugen-dp.cz,4,rendered_html:2_no_ads
elenasalon.cz,4,rendered_html:2_no_ads
eliminator-mtb.com,4,rendered_html:2_no_ads
elit-plus.com.ua,4,rendered_html:2_no_ads
elvisgym.cz,4,rendered_html:2_no_ads
emmausspiritualitycentreindia.com,4,rendered_html:2_no_ads
encontrosaude2019.com,4,rendered_html:2_no_ads
enduriders.com,4,rendered_html:2_no_ads
enfeji.com,4,rendered_html:2_no_ads
enfield-russia.ru,4,rendered_html:2_no_ads
environmentalpolicyalliance.org,4,rendered_html:2_no_ads
ephratamobile.com,4,rendered_html:2_no_ads
esk66.net,4,rendered_html:2_no_ads
eti-elektro.cz,4,rendered_html:2_no_ads
euroassist.cz,4,rendered_html:2_no_ads
eva-pirogi.ru,4,rendered_html:2_no_ads
evelethyouthhockey.com,4,rendered_html:2_no_ads
examcafe.in,4,rendered_html:2_no_ads
exposuro.com,4,rendered_html:2_no_ads
expresspackers.co.in,4,rendered_html:2_no_ads
falugondnok.hu,4,rendered_html:2_no_ads
familynet.cz,4,rendered_html:2_no_ads
faqwiki.net,4,rendered_html:2_no_ads
felicitygeorge.com,4,rendered_html:2_no_ads
fency.win,4,rendered_html:2_no_ads
fergum.hu,4,rendered_html:2_no_ads
ferogatti.kz,4,rendered_html:2_no_ads
ferro-astana.kz,4,rendered_html:2_no_ads
fifbaku.az,4,rendered_html:2_no_ads
filarmonia-astana.kz,4,rendered_html:2_no_ads
filmovyzvanec.cz,4,rendered_html:2_no_ads
fitpower.cz,4,rendered_html:2_no_ads
flatcoated.cz,4,rendered_html:2_no_ads
floram.ru,4,rendered_html:2_no_ads
folkloriada.hu,4,rendered_html:2_no_ads
foodnotbombs.cz,4,rendered_html:2_no_ads
foodparkbd.com,4,rendered_html:2_no_ads
forabusiness.ru,4,rendered_html:2_no_ads
forum-nh.net,4,rendered_html:2_no_ads
foto-alatau.kz,4,rendered_html:2_no_ads
foto-manie.cz,4,rendered_html:2_no_ads
fparfum.ru,4,rendered_html:2_no_ads
freemyip.win,4,rendered_html:2_no_ads
galeriekomnata.cz,4,rendered_html:2_no_ads
game-mostbet-pl.com,4,rendered_html:2_no_ads
game-mostbet-top.pl,4,rendered_html:2_no_ads
gameonpakistan.com,4,rendered_html:2_no_ads
gamesparadiseparyaj.com,4,rendered_html:2_no_ads
garlicfriesandbaseball.com,4,rendered_html:2_no_ads
gattamelata.cz,4,rendered_html:2_no_ads
gavbet-bk.ru,4,rendered_html:2_no_ads
gezmeksanat.com,4,rendered_html:2_no_ads
ggmcjjh.com,4,rendered_html:2_no_ads
glpfintech.com,4,rendered_html:2_no_ads
gok-bogoria.pl,4,rendered_html:2_no_ads
goldenfortuneuz.xyz,4,rendered_html:2_no_ads
goodinstallation.pl,4,rendered_html:2_no_ads
gpsbase.cz,4,rendered_html:2_no_ads
gpsprot.org,4,rendered_html:2_no_ads
greenmountainsports.com,4,rendered_html:2_no_ads
guaydogstyle.com,4,rendered_html:2_no_ads
gudang-lagu.nu,4,rendered_html:2_no_ads
guncelgir-724.info,4,rendered_html:2_no_ads
guruvanee.com,4,rendered_html:2_no_ads
gypunrzrmb.net,4,rendered_html:2_no_ads
haberazerbaycan.com,4,rendered_html:2_no_ads
halowawa.pl,4,rendered_html:2_no_ads
hcvalpellice.com,4,rendered_html:2_no_ads
hcwg.hu,4,rendered_html:2_no_ads
heavenchatzone.com,4,rendered_html:2_no_ads
hemafencinggear.com,4,rendered_html:2_no_ads
heritage-atyrau.kz,4,rendered_html:2_no_ads
hickoryfest.com,4,rendered_html:2_no_ads
hildechristina.com,4,rendered_html:2_no_ads
holesovickytrh.cz,4,rendered_html:2_no_ads
holofractal.net,4,rendered_html:2_no_ads
hosgoranaokulu.com,4,rendered_html:2_no_ads
hotel-bodeblick-treseburg.de,4,rendered_html:2_no_ads
hotelkoronaszeged.hu,4,rendered_html:2_no_ads
hotove-plachtovevyrobky.cz,4,rendered_html:2_no_ads
hotove-zamkovedlazby.cz,4,rendered_html:2_no_ads
hotredbet.com,4,rendered_html:2_no_ads
hu-mostbet.com,4,rendered_html:2_no_ads
hu-mostbetcasino.com,4,rendered_html:2_no_ads
ibew595golf.com,4,rendered_html:2_no_ads
icos20.hu,4,rendered_html:2_no_ads
idealbor.com.br,4,rendered_html:2_no_ads
imperialyayin.com,4,rendered_html:2_no_ads
imsbc.net,4,rendered_html:2_no_ads
in-mostbet.net,4,rendered_html:2_no_ads
individum.hu,4,rendered_html:2_no_ads
infinityplushomecare.com,4,rendered_html:2_no_ads
infomaraton.hu,4,rendered_html:2_no_ads
infrastructure-events.com,4,rendered_html:2_no_ads
instantbvk.pics,4,rendered_html:2_no_ads
internatedu.ru,4,rendered_html:2_no_ads
inzerce-prace.com,4,rendered_html:2_no_ads
itnepal.net,4,rendered_html:2_no_ads
ittvfestival.com,4,rendered_html:2_no_ads
jaknapsattiskovouzpravu.cz,4,rendered_html:2_no_ads
jamaatmedia.com,4,rendered_html:2_no_ads
janebrowninteriors.com,4,rendered_html:2_no_ads
janmartinik.com,4,rendered_html:2_no_ads
jara11.live,4,rendered_html:2_no_ads
jardimalchymist.com,4,rendered_html:2_no_ads
jeetwin11.com,4,rendered_html:2_no_ads
jetx3.in,4,rendered_html:2_no_ads
jezekpetr.cz,4,rendered_html:2_no_ads
joanne-b.com,4,rendered_html:2_no_ads
joehomebuyerofsouthflorida.com,4,rendered_html:2_no_ads
judatenis.com,4,rendered_html:2_no_ads
junior.com.kz,4,rendered_html:2_no_ads
jvrp.cz,4,rendered_html:2_no_ads
jw11.bet,4,rendered_html:2_no_ads
jw11.live,4,rendered_html:2_no_ads
kajoma.pl,4,rendered_html:2_no_ads
kakdostat-soseda.ru,4,rendered_html:2_no_ads
kapena.com.pl,4,rendered_html:2_no_ads
karczma-antolka.pl,4,rendered_html:2_no_ads
kartabanka.info,4,rendered_html:2_no_ads
kasino-mostbet.com,4,rendered_html:2_no_ads
kasyno-mostbet.com,4,rendered_html:2_no_ads
kasynomostbet-pl.com,4,rendered_html:2_no_ads
kasynomostbet.pl,4,rendered_html:2_no_ads
katalogkolin.cz,4,rendered_html:2_no_ads
kazinosaytlari.com,4,rendered_html:2_no_ads
kdebolotambolo.com,4,rendered_html:2_no_ads
khelo.vip,4,rendered_html:2_no_ads
khmeken.kz,4,rendered_html:2_no_ads
khsystems.co.in,4,rendered_html:2_no_ads
kidul88.com,4,rendered_html:2_no_ads
kieninger.cz,4,rendered_html:2_no_ads
kitapana.com,4,rendered_html:2_no_ads
kite-school.cz,4,rendered_html:2_no_ads
klappcosmetics.cz,4,rendered_html:2_no_ads
klubsms.cz,4,rendered_html:2_no_ads
knowledgespot-mostbet.xyz,4,rendered_html:2_no_ads
koinrush.com,4,rendered_html:2_no_ads
kovovyroba-krivanek.cz,4,rendered_html:2_no_ads
kulturcafe.eu,4,rendered_html:2_no_ads
kwikkerbfortmcmurray.com,4,rendered_html:2_no_ads
kyrgyzstan-mostbet.com,4,rendered_html:2_no_ads
ladywineclub.cz,4,rendered_html:2_no_ads
lagu-bet.ru,4,rendered_html:2_no_ads
laisladigital.net,4,rendered_html:2_no_ads
laszloeskropf.hu,4,rendered_html:2_no_ads
le-barbier-blagnac.fr,4,rendered_html:2_no_ads
learnexus-mostbet.xyz,4,rendered_html:2_no_ads
learnexusa-mostbet.xyz,4,rendered_html:2_no_ads
lecheesegeek.com,4,rendered_html:2_no_ads
lilospasta.com,4,rendered_html:2_no_ads
lincoln-casino-us.com,4,rendered_html:2_no_ads
lingassindia.com,4,rendered_html:2_no_ads
livefootballtime.com,4,rendered_html:2_no_ads
lovosabd.com,4,rendered_html:2_no_ads
lucianomoveis.com.br,4,rendered_html:2_no_ads
luckylandrtp.com,4,rendered_html:2_no_ads
luxstroi.kz,4,rendered_html:2_no_ads
madpoolsafaris.com,4,rendered_html:2_no_ads
maggroup.kz,4,rendered_html:2_no_ads
makebeautybd.com,4,rendered_html:2_no_ads
manjackalglogow.pl,4,rendered_html:2_no_ads
mapawarmii.pl,4,rendered_html:2_no_ads
mapsofusa.net,4,rendered_html:2_no_ads
marrakech-decouverte.com,4,rendered_html:2_no_ads
marrakech-launchpad.com,4,rendered_html:2_no_ads
marrakechtopsights.com,4,rendered_html:2_no_ads
masterart.com.pl,4,rendered_html:2_no_ads
mbp-aff.com,4,rendered_html:2_no_ads
mbtap.com,4,rendered_html:2_no_ads
mc-salve.cz,4,rendered_html:2_no_ads
mcw11.live,4,rendered_html:2_no_ads
mektep28.kz,4,rendered_html:2_no_ads
mezibrany.cz,4,rendered_html:2_no_ads
mfo-rev.xyz,4,rendered_html:2_no_ads
mhhajnice.cz,4,rendered_html:2_no_ads
micronesiaforum.org,4,rendered_html:2_no_ads
mikado-fishing.com.ua,4,rendered_html:2_no_ads
milionovastranka.net,4,rendered_html:2_no_ads
mindbodyfork.com,4,rendered_html:2_no_ads
minutex.cz,4,rendered_html:2_no_ads
misjonskirken.org,4,rendered_html:2_no_ads
mmg-russia.com,4,rendered_html:2_no_ads
mmostbet-polska.fit,4,rendered_html:2_no_ads
mmostbet.app,4,rendered_html:2_no_ads
mmostbet.bet,4,rendered_html:2_no_ads
mmostbet.in,4,rendered_html:2_no_ads
mmostbet.net,4,rendered_html:2_no_ads
mmostbet.pro,4,rendered_html:2_no_ads
mnl777.id,4,rendered_html:2_no_ads
moctbet-uz.com,4,rendered_html:2_no_ads
moctbet.com,4,rendered_html:2_no_ads
moctbet.partners,4,rendered_html:2_no_ads
moje-zwierzatko.pl,4,rendered_html:2_no_ads
monaghantooling.com,4,rendered_html:2_no_ads
monbubbletea.com,4,rendered_html:2_no_ads
moriarty-predictor.shop,4,rendered_html:2_no_ads
mos-t-bet-com.com,4,rendered_html:2_no_ads
mos-t-bet-net.com,4,rendered_html:2_no_ads
mos-t-bet-org.com,4,rendered_html:2_no_ads
mosbetgreece.com,4,rendered_html:2_no_ads
mosbetkazinoaz.com,4,rendered_html:2_no_ads
mosbetpl.com,4,rendered_html:2_no_ads
moscow-live.ru,4,rendered_html:2_no_ads
mosst-bet.cz,4,rendered_html:2_no_ads
most-aff.com,4,rendered_html:2_no_ads
most-agents.com,4,rendered_html:2_no_ads
most-agents1.com,4,rendered_html:2_no_ads
most-app.online,4,rendered_html:2_no_ads
most-bet-azerbaijan.com,4,rendered_html:2_no_ads
most-bet-bd.games,4,rendered_html:2_no_ads
most-bet-bonus.cz,4,rendered_html:2_no_ads
most-bet-canada.com,4,rendered_html:2_no_ads
most-bet-casino.top,4,rendered_html:2_no_ads
most-bet-giris.top,4,rendered_html:2_no_ads
most-bet-lala.xyz,4,rendered_html:2_no_ads
most-bet.ca,4,rendered_html:2_no_ads
most-betcasino-czech.cz,4,rendered_html:2_no_ads
most-company-bet.ink,4,rendered_html:2_no_ads
most-kasyno-bet.fit,4,rendered_html:2_no_ads
most-kz.website,4,rendered_html:2_no_ads
mostbenw.com,4,rendered_html:2_no_ads
mostbet-30spins-hu.com,4,rendered_html:2_no_ads
mostbet-314-az.com,4,rendered_html:2_no_ads
mostbet-47.com,4,rendered_html:2_no_ads
mostbet-android.com,4,rendered_html:2_no_ads
mostbet-app-bangladesh.net,4,rendered_html:2_no_ads
mostbet-app.app,4,rendered_html:2_no_ads
mostbet-app.club,4,rendered_html:2_no_ads
mostbet-app.live,4,rendered_html:2_no_ads
mostbet-app1.in,4,rendered_html:2_no_ads
mostbet-argentina2.com,4,rendered_html:2_no_ads
mostbet-argentina3.com,4,rendered_html:2_no_ads
mostbet-armeniya.com,4,rendered_html:2_no_ads
mostbet-aunt.top,4,rendered_html:2_no_ads
mostbet-aviator-az.net,4,rendered_html:2_no_ads
mostbet-aviator.live,4,rendered_html:2_no_ads
mostbet-aviator.org,4,rendered_html:2_no_ads
mostbet-az-309.com,4,rendered_html:2_no_ads
mostbet-az-aviator.club,4,rendered_html:2_no_ads
mostbet-az-casino.com,4,rendered_html:2_no_ads
mostbet-az-qeydiyyat.com,4,rendered_html:2_no_ads
mostbet-az-qeydiyyat.net,4,rendered_html:2_no_ads
mostbet-az.cc,4,rendered_html:2_no_ads
mostbet-az.co,4,rendered_html:2_no_ads
mostbet-az.live,4,rendered_html:2_no_ads
mostbet-az90-giris.com,4,rendered_html:2_no_ads
mostbet-aze-az.com,4,rendered_html:2_no_ads
mostbet-aze-kazino.com,4,rendered_html:2_no_ads
mostbet-azer-big.top,4,rendered_html:2_no_ads
mostbet-azer-click.top,4,rendered_html:2_no_ads
mostbet-azer-club.top,4,rendered_html:2_no_ads
mostbet-azer-crypto.top,4,rendered_html:2_no_ads
mostbet-azer-flush.top,4,rendered_html:2_no_ads
mostbet-azer-luxe.top,4,rendered_html:2_no_ads
mostbet-azer-magic.top,4,rendered_html:2_no_ads
mostbet-azer-mega.top,4,rendered_html:2_no_ads
mostbet-azer-mojo.top,4,rendered_html:2_no_ads
mostbet-azer.ink,4,rendered_html:2_no_ads
mostbet-azerbai.com,4,rendered_html:2_no_ads
mostbet-azerbaijan-777.com,4,rendered_html:2_no_ads
mostbet-azerbaijan-az.com,4,rendered_html:2_no_ads
mostbet-azerbaijan-casino.net,4,rendered_html:2_no_ads
mostbet-azerbaijan-slot.com,4,rendered_html:2_no_ads
mostbet-azerbaijan-vip.org,4,rendered_html:2_no_ads
mostbet-azerbaijan-win.org,4,rendered_html:2_no_ads
mostbet-azerbaycan-aviator.com,4,rendered_html:2_no_ads
mostbet-azplay.com,4,rendered_html:2_no_ads
mostbet-baji.com,4,rendered_html:2_no_ads
mostbet-bangla.net,4,rendered_html:2_no_ads
mostbet-bangladesh.casino,4,rendered_html:2_no_ads
mostbet-bd-1.app,4,rendered_html:2_no_ads
mostbet-bd-1.net,4,rendered_html:2_no_ads
mostbet-bd-2.net,4,rendered_html:2_no_ads
mostbet-bd-3.org,4,rendered_html:2_no_ads
mostbet-bd-3.top,4,rendered_html:2_no_ads
mostbet-bd-41.org,4,rendered_html:2_no_ads
mostbet-bd-41.top,4,rendered_html:2_no_ads
mostbet-bd-login.app,4,rendered_html:2_no_ads
mostbet-bd-login.org,4,rendered_html:2_no_ads
mostbet-bd.biz,4,rendered_html:2_no_ads
mostbet-bd.club,4,rendered_html:2_no_ads
mostbet-bd.games,4,rendered_html:2_no_ads
mostbet-bd.one,4,rendered_html:2_no_ads
mostbet-bd.store,4,rendered_html:2_no_ads
mostbet-bd2.app,4,rendered_html:2_no_ads
mostbet-bd2.org,4,rendered_html:2_no_ads
mostbet-bd2.vip,4,rendered_html:2_no_ads
mostbet-bg.bet,4,rendered_html:2_no_ads
mostbet-bj.net,4,rendered_html:2_no_ads
mostbet-black-friday-cz.com,4,rendered_html:2_no_ads
mostbet-bonus-kod.com,4,rendered_html:2_no_ads
mostbet-bonus-ru.com,4,rendered_html:2_no_ads
mostbet-bonus-za-registraci.com,4,rendered_html:2_no_ads
mostbet-bonus.de,4,rendered_html:2_no_ads
mostbet-bonus.net.ru,4,rendered_html:2_no_ads
mostbet-br.top,4,rendered_html:2_no_ads
mostbet-brasil.com,4,rendered_html:2_no_ads
mostbet-brasil.net,4,rendered_html:2_no_ads
mostbet-bulgaria.net,4,rendered_html:2_no_ads
mostbet-ca.ca,4,rendered_html:2_no_ads
mostbet-cameroun.com,4,rendered_html:2_no_ads
mostbet-casiino.com,4,rendered_html:2_no_ads
mostbet-casino-24.online,4,rendered_html:2_no_ads
mostbet-casino-giris.it.com,4,rendered_html:2_no_ads
mostbet-casino-go262.top,4,rendered_html:2_no_ads
mostbet-casino-go28d.top,4,rendered_html:2_no_ads
mostbet-casino-go2tu.top,4,rendered_html:2_no_ads
mostbet-casino-go356.top,4,rendered_html:2_no_ads
mostbet-casino-go5lp.top,4,rendered_html:2_no_ads
mostbet-casino-go871.top,4,rendered_html:2_no_ads
mostbet-casino-go8dj.top,4,rendered_html:2_no_ads
mostbet-casino-goae4.top,4,rendered_html:2_no_ads
mostbet-casino-gobxi.top,4,rendered_html:2_no_ads
mostbet-casino-gocoz.top,4,rendered_html:2_no_ads
mostbet-casino-godlb.top,4,rendered_html:2_no_ads
mostbet-casino-goj5d.top,4,rendered_html:2_no_ads
mostbet-casino-gok1m.top,4,rendered_html:2_no_ads
mostbet-casino-gokzk.top,4,rendered_html:2_no_ads
mostbet-casino-gonfr.top,4,rendered_html:2_no_ads
mostbet-casino-gopo3.top,4,rendered_html:2_no_ads
mostbet-casino-goqn7.top,4,rendered_html:2_no_ads
mostbet-casino-gorci.top,4,rendered_html:2_no_ads
mostbet-casino-gorlm.top,4,rendered_html:2_no_ads
mostbet-casino-gorrm.top,4,rendered_html:2_no_ads
mostbet-casino-gorxf.top,4,rendered_html:2_no_ads
mostbet-casino-gosjw.top,4,rendered_html:2_no_ads
mostbet-casino-online.site,4,rendered_html:2_no_ads
mostbet-casino-play1se.top,4,rendered_html:2_no_ads
mostbet-casino-play56i.top,4,rendered_html:2_no_ads
mostbet-casino-play5bt.top,4,rendered_html:2_no_ads
mostbet-casino-play8r7.top,4,rendered_html:2_no_ads
mostbet-casino-play9fi.top,4,rendered_html:2_no_ads
mostbet-casino-playa6m.top,4,rendered_html:2_no_ads
mostbet-casino-playbkx.top,4,rendered_html:2_no_ads
mostbet-casino-playbm3.top,4,rendered_html:2_no_ads
mostbet-casino-playbmu.top,4,rendered_html:2_no_ads
mostbet-casino-playcr0.top,4,rendered_html:2_no_ads
mostbet-casino-playe3c.top,4,rendered_html:2_no_ads
mostbet-casino-playh97.top,4,rendered_html:2_no_ads
mostbet-casino-playi72.top,4,rendered_html:2_no_ads
mostbet-casino-playim2.top,4,rendered_html:2_no_ads
mostbet-casino-playldk.top,4,rendered_html:2_no_ads
mostbet-casino-playlj7.top,4,rendered_html:2_no_ads
mostbet-casino-playmvp.top,4,rendered_html:2_no_ads
mostbet-casino-playni2.top,4,rendered_html:2_no_ads
mostbet-casino-playqzj.top,4,rendered_html:2_no_ads
mostbet-casino-playrat.top,4,rendered_html:2_no_ads
mostbet-casino-playtm4.top,4,rendered_html:2_no_ads
mostbet-casino-playuyd.top,4,rendered_html:2_no_ads
mostbet-casino-playw2p.top,4,rendered_html:2_no_ads
mostbet-casino-playx7u.top,4,rendered_html:2_no_ads
mostbet-casino-playx9j.top,4,rendered_html:2_no_ads
mostbet-casino-playxl4.top,4,rendered_html:2_no_ads
mostbet-casino-playxxv.top,4,rendered_html:2_no_ads
mostbet-casino-playz6y.top,4,rendered_html:2_no_ads
mostbet-casino-playzgl.top,4,rendered_html:2_no_ads
mostbet-casino-tr.org,4,rendered_html:2_no_ads
mostbet-casino-turkiye.life,4,rendered_html:2_no_ads
mostbet-casino.edu.pl,4,rendered_html:2_no_ads
mostbet-casino.eu,4,rendered_html:2_no_ads
mostbet-casino.kz,4,rendered_html:2_no_ads
mostbet-casinohungary.com,4,rendered_html:2_no_ads
mostbet-casinoo-cz.cz,4,rendered_html:2_no_ads
mostbet-casinos-bd.net,4,rendered_html:2_no_ads
mostbet-casinos-cz.ink,4,rendered_html:2_no_ads
mostbet-casinos-pl.org,4,rendered_html:2_no_ads
mostbet-casinos.com.pl,4,rendered_html:2_no_ads
mostbet-casinos.one,4,rendered_html:2_no_ads
mostbet-cassino-br.com,4,rendered_html:2_no_ads
mostbet-cassino.com.br,4,rendered_html:2_no_ads
mostbet-cestina.com,4,rendered_html:2_no_ads
mostbet-chile-online.com,4,rendered_html:2_no_ads
mostbet-chili.com,4,rendered_html:2_no_ads
mostbet-club-tr.co,4,rendered_html:2_no_ads
mostbet-com-login.com,4,rendered_html:2_no_ads
mostbet-com-login.net,4,rendered_html:2_no_ads
mostbet-com-tr.org,4,rendered_html:2_no_ads
mostbet-cx.online,4,rendered_html:2_no_ads
mostbet-cz-2026.cz,4,rendered_html:2_no_ads
mostbet-cz.club,4,rendered_html:2_no_ads
mostbet-czech.eu,4,rendered_html:2_no_ads
mostbet-czechia.cz,4,rendered_html:2_no_ads
mostbet-descargar.mx,4,rendered_html:2_no_ads
mostbet-dk.net,4,rendered_html:2_no_ads
mostbet-dk7u.top,4,rendered_html:2_no_ads
mostbet-download.in,4,rendered_html:2_no_ads
mostbet-downloader.com,4,rendered_html:2_no_ads
mostbet-egy.bet,4,rendered_html:2_no_ads
mostbet-fr.org,4,rendered_html:2_no_ads
mostbet-giris-2026.com,4,rendered_html:2_no_ads
mostbet-giris-azerbaycan.org,4,rendered_html:2_no_ads
mostbet-giris-qeydiyyat.site,4,rendered_html:2_no_ads
mostbet-giris.live,4,rendered_html:2_no_ads
mostbet-globalwin.org,4,rendered_html:2_no_ads
mostbet-gra26.online,4,rendered_html:2_no_ads
mostbet-greece.com,4,rendered_html:2_no_ads
mostbet-hu-online.com,4,rendered_html:2_no_ads
mostbet-hu.biz,4,rendered_html:2_no_ads
mostbet-in.info,4,rendered_html:2_no_ads
mostbet-indir-tr.com,4,rendered_html:2_no_ads
mostbet-indir.live,4,rendered_html:2_no_ads
mostbet-indus.com,4,rendered_html:2_no_ads
mostbet-it.net,4,rendered_html:2_no_ads
mostbet-jit.com,4,rendered_html:2_no_ads
mostbet-jit.net,4,rendered_html:2_no_ads
mostbet-kasyno-automat.pl,4,rendered_html:2_no_ads
mostbet-kazakhstan.com.kz,4,rendered_html:2_no_ads
mostbet-kazino2026az.in.net,4,rendered_html:2_no_ads
mostbet-khelo.com,4,rendered_html:2_no_ads
mostbet-khelo.net,4,rendered_html:2_no_ads
mostbet-login-br.com,4,rendered_html:2_no_ads
mostbet-luxembourg.com,4,rendered_html:2_no_ads
mostbet-magyarorszag.net,4,rendered_html:2_no_ads
mostbet-marc.com,4,rendered_html:2_no_ads
mostbet-mobile.org,4,rendered_html:2_no_ads
mostbet-mostbet.app,4,rendered_html:2_no_ads
mostbet-mostbet.cz,4,rendered_html:2_no_ads
mostbet-mostbet.net,4,rendered_html:2_no_ads
mostbet-mx.com.mx,4,rendered_html:2_no_ads
mostbet-ndb.org,4,rendered_html:2_no_ads
mostbet-nepal.net,4,rendered_html:2_no_ads
mostbet-net.com,4,rendered_html:2_no_ads
mostbet-news-hu.com,4,rendered_html:2_no_ads
mostbet-niger.com,4,rendered_html:2_no_ads
mostbet-official-site.ru,4,rendered_html:2_no_ads
mostbet-official-uz.com,4,rendered_html:2_no_ads
mostbet-official.de,4,rendered_html:2_no_ads
mostbet-official.site,4,rendered_html:2_no_ads
mostbet-online-casino-polska.com,4,rendered_html:2_no_ads
mostbet-online-casino.eu.com,4,rendered_html:2_no_ads
mostbet-online-kasyno-polska.com,4,rendered_html:2_no_ads
mostbet-online-pk.com,4,rendered_html:2_no_ads
mostbet-online.cz,4,rendered_html:2_no_ads
mostbet-online.games,4,rendered_html:2_no_ads
mostbet-online.top,4,rendered_html:2_no_ads
mostbet-onlywin.xyz,4,rendered_html:2_no_ads
mostbet-partners.net,4,rendered_html:2_no_ads
mostbet-philippine.com,4,rendered_html:2_no_ads
mostbet-philippines.net,4,rendered_html:2_no_ads
mostbet-philippines.ph,4,rendered_html:2_no_ads
mostbet-pk-pk.com,4,rendered_html:2_no_ads
mostbet-pk-pk.pk,4,rendered_html:2_no_ads
mostbet-pk.vip,4,rendered_html:2_no_ads
mostbet-pl-2026.pl,4,rendered_html:2_no_ads
mostbet-pl-casino.click,4,rendered_html:2_no_ads
mostbet-play.app,4,rendered_html:2_no_ads
mostbet-play.club,4,rendered_html:2_no_ads
mostbet-play.com,4,rendered_html:2_no_ads
mostbet-play.top,4,rendered_html:2_no_ads
mostbet-pln26pl.ink,4,rendered_html:2_no_ads
mostbet-polonia.com,4,rendered_html:2_no_ads
mostbet-polska-casino.xyz,4,rendered_html:2_no_ads
mostbet-polska.com,4,rendered_html:2_no_ads
mostbet-polska.fit,4,rendered_html:2_no_ads
mostbet-portugal.casino,4,rendered_html:2_no_ads
mostbet-promo-codes.com,4,rendered_html:2_no_ads
mostbet-promocod.eu.com,4,rendered_html:2_no_ads
mostbet-promocode.ru,4,rendered_html:2_no_ads
mostbet-pt.club,4,rendered_html:2_no_ads
mostbet-pt11.com,4,rendered_html:2_no_ads
mostbet-pt22.com,4,rendered_html:2_no_ads
mostbet-pt23.com,4,rendered_html:2_no_ads
mostbet-qeydiyyat.net,4,rendered_html:2_no_ads
mostbet-registraci.com,4,rendered_html:2_no_ads
mostbet-resmi.uk.com,4,rendered_html:2_no_ads
mostbet-review.gb.net,4,rendered_html:2_no_ads
mostbet-review.it.com,4,rendered_html:2_no_ads
mostbet-ru24.com,4,rendered_html:2_no_ads
mostbet-senegal.com,4,rendered_html:2_no_ads
mostbet-senegal.sn,4,rendered_html:2_no_ads
mostbet-shop.com,4,rendered_html:2_no_ads
mostbet-site3.top,4,rendered_html:2_no_ads
mostbet-skachat.com.kz,4,rendered_html:2_no_ads
mostbet-skachat.kz,4,rendered_html:2_no_ads
mostbet-slot-uz.com,4,rendered_html:2_no_ads
mostbet-slovakia.net,4,rendered_html:2_no_ads
mostbet-sport-kazakhstan.com,4,rendered_html:2_no_ads
mostbet-sweden.net,4,rendered_html:2_no_ads
mostbet-th.com,4,rendered_html:2_no_ads
mostbet-topcasino.pl,4,rendered_html:2_no_ads
mostbet-tr-27.com,4,rendered_html:2_no_ads
mostbet-tr-giris.vip,4,rendered_html:2_no_ads
mostbet-tr-online.com,4,rendered_html:2_no_ads
mostbet-turk.site,4,rendered_html:2_no_ads
mostbet-turkey-giris.net,4,rendered_html:2_no_ads
mostbet-turkey-resmi.vip,4,rendered_html:2_no_ads
mostbet-turkey1.com,4,rendered_html:2_no_ads
mostbet-tz2.com,4,rendered_html:2_no_ads
mostbet-tz4.com,4,rendered_html:2_no_ads
mostbet-uae.com,4,rendered_html:2_no_ads
mostbet-update-cesko.com,4,rendered_html:2_no_ads
mostbet-update-cz.com,4,rendered_html:2_no_ads
mostbet-uz-casino.com,4,rendered_html:2_no_ads
mostbet-uz.bet,4,rendered_html:2_no_ads
mostbet-vip.net,4,rendered_html:2_no_ads
mostbet-wai2.top,4,rendered_html:2_no_ads
mostbet-war9.top,4,rendered_html:2_no_ads
mostbet-whn8.top,4,rendered_html:2_no_ads
mostbet-who.top,4,rendered_html:2_no_ads
mostbet-withdrawal-cesko.com,4,rendered_html:2_no_ads
mostbet-withdrawal-cz.com,4,rendered_html:2_no_ads
mostbet-wp.buzz,4,rendered_html:2_no_ads
mostbet-ws.buzz,4,rendered_html:2_no_ads
mostbet-wzt5.top,4,rendered_html:2_no_ads
mostbet-yukle.app,4,rendered_html:2_no_ads
mostbet-yukle.top,4,rendered_html:2_no_ads
mostbet-zerkalo24.com,4,rendered_html:2_no_ads
mostbet.atm.pl,4,rendered_html:2_no_ads
mostbet.auto.pl,4,rendered_html:2_no_ads
mostbet.bingo,4,rendered_html:2_no_ads
mostbet.click,4,rendered_html:2_no_ads
mostbet.co.ci,4,rendered_html:2_no_ads
mostbet.co.tj,4,rendered_html:2_no_ads
mostbet.com.az,4,rendered_html:2_no_ads
mostbet.com.gr,4,rendered_html:2_no_ads
mostbet.com.tj,4,rendered_html:2_no_ads
mostbet.cz,4,rendered_html:2_no_ads
mostbet.de,4,rendered_html:2_no_ads
mostbet.diy,4,rendered_html:2_no_ads
mostbet.fans,4,rendered_html:2_no_ads
mostbet.gd,4,rendered_html:2_no_ads
mostbet.hu,4,rendered_html:2_no_ads
mostbet.id,4,rendered_html:2_no_ads
mostbet.kz,4,rendered_html:2_no_ads
mostbet.lc,4,rendered_html:2_no_ads
mostbet.ltd,4,rendered_html:2_no_ads
mostbet.net.co,4,rendered_html:2_no_ads
mostbet.net.in,4,rendered_html:2_no_ads
mostbet.net.ua,4,rendered_html:2_no_ads
mostbet.onl,4,rendered_html:2_no_ads
mostbet.ph,4,rendered_html:2_no_ads
mostbet.se,4,rendered_html:2_no_ads
mostbet.st,4,rendered_html:2_no_ads
mostbet.sx,4,rendered_html:2_no_ads
mostbet.team,4,rendered_html:2_no_ads
mostbet.vin,4,rendered_html:2_no_ads
mostbet.wine,4,rendered_html:2_no_ads
mostbet.xyz,4,rendered_html:2_no_ads
mostbet.zone,4,rendered_html:2_no_ads
mostbet07731.shop,4,rendered_html:2_no_ads
mostbet08431.shop,4,rendered_html:2_no_ads
mostbet1-online.cz,4,rendered_html:2_no_ads
mostbet1-uz.bet,4,rendered_html:2_no_ads
mostbet1.co.cz,4,rendered_html:2_no_ads
mostbet1.cz,4,rendered_html:2_no_ads
mostbet1.de,4,rendered_html:2_no_ads
mostbet1.id,4,rendered_html:2_no_ads
mostbet1.it,4,rendered_html:2_no_ads
mostbet1.life,4,rendered_html:2_no_ads
mostbet1.mobi,4,rendered_html:2_no_ads
mostbet1.vip,4,rendered_html:2_no_ads
mostbet1.win,4,rendered_html:2_no_ads
mostbet10542.help,4,rendered_html:2_no_ads
mostbet11738.shop,4,rendered_html:2_no_ads
mostbet12757.help,4,rendered_html:2_no_ads
mostbet12878.online,4,rendered_html:2_no_ads
mostbet12992.help,4,rendered_html:2_no_ads
mostbet13325.shop,4,rendered_html:2_no_ads
mostbet13670.help,4,rendered_html:2_no_ads
mostbet13866.shop,4,rendered_html:2_no_ads
mostbet14139.shop,4,rendered_html:2_no_ads
mostbet143.com,4,rendered_html:2_no_ads
mostbet14790.shop,4,rendered_html:2_no_ads
mostbet14894.shop,4,rendered_html:2_no_ads
mostbet14932.shop,4,rendered_html:2_no_ads
mostbet16328.shop,4,rendered_html:2_no_ads
mostbet16544.online,4,rendered_html:2_no_ads
mostbet168.com,4,rendered_html:2_no_ads
mostbet16864.shop,4,rendered_html:2_no_ads
mostbet18311.shop,4,rendered_html:2_no_ads
mostbet18359.help,4,rendered_html:2_no_ads
mostbet18577.shop,4,rendered_html:2_no_ads
mostbet18688.shop,4,rendered_html:2_no_ads
mostbet19444.shop,4,rendered_html:2_no_ads
mostbet19504.help,4,rendered_html:2_no_ads
mostbet19843.help,4,rendered_html:2_no_ads
mostbet1folde6.xyz,4,rendered_html:2_no_ads
mostbet1hu.bet,4,rendered_html:2_no_ads
mostbet2.app,4,rendered_html:2_no_ads
mostbet2.co,4,rendered_html:2_no_ads
mostbet2.id,4,rendered_html:2_no_ads
mostbet2.pro,4,rendered_html:2_no_ads
mostbet2.vip,4,rendered_html:2_no_ads
mostbet2.win,4,rendered_html:2_no_ads
mostbet2011.shop,4,rendered_html:2_no_ads
mostbet20142.online,4,rendered_html:2_no_ads
mostbet20224.shop,4,rendered_html:2_no_ads
mostbet20356.shop,4,rendered_html:2_no_ads
mostbet20645.shop,4,rendered_html:2_no_ads
mostbet22434.shop,4,rendered_html:2_no_ads
mostbet23256.shop,4,rendered_html:2_no_ads
mostbet24.pl,4,rendered_html:2_no_ads
mostbet25124.online,4,rendered_html:2_no_ads
mostbet25176.shop,4,rendered_html:2_no_ads
mostbet27117.shop,4,rendered_html:2_no_ads
mostbet27461.online,4,rendered_html:2_no_ads
mostbet28498.shop,4,rendered_html:2_no_ads
mostbet2874.shop,4,rendered_html:2_no_ads
mostbet29401.help,4,rendered_html:2_no_ads
mostbet29453.shop,4,rendered_html:2_no_ads
mostbet29931.shop,4,rendered_html:2_no_ads
mostbet3.app,4,rendered_html:2_no_ads
mostbet3.bio,4,rendered_html:2_no_ads
mostbet3.biz,4,rendered_html:2_no_ads
mostbet3.click,4,rendered_html:2_no_ads
mostbet3.co,4,rendered_html:2_no_ads
mostbet3.com,4,rendered_html:2_no_ads
mostbet3.games,4,rendered_html:2_no_ads
mostbet3.id,4,rendered_html:2_no_ads
mostbet3.net,4,rendered_html:2_no_ads
mostbet3.onl,4,rendered_html:2_no_ads
mostbet3.pro,4,rendered_html:2_no_ads
mostbet3.vip,4,rendered_html:2_no_ads
mostbet3.win,4,rendered_html:2_no_ads
mostbet3033.ru,4,rendered_html:2_no_ads
mostbet3037.ru,4,rendered_html:2_no_ads
mostbet30434.shop,4,rendered_html:2_no_ads
mostbet30598.online,4,rendered_html:2_no_ads
mostbet30804.shop,4,rendered_html:2_no_ads
mostbet31055.shop,4,rendered_html:2_no_ads
mostbet31312.shop,4,rendered_html:2_no_ads
mostbet31564.shop,4,rendered_html:2_no_ads
mostbet31847.help,4,rendered_html:2_no_ads
mostbet32475.online,4,rendered_html:2_no_ads
mostbet32904.shop,4,rendered_html:2_no_ads
mostbet33962.shop,4,rendered_html:2_no_ads
mostbet33998.help,4,rendered_html:2_no_ads
mostbet34227.online,4,rendered_html:2_no_ads
mostbet34311.shop,4,rendered_html:2_no_ads
mostbet34568.shop,4,rendered_html:2_no_ads
mostbet365.win,4,rendered_html:2_no_ads
mostbet38274.help,4,rendered_html:2_no_ads
mostbet38860.shop,4,rendered_html:2_no_ads
mostbet39086.shop,4,rendered_html:2_no_ads
mostbet4-uz.bet,4,rendered_html:2_no_ads
mostbet4.one,4,rendered_html:2_no_ads
mostbet40408.shop,4,rendered_html:2_no_ads
mostbet40855.online,4,rendered_html:2_no_ads
mostbet42102.help,4,rendered_html:2_no_ads
mostbet43173.online,4,rendered_html:2_no_ads
mostbet43246.help,4,rendered_html:2_no_ads
mostbet4329.shop,4,rendered_html:2_no_ads
mostbet43870.help,4,rendered_html:2_no_ads
mostbet4420.shop,4,rendered_html:2_no_ads
mostbet444.com,4,rendered_html:2_no_ads
mostbet44939.online,4,rendered_html:2_no_ads
mostbet45039.help,4,rendered_html:2_no_ads
mostbet45175.shop,4,rendered_html:2_no_ads
mostbet46329.help,4,rendered_html:2_no_ads
mostbet46407.shop,4,rendered_html:2_no_ads
mostbet46831.shop,4,rendered_html:2_no_ads
mostbet4817.shop,4,rendered_html:2_no_ads
mostbet48242.shop,4,rendered_html:2_no_ads
mostbet48256.shop,4,rendered_html:2_no_ads
mostbet48932.help,4,rendered_html:2_no_ads
mostbet49018.shop,4,rendered_html:2_no_ads
mostbet49411.shop,4,rendered_html:2_no_ads
mostbet49675.online,4,rendered_html:2_no_ads
mostbet5-amp.net,4,rendered_html:2_no_ads
mostbet5.one,4,rendered_html:2_no_ads
mostbet50599.shop,4,rendered_html:2_no_ads
mostbet50665.shop,4,rendered_html:2_no_ads
mostbet50981.shop,4,rendered_html:2_no_ads
mostbet51656.shop,4,rendered_html:2_no_ads
mostbet52557.help,4,rendered_html:2_no_ads
mostbet52652.shop,4,rendered_html:2_no_ads
mostbet52690.shop,4,rendered_html:2_no_ads
mostbet53513.shop,4,rendered_html:2_no_ads
mostbet53657.shop,4,rendered_html:2_no_ads
mostbet55577.shop,4,rendered_html:2_no_ads
mostbet56778.shop,4,rendered_html:2_no_ads
mostbet57710.icu,4,rendered_html:2_no_ads
mostbet58750.shop,4,rendered_html:2_no_ads
mostbet5949.shop,4,rendered_html:2_no_ads
mostbet60059.shop,4,rendered_html:2_no_ads
mostbet6013.shop,4,rendered_html:2_no_ads
mostbet60825.shop,4,rendered_html:2_no_ads
mostbet62059.icu,4,rendered_html:2_no_ads
mostbet62269.shop,4,rendered_html:2_no_ads
mostbet63875.help,4,rendered_html:2_no_ads
mostbet64688.shop,4,rendered_html:2_no_ads
mostbet66792.shop,4,rendered_html:2_no_ads
mostbet67309.shop,4,rendered_html:2_no_ads
mostbet67384.shop,4,rendered_html:2_no_ads
mostbet68.com,4,rendered_html:2_no_ads
mostbet68433.shop,4,rendered_html:2_no_ads
mostbet68708.shop,4,rendered_html:2_no_ads
mostbet69325.online,4,rendered_html:2_no_ads
mostbet69929.help,4,rendered_html:2_no_ads
mostbet71901.shop,4,rendered_html:2_no_ads
mostbet71928.shop,4,rendered_html:2_no_ads
mostbet72836.shop,4,rendered_html:2_no_ads
mostbet72894.help,4,rendered_html:2_no_ads
mostbet73525.shop,4,rendered_html:2_no_ads
mostbet73658.shop,4,rendered_html:2_no_ads
mostbet73666.shop,4,rendered_html:2_no_ads
mostbet74512.online,4,rendered_html:2_no_ads
mostbet76455.shop,4,rendered_html:2_no_ads
mostbet76551.shop,4,rendered_html:2_no_ads
mostbet77562.shop,4,rendered_html:2_no_ads
mostbet77708.shop,4,rendered_html:2_no_ads
mostbet78135.shop,4,rendered_html:2_no_ads
mostbet78188.shop,4,rendered_html:2_no_ads
mostbet78342.help,4,rendered_html:2_no_ads
mostbet78693.online,4,rendered_html:2_no_ads
mostbet79164.shop,4,rendered_html:2_no_ads
mostbet79380.shop,4,rendered_html:2_no_ads
mostbet79409.shop,4,rendered_html:2_no_ads
mostbet79966.shop,4,rendered_html:2_no_ads
mostbet8.com,4,rendered_html:2_no_ads
mostbet80290.shop,4,rendered_html:2_no_ads
mostbet80338.shop,4,rendered_html:2_no_ads
mostbet80440.shop,4,rendered_html:2_no_ads
mostbet81032.shop,4,rendered_html:2_no_ads
mostbet81213.shop,4,rendered_html:2_no_ads
mostbet82820.shop,4,rendered_html:2_no_ads
mostbet83331.help,4,rendered_html:2_no_ads
mostbet83673.shop,4,rendered_html:2_no_ads
mostbet83711.shop,4,rendered_html:2_no_ads
mostbet85214.help,4,rendered_html:2_no_ads
mostbet86043.help,4,rendered_html:2_no_ads
mostbet86080.shop,4,rendered_html:2_no_ads
mostbet86118.shop,4,rendered_html:2_no_ads
mostbet87003.shop,4,rendered_html:2_no_ads
mostbet87216.help,4,rendered_html:2_no_ads
mostbet87449.shop,4,rendered_html:2_no_ads
mostbet87957.online,4,rendered_html:2_no_ads
mostbet88.com,4,rendered_html:2_no_ads
mostbet88.in,4,rendered_html:2_no_ads
mostbet88720.shop,4,rendered_html:2_no_ads
mostbet8888.com,4,rendered_html:2_no_ads
mostbet89855.shop,4,rendered_html:2_no_ads
mostbet9.site,4,rendered_html:2_no_ads
mostbet90520.shop,4,rendered_html:2_no_ads
mostbet90906.shop,4,rendered_html:2_no_ads
mostbet91600.shop,4,rendered_html:2_no_ads
mostbet91788.online,4,rendered_html:2_no_ads
mostbet91804.shop,4,rendered_html:2_no_ads
mostbet93523.shop,4,rendered_html:2_no_ads
mostbet93571.online,4,rendered_html:2_no_ads
mostbet93586.online,4,rendered_html:2_no_ads
mostbet9375.shop,4,rendered_html:2_no_ads
mostbet94105.shop,4,rendered_html:2_no_ads
mostbet94109.shop,4,rendered_html:2_no_ads
mostbet94186.shop,4,rendered_html:2_no_ads
mostbet94227.shop,4,rendered_html:2_no_ads
mostbet95411.help,4,rendered_html:2_no_ads
mostbet95422.shop,4,rendered_html:2_no_ads
mostbet95591.help,4,rendered_html:2_no_ads
mostbet95639.shop,4,rendered_html:2_no_ads
mostbet97069.shop,4,rendered_html:2_no_ads
mostbet97079.shop,4,rendered_html:2_no_ads
mostbet97524.shop,4,rendered_html:2_no_ads
mostbet98014.shop,4,rendered_html:2_no_ads
mostbet98031.help,4,rendered_html:2_no_ads
mostbeta7.xyz,4,rendered_html:2_no_ads
mostbetaa.com,4,rendered_html:2_no_ads
mostbetam.com,4,rendered_html:2_no_ads
mostbetamp.net,4,rendered_html:2_no_ads
mostbetandroid.ru,4,rendered_html:2_no_ads
mostbetapk.bid,4,rendered_html:2_no_ads
mostbetapk.id,4,rendered_html:2_no_ads
mostbetapk.onl,4,rendered_html:2_no_ads
mostbetapk.vip,4,rendered_html:2_no_ads
mostbetapp-yukle.com,4,rendered_html:2_no_ads
mostbetapp.bid,4,rendered_html:2_no_ads
mostbetapp.casino,4,rendered_html:2_no_ads
mostbetapp.co,4,rendered_html:2_no_ads
mostbetapp.cz,4,rendered_html:2_no_ads
mostbetapp.id,4,rendered_html:2_no_ads
mostbetapp.onl,4,rendered_html:2_no_ads
mostbetapp.vip,4,rendered_html:2_no_ads
mostbetappc.com,4,rendered_html:2_no_ads
mostbetappdownload-bd.com,4,rendered_html:2_no_ads
mostbetappdownload-en.com,4,rendered_html:2_no_ads
mostbetappdownload.bet,4,rendered_html:2_no_ads
mostbetappdownload.casino,4,rendered_html:2_no_ads
mostbetappdownload.games,4,rendered_html:2_no_ads
mostbetappdownload.org,4,rendered_html:2_no_ads
mostbetar.lat,4,rendered_html:2_no_ads
mostbetaviator.app,4,rendered_html:2_no_ads
mostbetaz-casino.com,4,rendered_html:2_no_ads
mostbetaz.ink,4,rendered_html:2_no_ads
mostbetaz.site,4,rendered_html:2_no_ads
mostbetaz07.com,4,rendered_html:2_no_ads
mostbetaze.com,4,rendered_html:2_no_ads
mostbetazemostbetaze.com,4,rendered_html:2_no_ads
mostbetazerbaycangiris.net,4,rendered_html:2_no_ads
mostbetazerbaycann.com,4,rendered_html:2_no_ads
mostbetazgames.com,4,rendered_html:2_no_ads
mostbetazplay.online,4,rendered_html:2_no_ads
mostbetbd-casinos.com,4,rendered_html:2_no_ads
mostbetbd.asia,4,rendered_html:2_no_ads
mostbetbd.best,4,rendered_html:2_no_ads
mostbetbd.bid,4,rendered_html:2_no_ads
mostbetbd.co,4,rendered_html:2_no_ads
mostbetbd.onl,4,rendered_html:2_no_ads
mostbetbd.pro,4,rendered_html:2_no_ads
mostbetbd.website,4,rendered_html:2_no_ads
mostbetbd1.app,4,rendered_html:2_no_ads
mostbetbd1.id,4,rendered_html:2_no_ads
mostbetbd2.app,4,rendered_html:2_no_ads
mostbetbd2.casino,4,rendered_html:2_no_ads
mostbetbd2.net,4,rendered_html:2_no_ads
mostbetbd2.pro,4,rendered_html:2_no_ads
mostbetbd2.win,4,rendered_html:2_no_ads
mostbetbd3.app,4,rendered_html:2_no_ads
mostbetbd3.net,4,rendered_html:2_no_ads
mostbetbd3.org,4,rendered_html:2_no_ads
mostbetbdlogin.com,4,rendered_html:2_no_ads
mostbetbetting.com,4,rendered_html:2_no_ads
mostbetbonus.com,4,rendered_html:2_no_ads
mostbetbonus.xyz,4,rendered_html:2_no_ads
mostbetbook.site,4,rendered_html:2_no_ads
mostbetbr.click,4,rendered_html:2_no_ads
mostbetbr.ws,4,rendered_html:2_no_ads
mostbetbrasil.de,4,rendered_html:2_no_ads
mostbetby.bet,4,rendered_html:2_no_ads
mostbetcasino-az.com,4,rendered_html:2_no_ads
mostbetcasino-bd2.com,4,rendered_html:2_no_ads
mostbetcasino-pl.com,4,rendered_html:2_no_ads
mostbetcasino-tj.com,4,rendered_html:2_no_ads
mostbetcasino-win.com,4,rendered_html:2_no_ads
mostbetcasino.bid,4,rendered_html:2_no_ads
mostbetcasino.cc,4,rendered_html:2_no_ads
mostbetcasino.co,4,rendered_html:2_no_ads
mostbetcasino.com.co,4,rendered_html:2_no_ads
mostbetcasino.com.mx,4,rendered_html:2_no_ads
mostbetcasino.com.ng,4,rendered_html:2_no_ads
mostbetcasino.id,4,rendered_html:2_no_ads
mostbetcasino.net,4,rendered_html:2_no_ads
mostbetcasino.pl,4,rendered_html:2_no_ads
mostbetcasino.store,4,rendered_html:2_no_ads
mostbetcasino.tv,4,rendered_html:2_no_ads
mostbetcasinoapps.com,4,rendered_html:2_no_ads
mostbetcasinobonuses.com,4,rendered_html:2_no_ads
mostbetcasinocz.org,4,rendered_html:2_no_ads
mostbetcasinofr.com,4,rendered_html:2_no_ads
mostbetcasinokz.com,4,rendered_html:2_no_ads
mostbetcasinomirror.com,4,rendered_html:2_no_ads
mostbetcasinoofficial.com,4,rendered_html:2_no_ads
mostbetcasinoonline.org,4,rendered_html:2_no_ads
mostbetcasinopoland.com,4,rendered_html:2_no_ads
mostbetcasinos-az.org,4,rendered_html:2_no_ads
mostbetcasinox.com,4,rendered_html:2_no_ads
mostbetcasslots.xyz,4,rendered_html:2_no_ads
mostbetchili.com,4,rendered_html:2_no_ads
mostbetclb.email,4,rendered_html:2_no_ads
mostbetcom.casino,4,rendered_html:2_no_ads
mostbetcom.net,4,rendered_html:2_no_ads
mostbetcom.pro,4,rendered_html:2_no_ads
mostbetcom.xyz,4,rendered_html:2_no_ads
mostbetcrazytime.com,4,rendered_html:2_no_ads
mostbetcz.cz,4,rendered_html:2_no_ads
mostbetczechia.cz,4,rendered_html:2_no_ads
mostbetdeposit.com,4,rendered_html:2_no_ads
mostbetdownload-es.com,4,rendered_html:2_no_ads
mostbetdownload-pl.com,4,rendered_html:2_no_ads
mostbetdownload-tr.com,4,rendered_html:2_no_ads
mostbetdownload.bet,4,rendered_html:2_no_ads
mostbete-app.com,4,rendered_html:2_no_ads
mostbete-bd.com,4,rendered_html:2_no_ads
mostbete.app,4,rendered_html:2_no_ads
mostbete.bet,4,rendered_html:2_no_ads
mostbete.biz,4,rendered_html:2_no_ads
mostbete.net,4,rendered_html:2_no_ads
mostbete.ws,4,rendered_html:2_no_ads
mostbeteuro2026.top,4,rendered_html:2_no_ads
mostbetf.com,4,rendered_html:2_no_ads
mostbetfan.xyz,4,rendered_html:2_no_ads
mostbetg.com,4,rendered_html:2_no_ads
mostbetgame.net,4,rendered_html:2_no_ads
mostbetgame.pl,4,rendered_html:2_no_ads
mostbetgamer.com,4,rendered_html:2_no_ads
mostbetge.com,4,rendered_html:2_no_ads
mostbetgg.com,4,rendered_html:2_no_ads
mostbetgir.xyz,4,rendered_html:2_no_ads
mostbetgiris-az.org,4,rendered_html:2_no_ads
mostbetgiris.com,4,rendered_html:2_no_ads
mostbetgiristr.com,4,rendered_html:2_no_ads
mostbetgr1.com,4,rendered_html:2_no_ads
mostbetgroup.club,4,rendered_html:2_no_ads
mostbetgroup.guru,4,rendered_html:2_no_ads
mostbetgroup.life,4,rendered_html:2_no_ads
mostbeth.com,4,rendered_html:2_no_ads
mostbethelp.com,4,rendered_html:2_no_ads
mostbeticefishing.com,4,rendered_html:2_no_ads
mostbetie.net,4,rendered_html:2_no_ads
mostbetindian.com,4,rendered_html:2_no_ads
mostbetiran.com,4,rendered_html:2_no_ads
mostbetit.bet,4,rendered_html:2_no_ads
mostbetivorycoast.com,4,rendered_html:2_no_ads
mostbetkasyno-pl.com,4,rendered_html:2_no_ads
mostbetkasyno1.pl,4,rendered_html:2_no_ads
mostbetkayit.xyz,4,rendered_html:2_no_ads
mostbetkazakhstan.com.kz,4,rendered_html:2_no_ads
mostbetkazino-kz.com.kz,4,rendered_html:2_no_ads
mostbetkazino-kz.kz,4,rendered_html:2_no_ads
mostbetkazino.com.kz,4,rendered_html:2_no_ads
mostbetkazino.kz,4,rendered_html:2_no_ads
mostbetkazinokazakhstan.com,4,rendered_html:2_no_ads
mostbetkazinokz.com.kz,4,rendered_html:2_no_ads
mostbetkazinokz.kz,4,rendered_html:2_no_ads
mostbetkg.net,4,rendered_html:2_no_ads
mostbetkirgiziya.com,4,rendered_html:2_no_ads
mostbetkyrgyzstan.com,4,rendered_html:2_no_ads
mostbetkz.com,4,rendered_html:2_no_ads
mostbetkz.life,4,rendered_html:2_no_ads
mostbetlinks.com,4,rendered_html:2_no_ads
mostbetlogin.app,4,rendered_html:2_no_ads
mostbetlogin.com,4,rendered_html:2_no_ads
mostbetluckyjetpredictor.com,4,rendered_html:2_no_ads
mostbetm-az.com,4,rendered_html:2_no_ads
mostbetma.bet,4,rendered_html:2_no_ads
mostbetmd.com,4,rendered_html:2_no_ads
mostbetminespredictor.com,4,rendered_html:2_no_ads
mostbetmostbet.eu,4,rendered_html:2_no_ads
mostbetn.com,4,rendered_html:2_no_ads
mostbetnews.com,4,rendered_html:2_no_ads
mostbetnigeria.com,4,rendered_html:2_no_ads
mostbetno.com,4,rendered_html:2_no_ads
mostbetnorge.com,4,rendered_html:2_no_ads
mostbetnp1.bet,4,rendered_html:2_no_ads
mostbetnp7.com,4,rendered_html:2_no_ads
mostbetofficial-np.com,4,rendered_html:2_no_ads
mostbetofficial.de,4,rendered_html:2_no_ads
mostbetonline-az.com,4,rendered_html:2_no_ads
mostbetonline.app,4,rendered_html:2_no_ads
mostbetonlinecasino.com,4,rendered_html:2_no_ads
mostbetpakistan.app,4,rendered_html:2_no_ads
mostbetpakistanq.com,4,rendered_html:2_no_ads
mostbetpg.com,4,rendered_html:2_no_ads
mostbetpkr.com,4,rendered_html:2_no_ads
mostbetpkr.org,4,rendered_html:2_no_ads
mostbetpky.net,4,rendered_html:2_no_ads
mostbetpl-tops.pl,4,rendered_html:2_no_ads
mostbetpl.app,4,rendered_html:2_no_ads
mostbetpl.best,4,rendered_html:2_no_ads
mostbetpl.bet,4,rendered_html:2_no_ads
mostbetpl.biz,4,rendered_html:2_no_ads
mostbetpl.im,4,rendered_html:2_no_ads
mostbetpl.ws,4,rendered_html:2_no_ads
mostbetpl.xyz,4,rendered_html:2_no_ads
mostbetplinko.com,4,rendered_html:2_no_ads
mostbetprilend77.xyz,4,rendered_html:2_no_ads
mostbetpro.com,4,rendered_html:2_no_ads
mostbetpromocodes.com,4,rendered_html:2_no_ads
mostbetqeydiyyat24.com,4,rendered_html:2_no_ads
mostbetqo.com,4,rendered_html:2_no_ads
mostbetrtp.com,4,rendered_html:2_no_ads
mostbetrules.com,4,rendered_html:2_no_ads
mostbets-argentina.com,4,rendered_html:2_no_ads
mostbets-au.com,4,rendered_html:2_no_ads
mostbets-au.info,4,rendered_html:2_no_ads
mostbets-au.link,4,rendered_html:2_no_ads
mostbets-bd.org,4,rendered_html:2_no_ads
mostbets-benin.com,4,rendered_html:2_no_ads
mostbets-kasyno.it.com,4,rendered_html:2_no_ads
mostbets-np.com,4,rendered_html:2_no_ads
mostbets-pl.com,4,rendered_html:2_no_ads
mostbets-portu.com,4,rendered_html:2_no_ads
mostbets.best,4,rendered_html:2_no_ads
mostbets.co.ua,4,rendered_html:2_no_ads
mostbets.com.ph,4,rendered_html:2_no_ads
mostbets.com.pk,4,rendered_html:2_no_ads
mostbets.de,4,rendered_html:2_no_ads
mostbets.eu,4,rendered_html:2_no_ads
mostbets.im,4,rendered_html:2_no_ads
mostbets.io,4,rendered_html:2_no_ads
mostbets.life,4,rendered_html:2_no_ads
mostbets.live,4,rendered_html:2_no_ads
mostbets.net,4,rendered_html:2_no_ads
mostbets.net.pk,4,rendered_html:2_no_ads
mostbets.onl,4,rendered_html:2_no_ads
mostbets.org,4,rendered_html:2_no_ads
mostbets.pro,4,rendered_html:2_no_ads
mostbets.us,4,rendered_html:2_no_ads
mostbets.us.com,4,rendered_html:2_no_ads
mostbets.ws,4,rendered_html:2_no_ads
mostbets365.com,4,rendered_html:2_no_ads
mostbetsa.bet,4,rendered_html:2_no_ads
mostbetsaviator.com,4,rendered_html:2_no_ads
mostbetsbdonline.com,4,rendered_html:2_no_ads
mostbetshaan.com,4,rendered_html:2_no_ads
mostbetsite.app,4,rendered_html:2_no_ads
mostbetsonline.pk,4,rendered_html:2_no_ads
mostbetsportschampions.xyz,4,rendered_html:2_no_ads
mostbetsportsrising.xyz,4,rendered_html:2_no_ads
mostbetsportugal.com,4,rendered_html:2_no_ads
mostbett-bahisleri.com,4,rendered_html:2_no_ads
mostbett-it.it,4,rendered_html:2_no_ads
mostbett-turkiye.com,4,rendered_html:2_no_ads
mostbett.nl,4,rendered_html:2_no_ads
mostbetter.com,4,rendered_html:2_no_ads
mostbetth.com,4,rendered_html:2_no_ads
mostbetth1.com,4,rendered_html:2_no_ads
mostbetting.com,4,rendered_html:2_no_ads
mostbettn.bet,4,rendered_html:2_no_ads
mostbettowerrush.com,4,rendered_html:2_no_ads
mostbettr.asia,4,rendered_html:2_no_ads
mostbettr.xyz,4,rendered_html:2_no_ads
mostbettrading.com,4,rendered_html:2_no_ads
mostbetts7.xyz,4,rendered_html:2_no_ads
mostbetua.org,4,rendered_html:2_no_ads
mostbetud.com,4,rendered_html:2_no_ads
mostbetuz-online.com,4,rendered_html:2_no_ads
mostbetuz-skachat.com,4,rendered_html:2_no_ads
mostbetuz.bet,4,rendered_html:2_no_ads
mostbetuz.com,4,rendered_html:2_no_ads
mostbetuz.top,4,rendered_html:2_no_ads
mostbetuzhaqida.com,4,rendered_html:2_no_ads
mostbetv1.xyz,4,rendered_html:2_no_ads
mostbetvip.com,4,rendered_html:2_no_ads
mostbetwin.com,4,rendered_html:2_no_ads
mostbetwin.pl,4,rendered_html:2_no_ads
mostbetwithdrawal.com,4,rendered_html:2_no_ads
mostbetx-bd.com,4,rendered_html:2_no_ads
mostbetx.cz,4,rendered_html:2_no_ads
mostbetxbg.org,4,rendered_html:2_no_ads
mostbetxpl.ink,4,rendered_html:2_no_ads
mostbety6.xyz,4,rendered_html:2_no_ads
mostbety8.xyz,4,rendered_html:2_no_ads
mostbetyuklabolish.com,4,rendered_html:2_no_ads
mostbetyukleapp.com,4,rendered_html:2_no_ads
mostbetyuklemek.app,4,rendered_html:2_no_ads
mostbetyuklemek.net,4,rendered_html:2_no_ads
mostbetz-cz.com,4,rendered_html:2_no_ads
mostbetz-portugal.com,4,rendered_html:2_no_ads
mostgameskz.xyz,4,rendered_html:2_no_ads
mostplays.net,4,rendered_html:2_no_ads
mostsbet-bangladesh.com,4,rendered_html:2_no_ads
moto-szlifiernia.pl,4,rendered_html:2_no_ads
moyarusalka.com,4,rendered_html:2_no_ads
mpstudiodesign.pl,4,rendered_html:2_no_ads
murlikrishnacaterers.com,4,rendered_html:2_no_ads
musicaespanola.ch,4,rendered_html:2_no_ads
my-mostbet.com,4,rendered_html:2_no_ads
mykidsempire.com,4,rendered_html:2_no_ads
mytribegurgaon.com,4,rendered_html:2_no_ads
mzko.kz,4,rendered_html:2_no_ads
na-androida.pl,4,rendered_html:2_no_ads
naanstop.com.pk,4,rendered_html:2_no_ads
nadafund.org,4,rendered_html:2_no_ads
nadpartner.ru,4,rendered_html:2_no_ads
nejlepsionline-kasina.cz,4,rendered_html:2_no_ads
nejlepsipanve.cz,4,rendered_html:2_no_ads
neonatology.cz,4,rendered_html:2_no_ads
neurocare.com.sg,4,rendered_html:2_no_ads
newcapitalcompound.com,4,rendered_html:2_no_ads
niezepsujwspomnien.pl,4,rendered_html:2_no_ads
nobullchallenge.org,4,rendered_html:2_no_ads
novasite.kz,4,rendered_html:2_no_ads
np-mostbet.com,4,rendered_html:2_no_ads
ntic.cz,4,rendered_html:2_no_ads
oasis-carepoint.org,4,rendered_html:2_no_ads
oboi5.ru,4,rendered_html:2_no_ads
official-mostbet.online,4,rendered_html:2_no_ads
oik.kz,4,rendered_html:2_no_ads
okosekszer.hu,4,rendered_html:2_no_ads
oldgaelicrugby.com,4,rendered_html:2_no_ads
omadbet.com,4,rendered_html:2_no_ads
omvkcsongrad.hu,4,rendered_html:2_no_ads
ondrejsynek.cz,4,rendered_html:2_no_ads
one-pravo.ru,4,rendered_html:2_no_ads
onlineeuropeancasino.eu,4,rendered_html:2_no_ads
oreno.cz,4,rendered_html:2_no_ads
orvangyal.hu,4,rendered_html:2_no_ads
osz-decin.cz,4,rendered_html:2_no_ads
oszczedzaiczas.pl,4,rendered_html:2_no_ads
otticacasarin.com,4,rendered_html:2_no_ads
ouaazzmost.com,4,rendered_html:2_no_ads
owleye.cz,4,rendered_html:2_no_ads
pagholz.hu,4,rendered_html:2_no_ads
paintballpecs.hu,4,rendered_html:2_no_ads
pannyruty.cz,4,rendered_html:2_no_ads
paplux.pl,4,rendered_html:2_no_ads
paris-ru.com,4,rendered_html:2_no_ads
partnerupak.ru,4,rendered_html:2_no_ads
parts-portal.ru,4,rendered_html:2_no_ads
paszke360.com,4,rendered_html:2_no_ads
pbc88.cyou,4,rendered_html:2_no_ads
pe-mostbet.com,4,rendered_html:2_no_ads
peakimpactmostbet-xf.xyz,4,rendered_html:2_no_ads
pedrozoandpiriz.com,4,rendered_html:2_no_ads
piekarniagromulska.pl,4,rendered_html:2_no_ads
pit-2012.pl,4,rendered_html:2_no_ads
pitbikepro.ru,4,rendered_html:2_no_ads
pivoaslzy.cz,4,rendered_html:2_no_ads
pivothead.cz,4,rendered_html:2_no_ads
pivozvratnice.cz,4,rendered_html:2_no_ads
pklisty.cz,4,rendered_html:2_no_ads
pl-mostbet-casino.games,4,rendered_html:2_no_ads
plastic-hobby.com,4,rendered_html:2_no_ads
plasticseptet.hu,4,rendered_html:2_no_ads
play-mostbet-az.com,4,rendered_html:2_no_ads
playmania456.top,4,rendered_html:2_no_ads
pllh.cz,4,rendered_html:2_no_ads
plmostbet-casino.click,4,rendered_html:2_no_ads
pmlbfj7.com,4,rendered_html:2_no_ads
poker-dom014.buzz,4,rendered_html:2_no_ads
poker-dom015.buzz,4,rendered_html:2_no_ads
poker-dom016.buzz,4,rendered_html:2_no_ads
poker-dom019.buzz,4,rendered_html:2_no_ads
poker-dom020.buzz,4,rendered_html:2_no_ads
poker-dom021.buzz,4,rendered_html:2_no_ads
poker-dom022.buzz,4,rendered_html:2_no_ads
poker-dom023.buzz,4,rendered_html:2_no_ads
poker-dom024.buzz,4,rendered_html:2_no_ads
poker-dom025.buzz,4,rendered_html:2_no_ads
poker-dom026.buzz,4,rendered_html:2_no_ads
poker-dom027.buzz,4,rendered_html:2_no_ads
poker-dom028.buzz,4,rendered_html:2_no_ads
poker-dom029.buzz,4,rendered_html:2_no_ads
poker-dom030.buzz,4,rendered_html:2_no_ads
poker-dom031.buzz,4,rendered_html:2_no_ads
poker-dom032.buzz,4,rendered_html:2_no_ads
poker-dom033.buzz,4,rendered_html:2_no_ads
poker-dom034.buzz,4,rendered_html:2_no_ads
poker-dom035.buzz,4,rendered_html:2_no_ads
poker-dom036.buzz,4,rendered_html:2_no_ads
poker-dom037.buzz,4,rendered_html:2_no_ads
poker-dom038.buzz,4,rendered_html:2_no_ads
poker-dom039.buzz,4,rendered_html:2_no_ads
poker-dom040.buzz,4,rendered_html:2_no_ads
poker-dom041.buzz,4,rendered_html:2_no_ads
poker-dom042.buzz,4,rendered_html:2_no_ads
poker-dom043.buzz,4,rendered_html:2_no_ads
poker-dom044.buzz,4,rendered_html:2_no_ads
poker-dom18.buzz,4,rendered_html:2_no_ads
pokerdom-sdhir3.buzz,4,rendered_html:2_no_ads
pokerdom-sdhir4.buzz,4,rendered_html:2_no_ads
pokerdom075.buzz,4,rendered_html:2_no_ads
pokerdom076.buzz,4,rendered_html:2_no_ads
pokerdom077.buzz,4,rendered_html:2_no_ads
pokerdom15.buzz,4,rendered_html:2_no_ads
pokerdom16.buzz,4,rendered_html:2_no_ads
pokerdom17.buzz,4,rendered_html:2_no_ads
pokernomersatu.com,4,rendered_html:2_no_ads
politekonomia.ru,4,rendered_html:2_no_ads
poohri.cz,4,rendered_html:2_no_ads
portolido.pl,4,rendered_html:2_no_ads
portugal-mostbet.de,4,rendered_html:2_no_ads
prensamexico.com,4,rendered_html:2_no_ads
privesy-eshop.cz,4,rendered_html:2_no_ads
progra.cz,4,rendered_html:2_no_ads
promptiz.com,4,rendered_html:2_no_ads
przedsiebiorczykrakow.pl,4,rendered_html:2_no_ads
ptpo2023.pl,4,rendered_html:2_no_ads
qualchemrt.hu,4,rendered_html:2_no_ads
quantdart.com,4,rendered_html:2_no_ads
qwate.kz,4,rendered_html:2_no_ads
race-cages.pl,4,rendered_html:2_no_ads
radayleveltar.hu,4,rendered_html:2_no_ads
radianceveinclinic.com,4,rendered_html:2_no_ads
randikavezo.hu,4,rendered_html:2_no_ads
ras-elections.ru,4,rendered_html:2_no_ads
recipe365bengali.com,4,rendered_html:2_no_ads
reducaonaoesolucao.com.br,4,rendered_html:2_no_ads
regchem.ru,4,rendered_html:2_no_ads
relaxcc.cz,4,rendered_html:2_no_ads
rescuemagazine.pl,4,rendered_html:2_no_ads
restaurace-uklastera.cz,4,rendered_html:2_no_ads
retailmostbet.com,4,rendered_html:2_no_ads
review-mostbet1.com,4,rendered_html:2_no_ads
riad-essaouira-perledeau.com,4,rendered_html:2_no_ads
riadtroiscours.com,4,rendered_html:2_no_ads
rimotop.cz,4,rendered_html:2_no_ads
ringoland.cz,4,rendered_html:2_no_ads
riverine.hu,4,rendered_html:2_no_ads
roj.tn,4,rendered_html:2_no_ads
romaniajewishtours.com,4,rendered_html:2_no_ads
rssfeedreader.com,4,rendered_html:2_no_ads
rteebutembo.net,4,rendered_html:2_no_ads
ru-mostbet.com,4,rendered_html:2_no_ads
russiakitchen.ru,4,rendered_html:2_no_ads
ryandoherty.net,4,rendered_html:2_no_ads
ryazschool14.ru,4,rendered_html:2_no_ads
safinaorient.cz,4,rendered_html:2_no_ads
salemfm.kz,4,rendered_html:2_no_ads
salemhotels.kz,4,rendered_html:2_no_ads
saltysoutherncandleco.com,4,rendered_html:2_no_ads
sancevzatci.cz,4,rendered_html:2_no_ads
sanofi-aventis.kz,4,rendered_html:2_no_ads
sapatk.kz,4,rendered_html:2_no_ads
satzhangram.kz,4,rendered_html:2_no_ads
savariarallye.hu,4,rendered_html:2_no_ads
sawyermodels.co.uk,4,rendered_html:2_no_ads
sblizenipolitikou.cz,4,rendered_html:2_no_ads
scharek.hu,4,rendered_html:2_no_ads
scholardle.com,4,rendered_html:2_no_ads
seasideparkservicecenter.com,4,rendered_html:2_no_ads
selena2010.kz,4,rendered_html:2_no_ads
seoprofessor.in,4,rendered_html:2_no_ads
serialycz.cz,4,rendered_html:2_no_ads
sfurti.in,4,rendered_html:2_no_ads
shopblitz12.info,4,rendered_html:2_no_ads
shreeganeshrealestate.co.in,4,rendered_html:2_no_ads
siesta-shoes.hu,4,rendered_html:2_no_ads
simon-chasseloup.com,4,rendered_html:2_no_ads
sims4-igra.ru,4,rendered_html:2_no_ads
skylightnepal.com,4,rendered_html:2_no_ads
slots5.ru,4,rendered_html:2_no_ads
smarteventsksa.com,4,rendered_html:2_no_ads
soccergenomics.com,4,rendered_html:2_no_ads
solar-panels-power-energy.com,4,rendered_html:2_no_ads
solarkogabriela.cz,4,rendered_html:2_no_ads
solesofwhistler.com,4,rendered_html:2_no_ads
solutionist.club,4,rendered_html:2_no_ads
sotsko.kz,4,rendered_html:2_no_ads
sportbar-orange.cz,4,rendered_html:2_no_ads
spotrebice-whirlpool.cz,4,rendered_html:2_no_ads
squeen6688.xyz,4,rendered_html:2_no_ads
starburst-game.com,4,rendered_html:2_no_ads
startupgrowthadvisors.com,4,rendered_html:2_no_ads
stavebni-dokumentace.cz,4,rendered_html:2_no_ads
stepfestival.cz,4,rendered_html:2_no_ads
stmaryzweila.com,4,rendered_html:2_no_ads
storyscreenbeacon.com,4,rendered_html:2_no_ads
strechy-kz.cz,4,rendered_html:2_no_ads
strechykb.cz,4,rendered_html:2_no_ads
streetside.org,4,rendered_html:2_no_ads
studioe3.cz,4,rendered_html:2_no_ads
studybulletin.com,4,rendered_html:2_no_ads
stuntscotland.co.uk,4,rendered_html:2_no_ads
subrt-trans.cz,4,rendered_html:2_no_ads
sudhakarsilks.com,4,rendered_html:2_no_ads
sunlight.kz,4,rendered_html:2_no_ads
supremepackersandmovers.in,4,rendered_html:2_no_ads
swmnhunting.com,4,rendered_html:2_no_ads
szcse.hu,4,rendered_html:2_no_ads
szegedirakkutatasert.hu,4,rendered_html:2_no_ads
t4k.kz,4,rendered_html:2_no_ads
taiynsha.kz,4,rendered_html:2_no_ads
team9.ru,4,rendered_html:2_no_ads
techbrain.cz,4,rendered_html:2_no_ads
test-casino-dm-ca.store,4,rendered_html:2_no_ads
texastruebluecoffee.com,4,rendered_html:2_no_ads
tgirl-videos.com,4,rendered_html:2_no_ads
thaimaansuomalainen.com,4,rendered_html:2_no_ads
thanthienweb.com,4,rendered_html:2_no_ads
the-lanaudiere.com,4,rendered_html:2_no_ads
thecupeffect.org,4,rendered_html:2_no_ads
thepeakyblinders.com,4,rendered_html:2_no_ads
thermshop.pl,4,rendered_html:2_no_ads
thevoiceovernetwork.org,4,rendered_html:2_no_ads
thomasbrothersproductions.com,4,rendered_html:2_no_ads
tifaouineshop.com,4,rendered_html:2_no_ads
tip-bazar.cz,4,rendered_html:2_no_ads
tjikko.co.in,4,rendered_html:2_no_ads
tjmostbet.com,4,rendered_html:2_no_ads
tonutri.com.br,4,rendered_html:2_no_ads
toparcadezone.com,4,rendered_html:2_no_ads
topclickexplosion222.top,4,rendered_html:2_no_ads
torba.kz,4,rendered_html:2_no_ads
tower-mostbet.com,4,rendered_html:2_no_ads
tr-mostbett-yukle.com,4,rendered_html:2_no_ads
trebon-ubytovani-art.cz,4,rendered_html:2_no_ads
treinamento24.com,4,rendered_html:2_no_ads
tucasinoideal.com,4,rendered_html:2_no_ads
tuningdoaut.cz,4,rendered_html:2_no_ads
tvdei.pl,4,rendered_html:2_no_ads
tvoyaclinica.ru,4,rendered_html:2_no_ads
tvoypoker.com,4,rendered_html:2_no_ads
tvvridlo.cz,4,rendered_html:2_no_ads
twist247.live,4,rendered_html:2_no_ads
tybeteika.ru,4,rendered_html:2_no_ads
tz-mostbet.com,4,rendered_html:2_no_ads
uaemmaf.com,4,rendered_html:2_no_ads
ubytovna-chrastany.cz,4,rendered_html:2_no_ads
ulefones.cz,4,rendered_html:2_no_ads
undergaters.cz,4,rendered_html:2_no_ads
unikbynature.com,4,rendered_html:2_no_ads
urbanicarealstate.com,4,rendered_html:2_no_ads
urfolab.ru,4,rendered_html:2_no_ads
uro-prof.ru,4,rendered_html:2_no_ads
usebluebird.com,4,rendered_html:2_no_ads
utmostbet.com,4,rendered_html:2_no_ads
uz-mostbet.com,4,rendered_html:2_no_ads
uzmostbonus.life,4,rendered_html:2_no_ads
uzslotsmostslot.xyz,4,rendered_html:2_no_ads
valdostamuseum.com,4,rendered_html:2_no_ads
varys-kubela.cz,4,rendered_html:2_no_ads
verajourova.cz,4,rendered_html:2_no_ads
veselazena.cz,4,rendered_html:2_no_ads
vipesportiva.com,4,rendered_html:2_no_ads
vkplast.cz,4,rendered_html:2_no_ads
vmostbet.com,4,rendered_html:2_no_ads
vor2013.cz,4,rendered_html:2_no_ads
vortexspas.ru,4,rendered_html:2_no_ads
vranovice-pohorelice.cz,4,rendered_html:2_no_ads
vrliberec.cz,4,rendered_html:2_no_ads
vyber-eet.cz,4,rendered_html:2_no_ads
vyrazdosveta.cz,4,rendered_html:2_no_ads
wallclub.ru,4,rendered_html:2_no_ads
wastetargetsreview.eu,4,rendered_html:2_no_ads
westcoastchill.com,4,rendered_html:2_no_ads
wigsreview.com,4,rendered_html:2_no_ads
winpartners.pro,4,rendered_html:2_no_ads
wins-burning.ru,4,rendered_html:2_no_ads
winsburning.ru,4,rendered_html:2_no_ads
wm-credit.su,4,rendered_html:2_no_ads
wmhzn7mb.com,4,rendered_html:2_no_ads
womanuprussia.com,4,rendered_html:2_no_ads
world-art.org,4,rendered_html:2_no_ads
worldrwk.pics,4,rendered_html:2_no_ads
www-ubytovani-dyjakovice-cz.cz,4,rendered_html:2_no_ads
xbet-mirror1.online,4,rendered_html:2_no_ads
xcfrnlmb.com,4,rendered_html:2_no_ads
xn--90aitipgc.org,4,rendered_html:2_no_ads
xn--mostbet-mxico-jhb.com,4,rendered_html:2_no_ads
xn--mostbet-per-fhb.com,4,rendered_html:2_no_ads
xn--mostbetmxico-ieb.com,4,rendered_html:2_no_ads
xn--mostbetper-wdb.com,4,rendered_html:2_no_ads
yasamayavefe-art.com,4,rendered_html:2_no_ads
yetiwincasinov.com,4,rendered_html:2_no_ads
yukon-casino1-nz.com,4,rendered_html:2_no_ads
zanbc.kz,4,rendered_html:2_no_ads
zara11.bet,4,rendered_html:2_no_ads
zarazeniusmiechem.pl,4,rendered_html:2_no_ads
zazijfosku.cz,4,rendered_html:2_no_ads
zebraart.kz,4,rendered_html:2_no_ads
zsolovi.cz,4,rendered_html:2_no_ads
1-aviator.com,4,rendered_html:3_other_only
1-luckyjet.com,4,rendered_html:3_other_only
1-mostbet.com,4,rendered_html:3_other_only
3-mostbet.com,4,rendered_html:3_other_only
311streamsystem.com,4,rendered_html:3_other_only
4-mostbet.com,4,rendered_html:3_other_only
a-s-t.pl,4,rendered_html:3_other_only
aktivtrast.ru,4,rendered_html:3_other_only
akvaparkimoskvy.ru,4,rendered_html:3_other_only
alejandromanzo.com,4,rendered_html:3_other_only
altazorlabs.com,4,rendered_html:3_other_only
americahealthdirect.com,4,rendered_html:3_other_only
amp-skarier.ru,4,rendered_html:3_other_only
amp-sklogos.ru,4,rendered_html:3_other_only
andoutcometheboobs.com,4,rendered_html:3_other_only
androidmostbetbd.com,4,rendered_html:3_other_only
antidotumclub.pl,4,rendered_html:3_other_only
armostbet.com,4,rendered_html:3_other_only
artykuly-pszczelarskie.pl,4,rendered_html:3_other_only
atarpro.pl,4,rendered_html:3_other_only
auta-japonskie.pl,4,rendered_html:3_other_only
avialantic.com,4,rendered_html:3_other_only
aviator-game.buzz,4,rendered_html:3_other_only
aviator-india-play.ink,4,rendered_html:3_other_only
aviator-pak.ink,4,rendered_html:3_other_only
aviator-top.ink,4,rendered_html:3_other_only
aviatorgame1.com,4,rendered_html:3_other_only
aviatorgameonline.info,4,rendered_html:3_other_only
aviatormostbet.net,4,rendered_html:3_other_only
aviatormostbet.ru,4,rendered_html:3_other_only
aviatorpk.com,4,rendered_html:3_other_only
azer-mostbet.top,4,rendered_html:3_other_only
bdmostbet.org,4,rendered_html:3_other_only
bdmostbetapp.com,4,rendered_html:3_other_only
bdmostbetappdownload.com,4,rendered_html:3_other_only
bdmostbetbd2.com,4,rendered_html:3_other_only
bdmostbetlogin.com,4,rendered_html:3_other_only
bengalistories.in,4,rendered_html:3_other_only
best-casino-mostbet.com,4,rendered_html:3_other_only
best-mostbet-cz.com,4,rendered_html:3_other_only
besthousecastellon.com,4,rendered_html:3_other_only
bet953.co,4,rendered_html:3_other_only
bookiespk.com,4,rendered_html:3_other_only
browspa.pl,4,rendered_html:3_other_only
budostal5.com.pl,4,rendered_html:3_other_only
casino-gang.cl,4,rendered_html:3_other_only
casino-mostbet-app.ru,4,rendered_html:3_other_only
casinomostbet.cl,4,rendered_html:3_other_only
casinomostbet.mx,4,rendered_html:3_other_only
casinomostbet.win,4,rendered_html:3_other_only
ccr2p.org,4,rendered_html:3_other_only
centrumzdraviaregenerace.cz,4,rendered_html:3_other_only
cernohorskytuning.cz,4,rendered_html:3_other_only
change-tv.ru,4,rendered_html:3_other_only
chcidomrazaku.cz,4,rendered_html:3_other_only
chorvatsko-ubytovani-apartman.cz,4,rendered_html:3_other_only
chutnej-sejr.cz,4,rendered_html:3_other_only
cleo.media.pl,4,rendered_html:3_other_only
clmostbet.com,4,rendered_html:3_other_only
clmostbetchile.com,4,rendered_html:3_other_only
cns28.ru,4,rendered_html:3_other_only
colorithotel.ru,4,rendered_html:3_other_only
comcomed.pl,4,rendered_html:3_other_only
comostbet.com,4,rendered_html:3_other_only
comostbet.net,4,rendered_html:3_other_only
comostbetcasino.com,4,rendered_html:3_other_only
cottmanofstpeters-preview.com,4,rendered_html:3_other_only
couleur-caramel.cz,4,rendered_html:3_other_only
countryofcanyons.ru,4,rendered_html:3_other_only
crashbooster.com,4,rendered_html:3_other_only
crazy-time-score.com,4,rendered_html:3_other_only
cricketweb.net,4,rendered_html:3_other_only
dainikshomayershangbad.com,4,rendered_html:3_other_only
dawo.uz,4,rendered_html:3_other_only
dazzlecarwash.com,4,rendered_html:3_other_only
delokg.cfd,4,rendered_html:3_other_only
descargarmostbet.com,4,rendered_html:3_other_only
desi-casinos.net,4,rendered_html:3_other_only
dianalab.cz,4,rendered_html:3_other_only
dietaexante.cz,4,rendered_html:3_other_only
disenteria.net,4,rendered_html:3_other_only
divine-park.com,4,rendered_html:3_other_only
dolarky.cz,4,rendered_html:3_other_only
domus.org.pl,4,rendered_html:3_other_only
doublebubble.cz,4,rendered_html:3_other_only
drsalinastrauma.com,4,rendered_html:3_other_only
drstastna.cz,4,rendered_html:3_other_only
dvere-polivka.cz,4,rendered_html:3_other_only
ebmedi.cz,4,rendered_html:3_other_only
ecmostbet.com,4,rendered_html:3_other_only
ecovisionafrik.net,4,rendered_html:3_other_only
edavkysno.ru,4,rendered_html:3_other_only
elektronika-levne.cz,4,rendered_html:3_other_only
epfcrete2019.org,4,rendered_html:3_other_only
esjpakistan.com,4,rendered_html:3_other_only
esportsbetting-ua.com,4,rendered_html:3_other_only
exmo.money,4,rendered_html:3_other_only
femmefables.pl,4,rendered_html:3_other_only
fkodraopole.pl,4,rendered_html:3_other_only
fotovideografia.pl,4,rendered_html:3_other_only
framingboca.com,4,rendered_html:3_other_only
freesupertips.uk,4,rendered_html:3_other_only
freshincfestival.com,4,rendered_html:3_other_only
getmostbetbd.com,4,rendered_html:3_other_only
giris-sweet-bonanza.ink,4,rendered_html:3_other_only
giris-sweetbonanza.ink,4,rendered_html:3_other_only
girisi-sweet-bonanza.ink,4,rendered_html:3_other_only
gloriaperezsalmeron.org,4,rendered_html:3_other_only
gnyda.org,4,rendered_html:3_other_only
groutmedicdfw.com,4,rendered_html:3_other_only
gts-nsk.ru,4,rendered_html:3_other_only
gynea-praha.cz,4,rendered_html:3_other_only
gzmd.ru,4,rendered_html:3_other_only
hanoiszybowcowa.pl,4,rendered_html:3_other_only
hasta-center.ru,4,rendered_html:3_other_only
idcenter.pl,4,rendered_html:3_other_only
infiniteyou.pl,4,rendered_html:3_other_only
inmostbet.net,4,rendered_html:3_other_only
inmostbetaviator.com,4,rendered_html:3_other_only
inmostbetcasino.com,4,rendered_html:3_other_only
iowarenegades.com,4,rendered_html:3_other_only
istochnik.info,4,rendered_html:3_other_only
jakbude.net,4,rendered_html:3_other_only
janceskalkova.cz,4,rendered_html:3_other_only
janpolbrzozie.com.pl,4,rendered_html:3_other_only
jeffersonlakeside.com,4,rendered_html:3_other_only
joinmostbetbd.com,4,rendered_html:3_other_only
josfamilyhistory.com,4,rendered_html:3_other_only
karczma-u-jana.pl,4,rendered_html:3_other_only
kielbaibula.pl,4,rendered_html:3_other_only
kierlanczyk.pl,4,rendered_html:3_other_only
klmvamravati.in,4,rendered_html:3_other_only
klub-reflex.pl,4,rendered_html:3_other_only
koberceadam.cz,4,rendered_html:3_other_only
kohana-modules.com,4,rendered_html:3_other_only
komixarna.cz,4,rendered_html:3_other_only
kopmeet.ru,4,rendered_html:3_other_only
krabicka-s-pribehy.cz,4,rendered_html:3_other_only
kubovyvylety.cz,4,rendered_html:3_other_only
lacasa-gran.com,4,rendered_html:3_other_only
larrypageddsphd.com,4,rendered_html:3_other_only
lcpconsulting.com,4,rendered_html:3_other_only
lekarnamohelnice.cz,4,rendered_html:3_other_only
lenkakrupova.cz,4,rendered_html:3_other_only
letemkrajem.cz,4,rendered_html:3_other_only
lider-amicus.com.pl,4,rendered_html:3_other_only
localdog.cz,4,rendered_html:3_other_only
logopediekromeriz.cz,4,rendered_html:3_other_only
lovelovers.kz,4,rendered_html:3_other_only
lunababy.cz,4,rendered_html:3_other_only
madanitv.net,4,rendered_html:3_other_only
magwomen.ru,4,rendered_html:3_other_only
mahjong-ways3.com,4,rendered_html:3_other_only
man-hestigroup.cz,4,rendered_html:3_other_only
maniadesign.com.pl,4,rendered_html:3_other_only
manufakturawanien.pl,4,rendered_html:3_other_only
matt-stewart.com,4,rendered_html:3_other_only
mdfshpon355.ru,4,rendered_html:3_other_only
megachlopiec.pl,4,rendered_html:3_other_only
merrycircles.pl,4,rendered_html:3_other_only
miamigranitemarble.com,4,rendered_html:3_other_only
miavalasz.hu,4,rendered_html:3_other_only
millersandmakers.com,4,rendered_html:3_other_only
mimoki.pl,4,rendered_html:3_other_only
mlodziplus.pl,4,rendered_html:3_other_only
mmm-acns2017.pl,4,rendered_html:3_other_only
monty-skolka.cz,4,rendered_html:3_other_only
morskyobchod.cz,4,rendered_html:3_other_only
mosbet-kazino.com,4,rendered_html:3_other_only
most-bet-casino-cz.cz,4,rendered_html:3_other_only
most-bet-pl.pl,4,rendered_html:3_other_only
most-bet.casino,4,rendered_html:3_other_only
most-bet.com.pl,4,rendered_html:3_other_only
most-betcasino.eu.com,4,rendered_html:3_other_only
most-bets.eu.com,4,rendered_html:3_other_only
mostb.et,4,rendered_html:3_other_only
mostb.lol,4,rendered_html:3_other_only
mostbet-1.pl,4,rendered_html:3_other_only
mostbet-1214.xyz,4,rendered_html:3_other_only
mostbet-2021.xyz,4,rendered_html:3_other_only
mostbet-2rus.xyz,4,rendered_html:3_other_only
mostbet-335.xyz,4,rendered_html:3_other_only
mostbet-3h8l.xyz,4,rendered_html:3_other_only
mostbet-4poh.xyz,4,rendered_html:3_other_only
mostbet-aaui.xyz,4,rendered_html:3_other_only
mostbet-apk-online.mobi,4,rendered_html:3_other_only
mostbet-app.mobi,4,rendered_html:3_other_only
mostbet-apuestas.com,4,rendered_html:3_other_only
mostbet-at4.xyz,4,rendered_html:3_other_only
mostbet-australia.com,4,rendered_html:3_other_only
mostbet-azz.ink,4,rendered_html:3_other_only
mostbet-best1.com,4,rendered_html:3_other_only
mostbet-bonusy.pro,4,rendered_html:3_other_only
mostbet-brand-pl.best,4,rendered_html:3_other_only
mostbet-brand-pl.click,4,rendered_html:3_other_only
mostbet-brand-pl.com,4,rendered_html:3_other_only
mostbet-brand.pro,4,rendered_html:3_other_only
mostbet-c.xyz,4,rendered_html:3_other_only
mostbet-ca.net,4,rendered_html:3_other_only
mostbet-ca.org,4,rendered_html:3_other_only
mostbet-casino-cz.org,4,rendered_html:3_other_only
mostbet-casino-login.com,4,rendered_html:3_other_only
mostbet-casino-online-cz.com,4,rendered_html:3_other_only
mostbet-casino-online-cz.cz,4,rendered_html:3_other_only
mostbet-casino-online-cz.eu.com,4,rendered_html:3_other_only
mostbet-casino-pt.net,4,rendered_html:3_other_only
mostbet-casino-pt.pt,4,rendered_html:3_other_only
mostbet-casino.click,4,rendered_html:3_other_only
mostbet-casino.us.com,4,rendered_html:3_other_only
mostbet-casino2.com,4,rendered_html:3_other_only
mostbet-casinocz.com,4,rendered_html:3_other_only
mostbet-casinoo.app,4,rendered_html:3_other_only
mostbet-casinoo.best,4,rendered_html:3_other_only
mostbet-casinoo.casino,4,rendered_html:3_other_only
mostbet-casinoo.click,4,rendered_html:3_other_only
mostbet-casinoo.com.pl,4,rendered_html:3_other_only
mostbet-casinoo.info,4,rendered_html:3_other_only
mostbet-casinoo.ink,4,rendered_html:3_other_only
mostbet-casinos-pl.com,4,rendered_html:3_other_only
mostbet-casinos.org.pl,4,rendered_html:3_other_only
mostbet-cz-casino.win,4,rendered_html:3_other_only
mostbet-cz1.xyz,4,rendered_html:3_other_only
mostbet-czechia.org,4,rendered_html:3_other_only
mostbet-f80.xyz,4,rendered_html:3_other_only
mostbet-fr.eu.com,4,rendered_html:3_other_only
mostbet-gamble.pro,4,rendered_html:3_other_only
mostbet-game-az.com,4,rendered_html:3_other_only
mostbet-giris-tr.net,4,rendered_html:3_other_only
mostbet-hmcp.xyz,4,rendered_html:3_other_only
mostbet-hu3.com,4,rendered_html:3_other_only
mostbet-hu4.com,4,rendered_html:3_other_only
mostbet-hu5.com,4,rendered_html:3_other_only
mostbet-ie.net,4,rendered_html:3_other_only
mostbet-ie.org,4,rendered_html:3_other_only
mostbet-kasyno-gracze.pl,4,rendered_html:3_other_only
mostbet-kasyno.org.pl,4,rendered_html:3_other_only
mostbet-kazino247.ru,4,rendered_html:3_other_only
mostbet-kz3.xyz,4,rendered_html:3_other_only
mostbet-n.xyz,4,rendered_html:3_other_only
mostbet-official-az.com,4,rendered_html:3_other_only
mostbet-officialsite.top,4,rendered_html:3_other_only
mostbet-online-play.org,4,rendered_html:3_other_only
mostbet-playrf.ru,4,rendered_html:3_other_only
mostbet-poland.net.pl,4,rendered_html:3_other_only
mostbet-portugal.info,4,rendered_html:3_other_only
mostbet-ro.com.ro,4,rendered_html:3_other_only
mostbet-roi6.xyz,4,rendered_html:3_other_only
mostbet-uz-top.com,4,rendered_html:3_other_only
mostbet.agro.pl,4,rendered_html:3_other_only
mostbet.co.nl,4,rendered_html:3_other_only
mostbet.com.lv,4,rendered_html:3_other_only
mostbet.com.ro,4,rendered_html:3_other_only
mostbet.net.nz,4,rendered_html:3_other_only
mostbet.org.lv,4,rendered_html:3_other_only
mostbet.rzeszow.pl,4,rendered_html:3_other_only
mostbet.uk.com,4,rendered_html:3_other_only
mostbet.uk.net,4,rendered_html:3_other_only
mostbet1-kz.com,4,rendered_html:3_other_only
mostbet1.bond,4,rendered_html:3_other_only
mostbet1.casino,4,rendered_html:3_other_only
mostbet2.bond,4,rendered_html:3_other_only
mostbet21.pl,4,rendered_html:3_other_only
mostbet3.bond,4,rendered_html:3_other_only
mostbet3.org,4,rendered_html:3_other_only
mostbet4.bond,4,rendered_html:3_other_only
mostbet5.bond,4,rendered_html:3_other_only
mostbet67.casino,4,rendered_html:3_other_only
mostbet67.com,4,rendered_html:3_other_only
mostbet67.lol,4,rendered_html:3_other_only
mostbet67.meme,4,rendered_html:3_other_only
mostbet994.casino,4,rendered_html:3_other_only
mostbet995.casino,4,rendered_html:3_other_only
mostbet997.casino,4,rendered_html:3_other_only
mostbetapkdownload.info,4,rendered_html:3_other_only
mostbetapkdownload.net,4,rendered_html:3_other_only
mostbetapp.asia,4,rendered_html:3_other_only
mostbetapp.info,4,rendered_html:3_other_only
mostbetapp.vin,4,rendered_html:3_other_only
mostbetapp.vu,4,rendered_html:3_other_only
mostbetappdownload.info,4,rendered_html:3_other_only
mostbetappdownload.net,4,rendered_html:3_other_only
mostbetappdownloadapk.com,4,rendered_html:3_other_only
mostbetappdownloadapk.info,4,rendered_html:3_other_only
mostbetappdownloadapk.net,4,rendered_html:3_other_only
mostbetapps.icu,4,rendered_html:3_other_only
mostbetaustralia.com,4,rendered_html:3_other_only
mostbetaviator-in.com,4,rendered_html:3_other_only
mostbetaviatorgame.info,4,rendered_html:3_other_only
mostbetaviatorgame.net,4,rendered_html:3_other_only
mostbetaviatorlogin.com,4,rendered_html:3_other_only
mostbetbd2login.net,4,rendered_html:3_other_only
mostbetbdlogin.net,4,rendered_html:3_other_only
mostbetbdmobile.com,4,rendered_html:3_other_only
mostbetbet-bd.com,4,rendered_html:3_other_only
mostbetbrazil.net,4,rendered_html:3_other_only
mostbetcas.lol,4,rendered_html:3_other_only
mostbetcasino-de.de,4,rendered_html:3_other_only
mostbetcasino-fr.eu.com,4,rendered_html:3_other_only
mostbetcasino-hu.hu.net,4,rendered_html:3_other_only
mostbetcasino-hungary.org,4,rendered_html:3_other_only
mostbetcasino-india.com,4,rendered_html:3_other_only
mostbetcasino-nederland.com,4,rendered_html:3_other_only
mostbetcasino-nl.com,4,rendered_html:3_other_only
mostbetcasino-no.com,4,rendered_html:3_other_only
mostbetcasino-no.eu.com,4,rendered_html:3_other_only
mostbetcasino-pl.eu.com,4,rendered_html:3_other_only
mostbetcasino-portugal.net,4,rendered_html:3_other_only
mostbetcasino-ro.com,4,rendered_html:3_other_only
mostbetcasino-ro.com.ro,4,rendered_html:3_other_only
mostbetcasino.ca,4,rendered_html:3_other_only
mostbetcasino.ch,4,rendered_html:3_other_only
mostbetcasino.eu,4,rendered_html:3_other_only
mostbetcasino.info,4,rendered_html:3_other_only
mostbetcasino.io,4,rendered_html:3_other_only
mostbetcasino.it,4,rendered_html:3_other_only
mostbetcasino.net.pl,4,rendered_html:3_other_only
mostbetcasino.nz,4,rendered_html:3_other_only
mostbetcasino.one,4,rendered_html:3_other_only
mostbetcasino.org.mx,4,rendered_html:3_other_only
mostbetcasino.ro,4,rendered_html:3_other_only
mostbetcasino1.net,4,rendered_html:3_other_only
mostbetcasino1.pl,4,rendered_html:3_other_only
mostbetcasino24.net,4,rendered_html:3_other_only
mostbetcasino247.net,4,rendered_html:3_other_only
mostbetcasino365.com,4,rendered_html:3_other_only
mostbetcasino365.net,4,rendered_html:3_other_only
mostbetcasino4.org,4,rendered_html:3_other_only
mostbetcasinoapp.net,4,rendered_html:3_other_only
mostbetcasinobonus.net,4,rendered_html:3_other_only
mostbetcasinochile.com,4,rendered_html:3_other_only
mostbetcasinochile.net,4,rendered_html:3_other_only
mostbetcasinoczech.cz,4,rendered_html:3_other_only
mostbetcasinoguidecz.com,4,rendered_html:3_other_only
mostbetcasinohot.lol,4,rendered_html:3_other_only
mostbetcasinoit.com,4,rendered_html:3_other_only
mostbetcasinonodeposit.click,4,rendered_html:3_other_only
mostbetcasinoo.com,4,rendered_html:3_other_only
mostbetcasinoo.net.pl,4,rendered_html:3_other_only
mostbetcasinoonline-cz.com,4,rendered_html:3_other_only
mostbetcasinoonline-cz.cz,4,rendered_html:3_other_only
mostbetcasinoonline-cz.eu.com,4,rendered_html:3_other_only
mostbetcasinoonline.cz,4,rendered_html:3_other_only
mostbetcasinopotrugal.com,4,rendered_html:3_other_only
mostbetcasinopotrugal.net,4,rendered_html:3_other_only
mostbetcasinos-cz.com,4,rendered_html:3_other_only
mostbetcasinos-pl.com,4,rendered_html:3_other_only
mostbetcasinos.app,4,rendered_html:3_other_only
mostbetcasinos.net,4,rendered_html:3_other_only
mostbetcasinouk.com,4,rendered_html:3_other_only
mostbetcasinovip.com,4,rendered_html:3_other_only
mostbetcasinoy.com,4,rendered_html:3_other_only
mostbetcassino.com,4,rendered_html:3_other_only
mostbetcassino.net,4,rendered_html:3_other_only
mostbetclub.com,4,rendered_html:3_other_only
mostbetcolombia.net,4,rendered_html:3_other_only
mostbetcolombia.org,4,rendered_html:3_other_only
mostbetczech.com,4,rendered_html:3_other_only
mostbetczechcasino.cz,4,rendered_html:3_other_only
mostbetgirisitesi.com,4,rendered_html:3_other_only
mostbetin.net,4,rendered_html:3_other_only
mostbetinbd.com,4,rendered_html:3_other_only
mostbetindia.info,4,rendered_html:3_other_only
mostbetindir.info,4,rendered_html:3_other_only
mostbetjoga-pt.com,4,rendered_html:3_other_only
mostbetkasino.pl,4,rendered_html:3_other_only
mostbetkasyno.org.pl,4,rendered_html:3_other_only
mostbetloginbd.net,4,rendered_html:3_other_only
mostbetloginnepal.net,4,rendered_html:3_other_only
mostbetloginnepal.org,4,rendered_html:3_other_only
mostbetmb.mobi,4,rendered_html:3_other_only
mostbetmb2.site,4,rendered_html:3_other_only
mostbetmirror.site,4,rendered_html:3_other_only
mostbetnepallogin.com,4,rendered_html:3_other_only
mostbetonlinecasino-cz.com,4,rendered_html:3_other_only
mostbetonlinecasino-cz.cz,4,rendered_html:3_other_only
mostbetonlinecasino-cz.eu.com,4,rendered_html:3_other_only
mostbetonlinecasino.info,4,rendered_html:3_other_only
mostbetp1.ink,4,rendered_html:3_other_only
mostbetpoker.com,4,rendered_html:3_other_only
mostbetpromo.mobi,4,rendered_html:3_other_only
mostbetregistration.info,4,rendered_html:3_other_only
mostbets.agro.pl,4,rendered_html:3_other_only
mostbets.auto.pl,4,rendered_html:3_other_only
mostbets.eu.com,4,rendered_html:3_other_only
mostbets.radio.fm,4,rendered_html:3_other_only
mostbetsportfogadas.com,4,rendered_html:3_other_only
mostbetviva-it.com,4,rendered_html:3_other_only
mostbetwin-cz.com,4,rendered_html:3_other_only
mostbetwin-mx.com,4,rendered_html:3_other_only
mostbetwin.top,4,rendered_html:3_other_only
mostbetwinpl.com,4,rendered_html:3_other_only
mostsbetcasino.com,4,rendered_html:3_other_only
mrsmoletovice.cz,4,rendered_html:3_other_only
mudrjaskova.cz,4,rendered_html:3_other_only
murphsgaslight.com,4,rendered_html:3_other_only
mxmostbetmexico.com,4,rendered_html:3_other_only
mypdapp.com,4,rendered_html:3_other_only
nationalparty.com.pk,4,rendered_html:3_other_only
netflorista.com,4,rendered_html:3_other_only
niebieskakajuta.pl,4,rendered_html:3_other_only
ninca.pl,4,rendered_html:3_other_only
njzhenguyan.ru,4,rendered_html:3_other_only
noclegiujagody.pl,4,rendered_html:3_other_only
non-stopdogwear.cz,4,rendered_html:3_other_only
npaviatorgame.com,4,rendered_html:3_other_only
npmostbet.com,4,rendered_html:3_other_only
npmostbetapk.com,4,rendered_html:3_other_only
npmostbetapp.com,4,rendered_html:3_other_only
npmostbetdownload.com,4,rendered_html:3_other_only
npmostbetnepal.com,4,rendered_html:3_other_only
nr-sibiria.ru,4,rendered_html:3_other_only
nwhvr.com,4,rendered_html:3_other_only
oazaprezentow.pl,4,rendered_html:3_other_only
odchazimonline.cz,4,rendered_html:3_other_only
ojciecpio.com.pl,4,rendered_html:3_other_only
onethirdoftheholocaust.com,4,rendered_html:3_other_only
onocosi.cz,4,rendered_html:3_other_only
onurunurlu.com,4,rendered_html:3_other_only
optyklawrynowicz.pl,4,rendered_html:3_other_only
ortho-architekci.pl,4,rendered_html:3_other_only
oxyd.cz,4,rendered_html:3_other_only
packardevents.org,4,rendered_html:3_other_only
pakistan-sports-betting.com,4,rendered_html:3_other_only
pcpr-kluczbork.pl,4,rendered_html:3_other_only
pelne-zdrowia.pl,4,rendered_html:3_other_only
pemostbet.com,4,rendered_html:3_other_only
perpendox.com,4,rendered_html:3_other_only
piercing-factory.cz,4,rendered_html:3_other_only
pinky-planet.pl,4,rendered_html:3_other_only
piosad.com.pl,4,rendered_html:3_other_only
pivnicenamarjance.cz,4,rendered_html:3_other_only
pkmostbet.net,4,rendered_html:3_other_only
pl-mostbet-casino.pl,4,rendered_html:3_other_only
play-mostbet.net,4,rendered_html:3_other_only
playmostbetbd.com,4,rendered_html:3_other_only
pmfr.ru,4,rendered_html:3_other_only
podtrzemarozami.pl,4,rendered_html:3_other_only
porodniasistentkaolomouc.cz,4,rendered_html:3_other_only
privatloket.cz,4,rendered_html:3_other_only
przedszkole29tychy.pl,4,rendered_html:3_other_only
ptakoviny-eshop.cz,4,rendered_html:3_other_only
raczkarestauracja.pl,4,rendered_html:3_other_only
rebatt.ru,4,rendered_html:3_other_only
rehabilitace-dolak.cz,4,rendered_html:3_other_only
resmi-giris-sweet-bonanza.ink,4,rendered_html:3_other_only
resmi-giris-sweetbonanza.ink,4,rendered_html:3_other_only
resmi-giris777.ink,4,rendered_html:3_other_only
resmi-girisi-sweet-bonanza.ink,4,rendered_html:3_other_only
resmi-sweetbonanza-giris.ink,4,rendered_html:3_other_only
resmi-sweetbonanza.ink,4,rendered_html:3_other_only
restauracjaujakuba.pl,4,rendered_html:3_other_only
reva-fitness.cz,4,rendered_html:3_other_only
rmostbetcasino.com,4,rendered_html:3_other_only
rmostbetchile.com,4,rendered_html:3_other_only
royse.pl,4,rendered_html:3_other_only
runordeath.pl,4,rendered_html:3_other_only
schandara.cz,4,rendered_html:3_other_only
scholagraphidis.hu,4,rendered_html:3_other_only
sds-tarnobrzeg.pl,4,rendered_html:3_other_only
seev4-city.eu,4,rendered_html:3_other_only
semaro.pl,4,rendered_html:3_other_only
sftcbsa.org,4,rendered_html:3_other_only
sibirskachaga.cz,4,rendered_html:3_other_only
sklep-carmen.pl,4,rendered_html:3_other_only
slmebel.ru,4,rendered_html:3_other_only
slots-ke.com,4,rendered_html:3_other_only
socialclothingshop.com,4,rendered_html:3_other_only
sonyscaviar.com,4,rendered_html:3_other_only
spohnexcavatinginc.net,4,rendered_html:3_other_only
strategic-human-resource.com,4,rendered_html:3_other_only
sugarlogistics.eu,4,rendered_html:3_other_only
sweet-bonanza-game1.ink,4,rendered_html:3_other_only
sweet-bonanza-resmi-giris.ink,4,rendered_html:3_other_only
sweet-bonanza-resmi.ink,4,rendered_html:3_other_only
sweetbonanza-girisi.ink,4,rendered_html:3_other_only
sweett-bonanza-giris.ink,4,rendered_html:3_other_only
szafir-bystra.pl,4,rendered_html:3_other_only
szkolawbrusie.pl,4,rendered_html:3_other_only
theplaceinkeyport.com,4,rendered_html:3_other_only
timetolive64.ru,4,rendered_html:3_other_only
tk666bets.com,4,rendered_html:3_other_only
toyhome.in,4,rendered_html:3_other_only
tr-sweetbonanza.ink,4,rendered_html:3_other_only
transnacionalesdelafe.com,4,rendered_html:3_other_only
trianglebabcnc.org,4,rendered_html:3_other_only
trmostbet.info,4,rendered_html:3_other_only
trmostbetapp.com,4,rendered_html:3_other_only
trmostbetdownload.com,4,rendered_html:3_other_only
udupihotel.com,4,rendered_html:3_other_only
unaescuelasustentable.com,4,rendered_html:3_other_only
uvlcaka.cz,4,rendered_html:3_other_only
venetianartssociety.org,4,rendered_html:3_other_only
vesta34.ru,4,rendered_html:3_other_only
viktoriatigr.cz,4,rendered_html:3_other_only
voices-festival.org,4,rendered_html:3_other_only
vokalme.ru,4,rendered_html:3_other_only
vsupliku.cz,4,rendered_html:3_other_only
vykup-zlata-cena.cz,4,rendered_html:3_other_only
wawrzyniecgniezno.pl,4,rendered_html:3_other_only
weneckakinga.pl,4,rendered_html:3_other_only
winbetbd.com,4,rendered_html:3_other_only
winmostbets.com,4,rendered_html:3_other_only
woodcraftersresource.com,4,rendered_html:3_other_only
xldb.org,4,rendered_html:3_other_only
xn--80aaipbeld0aegzpo4kc.com,4,rendered_html:3_other_only
xn--90aitipgc.su,4,rendered_html:3_other_only
xn--m3c5abilt1b6l.com,4,rendered_html:3_other_only
yes-yes.cz,4,rendered_html:3_other_only
zajazdmilki.mazury.pl,4,rendered_html:3_other_only
zajazdzielonerykowisko.pl,4,rendered_html:3_other_only
zewschodu.com.pl,4,rendered_html:3_other_only
zsstruznice.cz,4,rendered_html:3_other_only
betting-app.net,4,rendered_html:4_mixed
futebolapostas.net,4,rendered_html:4_mixed
mostbet-uz-uzb.com,4,rendered_html:4_mixed
nodeposits.org,4,rendered_html:4_mixed
