queue 16451, done 10237, todo 16451, network RS AS15958 CETINdoo-NET 109.245.130.133, our refs guarded 321
25/16451 723.4/min {'1_mostbet_only': 4, '2_no_ads': 2, 'needs_browser': 19}
50/16451 672.6/min {'1_mostbet_only': 13, '2_no_ads': 5, '3_other_only': 1, 'needs_browser': 31}
75/16451 758.7/min {'1_mostbet_only': 21, '2_no_ads': 9, '3_other_only': 4, 'needs_browser': 41}
100/16451 786.9/min {'1_mostbet_only': 32, '2_no_ads': 11, '3_other_only': 4, 'needs_browser': 53}
125/16451 874.6/min {'1_mostbet_only': 33, '2_no_ads': 16, '3_other_only': 4, 'needs_browser': 72}
150/16451 909.9/min {'1_mostbet_only': 37, '2_no_ads': 20, '3_other_only': 5, 'needs_browser': 88}
175/16451 972.1/min {'1_mostbet_only': 38, '2_no_ads': 26, '3_other_only': 6, 'needs_browser': 105}
200/16451 1012.4/min {'1_mostbet_only': 40, '2_no_ads': 30, '3_other_only': 6, 'needs_browser': 124}
225/16451 1059.6/min {'1_mostbet_only': 41, '2_no_ads': 38, '3_other_only': 7, 'needs_browser': 139}
250/16451 1094.4/min {'1_mostbet_only': 43, '2_no_ads': 44, '3_other_only': 7, 'needs_browser': 156}
275/16451 1076.3/min {'1_mostbet_only': 51, '2_no_ads': 46, '3_other_only': 9, 'needs_browser': 169}
300/16451 989.8/min {'1_mostbet_only': 55, '2_no_ads': 50, '3_other_only': 12, '5_not_shown': 1, 'needs_browser': 182}
325/16451 989.6/min {'1_mostbet_only': 64, '2_no_ads': 54, '3_other_only': 14, '5_dead': 1, '5_not_shown': 1, 'needs_browser': 191}
350/16451 967.4/min {'1_mostbet_only': 71, '2_no_ads': 63, '3_other_only': 15, '5_dead': 1, '5_not_shown': 1, 'needs_browser': 199}
375/16451 945.6/min {'1_mostbet_only': 78, '2_no_ads': 68, '3_other_only': 15, '5_dead': 2, '5_not_shown': 1, 'needs_browser': 211}
400/16451 845.3/min {'1_mostbet_only': 84, '2_no_ads': 71, '3_other_only': 18, '5_dead': 2, '5_not_shown': 1, 'needs_browser': 224}
425/16451 806.8/min {'1_mostbet_only': 92, '2_no_ads': 75, '3_other_only': 19, '4_mixed': 1, '5_dead': 3, '5_not_shown': 1, 'needs_browser': 234}
450/16451 790.8/min {'1_mostbet_only': 99, '2_no_ads': 81, '3_other_only': 20, '4_mixed': 1, '5_dead': 3, '5_not_shown': 1, 'needs_browser': 245}
475/16451 802.0/min {'1_mostbet_only': 106, '2_no_ads': 83, '3_other_only': 22, '4_mixed': 1, '5_dead': 3, '5_not_shown': 1, 'needs_browser': 259}
500/16451 811.7/min {'1_mostbet_only': 108, '2_no_ads': 88, '3_other_only': 23, '4_mixed': 1, '5_dead': 3, '5_not_shown': 1, 'needs_browser': 276}
525/16451 827.0/min {'1_mostbet_only': 115, '2_no_ads': 96, '3_other_only': 25, '4_mixed': 1, '5_dead': 3, '5_not_shown': 1, 'needs_browser': 284}
550/16451 844.5/min {'1_mostbet_only': 124, '2_no_ads': 101, '3_other_only': 26, '4_mixed': 1, '5_dead': 3, '5_not_shown': 1, 'needs_browser': 294}
575/16451 852.8/min {'1_mostbet_only': 128, '2_no_ads': 108, '3_other_only': 28, '4_mixed': 1, '5_dead': 3, '5_not_shown': 1, 'needs_browser': 306}
600/16451 871.7/min {'1_mostbet_only': 129, '2_no_ads': 110, '3_other_only': 30, '4_mixed': 1, '5_dead': 3, '5_not_shown': 1, 'needs_browser': 326}
625/16451 878.0/min {'1_mostbet_only': 130, '2_no_ads': 117, '3_other_only': 33, '4_mixed': 1, '5_dead': 3, '5_not_shown': 1, 'needs_browser': 340}
650/16451 894.9/min {'1_mostbet_only': 132, '2_no_ads': 118, '3_other_only': 45, '4_mixed': 1, '5_dead': 3, '5_not_shown': 1, 'needs_browser': 350}
675/16451 902.8/min {'1_mostbet_only': 138, '2_no_ads': 122, '3_other_only': 54, '4_mixed': 1, '5_dead': 3, '5_not_shown': 1, 'needs_browser': 356}
700/16451 910.5/min {'1_mostbet_only': 145, '2_no_ads': 126, '3_other_only': 57, '4_mixed': 1, '5_dead': 3, '5_not_shown': 1, 'needs_browser': 367}
725/16451 917.7/min {'1_mostbet_only': 153, '2_no_ads': 130, '3_other_only': 60, '4_mixed': 1, '5_dead': 3, '5_not_shown': 1, 'needs_browser': 377}
750/16451 913.5/min {'1_mostbet_only': 154, '2_no_ads': 140, '3_other_only': 62, '4_mixed': 1, '5_dead': 3, '5_not_shown': 1, 'needs_browser': 389}
775/16451 909.2/min {'1_mostbet_only': 157, '2_no_ads': 146, '3_other_only': 63, '4_mixed': 1, '5_dead': 3, '5_not_shown': 1, 'needs_browser': 404}
800/16451 915.1/min {'1_mostbet_only': 167, '2_no_ads': 152, '3_other_only': 64, '4_mixed': 1, '5_dead': 3, '5_not_shown': 1, 'needs_browser': 412}
825/16451 919.6/min {'1_mostbet_only': 171, '2_no_ads': 158, '3_other_only': 65, '4_mixed': 1, '5_dead': 3, '5_not_shown': 1, 'needs_browser': 426}
850/16451 920.4/min {'1_mostbet_only': 177, '2_no_ads': 161, '3_other_only': 69, '4_mixed': 1, '5_dead': 3, '5_not_shown': 1, 'needs_browser': 438}
875/16451 931.0/min {'1_mostbet_only': 182, '2_no_ads': 164, '3_other_only': 71, '4_mixed': 1, '5_dead': 3, '5_not_shown': 1, 'needs_browser': 453}
900/16451 928.3/min {'1_mostbet_only': 189, '2_no_ads': 169, '3_other_only': 76, '4_mixed': 1, '5_dead': 4, '5_not_shown': 1, 'needs_browser': 460}
925/16451 942.7/min {'1_mostbet_only': 192, '2_no_ads': 171, '3_other_only': 88, '4_mixed': 2, '5_dead': 4, '5_not_shown': 1, 'needs_browser': 467}
950/16451 939.2/min {'1_mostbet_only': 197, '2_no_ads': 180, '3_other_only': 90, '4_mixed': 2, '5_dead': 4, '5_not_shown': 1, 'needs_browser': 476}
975/16451 936.6/min {'1_mostbet_only': 203, '2_no_ads': 185, '3_other_only': 91, '4_mixed': 3, '5_dead': 4, '5_not_shown': 1, 'needs_browser': 488}
1000/16451 939.5/min {'1_mostbet_only': 205, '2_no_ads': 190, '3_other_only': 93, '4_mixed': 4, '5_dead': 4, '5_not_shown': 1, 'needs_browser': 503}
1025/16451 946.6/min {'1_mostbet_only': 210, '2_no_ads': 197, '3_other_only': 94, '4_mixed': 5, '5_dead': 4, '5_not_shown': 1, 'needs_browser': 514}
1050/16451 947.5/min {'1_mostbet_only': 212, '2_no_ads': 205, '3_other_only': 95, '4_mixed': 5, '5_dead': 4, '5_not_shown': 1, 'needs_browser': 528}
1075/16451 946.6/min {'1_mostbet_only': 215, '2_no_ads': 214, '3_other_only': 97, '4_mixed': 5, '5_dead': 4, '5_not_shown': 1, 'needs_browser': 539}
1100/16451 954.6/min {'1_mostbet_only': 222, '2_no_ads': 214, '3_other_only': 99, '4_mixed': 5, '5_dead': 4, '5_not_shown': 1, 'needs_browser': 555}
1125/16451 955.1/min {'1_mostbet_only': 226, '2_no_ads': 216, '3_other_only': 100, '4_mixed': 5, '5_dead': 4, '5_not_shown': 1, 'needs_browser': 573}
1150/16451 949.3/min {'1_mostbet_only': 229, '2_no_ads': 217, '3_other_only': 101, '4_mixed': 5, '5_dead': 4, '5_not_shown': 1, 'needs_browser': 593}
1175/16451 951.5/min {'1_mostbet_only': 232, '2_no_ads': 220, '3_other_only': 101, '4_mixed': 5, '5_dead': 5, '5_not_shown': 1, 'needs_browser': 611}
1200/16451 957.8/min {'1_mostbet_only': 239, '2_no_ads': 220, '3_other_only': 102, '4_mixed': 5, '5_dead': 5, '5_not_shown': 1, 'needs_browser': 628}
1225/16451 956.0/min {'1_mostbet_only': 248, '2_no_ads': 224, '3_other_only': 104, '4_mixed': 5, '5_dead': 5, '5_not_shown': 1, 'needs_browser': 638}
1250/16451 960.5/min {'1_mostbet_only': 256, '2_no_ads': 228, '3_other_only': 104, '4_mixed': 5, '5_dead': 5, '5_not_shown': 1, 'needs_browser': 651}
1275/16451 966.2/min {'1_mostbet_only': 263, '2_no_ads': 231, '3_other_only': 107, '4_mixed': 5, '5_dead': 5, '5_not_shown': 1, 'needs_browser': 663}
1300/16451 963.8/min {'1_mostbet_only': 266, '2_no_ads': 235, '3_other_only': 108, '4_mixed': 5, '5_dead': 5, '5_not_shown': 1, 'needs_browser': 680}
1325/16451 963.2/min {'1_mostbet_only': 269, '2_no_ads': 242, '3_other_only': 109, '4_mixed': 5, '5_dead': 5, '5_not_shown': 1, 'needs_browser': 694}
1350/16451 961.0/min {'1_mostbet_only': 269, '2_no_ads': 244, '3_other_only': 110, '4_mixed': 5, '5_dead': 5, '5_not_shown': 1, 'needs_browser': 716}
1375/16451 952.7/min {'1_mostbet_only': 270, '2_no_ads': 251, '3_other_only': 110, '4_mixed': 5, '5_dead': 5, '5_not_shown': 1, 'needs_browser': 733}
1400/16451 956.8/min {'1_mostbet_only': 277, '2_no_ads': 253, '3_other_only': 110, '4_mixed': 5, '5_dead': 6, '5_not_shown': 1, 'needs_browser': 748}
1425/16451 956.1/min {'1_mostbet_only': 279, '2_no_ads': 258, '3_other_only': 115, '4_mixed': 5, '5_dead': 6, '5_not_shown': 1, 'needs_browser': 761}
1450/16451 962.1/min {'1_mostbet_only': 279, '2_no_ads': 265, '3_other_only': 119, '4_mixed': 5, '5_dead': 6, '5_not_shown': 1, 'needs_browser': 775}
1475/16451 956.5/min {'1_mostbet_only': 281, '2_no_ads': 268, '3_other_only': 122, '4_mixed': 5, '5_dead': 6, '5_not_shown': 1, 'needs_browser': 792}
1500/16451 946.8/min {'1_mostbet_only': 283, '2_no_ads': 277, '3_other_only': 124, '4_mixed': 6, '5_dead': 6, '5_not_shown': 2, 'needs_browser': 802}
1525/16451 926.8/min {'1_mostbet_only': 287, '2_no_ads': 286, '3_other_only': 125, '4_mixed': 6, '5_dead': 6, '5_not_shown': 3, 'needs_browser': 812}
1550/16451 924.1/min {'1_mostbet_only': 288, '2_no_ads': 296, '3_other_only': 125, '4_mixed': 6, '5_dead': 6, '5_not_shown': 3, 'needs_browser': 826}
1575/16451 920.7/min {'1_mostbet_only': 294, '2_no_ads': 297, '3_other_only': 128, '4_mixed': 7, '5_dead': 6, '5_not_shown': 3, 'needs_browser': 840}
1600/16451 914.4/min {'1_mostbet_only': 300, '2_no_ads': 303, '3_other_only': 133, '4_mixed': 7, '5_dead': 6, '5_not_shown': 3, 'needs_browser': 848}
1625/16451 914.6/min {'1_mostbet_only': 307, '2_no_ads': 305, '3_other_only': 137, '4_mixed': 10, '5_dead': 7, '5_not_shown': 3, 'needs_browser': 856}
1650/16451 913.2/min {'1_mostbet_only': 310, '2_no_ads': 313, '3_other_only': 137, '4_mixed': 10, '5_dead': 7, '5_not_shown': 3, 'needs_browser': 870}
1675/16451 916.0/min {'1_mostbet_only': 313, '2_no_ads': 320, '3_other_only': 138, '4_mixed': 12, '5_dead': 7, '5_not_shown': 3, 'needs_browser': 882}
1700/16451 922.8/min {'1_mostbet_only': 313, '2_no_ads': 336, '3_other_only': 139, '4_mixed': 12, '5_dead': 8, '5_not_shown': 3, 'needs_browser': 889}
1725/16451 918.5/min {'1_mostbet_only': 316, '2_no_ads': 342, '3_other_only': 140, '4_mixed': 12, '5_dead': 9, '5_not_shown': 3, 'needs_browser': 903}
1750/16451 920.6/min {'1_mostbet_only': 318, '2_no_ads': 350, '3_other_only': 141, '4_mixed': 12, '5_dead': 9, '5_not_shown': 3, 'needs_browser': 917}
1775/16451 920.9/min {'1_mostbet_only': 321, '2_no_ads': 355, '3_other_only': 142, '4_mixed': 12, '5_dead': 11, '5_not_shown': 3, 'needs_browser': 931}
1800/16451 922.0/min {'1_mostbet_only': 321, '2_no_ads': 362, '3_other_only': 145, '4_mixed': 12, '5_dead': 11, '5_not_shown': 3, 'needs_browser': 946}
1825/16451 910.6/min {'1_mostbet_only': 328, '2_no_ads': 366, '3_other_only': 149, '4_mixed': 12, '5_dead': 11, '5_not_shown': 3, 'needs_browser': 956}
1850/16451 919.4/min {'1_mostbet_only': 329, '2_no_ads': 367, '3_other_only': 150, '4_mixed': 12, '5_dead': 11, '5_not_shown': 3, 'needs_browser': 978}
1875/16451 917.4/min {'1_mostbet_only': 333, '2_no_ads': 370, '3_other_only': 151, '4_mixed': 12, '5_dead': 11, '5_not_shown': 3, 'needs_browser': 995}
1900/16451 916.8/min {'1_mostbet_only': 337, '2_no_ads': 375, '3_other_only': 151, '4_mixed': 13, '5_dead': 11, '5_not_shown': 3, 'needs_browser': 1010}
1925/16451 912.5/min {'1_mostbet_only': 340, '2_no_ads': 381, '3_other_only': 153, '4_mixed': 13, '5_dead': 11, '5_not_shown': 3, 'needs_browser': 1024}
1950/16451 914.0/min {'1_mostbet_only': 341, '2_no_ads': 389, '3_other_only': 155, '4_mixed': 14, '5_dead': 11, '5_not_shown': 3, 'needs_browser': 1037}
1975/16451 914.7/min {'1_mostbet_only': 348, '2_no_ads': 395, '3_other_only': 155, '4_mixed': 14, '5_dead': 11, '5_not_shown': 3, 'needs_browser': 1049}
2000/16451 913.1/min {'1_mostbet_only': 352, '2_no_ads': 400, '3_other_only': 156, '4_mixed': 14, '5_dead': 11, '5_not_shown': 4, 'needs_browser': 1063}
2025/16451 909.7/min {'1_mostbet_only': 355, '2_no_ads': 412, '3_other_only': 159, '4_mixed': 14, '5_dead': 11, '5_not_shown': 4, 'needs_browser': 1070}
2050/16451 910.9/min {'1_mostbet_only': 357, '2_no_ads': 420, '3_other_only': 161, '4_mixed': 15, '5_dead': 11, '5_not_shown': 4, 'needs_browser': 1082}
2075/16451 910.0/min {'1_mostbet_only': 359, '2_no_ads': 424, '3_other_only': 163, '4_mixed': 16, '5_dead': 12, '5_not_shown': 5, 'needs_browser': 1096}
2100/16451 912.7/min {'1_mostbet_only': 359, '2_no_ads': 426, '3_other_only': 175, '4_mixed': 16, '5_dead': 12, '5_not_shown': 5, 'needs_browser': 1107}
2125/16451 915.1/min {'1_mostbet_only': 363, '2_no_ads': 431, '3_other_only': 184, '4_mixed': 16, '5_dead': 12, '5_not_shown': 5, 'needs_browser': 1114}
2150/16451 918.4/min {'1_mostbet_only': 366, '2_no_ads': 434, '3_other_only': 190, '4_mixed': 16, '5_dead': 12, '5_not_shown': 5, 'needs_browser': 1127}
2175/16451 912.2/min {'1_mostbet_only': 368, '2_no_ads': 440, '3_other_only': 192, '4_mixed': 16, '5_dead': 12, '5_not_shown': 5, 'needs_browser': 1142}
2200/16451 905.9/min {'1_mostbet_only': 368, '2_no_ads': 449, '3_other_only': 196, '4_mixed': 17, '5_dead': 12, '5_not_shown': 5, 'needs_browser': 1153}
2225/16451 907.5/min {'1_mostbet_only': 371, '2_no_ads': 454, '3_other_only': 199, '4_mixed': 18, '5_dead': 12, '5_not_shown': 5, 'needs_browser': 1166}
2250/16451 907.7/min {'1_mostbet_only': 375, '2_no_ads': 464, '3_other_only': 201, '4_mixed': 18, '5_dead': 12, '5_not_shown': 5, 'needs_browser': 1175}
2275/16451 908.7/min {'1_mostbet_only': 376, '2_no_ads': 471, '3_other_only': 204, '4_mixed': 18, '5_dead': 12, '5_not_shown': 5, 'needs_browser': 1189}
2300/16451 906.2/min {'1_mostbet_only': 383, '2_no_ads': 471, '3_other_only': 209, '4_mixed': 18, '5_dead': 13, '5_not_shown': 5, 'needs_browser': 1201}
2325/16451 906.1/min {'1_mostbet_only': 383, '2_no_ads': 475, '3_other_only': 212, '4_mixed': 18, '5_dead': 14, '5_not_shown': 5, 'needs_browser': 1218}
2350/16451 907.2/min {'1_mostbet_only': 388, '2_no_ads': 483, '3_other_only': 214, '4_mixed': 19, '5_dead': 14, '5_not_shown': 5, 'needs_browser': 1227}
2375/16451 910.0/min {'1_mostbet_only': 391, '2_no_ads': 493, '3_other_only': 218, '4_mixed': 19, '5_dead': 14, '5_not_shown': 6, 'needs_browser': 1234}
2400/16451 911.7/min {'1_mostbet_only': 393, '2_no_ads': 501, '3_other_only': 219, '4_mixed': 19, '5_dead': 14, '5_not_shown': 6, 'needs_browser': 1248}
2425/16451 915.6/min {'1_mostbet_only': 396, '2_no_ads': 505, '3_other_only': 222, '4_mixed': 19, '5_dead': 14, '5_not_shown': 7, 'needs_browser': 1262}
2450/16451 916.7/min {'1_mostbet_only': 397, '2_no_ads': 512, '3_other_only': 222, '4_mixed': 19, '5_dead': 14, '5_not_shown': 7, 'needs_browser': 1279}
2475/16451 919.5/min {'1_mostbet_only': 401, '2_no_ads': 515, '3_other_only': 224, '4_mixed': 19, '5_dead': 14, '5_not_shown': 7, 'needs_browser': 1295}
2500/16451 919.2/min {'1_mostbet_only': 404, '2_no_ads': 521, '3_other_only': 225, '4_mixed': 19, '5_dead': 14, '5_not_shown': 7, 'needs_browser': 1310}
2525/16451 920.0/min {'1_mostbet_only': 407, '2_no_ads': 525, '3_other_only': 229, '4_mixed': 19, '5_dead': 14, '5_not_shown': 7, 'needs_browser': 1324}
2550/16451 917.7/min {'1_mostbet_only': 410, '2_no_ads': 534, '3_other_only': 230, '4_mixed': 20, '5_dead': 14, '5_not_shown': 7, 'needs_browser': 1335}
2575/16451 914.2/min {'1_mostbet_only': 410, '2_no_ads': 542, '3_other_only': 233, '4_mixed': 21, '5_dead': 14, '5_not_shown': 7, 'needs_browser': 1348}
2600/16451 915.6/min {'1_mostbet_only': 418, '2_no_ads': 550, '3_other_only': 235, '4_mixed': 22, '5_dead': 14, '5_not_shown': 7, 'needs_browser': 1354}
2625/16451 914.2/min {'1_mostbet_only': 424, '2_no_ads': 555, '3_other_only': 236, '4_mixed': 22, '5_dead': 14, '5_not_shown': 7, 'needs_browser': 1367}
2650/16451 915.1/min {'1_mostbet_only': 428, '2_no_ads': 564, '3_other_only': 238, '4_mixed': 22, '5_dead': 14, '5_not_shown': 7, 'needs_browser': 1377}
2675/16451 914.6/min {'1_mostbet_only': 433, '2_no_ads': 568, '3_other_only': 242, '4_mixed': 22, '5_dead': 14, '5_not_shown': 7, 'needs_browser': 1389}
2700/16451 914.0/min {'1_mostbet_only': 437, '2_no_ads': 574, '3_other_only': 242, '4_mixed': 22, '5_dead': 14, '5_not_shown': 7, 'needs_browser': 1404}
2725/16451 917.2/min {'1_mostbet_only': 444, '2_no_ads': 580, '3_other_only': 245, '4_mixed': 22, '5_dead': 14, '5_not_shown': 7, 'needs_browser': 1413}
2750/16451 918.4/min {'1_mostbet_only': 448, '2_no_ads': 586, '3_other_only': 246, '4_mixed': 22, '5_dead': 14, '5_not_shown': 7, 'needs_browser': 1427}
2775/16451 919.8/min {'1_mostbet_only': 450, '2_no_ads': 592, '3_other_only': 249, '4_mixed': 22, '5_dead': 14, '5_not_shown': 7, 'needs_browser': 1441}
2800/16451 921.9/min {'1_mostbet_only': 452, '2_no_ads': 599, '3_other_only': 254, '4_mixed': 22, '5_dead': 14, '5_not_shown': 7, 'needs_browser': 1452}
2825/16451 924.4/min {'1_mostbet_only': 457, '2_no_ads': 605, '3_other_only': 255, '4_mixed': 22, '5_dead': 14, '5_not_shown': 8, 'needs_browser': 1464}
2850/16451 928.0/min {'1_mostbet_only': 461, '2_no_ads': 612, '3_other_only': 258, '4_mixed': 22, '5_dead': 14, '5_not_shown': 8, 'needs_browser': 1475}
2875/16451 929.2/min {'1_mostbet_only': 466, '2_no_ads': 617, '3_other_only': 261, '4_mixed': 22, '5_dead': 15, '5_not_shown': 8, 'needs_browser': 1486}
2900/16451 930.1/min {'1_mostbet_only': 468, '2_no_ads': 621, '3_other_only': 274, '4_mixed': 22, '5_dead': 15, '5_not_shown': 8, 'needs_browser': 1492}
2925/16451 933.9/min {'1_mostbet_only': 469, '2_no_ads': 628, '3_other_only': 283, '4_mixed': 22, '5_dead': 15, '5_not_shown': 8, 'needs_browser': 1500}
2950/16451 933.6/min {'1_mostbet_only': 472, '2_no_ads': 633, '3_other_only': 284, '4_mixed': 23, '5_dead': 16, '5_not_shown': 9, 'needs_browser': 1513}
2975/16451 935.3/min {'1_mostbet_only': 476, '2_no_ads': 637, '3_other_only': 286, '4_mixed': 23, '5_dead': 16, '5_not_shown': 9, 'needs_browser': 1528}
3000/16451 936.6/min {'1_mostbet_only': 480, '2_no_ads': 644, '3_other_only': 287, '4_mixed': 23, '5_dead': 16, '5_not_shown': 10, 'needs_browser': 1540}
3025/16451 936.4/min {'1_mostbet_only': 486, '2_no_ads': 650, '3_other_only': 288, '4_mixed': 23, '5_dead': 16, '5_not_shown': 10, 'needs_browser': 1552}
3050/16451 935.5/min {'1_mostbet_only': 491, '2_no_ads': 655, '3_other_only': 291, '4_mixed': 23, '5_dead': 16, '5_not_shown': 10, 'needs_browser': 1564}
3075/16451 935.7/min {'1_mostbet_only': 496, '2_no_ads': 659, '3_other_only': 294, '4_mixed': 23, '5_dead': 16, '5_not_shown': 10, 'needs_browser': 1577}
3100/16451 937.4/min {'1_mostbet_only': 500, '2_no_ads': 662, '3_other_only': 296, '4_mixed': 24, '5_dead': 16, '5_not_shown': 10, 'needs_browser': 1592}
3125/16451 937.9/min {'1_mostbet_only': 503, '2_no_ads': 668, '3_other_only': 297, '4_mixed': 24, '5_dead': 17, '5_not_shown': 10, 'needs_browser': 1606}
3150/16451 936.7/min {'1_mostbet_only': 504, '2_no_ads': 673, '3_other_only': 302, '4_mixed': 24, '5_dead': 18, '5_not_shown': 11, 'needs_browser': 1618}
3175/16451 934.1/min {'1_mostbet_only': 509, '2_no_ads': 680, '3_other_only': 306, '4_mixed': 25, '5_dead': 18, '5_not_shown': 11, 'needs_browser': 1626}
3200/16451 936.6/min {'1_mostbet_only': 516, '2_no_ads': 682, '3_other_only': 309, '4_mixed': 25, '5_dead': 19, '5_not_shown': 11, 'needs_browser': 1638}
3225/16451 935.0/min {'1_mostbet_only': 521, '2_no_ads': 690, '3_other_only': 310, '4_mixed': 25, '5_dead': 19, '5_not_shown': 12, 'needs_browser': 1648}
3250/16451 935.8/min {'1_mostbet_only': 524, '2_no_ads': 692, '3_other_only': 320, '4_mixed': 25, '5_dead': 19, '5_not_shown': 12, 'needs_browser': 1658}
3275/16451 937.9/min {'1_mostbet_only': 528, '2_no_ads': 696, '3_other_only': 328, '4_mixed': 25, '5_dead': 19, '5_not_shown': 12, 'needs_browser': 1667}
3300/16451 940.1/min {'1_mostbet_only': 532, '2_no_ads': 699, '3_other_only': 330, '4_mixed': 25, '5_dead': 19, '5_not_shown': 12, 'needs_browser': 1683}
3325/16451 941.6/min {'1_mostbet_only': 534, '2_no_ads': 705, '3_other_only': 334, '4_mixed': 25, '5_dead': 19, '5_not_shown': 12, 'needs_browser': 1696}
3350/16451 944.7/min {'1_mostbet_only': 538, '2_no_ads': 712, '3_other_only': 338, '4_mixed': 25, '5_dead': 19, '5_not_shown': 12, 'needs_browser': 1706}
3375/16451 946.2/min {'1_mostbet_only': 540, '2_no_ads': 720, '3_other_only': 342, '4_mixed': 25, '5_dead': 19, '5_not_shown': 12, 'needs_browser': 1717}
3400/16451 946.1/min {'1_mostbet_only': 543, '2_no_ads': 728, '3_other_only': 345, '4_mixed': 25, '5_dead': 19, '5_not_shown': 12, 'needs_browser': 1728}
3425/16451 943.9/min {'1_mostbet_only': 550, '2_no_ads': 731, '3_other_only': 347, '4_mixed': 25, '5_dead': 19, '5_not_shown': 12, 'needs_browser': 1741}
3450/16451 945.3/min {'1_mostbet_only': 553, '2_no_ads': 738, '3_other_only': 352, '4_mixed': 25, '5_dead': 19, '5_not_shown': 12, 'needs_browser': 1751}
3475/16451 947.4/min {'1_mostbet_only': 556, '2_no_ads': 746, '3_other_only': 356, '4_mixed': 25, '5_dead': 19, '5_not_shown': 13, 'needs_browser': 1760}
3500/16451 940.3/min {'1_mostbet_only': 560, '2_no_ads': 754, '3_other_only': 357, '4_mixed': 25, '5_dead': 19, '5_not_shown': 13, 'needs_browser': 1772}
3525/16451 937.5/min {'1_mostbet_only': 563, '2_no_ads': 760, '3_other_only': 357, '4_mixed': 25, '5_dead': 19, '5_not_shown': 13, 'needs_browser': 1788}
3550/16451 937.3/min {'1_mostbet_only': 567, '2_no_ads': 763, '3_other_only': 359, '4_mixed': 25, '5_dead': 19, '5_not_shown': 13, 'needs_browser': 1804}
3575/16451 940.0/min {'1_mostbet_only': 570, '2_no_ads': 769, '3_other_only': 360, '4_mixed': 25, '5_dead': 19, '5_not_shown': 13, 'needs_browser': 1819}
3600/16451 940.7/min {'1_mostbet_only': 571, '2_no_ads': 774, '3_other_only': 363, '4_mixed': 26, '5_dead': 19, '5_not_shown': 13, 'needs_browser': 1834}
3625/16451 942.6/min {'1_mostbet_only': 571, '2_no_ads': 778, '3_other_only': 375, '4_mixed': 27, '5_dead': 19, '5_not_shown': 13, 'needs_browser': 1842}
3650/16451 943.4/min {'1_mostbet_only': 573, '2_no_ads': 786, '3_other_only': 375, '4_mixed': 27, '5_dead': 19, '5_not_shown': 13, 'needs_browser': 1857}
3675/16451 941.5/min {'1_mostbet_only': 577, '2_no_ads': 790, '3_other_only': 375, '4_mixed': 27, '5_dead': 19, '5_not_shown': 14, 'needs_browser': 1873}
3700/16451 941.3/min {'1_mostbet_only': 580, '2_no_ads': 796, '3_other_only': 377, '4_mixed': 28, '5_dead': 19, '5_not_shown': 14, 'needs_browser': 1886}
3725/16451 943.3/min {'1_mostbet_only': 581, '2_no_ads': 801, '3_other_only': 379, '4_mixed': 28, '5_dead': 19, '5_not_shown': 14, 'needs_browser': 1903}
3750/16451 945.2/min {'1_mostbet_only': 584, '2_no_ads': 803, '3_other_only': 383, '4_mixed': 28, '5_dead': 19, '5_not_shown': 14, 'needs_browser': 1919}
3775/16451 944.9/min {'1_mostbet_only': 590, '2_no_ads': 811, '3_other_only': 383, '4_mixed': 28, '5_dead': 19, '5_not_shown': 15, 'needs_browser': 1929}
3800/16451 941.8/min {'1_mostbet_only': 595, '2_no_ads': 814, '3_other_only': 386, '4_mixed': 29, '5_dead': 19, '5_not_shown': 15, 'needs_browser': 1942}
3825/16451 941.9/min {'1_mostbet_only': 601, '2_no_ads': 818, '3_other_only': 388, '4_mixed': 30, '5_dead': 19, '5_not_shown': 15, 'needs_browser': 1954}
3850/16451 943.0/min {'1_mostbet_only': 605, '2_no_ads': 823, '3_other_only': 388, '4_mixed': 30, '5_dead': 19, '5_not_shown': 15, 'needs_browser': 1970}
3875/16451 942.0/min {'1_mostbet_only': 609, '2_no_ads': 829, '3_other_only': 388, '4_mixed': 30, '5_dead': 19, '5_not_shown': 15, 'needs_browser': 1985}
3900/16451 943.6/min {'1_mostbet_only': 614, '2_no_ads': 834, '3_other_only': 390, '4_mixed': 31, '5_dead': 19, '5_not_shown': 15, 'needs_browser': 1997}
3925/16451 944.6/min {'1_mostbet_only': 618, '2_no_ads': 839, '3_other_only': 390, '4_mixed': 31, '5_dead': 19, '5_not_shown': 15, 'needs_browser': 2013}
3950/16451 944.4/min {'1_mostbet_only': 619, '2_no_ads': 842, '3_other_only': 393, '4_mixed': 31, '5_dead': 20, '5_not_shown': 15, 'needs_browser': 2030}
3975/16451 945.1/min {'1_mostbet_only': 624, '2_no_ads': 849, '3_other_only': 394, '4_mixed': 32, '5_dead': 20, '5_not_shown': 15, 'needs_browser': 2041}
4000/16451 943.3/min {'1_mostbet_only': 627, '2_no_ads': 857, '3_other_only': 396, '4_mixed': 32, '5_dead': 20, '5_not_shown': 15, 'needs_browser': 2053}
4025/16451 944.8/min {'1_mostbet_only': 629, '2_no_ads': 867, '3_other_only': 397, '4_mixed': 32, '5_dead': 20, '5_not_shown': 15, 'needs_browser': 2065}
4050/16451 943.5/min {'1_mostbet_only': 631, '2_no_ads': 875, '3_other_only': 399, '4_mixed': 32, '5_dead': 20, '5_not_shown': 16, 'needs_browser': 2077}
4075/16451 944.0/min {'1_mostbet_only': 633, '2_no_ads': 880, '3_other_only': 400, '4_mixed': 32, '5_dead': 21, '5_not_shown': 17, 'needs_browser': 2092}
4100/16451 945.9/min {'1_mostbet_only': 639, '2_no_ads': 885, '3_other_only': 400, '4_mixed': 33, '5_dead': 21, '5_not_shown': 17, 'needs_browser': 2105}
4125/16451 943.7/min {'1_mostbet_only': 644, '2_no_ads': 893, '3_other_only': 400, '4_mixed': 33, '5_dead': 21, '5_not_shown': 17, 'needs_browser': 2117}
4150/16451 945.8/min {'1_mostbet_only': 645, '2_no_ads': 897, '3_other_only': 404, '4_mixed': 33, '5_dead': 21, '5_not_shown': 17, 'needs_browser': 2133}
4175/16451 939.8/min {'1_mostbet_only': 653, '2_no_ads': 902, '3_other_only': 406, '4_mixed': 33, '5_dead': 21, '5_not_shown': 17, 'needs_browser': 2143}
4200/16451 937.7/min {'1_mostbet_only': 660, '2_no_ads': 907, '3_other_only': 410, '4_mixed': 33, '5_dead': 21, '5_not_shown': 17, 'needs_browser': 2152}
4225/16451 937.9/min {'1_mostbet_only': 662, '2_no_ads': 911, '3_other_only': 414, '4_mixed': 33, '5_dead': 21, '5_not_shown': 17, 'needs_browser': 2167}
4250/16451 933.8/min {'1_mostbet_only': 664, '2_no_ads': 916, '3_other_only': 417, '4_mixed': 33, '5_dead': 21, '5_not_shown': 17, 'needs_browser': 2182}
4275/16451 935.1/min {'1_mostbet_only': 665, '2_no_ads': 924, '3_other_only': 427, '4_mixed': 33, '5_dead': 21, '5_not_shown': 17, 'needs_browser': 2188}
4300/16451 934.2/min {'1_mostbet_only': 667, '2_no_ads': 931, '3_other_only': 432, '4_mixed': 33, '5_dead': 21, '5_not_shown': 17, 'needs_browser': 2199}
4325/16451 933.4/min {'1_mostbet_only': 668, '2_no_ads': 938, '3_other_only': 434, '4_mixed': 34, '5_dead': 22, '5_not_shown': 17, 'needs_browser': 2212}
4350/16451 933.0/min {'1_mostbet_only': 670, '2_no_ads': 945, '3_other_only': 436, '4_mixed': 34, '5_dead': 22, '5_not_shown': 17, 'needs_browser': 2226}
4375/16451 933.0/min {'1_mostbet_only': 675, '2_no_ads': 950, '3_other_only': 438, '4_mixed': 34, '5_dead': 22, '5_not_shown': 17, 'needs_browser': 2239}
4400/16451 932.5/min {'1_mostbet_only': 681, '2_no_ads': 951, '3_other_only': 441, '4_mixed': 34, '5_dead': 22, '5_not_shown': 17, 'needs_browser': 2254}
4425/16451 932.2/min {'1_mostbet_only': 688, '2_no_ads': 956, '3_other_only': 443, '4_mixed': 34, '5_dead': 22, '5_not_shown': 17, 'needs_browser': 2265}
4450/16451 933.1/min {'1_mostbet_only': 690, '2_no_ads': 964, '3_other_only': 445, '4_mixed': 35, '5_dead': 22, '5_not_shown': 17, 'needs_browser': 2277}
4475/16451 932.8/min {'1_mostbet_only': 694, '2_no_ads': 967, '3_other_only': 449, '4_mixed': 35, '5_dead': 22, '5_not_shown': 17, 'needs_browser': 2291}
4500/16451 931.2/min {'1_mostbet_only': 695, '2_no_ads': 972, '3_other_only': 453, '4_mixed': 35, '5_dead': 22, '5_not_shown': 17, 'needs_browser': 2306}
4525/16451 932.7/min {'1_mostbet_only': 696, '2_no_ads': 975, '3_other_only': 454, '4_mixed': 35, '5_dead': 22, '5_not_shown': 17, 'needs_browser': 2326}
4550/16451 934.1/min {'1_mostbet_only': 697, '2_no_ads': 983, '3_other_only': 456, '4_mixed': 36, '5_dead': 22, '5_not_shown': 17, 'needs_browser': 2339}
4575/16451 933.9/min {'1_mostbet_only': 699, '2_no_ads': 992, '3_other_only': 456, '4_mixed': 36, '5_dead': 23, '5_not_shown': 17, 'needs_browser': 2352}
4600/16451 935.1/min {'1_mostbet_only': 700, '2_no_ads': 1000, '3_other_only': 459, '4_mixed': 36, '5_dead': 23, '5_not_shown': 17, 'needs_browser': 2365}
4625/16451 928.7/min {'1_mostbet_only': 703, '2_no_ads': 1006, '3_other_only': 462, '4_mixed': 36, '5_dead': 23, '5_not_shown': 18, 'needs_browser': 2377}
4650/16451 927.9/min {'1_mostbet_only': 706, '2_no_ads': 1014, '3_other_only': 466, '4_mixed': 36, '5_dead': 23, '5_not_shown': 18, 'needs_browser': 2387}
4675/16451 926.6/min {'1_mostbet_only': 712, '2_no_ads': 1022, '3_other_only': 468, '4_mixed': 36, '5_dead': 23, '5_not_shown': 18, 'needs_browser': 2396}
4700/16451 927.1/min {'1_mostbet_only': 715, '2_no_ads': 1026, '3_other_only': 472, '4_mixed': 36, '5_dead': 23, '5_not_shown': 18, 'needs_browser': 2410}
4725/16451 928.9/min {'1_mostbet_only': 716, '2_no_ads': 1032, '3_other_only': 473, '4_mixed': 36, '5_dead': 23, '5_not_shown': 19, 'needs_browser': 2426}
4750/16451 927.9/min {'1_mostbet_only': 717, '2_no_ads': 1039, '3_other_only': 475, '4_mixed': 36, '5_dead': 24, '5_not_shown': 19, 'needs_browser': 2440}
4775/16451 927.8/min {'1_mostbet_only': 724, '2_no_ads': 1042, '3_other_only': 477, '4_mixed': 37, '5_dead': 24, '5_not_shown': 19, 'needs_browser': 2452}
4800/16451 926.6/min {'1_mostbet_only': 728, '2_no_ads': 1052, '3_other_only': 478, '4_mixed': 37, '5_dead': 24, '5_not_shown': 19, 'needs_browser': 2462}
4825/16451 927.8/min {'1_mostbet_only': 731, '2_no_ads': 1058, '3_other_only': 479, '4_mixed': 37, '5_dead': 24, '5_not_shown': 19, 'needs_browser': 2477}
4850/16451 929.3/min {'1_mostbet_only': 737, '2_no_ads': 1064, '3_other_only': 479, '4_mixed': 37, '5_dead': 24, '5_not_shown': 19, 'needs_browser': 2490}
4875/16451 929.2/min {'1_mostbet_only': 744, '2_no_ads': 1067, '3_other_only': 485, '4_mixed': 37, '5_dead': 24, '5_not_shown': 19, 'needs_browser': 2499}
4900/16451 928.8/min {'1_mostbet_only': 748, '2_no_ads': 1072, '3_other_only': 491, '4_mixed': 37, '5_dead': 24, '5_not_shown': 19, 'needs_browser': 2509}
4925/16451 931.0/min {'1_mostbet_only': 751, '2_no_ads': 1075, '3_other_only': 495, '4_mixed': 37, '5_dead': 24, '5_not_shown': 19, 'needs_browser': 2524}
4950/16451 931.0/min {'1_mostbet_only': 753, '2_no_ads': 1081, '3_other_only': 496, '4_mixed': 37, '5_dead': 24, '5_not_shown': 19, 'needs_browser': 2540}
4975/16451 932.3/min {'1_mostbet_only': 758, '2_no_ads': 1087, '3_other_only': 497, '4_mixed': 38, '5_dead': 25, '5_not_shown': 19, 'needs_browser': 2551}
5000/16451 932.7/min {'1_mostbet_only': 760, '2_no_ads': 1095, '3_other_only': 499, '4_mixed': 38, '5_dead': 25, '5_not_shown': 19, 'needs_browser': 2564}
5025/16451 933.7/min {'1_mostbet_only': 765, '2_no_ads': 1098, '3_other_only': 502, '4_mixed': 38, '5_dead': 26, '5_not_shown': 19, 'needs_browser': 2577}
5050/16451 933.7/min {'1_mostbet_only': 766, '2_no_ads': 1106, '3_other_only': 504, '4_mixed': 38, '5_dead': 26, '5_not_shown': 20, 'needs_browser': 2590}
5075/16451 933.7/min {'1_mostbet_only': 768, '2_no_ads': 1116, '3_other_only': 505, '4_mixed': 38, '5_dead': 26, '5_not_shown': 20, 'needs_browser': 2602}
5100/16451 933.7/min {'1_mostbet_only': 770, '2_no_ads': 1123, '3_other_only': 512, '4_mixed': 38, '5_dead': 26, '5_not_shown': 20, 'needs_browser': 2611}
5125/16451 933.0/min {'1_mostbet_only': 772, '2_no_ads': 1129, '3_other_only': 515, '4_mixed': 38, '5_dead': 26, '5_not_shown': 20, 'needs_browser': 2625}
5150/16451 934.4/min {'1_mostbet_only': 778, '2_no_ads': 1134, '3_other_only': 516, '4_mixed': 39, '5_dead': 26, '5_not_shown': 20, 'needs_browser': 2637}
5175/16451 936.2/min {'1_mostbet_only': 783, '2_no_ads': 1141, '3_other_only': 517, '4_mixed': 39, '5_dead': 26, '5_not_shown': 20, 'needs_browser': 2649}
5200/16451 936.6/min {'1_mostbet_only': 786, '2_no_ads': 1144, '3_other_only': 522, '4_mixed': 39, '5_dead': 26, '5_not_shown': 20, 'needs_browser': 2663}
5225/16451 938.0/min {'1_mostbet_only': 788, '2_no_ads': 1148, '3_other_only': 526, '4_mixed': 39, '5_dead': 26, '5_not_shown': 20, 'needs_browser': 2678}
5250/16451 939.6/min {'1_mostbet_only': 792, '2_no_ads': 1153, '3_other_only': 528, '4_mixed': 39, '5_dead': 26, '5_not_shown': 20, 'needs_browser': 2692}
5275/16451 939.6/min {'1_mostbet_only': 794, '2_no_ads': 1160, '3_other_only': 530, '4_mixed': 39, '5_dead': 26, '5_not_shown': 20, 'needs_browser': 2706}
5300/16451 939.0/min {'1_mostbet_only': 798, '2_no_ads': 1167, '3_other_only': 531, '4_mixed': 40, '5_dead': 26, '5_not_shown': 20, 'needs_browser': 2718}
5325/16451 939.3/min {'1_mostbet_only': 803, '2_no_ads': 1171, '3_other_only': 532, '4_mixed': 40, '5_dead': 26, '5_not_shown': 20, 'needs_browser': 2733}
5350/16451 939.1/min {'1_mostbet_only': 809, '2_no_ads': 1178, '3_other_only': 538, '4_mixed': 40, '5_dead': 26, '5_not_shown': 20, 'needs_browser': 2739}
5375/16451 938.7/min {'1_mostbet_only': 812, '2_no_ads': 1186, '3_other_only': 543, '4_mixed': 40, '5_dead': 26, '5_not_shown': 20, 'needs_browser': 2748}
5400/16451 938.3/min {'1_mostbet_only': 816, '2_no_ads': 1190, '3_other_only': 543, '4_mixed': 40, '5_dead': 26, '5_not_shown': 21, 'needs_browser': 2764}
5425/16451 937.4/min {'1_mostbet_only': 817, '2_no_ads': 1197, '3_other_only': 546, '4_mixed': 40, '5_dead': 26, '5_not_shown': 21, 'needs_browser': 2778}
5450/16451 934.0/min {'1_mostbet_only': 821, '2_no_ads': 1201, '3_other_only': 548, '4_mixed': 41, '5_dead': 26, '5_not_shown': 21, 'needs_browser': 2792}
5475/16451 933.5/min {'1_mostbet_only': 822, '2_no_ads': 1210, '3_other_only': 554, '4_mixed': 41, '5_dead': 26, '5_not_shown': 22, 'needs_browser': 2800}
5500/16451 933.9/min {'1_mostbet_only': 829, '2_no_ads': 1218, '3_other_only': 555, '4_mixed': 41, '5_dead': 26, '5_not_shown': 22, 'needs_browser': 2809}
5525/16451 934.2/min {'1_mostbet_only': 834, '2_no_ads': 1227, '3_other_only': 558, '4_mixed': 41, '5_dead': 27, '5_not_shown': 22, 'needs_browser': 2816}
5550/16451 933.0/min {'1_mostbet_only': 838, '2_no_ads': 1233, '3_other_only': 559, '4_mixed': 41, '5_dead': 28, '5_not_shown': 22, 'needs_browser': 2829}
5575/16451 932.6/min {'1_mostbet_only': 842, '2_no_ads': 1238, '3_other_only': 563, '4_mixed': 41, '5_dead': 30, '5_not_shown': 22, 'needs_browser': 2839}
5600/16451 931.9/min {'1_mostbet_only': 847, '2_no_ads': 1243, '3_other_only': 564, '4_mixed': 41, '5_dead': 30, '5_not_shown': 22, 'needs_browser': 2853}
5625/16451 933.9/min {'1_mostbet_only': 853, '2_no_ads': 1250, '3_other_only': 565, '4_mixed': 41, '5_dead': 30, '5_not_shown': 22, 'needs_browser': 2864}
5650/16451 934.9/min {'1_mostbet_only': 855, '2_no_ads': 1257, '3_other_only': 566, '4_mixed': 41, '5_dead': 30, '5_not_shown': 22, 'needs_browser': 2879}
5675/16451 932.0/min {'1_mostbet_only': 858, '2_no_ads': 1262, '3_other_only': 568, '4_mixed': 41, '5_dead': 30, '5_not_shown': 22, 'needs_browser': 2894}
5700/16451 932.3/min {'1_mostbet_only': 860, '2_no_ads': 1267, '3_other_only': 570, '4_mixed': 41, '5_dead': 30, '5_not_shown': 23, 'needs_browser': 2909}
5725/16451 932.1/min {'1_mostbet_only': 861, '2_no_ads': 1272, '3_other_only': 572, '4_mixed': 41, '5_dead': 30, '5_not_shown': 23, 'needs_browser': 2926}
5750/16451 930.2/min {'1_mostbet_only': 862, '2_no_ads': 1275, '3_other_only': 574, '4_mixed': 41, '5_dead': 31, '5_not_shown': 23, 'needs_browser': 2944}
5775/16451 932.0/min {'1_mostbet_only': 863, '2_no_ads': 1283, '3_other_only': 575, '4_mixed': 41, '5_dead': 31, '5_not_shown': 23, 'needs_browser': 2959}
5800/16451 932.7/min {'1_mostbet_only': 866, '2_no_ads': 1283, '3_other_only': 575, '4_mixed': 41, '5_dead': 31, '5_not_shown': 23, 'needs_browser': 2981}
5825/16451 933.0/min {'1_mostbet_only': 872, '2_no_ads': 1287, '3_other_only': 576, '4_mixed': 41, '5_dead': 31, '5_not_shown': 23, 'needs_browser': 2995}
5850/16451 933.3/min {'1_mostbet_only': 879, '2_no_ads': 1292, '3_other_only': 578, '4_mixed': 41, '5_dead': 31, '5_not_shown': 23, 'needs_browser': 3006}
5875/16451 933.1/min {'1_mostbet_only': 887, '2_no_ads': 1296, '3_other_only': 578, '4_mixed': 43, '5_dead': 31, '5_not_shown': 23, 'needs_browser': 3017}
5900/16451 934.6/min {'1_mostbet_only': 897, '2_no_ads': 1297, '3_other_only': 579, '4_mixed': 43, '5_dead': 31, '5_not_shown': 23, 'needs_browser': 3030}
5925/16451 935.6/min {'1_mostbet_only': 901, '2_no_ads': 1306, '3_other_only': 579, '4_mixed': 43, '5_dead': 31, '5_not_shown': 23, 'needs_browser': 3042}
5950/16451 935.5/min {'1_mostbet_only': 908, '2_no_ads': 1315, '3_other_only': 579, '4_mixed': 43, '5_dead': 31, '5_not_shown': 23, 'needs_browser': 3051}
5975/16451 935.0/min {'1_mostbet_only': 911, '2_no_ads': 1322, '3_other_only': 579, '4_mixed': 44, '5_dead': 31, '5_not_shown': 23, 'needs_browser': 3065}
6000/16451 936.2/min {'1_mostbet_only': 916, '2_no_ads': 1327, '3_other_only': 581, '4_mixed': 44, '5_dead': 31, '5_not_shown': 23, 'needs_browser': 3078}
6025/16451 937.4/min {'1_mostbet_only': 918, '2_no_ads': 1331, '3_other_only': 583, '4_mixed': 44, '5_dead': 31, '5_not_shown': 24, 'needs_browser': 3094}
6050/16451 937.6/min {'1_mostbet_only': 922, '2_no_ads': 1336, '3_other_only': 583, '4_mixed': 44, '5_dead': 31, '5_not_shown': 25, 'needs_browser': 3109}
6075/16451 939.8/min {'1_mostbet_only': 923, '2_no_ads': 1339, '3_other_only': 583, '4_mixed': 44, '5_dead': 31, '5_not_shown': 25, 'needs_browser': 3130}
6100/16451 941.5/min {'1_mostbet_only': 927, '2_no_ads': 1342, '3_other_only': 586, '4_mixed': 44, '5_dead': 32, '5_not_shown': 26, 'needs_browser': 3143}
6125/16451 942.1/min {'1_mostbet_only': 931, '2_no_ads': 1347, '3_other_only': 588, '4_mixed': 45, '5_dead': 33, '5_not_shown': 26, 'needs_browser': 3155}
6150/16451 942.6/min {'1_mostbet_only': 933, '2_no_ads': 1360, '3_other_only': 588, '4_mixed': 45, '5_dead': 34, '5_not_shown': 26, 'needs_browser': 3164}
6175/16451 944.1/min {'1_mostbet_only': 934, '2_no_ads': 1372, '3_other_only': 588, '4_mixed': 46, '5_dead': 34, '5_not_shown': 26, 'needs_browser': 3175}
6200/16451 943.4/min {'1_mostbet_only': 938, '2_no_ads': 1379, '3_other_only': 589, '4_mixed': 46, '5_dead': 35, '5_not_shown': 26, 'needs_browser': 3187}
6225/16451 941.4/min {'1_mostbet_only': 945, '2_no_ads': 1381, '3_other_only': 590, '4_mixed': 46, '5_dead': 35, '5_not_shown': 26, 'needs_browser': 3202}
6250/16451 939.9/min {'1_mostbet_only': 951, '2_no_ads': 1387, '3_other_only': 590, '4_mixed': 46, '5_dead': 36, '5_not_shown': 26, 'needs_browser': 3214}
6275/16451 932.7/min {'1_mostbet_only': 956, '2_no_ads': 1390, '3_other_only': 590, '4_mixed': 46, '5_dead': 36, '5_not_shown': 26, 'needs_browser': 3231}
6300/16451 931.8/min {'1_mostbet_only': 958, '2_no_ads': 1398, '3_other_only': 590, '4_mixed': 46, '5_dead': 36, '5_not_shown': 27, 'needs_browser': 3245}
6325/16451 929.3/min {'1_mostbet_only': 960, '2_no_ads': 1401, '3_other_only': 590, '4_mixed': 46, '5_dead': 37, '5_not_shown': 27, 'needs_browser': 3264}
6350/16451 926.5/min {'1_mostbet_only': 967, '2_no_ads': 1406, '3_other_only': 592, '4_mixed': 46, '5_dead': 37, '5_not_shown': 27, 'needs_browser': 3275}
6375/16451 926.3/min {'1_mostbet_only': 967, '2_no_ads': 1412, '3_other_only': 594, '4_mixed': 47, '5_dead': 37, '5_not_shown': 28, 'needs_browser': 3290}
6400/16451 925.7/min {'1_mostbet_only': 972, '2_no_ads': 1413, '3_other_only': 595, '4_mixed': 47, '5_dead': 37, '5_not_shown': 28, 'needs_browser': 3308}
6425/16451 921.0/min {'1_mostbet_only': 981, '2_no_ads': 1413, '3_other_only': 595, '4_mixed': 47, '5_dead': 38, '5_not_shown': 28, 'needs_browser': 3323}
6450/16451 916.2/min {'1_mostbet_only': 985, '2_no_ads': 1416, '3_other_only': 597, '4_mixed': 47, '5_dead': 38, '5_not_shown': 28, 'needs_browser': 3339}
6475/16451 908.9/min {'1_mostbet_only': 991, '2_no_ads': 1420, '3_other_only': 599, '4_mixed': 47, '5_dead': 38, '5_not_shown': 28, 'needs_browser': 3352}
6500/16451 899.7/min {'1_mostbet_only': 991, '2_no_ads': 1428, '3_other_only': 613, '4_mixed': 47, '5_dead': 38, '5_not_shown': 28, 'needs_browser': 3355}
6525/16451 894.5/min {'1_mostbet_only': 994, '2_no_ads': 1435, '3_other_only': 616, '4_mixed': 47, '5_dead': 38, '5_not_shown': 28, 'needs_browser': 3367}
6550/16451 894.9/min {'1_mostbet_only': 997, '2_no_ads': 1439, '3_other_only': 619, '4_mixed': 47, '5_dead': 39, '5_not_shown': 28, 'needs_browser': 3381}
6575/16451 894.7/min {'1_mostbet_only': 1006, '2_no_ads': 1442, '3_other_only': 622, '4_mixed': 47, '5_dead': 39, '5_not_shown': 28, 'needs_browser': 3391}
6600/16451 892.6/min {'1_mostbet_only': 1012, '2_no_ads': 1446, '3_other_only': 622, '4_mixed': 48, '5_dead': 39, '5_not_shown': 28, 'needs_browser': 3405}
6625/16451 888.4/min {'1_mostbet_only': 1018, '2_no_ads': 1450, '3_other_only': 624, '4_mixed': 48, '5_dead': 39, '5_not_shown': 28, 'needs_browser': 3418}
6650/16451 886.9/min {'1_mostbet_only': 1023, '2_no_ads': 1453, '3_other_only': 624, '4_mixed': 50, '5_dead': 39, '5_not_shown': 28, 'needs_browser': 3433}
6675/16451 885.0/min {'1_mostbet_only': 1027, '2_no_ads': 1454, '3_other_only': 625, '4_mixed': 51, '5_dead': 39, '5_not_shown': 28, 'needs_browser': 3451}
6700/16451 881.9/min {'1_mostbet_only': 1029, '2_no_ads': 1460, '3_other_only': 629, '4_mixed': 51, '5_dead': 39, '5_not_shown': 28, 'needs_browser': 3464}
6725/16451 880.8/min {'1_mostbet_only': 1034, '2_no_ads': 1463, '3_other_only': 632, '4_mixed': 51, '5_dead': 39, '5_not_shown': 28, 'needs_browser': 3478}
6750/16451 879.9/min {'1_mostbet_only': 1042, '2_no_ads': 1465, '3_other_only': 633, '4_mixed': 51, '5_dead': 40, '5_not_shown': 28, 'needs_browser': 3491}
6775/16451 880.3/min {'1_mostbet_only': 1047, '2_no_ads': 1466, '3_other_only': 633, '4_mixed': 51, '5_dead': 40, '5_not_shown': 31, 'needs_browser': 3507}
6800/16451 879.0/min {'1_mostbet_only': 1049, '2_no_ads': 1473, '3_other_only': 634, '4_mixed': 51, '5_dead': 40, '5_not_shown': 31, 'needs_browser': 3522}
6825/16451 876.4/min {'1_mostbet_only': 1051, '2_no_ads': 1478, '3_other_only': 636, '4_mixed': 51, '5_dead': 40, '5_not_shown': 31, 'needs_browser': 3538}
6850/16451 874.5/min {'1_mostbet_only': 1054, '2_no_ads': 1481, '3_other_only': 639, '4_mixed': 51, '5_dead': 40, '5_not_shown': 31, 'needs_browser': 3554}
6875/16451 874.2/min {'1_mostbet_only': 1054, '2_no_ads': 1482, '3_other_only': 639, '4_mixed': 51, '5_dead': 40, '5_not_shown': 31, 'needs_browser': 3578}
6900/16451 873.9/min {'1_mostbet_only': 1055, '2_no_ads': 1482, '3_other_only': 639, '4_mixed': 51, '5_dead': 40, '5_not_shown': 31, 'needs_browser': 3602}
6925/16451 871.4/min {'1_mostbet_only': 1057, '2_no_ads': 1482, '3_other_only': 641, '4_mixed': 51, '5_dead': 40, '5_not_shown': 31, 'needs_browser': 3623}
6950/16451 868.8/min {'1_mostbet_only': 1059, '2_no_ads': 1484, '3_other_only': 642, '4_mixed': 52, '5_dead': 40, '5_not_shown': 31, 'needs_browser': 3642}
6975/16451 868.2/min {'1_mostbet_only': 1062, '2_no_ads': 1485, '3_other_only': 646, '4_mixed': 53, '5_dead': 40, '5_not_shown': 31, 'needs_browser': 3658}
7000/16451 869.0/min {'1_mostbet_only': 1063, '2_no_ads': 1486, '3_other_only': 647, '4_mixed': 53, '5_dead': 40, '5_not_shown': 31, 'needs_browser': 3680}
7025/16451 869.1/min {'1_mostbet_only': 1064, '2_no_ads': 1487, '3_other_only': 650, '4_mixed': 53, '5_dead': 40, '5_not_shown': 31, 'needs_browser': 3700}
7050/16451 869.7/min {'1_mostbet_only': 1071, '2_no_ads': 1489, '3_other_only': 654, '4_mixed': 54, '5_dead': 41, '5_not_shown': 31, 'needs_browser': 3710}
7075/16451 870.3/min {'1_mostbet_only': 1072, '2_no_ads': 1491, '3_other_only': 656, '4_mixed': 55, '5_dead': 43, '5_not_shown': 31, 'needs_browser': 3727}
7100/16451 869.9/min {'1_mostbet_only': 1074, '2_no_ads': 1493, '3_other_only': 663, '4_mixed': 56, '5_dead': 43, '5_not_shown': 31, 'needs_browser': 3740}
7125/16451 871.0/min {'1_mostbet_only': 1077, '2_no_ads': 1499, '3_other_only': 664, '4_mixed': 57, '5_dead': 43, '5_not_shown': 31, 'needs_browser': 3754}
7150/16451 870.9/min {'1_mostbet_only': 1081, '2_no_ads': 1503, '3_other_only': 671, '4_mixed': 58, '5_dead': 43, '5_not_shown': 31, 'needs_browser': 3763}
7175/16451 871.9/min {'1_mostbet_only': 1082, '2_no_ads': 1504, '3_other_only': 671, '4_mixed': 58, '5_dead': 43, '5_not_shown': 31, 'needs_browser': 3786}
7200/16451 872.6/min {'1_mostbet_only': 1083, '2_no_ads': 1505, '3_other_only': 673, '4_mixed': 58, '5_dead': 44, '5_not_shown': 31, 'needs_browser': 3806}
7225/16451 872.1/min {'1_mostbet_only': 1086, '2_no_ads': 1512, '3_other_only': 673, '4_mixed': 58, '5_dead': 44, '5_not_shown': 31, 'needs_browser': 3821}
7250/16451 873.4/min {'1_mostbet_only': 1089, '2_no_ads': 1517, '3_other_only': 673, '4_mixed': 58, '5_dead': 44, '5_not_shown': 31, 'needs_browser': 3838}
7275/16451 873.1/min {'1_mostbet_only': 1094, '2_no_ads': 1522, '3_other_only': 673, '4_mixed': 58, '5_dead': 44, '5_not_shown': 31, 'needs_browser': 3853}
7300/16451 870.1/min {'1_mostbet_only': 1099, '2_no_ads': 1525, '3_other_only': 676, '4_mixed': 58, '5_dead': 44, '5_not_shown': 31, 'needs_browser': 3867}
7325/16451 869.1/min {'1_mostbet_only': 1106, '2_no_ads': 1527, '3_other_only': 676, '4_mixed': 58, '5_dead': 44, '5_not_shown': 31, 'needs_browser': 3883}
7350/16451 868.3/min {'1_mostbet_only': 1114, '2_no_ads': 1533, '3_other_only': 678, '4_mixed': 58, '5_dead': 44, '5_not_shown': 31, 'needs_browser': 3892}
7375/16451 867.6/min {'1_mostbet_only': 1121, '2_no_ads': 1538, '3_other_only': 678, '4_mixed': 58, '5_dead': 46, '5_not_shown': 31, 'needs_browser': 3903}
7400/16451 865.4/min {'1_mostbet_only': 1126, '2_no_ads': 1547, '3_other_only': 681, '4_mixed': 58, '5_dead': 46, '5_not_shown': 31, 'needs_browser': 3911}
7425/16451 861.3/min {'1_mostbet_only': 1132, '2_no_ads': 1556, '3_other_only': 681, '4_mixed': 58, '5_dead': 46, '5_not_shown': 31, 'needs_browser': 3921}
7450/16451 857.9/min {'1_mostbet_only': 1133, '2_no_ads': 1560, '3_other_only': 683, '4_mixed': 59, '5_dead': 46, '5_not_shown': 31, 'needs_browser': 3938}
7475/16451 856.3/min {'1_mostbet_only': 1136, '2_no_ads': 1569, '3_other_only': 684, '4_mixed': 59, '5_dead': 47, '5_not_shown': 31, 'needs_browser': 3949}
7500/16451 849.5/min {'1_mostbet_only': 1137, '2_no_ads': 1583, '3_other_only': 685, '4_mixed': 59, '5_dead': 47, '5_not_shown': 31, 'needs_browser': 3958}
7525/16451 846.4/min {'1_mostbet_only': 1141, '2_no_ads': 1583, '3_other_only': 685, '4_mixed': 59, '5_dead': 47, '5_not_shown': 31, 'needs_browser': 3979}
7550/16451 843.9/min {'1_mostbet_only': 1146, '2_no_ads': 1583, '3_other_only': 685, '4_mixed': 59, '5_dead': 48, '5_not_shown': 31, 'needs_browser': 3998}
7575/16451 843.4/min {'1_mostbet_only': 1150, '2_no_ads': 1584, '3_other_only': 686, '4_mixed': 59, '5_dead': 51, '5_not_shown': 31, 'needs_browser': 4014}
7600/16451 842.7/min {'1_mostbet_only': 1158, '2_no_ads': 1589, '3_other_only': 687, '4_mixed': 59, '5_dead': 51, '5_not_shown': 31, 'needs_browser': 4025}
7625/16451 839.6/min {'1_mostbet_only': 1163, '2_no_ads': 1595, '3_other_only': 687, '4_mixed': 59, '5_dead': 51, '5_not_shown': 31, 'needs_browser': 4039}
7650/16451 837.2/min {'1_mostbet_only': 1167, '2_no_ads': 1599, '3_other_only': 689, '4_mixed': 59, '5_dead': 52, '5_not_shown': 31, 'needs_browser': 4053}
7675/16451 834.9/min {'1_mostbet_only': 1173, '2_no_ads': 1601, '3_other_only': 690, '4_mixed': 59, '5_dead': 52, '5_not_shown': 31, 'needs_browser': 4069}
7700/16451 827.2/min {'1_mostbet_only': 1178, '2_no_ads': 1604, '3_other_only': 693, '4_mixed': 59, '5_dead': 52, '5_not_shown': 31, 'needs_browser': 4083}
7725/16451 820.8/min {'1_mostbet_only': 1183, '2_no_ads': 1605, '3_other_only': 693, '4_mixed': 60, '5_dead': 53, '5_not_shown': 31, 'needs_browser': 4100}
7750/16451 819.9/min {'1_mostbet_only': 1189, '2_no_ads': 1608, '3_other_only': 694, '4_mixed': 60, '5_dead': 54, '5_not_shown': 31, 'needs_browser': 4114}
7775/16451 819.3/min {'1_mostbet_only': 1198, '2_no_ads': 1616, '3_other_only': 695, '4_mixed': 60, '5_dead': 54, '5_not_shown': 31, 'needs_browser': 4121}
7800/16451 818.5/min {'1_mostbet_only': 1201, '2_no_ads': 1626, '3_other_only': 697, '4_mixed': 60, '5_dead': 54, '5_not_shown': 31, 'needs_browser': 4131}
7825/16451 818.3/min {'1_mostbet_only': 1205, '2_no_ads': 1628, '3_other_only': 700, '4_mixed': 61, '5_dead': 55, '5_not_shown': 31, 'needs_browser': 4145}
7850/16451 818.1/min {'1_mostbet_only': 1207, '2_no_ads': 1632, '3_other_only': 702, '4_mixed': 61, '5_dead': 55, '5_not_shown': 31, 'needs_browser': 4162}
7875/16451 817.5/min {'1_mostbet_only': 1216, '2_no_ads': 1636, '3_other_only': 705, '4_mixed': 61, '5_dead': 56, '5_not_shown': 31, 'needs_browser': 4170}
7900/16451 816.2/min {'1_mostbet_only': 1225, '2_no_ads': 1641, '3_other_only': 705, '4_mixed': 61, '5_dead': 57, '5_not_shown': 31, 'needs_browser': 4180}
7925/16451 806.0/min {'1_mostbet_only': 1233, '2_no_ads': 1647, '3_other_only': 705, '4_mixed': 61, '5_dead': 57, '5_not_shown': 31, 'needs_browser': 4191}
7950/16451 803.4/min {'1_mostbet_only': 1242, '2_no_ads': 1651, '3_other_only': 705, '4_mixed': 61, '5_dead': 57, '5_not_shown': 31, 'needs_browser': 4203}
7975/16451 803.1/min {'1_mostbet_only': 1246, '2_no_ads': 1657, '3_other_only': 705, '4_mixed': 62, '5_dead': 57, '5_not_shown': 31, 'needs_browser': 4217}
8000/16451 801.1/min {'1_mostbet_only': 1252, '2_no_ads': 1662, '3_other_only': 706, '4_mixed': 62, '5_dead': 57, '5_not_shown': 32, 'needs_browser': 4229}
8025/16451 789.6/min {'1_mostbet_only': 1258, '2_no_ads': 1668, '3_other_only': 706, '4_mixed': 63, '5_dead': 58, '5_not_shown': 32, 'needs_browser': 4240}
8050/16451 785.3/min {'1_mostbet_only': 1268, '2_no_ads': 1671, '3_other_only': 706, '4_mixed': 63, '5_dead': 58, '5_not_shown': 32, 'needs_browser': 4252}
8075/16451 783.0/min {'1_mostbet_only': 1273, '2_no_ads': 1676, '3_other_only': 710, '4_mixed': 63, '5_dead': 58, '5_not_shown': 32, 'needs_browser': 4263}
8100/16451 777.6/min {'1_mostbet_only': 1285, '2_no_ads': 1678, '3_other_only': 714, '4_mixed': 64, '5_dead': 59, '5_not_shown': 32, 'needs_browser': 4268}
8125/16451 764.1/min {'1_mostbet_only': 1294, '2_no_ads': 1678, '3_other_only': 714, '4_mixed': 64, '5_dead': 59, '5_not_shown': 32, 'needs_browser': 4284}
8150/16451 758.4/min {'1_mostbet_only': 1300, '2_no_ads': 1680, '3_other_only': 715, '4_mixed': 64, '5_dead': 59, '5_not_shown': 32, 'needs_browser': 4300}
8175/16451 756.0/min {'1_mostbet_only': 1301, '2_no_ads': 1685, '3_other_only': 715, '4_mixed': 65, '5_dead': 59, '5_not_shown': 32, 'needs_browser': 4318}
8200/16451 754.7/min {'1_mostbet_only': 1307, '2_no_ads': 1689, '3_other_only': 715, '4_mixed': 65, '5_dead': 59, '5_not_shown': 32, 'needs_browser': 4333}
8225/16451 751.1/min {'1_mostbet_only': 1314, '2_no_ads': 1697, '3_other_only': 715, '4_mixed': 65, '5_dead': 59, '5_not_shown': 32, 'needs_browser': 4343}
8250/16451 748.7/min {'1_mostbet_only': 1316, '2_no_ads': 1706, '3_other_only': 715, '4_mixed': 65, '5_dead': 59, '5_not_shown': 32, 'needs_browser': 4357}
8275/16451 747.6/min {'1_mostbet_only': 1320, '2_no_ads': 1708, '3_other_only': 717, '4_mixed': 65, '5_dead': 59, '5_not_shown': 32, 'needs_browser': 4374}
8300/16451 745.5/min {'1_mostbet_only': 1323, '2_no_ads': 1713, '3_other_only': 717, '4_mixed': 65, '5_dead': 59, '5_not_shown': 32, 'needs_browser': 4391}
8325/16451 743.6/min {'1_mostbet_only': 1325, '2_no_ads': 1714, '3_other_only': 719, '4_mixed': 65, '5_dead': 60, '5_not_shown': 32, 'needs_browser': 4410}
8350/16451 740.4/min {'1_mostbet_only': 1330, '2_no_ads': 1714, '3_other_only': 721, '4_mixed': 65, '5_dead': 60, '5_not_shown': 32, 'needs_browser': 4428}
8375/16451 740.9/min {'1_mostbet_only': 1332, '2_no_ads': 1714, '3_other_only': 722, '4_mixed': 65, '5_dead': 62, '5_not_shown': 32, 'needs_browser': 4448}
8400/16451 738.9/min {'1_mostbet_only': 1338, '2_no_ads': 1722, '3_other_only': 723, '4_mixed': 65, '5_dead': 64, '5_not_shown': 32, 'needs_browser': 4456}
8425/16451 739.0/min {'1_mostbet_only': 1345, '2_no_ads': 1724, '3_other_only': 724, '4_mixed': 65, '5_dead': 64, '5_not_shown': 34, 'needs_browser': 4469}
8450/16451 738.4/min {'1_mostbet_only': 1350, '2_no_ads': 1732, '3_other_only': 724, '4_mixed': 66, '5_dead': 64, '5_not_shown': 34, 'needs_browser': 4480}
8475/16451 734.8/min {'1_mostbet_only': 1352, '2_no_ads': 1735, '3_other_only': 724, '4_mixed': 66, '5_dead': 64, '5_not_shown': 34, 'needs_browser': 4500}
8500/16451 735.3/min {'1_mostbet_only': 1358, '2_no_ads': 1742, '3_other_only': 725, '4_mixed': 66, '5_dead': 64, '5_not_shown': 34, 'needs_browser': 4511}
8525/16451 736.0/min {'1_mostbet_only': 1361, '2_no_ads': 1748, '3_other_only': 726, '4_mixed': 66, '5_dead': 64, '5_not_shown': 34, 'needs_browser': 4526}
8550/16451 736.9/min {'1_mostbet_only': 1364, '2_no_ads': 1753, '3_other_only': 728, '4_mixed': 66, '5_dead': 64, '5_not_shown': 34, 'needs_browser': 4541}
8575/16451 737.7/min {'1_mostbet_only': 1369, '2_no_ads': 1755, '3_other_only': 730, '4_mixed': 66, '5_dead': 65, '5_not_shown': 34, 'needs_browser': 4556}
8600/16451 737.9/min {'1_mostbet_only': 1373, '2_no_ads': 1756, '3_other_only': 732, '4_mixed': 66, '5_dead': 65, '5_not_shown': 34, 'needs_browser': 4574}
8625/16451 737.8/min {'1_mostbet_only': 1377, '2_no_ads': 1758, '3_other_only': 732, '4_mixed': 66, '5_dead': 66, '5_not_shown': 34, 'needs_browser': 4592}
8650/16451 737.6/min {'1_mostbet_only': 1381, '2_no_ads': 1767, '3_other_only': 733, '4_mixed': 67, '5_dead': 66, '5_not_shown': 34, 'needs_browser': 4602}
8675/16451 737.5/min {'1_mostbet_only': 1390, '2_no_ads': 1768, '3_other_only': 733, '4_mixed': 67, '5_dead': 67, '5_not_shown': 34, 'needs_browser': 4616}
8700/16451 737.5/min {'1_mostbet_only': 1391, '2_no_ads': 1768, '3_other_only': 735, '4_mixed': 67, '5_dead': 67, '5_not_shown': 34, 'needs_browser': 4638}
8725/16451 735.9/min {'1_mostbet_only': 1393, '2_no_ads': 1770, '3_other_only': 737, '4_mixed': 67, '5_dead': 67, '5_not_shown': 34, 'needs_browser': 4657}
8750/16451 733.5/min {'1_mostbet_only': 1399, '2_no_ads': 1780, '3_other_only': 738, '4_mixed': 67, '5_dead': 68, '5_not_shown': 34, 'needs_browser': 4664}
8775/16451 724.1/min {'1_mostbet_only': 1404, '2_no_ads': 1787, '3_other_only': 741, '4_mixed': 68, '5_dead': 68, '5_not_shown': 34, 'needs_browser': 4673}
8800/16451 721.5/min {'1_mostbet_only': 1410, '2_no_ads': 1789, '3_other_only': 742, '4_mixed': 69, '5_dead': 68, '5_not_shown': 34, 'needs_browser': 4688}
8825/16451 720.5/min {'1_mostbet_only': 1419, '2_no_ads': 1795, '3_other_only': 744, '4_mixed': 69, '5_dead': 68, '5_not_shown': 34, 'needs_browser': 4696}
8850/16451 714.2/min {'1_mostbet_only': 1426, '2_no_ads': 1797, '3_other_only': 745, '4_mixed': 70, '5_dead': 68, '5_not_shown': 34, 'needs_browser': 4710}
8875/16451 710.5/min {'1_mostbet_only': 1431, '2_no_ads': 1805, '3_other_only': 746, '4_mixed': 70, '5_dead': 68, '5_not_shown': 34, 'needs_browser': 4721}
8900/16451 704.8/min {'1_mostbet_only': 1432, '2_no_ads': 1811, '3_other_only': 746, '4_mixed': 70, '5_dead': 68, '5_not_shown': 34, 'needs_browser': 4739}
8925/16451 699.4/min {'1_mostbet_only': 1435, '2_no_ads': 1814, '3_other_only': 748, '4_mixed': 70, '5_dead': 69, '5_not_shown': 34, 'needs_browser': 4755}
8950/16451 695.9/min {'1_mostbet_only': 1439, '2_no_ads': 1817, '3_other_only': 748, '4_mixed': 70, '5_dead': 70, '5_not_shown': 34, 'needs_browser': 4772}
8975/16451 695.1/min {'1_mostbet_only': 1441, '2_no_ads': 1820, '3_other_only': 749, '4_mixed': 70, '5_dead': 71, '5_not_shown': 34, 'needs_browser': 4790}
9000/16451 691.2/min {'1_mostbet_only': 1453, '2_no_ads': 1821, '3_other_only': 749, '4_mixed': 71, '5_dead': 71, '5_not_shown': 34, 'needs_browser': 4801}
9025/16451 690.9/min {'1_mostbet_only': 1454, '2_no_ads': 1824, '3_other_only': 753, '4_mixed': 71, '5_dead': 71, '5_not_shown': 34, 'needs_browser': 4818}
9050/16451 682.5/min {'1_mostbet_only': 1461, '2_no_ads': 1826, '3_other_only': 754, '4_mixed': 71, '5_dead': 71, '5_not_shown': 34, 'needs_browser': 4833}
9075/16451 680.4/min {'1_mostbet_only': 1462, '2_no_ads': 1829, '3_other_only': 754, '4_mixed': 72, '5_dead': 71, '5_not_shown': 34, 'needs_browser': 4853}
9100/16451 679.1/min {'1_mostbet_only': 1467, '2_no_ads': 1831, '3_other_only': 756, '4_mixed': 72, '5_dead': 71, '5_not_shown': 34, 'needs_browser': 4869}
9125/16451 677.5/min {'1_mostbet_only': 1474, '2_no_ads': 1838, '3_other_only': 757, '4_mixed': 72, '5_dead': 71, '5_not_shown': 34, 'needs_browser': 4879}
9150/16451 675.8/min {'1_mostbet_only': 1477, '2_no_ads': 1845, '3_other_only': 760, '4_mixed': 72, '5_dead': 71, '5_not_shown': 35, 'needs_browser': 4890}
9175/16451 676.1/min {'1_mostbet_only': 1482, '2_no_ads': 1848, '3_other_only': 760, '4_mixed': 72, '5_dead': 71, '5_not_shown': 39, 'needs_browser': 4903}
9200/16451 676.5/min {'1_mostbet_only': 1482, '2_no_ads': 1857, '3_other_only': 760, '4_mixed': 72, '5_dead': 71, '5_not_shown': 39, 'needs_browser': 4919}
9225/16451 676.6/min {'1_mostbet_only': 1487, '2_no_ads': 1864, '3_other_only': 761, '4_mixed': 72, '5_dead': 71, '5_not_shown': 40, 'needs_browser': 4930}
9250/16451 677.4/min {'1_mostbet_only': 1490, '2_no_ads': 1871, '3_other_only': 762, '4_mixed': 72, '5_dead': 71, '5_not_shown': 49, 'needs_browser': 4935}
9275/16451 677.6/min {'1_mostbet_only': 1491, '2_no_ads': 1883, '3_other_only': 762, '4_mixed': 72, '5_dead': 72, '5_not_shown': 49, 'needs_browser': 4946}
9300/16451 677.4/min {'1_mostbet_only': 1497, '2_no_ads': 1890, '3_other_only': 762, '4_mixed': 72, '5_dead': 73, '5_not_shown': 49, 'needs_browser': 4957}
9325/16451 677.2/min {'1_mostbet_only': 1499, '2_no_ads': 1899, '3_other_only': 765, '4_mixed': 72, '5_dead': 73, '5_not_shown': 49, 'needs_browser': 4968}
9350/16451 671.9/min {'1_mostbet_only': 1502, '2_no_ads': 1908, '3_other_only': 767, '4_mixed': 72, '5_dead': 73, '5_not_shown': 49, 'needs_browser': 4979}
9375/16451 669.2/min {'1_mostbet_only': 1508, '2_no_ads': 1914, '3_other_only': 768, '4_mixed': 72, '5_dead': 73, '5_not_shown': 49, 'needs_browser': 4991}
9400/16451 667.9/min {'1_mostbet_only': 1510, '2_no_ads': 1918, '3_other_only': 768, '4_mixed': 73, '5_dead': 73, '5_not_shown': 49, 'needs_browser': 5009}
9425/16451 666.3/min {'1_mostbet_only': 1515, '2_no_ads': 1923, '3_other_only': 772, '4_mixed': 74, '5_dead': 74, '5_not_shown': 49, 'needs_browser': 5018}
9450/16451 663.7/min {'1_mostbet_only': 1516, '2_no_ads': 1929, '3_other_only': 777, '4_mixed': 74, '5_dead': 74, '5_not_shown': 49, 'needs_browser': 5031}
9475/16451 661.4/min {'1_mostbet_only': 1521, '2_no_ads': 1933, '3_other_only': 781, '4_mixed': 74, '5_dead': 74, '5_not_shown': 50, 'needs_browser': 5042}
9500/16451 660.3/min {'1_mostbet_only': 1526, '2_no_ads': 1936, '3_other_only': 784, '4_mixed': 74, '5_dead': 75, '5_not_shown': 50, 'needs_browser': 5055}
9525/16451 660.0/min {'1_mostbet_only': 1530, '2_no_ads': 1943, '3_other_only': 786, '4_mixed': 74, '5_dead': 75, '5_not_shown': 50, 'needs_browser': 5067}
9550/16451 658.8/min {'1_mostbet_only': 1536, '2_no_ads': 1945, '3_other_only': 789, '4_mixed': 74, '5_dead': 75, '5_not_shown': 50, 'needs_browser': 5081}
9575/16451 656.8/min {'1_mostbet_only': 1550, '2_no_ads': 1949, '3_other_only': 790, '4_mixed': 74, '5_dead': 75, '5_not_shown': 50, 'needs_browser': 5087}
9600/16451 655.6/min {'1_mostbet_only': 1554, '2_no_ads': 1953, '3_other_only': 791, '4_mixed': 74, '5_dead': 75, '5_not_shown': 50, 'needs_browser': 5103}
9625/16451 654.7/min {'1_mostbet_only': 1559, '2_no_ads': 1955, '3_other_only': 791, '4_mixed': 74, '5_dead': 75, '5_not_shown': 50, 'needs_browser': 5121}
9650/16451 651.7/min {'1_mostbet_only': 1569, '2_no_ads': 1957, '3_other_only': 791, '4_mixed': 74, '5_dead': 75, '5_not_shown': 50, 'needs_browser': 5134}
9675/16451 648.7/min {'1_mostbet_only': 1577, '2_no_ads': 1959, '3_other_only': 791, '4_mixed': 74, '5_dead': 77, '5_not_shown': 50, 'needs_browser': 5147}
9700/16451 647.0/min {'1_mostbet_only': 1590, '2_no_ads': 1959, '3_other_only': 791, '4_mixed': 74, '5_dead': 77, '5_not_shown': 50, 'needs_browser': 5159}
9725/16451 646.1/min {'1_mostbet_only': 1603, '2_no_ads': 1959, '3_other_only': 791, '4_mixed': 74, '5_dead': 80, '5_not_shown': 50, 'needs_browser': 5168}
9750/16451 645.0/min {'1_mostbet_only': 1611, '2_no_ads': 1960, '3_other_only': 791, '4_mixed': 74, '5_dead': 80, '5_not_shown': 50, 'needs_browser': 5184}
9775/16451 643.3/min {'1_mostbet_only': 1624, '2_no_ads': 1961, '3_other_only': 791, '4_mixed': 74, '5_dead': 80, '5_not_shown': 50, 'needs_browser': 5195}
9800/16451 641.8/min {'1_mostbet_only': 1634, '2_no_ads': 1963, '3_other_only': 791, '4_mixed': 74, '5_dead': 80, '5_not_shown': 50, 'needs_browser': 5208}
9825/16451 639.2/min {'1_mostbet_only': 1653, '2_no_ads': 1963, '3_other_only': 791, '4_mixed': 74, '5_dead': 80, '5_not_shown': 50, 'needs_browser': 5214}
9850/16451 636.4/min {'1_mostbet_only': 1669, '2_no_ads': 1963, '3_other_only': 791, '4_mixed': 74, '5_dead': 80, '5_not_shown': 50, 'needs_browser': 5223}
9875/16451 635.3/min {'1_mostbet_only': 1677, '2_no_ads': 1965, '3_other_only': 792, '4_mixed': 74, '5_dead': 80, '5_not_shown': 50, 'needs_browser': 5237}
9900/16451 634.6/min {'1_mostbet_only': 1689, '2_no_ads': 1966, '3_other_only': 792, '4_mixed': 74, '5_dead': 80, '5_not_shown': 50, 'needs_browser': 5249}
9925/16451 631.9/min {'1_mostbet_only': 1707, '2_no_ads': 1966, '3_other_only': 792, '4_mixed': 74, '5_dead': 80, '5_not_shown': 50, 'needs_browser': 5256}
9950/16451 627.4/min {'1_mostbet_only': 1713, '2_no_ads': 1966, '3_other_only': 792, '4_mixed': 74, '5_dead': 81, '5_not_shown': 50, 'needs_browser': 5274}
9975/16451 625.9/min {'1_mostbet_only': 1715, '2_no_ads': 1966, '3_other_only': 792, '4_mixed': 74, '5_dead': 81, '5_not_shown': 50, 'needs_browser': 5297}
10000/16451 619.4/min {'1_mostbet_only': 1726, '2_no_ads': 1966, '3_other_only': 793, '4_mixed': 74, '5_dead': 81, '5_not_shown': 50, 'needs_browser': 5310}
10025/16451 615.6/min {'1_mostbet_only': 1737, '2_no_ads': 1969, '3_other_only': 793, '4_mixed': 74, '5_dead': 81, '5_not_shown': 50, 'needs_browser': 5321}
10050/16451 613.8/min {'1_mostbet_only': 1752, '2_no_ads': 1970, '3_other_only': 793, '4_mixed': 74, '5_dead': 81, '5_not_shown': 50, 'needs_browser': 5330}
10075/16451 611.9/min {'1_mostbet_only': 1762, '2_no_ads': 1973, '3_other_only': 793, '4_mixed': 74, '5_dead': 81, '5_not_shown': 50, 'needs_browser': 5342}
10100/16451 608.4/min {'1_mostbet_only': 1774, '2_no_ads': 1974, '3_other_only': 793, '4_mixed': 74, '5_dead': 81, '5_not_shown': 50, 'needs_browser': 5354}
10125/16451 605.8/min {'1_mostbet_only': 1786, '2_no_ads': 1975, '3_other_only': 793, '4_mixed': 74, '5_dead': 81, '5_not_shown': 50, 'needs_browser': 5366}
10150/16451 599.4/min {'1_mostbet_only': 1796, '2_no_ads': 1976, '3_other_only': 793, '4_mixed': 74, '5_dead': 81, '5_not_shown': 50, 'needs_browser': 5380}
10175/16451 596.1/min {'1_mostbet_only': 1808, '2_no_ads': 1977, '3_other_only': 793, '4_mixed': 74, '5_dead': 81, '5_not_shown': 50, 'needs_browser': 5392}
10200/16451 593.2/min {'1_mostbet_only': 1819, '2_no_ads': 1978, '3_other_only': 793, '4_mixed': 74, '5_dead': 82, '5_not_shown': 50, 'needs_browser': 5404}
10225/16451 584.2/min {'1_mostbet_only': 1832, '2_no_ads': 1979, '3_other_only': 793, '4_mixed': 74, '5_dead': 82, '5_not_shown': 50, 'needs_browser': 5415}
10250/16451 580.9/min {'1_mostbet_only': 1846, '2_no_ads': 1981, '3_other_only': 793, '4_mixed': 74, '5_dead': 82, '5_not_shown': 50, 'needs_browser': 5424}
10275/16451 579.6/min {'1_mostbet_only': 1859, '2_no_ads': 1981, '3_other_only': 793, '4_mixed': 74, '5_dead': 82, '5_not_shown': 50, 'needs_browser': 5436}
10300/16451 576.2/min {'1_mostbet_only': 1867, '2_no_ads': 1982, '3_other_only': 793, '4_mixed': 75, '5_dead': 82, '5_not_shown': 50, 'needs_browser': 5451}
10325/16451 574.0/min {'1_mostbet_only': 1880, '2_no_ads': 1984, '3_other_only': 793, '4_mixed': 75, '5_dead': 82, '5_not_shown': 50, 'needs_browser': 5461}
10350/16451 570.7/min {'1_mostbet_only': 1896, '2_no_ads': 1984, '3_other_only': 793, '4_mixed': 75, '5_dead': 82, '5_not_shown': 50, 'needs_browser': 5470}
10375/16451 569.9/min {'1_mostbet_only': 1907, '2_no_ads': 1988, '3_other_only': 793, '4_mixed': 75, '5_dead': 82, '5_not_shown': 50, 'needs_browser': 5480}
10400/16451 569.0/min {'1_mostbet_only': 1915, '2_no_ads': 1988, '3_other_only': 793, '4_mixed': 75, '5_dead': 82, '5_not_shown': 50, 'needs_browser': 5497}
10425/16451 568.2/min {'1_mostbet_only': 1930, '2_no_ads': 1989, '3_other_only': 794, '4_mixed': 75, '5_dead': 83, '5_not_shown': 50, 'needs_browser': 5504}
10450/16451 567.4/min {'1_mostbet_only': 1944, '2_no_ads': 1991, '3_other_only': 794, '4_mixed': 75, '5_dead': 83, '5_not_shown': 50, 'needs_browser': 5513}
10475/16451 566.8/min {'1_mostbet_only': 1955, '2_no_ads': 1991, '3_other_only': 794, '4_mixed': 75, '5_dead': 83, '5_not_shown': 50, 'needs_browser': 5527}
10500/16451 566.5/min {'1_mostbet_only': 1970, '2_no_ads': 1991, '3_other_only': 794, '4_mixed': 75, '5_dead': 83, '5_not_shown': 50, 'needs_browser': 5537}
10525/16451 566.4/min {'1_mostbet_only': 1980, '2_no_ads': 1991, '3_other_only': 794, '4_mixed': 75, '5_dead': 83, '5_not_shown': 50, 'needs_browser': 5552}
10550/16451 565.6/min {'1_mostbet_only': 1997, '2_no_ads': 1991, '3_other_only': 794, '4_mixed': 75, '5_dead': 83, '5_not_shown': 50, 'needs_browser': 5560}
10575/16451 565.2/min {'1_mostbet_only': 2005, '2_no_ads': 1993, '3_other_only': 794, '4_mixed': 75, '5_dead': 83, '5_not_shown': 51, 'needs_browser': 5574}
10600/16451 563.3/min {'1_mostbet_only': 2014, '2_no_ads': 1995, '3_other_only': 795, '4_mixed': 75, '5_dead': 83, '5_not_shown': 51, 'needs_browser': 5587}
10625/16451 562.0/min {'1_mostbet_only': 2019, '2_no_ads': 1995, '3_other_only': 795, '4_mixed': 75, '5_dead': 83, '5_not_shown': 51, 'needs_browser': 5607}
10650/16451 560.8/min {'1_mostbet_only': 2024, '2_no_ads': 1997, '3_other_only': 795, '4_mixed': 75, '5_dead': 83, '5_not_shown': 51, 'needs_browser': 5625}
10675/16451 560.6/min {'1_mostbet_only': 2026, '2_no_ads': 1999, '3_other_only': 796, '4_mixed': 75, '5_dead': 86, '5_not_shown': 51, 'needs_browser': 5642}
10700/16451 560.6/min {'1_mostbet_only': 2029, '2_no_ads': 2001, '3_other_only': 796, '4_mixed': 75, '5_dead': 87, '5_not_shown': 51, 'needs_browser': 5661}
10725/16451 560.3/min {'1_mostbet_only': 2034, '2_no_ads': 2003, '3_other_only': 796, '4_mixed': 75, '5_dead': 88, '5_not_shown': 51, 'needs_browser': 5678}
10750/16451 560.7/min {'1_mostbet_only': 2040, '2_no_ads': 2007, '3_other_only': 797, '4_mixed': 75, '5_dead': 88, '5_not_shown': 51, 'needs_browser': 5692}
10775/16451 560.8/min {'1_mostbet_only': 2050, '2_no_ads': 2011, '3_other_only': 798, '4_mixed': 75, '5_dead': 89, '5_not_shown': 51, 'needs_browser': 5701}
10800/16451 561.2/min {'1_mostbet_only': 2051, '2_no_ads': 2013, '3_other_only': 803, '4_mixed': 79, '5_dead': 90, '5_not_shown': 51, 'needs_browser': 5713}
10825/16451 561.3/min {'1_mostbet_only': 2053, '2_no_ads': 2014, '3_other_only': 816, '4_mixed': 80, '5_dead': 90, '5_not_shown': 51, 'needs_browser': 5721}
10850/16451 562.0/min {'1_mostbet_only': 2064, '2_no_ads': 2017, '3_other_only': 822, '4_mixed': 80, '5_dead': 90, '5_not_shown': 51, 'needs_browser': 5726}
10875/16451 562.2/min {'1_mostbet_only': 2072, '2_no_ads': 2021, '3_other_only': 823, '4_mixed': 80, '5_dead': 90, '5_not_shown': 51, 'needs_browser': 5738}
10900/16451 562.7/min {'1_mostbet_only': 2074, '2_no_ads': 2024, '3_other_only': 823, '4_mixed': 80, '5_dead': 90, '5_not_shown': 51, 'needs_browser': 5758}
10925/16451 563.3/min {'1_mostbet_only': 2075, '2_no_ads': 2028, '3_other_only': 824, '4_mixed': 80, '5_dead': 90, '5_not_shown': 51, 'needs_browser': 5777}
10950/16451 564.0/min {'1_mostbet_only': 2080, '2_no_ads': 2029, '3_other_only': 824, '4_mixed': 80, '5_dead': 90, '5_not_shown': 51, 'needs_browser': 5796}
10975/16451 563.5/min {'1_mostbet_only': 2088, '2_no_ads': 2031, '3_other_only': 824, '4_mixed': 80, '5_dead': 90, '5_not_shown': 51, 'needs_browser': 5811}
11000/16451 563.7/min {'1_mostbet_only': 2092, '2_no_ads': 2034, '3_other_only': 826, '4_mixed': 81, '5_dead': 91, '5_not_shown': 51, 'needs_browser': 5825}
11025/16451 563.9/min {'1_mostbet_only': 2097, '2_no_ads': 2036, '3_other_only': 826, '4_mixed': 81, '5_dead': 92, '5_not_shown': 51, 'needs_browser': 5842}
11050/16451 564.7/min {'1_mostbet_only': 2101, '2_no_ads': 2037, '3_other_only': 829, '4_mixed': 81, '5_dead': 92, '5_not_shown': 51, 'needs_browser': 5859}
11075/16451 564.7/min {'1_mostbet_only': 2103, '2_no_ads': 2041, '3_other_only': 829, '4_mixed': 81, '5_dead': 92, '5_not_shown': 51, 'needs_browser': 5878}
11100/16451 565.3/min {'1_mostbet_only': 2105, '2_no_ads': 2045, '3_other_only': 830, '4_mixed': 81, '5_dead': 92, '5_not_shown': 51, 'needs_browser': 5896}
11125/16451 565.8/min {'1_mostbet_only': 2107, '2_no_ads': 2046, '3_other_only': 830, '4_mixed': 81, '5_dead': 92, '5_not_shown': 51, 'needs_browser': 5918}
11150/16451 566.1/min {'1_mostbet_only': 2111, '2_no_ads': 2050, '3_other_only': 831, '4_mixed': 81, '5_dead': 93, '5_not_shown': 51, 'needs_browser': 5933}
11175/16451 566.7/min {'1_mostbet_only': 2112, '2_no_ads': 2050, '3_other_only': 836, '4_mixed': 81, '5_dead': 93, '5_not_shown': 51, 'needs_browser': 5952}
11200/16451 567.2/min {'1_mostbet_only': 2116, '2_no_ads': 2050, '3_other_only': 839, '4_mixed': 81, '5_dead': 96, '5_not_shown': 51, 'needs_browser': 5967}
11225/16451 567.7/min {'1_mostbet_only': 2119, '2_no_ads': 2051, '3_other_only': 839, '4_mixed': 82, '5_dead': 96, '5_not_shown': 51, 'needs_browser': 5987}
11250/16451 568.2/min {'1_mostbet_only': 2121, '2_no_ads': 2051, '3_other_only': 843, '4_mixed': 82, '5_dead': 96, '5_not_shown': 51, 'needs_browser': 6006}
11275/16451 568.8/min {'1_mostbet_only': 2124, '2_no_ads': 2053, '3_other_only': 843, '4_mixed': 82, '5_dead': 99, '5_not_shown': 51, 'needs_browser': 6023}
11300/16451 569.3/min {'1_mostbet_only': 2130, '2_no_ads': 2057, '3_other_only': 845, '4_mixed': 82, '5_dead': 100, '5_not_shown': 51, 'needs_browser': 6035}
11325/16451 569.9/min {'1_mostbet_only': 2138, '2_no_ads': 2058, '3_other_only': 846, '4_mixed': 82, '5_dead': 100, '5_not_shown': 51, 'needs_browser': 6050}
11350/16451 570.5/min {'1_mostbet_only': 2144, '2_no_ads': 2060, '3_other_only': 846, '4_mixed': 82, '5_dead': 100, '5_not_shown': 51, 'needs_browser': 6067}
11375/16451 570.8/min {'1_mostbet_only': 2148, '2_no_ads': 2065, '3_other_only': 846, '4_mixed': 82, '5_dead': 100, '5_not_shown': 51, 'needs_browser': 6083}
11400/16451 571.1/min {'1_mostbet_only': 2151, '2_no_ads': 2070, '3_other_only': 846, '4_mixed': 82, '5_dead': 100, '5_not_shown': 52, 'needs_browser': 6099}
11425/16451 571.7/min {'1_mostbet_only': 2157, '2_no_ads': 2070, '3_other_only': 847, '4_mixed': 82, '5_dead': 100, '5_not_shown': 52, 'needs_browser': 6117}
11450/16451 571.9/min {'1_mostbet_only': 2159, '2_no_ads': 2074, '3_other_only': 848, '4_mixed': 82, '5_dead': 100, '5_not_shown': 52, 'needs_browser': 6135}
11475/16451 570.9/min {'1_mostbet_only': 2163, '2_no_ads': 2079, '3_other_only': 848, '4_mixed': 82, '5_dead': 101, '5_not_shown': 52, 'needs_browser': 6150}
11500/16451 570.3/min {'1_mostbet_only': 2171, '2_no_ads': 2081, '3_other_only': 848, '4_mixed': 82, '5_dead': 101, '5_not_shown': 52, 'needs_browser': 6165}
11525/16451 564.4/min {'1_mostbet_only': 2180, '2_no_ads': 2082, '3_other_only': 849, '4_mixed': 82, '5_dead': 101, '5_not_shown': 52, 'needs_browser': 6179}
11550/16451 563.1/min {'1_mostbet_only': 2186, '2_no_ads': 2084, '3_other_only': 850, '4_mixed': 82, '5_dead': 101, '5_not_shown': 52, 'needs_browser': 6195}
11575/16451 562.0/min {'1_mostbet_only': 2193, '2_no_ads': 2086, '3_other_only': 850, '4_mixed': 82, '5_dead': 101, '5_not_shown': 52, 'needs_browser': 6211}
11600/16451 560.2/min {'1_mostbet_only': 2202, '2_no_ads': 2088, '3_other_only': 850, '4_mixed': 82, '5_dead': 101, '5_not_shown': 52, 'needs_browser': 6225}
11625/16451 558.2/min {'1_mostbet_only': 2205, '2_no_ads': 2091, '3_other_only': 852, '4_mixed': 82, '5_dead': 101, '5_not_shown': 52, 'needs_browser': 6242}
11650/16451 557.5/min {'1_mostbet_only': 2210, '2_no_ads': 2093, '3_other_only': 853, '4_mixed': 82, '5_dead': 102, '5_not_shown': 52, 'needs_browser': 6258}
11675/16451 557.0/min {'1_mostbet_only': 2212, '2_no_ads': 2096, '3_other_only': 855, '4_mixed': 82, '5_dead': 102, '5_not_shown': 52, 'needs_browser': 6276}
11700/16451 556.7/min {'1_mostbet_only': 2220, '2_no_ads': 2098, '3_other_only': 855, '4_mixed': 82, '5_dead': 102, '5_not_shown': 53, 'needs_browser': 6290}
11725/16451 556.6/min {'1_mostbet_only': 2221, '2_no_ads': 2100, '3_other_only': 855, '4_mixed': 82, '5_dead': 103, '5_not_shown': 53, 'needs_browser': 6311}
11750/16451 555.1/min {'1_mostbet_only': 2227, '2_no_ads': 2103, '3_other_only': 855, '4_mixed': 82, '5_dead': 103, '5_not_shown': 54, 'needs_browser': 6326}
11775/16451 555.2/min {'1_mostbet_only': 2234, '2_no_ads': 2106, '3_other_only': 855, '4_mixed': 82, '5_dead': 106, '5_not_shown': 54, 'needs_browser': 6338}
11800/16451 555.5/min {'1_mostbet_only': 2238, '2_no_ads': 2107, '3_other_only': 855, '4_mixed': 82, '5_dead': 107, '5_not_shown': 54, 'needs_browser': 6357}
11825/16451 555.7/min {'1_mostbet_only': 2242, '2_no_ads': 2108, '3_other_only': 857, '4_mixed': 82, '5_dead': 109, '5_not_shown': 54, 'needs_browser': 6373}
11850/16451 556.2/min {'1_mostbet_only': 2246, '2_no_ads': 2111, '3_other_only': 857, '4_mixed': 82, '5_dead': 111, '5_not_shown': 54, 'needs_browser': 6389}
11875/16451 556.0/min {'1_mostbet_only': 2249, '2_no_ads': 2114, '3_other_only': 858, '4_mixed': 82, '5_dead': 112, '5_not_shown': 54, 'needs_browser': 6406}
11900/16451 556.6/min {'1_mostbet_only': 2254, '2_no_ads': 2117, '3_other_only': 859, '4_mixed': 82, '5_dead': 112, '5_not_shown': 54, 'needs_browser': 6422}
11925/16451 556.7/min {'1_mostbet_only': 2260, '2_no_ads': 2118, '3_other_only': 859, '4_mixed': 82, '5_dead': 113, '5_not_shown': 54, 'needs_browser': 6439}
11950/16451 556.9/min {'1_mostbet_only': 2267, '2_no_ads': 2121, '3_other_only': 859, '4_mixed': 82, '5_dead': 113, '5_not_shown': 54, 'needs_browser': 6454}
11975/16451 557.5/min {'1_mostbet_only': 2272, '2_no_ads': 2125, '3_other_only': 862, '4_mixed': 82, '5_dead': 122, '5_not_shown': 55, 'needs_browser': 6457}
12000/16451 557.8/min {'1_mostbet_only': 2280, '2_no_ads': 2129, '3_other_only': 862, '4_mixed': 82, '5_dead': 122, '5_not_shown': 55, 'needs_browser': 6470}
12025/16451 557.9/min {'1_mostbet_only': 2285, '2_no_ads': 2135, '3_other_only': 863, '4_mixed': 82, '5_dead': 122, '5_not_shown': 55, 'needs_browser': 6483}
12050/16451 558.3/min {'1_mostbet_only': 2293, '2_no_ads': 2139, '3_other_only': 863, '4_mixed': 83, '5_dead': 122, '5_not_shown': 55, 'needs_browser': 6495}
12075/16451 558.5/min {'1_mostbet_only': 2300, '2_no_ads': 2140, '3_other_only': 863, '4_mixed': 83, '5_dead': 122, '5_not_shown': 55, 'needs_browser': 6512}
12100/16451 558.9/min {'1_mostbet_only': 2305, '2_no_ads': 2141, '3_other_only': 864, '4_mixed': 83, '5_dead': 124, '5_not_shown': 55, 'needs_browser': 6528}
12125/16451 559.4/min {'1_mostbet_only': 2310, '2_no_ads': 2144, '3_other_only': 865, '4_mixed': 83, '5_dead': 124, '5_not_shown': 55, 'needs_browser': 6544}
12150/16451 559.7/min {'1_mostbet_only': 2315, '2_no_ads': 2147, '3_other_only': 865, '4_mixed': 83, '5_dead': 124, '5_not_shown': 55, 'needs_browser': 6561}
12175/16451 559.8/min {'1_mostbet_only': 2322, '2_no_ads': 2149, '3_other_only': 865, '4_mixed': 83, '5_dead': 124, '5_not_shown': 57, 'needs_browser': 6575}
12200/16451 559.1/min {'1_mostbet_only': 2329, '2_no_ads': 2151, '3_other_only': 866, '4_mixed': 83, '5_dead': 124, '5_not_shown': 58, 'needs_browser': 6589}
12225/16451 559.2/min {'1_mostbet_only': 2334, '2_no_ads': 2154, '3_other_only': 867, '4_mixed': 83, '5_dead': 124, '5_not_shown': 58, 'needs_browser': 6605}
12250/16451 558.8/min {'1_mostbet_only': 2344, '2_no_ads': 2157, '3_other_only': 868, '4_mixed': 83, '5_dead': 125, '5_not_shown': 58, 'needs_browser': 6615}
12275/16451 558.4/min {'1_mostbet_only': 2352, '2_no_ads': 2160, '3_other_only': 869, '4_mixed': 83, '5_dead': 125, '5_not_shown': 58, 'needs_browser': 6628}
12300/16451 558.4/min {'1_mostbet_only': 2359, '2_no_ads': 2162, '3_other_only': 874, '4_mixed': 83, '5_dead': 125, '5_not_shown': 60, 'needs_browser': 6637}
12325/16451 558.2/min {'1_mostbet_only': 2367, '2_no_ads': 2163, '3_other_only': 875, '4_mixed': 83, '5_dead': 125, '5_not_shown': 60, 'needs_browser': 6652}
12350/16451 557.5/min {'1_mostbet_only': 2378, '2_no_ads': 2165, '3_other_only': 875, '4_mixed': 83, '5_dead': 126, '5_not_shown': 60, 'needs_browser': 6663}
12375/16451 557.1/min {'1_mostbet_only': 2387, '2_no_ads': 2166, '3_other_only': 877, '4_mixed': 83, '5_dead': 127, '5_not_shown': 60, 'needs_browser': 6675}
12400/16451 557.3/min {'1_mostbet_only': 2397, '2_no_ads': 2168, '3_other_only': 877, '4_mixed': 83, '5_dead': 128, '5_not_shown': 60, 'needs_browser': 6687}
12425/16451 557.0/min {'1_mostbet_only': 2402, '2_no_ads': 2171, '3_other_only': 878, '4_mixed': 84, '5_dead': 128, '5_not_shown': 60, 'needs_browser': 6702}
12450/16451 554.5/min {'1_mostbet_only': 2412, '2_no_ads': 2175, '3_other_only': 878, '4_mixed': 86, '5_dead': 128, '5_not_shown': 60, 'needs_browser': 6711}
12475/16451 552.4/min {'1_mostbet_only': 2418, '2_no_ads': 2176, '3_other_only': 878, '4_mixed': 86, '5_dead': 134, '5_not_shown': 60, 'needs_browser': 6723}
12500/16451 547.6/min {'1_mostbet_only': 2420, '2_no_ads': 2179, '3_other_only': 878, '4_mixed': 86, '5_dead': 134, '5_not_shown': 60, 'needs_browser': 6743}
12525/16451 547.2/min {'1_mostbet_only': 2424, '2_no_ads': 2188, '3_other_only': 878, '4_mixed': 86, '5_dead': 134, '5_not_shown': 60, 'needs_browser': 6755}
12550/16451 546.0/min {'1_mostbet_only': 2428, '2_no_ads': 2194, '3_other_only': 880, '4_mixed': 86, '5_dead': 134, '5_not_shown': 60, 'needs_browser': 6768}
12575/16451 546.1/min {'1_mostbet_only': 2429, '2_no_ads': 2201, '3_other_only': 881, '4_mixed': 86, '5_dead': 134, '5_not_shown': 61, 'needs_browser': 6783}
12600/16451 546.1/min {'1_mostbet_only': 2430, '2_no_ads': 2203, '3_other_only': 885, '4_mixed': 86, '5_dead': 134, '5_not_shown': 61, 'needs_browser': 6801}
12625/16451 546.2/min {'1_mostbet_only': 2434, '2_no_ads': 2205, '3_other_only': 886, '4_mixed': 86, '5_dead': 134, '5_not_shown': 61, 'needs_browser': 6819}
12650/16451 546.6/min {'1_mostbet_only': 2440, '2_no_ads': 2210, '3_other_only': 887, '4_mixed': 86, '5_dead': 134, '5_not_shown': 61, 'needs_browser': 6832}
12675/16451 546.9/min {'1_mostbet_only': 2441, '2_no_ads': 2216, '3_other_only': 888, '4_mixed': 86, '5_dead': 134, '5_not_shown': 61, 'needs_browser': 6849}
12700/16451 547.1/min {'1_mostbet_only': 2447, '2_no_ads': 2220, '3_other_only': 890, '4_mixed': 86, '5_dead': 135, '5_not_shown': 61, 'needs_browser': 6861}
12725/16451 547.2/min {'1_mostbet_only': 2449, '2_no_ads': 2226, '3_other_only': 892, '4_mixed': 86, '5_dead': 135, '5_not_shown': 61, 'needs_browser': 6876}
12750/16451 547.4/min {'1_mostbet_only': 2452, '2_no_ads': 2232, '3_other_only': 896, '4_mixed': 87, '5_dead': 135, '5_not_shown': 61, 'needs_browser': 6887}
12775/16451 547.8/min {'1_mostbet_only': 2457, '2_no_ads': 2238, '3_other_only': 896, '4_mixed': 87, '5_dead': 135, '5_not_shown': 61, 'needs_browser': 6901}
12800/16451 548.1/min {'1_mostbet_only': 2458, '2_no_ads': 2247, '3_other_only': 898, '4_mixed': 87, '5_dead': 135, '5_not_shown': 61, 'needs_browser': 6914}
12825/16451 547.8/min {'1_mostbet_only': 2462, '2_no_ads': 2254, '3_other_only': 899, '4_mixed': 87, '5_dead': 135, '5_not_shown': 61, 'needs_browser': 6927}
12850/16451 548.2/min {'1_mostbet_only': 2465, '2_no_ads': 2260, '3_other_only': 900, '4_mixed': 87, '5_dead': 137, '5_not_shown': 61, 'needs_browser': 6940}
12875/16451 548.7/min {'1_mostbet_only': 2468, '2_no_ads': 2264, '3_other_only': 903, '4_mixed': 87, '5_dead': 137, '5_not_shown': 61, 'needs_browser': 6955}
12900/16451 548.8/min {'1_mostbet_only': 2469, '2_no_ads': 2268, '3_other_only': 905, '4_mixed': 87, '5_dead': 137, '5_not_shown': 61, 'needs_browser': 6973}
12925/16451 549.0/min {'1_mostbet_only': 2473, '2_no_ads': 2271, '3_other_only': 908, '4_mixed': 89, '5_dead': 137, '5_not_shown': 61, 'needs_browser': 6986}
12950/16451 549.5/min {'1_mostbet_only': 2477, '2_no_ads': 2272, '3_other_only': 908, '4_mixed': 89, '5_dead': 137, '5_not_shown': 61, 'needs_browser': 7006}
12975/16451 550.2/min {'1_mostbet_only': 2479, '2_no_ads': 2277, '3_other_only': 908, '4_mixed': 89, '5_dead': 137, '5_not_shown': 62, 'needs_browser': 7023}
13000/16451 550.7/min {'1_mostbet_only': 2481, '2_no_ads': 2285, '3_other_only': 912, '4_mixed': 89, '5_dead': 137, '5_not_shown': 62, 'needs_browser': 7034}
13025/16451 551.2/min {'1_mostbet_only': 2482, '2_no_ads': 2290, '3_other_only': 913, '4_mixed': 89, '5_dead': 137, '5_not_shown': 62, 'needs_browser': 7052}
13050/16451 551.6/min {'1_mostbet_only': 2484, '2_no_ads': 2297, '3_other_only': 915, '4_mixed': 89, '5_dead': 137, '5_not_shown': 62, 'needs_browser': 7066}
13075/16451 551.7/min {'1_mostbet_only': 2485, '2_no_ads': 2305, '3_other_only': 919, '4_mixed': 89, '5_dead': 137, '5_not_shown': 62, 'needs_browser': 7078}
13100/16451 552.1/min {'1_mostbet_only': 2485, '2_no_ads': 2308, '3_other_only': 926, '4_mixed': 89, '5_dead': 137, '5_not_shown': 62, 'needs_browser': 7093}
13125/16451 552.1/min {'1_mostbet_only': 2490, '2_no_ads': 2309, '3_other_only': 932, '4_mixed': 89, '5_dead': 137, '5_not_shown': 62, 'needs_browser': 7106}
13150/16451 552.5/min {'1_mostbet_only': 2492, '2_no_ads': 2315, '3_other_only': 933, '4_mixed': 89, '5_dead': 137, '5_not_shown': 62, 'needs_browser': 7122}
13175/16451 553.0/min {'1_mostbet_only': 2497, '2_no_ads': 2320, '3_other_only': 935, '4_mixed': 89, '5_dead': 138, '5_not_shown': 62, 'needs_browser': 7134}
13200/16451 553.5/min {'1_mostbet_only': 2501, '2_no_ads': 2324, '3_other_only': 940, '4_mixed': 89, '5_dead': 138, '5_not_shown': 62, 'needs_browser': 7146}
13225/16451 554.1/min {'1_mostbet_only': 2502, '2_no_ads': 2332, '3_other_only': 940, '4_mixed': 90, '5_dead': 138, '5_not_shown': 62, 'needs_browser': 7161}
13250/16451 554.6/min {'1_mostbet_only': 2507, '2_no_ads': 2339, '3_other_only': 942, '4_mixed': 90, '5_dead': 138, '5_not_shown': 62, 'needs_browser': 7172}
13275/16451 554.9/min {'1_mostbet_only': 2509, '2_no_ads': 2346, '3_other_only': 944, '4_mixed': 90, '5_dead': 138, '5_not_shown': 62, 'needs_browser': 7186}
13300/16451 555.3/min {'1_mostbet_only': 2516, '2_no_ads': 2353, '3_other_only': 945, '4_mixed': 90, '5_dead': 138, '5_not_shown': 62, 'needs_browser': 7196}
13325/16451 555.3/min {'1_mostbet_only': 2518, '2_no_ads': 2364, '3_other_only': 947, '4_mixed': 90, '5_dead': 138, '5_not_shown': 63, 'needs_browser': 7205}
13350/16451 555.5/min {'1_mostbet_only': 2522, '2_no_ads': 2369, '3_other_only': 951, '4_mixed': 90, '5_dead': 138, '5_not_shown': 63, 'needs_browser': 7217}
13375/16451 556.0/min {'1_mostbet_only': 2523, '2_no_ads': 2374, '3_other_only': 955, '4_mixed': 90, '5_dead': 138, '5_not_shown': 63, 'needs_browser': 7232}
13400/16451 556.4/min {'1_mostbet_only': 2527, '2_no_ads': 2383, '3_other_only': 958, '4_mixed': 90, '5_dead': 139, '5_not_shown': 63, 'needs_browser': 7240}
13425/16451 556.9/min {'1_mostbet_only': 2530, '2_no_ads': 2387, '3_other_only': 960, '4_mixed': 91, '5_dead': 139, '5_not_shown': 63, 'needs_browser': 7255}
13450/16451 557.3/min {'1_mostbet_only': 2532, '2_no_ads': 2394, '3_other_only': 961, '4_mixed': 91, '5_dead': 139, '5_not_shown': 63, 'needs_browser': 7270}
13475/16451 558.0/min {'1_mostbet_only': 2532, '2_no_ads': 2396, '3_other_only': 962, '4_mixed': 91, '5_dead': 140, '5_not_shown': 63, 'needs_browser': 7291}
13500/16451 558.7/min {'1_mostbet_only': 2532, '2_no_ads': 2403, '3_other_only': 964, '4_mixed': 91, '5_dead': 140, '5_not_shown': 63, 'needs_browser': 7307}
13525/16451 559.3/min {'1_mostbet_only': 2534, '2_no_ads': 2409, '3_other_only': 967, '4_mixed': 91, '5_dead': 140, '5_not_shown': 63, 'needs_browser': 7321}
13550/16451 559.7/min {'1_mostbet_only': 2537, '2_no_ads': 2415, '3_other_only': 972, '4_mixed': 91, '5_dead': 140, '5_not_shown': 64, 'needs_browser': 7331}
13575/16451 560.1/min {'1_mostbet_only': 2541, '2_no_ads': 2422, '3_other_only': 975, '4_mixed': 91, '5_dead': 140, '5_not_shown': 64, 'needs_browser': 7342}
13600/16451 560.7/min {'1_mostbet_only': 2542, '2_no_ads': 2427, '3_other_only': 979, '4_mixed': 91, '5_dead': 140, '5_not_shown': 64, 'needs_browser': 7357}
13625/16451 561.4/min {'1_mostbet_only': 2545, '2_no_ads': 2431, '3_other_only': 982, '4_mixed': 91, '5_dead': 140, '5_not_shown': 64, 'needs_browser': 7372}
13650/16451 562.1/min {'1_mostbet_only': 2545, '2_no_ads': 2435, '3_other_only': 989, '4_mixed': 91, '5_dead': 140, '5_not_shown': 64, 'needs_browser': 7386}
13675/16451 562.8/min {'1_mostbet_only': 2546, '2_no_ads': 2438, '3_other_only': 989, '4_mixed': 91, '5_dead': 140, '5_not_shown': 64, 'needs_browser': 7407}
13700/16451 563.1/min {'1_mostbet_only': 2550, '2_no_ads': 2446, '3_other_only': 991, '4_mixed': 91, '5_dead': 140, '5_not_shown': 64, 'needs_browser': 7418}
13725/16451 563.5/min {'1_mostbet_only': 2557, '2_no_ads': 2448, '3_other_only': 993, '4_mixed': 91, '5_dead': 140, '5_not_shown': 64, 'needs_browser': 7432}
13750/16451 564.0/min {'1_mostbet_only': 2563, '2_no_ads': 2450, '3_other_only': 1003, '4_mixed': 91, '5_dead': 140, '5_not_shown': 64, 'needs_browser': 7439}
13775/16451 564.5/min {'1_mostbet_only': 2566, '2_no_ads': 2454, '3_other_only': 1014, '4_mixed': 92, '5_dead': 140, '5_not_shown': 64, 'needs_browser': 7445}
13800/16451 565.1/min {'1_mostbet_only': 2569, '2_no_ads': 2457, '3_other_only': 1026, '4_mixed': 92, '5_dead': 140, '5_not_shown': 64, 'needs_browser': 7452}
13825/16451 565.8/min {'1_mostbet_only': 2573, '2_no_ads': 2459, '3_other_only': 1032, '4_mixed': 92, '5_dead': 141, '5_not_shown': 64, 'needs_browser': 7464}
13850/16451 566.1/min {'1_mostbet_only': 2576, '2_no_ads': 2466, '3_other_only': 1038, '4_mixed': 92, '5_dead': 141, '5_not_shown': 64, 'needs_browser': 7473}
13875/16451 566.6/min {'1_mostbet_only': 2582, '2_no_ads': 2473, '3_other_only': 1040, '4_mixed': 93, '5_dead': 142, '5_not_shown': 64, 'needs_browser': 7481}
13900/16451 566.9/min {'1_mostbet_only': 2583, '2_no_ads': 2482, '3_other_only': 1051, '4_mixed': 93, '5_dead': 142, '5_not_shown': 64, 'needs_browser': 7485}
13925/16451 567.8/min {'1_mostbet_only': 2584, '2_no_ads': 2485, '3_other_only': 1060, '4_mixed': 93, '5_dead': 142, '5_not_shown': 64, 'needs_browser': 7497}
13950/16451 568.4/min {'1_mostbet_only': 2586, '2_no_ads': 2493, '3_other_only': 1062, '4_mixed': 93, '5_dead': 142, '5_not_shown': 64, 'needs_browser': 7510}
13975/16451 568.7/min {'1_mostbet_only': 2588, '2_no_ads': 2500, '3_other_only': 1063, '4_mixed': 94, '5_dead': 143, '5_not_shown': 64, 'needs_browser': 7523}
14000/16451 569.2/min {'1_mostbet_only': 2590, '2_no_ads': 2508, '3_other_only': 1066, '4_mixed': 95, '5_dead': 143, '5_not_shown': 64, 'needs_browser': 7534}
14025/16451 569.7/min {'1_mostbet_only': 2595, '2_no_ads': 2515, '3_other_only': 1066, '4_mixed': 95, '5_dead': 143, '5_not_shown': 65, 'needs_browser': 7546}
14050/16451 570.2/min {'1_mostbet_only': 2598, '2_no_ads': 2521, '3_other_only': 1069, '4_mixed': 95, '5_dead': 144, '5_not_shown': 65, 'needs_browser': 7558}
14075/16451 570.7/min {'1_mostbet_only': 2600, '2_no_ads': 2529, '3_other_only': 1071, '4_mixed': 95, '5_dead': 144, '5_not_shown': 65, 'needs_browser': 7571}
14100/16451 571.3/min {'1_mostbet_only': 2602, '2_no_ads': 2533, '3_other_only': 1076, '4_mixed': 95, '5_dead': 144, '5_not_shown': 65, 'needs_browser': 7585}
14125/16451 571.9/min {'1_mostbet_only': 2603, '2_no_ads': 2536, '3_other_only': 1077, '4_mixed': 95, '5_dead': 144, '5_not_shown': 65, 'needs_browser': 7605}
14150/16451 572.4/min {'1_mostbet_only': 2606, '2_no_ads': 2543, '3_other_only': 1080, '4_mixed': 95, '5_dead': 144, '5_not_shown': 65, 'needs_browser': 7617}
14175/16451 573.0/min {'1_mostbet_only': 2608, '2_no_ads': 2551, '3_other_only': 1084, '4_mixed': 95, '5_dead': 144, '5_not_shown': 66, 'needs_browser': 7627}
14200/16451 573.6/min {'1_mostbet_only': 2609, '2_no_ads': 2558, '3_other_only': 1094, '4_mixed': 95, '5_dead': 144, '5_not_shown': 66, 'needs_browser': 7634}
14225/16451 574.0/min {'1_mostbet_only': 2612, '2_no_ads': 2560, '3_other_only': 1101, '4_mixed': 95, '5_dead': 144, '5_not_shown': 66, 'needs_browser': 7647}
14250/16451 574.3/min {'1_mostbet_only': 2619, '2_no_ads': 2569, '3_other_only': 1101, '4_mixed': 95, '5_dead': 144, '5_not_shown': 66, 'needs_browser': 7656}
14275/16451 574.6/min {'1_mostbet_only': 2624, '2_no_ads': 2576, '3_other_only': 1103, '4_mixed': 95, '5_dead': 144, '5_not_shown': 66, 'needs_browser': 7667}
14300/16451 575.2/min {'1_mostbet_only': 2630, '2_no_ads': 2579, '3_other_only': 1106, '4_mixed': 95, '5_dead': 144, '5_not_shown': 66, 'needs_browser': 7680}
14325/16451 575.6/min {'1_mostbet_only': 2631, '2_no_ads': 2581, '3_other_only': 1108, '4_mixed': 95, '5_dead': 144, '5_not_shown': 66, 'needs_browser': 7700}
14350/16451 576.0/min {'1_mostbet_only': 2632, '2_no_ads': 2588, '3_other_only': 1111, '4_mixed': 95, '5_dead': 145, '5_not_shown': 66, 'needs_browser': 7713}
14375/16451 576.5/min {'1_mostbet_only': 2633, '2_no_ads': 2592, '3_other_only': 1115, '4_mixed': 95, '5_dead': 145, '5_not_shown': 66, 'needs_browser': 7729}
14400/16451 577.0/min {'1_mostbet_only': 2637, '2_no_ads': 2596, '3_other_only': 1118, '4_mixed': 95, '5_dead': 146, '5_not_shown': 67, 'needs_browser': 7741}
14425/16451 577.1/min {'1_mostbet_only': 2640, '2_no_ads': 2599, '3_other_only': 1124, '4_mixed': 95, '5_dead': 146, '5_not_shown': 67, 'needs_browser': 7754}
14450/16451 577.5/min {'1_mostbet_only': 2642, '2_no_ads': 2607, '3_other_only': 1126, '4_mixed': 95, '5_dead': 146, '5_not_shown': 67, 'needs_browser': 7767}
14475/16451 578.0/min {'1_mostbet_only': 2645, '2_no_ads': 2612, '3_other_only': 1128, '4_mixed': 95, '5_dead': 146, '5_not_shown': 67, 'needs_browser': 7782}
14500/16451 578.4/min {'1_mostbet_only': 2649, '2_no_ads': 2617, '3_other_only': 1130, '4_mixed': 96, '5_dead': 146, '5_not_shown': 67, 'needs_browser': 7795}
14525/16451 578.9/min {'1_mostbet_only': 2654, '2_no_ads': 2623, '3_other_only': 1136, '4_mixed': 96, '5_dead': 146, '5_not_shown': 67, 'needs_browser': 7803}
14550/16451 579.2/min {'1_mostbet_only': 2654, '2_no_ads': 2632, '3_other_only': 1142, '4_mixed': 96, '5_dead': 146, '5_not_shown': 67, 'needs_browser': 7813}
14575/16451 579.7/min {'1_mostbet_only': 2654, '2_no_ads': 2639, '3_other_only': 1145, '4_mixed': 96, '5_dead': 146, '5_not_shown': 67, 'needs_browser': 7828}
14600/16451 580.1/min {'1_mostbet_only': 2655, '2_no_ads': 2646, '3_other_only': 1148, '4_mixed': 96, '5_dead': 147, '5_not_shown': 67, 'needs_browser': 7841}
14625/16451 580.6/min {'1_mostbet_only': 2660, '2_no_ads': 2650, '3_other_only': 1153, '4_mixed': 97, '5_dead': 147, '5_not_shown': 67, 'needs_browser': 7851}
14650/16451 580.8/min {'1_mostbet_only': 2662, '2_no_ads': 2657, '3_other_only': 1155, '4_mixed': 99, '5_dead': 147, '5_not_shown': 67, 'needs_browser': 7863}
14675/16451 581.4/min {'1_mostbet_only': 2668, '2_no_ads': 2666, '3_other_only': 1157, '4_mixed': 99, '5_dead': 147, '5_not_shown': 67, 'needs_browser': 7871}
14700/16451 581.8/min {'1_mostbet_only': 2670, '2_no_ads': 2672, '3_other_only': 1157, '4_mixed': 100, '5_dead': 148, '5_not_shown': 68, 'needs_browser': 7885}
14725/16451 582.2/min {'1_mostbet_only': 2670, '2_no_ads': 2678, '3_other_only': 1168, '4_mixed': 100, '5_dead': 148, '5_not_shown': 68, 'needs_browser': 7893}
14750/16451 582.7/min {'1_mostbet_only': 2670, '2_no_ads': 2683, '3_other_only': 1183, '4_mixed': 100, '5_dead': 148, '5_not_shown': 68, 'needs_browser': 7898}
14775/16451 583.3/min {'1_mostbet_only': 2671, '2_no_ads': 2693, '3_other_only': 1191, '4_mixed': 100, '5_dead': 148, '5_not_shown': 68, 'needs_browser': 7904}
14800/16451 583.9/min {'1_mostbet_only': 2674, '2_no_ads': 2702, '3_other_only': 1193, '4_mixed': 100, '5_dead': 148, '5_not_shown': 68, 'needs_browser': 7915}
14825/16451 584.5/min {'1_mostbet_only': 2677, '2_no_ads': 2706, '3_other_only': 1194, '4_mixed': 100, '5_dead': 148, '5_not_shown': 68, 'needs_browser': 7932}
14850/16451 584.9/min {'1_mostbet_only': 2686, '2_no_ads': 2712, '3_other_only': 1194, '4_mixed': 100, '5_dead': 148, '5_not_shown': 69, 'needs_browser': 7941}
14875/16451 585.1/min {'1_mostbet_only': 2690, '2_no_ads': 2718, '3_other_only': 1195, '4_mixed': 100, '5_dead': 148, '5_not_shown': 69, 'needs_browser': 7955}
14900/16451 585.4/min {'1_mostbet_only': 2692, '2_no_ads': 2721, '3_other_only': 1197, '4_mixed': 100, '5_dead': 148, '5_not_shown': 69, 'needs_browser': 7973}
14925/16451 585.4/min {'1_mostbet_only': 2697, '2_no_ads': 2726, '3_other_only': 1201, '4_mixed': 100, '5_dead': 148, '5_not_shown': 69, 'needs_browser': 7984}
14950/16451 586.0/min {'1_mostbet_only': 2701, '2_no_ads': 2728, '3_other_only': 1206, '4_mixed': 101, '5_dead': 148, '5_not_shown': 69, 'needs_browser': 7997}
14975/16451 586.3/min {'1_mostbet_only': 2704, '2_no_ads': 2734, '3_other_only': 1206, '4_mixed': 102, '5_dead': 148, '5_not_shown': 69, 'needs_browser': 8012}
15000/16451 586.8/min {'1_mostbet_only': 2708, '2_no_ads': 2738, '3_other_only': 1207, '4_mixed': 103, '5_dead': 148, '5_not_shown': 69, 'needs_browser': 8027}
15025/16451 587.2/min {'1_mostbet_only': 2710, '2_no_ads': 2742, '3_other_only': 1214, '4_mixed': 103, '5_dead': 148, '5_not_shown': 69, 'needs_browser': 8039}
15050/16451 587.7/min {'1_mostbet_only': 2712, '2_no_ads': 2746, '3_other_only': 1215, '4_mixed': 103, '5_dead': 148, '5_not_shown': 70, 'needs_browser': 8056}
15075/16451 588.3/min {'1_mostbet_only': 2714, '2_no_ads': 2752, '3_other_only': 1216, '4_mixed': 103, '5_dead': 148, '5_not_shown': 70, 'needs_browser': 8072}
15100/16451 588.9/min {'1_mostbet_only': 2719, '2_no_ads': 2756, '3_other_only': 1217, '4_mixed': 103, '5_dead': 148, '5_not_shown': 70, 'needs_browser': 8087}
15125/16451 589.3/min {'1_mostbet_only': 2724, '2_no_ads': 2763, '3_other_only': 1220, '4_mixed': 103, '5_dead': 149, '5_not_shown': 70, 'needs_browser': 8096}
15150/16451 589.5/min {'1_mostbet_only': 2729, '2_no_ads': 2769, '3_other_only': 1225, '4_mixed': 104, '5_dead': 149, '5_not_shown': 70, 'needs_browser': 8104}
15175/16451 589.6/min {'1_mostbet_only': 2735, '2_no_ads': 2773, '3_other_only': 1229, '4_mixed': 104, '5_dead': 149, '5_not_shown': 70, 'needs_browser': 8115}
15200/16451 590.0/min {'1_mostbet_only': 2737, '2_no_ads': 2781, '3_other_only': 1232, '4_mixed': 104, '5_dead': 149, '5_not_shown': 70, 'needs_browser': 8127}
15225/16451 590.5/min {'1_mostbet_only': 2743, '2_no_ads': 2785, '3_other_only': 1233, '4_mixed': 104, '5_dead': 149, '5_not_shown': 70, 'needs_browser': 8141}
15250/16451 590.8/min {'1_mostbet_only': 2744, '2_no_ads': 2794, '3_other_only': 1235, '4_mixed': 104, '5_dead': 149, '5_not_shown': 70, 'needs_browser': 8154}
15275/16451 591.1/min {'1_mostbet_only': 2746, '2_no_ads': 2800, '3_other_only': 1239, '4_mixed': 104, '5_dead': 149, '5_not_shown': 70, 'needs_browser': 8167}
15300/16451 591.2/min {'1_mostbet_only': 2746, '2_no_ads': 2811, '3_other_only': 1241, '4_mixed': 105, '5_dead': 149, '5_not_shown': 70, 'needs_browser': 8178}
15325/16451 591.2/min {'1_mostbet_only': 2749, '2_no_ads': 2817, '3_other_only': 1245, '4_mixed': 105, '5_dead': 149, '5_not_shown': 70, 'needs_browser': 8190}
15350/16451 591.6/min {'1_mostbet_only': 2750, '2_no_ads': 2822, '3_other_only': 1245, '4_mixed': 106, '5_dead': 150, '5_not_shown': 70, 'needs_browser': 8207}
15375/16451 591.9/min {'1_mostbet_only': 2757, '2_no_ads': 2827, '3_other_only': 1247, '4_mixed': 106, '5_dead': 150, '5_not_shown': 70, 'needs_browser': 8218}
15400/16451 592.2/min {'1_mostbet_only': 2759, '2_no_ads': 2831, '3_other_only': 1257, '4_mixed': 106, '5_dead': 150, '5_not_shown': 70, 'needs_browser': 8227}
15425/16451 592.8/min {'1_mostbet_only': 2760, '2_no_ads': 2836, '3_other_only': 1265, '4_mixed': 106, '5_dead': 150, '5_not_shown': 70, 'needs_browser': 8238}
15450/16451 592.9/min {'1_mostbet_only': 2763, '2_no_ads': 2840, '3_other_only': 1268, '4_mixed': 106, '5_dead': 150, '5_not_shown': 70, 'needs_browser': 8253}
15475/16451 593.2/min {'1_mostbet_only': 2765, '2_no_ads': 2845, '3_other_only': 1273, '4_mixed': 107, '5_dead': 150, '5_not_shown': 70, 'needs_browser': 8265}
15500/16451 593.7/min {'1_mostbet_only': 2768, '2_no_ads': 2849, '3_other_only': 1276, '4_mixed': 107, '5_dead': 150, '5_not_shown': 70, 'needs_browser': 8280}
15525/16451 594.2/min {'1_mostbet_only': 2770, '2_no_ads': 2855, '3_other_only': 1277, '4_mixed': 107, '5_dead': 150, '5_not_shown': 70, 'needs_browser': 8296}
15550/16451 594.8/min {'1_mostbet_only': 2774, '2_no_ads': 2857, '3_other_only': 1278, '4_mixed': 107, '5_dead': 151, '5_not_shown': 75, 'needs_browser': 8308}
15575/16451 595.3/min {'1_mostbet_only': 2778, '2_no_ads': 2863, '3_other_only': 1280, '4_mixed': 107, '5_dead': 151, '5_not_shown': 75, 'needs_browser': 8321}
15600/16451 595.7/min {'1_mostbet_only': 2780, '2_no_ads': 2870, '3_other_only': 1281, '4_mixed': 107, '5_dead': 151, '5_not_shown': 75, 'needs_browser': 8336}
15625/16451 595.9/min {'1_mostbet_only': 2781, '2_no_ads': 2876, '3_other_only': 1282, '4_mixed': 109, '5_dead': 151, '5_not_shown': 75, 'needs_browser': 8351}
15650/16451 596.1/min {'1_mostbet_only': 2783, '2_no_ads': 2879, '3_other_only': 1285, '4_mixed': 109, '5_dead': 151, '5_not_shown': 75, 'needs_browser': 8368}
15675/16451 596.5/min {'1_mostbet_only': 2785, '2_no_ads': 2885, '3_other_only': 1288, '4_mixed': 109, '5_dead': 151, '5_not_shown': 75, 'needs_browser': 8382}
15700/16451 596.9/min {'1_mostbet_only': 2786, '2_no_ads': 2890, '3_other_only': 1292, '4_mixed': 109, '5_dead': 151, '5_not_shown': 75, 'needs_browser': 8397}
15725/16451 597.2/min {'1_mostbet_only': 2788, '2_no_ads': 2893, '3_other_only': 1292, '4_mixed': 110, '5_dead': 151, '5_not_shown': 75, 'needs_browser': 8416}
15750/16451 597.9/min {'1_mostbet_only': 2795, '2_no_ads': 2899, '3_other_only': 1293, '4_mixed': 111, '5_dead': 151, '5_not_shown': 75, 'needs_browser': 8426}
15775/16451 597.9/min {'1_mostbet_only': 2801, '2_no_ads': 2906, '3_other_only': 1293, '4_mixed': 111, '5_dead': 151, '5_not_shown': 75, 'needs_browser': 8438}
15800/16451 598.3/min {'1_mostbet_only': 2802, '2_no_ads': 2912, '3_other_only': 1295, '4_mixed': 112, '5_dead': 151, '5_not_shown': 75, 'needs_browser': 8453}
15825/16451 598.7/min {'1_mostbet_only': 2802, '2_no_ads': 2916, '3_other_only': 1296, '4_mixed': 112, '5_dead': 151, '5_not_shown': 77, 'needs_browser': 8471}
15850/16451 597.2/min {'1_mostbet_only': 2804, '2_no_ads': 2922, '3_other_only': 1300, '4_mixed': 112, '5_dead': 151, '5_not_shown': 78, 'needs_browser': 8483}
15875/16451 597.8/min {'1_mostbet_only': 2804, '2_no_ads': 2926, '3_other_only': 1300, '4_mixed': 112, '5_dead': 151, '5_not_shown': 78, 'needs_browser': 8504}
15900/16451 598.2/min {'1_mostbet_only': 2809, '2_no_ads': 2932, '3_other_only': 1301, '4_mixed': 112, '5_dead': 151, '5_not_shown': 78, 'needs_browser': 8517}
15925/16451 598.5/min {'1_mostbet_only': 2811, '2_no_ads': 2936, '3_other_only': 1305, '4_mixed': 112, '5_dead': 151, '5_not_shown': 78, 'needs_browser': 8532}
15950/16451 599.0/min {'1_mostbet_only': 2815, '2_no_ads': 2938, '3_other_only': 1307, '4_mixed': 112, '5_dead': 151, '5_not_shown': 78, 'needs_browser': 8549}
15975/16451 599.4/min {'1_mostbet_only': 2817, '2_no_ads': 2946, '3_other_only': 1309, '4_mixed': 112, '5_dead': 152, '5_not_shown': 78, 'needs_browser': 8561}
16000/16451 599.8/min {'1_mostbet_only': 2823, '2_no_ads': 2953, '3_other_only': 1310, '4_mixed': 112, '5_dead': 152, '5_not_shown': 78, 'needs_browser': 8572}
16025/16451 600.2/min {'1_mostbet_only': 2825, '2_no_ads': 2965, '3_other_only': 1312, '4_mixed': 112, '5_dead': 152, '5_not_shown': 79, 'needs_browser': 8580}
16050/16451 600.7/min {'1_mostbet_only': 2826, '2_no_ads': 2972, '3_other_only': 1314, '4_mixed': 112, '5_dead': 152, '5_not_shown': 79, 'needs_browser': 8595}
16075/16451 601.3/min {'1_mostbet_only': 2827, '2_no_ads': 2979, '3_other_only': 1315, '4_mixed': 112, '5_dead': 152, '5_not_shown': 79, 'needs_browser': 8611}
16100/16451 601.8/min {'1_mostbet_only': 2832, '2_no_ads': 2983, '3_other_only': 1316, '4_mixed': 112, '5_dead': 153, '5_not_shown': 79, 'needs_browser': 8625}
16125/16451 602.4/min {'1_mostbet_only': 2834, '2_no_ads': 2988, '3_other_only': 1316, '4_mixed': 113, '5_dead': 153, '5_not_shown': 80, 'needs_browser': 8641}
16150/16451 602.9/min {'1_mostbet_only': 2836, '2_no_ads': 2994, '3_other_only': 1316, '4_mixed': 113, '5_dead': 153, '5_not_shown': 81, 'needs_browser': 8657}
16175/16451 603.4/min {'1_mostbet_only': 2840, '2_no_ads': 2998, '3_other_only': 1322, '4_mixed': 113, '5_dead': 153, '5_not_shown': 84, 'needs_browser': 8665}
16200/16451 603.8/min {'1_mostbet_only': 2842, '2_no_ads': 3009, '3_other_only': 1323, '4_mixed': 113, '5_dead': 153, '5_not_shown': 84, 'needs_browser': 8676}
16225/16451 604.4/min {'1_mostbet_only': 2845, '2_no_ads': 3014, '3_other_only': 1324, '4_mixed': 113, '5_dead': 153, '5_not_shown': 84, 'needs_browser': 8692}
16250/16451 604.7/min {'1_mostbet_only': 2849, '2_no_ads': 3019, '3_other_only': 1326, '4_mixed': 113, '5_dead': 153, '5_not_shown': 84, 'needs_browser': 8706}
16275/16451 605.2/min {'1_mostbet_only': 2853, '2_no_ads': 3023, '3_other_only': 1326, '4_mixed': 113, '5_dead': 153, '5_not_shown': 84, 'needs_browser': 8723}
16300/16451 605.5/min {'1_mostbet_only': 2858, '2_no_ads': 3029, '3_other_only': 1328, '4_mixed': 113, '5_dead': 153, '5_not_shown': 84, 'needs_browser': 8735}
16325/16451 605.9/min {'1_mostbet_only': 2860, '2_no_ads': 3035, '3_other_only': 1331, '4_mixed': 114, '5_dead': 153, '5_not_shown': 84, 'needs_browser': 8748}
16350/16451 606.5/min {'1_mostbet_only': 2867, '2_no_ads': 3040, '3_other_only': 1331, '4_mixed': 115, '5_dead': 153, '5_not_shown': 85, 'needs_browser': 8759}
16375/16451 607.1/min {'1_mostbet_only': 2874, '2_no_ads': 3046, '3_other_only': 1333, '4_mixed': 115, '5_dead': 157, '5_not_shown': 85, 'needs_browser': 8765}
16400/16451 607.6/min {'1_mostbet_only': 2879, '2_no_ads': 3051, '3_other_only': 1336, '4_mixed': 115, '5_dead': 157, '5_not_shown': 85, 'needs_browser': 8777}
16425/16451 608.3/min {'1_mostbet_only': 2883, '2_no_ads': 3055, '3_other_only': 1338, '4_mixed': 115, '5_dead': 157, '5_not_shown': 85, 'needs_browser': 8792}
16450/16451 605.6/min {'1_mostbet_only': 2887, '2_no_ads': 3063, '3_other_only': 1340, '4_mixed': 115, '5_dead': 157, '5_not_shown': 85, 'needs_browser': 8803}
16451/16451 605.1/min {'1_mostbet_only': 2887, '2_no_ads': 3063, '3_other_only': 1340, '4_mixed': 115, '5_dead': 157, '5_not_shown': 85, 'needs_browser': 8804}
done {'1_mostbet_only': 2887, '2_no_ads': 3063, '3_other_only': 1340, '4_mixed': 115, '5_dead': 157, '5_not_shown': 85, 'needs_browser': 8804}
