queue 16451, done 0, todo 16451, network RS AS15958 CETINdoo-NET 109.245.130.133, our refs guarded 321
25/16451 830.2/min {'1_mostbet_only': 3, '2_no_ads': 2, 'needs_browser': 20}
50/16451 667.1/min {'1_mostbet_only': 14, '2_no_ads': 5, '3_other_only': 1, 'needs_browser': 30}
75/16451 759.4/min {'1_mostbet_only': 21, '2_no_ads': 9, '3_other_only': 3, 'needs_browser': 42}
100/16451 780.7/min {'1_mostbet_only': 32, '2_no_ads': 12, '3_other_only': 4, 'needs_browser': 52}
125/16451 859.6/min {'1_mostbet_only': 33, '2_no_ads': 16, '3_other_only': 4, 'needs_browser': 72}
150/16451 878.0/min {'1_mostbet_only': 37, '2_no_ads': 21, '3_other_only': 5, 'needs_browser': 87}
175/16451 958.1/min {'1_mostbet_only': 38, '2_no_ads': 26, '3_other_only': 6, 'needs_browser': 105}
200/16451 1006.7/min {'1_mostbet_only': 40, '2_no_ads': 29, '3_other_only': 6, 'needs_browser': 125}
225/16451 996.1/min {'1_mostbet_only': 41, '2_no_ads': 40, '3_other_only': 6, 'needs_browser': 138}
250/16451 1018.4/min {'1_mostbet_only': 42, '2_no_ads': 44, '3_other_only': 7, 'needs_browser': 157}
275/16451 1008.9/min {'1_mostbet_only': 51, '2_no_ads': 46, '3_other_only': 9, 'needs_browser': 169}
300/16451 989.5/min {'1_mostbet_only': 56, '2_no_ads': 50, '3_other_only': 11, '5_not_shown': 1, 'needs_browser': 182}
325/16451 993.7/min {'1_mostbet_only': 63, '2_no_ads': 56, '3_other_only': 14, '5_not_shown': 1, 'needs_browser': 191}
350/16451 970.7/min {'1_mostbet_only': 72, '2_no_ads': 62, '3_other_only': 15, '5_not_shown': 1, 'needs_browser': 200}
375/16451 949.7/min {'1_mostbet_only': 78, '2_no_ads': 67, '3_other_only': 16, '5_dead': 1, '5_not_shown': 1, 'needs_browser': 212}
400/16451 836.7/min {'1_mostbet_only': 83, '2_no_ads': 71, '3_other_only': 20, '5_dead': 1, '5_not_shown': 1, 'needs_browser': 224}
425/16451 806.0/min {'1_mostbet_only': 91, '2_no_ads': 74, '3_other_only': 21, '4_mixed': 1, '5_dead': 2, '5_not_shown': 1, 'needs_browser': 235}
450/16451 814.1/min {'1_mostbet_only': 98, '2_no_ads': 81, '3_other_only': 21, '4_mixed': 1, '5_dead': 2, '5_not_shown': 1, 'needs_browser': 246}
475/16451 818.2/min {'1_mostbet_only': 105, '2_no_ads': 83, '3_other_only': 25, '4_mixed': 1, '5_dead': 2, '5_not_shown': 1, 'needs_browser': 258}
500/16451 825.1/min {'1_mostbet_only': 110, '2_no_ads': 88, '3_other_only': 25, '4_mixed': 1, '5_dead': 2, '5_not_shown': 1, 'needs_browser': 273}
525/16451 835.9/min {'1_mostbet_only': 115, '2_no_ads': 94, '3_other_only': 28, '4_mixed': 1, '5_dead': 2, '5_not_shown': 1, 'needs_browser': 284}
550/16451 854.3/min {'1_mostbet_only': 124, '2_no_ads': 101, '3_other_only': 28, '4_mixed': 1, '5_dead': 2, '5_not_shown': 1, 'needs_browser': 293}
575/16451 863.5/min {'1_mostbet_only': 128, '2_no_ads': 111, '3_other_only': 30, '4_mixed': 1, '5_dead': 2, '5_not_shown': 1, 'needs_browser': 302}
600/16451 879.9/min {'1_mostbet_only': 128, '2_no_ads': 112, '3_other_only': 32, '4_mixed': 1, '5_dead': 2, '5_not_shown': 1, 'needs_browser': 324}
625/16451 886.6/min {'1_mostbet_only': 130, '2_no_ads': 118, '3_other_only': 34, '4_mixed': 1, '5_dead': 2, '5_not_shown': 1, 'needs_browser': 339}
650/16451 904.8/min {'1_mostbet_only': 131, '2_no_ads': 120, '3_other_only': 48, '4_mixed': 1, '5_dead': 2, '5_not_shown': 1, 'needs_browser': 347}
675/16451 915.8/min {'1_mostbet_only': 138, '2_no_ads': 124, '3_other_only': 55, '4_mixed': 1, '5_dead': 2, '5_not_shown': 1, 'needs_browser': 354}
700/16451 920.8/min {'1_mostbet_only': 145, '2_no_ads': 127, '3_other_only': 58, '4_mixed': 1, '5_dead': 2, '5_not_shown': 1, 'needs_browser': 366}
725/16451 926.0/min {'1_mostbet_only': 152, '2_no_ads': 132, '3_other_only': 62, '4_mixed': 1, '5_dead': 2, '5_not_shown': 1, 'needs_browser': 375}
750/16451 922.7/min {'1_mostbet_only': 155, '2_no_ads': 139, '3_other_only': 63, '4_mixed': 1, '5_dead': 2, '5_not_shown': 1, 'needs_browser': 389}
775/16451 919.4/min {'1_mostbet_only': 155, '2_no_ads': 148, '3_other_only': 64, '4_mixed': 1, '5_dead': 2, '5_not_shown': 1, 'needs_browser': 404}
800/16451 924.7/min {'1_mostbet_only': 165, '2_no_ads': 153, '3_other_only': 66, '4_mixed': 1, '5_dead': 2, '5_not_shown': 1, 'needs_browser': 412}
825/16451 929.3/min {'1_mostbet_only': 170, '2_no_ads': 160, '3_other_only': 66, '4_mixed': 1, '5_dead': 2, '5_not_shown': 1, 'needs_browser': 425}
850/16451 929.6/min {'1_mostbet_only': 176, '2_no_ads': 162, '3_other_only': 69, '4_mixed': 1, '5_dead': 2, '5_not_shown': 1, 'needs_browser': 439}
875/16451 935.5/min {'1_mostbet_only': 182, '2_no_ads': 166, '3_other_only': 72, '4_mixed': 1, '5_dead': 2, '5_not_shown': 1, 'needs_browser': 451}
900/16451 936.3/min {'1_mostbet_only': 189, '2_no_ads': 171, '3_other_only': 78, '4_mixed': 1, '5_dead': 2, '5_not_shown': 1, 'needs_browser': 458}
925/16451 949.0/min {'1_mostbet_only': 191, '2_no_ads': 173, '3_other_only': 90, '4_mixed': 1, '5_dead': 2, '5_not_shown': 1, 'needs_browser': 467}
950/16451 940.9/min {'1_mostbet_only': 197, '2_no_ads': 182, '3_other_only': 90, '4_mixed': 2, '5_dead': 2, '5_not_shown': 1, 'needs_browser': 476}
975/16451 940.9/min {'1_mostbet_only': 202, '2_no_ads': 187, '3_other_only': 92, '4_mixed': 4, '5_dead': 2, '5_not_shown': 1, 'needs_browser': 487}
1000/16451 941.8/min {'1_mostbet_only': 205, '2_no_ads': 192, '3_other_only': 94, '4_mixed': 4, '5_dead': 2, '5_not_shown': 1, 'needs_browser': 502}
1025/16451 949.6/min {'1_mostbet_only': 209, '2_no_ads': 198, '3_other_only': 94, '4_mixed': 5, '5_dead': 2, '5_not_shown': 1, 'needs_browser': 516}
1050/16451 949.6/min {'1_mostbet_only': 211, '2_no_ads': 208, '3_other_only': 95, '4_mixed': 5, '5_dead': 2, '5_not_shown': 1, 'needs_browser': 528}
1075/16451 947.0/min {'1_mostbet_only': 215, '2_no_ads': 215, '3_other_only': 98, '4_mixed': 5, '5_dead': 2, '5_not_shown': 1, 'needs_browser': 539}
1100/16451 957.4/min {'1_mostbet_only': 220, '2_no_ads': 216, '3_other_only': 99, '4_mixed': 5, '5_dead': 2, '5_not_shown': 1, 'needs_browser': 557}
1125/16451 959.6/min {'1_mostbet_only': 225, '2_no_ads': 218, '3_other_only': 99, '4_mixed': 5, '5_dead': 2, '5_not_shown': 1, 'needs_browser': 575}
1150/16451 950.0/min {'1_mostbet_only': 227, '2_no_ads': 219, '3_other_only': 101, '4_mixed': 5, '5_dead': 2, '5_not_shown': 1, 'needs_browser': 595}
1175/16451 950.6/min {'1_mostbet_only': 231, '2_no_ads': 221, '3_other_only': 101, '4_mixed': 5, '5_dead': 3, '5_not_shown': 1, 'needs_browser': 613}
1200/16451 959.9/min {'1_mostbet_only': 237, '2_no_ads': 221, '3_other_only': 102, '4_mixed': 5, '5_dead': 3, '5_not_shown': 1, 'needs_browser': 631}
1225/16451 958.9/min {'1_mostbet_only': 247, '2_no_ads': 225, '3_other_only': 104, '4_mixed': 5, '5_dead': 3, '5_not_shown': 1, 'needs_browser': 640}
1250/16451 964.1/min {'1_mostbet_only': 253, '2_no_ads': 230, '3_other_only': 104, '4_mixed': 5, '5_dead': 3, '5_not_shown': 1, 'needs_browser': 654}
1275/16451 970.2/min {'1_mostbet_only': 262, '2_no_ads': 233, '3_other_only': 106, '4_mixed': 5, '5_dead': 3, '5_not_shown': 1, 'needs_browser': 665}
1300/16451 964.9/min {'1_mostbet_only': 265, '2_no_ads': 237, '3_other_only': 108, '4_mixed': 5, '5_dead': 3, '5_not_shown': 1, 'needs_browser': 681}
1325/16451 957.7/min {'1_mostbet_only': 268, '2_no_ads': 243, '3_other_only': 109, '4_mixed': 5, '5_dead': 3, '5_not_shown': 1, 'needs_browser': 696}
1350/16451 954.9/min {'1_mostbet_only': 268, '2_no_ads': 245, '3_other_only': 110, '4_mixed': 5, '5_dead': 3, '5_not_shown': 1, 'needs_browser': 718}
1375/16451 953.9/min {'1_mostbet_only': 269, '2_no_ads': 251, '3_other_only': 110, '4_mixed': 5, '5_dead': 3, '5_not_shown': 1, 'needs_browser': 736}
1400/16451 957.0/min {'1_mostbet_only': 276, '2_no_ads': 255, '3_other_only': 110, '4_mixed': 5, '5_dead': 4, '5_not_shown': 1, 'needs_browser': 749}
1425/16451 955.3/min {'1_mostbet_only': 278, '2_no_ads': 261, '3_other_only': 114, '4_mixed': 5, '5_dead': 4, '5_not_shown': 1, 'needs_browser': 762}
1450/16451 961.5/min {'1_mostbet_only': 278, '2_no_ads': 267, '3_other_only': 120, '4_mixed': 5, '5_dead': 4, '5_not_shown': 1, 'needs_browser': 775}
1475/16451 956.7/min {'1_mostbet_only': 280, '2_no_ads': 269, '3_other_only': 125, '4_mixed': 5, '5_dead': 4, '5_not_shown': 1, 'needs_browser': 791}
1500/16451 950.8/min {'1_mostbet_only': 282, '2_no_ads': 276, '3_other_only': 127, '4_mixed': 6, '5_dead': 4, '5_not_shown': 2, 'needs_browser': 803}
1525/16451 932.4/min {'1_mostbet_only': 286, '2_no_ads': 287, '3_other_only': 128, '4_mixed': 6, '5_dead': 4, '5_not_shown': 2, 'needs_browser': 812}
1550/16451 927.5/min {'1_mostbet_only': 287, '2_no_ads': 297, '3_other_only': 129, '4_mixed': 6, '5_dead': 4, '5_not_shown': 3, 'needs_browser': 824}
1575/16451 921.9/min {'1_mostbet_only': 294, '2_no_ads': 300, '3_other_only': 131, '4_mixed': 7, '5_dead': 4, '5_not_shown': 3, 'needs_browser': 836}
1600/16451 915.6/min {'1_mostbet_only': 298, '2_no_ads': 306, '3_other_only': 136, '4_mixed': 8, '5_dead': 4, '5_not_shown': 3, 'needs_browser': 845}
1625/16451 914.1/min {'1_mostbet_only': 307, '2_no_ads': 308, '3_other_only': 139, '4_mixed': 8, '5_dead': 5, '5_not_shown': 3, 'needs_browser': 855}
1650/16451 914.8/min {'1_mostbet_only': 309, '2_no_ads': 315, '3_other_only': 139, '4_mixed': 11, '5_dead': 5, '5_not_shown': 3, 'needs_browser': 868}
1675/16451 916.6/min {'1_mostbet_only': 310, '2_no_ads': 325, '3_other_only': 139, '4_mixed': 13, '5_dead': 5, '5_not_shown': 3, 'needs_browser': 880}
1700/16451 924.3/min {'1_mostbet_only': 312, '2_no_ads': 337, '3_other_only': 140, '4_mixed': 13, '5_dead': 6, '5_not_shown': 3, 'needs_browser': 889}
1725/16451 919.9/min {'1_mostbet_only': 315, '2_no_ads': 345, '3_other_only': 140, '4_mixed': 13, '5_dead': 6, '5_not_shown': 3, 'needs_browser': 903}
1750/16451 923.0/min {'1_mostbet_only': 317, '2_no_ads': 352, '3_other_only': 142, '4_mixed': 13, '5_dead': 6, '5_not_shown': 3, 'needs_browser': 917}
1775/16451 922.0/min {'1_mostbet_only': 321, '2_no_ads': 357, '3_other_only': 143, '4_mixed': 13, '5_dead': 8, '5_not_shown': 3, 'needs_browser': 930}
1800/16451 924.8/min {'1_mostbet_only': 321, '2_no_ads': 364, '3_other_only': 145, '4_mixed': 13, '5_dead': 8, '5_not_shown': 3, 'needs_browser': 946}
1825/16451 915.1/min {'1_mostbet_only': 327, '2_no_ads': 368, '3_other_only': 148, '4_mixed': 13, '5_dead': 8, '5_not_shown': 3, 'needs_browser': 958}
1850/16451 919.2/min {'1_mostbet_only': 329, '2_no_ads': 370, '3_other_only': 149, '4_mixed': 13, '5_dead': 8, '5_not_shown': 3, 'needs_browser': 978}
1875/16451 919.3/min {'1_mostbet_only': 334, '2_no_ads': 372, '3_other_only': 151, '4_mixed': 13, '5_dead': 8, '5_not_shown': 3, 'needs_browser': 994}
1900/16451 918.1/min {'1_mostbet_only': 337, '2_no_ads': 378, '3_other_only': 152, '4_mixed': 14, '5_dead': 8, '5_not_shown': 3, 'needs_browser': 1008}
1925/16451 913.7/min {'1_mostbet_only': 340, '2_no_ads': 383, '3_other_only': 153, '4_mixed': 14, '5_dead': 8, '5_not_shown': 3, 'needs_browser': 1024}
1950/16451 912.5/min {'1_mostbet_only': 341, '2_no_ads': 392, '3_other_only': 155, '4_mixed': 14, '5_dead': 8, '5_not_shown': 3, 'needs_browser': 1037}
1975/16451 912.2/min {'1_mostbet_only': 347, '2_no_ads': 399, '3_other_only': 155, '4_mixed': 15, '5_dead': 8, '5_not_shown': 4, 'needs_browser': 1047}
2000/16451 909.4/min {'1_mostbet_only': 351, '2_no_ads': 404, '3_other_only': 157, '4_mixed': 15, '5_dead': 8, '5_not_shown': 5, 'needs_browser': 1060}
2025/16451 908.4/min {'1_mostbet_only': 355, '2_no_ads': 415, '3_other_only': 158, '4_mixed': 15, '5_dead': 8, '5_not_shown': 5, 'needs_browser': 1069}
2050/16451 911.5/min {'1_mostbet_only': 357, '2_no_ads': 424, '3_other_only': 158, '4_mixed': 16, '5_dead': 8, '5_not_shown': 5, 'needs_browser': 1082}
2075/16451 908.6/min {'1_mostbet_only': 359, '2_no_ads': 428, '3_other_only': 161, '4_mixed': 17, '5_dead': 9, '5_not_shown': 6, 'needs_browser': 1095}
2100/16451 912.1/min {'1_mostbet_only': 359, '2_no_ads': 430, '3_other_only': 171, '4_mixed': 17, '5_dead': 9, '5_not_shown': 6, 'needs_browser': 1108}
2125/16451 913.8/min {'1_mostbet_only': 363, '2_no_ads': 434, '3_other_only': 180, '4_mixed': 17, '5_dead': 9, '5_not_shown': 6, 'needs_browser': 1116}
2150/16451 916.4/min {'1_mostbet_only': 364, '2_no_ads': 437, '3_other_only': 187, '4_mixed': 17, '5_dead': 9, '5_not_shown': 6, 'needs_browser': 1130}
2175/16451 911.2/min {'1_mostbet_only': 367, '2_no_ads': 443, '3_other_only': 189, '4_mixed': 17, '5_dead': 9, '5_not_shown': 6, 'needs_browser': 1144}
2200/16451 907.6/min {'1_mostbet_only': 367, '2_no_ads': 452, '3_other_only': 193, '4_mixed': 18, '5_dead': 9, '5_not_shown': 6, 'needs_browser': 1155}
2225/16451 907.6/min {'1_mostbet_only': 370, '2_no_ads': 457, '3_other_only': 195, '4_mixed': 18, '5_dead': 9, '5_not_shown': 6, 'needs_browser': 1170}
2250/16451 908.1/min {'1_mostbet_only': 374, '2_no_ads': 466, '3_other_only': 196, '4_mixed': 19, '5_dead': 9, '5_not_shown': 6, 'needs_browser': 1180}
2275/16451 909.3/min {'1_mostbet_only': 375, '2_no_ads': 474, '3_other_only': 199, '4_mixed': 19, '5_dead': 9, '5_not_shown': 6, 'needs_browser': 1193}
2300/16451 907.8/min {'1_mostbet_only': 380, '2_no_ads': 474, '3_other_only': 205, '4_mixed': 19, '5_dead': 10, '5_not_shown': 6, 'needs_browser': 1206}
2325/16451 909.9/min {'1_mostbet_only': 382, '2_no_ads': 478, '3_other_only': 208, '4_mixed': 19, '5_dead': 11, '5_not_shown': 6, 'needs_browser': 1221}
2350/16451 908.8/min {'1_mostbet_only': 387, '2_no_ads': 484, '3_other_only': 210, '4_mixed': 20, '5_dead': 11, '5_not_shown': 7, 'needs_browser': 1231}
2375/16451 911.6/min {'1_mostbet_only': 389, '2_no_ads': 496, '3_other_only': 213, '4_mixed': 20, '5_dead': 11, '5_not_shown': 7, 'needs_browser': 1239}
2400/16451 913.1/min {'1_mostbet_only': 392, '2_no_ads': 503, '3_other_only': 213, '4_mixed': 20, '5_dead': 11, '5_not_shown': 7, 'needs_browser': 1254}
2425/16451 917.2/min {'1_mostbet_only': 394, '2_no_ads': 506, '3_other_only': 216, '4_mixed': 20, '5_dead': 11, '5_not_shown': 8, 'needs_browser': 1270}
2450/16451 917.7/min {'1_mostbet_only': 397, '2_no_ads': 512, '3_other_only': 216, '4_mixed': 20, '5_dead': 11, '5_not_shown': 8, 'needs_browser': 1286}
2475/16451 920.3/min {'1_mostbet_only': 400, '2_no_ads': 517, '3_other_only': 218, '4_mixed': 20, '5_dead': 11, '5_not_shown': 8, 'needs_browser': 1301}
2500/16451 920.5/min {'1_mostbet_only': 402, '2_no_ads': 521, '3_other_only': 219, '4_mixed': 20, '5_dead': 11, '5_not_shown': 8, 'needs_browser': 1319}
2525/16451 920.1/min {'1_mostbet_only': 405, '2_no_ads': 525, '3_other_only': 224, '4_mixed': 21, '5_dead': 11, '5_not_shown': 8, 'needs_browser': 1331}
2550/16451 917.6/min {'1_mostbet_only': 409, '2_no_ads': 535, '3_other_only': 224, '4_mixed': 21, '5_dead': 11, '5_not_shown': 8, 'needs_browser': 1342}
2575/16451 915.9/min {'1_mostbet_only': 409, '2_no_ads': 542, '3_other_only': 229, '4_mixed': 23, '5_dead': 11, '5_not_shown': 8, 'needs_browser': 1353}
2600/16451 917.3/min {'1_mostbet_only': 416, '2_no_ads': 550, '3_other_only': 231, '4_mixed': 24, '5_dead': 11, '5_not_shown': 8, 'needs_browser': 1360}
2625/16451 916.8/min {'1_mostbet_only': 421, '2_no_ads': 555, '3_other_only': 231, '4_mixed': 24, '5_dead': 11, '5_not_shown': 8, 'needs_browser': 1375}
2650/16451 916.8/min {'1_mostbet_only': 427, '2_no_ads': 563, '3_other_only': 231, '4_mixed': 24, '5_dead': 11, '5_not_shown': 8, 'needs_browser': 1386}
2675/16451 916.4/min {'1_mostbet_only': 432, '2_no_ads': 568, '3_other_only': 234, '4_mixed': 24, '5_dead': 11, '5_not_shown': 8, 'needs_browser': 1398}
2700/16451 916.8/min {'1_mostbet_only': 436, '2_no_ads': 575, '3_other_only': 235, '4_mixed': 24, '5_dead': 11, '5_not_shown': 8, 'needs_browser': 1411}
2725/16451 919.4/min {'1_mostbet_only': 445, '2_no_ads': 578, '3_other_only': 236, '4_mixed': 24, '5_dead': 11, '5_not_shown': 8, 'needs_browser': 1423}
2750/16451 920.8/min {'1_mostbet_only': 447, '2_no_ads': 587, '3_other_only': 238, '4_mixed': 24, '5_dead': 11, '5_not_shown': 8, 'needs_browser': 1435}
2775/16451 921.0/min {'1_mostbet_only': 448, '2_no_ads': 593, '3_other_only': 243, '4_mixed': 24, '5_dead': 11, '5_not_shown': 8, 'needs_browser': 1448}
2800/16451 923.2/min {'1_mostbet_only': 452, '2_no_ads': 599, '3_other_only': 244, '4_mixed': 24, '5_dead': 11, '5_not_shown': 8, 'needs_browser': 1462}
2825/16451 924.8/min {'1_mostbet_only': 456, '2_no_ads': 605, '3_other_only': 245, '4_mixed': 24, '5_dead': 11, '5_not_shown': 9, 'needs_browser': 1475}
2850/16451 928.5/min {'1_mostbet_only': 460, '2_no_ads': 613, '3_other_only': 247, '4_mixed': 24, '5_dead': 11, '5_not_shown': 9, 'needs_browser': 1486}
2875/16451 931.3/min {'1_mostbet_only': 464, '2_no_ads': 616, '3_other_only': 252, '4_mixed': 25, '5_dead': 12, '5_not_shown': 9, 'needs_browser': 1497}
2900/16451 929.4/min {'1_mostbet_only': 467, '2_no_ads': 619, '3_other_only': 263, '4_mixed': 25, '5_dead': 12, '5_not_shown': 9, 'needs_browser': 1505}
2925/16451 934.3/min {'1_mostbet_only': 468, '2_no_ads': 628, '3_other_only': 272, '4_mixed': 25, '5_dead': 12, '5_not_shown': 9, 'needs_browser': 1511}
2950/16451 934.5/min {'1_mostbet_only': 471, '2_no_ads': 634, '3_other_only': 272, '4_mixed': 26, '5_dead': 13, '5_not_shown': 10, 'needs_browser': 1524}
2975/16451 935.3/min {'1_mostbet_only': 475, '2_no_ads': 638, '3_other_only': 275, '4_mixed': 26, '5_dead': 13, '5_not_shown': 10, 'needs_browser': 1538}
3000/16451 937.4/min {'1_mostbet_only': 480, '2_no_ads': 642, '3_other_only': 276, '4_mixed': 26, '5_dead': 13, '5_not_shown': 10, 'needs_browser': 1553}
3025/16451 937.7/min {'1_mostbet_only': 483, '2_no_ads': 650, '3_other_only': 278, '4_mixed': 26, '5_dead': 13, '5_not_shown': 11, 'needs_browser': 1564}
3050/16451 937.2/min {'1_mostbet_only': 491, '2_no_ads': 653, '3_other_only': 279, '4_mixed': 26, '5_dead': 13, '5_not_shown': 11, 'needs_browser': 1577}
3075/16451 936.3/min {'1_mostbet_only': 496, '2_no_ads': 660, '3_other_only': 281, '4_mixed': 26, '5_dead': 13, '5_not_shown': 11, 'needs_browser': 1588}
3100/16451 937.6/min {'1_mostbet_only': 498, '2_no_ads': 663, '3_other_only': 283, '4_mixed': 26, '5_dead': 13, '5_not_shown': 11, 'needs_browser': 1606}
3125/16451 939.7/min {'1_mostbet_only': 502, '2_no_ads': 669, '3_other_only': 284, '4_mixed': 26, '5_dead': 14, '5_not_shown': 11, 'needs_browser': 1619}
3150/16451 936.9/min {'1_mostbet_only': 503, '2_no_ads': 674, '3_other_only': 287, '4_mixed': 26, '5_dead': 15, '5_not_shown': 12, 'needs_browser': 1633}
3175/16451 935.0/min {'1_mostbet_only': 508, '2_no_ads': 681, '3_other_only': 292, '4_mixed': 27, '5_dead': 15, '5_not_shown': 12, 'needs_browser': 1640}
3200/16451 937.1/min {'1_mostbet_only': 516, '2_no_ads': 683, '3_other_only': 296, '4_mixed': 27, '5_dead': 15, '5_not_shown': 12, 'needs_browser': 1651}
3225/16451 937.1/min {'1_mostbet_only': 519, '2_no_ads': 690, '3_other_only': 297, '4_mixed': 27, '5_dead': 16, '5_not_shown': 13, 'needs_browser': 1663}
3250/16451 937.2/min {'1_mostbet_only': 522, '2_no_ads': 692, '3_other_only': 309, '4_mixed': 27, '5_dead': 16, '5_not_shown': 13, 'needs_browser': 1671}
3275/16451 939.5/min {'1_mostbet_only': 527, '2_no_ads': 696, '3_other_only': 314, '4_mixed': 27, '5_dead': 16, '5_not_shown': 13, 'needs_browser': 1682}
3300/16451 941.0/min {'1_mostbet_only': 530, '2_no_ads': 699, '3_other_only': 315, '4_mixed': 27, '5_dead': 16, '5_not_shown': 13, 'needs_browser': 1700}
3325/16451 942.1/min {'1_mostbet_only': 533, '2_no_ads': 705, '3_other_only': 320, '4_mixed': 27, '5_dead': 16, '5_not_shown': 13, 'needs_browser': 1711}
3350/16451 944.9/min {'1_mostbet_only': 537, '2_no_ads': 711, '3_other_only': 324, '4_mixed': 27, '5_dead': 16, '5_not_shown': 13, 'needs_browser': 1722}
3375/16451 946.1/min {'1_mostbet_only': 540, '2_no_ads': 719, '3_other_only': 330, '4_mixed': 27, '5_dead': 16, '5_not_shown': 13, 'needs_browser': 1730}
3400/16451 946.7/min {'1_mostbet_only': 544, '2_no_ads': 725, '3_other_only': 333, '4_mixed': 27, '5_dead': 16, '5_not_shown': 13, 'needs_browser': 1742}
3425/16451 944.7/min {'1_mostbet_only': 550, '2_no_ads': 731, '3_other_only': 333, '4_mixed': 27, '5_dead': 16, '5_not_shown': 13, 'needs_browser': 1755}
3450/16451 945.4/min {'1_mostbet_only': 552, '2_no_ads': 739, '3_other_only': 339, '4_mixed': 27, '5_dead': 16, '5_not_shown': 13, 'needs_browser': 1764}
3475/16451 947.1/min {'1_mostbet_only': 555, '2_no_ads': 746, '3_other_only': 341, '4_mixed': 27, '5_dead': 16, '5_not_shown': 13, 'needs_browser': 1777}
3500/16451 939.6/min {'1_mostbet_only': 559, '2_no_ads': 753, '3_other_only': 343, '4_mixed': 27, '5_dead': 16, '5_not_shown': 13, 'needs_browser': 1789}
3525/16451 937.2/min {'1_mostbet_only': 561, '2_no_ads': 760, '3_other_only': 343, '4_mixed': 27, '5_dead': 16, '5_not_shown': 13, 'needs_browser': 1805}
3550/16451 938.1/min {'1_mostbet_only': 566, '2_no_ads': 762, '3_other_only': 345, '4_mixed': 27, '5_dead': 16, '5_not_shown': 13, 'needs_browser': 1821}
3575/16451 940.7/min {'1_mostbet_only': 568, '2_no_ads': 769, '3_other_only': 345, '4_mixed': 27, '5_dead': 16, '5_not_shown': 13, 'needs_browser': 1837}
3600/16451 941.4/min {'1_mostbet_only': 570, '2_no_ads': 773, '3_other_only': 348, '4_mixed': 28, '5_dead': 16, '5_not_shown': 13, 'needs_browser': 1852}
3625/16451 942.8/min {'1_mostbet_only': 570, '2_no_ads': 776, '3_other_only': 361, '4_mixed': 29, '5_dead': 16, '5_not_shown': 13, 'needs_browser': 1860}
3650/16451 943.6/min {'1_mostbet_only': 571, '2_no_ads': 782, '3_other_only': 363, '4_mixed': 29, '5_dead': 16, '5_not_shown': 13, 'needs_browser': 1876}
3675/16451 941.6/min {'1_mostbet_only': 576, '2_no_ads': 788, '3_other_only': 363, '4_mixed': 29, '5_dead': 16, '5_not_shown': 14, 'needs_browser': 1889}
3700/16451 941.5/min {'1_mostbet_only': 579, '2_no_ads': 795, '3_other_only': 365, '4_mixed': 30, '5_dead': 16, '5_not_shown': 14, 'needs_browser': 1901}
3725/16451 942.9/min {'1_mostbet_only': 580, '2_no_ads': 801, '3_other_only': 367, '4_mixed': 30, '5_dead': 16, '5_not_shown': 14, 'needs_browser': 1917}
3750/16451 944.8/min {'1_mostbet_only': 582, '2_no_ads': 805, '3_other_only': 370, '4_mixed': 30, '5_dead': 16, '5_not_shown': 14, 'needs_browser': 1933}
3775/16451 944.5/min {'1_mostbet_only': 589, '2_no_ads': 811, '3_other_only': 370, '4_mixed': 30, '5_dead': 16, '5_not_shown': 15, 'needs_browser': 1944}
3800/16451 941.9/min {'1_mostbet_only': 593, '2_no_ads': 814, '3_other_only': 372, '4_mixed': 31, '5_dead': 16, '5_not_shown': 15, 'needs_browser': 1959}
3825/16451 942.5/min {'1_mostbet_only': 601, '2_no_ads': 818, '3_other_only': 374, '4_mixed': 31, '5_dead': 16, '5_not_shown': 15, 'needs_browser': 1970}
3850/16451 943.1/min {'1_mostbet_only': 603, '2_no_ads': 824, '3_other_only': 374, '4_mixed': 32, '5_dead': 16, '5_not_shown': 15, 'needs_browser': 1986}
3875/16451 943.2/min {'1_mostbet_only': 607, '2_no_ads': 830, '3_other_only': 374, '4_mixed': 32, '5_dead': 16, '5_not_shown': 15, 'needs_browser': 2001}
3900/16451 943.7/min {'1_mostbet_only': 613, '2_no_ads': 833, '3_other_only': 376, '4_mixed': 33, '5_dead': 16, '5_not_shown': 15, 'needs_browser': 2014}
3925/16451 944.5/min {'1_mostbet_only': 615, '2_no_ads': 837, '3_other_only': 376, '4_mixed': 33, '5_dead': 16, '5_not_shown': 15, 'needs_browser': 2033}
3950/16451 945.2/min {'1_mostbet_only': 617, '2_no_ads': 842, '3_other_only': 378, '4_mixed': 33, '5_dead': 16, '5_not_shown': 15, 'needs_browser': 2049}
3975/16451 945.0/min {'1_mostbet_only': 622, '2_no_ads': 849, '3_other_only': 378, '4_mixed': 34, '5_dead': 16, '5_not_shown': 15, 'needs_browser': 2061}
4000/16451 945.9/min {'1_mostbet_only': 624, '2_no_ads': 857, '3_other_only': 381, '4_mixed': 34, '5_dead': 16, '5_not_shown': 15, 'needs_browser': 2073}
4025/16451 944.1/min {'1_mostbet_only': 626, '2_no_ads': 866, '3_other_only': 382, '4_mixed': 34, '5_dead': 16, '5_not_shown': 15, 'needs_browser': 2086}
4050/16451 942.9/min {'1_mostbet_only': 630, '2_no_ads': 875, '3_other_only': 383, '4_mixed': 34, '5_dead': 16, '5_not_shown': 16, 'needs_browser': 2096}
4075/16451 944.1/min {'1_mostbet_only': 631, '2_no_ads': 879, '3_other_only': 387, '4_mixed': 35, '5_dead': 17, '5_not_shown': 17, 'needs_browser': 2109}
4100/16451 945.7/min {'1_mostbet_only': 636, '2_no_ads': 885, '3_other_only': 387, '4_mixed': 35, '5_dead': 17, '5_not_shown': 17, 'needs_browser': 2123}
4125/16451 944.6/min {'1_mostbet_only': 640, '2_no_ads': 893, '3_other_only': 389, '4_mixed': 35, '5_dead': 17, '5_not_shown': 17, 'needs_browser': 2134}
4150/16451 946.8/min {'1_mostbet_only': 643, '2_no_ads': 896, '3_other_only': 391, '4_mixed': 35, '5_dead': 17, '5_not_shown': 17, 'needs_browser': 2151}
4175/16451 946.8/min {'1_mostbet_only': 650, '2_no_ads': 900, '3_other_only': 391, '4_mixed': 35, '5_dead': 17, '5_not_shown': 17, 'needs_browser': 2165}
4200/16451 939.1/min {'1_mostbet_only': 657, '2_no_ads': 906, '3_other_only': 394, '4_mixed': 35, '5_dead': 17, '5_not_shown': 17, 'needs_browser': 2174}
4225/16451 938.9/min {'1_mostbet_only': 660, '2_no_ads': 911, '3_other_only': 397, '4_mixed': 35, '5_dead': 17, '5_not_shown': 17, 'needs_browser': 2188}
4250/16451 933.5/min {'1_mostbet_only': 662, '2_no_ads': 917, '3_other_only': 398, '4_mixed': 35, '5_dead': 17, '5_not_shown': 17, 'needs_browser': 2204}
4275/16451 935.8/min {'1_mostbet_only': 663, '2_no_ads': 921, '3_other_only': 415, '4_mixed': 35, '5_dead': 17, '5_not_shown': 17, 'needs_browser': 2207}
4300/16451 935.2/min {'1_mostbet_only': 665, '2_no_ads': 928, '3_other_only': 418, '4_mixed': 35, '5_dead': 17, '5_not_shown': 17, 'needs_browser': 2220}
4325/16451 934.6/min {'1_mostbet_only': 665, '2_no_ads': 936, '3_other_only': 420, '4_mixed': 36, '5_dead': 17, '5_not_shown': 17, 'needs_browser': 2234}
4350/16451 932.6/min {'1_mostbet_only': 668, '2_no_ads': 944, '3_other_only': 422, '4_mixed': 36, '5_dead': 17, '5_not_shown': 17, 'needs_browser': 2246}
4375/16451 932.8/min {'1_mostbet_only': 673, '2_no_ads': 950, '3_other_only': 425, '4_mixed': 36, '5_dead': 17, '5_not_shown': 17, 'needs_browser': 2257}
4400/16451 933.6/min {'1_mostbet_only': 678, '2_no_ads': 951, '3_other_only': 427, '4_mixed': 36, '5_dead': 17, '5_not_shown': 17, 'needs_browser': 2274}
4425/16451 932.1/min {'1_mostbet_only': 686, '2_no_ads': 954, '3_other_only': 429, '4_mixed': 36, '5_dead': 17, '5_not_shown': 17, 'needs_browser': 2286}
4450/16451 933.5/min {'1_mostbet_only': 688, '2_no_ads': 963, '3_other_only': 429, '4_mixed': 37, '5_dead': 17, '5_not_shown': 17, 'needs_browser': 2299}
4475/16451 933.5/min {'1_mostbet_only': 693, '2_no_ads': 967, '3_other_only': 434, '4_mixed': 37, '5_dead': 17, '5_not_shown': 17, 'needs_browser': 2310}
4500/16451 931.1/min {'1_mostbet_only': 694, '2_no_ads': 972, '3_other_only': 436, '4_mixed': 37, '5_dead': 17, '5_not_shown': 17, 'needs_browser': 2327}
4525/16451 932.8/min {'1_mostbet_only': 695, '2_no_ads': 975, '3_other_only': 440, '4_mixed': 37, '5_dead': 17, '5_not_shown': 17, 'needs_browser': 2344}
4550/16451 933.4/min {'1_mostbet_only': 696, '2_no_ads': 982, '3_other_only': 441, '4_mixed': 38, '5_dead': 17, '5_not_shown': 17, 'needs_browser': 2359}
4575/16451 933.0/min {'1_mostbet_only': 698, '2_no_ads': 988, '3_other_only': 442, '4_mixed': 38, '5_dead': 18, '5_not_shown': 17, 'needs_browser': 2374}
4600/16451 934.6/min {'1_mostbet_only': 699, '2_no_ads': 999, '3_other_only': 444, '4_mixed': 38, '5_dead': 18, '5_not_shown': 17, 'needs_browser': 2385}
4625/16451 935.5/min {'1_mostbet_only': 702, '2_no_ads': 1002, '3_other_only': 448, '4_mixed': 38, '5_dead': 18, '5_not_shown': 17, 'needs_browser': 2400}
4650/16451 927.7/min {'1_mostbet_only': 705, '2_no_ads': 1012, '3_other_only': 452, '4_mixed': 38, '5_dead': 18, '5_not_shown': 18, 'needs_browser': 2407}
4675/16451 927.4/min {'1_mostbet_only': 711, '2_no_ads': 1018, '3_other_only': 455, '4_mixed': 38, '5_dead': 18, '5_not_shown': 18, 'needs_browser': 2417}
4700/16451 927.5/min {'1_mostbet_only': 712, '2_no_ads': 1023, '3_other_only': 458, '4_mixed': 38, '5_dead': 18, '5_not_shown': 18, 'needs_browser': 2433}
4725/16451 930.0/min {'1_mostbet_only': 715, '2_no_ads': 1031, '3_other_only': 459, '4_mixed': 38, '5_dead': 19, '5_not_shown': 19, 'needs_browser': 2444}
4750/16451 928.2/min {'1_mostbet_only': 716, '2_no_ads': 1035, '3_other_only': 462, '4_mixed': 38, '5_dead': 19, '5_not_shown': 19, 'needs_browser': 2461}
4775/16451 927.6/min {'1_mostbet_only': 722, '2_no_ads': 1040, '3_other_only': 463, '4_mixed': 39, '5_dead': 19, '5_not_shown': 19, 'needs_browser': 2473}
4800/16451 928.3/min {'1_mostbet_only': 727, '2_no_ads': 1049, '3_other_only': 464, '4_mixed': 39, '5_dead': 19, '5_not_shown': 19, 'needs_browser': 2483}
4825/16451 928.7/min {'1_mostbet_only': 730, '2_no_ads': 1056, '3_other_only': 464, '4_mixed': 39, '5_dead': 19, '5_not_shown': 19, 'needs_browser': 2498}
4850/16451 930.2/min {'1_mostbet_only': 737, '2_no_ads': 1060, '3_other_only': 465, '4_mixed': 39, '5_dead': 19, '5_not_shown': 19, 'needs_browser': 2511}
4875/16451 930.7/min {'1_mostbet_only': 743, '2_no_ads': 1065, '3_other_only': 468, '4_mixed': 39, '5_dead': 19, '5_not_shown': 19, 'needs_browser': 2522}
4900/16451 931.0/min {'1_mostbet_only': 747, '2_no_ads': 1070, '3_other_only': 476, '4_mixed': 39, '5_dead': 19, '5_not_shown': 19, 'needs_browser': 2530}
4925/16451 932.2/min {'1_mostbet_only': 750, '2_no_ads': 1072, '3_other_only': 478, '4_mixed': 39, '5_dead': 19, '5_not_shown': 19, 'needs_browser': 2548}
4950/16451 932.3/min {'1_mostbet_only': 752, '2_no_ads': 1077, '3_other_only': 480, '4_mixed': 39, '5_dead': 19, '5_not_shown': 19, 'needs_browser': 2564}
4975/16451 932.2/min {'1_mostbet_only': 756, '2_no_ads': 1084, '3_other_only': 482, '4_mixed': 40, '5_dead': 19, '5_not_shown': 19, 'needs_browser': 2575}
5000/16451 933.5/min {'1_mostbet_only': 758, '2_no_ads': 1092, '3_other_only': 483, '4_mixed': 40, '5_dead': 19, '5_not_shown': 19, 'needs_browser': 2589}
5025/16451 934.3/min {'1_mostbet_only': 762, '2_no_ads': 1097, '3_other_only': 487, '4_mixed': 40, '5_dead': 20, '5_not_shown': 19, 'needs_browser': 2600}
5050/16451 934.1/min {'1_mostbet_only': 764, '2_no_ads': 1103, '3_other_only': 488, '4_mixed': 40, '5_dead': 20, '5_not_shown': 20, 'needs_browser': 2615}
5075/16451 934.8/min {'1_mostbet_only': 766, '2_no_ads': 1114, '3_other_only': 491, '4_mixed': 40, '5_dead': 20, '5_not_shown': 20, 'needs_browser': 2624}
5100/16451 934.9/min {'1_mostbet_only': 767, '2_no_ads': 1118, '3_other_only': 498, '4_mixed': 40, '5_dead': 20, '5_not_shown': 20, 'needs_browser': 2637}
5125/16451 935.0/min {'1_mostbet_only': 769, '2_no_ads': 1125, '3_other_only': 500, '4_mixed': 40, '5_dead': 20, '5_not_shown': 20, 'needs_browser': 2651}
5150/16451 935.4/min {'1_mostbet_only': 775, '2_no_ads': 1129, '3_other_only': 502, '4_mixed': 40, '5_dead': 20, '5_not_shown': 20, 'needs_browser': 2664}
5175/16451 937.2/min {'1_mostbet_only': 781, '2_no_ads': 1136, '3_other_only': 503, '4_mixed': 41, '5_dead': 20, '5_not_shown': 20, 'needs_browser': 2674}
5200/16451 937.4/min {'1_mostbet_only': 784, '2_no_ads': 1141, '3_other_only': 506, '4_mixed': 41, '5_dead': 20, '5_not_shown': 20, 'needs_browser': 2688}
5225/16451 938.5/min {'1_mostbet_only': 786, '2_no_ads': 1144, '3_other_only': 510, '4_mixed': 41, '5_dead': 20, '5_not_shown': 20, 'needs_browser': 2704}
5250/16451 940.0/min {'1_mostbet_only': 788, '2_no_ads': 1150, '3_other_only': 512, '4_mixed': 41, '5_dead': 20, '5_not_shown': 20, 'needs_browser': 2719}
5275/16451 941.0/min {'1_mostbet_only': 791, '2_no_ads': 1158, '3_other_only': 513, '4_mixed': 41, '5_dead': 20, '5_not_shown': 20, 'needs_browser': 2732}
5300/16451 940.0/min {'1_mostbet_only': 795, '2_no_ads': 1162, '3_other_only': 515, '4_mixed': 42, '5_dead': 20, '5_not_shown': 20, 'needs_browser': 2746}
5325/16451 940.1/min {'1_mostbet_only': 800, '2_no_ads': 1167, '3_other_only': 516, '4_mixed': 42, '5_dead': 20, '5_not_shown': 20, 'needs_browser': 2760}
5350/16451 939.9/min {'1_mostbet_only': 807, '2_no_ads': 1175, '3_other_only': 519, '4_mixed': 42, '5_dead': 20, '5_not_shown': 20, 'needs_browser': 2767}
5375/16451 938.6/min {'1_mostbet_only': 809, '2_no_ads': 1183, '3_other_only': 526, '4_mixed': 42, '5_dead': 20, '5_not_shown': 20, 'needs_browser': 2775}
5400/16451 939.1/min {'1_mostbet_only': 813, '2_no_ads': 1186, '3_other_only': 528, '4_mixed': 42, '5_dead': 20, '5_not_shown': 20, 'needs_browser': 2791}
5425/16451 937.7/min {'1_mostbet_only': 814, '2_no_ads': 1193, '3_other_only': 531, '4_mixed': 42, '5_dead': 20, '5_not_shown': 21, 'needs_browser': 2804}
5450/16451 936.6/min {'1_mostbet_only': 818, '2_no_ads': 1198, '3_other_only': 533, '4_mixed': 42, '5_dead': 20, '5_not_shown': 21, 'needs_browser': 2818}
5475/16451 934.6/min {'1_mostbet_only': 819, '2_no_ads': 1208, '3_other_only': 537, '4_mixed': 43, '5_dead': 21, '5_not_shown': 21, 'needs_browser': 2826}
5500/16451 934.6/min {'1_mostbet_only': 825, '2_no_ads': 1215, '3_other_only': 539, '4_mixed': 43, '5_dead': 21, '5_not_shown': 21, 'needs_browser': 2836}
5525/16451 935.0/min {'1_mostbet_only': 831, '2_no_ads': 1224, '3_other_only': 540, '4_mixed': 43, '5_dead': 21, '5_not_shown': 21, 'needs_browser': 2845}
5550/16451 933.5/min {'1_mostbet_only': 835, '2_no_ads': 1229, '3_other_only': 543, '4_mixed': 43, '5_dead': 21, '5_not_shown': 21, 'needs_browser': 2858}
5575/16451 933.3/min {'1_mostbet_only': 841, '2_no_ads': 1237, '3_other_only': 543, '4_mixed': 43, '5_dead': 21, '5_not_shown': 21, 'needs_browser': 2869}
5600/16451 932.4/min {'1_mostbet_only': 844, '2_no_ads': 1241, '3_other_only': 543, '4_mixed': 43, '5_dead': 22, '5_not_shown': 21, 'needs_browser': 2886}
5625/16451 934.0/min {'1_mostbet_only': 852, '2_no_ads': 1248, '3_other_only': 543, '4_mixed': 43, '5_dead': 22, '5_not_shown': 21, 'needs_browser': 2896}
5650/16451 931.7/min {'1_mostbet_only': 852, '2_no_ads': 1254, '3_other_only': 546, '4_mixed': 43, '5_dead': 22, '5_not_shown': 21, 'needs_browser': 2912}
5675/16451 932.2/min {'1_mostbet_only': 855, '2_no_ads': 1259, '3_other_only': 547, '4_mixed': 43, '5_dead': 24, '5_not_shown': 21, 'needs_browser': 2926}
5700/16451 932.5/min {'1_mostbet_only': 857, '2_no_ads': 1263, '3_other_only': 549, '4_mixed': 43, '5_dead': 24, '5_not_shown': 22, 'needs_browser': 2942}
5725/16451 932.4/min {'1_mostbet_only': 859, '2_no_ads': 1269, '3_other_only': 552, '4_mixed': 43, '5_dead': 24, '5_not_shown': 22, 'needs_browser': 2956}
5750/16451 930.7/min {'1_mostbet_only': 859, '2_no_ads': 1272, '3_other_only': 552, '4_mixed': 43, '5_dead': 25, '5_not_shown': 22, 'needs_browser': 2977}
5775/16451 931.1/min {'1_mostbet_only': 860, '2_no_ads': 1278, '3_other_only': 554, '4_mixed': 43, '5_dead': 25, '5_not_shown': 22, 'needs_browser': 2993}
5800/16451 932.0/min {'1_mostbet_only': 863, '2_no_ads': 1280, '3_other_only': 554, '4_mixed': 43, '5_dead': 25, '5_not_shown': 22, 'needs_browser': 3013}
5825/16451 933.1/min {'1_mostbet_only': 869, '2_no_ads': 1284, '3_other_only': 555, '4_mixed': 43, '5_dead': 25, '5_not_shown': 22, 'needs_browser': 3027}
5850/16451 933.0/min {'1_mostbet_only': 876, '2_no_ads': 1290, '3_other_only': 556, '4_mixed': 43, '5_dead': 25, '5_not_shown': 22, 'needs_browser': 3038}
5875/16451 933.2/min {'1_mostbet_only': 885, '2_no_ads': 1293, '3_other_only': 556, '4_mixed': 45, '5_dead': 25, '5_not_shown': 22, 'needs_browser': 3049}
5900/16451 934.5/min {'1_mostbet_only': 896, '2_no_ads': 1297, '3_other_only': 556, '4_mixed': 45, '5_dead': 25, '5_not_shown': 22, 'needs_browser': 3059}
5925/16451 935.2/min {'1_mostbet_only': 898, '2_no_ads': 1304, '3_other_only': 557, '4_mixed': 45, '5_dead': 25, '5_not_shown': 22, 'needs_browser': 3074}
5950/16451 935.0/min {'1_mostbet_only': 905, '2_no_ads': 1311, '3_other_only': 557, '4_mixed': 45, '5_dead': 25, '5_not_shown': 22, 'needs_browser': 3085}
5975/16451 935.1/min {'1_mostbet_only': 907, '2_no_ads': 1318, '3_other_only': 557, '4_mixed': 45, '5_dead': 25, '5_not_shown': 22, 'needs_browser': 3101}
6000/16451 936.7/min {'1_mostbet_only': 915, '2_no_ads': 1321, '3_other_only': 558, '4_mixed': 46, '5_dead': 25, '5_not_shown': 22, 'needs_browser': 3113}
6025/16451 938.2/min {'1_mostbet_only': 918, '2_no_ads': 1327, '3_other_only': 560, '4_mixed': 46, '5_dead': 25, '5_not_shown': 23, 'needs_browser': 3126}
6050/16451 937.9/min {'1_mostbet_only': 921, '2_no_ads': 1331, '3_other_only': 560, '4_mixed': 46, '5_dead': 25, '5_not_shown': 23, 'needs_browser': 3144}
6075/16451 940.5/min {'1_mostbet_only': 923, '2_no_ads': 1335, '3_other_only': 560, '4_mixed': 46, '5_dead': 25, '5_not_shown': 24, 'needs_browser': 3162}
6100/16451 941.8/min {'1_mostbet_only': 925, '2_no_ads': 1337, '3_other_only': 562, '4_mixed': 46, '5_dead': 26, '5_not_shown': 24, 'needs_browser': 3180}
6125/16451 941.7/min {'1_mostbet_only': 929, '2_no_ads': 1344, '3_other_only': 563, '4_mixed': 47, '5_dead': 28, '5_not_shown': 24, 'needs_browser': 3190}
6150/16451 942.8/min {'1_mostbet_only': 932, '2_no_ads': 1354, '3_other_only': 564, '4_mixed': 47, '5_dead': 28, '5_not_shown': 24, 'needs_browser': 3201}
6175/16451 944.0/min {'1_mostbet_only': 933, '2_no_ads': 1367, '3_other_only': 564, '4_mixed': 47, '5_dead': 28, '5_not_shown': 24, 'needs_browser': 3212}
6200/16451 943.6/min {'1_mostbet_only': 936, '2_no_ads': 1373, '3_other_only': 565, '4_mixed': 48, '5_dead': 29, '5_not_shown': 24, 'needs_browser': 3225}
6225/16451 941.1/min {'1_mostbet_only': 942, '2_no_ads': 1376, '3_other_only': 566, '4_mixed': 48, '5_dead': 30, '5_not_shown': 24, 'needs_browser': 3239}
6250/16451 939.4/min {'1_mostbet_only': 949, '2_no_ads': 1382, '3_other_only': 566, '4_mixed': 48, '5_dead': 30, '5_not_shown': 25, 'needs_browser': 3250}
6275/16451 933.3/min {'1_mostbet_only': 954, '2_no_ads': 1385, '3_other_only': 566, '4_mixed': 48, '5_dead': 30, '5_not_shown': 25, 'needs_browser': 3267}
6300/16451 931.9/min {'1_mostbet_only': 955, '2_no_ads': 1393, '3_other_only': 566, '4_mixed': 48, '5_dead': 30, '5_not_shown': 26, 'needs_browser': 3282}
6325/16451 929.7/min {'1_mostbet_only': 957, '2_no_ads': 1395, '3_other_only': 566, '4_mixed': 48, '5_dead': 31, '5_not_shown': 26, 'needs_browser': 3302}
6350/16451 926.8/min {'1_mostbet_only': 963, '2_no_ads': 1401, '3_other_only': 568, '4_mixed': 48, '5_dead': 31, '5_not_shown': 26, 'needs_browser': 3313}
6375/16451 925.9/min {'1_mostbet_only': 965, '2_no_ads': 1407, '3_other_only': 570, '4_mixed': 49, '5_dead': 31, '5_not_shown': 26, 'needs_browser': 3327}
6400/16451 924.1/min {'1_mostbet_only': 968, '2_no_ads': 1408, '3_other_only': 571, '4_mixed': 49, '5_dead': 31, '5_not_shown': 26, 'needs_browser': 3347}
6425/16451 918.0/min {'1_mostbet_only': 978, '2_no_ads': 1409, '3_other_only': 571, '4_mixed': 49, '5_dead': 31, '5_not_shown': 26, 'needs_browser': 3361}
6450/16451 914.3/min {'1_mostbet_only': 982, '2_no_ads': 1411, '3_other_only': 573, '4_mixed': 49, '5_dead': 31, '5_not_shown': 27, 'needs_browser': 3377}
6475/16451 905.4/min {'1_mostbet_only': 987, '2_no_ads': 1416, '3_other_only': 574, '4_mixed': 49, '5_dead': 31, '5_not_shown': 27, 'needs_browser': 3391}
6500/16451 899.2/min {'1_mostbet_only': 988, '2_no_ads': 1423, '3_other_only': 589, '4_mixed': 49, '5_dead': 32, '5_not_shown': 27, 'needs_browser': 3392}
6525/16451 894.3/min {'1_mostbet_only': 991, '2_no_ads': 1429, '3_other_only': 593, '4_mixed': 49, '5_dead': 32, '5_not_shown': 27, 'needs_browser': 3404}
6550/16451 894.9/min {'1_mostbet_only': 994, '2_no_ads': 1433, '3_other_only': 594, '4_mixed': 50, '5_dead': 33, '5_not_shown': 27, 'needs_browser': 3419}
6575/16451 894.7/min {'1_mostbet_only': 1003, '2_no_ads': 1437, '3_other_only': 596, '4_mixed': 50, '5_dead': 33, '5_not_shown': 27, 'needs_browser': 3429}
6600/16451 893.2/min {'1_mostbet_only': 1009, '2_no_ads': 1441, '3_other_only': 598, '4_mixed': 51, '5_dead': 33, '5_not_shown': 27, 'needs_browser': 3441}
6625/16451 888.2/min {'1_mostbet_only': 1015, '2_no_ads': 1444, '3_other_only': 600, '4_mixed': 51, '5_dead': 33, '5_not_shown': 27, 'needs_browser': 3455}
6650/16451 886.6/min {'1_mostbet_only': 1020, '2_no_ads': 1448, '3_other_only': 600, '4_mixed': 53, '5_dead': 33, '5_not_shown': 27, 'needs_browser': 3469}
6675/16451 884.8/min {'1_mostbet_only': 1024, '2_no_ads': 1450, '3_other_only': 601, '4_mixed': 54, '5_dead': 33, '5_not_shown': 27, 'needs_browser': 3486}
6700/16451 882.0/min {'1_mostbet_only': 1026, '2_no_ads': 1455, '3_other_only': 604, '4_mixed': 54, '5_dead': 33, '5_not_shown': 27, 'needs_browser': 3501}
6725/16451 880.6/min {'1_mostbet_only': 1031, '2_no_ads': 1459, '3_other_only': 606, '4_mixed': 54, '5_dead': 33, '5_not_shown': 27, 'needs_browser': 3515}
6750/16451 879.8/min {'1_mostbet_only': 1039, '2_no_ads': 1460, '3_other_only': 606, '4_mixed': 54, '5_dead': 34, '5_not_shown': 27, 'needs_browser': 3530}
6775/16451 880.2/min {'1_mostbet_only': 1044, '2_no_ads': 1461, '3_other_only': 606, '4_mixed': 54, '5_dead': 34, '5_not_shown': 30, 'needs_browser': 3546}
6800/16451 879.0/min {'1_mostbet_only': 1045, '2_no_ads': 1468, '3_other_only': 607, '4_mixed': 54, '5_dead': 34, '5_not_shown': 30, 'needs_browser': 3562}
6825/16451 876.6/min {'1_mostbet_only': 1048, '2_no_ads': 1472, '3_other_only': 607, '4_mixed': 54, '5_dead': 34, '5_not_shown': 30, 'needs_browser': 3580}
6850/16451 874.3/min {'1_mostbet_only': 1051, '2_no_ads': 1476, '3_other_only': 609, '4_mixed': 54, '5_dead': 34, '5_not_shown': 30, 'needs_browser': 3596}
6875/16451 873.9/min {'1_mostbet_only': 1052, '2_no_ads': 1477, '3_other_only': 609, '4_mixed': 54, '5_dead': 34, '5_not_shown': 30, 'needs_browser': 3619}
6900/16451 872.8/min {'1_mostbet_only': 1052, '2_no_ads': 1477, '3_other_only': 609, '4_mixed': 54, '5_dead': 34, '5_not_shown': 30, 'needs_browser': 3644}
6925/16451 870.6/min {'1_mostbet_only': 1054, '2_no_ads': 1477, '3_other_only': 611, '4_mixed': 54, '5_dead': 34, '5_not_shown': 30, 'needs_browser': 3665}
6950/16451 868.0/min {'1_mostbet_only': 1055, '2_no_ads': 1479, '3_other_only': 612, '4_mixed': 55, '5_dead': 34, '5_not_shown': 30, 'needs_browser': 3685}
6975/16451 867.4/min {'1_mostbet_only': 1056, '2_no_ads': 1480, '3_other_only': 616, '4_mixed': 56, '5_dead': 34, '5_not_shown': 30, 'needs_browser': 3703}
7000/16451 868.2/min {'1_mostbet_only': 1058, '2_no_ads': 1481, '3_other_only': 619, '4_mixed': 56, '5_dead': 34, '5_not_shown': 30, 'needs_browser': 3722}
7025/16451 868.2/min {'1_mostbet_only': 1059, '2_no_ads': 1482, '3_other_only': 619, '4_mixed': 56, '5_dead': 34, '5_not_shown': 30, 'needs_browser': 3745}
7050/16451 868.7/min {'1_mostbet_only': 1065, '2_no_ads': 1484, '3_other_only': 623, '4_mixed': 57, '5_dead': 35, '5_not_shown': 30, 'needs_browser': 3756}
7075/16451 869.8/min {'1_mostbet_only': 1067, '2_no_ads': 1486, '3_other_only': 626, '4_mixed': 58, '5_dead': 35, '5_not_shown': 30, 'needs_browser': 3773}
7100/16451 869.9/min {'1_mostbet_only': 1068, '2_no_ads': 1487, '3_other_only': 631, '4_mixed': 60, '5_dead': 36, '5_not_shown': 30, 'needs_browser': 3788}
7125/16451 870.8/min {'1_mostbet_only': 1072, '2_no_ads': 1492, '3_other_only': 633, '4_mixed': 60, '5_dead': 37, '5_not_shown': 30, 'needs_browser': 3801}
7150/16451 871.3/min {'1_mostbet_only': 1075, '2_no_ads': 1498, '3_other_only': 640, '4_mixed': 61, '5_dead': 37, '5_not_shown': 30, 'needs_browser': 3809}
7175/16451 872.1/min {'1_mostbet_only': 1076, '2_no_ads': 1499, '3_other_only': 641, '4_mixed': 61, '5_dead': 38, '5_not_shown': 30, 'needs_browser': 3830}
7200/16451 872.7/min {'1_mostbet_only': 1079, '2_no_ads': 1500, '3_other_only': 643, '4_mixed': 61, '5_dead': 39, '5_not_shown': 30, 'needs_browser': 3848}
7225/16451 872.3/min {'1_mostbet_only': 1081, '2_no_ads': 1507, '3_other_only': 643, '4_mixed': 61, '5_dead': 39, '5_not_shown': 30, 'needs_browser': 3864}
7250/16451 873.4/min {'1_mostbet_only': 1085, '2_no_ads': 1511, '3_other_only': 643, '4_mixed': 61, '5_dead': 39, '5_not_shown': 30, 'needs_browser': 3881}
7275/16451 873.0/min {'1_mostbet_only': 1089, '2_no_ads': 1518, '3_other_only': 643, '4_mixed': 61, '5_dead': 39, '5_not_shown': 30, 'needs_browser': 3895}
7300/16451 870.4/min {'1_mostbet_only': 1095, '2_no_ads': 1520, '3_other_only': 646, '4_mixed': 61, '5_dead': 39, '5_not_shown': 30, 'needs_browser': 3909}
7325/16451 869.9/min {'1_mostbet_only': 1102, '2_no_ads': 1522, '3_other_only': 646, '4_mixed': 61, '5_dead': 39, '5_not_shown': 30, 'needs_browser': 3925}
7350/16451 868.5/min {'1_mostbet_only': 1111, '2_no_ads': 1529, '3_other_only': 648, '4_mixed': 61, '5_dead': 39, '5_not_shown': 30, 'needs_browser': 3932}
7375/16451 867.9/min {'1_mostbet_only': 1113, '2_no_ads': 1533, '3_other_only': 649, '4_mixed': 61, '5_dead': 41, '5_not_shown': 30, 'needs_browser': 3948}
7400/16451 865.6/min {'1_mostbet_only': 1120, '2_no_ads': 1541, '3_other_only': 652, '4_mixed': 61, '5_dead': 41, '5_not_shown': 30, 'needs_browser': 3955}
7425/16451 861.6/min {'1_mostbet_only': 1126, '2_no_ads': 1551, '3_other_only': 652, '4_mixed': 61, '5_dead': 41, '5_not_shown': 30, 'needs_browser': 3964}
7450/16451 857.9/min {'1_mostbet_only': 1127, '2_no_ads': 1555, '3_other_only': 654, '4_mixed': 62, '5_dead': 41, '5_not_shown': 30, 'needs_browser': 3981}
7475/16451 856.3/min {'1_mostbet_only': 1131, '2_no_ads': 1564, '3_other_only': 655, '4_mixed': 62, '5_dead': 41, '5_not_shown': 30, 'needs_browser': 3992}
7500/16451 849.4/min {'1_mostbet_only': 1131, '2_no_ads': 1578, '3_other_only': 655, '4_mixed': 62, '5_dead': 42, '5_not_shown': 30, 'needs_browser': 4002}
7525/16451 846.6/min {'1_mostbet_only': 1135, '2_no_ads': 1578, '3_other_only': 655, '4_mixed': 62, '5_dead': 43, '5_not_shown': 30, 'needs_browser': 4022}
7550/16451 845.2/min {'1_mostbet_only': 1140, '2_no_ads': 1578, '3_other_only': 655, '4_mixed': 62, '5_dead': 43, '5_not_shown': 30, 'needs_browser': 4042}
7575/16451 843.8/min {'1_mostbet_only': 1144, '2_no_ads': 1579, '3_other_only': 656, '4_mixed': 62, '5_dead': 45, '5_not_shown': 30, 'needs_browser': 4059}
7600/16451 843.5/min {'1_mostbet_only': 1148, '2_no_ads': 1584, '3_other_only': 657, '4_mixed': 62, '5_dead': 47, '5_not_shown': 30, 'needs_browser': 4072}
7625/16451 842.1/min {'1_mostbet_only': 1155, '2_no_ads': 1589, '3_other_only': 657, '4_mixed': 62, '5_dead': 47, '5_not_shown': 30, 'needs_browser': 4085}
7650/16451 840.0/min {'1_mostbet_only': 1161, '2_no_ads': 1594, '3_other_only': 659, '4_mixed': 62, '5_dead': 47, '5_not_shown': 30, 'needs_browser': 4097}
7675/16451 838.8/min {'1_mostbet_only': 1169, '2_no_ads': 1596, '3_other_only': 660, '4_mixed': 62, '5_dead': 48, '5_not_shown': 30, 'needs_browser': 4110}
7700/16451 832.2/min {'1_mostbet_only': 1172, '2_no_ads': 1599, '3_other_only': 662, '4_mixed': 62, '5_dead': 48, '5_not_shown': 30, 'needs_browser': 4127}
7725/16451 824.3/min {'1_mostbet_only': 1177, '2_no_ads': 1600, '3_other_only': 663, '4_mixed': 62, '5_dead': 48, '5_not_shown': 30, 'needs_browser': 4145}
7750/16451 822.4/min {'1_mostbet_only': 1180, '2_no_ads': 1603, '3_other_only': 663, '4_mixed': 64, '5_dead': 49, '5_not_shown': 30, 'needs_browser': 4161}
7775/16451 820.6/min {'1_mostbet_only': 1189, '2_no_ads': 1610, '3_other_only': 664, '4_mixed': 65, '5_dead': 49, '5_not_shown': 30, 'needs_browser': 4168}
7800/16451 819.8/min {'1_mostbet_only': 1192, '2_no_ads': 1620, '3_other_only': 666, '4_mixed': 65, '5_dead': 49, '5_not_shown': 30, 'needs_browser': 4178}
7825/16451 819.1/min {'1_mostbet_only': 1195, '2_no_ads': 1623, '3_other_only': 669, '4_mixed': 65, '5_dead': 50, '5_not_shown': 30, 'needs_browser': 4193}
7850/16451 819.4/min {'1_mostbet_only': 1198, '2_no_ads': 1626, '3_other_only': 669, '4_mixed': 65, '5_dead': 52, '5_not_shown': 30, 'needs_browser': 4210}
7875/16451 818.6/min {'1_mostbet_only': 1207, '2_no_ads': 1631, '3_other_only': 674, '4_mixed': 65, '5_dead': 52, '5_not_shown': 30, 'needs_browser': 4216}
7900/16451 816.9/min {'1_mostbet_only': 1216, '2_no_ads': 1634, '3_other_only': 674, '4_mixed': 65, '5_dead': 53, '5_not_shown': 30, 'needs_browser': 4228}
7925/16451 811.1/min {'1_mostbet_only': 1224, '2_no_ads': 1642, '3_other_only': 674, '4_mixed': 65, '5_dead': 53, '5_not_shown': 30, 'needs_browser': 4237}
7950/16451 806.3/min {'1_mostbet_only': 1232, '2_no_ads': 1647, '3_other_only': 674, '4_mixed': 65, '5_dead': 53, '5_not_shown': 30, 'needs_browser': 4249}
7975/16451 804.5/min {'1_mostbet_only': 1237, '2_no_ads': 1652, '3_other_only': 674, '4_mixed': 66, '5_dead': 53, '5_not_shown': 30, 'needs_browser': 4263}
8000/16451 802.9/min {'1_mostbet_only': 1244, '2_no_ads': 1658, '3_other_only': 675, '4_mixed': 66, '5_dead': 53, '5_not_shown': 30, 'needs_browser': 4274}
8025/16451 790.3/min {'1_mostbet_only': 1251, '2_no_ads': 1663, '3_other_only': 675, '4_mixed': 67, '5_dead': 53, '5_not_shown': 31, 'needs_browser': 4285}
8050/16451 785.4/min {'1_mostbet_only': 1259, '2_no_ads': 1667, '3_other_only': 675, '4_mixed': 67, '5_dead': 53, '5_not_shown': 31, 'needs_browser': 4298}
8075/16451 783.0/min {'1_mostbet_only': 1263, '2_no_ads': 1671, '3_other_only': 680, '4_mixed': 67, '5_dead': 54, '5_not_shown': 31, 'needs_browser': 4309}
8100/16451 777.1/min {'1_mostbet_only': 1275, '2_no_ads': 1673, '3_other_only': 683, '4_mixed': 68, '5_dead': 54, '5_not_shown': 31, 'needs_browser': 4316}
8125/16451 764.9/min {'1_mostbet_only': 1284, '2_no_ads': 1674, '3_other_only': 683, '4_mixed': 68, '5_dead': 54, '5_not_shown': 31, 'needs_browser': 4331}
8150/16451 758.9/min {'1_mostbet_only': 1288, '2_no_ads': 1675, '3_other_only': 684, '4_mixed': 68, '5_dead': 54, '5_not_shown': 31, 'needs_browser': 4350}
8175/16451 756.0/min {'1_mostbet_only': 1290, '2_no_ads': 1680, '3_other_only': 684, '4_mixed': 69, '5_dead': 54, '5_not_shown': 31, 'needs_browser': 4367}
8200/16451 754.8/min {'1_mostbet_only': 1296, '2_no_ads': 1684, '3_other_only': 684, '4_mixed': 69, '5_dead': 54, '5_not_shown': 31, 'needs_browser': 4382}
8225/16451 751.7/min {'1_mostbet_only': 1303, '2_no_ads': 1691, '3_other_only': 684, '4_mixed': 69, '5_dead': 54, '5_not_shown': 31, 'needs_browser': 4393}
8250/16451 750.1/min {'1_mostbet_only': 1306, '2_no_ads': 1701, '3_other_only': 684, '4_mixed': 69, '5_dead': 54, '5_not_shown': 31, 'needs_browser': 4405}
8275/16451 748.1/min {'1_mostbet_only': 1311, '2_no_ads': 1703, '3_other_only': 686, '4_mixed': 69, '5_dead': 54, '5_not_shown': 31, 'needs_browser': 4421}
8300/16451 745.9/min {'1_mostbet_only': 1314, '2_no_ads': 1708, '3_other_only': 686, '4_mixed': 69, '5_dead': 54, '5_not_shown': 31, 'needs_browser': 4438}
8325/16451 743.8/min {'1_mostbet_only': 1316, '2_no_ads': 1709, '3_other_only': 687, '4_mixed': 69, '5_dead': 54, '5_not_shown': 31, 'needs_browser': 4459}
8350/16451 740.3/min {'1_mostbet_only': 1320, '2_no_ads': 1709, '3_other_only': 689, '4_mixed': 69, '5_dead': 54, '5_not_shown': 31, 'needs_browser': 4478}
8375/16451 740.3/min {'1_mostbet_only': 1322, '2_no_ads': 1710, '3_other_only': 690, '4_mixed': 69, '5_dead': 57, '5_not_shown': 31, 'needs_browser': 4496}
8400/16451 738.4/min {'1_mostbet_only': 1328, '2_no_ads': 1718, '3_other_only': 691, '4_mixed': 69, '5_dead': 58, '5_not_shown': 31, 'needs_browser': 4505}
8425/16451 737.9/min {'1_mostbet_only': 1338, '2_no_ads': 1719, '3_other_only': 692, '4_mixed': 69, '5_dead': 58, '5_not_shown': 33, 'needs_browser': 4516}
8450/16451 736.1/min {'1_mostbet_only': 1340, '2_no_ads': 1727, '3_other_only': 692, '4_mixed': 70, '5_dead': 58, '5_not_shown': 33, 'needs_browser': 4530}
8475/16451 732.8/min {'1_mostbet_only': 1343, '2_no_ads': 1733, '3_other_only': 692, '4_mixed': 70, '5_dead': 58, '5_not_shown': 33, 'needs_browser': 4546}
8500/16451 733.5/min {'1_mostbet_only': 1348, '2_no_ads': 1738, '3_other_only': 694, '4_mixed': 70, '5_dead': 58, '5_not_shown': 33, 'needs_browser': 4559}
8525/16451 734.3/min {'1_mostbet_only': 1352, '2_no_ads': 1743, '3_other_only': 696, '4_mixed': 70, '5_dead': 58, '5_not_shown': 33, 'needs_browser': 4573}
8550/16451 735.4/min {'1_mostbet_only': 1354, '2_no_ads': 1749, '3_other_only': 698, '4_mixed': 70, '5_dead': 58, '5_not_shown': 33, 'needs_browser': 4588}
8575/16451 736.2/min {'1_mostbet_only': 1361, '2_no_ads': 1749, '3_other_only': 698, '4_mixed': 70, '5_dead': 59, '5_not_shown': 33, 'needs_browser': 4605}
8600/16451 736.1/min {'1_mostbet_only': 1364, '2_no_ads': 1750, '3_other_only': 700, '4_mixed': 70, '5_dead': 59, '5_not_shown': 33, 'needs_browser': 4624}
8625/16451 736.3/min {'1_mostbet_only': 1368, '2_no_ads': 1754, '3_other_only': 700, '4_mixed': 71, '5_dead': 60, '5_not_shown': 33, 'needs_browser': 4639}
8650/16451 736.5/min {'1_mostbet_only': 1372, '2_no_ads': 1762, '3_other_only': 701, '4_mixed': 71, '5_dead': 60, '5_not_shown': 33, 'needs_browser': 4651}
8675/16451 735.0/min {'1_mostbet_only': 1380, '2_no_ads': 1762, '3_other_only': 703, '4_mixed': 71, '5_dead': 61, '5_not_shown': 33, 'needs_browser': 4665}
8700/16451 735.5/min {'1_mostbet_only': 1380, '2_no_ads': 1763, '3_other_only': 703, '4_mixed': 71, '5_dead': 61, '5_not_shown': 33, 'needs_browser': 4689}
8725/16451 733.4/min {'1_mostbet_only': 1382, '2_no_ads': 1767, '3_other_only': 705, '4_mixed': 71, '5_dead': 62, '5_not_shown': 33, 'needs_browser': 4705}
8750/16451 724.3/min {'1_mostbet_only': 1388, '2_no_ads': 1774, '3_other_only': 708, '4_mixed': 72, '5_dead': 62, '5_not_shown': 33, 'needs_browser': 4713}
8775/16451 721.5/min {'1_mostbet_only': 1396, '2_no_ads': 1780, '3_other_only': 709, '4_mixed': 72, '5_dead': 62, '5_not_shown': 33, 'needs_browser': 4723}
8800/16451 718.6/min {'1_mostbet_only': 1398, '2_no_ads': 1783, '3_other_only': 712, '4_mixed': 72, '5_dead': 62, '5_not_shown': 33, 'needs_browser': 4740}
8825/16451 717.8/min {'1_mostbet_only': 1405, '2_no_ads': 1789, '3_other_only': 712, '4_mixed': 72, '5_dead': 62, '5_not_shown': 33, 'needs_browser': 4752}
8850/16451 712.1/min {'1_mostbet_only': 1411, '2_no_ads': 1791, '3_other_only': 713, '4_mixed': 73, '5_dead': 62, '5_not_shown': 33, 'needs_browser': 4767}
8875/16451 708.8/min {'1_mostbet_only': 1416, '2_no_ads': 1800, '3_other_only': 714, '4_mixed': 73, '5_dead': 62, '5_not_shown': 33, 'needs_browser': 4777}
8900/16451 703.7/min {'1_mostbet_only': 1418, '2_no_ads': 1805, '3_other_only': 714, '4_mixed': 73, '5_dead': 63, '5_not_shown': 33, 'needs_browser': 4794}
8925/16451 697.4/min {'1_mostbet_only': 1421, '2_no_ads': 1809, '3_other_only': 716, '4_mixed': 73, '5_dead': 63, '5_not_shown': 33, 'needs_browser': 4810}
8950/16451 693.7/min {'1_mostbet_only': 1425, '2_no_ads': 1811, '3_other_only': 716, '4_mixed': 73, '5_dead': 66, '5_not_shown': 33, 'needs_browser': 4826}
8975/16451 693.0/min {'1_mostbet_only': 1427, '2_no_ads': 1814, '3_other_only': 717, '4_mixed': 73, '5_dead': 66, '5_not_shown': 33, 'needs_browser': 4845}
9000/16451 689.8/min {'1_mostbet_only': 1439, '2_no_ads': 1815, '3_other_only': 718, '4_mixed': 74, '5_dead': 66, '5_not_shown': 33, 'needs_browser': 4855}
9025/16451 689.5/min {'1_mostbet_only': 1440, '2_no_ads': 1818, '3_other_only': 721, '4_mixed': 74, '5_dead': 66, '5_not_shown': 33, 'needs_browser': 4873}
9050/16451 681.0/min {'1_mostbet_only': 1447, '2_no_ads': 1820, '3_other_only': 721, '4_mixed': 74, '5_dead': 66, '5_not_shown': 33, 'needs_browser': 4889}
9075/16451 677.6/min {'1_mostbet_only': 1448, '2_no_ads': 1823, '3_other_only': 722, '4_mixed': 75, '5_dead': 66, '5_not_shown': 33, 'needs_browser': 4908}
9100/16451 676.4/min {'1_mostbet_only': 1454, '2_no_ads': 1825, '3_other_only': 724, '4_mixed': 75, '5_dead': 66, '5_not_shown': 33, 'needs_browser': 4923}
9125/16451 675.1/min {'1_mostbet_only': 1460, '2_no_ads': 1832, '3_other_only': 724, '4_mixed': 75, '5_dead': 66, '5_not_shown': 33, 'needs_browser': 4935}
9150/16451 673.5/min {'1_mostbet_only': 1462, '2_no_ads': 1839, '3_other_only': 728, '4_mixed': 75, '5_dead': 66, '5_not_shown': 35, 'needs_browser': 4945}
9175/16451 673.9/min {'1_mostbet_only': 1466, '2_no_ads': 1845, '3_other_only': 728, '4_mixed': 75, '5_dead': 66, '5_not_shown': 38, 'needs_browser': 4957}
9200/16451 674.7/min {'1_mostbet_only': 1468, '2_no_ads': 1851, '3_other_only': 728, '4_mixed': 75, '5_dead': 66, '5_not_shown': 38, 'needs_browser': 4974}
9225/16451 675.3/min {'1_mostbet_only': 1472, '2_no_ads': 1858, '3_other_only': 730, '4_mixed': 75, '5_dead': 66, '5_not_shown': 39, 'needs_browser': 4985}
9250/16451 676.0/min {'1_mostbet_only': 1476, '2_no_ads': 1865, '3_other_only': 730, '4_mixed': 75, '5_dead': 66, '5_not_shown': 48, 'needs_browser': 4990}
9275/16451 676.3/min {'1_mostbet_only': 1477, '2_no_ads': 1877, '3_other_only': 730, '4_mixed': 75, '5_dead': 66, '5_not_shown': 48, 'needs_browser': 5002}
9300/16451 675.9/min {'1_mostbet_only': 1484, '2_no_ads': 1885, '3_other_only': 731, '4_mixed': 75, '5_dead': 66, '5_not_shown': 48, 'needs_browser': 5011}
9325/16451 676.0/min {'1_mostbet_only': 1484, '2_no_ads': 1894, '3_other_only': 732, '4_mixed': 75, '5_dead': 67, '5_not_shown': 48, 'needs_browser': 5025}
9350/16451 671.2/min {'1_mostbet_only': 1490, '2_no_ads': 1902, '3_other_only': 735, '4_mixed': 75, '5_dead': 67, '5_not_shown': 48, 'needs_browser': 5033}
9375/16451 668.2/min {'1_mostbet_only': 1494, '2_no_ads': 1908, '3_other_only': 736, '4_mixed': 76, '5_dead': 67, '5_not_shown': 48, 'needs_browser': 5046}
9400/16451 667.0/min {'1_mostbet_only': 1497, '2_no_ads': 1911, '3_other_only': 736, '4_mixed': 76, '5_dead': 69, '5_not_shown': 48, 'needs_browser': 5063}
9425/16451 664.4/min {'1_mostbet_only': 1501, '2_no_ads': 1916, '3_other_only': 740, '4_mixed': 77, '5_dead': 70, '5_not_shown': 48, 'needs_browser': 5073}
9450/16451 662.9/min {'1_mostbet_only': 1501, '2_no_ads': 1924, '3_other_only': 744, '4_mixed': 77, '5_dead': 70, '5_not_shown': 48, 'needs_browser': 5086}
9475/16451 661.0/min {'1_mostbet_only': 1506, '2_no_ads': 1926, '3_other_only': 750, '4_mixed': 77, '5_dead': 70, '5_not_shown': 49, 'needs_browser': 5097}
9500/16451 660.4/min {'1_mostbet_only': 1511, '2_no_ads': 1929, '3_other_only': 752, '4_mixed': 77, '5_dead': 71, '5_not_shown': 49, 'needs_browser': 5111}
9525/16451 659.9/min {'1_mostbet_only': 1516, '2_no_ads': 1935, '3_other_only': 754, '4_mixed': 77, '5_dead': 71, '5_not_shown': 49, 'needs_browser': 5123}
9550/16451 658.2/min {'1_mostbet_only': 1523, '2_no_ads': 1938, '3_other_only': 757, '4_mixed': 77, '5_dead': 71, '5_not_shown': 49, 'needs_browser': 5135}
9575/16451 656.5/min {'1_mostbet_only': 1537, '2_no_ads': 1942, '3_other_only': 757, '4_mixed': 77, '5_dead': 71, '5_not_shown': 49, 'needs_browser': 5142}
9600/16451 655.2/min {'1_mostbet_only': 1541, '2_no_ads': 1946, '3_other_only': 758, '4_mixed': 77, '5_dead': 71, '5_not_shown': 49, 'needs_browser': 5158}
9625/16451 654.5/min {'1_mostbet_only': 1545, '2_no_ads': 1948, '3_other_only': 758, '4_mixed': 77, '5_dead': 71, '5_not_shown': 49, 'needs_browser': 5177}
9650/16451 651.4/min {'1_mostbet_only': 1555, '2_no_ads': 1950, '3_other_only': 758, '4_mixed': 77, '5_dead': 72, '5_not_shown': 49, 'needs_browser': 5189}
9675/16451 649.2/min {'1_mostbet_only': 1563, '2_no_ads': 1952, '3_other_only': 758, '4_mixed': 77, '5_dead': 73, '5_not_shown': 49, 'needs_browser': 5203}
9700/16451 646.9/min {'1_mostbet_only': 1576, '2_no_ads': 1952, '3_other_only': 758, '4_mixed': 77, '5_dead': 73, '5_not_shown': 49, 'needs_browser': 5215}
9725/16451 646.0/min {'1_mostbet_only': 1590, '2_no_ads': 1952, '3_other_only': 758, '4_mixed': 77, '5_dead': 75, '5_not_shown': 49, 'needs_browser': 5224}
9750/16451 644.7/min {'1_mostbet_only': 1597, '2_no_ads': 1952, '3_other_only': 758, '4_mixed': 77, '5_dead': 76, '5_not_shown': 49, 'needs_browser': 5241}
9775/16451 643.1/min {'1_mostbet_only': 1609, '2_no_ads': 1953, '3_other_only': 758, '4_mixed': 77, '5_dead': 76, '5_not_shown': 49, 'needs_browser': 5253}
9800/16451 641.2/min {'1_mostbet_only': 1621, '2_no_ads': 1955, '3_other_only': 758, '4_mixed': 77, '5_dead': 76, '5_not_shown': 49, 'needs_browser': 5264}
9825/16451 638.6/min {'1_mostbet_only': 1639, '2_no_ads': 1955, '3_other_only': 758, '4_mixed': 77, '5_dead': 76, '5_not_shown': 49, 'needs_browser': 5271}
9850/16451 635.5/min {'1_mostbet_only': 1655, '2_no_ads': 1956, '3_other_only': 758, '4_mixed': 77, '5_dead': 76, '5_not_shown': 49, 'needs_browser': 5279}
9875/16451 634.4/min {'1_mostbet_only': 1667, '2_no_ads': 1957, '3_other_only': 759, '4_mixed': 77, '5_dead': 76, '5_not_shown': 50, 'needs_browser': 5289}
9900/16451 633.8/min {'1_mostbet_only': 1675, '2_no_ads': 1958, '3_other_only': 759, '4_mixed': 77, '5_dead': 76, '5_not_shown': 50, 'needs_browser': 5305}
9925/16451 631.1/min {'1_mostbet_only': 1693, '2_no_ads': 1958, '3_other_only': 759, '4_mixed': 77, '5_dead': 76, '5_not_shown': 50, 'needs_browser': 5312}
9950/16451 627.4/min {'1_mostbet_only': 1698, '2_no_ads': 1958, '3_other_only': 759, '4_mixed': 77, '5_dead': 78, '5_not_shown': 50, 'needs_browser': 5330}
9975/16451 625.1/min {'1_mostbet_only': 1701, '2_no_ads': 1958, '3_other_only': 759, '4_mixed': 77, '5_dead': 78, '5_not_shown': 50, 'needs_browser': 5352}
10000/16451 617.9/min {'1_mostbet_only': 1713, '2_no_ads': 1958, '3_other_only': 760, '4_mixed': 77, '5_dead': 78, '5_not_shown': 50, 'needs_browser': 5364}
10025/16451 614.4/min {'1_mostbet_only': 1723, '2_no_ads': 1961, '3_other_only': 760, '4_mixed': 77, '5_dead': 78, '5_not_shown': 50, 'needs_browser': 5376}
10050/16451 613.1/min {'1_mostbet_only': 1737, '2_no_ads': 1962, '3_other_only': 760, '4_mixed': 77, '5_dead': 78, '5_not_shown': 50, 'needs_browser': 5386}
10075/16451 611.8/min {'1_mostbet_only': 1748, '2_no_ads': 1965, '3_other_only': 760, '4_mixed': 77, '5_dead': 78, '5_not_shown': 50, 'needs_browser': 5397}
10100/16451 608.1/min {'1_mostbet_only': 1760, '2_no_ads': 1966, '3_other_only': 760, '4_mixed': 77, '5_dead': 78, '5_not_shown': 50, 'needs_browser': 5409}
10125/16451 605.6/min {'1_mostbet_only': 1772, '2_no_ads': 1967, '3_other_only': 760, '4_mixed': 77, '5_dead': 78, '5_not_shown': 50, 'needs_browser': 5421}
10150/16451 597.6/min {'1_mostbet_only': 1782, '2_no_ads': 1968, '3_other_only': 760, '4_mixed': 77, '5_dead': 78, '5_not_shown': 50, 'needs_browser': 5435}
10175/16451 595.3/min {'1_mostbet_only': 1793, '2_no_ads': 1969, '3_other_only': 760, '4_mixed': 77, '5_dead': 78, '5_not_shown': 50, 'needs_browser': 5448}
10200/16451 592.5/min {'1_mostbet_only': 1805, '2_no_ads': 1970, '3_other_only': 760, '4_mixed': 77, '5_dead': 79, '5_not_shown': 50, 'needs_browser': 5459}
10225/16451 584.2/min {'1_mostbet_only': 1819, '2_no_ads': 1971, '3_other_only': 760, '4_mixed': 77, '5_dead': 79, '5_not_shown': 50, 'needs_browser': 5469}
10250/16451 580.3/min {'1_mostbet_only': 1833, '2_no_ads': 1973, '3_other_only': 760, '4_mixed': 77, '5_dead': 79, '5_not_shown': 50, 'needs_browser': 5478}
10275/16451 578.5/min {'1_mostbet_only': 1845, '2_no_ads': 1973, '3_other_only': 760, '4_mixed': 77, '5_dead': 79, '5_not_shown': 50, 'needs_browser': 5491}
10300/16451 575.3/min {'1_mostbet_only': 1852, '2_no_ads': 1974, '3_other_only': 760, '4_mixed': 78, '5_dead': 79, '5_not_shown': 50, 'needs_browser': 5507}
10325/16451 573.2/min {'1_mostbet_only': 1867, '2_no_ads': 1975, '3_other_only': 760, '4_mixed': 78, '5_dead': 79, '5_not_shown': 50, 'needs_browser': 5516}
10350/16451 568.8/min {'1_mostbet_only': 1881, '2_no_ads': 1975, '3_other_only': 760, '4_mixed': 78, '5_dead': 79, '5_not_shown': 50, 'needs_browser': 5527}
10375/16451 568.2/min {'1_mostbet_only': 1892, '2_no_ads': 1979, '3_other_only': 760, '4_mixed': 78, '5_dead': 79, '5_not_shown': 50, 'needs_browser': 5537}
10400/16451 567.9/min {'1_mostbet_only': 1899, '2_no_ads': 1980, '3_other_only': 761, '4_mixed': 78, '5_dead': 79, '5_not_shown': 50, 'needs_browser': 5553}
10425/16451 567.1/min {'1_mostbet_only': 1914, '2_no_ads': 1980, '3_other_only': 761, '4_mixed': 78, '5_dead': 80, '5_not_shown': 50, 'needs_browser': 5562}
10450/16451 566.6/min {'1_mostbet_only': 1926, '2_no_ads': 1982, '3_other_only': 761, '4_mixed': 78, '5_dead': 80, '5_not_shown': 50, 'needs_browser': 5573}
10475/16451 566.1/min {'1_mostbet_only': 1939, '2_no_ads': 1982, '3_other_only': 761, '4_mixed': 78, '5_dead': 80, '5_not_shown': 50, 'needs_browser': 5585}
10500/16451 565.8/min {'1_mostbet_only': 1954, '2_no_ads': 1982, '3_other_only': 761, '4_mixed': 78, '5_dead': 80, '5_not_shown': 50, 'needs_browser': 5595}
10525/16451 565.8/min {'1_mostbet_only': 1964, '2_no_ads': 1982, '3_other_only': 761, '4_mixed': 78, '5_dead': 80, '5_not_shown': 50, 'needs_browser': 5610}
10550/16451 565.1/min {'1_mostbet_only': 1980, '2_no_ads': 1982, '3_other_only': 761, '4_mixed': 78, '5_dead': 80, '5_not_shown': 50, 'needs_browser': 5619}
10575/16451 565.1/min {'1_mostbet_only': 1988, '2_no_ads': 1984, '3_other_only': 761, '4_mixed': 78, '5_dead': 80, '5_not_shown': 51, 'needs_browser': 5633}
10600/16451 563.2/min {'1_mostbet_only': 1998, '2_no_ads': 1986, '3_other_only': 762, '4_mixed': 78, '5_dead': 80, '5_not_shown': 51, 'needs_browser': 5645}
10625/16451 562.1/min {'1_mostbet_only': 2002, '2_no_ads': 1986, '3_other_only': 762, '4_mixed': 78, '5_dead': 80, '5_not_shown': 51, 'needs_browser': 5666}
10650/16451 560.9/min {'1_mostbet_only': 2009, '2_no_ads': 1988, '3_other_only': 762, '4_mixed': 78, '5_dead': 80, '5_not_shown': 51, 'needs_browser': 5682}
10675/16451 560.7/min {'1_mostbet_only': 2013, '2_no_ads': 1990, '3_other_only': 763, '4_mixed': 78, '5_dead': 80, '5_not_shown': 51, 'needs_browser': 5700}
10700/16451 560.4/min {'1_mostbet_only': 2016, '2_no_ads': 1993, '3_other_only': 763, '4_mixed': 78, '5_dead': 80, '5_not_shown': 51, 'needs_browser': 5719}
10725/16451 560.3/min {'1_mostbet_only': 2022, '2_no_ads': 1994, '3_other_only': 763, '4_mixed': 78, '5_dead': 81, '5_not_shown': 51, 'needs_browser': 5736}
10750/16451 560.7/min {'1_mostbet_only': 2028, '2_no_ads': 1997, '3_other_only': 764, '4_mixed': 78, '5_dead': 81, '5_not_shown': 51, 'needs_browser': 5751}
10775/16451 561.0/min {'1_mostbet_only': 2038, '2_no_ads': 2002, '3_other_only': 765, '4_mixed': 78, '5_dead': 81, '5_not_shown': 51, 'needs_browser': 5760}
10800/16451 561.3/min {'1_mostbet_only': 2039, '2_no_ads': 2004, '3_other_only': 770, '4_mixed': 82, '5_dead': 81, '5_not_shown': 51, 'needs_browser': 5773}
10825/16451 561.7/min {'1_mostbet_only': 2042, '2_no_ads': 2006, '3_other_only': 778, '4_mixed': 83, '5_dead': 81, '5_not_shown': 51, 'needs_browser': 5784}
10850/16451 562.1/min {'1_mostbet_only': 2052, '2_no_ads': 2010, '3_other_only': 788, '4_mixed': 83, '5_dead': 81, '5_not_shown': 51, 'needs_browser': 5785}
10875/16451 562.3/min {'1_mostbet_only': 2060, '2_no_ads': 2012, '3_other_only': 790, '4_mixed': 83, '5_dead': 81, '5_not_shown': 51, 'needs_browser': 5798}
10900/16451 562.9/min {'1_mostbet_only': 2062, '2_no_ads': 2015, '3_other_only': 790, '4_mixed': 83, '5_dead': 81, '5_not_shown': 51, 'needs_browser': 5818}
10925/16451 563.4/min {'1_mostbet_only': 2063, '2_no_ads': 2018, '3_other_only': 790, '4_mixed': 83, '5_dead': 81, '5_not_shown': 51, 'needs_browser': 5839}
10950/16451 563.8/min {'1_mostbet_only': 2067, '2_no_ads': 2020, '3_other_only': 791, '4_mixed': 83, '5_dead': 81, '5_not_shown': 51, 'needs_browser': 5857}
10975/16451 563.5/min {'1_mostbet_only': 2074, '2_no_ads': 2023, '3_other_only': 791, '4_mixed': 83, '5_dead': 81, '5_not_shown': 51, 'needs_browser': 5872}
11000/16451 563.7/min {'1_mostbet_only': 2080, '2_no_ads': 2025, '3_other_only': 792, '4_mixed': 84, '5_dead': 81, '5_not_shown': 51, 'needs_browser': 5887}
11025/16451 563.9/min {'1_mostbet_only': 2084, '2_no_ads': 2027, '3_other_only': 792, '4_mixed': 84, '5_dead': 81, '5_not_shown': 51, 'needs_browser': 5906}
11050/16451 564.6/min {'1_mostbet_only': 2086, '2_no_ads': 2029, '3_other_only': 795, '4_mixed': 84, '5_dead': 81, '5_not_shown': 51, 'needs_browser': 5924}
11075/16451 564.5/min {'1_mostbet_only': 2090, '2_no_ads': 2033, '3_other_only': 795, '4_mixed': 84, '5_dead': 81, '5_not_shown': 51, 'needs_browser': 5941}
11100/16451 565.0/min {'1_mostbet_only': 2094, '2_no_ads': 2036, '3_other_only': 796, '4_mixed': 84, '5_dead': 81, '5_not_shown': 51, 'needs_browser': 5958}
11125/16451 565.7/min {'1_mostbet_only': 2096, '2_no_ads': 2038, '3_other_only': 796, '4_mixed': 84, '5_dead': 81, '5_not_shown': 51, 'needs_browser': 5979}
11150/16451 566.1/min {'1_mostbet_only': 2099, '2_no_ads': 2042, '3_other_only': 797, '4_mixed': 84, '5_dead': 82, '5_not_shown': 51, 'needs_browser': 5995}
11175/16451 566.5/min {'1_mostbet_only': 2102, '2_no_ads': 2042, '3_other_only': 802, '4_mixed': 84, '5_dead': 82, '5_not_shown': 51, 'needs_browser': 6012}
11200/16451 567.2/min {'1_mostbet_only': 2106, '2_no_ads': 2042, '3_other_only': 805, '4_mixed': 84, '5_dead': 83, '5_not_shown': 51, 'needs_browser': 6029}
11225/16451 567.4/min {'1_mostbet_only': 2108, '2_no_ads': 2043, '3_other_only': 805, '4_mixed': 84, '5_dead': 83, '5_not_shown': 51, 'needs_browser': 6051}
11250/16451 568.1/min {'1_mostbet_only': 2112, '2_no_ads': 2044, '3_other_only': 808, '4_mixed': 85, '5_dead': 84, '5_not_shown': 51, 'needs_browser': 6066}
11275/16451 568.5/min {'1_mostbet_only': 2114, '2_no_ads': 2045, '3_other_only': 809, '4_mixed': 85, '5_dead': 84, '5_not_shown': 51, 'needs_browser': 6087}
11300/16451 569.1/min {'1_mostbet_only': 2123, '2_no_ads': 2049, '3_other_only': 810, '4_mixed': 85, '5_dead': 84, '5_not_shown': 51, 'needs_browser': 6098}
11325/16451 569.8/min {'1_mostbet_only': 2131, '2_no_ads': 2050, '3_other_only': 812, '4_mixed': 85, '5_dead': 84, '5_not_shown': 51, 'needs_browser': 6112}
11350/16451 570.4/min {'1_mostbet_only': 2137, '2_no_ads': 2053, '3_other_only': 812, '4_mixed': 85, '5_dead': 84, '5_not_shown': 51, 'needs_browser': 6128}
11375/16451 570.7/min {'1_mostbet_only': 2141, '2_no_ads': 2057, '3_other_only': 812, '4_mixed': 85, '5_dead': 84, '5_not_shown': 51, 'needs_browser': 6145}
11400/16451 571.0/min {'1_mostbet_only': 2144, '2_no_ads': 2062, '3_other_only': 812, '4_mixed': 85, '5_dead': 84, '5_not_shown': 52, 'needs_browser': 6161}
11425/16451 571.6/min {'1_mostbet_only': 2150, '2_no_ads': 2062, '3_other_only': 814, '4_mixed': 85, '5_dead': 84, '5_not_shown': 52, 'needs_browser': 6178}
11450/16451 571.9/min {'1_mostbet_only': 2152, '2_no_ads': 2066, '3_other_only': 814, '4_mixed': 85, '5_dead': 84, '5_not_shown': 52, 'needs_browser': 6197}
11475/16451 570.9/min {'1_mostbet_only': 2157, '2_no_ads': 2071, '3_other_only': 814, '4_mixed': 85, '5_dead': 85, '5_not_shown': 52, 'needs_browser': 6211}
11500/16451 570.3/min {'1_mostbet_only': 2164, '2_no_ads': 2073, '3_other_only': 814, '4_mixed': 85, '5_dead': 85, '5_not_shown': 52, 'needs_browser': 6227}
11525/16451 564.3/min {'1_mostbet_only': 2171, '2_no_ads': 2073, '3_other_only': 815, '4_mixed': 85, '5_dead': 85, '5_not_shown': 52, 'needs_browser': 6244}
11550/16451 563.1/min {'1_mostbet_only': 2178, '2_no_ads': 2076, '3_other_only': 816, '4_mixed': 85, '5_dead': 85, '5_not_shown': 52, 'needs_browser': 6258}
11575/16451 562.0/min {'1_mostbet_only': 2184, '2_no_ads': 2078, '3_other_only': 816, '4_mixed': 85, '5_dead': 85, '5_not_shown': 52, 'needs_browser': 6275}
11600/16451 560.0/min {'1_mostbet_only': 2191, '2_no_ads': 2080, '3_other_only': 816, '4_mixed': 85, '5_dead': 85, '5_not_shown': 52, 'needs_browser': 6291}
11625/16451 557.9/min {'1_mostbet_only': 2195, '2_no_ads': 2083, '3_other_only': 818, '4_mixed': 85, '5_dead': 85, '5_not_shown': 52, 'needs_browser': 6307}
11650/16451 557.5/min {'1_mostbet_only': 2199, '2_no_ads': 2085, '3_other_only': 819, '4_mixed': 85, '5_dead': 85, '5_not_shown': 52, 'needs_browser': 6325}
11675/16451 556.9/min {'1_mostbet_only': 2201, '2_no_ads': 2088, '3_other_only': 821, '4_mixed': 85, '5_dead': 85, '5_not_shown': 52, 'needs_browser': 6343}
11700/16451 556.8/min {'1_mostbet_only': 2208, '2_no_ads': 2089, '3_other_only': 821, '4_mixed': 85, '5_dead': 85, '5_not_shown': 53, 'needs_browser': 6359}
11725/16451 556.7/min {'1_mostbet_only': 2210, '2_no_ads': 2092, '3_other_only': 821, '4_mixed': 85, '5_dead': 85, '5_not_shown': 53, 'needs_browser': 6379}
11750/16451 555.3/min {'1_mostbet_only': 2217, '2_no_ads': 2095, '3_other_only': 821, '4_mixed': 85, '5_dead': 85, '5_not_shown': 54, 'needs_browser': 6393}
11775/16451 555.1/min {'1_mostbet_only': 2229, '2_no_ads': 2098, '3_other_only': 821, '4_mixed': 85, '5_dead': 85, '5_not_shown': 54, 'needs_browser': 6403}
11800/16451 555.4/min {'1_mostbet_only': 2232, '2_no_ads': 2098, '3_other_only': 821, '4_mixed': 85, '5_dead': 85, '5_not_shown': 54, 'needs_browser': 6425}
11825/16451 555.7/min {'1_mostbet_only': 2238, '2_no_ads': 2100, '3_other_only': 822, '4_mixed': 85, '5_dead': 86, '5_not_shown': 54, 'needs_browser': 6440}
11850/16451 556.1/min {'1_mostbet_only': 2242, '2_no_ads': 2102, '3_other_only': 823, '4_mixed': 85, '5_dead': 87, '5_not_shown': 54, 'needs_browser': 6457}
11875/16451 556.1/min {'1_mostbet_only': 2247, '2_no_ads': 2106, '3_other_only': 823, '4_mixed': 85, '5_dead': 87, '5_not_shown': 54, 'needs_browser': 6473}
11900/16451 556.5/min {'1_mostbet_only': 2251, '2_no_ads': 2108, '3_other_only': 824, '4_mixed': 85, '5_dead': 87, '5_not_shown': 54, 'needs_browser': 6491}
11925/16451 556.6/min {'1_mostbet_only': 2256, '2_no_ads': 2110, '3_other_only': 824, '4_mixed': 85, '5_dead': 87, '5_not_shown': 54, 'needs_browser': 6509}
11950/16451 557.0/min {'1_mostbet_only': 2267, '2_no_ads': 2112, '3_other_only': 824, '4_mixed': 85, '5_dead': 87, '5_not_shown': 54, 'needs_browser': 6521}
11975/16451 557.6/min {'1_mostbet_only': 2280, '2_no_ads': 2117, '3_other_only': 827, '4_mixed': 85, '5_dead': 87, '5_not_shown': 54, 'needs_browser': 6525}
12000/16451 557.8/min {'1_mostbet_only': 2288, '2_no_ads': 2121, '3_other_only': 827, '4_mixed': 85, '5_dead': 87, '5_not_shown': 54, 'needs_browser': 6538}
12025/16451 558.0/min {'1_mostbet_only': 2294, '2_no_ads': 2127, '3_other_only': 828, '4_mixed': 85, '5_dead': 87, '5_not_shown': 54, 'needs_browser': 6550}
12050/16451 558.1/min {'1_mostbet_only': 2301, '2_no_ads': 2131, '3_other_only': 828, '4_mixed': 86, '5_dead': 87, '5_not_shown': 54, 'needs_browser': 6563}
12075/16451 558.5/min {'1_mostbet_only': 2308, '2_no_ads': 2132, '3_other_only': 828, '4_mixed': 86, '5_dead': 87, '5_not_shown': 54, 'needs_browser': 6580}
12100/16451 558.8/min {'1_mostbet_only': 2315, '2_no_ads': 2133, '3_other_only': 829, '4_mixed': 86, '5_dead': 88, '5_not_shown': 54, 'needs_browser': 6595}
12125/16451 559.3/min {'1_mostbet_only': 2318, '2_no_ads': 2136, '3_other_only': 831, '4_mixed': 86, '5_dead': 89, '5_not_shown': 54, 'needs_browser': 6611}
12150/16451 559.7/min {'1_mostbet_only': 2324, '2_no_ads': 2138, '3_other_only': 831, '4_mixed': 86, '5_dead': 89, '5_not_shown': 55, 'needs_browser': 6627}
12175/16451 559.9/min {'1_mostbet_only': 2331, '2_no_ads': 2141, '3_other_only': 831, '4_mixed': 86, '5_dead': 89, '5_not_shown': 55, 'needs_browser': 6642}
12200/16451 559.3/min {'1_mostbet_only': 2338, '2_no_ads': 2142, '3_other_only': 832, '4_mixed': 86, '5_dead': 89, '5_not_shown': 57, 'needs_browser': 6656}
12225/16451 559.4/min {'1_mostbet_only': 2342, '2_no_ads': 2146, '3_other_only': 833, '4_mixed': 86, '5_dead': 89, '5_not_shown': 57, 'needs_browser': 6672}
12250/16451 558.9/min {'1_mostbet_only': 2351, '2_no_ads': 2149, '3_other_only': 834, '4_mixed': 86, '5_dead': 90, '5_not_shown': 57, 'needs_browser': 6683}
12275/16451 558.4/min {'1_mostbet_only': 2360, '2_no_ads': 2152, '3_other_only': 835, '4_mixed': 86, '5_dead': 90, '5_not_shown': 57, 'needs_browser': 6695}
12300/16451 558.4/min {'1_mostbet_only': 2367, '2_no_ads': 2154, '3_other_only': 838, '4_mixed': 86, '5_dead': 90, '5_not_shown': 59, 'needs_browser': 6706}
12325/16451 558.2/min {'1_mostbet_only': 2377, '2_no_ads': 2155, '3_other_only': 839, '4_mixed': 86, '5_dead': 90, '5_not_shown': 59, 'needs_browser': 6719}
12350/16451 557.7/min {'1_mostbet_only': 2385, '2_no_ads': 2157, '3_other_only': 839, '4_mixed': 86, '5_dead': 91, '5_not_shown': 59, 'needs_browser': 6733}
12375/16451 557.1/min {'1_mostbet_only': 2395, '2_no_ads': 2158, '3_other_only': 841, '4_mixed': 86, '5_dead': 92, '5_not_shown': 59, 'needs_browser': 6744}
12400/16451 557.3/min {'1_mostbet_only': 2406, '2_no_ads': 2160, '3_other_only': 841, '4_mixed': 86, '5_dead': 92, '5_not_shown': 59, 'needs_browser': 6756}
12425/16451 556.9/min {'1_mostbet_only': 2410, '2_no_ads': 2163, '3_other_only': 842, '4_mixed': 87, '5_dead': 92, '5_not_shown': 59, 'needs_browser': 6772}
12450/16451 554.6/min {'1_mostbet_only': 2419, '2_no_ads': 2167, '3_other_only': 842, '4_mixed': 89, '5_dead': 92, '5_not_shown': 59, 'needs_browser': 6782}
12475/16451 552.5/min {'1_mostbet_only': 2427, '2_no_ads': 2168, '3_other_only': 842, '4_mixed': 89, '5_dead': 97, '5_not_shown': 59, 'needs_browser': 6793}
12500/16451 547.5/min {'1_mostbet_only': 2429, '2_no_ads': 2171, '3_other_only': 842, '4_mixed': 89, '5_dead': 97, '5_not_shown': 59, 'needs_browser': 6813}
12525/16451 547.3/min {'1_mostbet_only': 2430, '2_no_ads': 2180, '3_other_only': 842, '4_mixed': 89, '5_dead': 97, '5_not_shown': 59, 'needs_browser': 6828}
12550/16451 546.3/min {'1_mostbet_only': 2434, '2_no_ads': 2186, '3_other_only': 844, '4_mixed': 89, '5_dead': 97, '5_not_shown': 59, 'needs_browser': 6841}
12575/16451 546.2/min {'1_mostbet_only': 2435, '2_no_ads': 2193, '3_other_only': 845, '4_mixed': 89, '5_dead': 97, '5_not_shown': 60, 'needs_browser': 6856}
12600/16451 546.2/min {'1_mostbet_only': 2436, '2_no_ads': 2195, '3_other_only': 849, '4_mixed': 89, '5_dead': 97, '5_not_shown': 60, 'needs_browser': 6874}
12625/16451 546.2/min {'1_mostbet_only': 2440, '2_no_ads': 2197, '3_other_only': 850, '4_mixed': 89, '5_dead': 97, '5_not_shown': 60, 'needs_browser': 6892}
12650/16451 546.6/min {'1_mostbet_only': 2446, '2_no_ads': 2202, '3_other_only': 850, '4_mixed': 89, '5_dead': 97, '5_not_shown': 60, 'needs_browser': 6906}
12675/16451 546.8/min {'1_mostbet_only': 2447, '2_no_ads': 2208, '3_other_only': 851, '4_mixed': 89, '5_dead': 97, '5_not_shown': 60, 'needs_browser': 6923}
12700/16451 547.1/min {'1_mostbet_only': 2453, '2_no_ads': 2212, '3_other_only': 853, '4_mixed': 89, '5_dead': 98, '5_not_shown': 60, 'needs_browser': 6935}
12725/16451 547.2/min {'1_mostbet_only': 2455, '2_no_ads': 2218, '3_other_only': 855, '4_mixed': 89, '5_dead': 98, '5_not_shown': 60, 'needs_browser': 6950}
12750/16451 547.3/min {'1_mostbet_only': 2458, '2_no_ads': 2224, '3_other_only': 859, '4_mixed': 90, '5_dead': 98, '5_not_shown': 60, 'needs_browser': 6961}
12775/16451 547.7/min {'1_mostbet_only': 2463, '2_no_ads': 2231, '3_other_only': 859, '4_mixed': 90, '5_dead': 98, '5_not_shown': 60, 'needs_browser': 6974}
12800/16451 548.1/min {'1_mostbet_only': 2465, '2_no_ads': 2238, '3_other_only': 861, '4_mixed': 90, '5_dead': 98, '5_not_shown': 60, 'needs_browser': 6988}
12825/16451 547.8/min {'1_mostbet_only': 2468, '2_no_ads': 2247, '3_other_only': 862, '4_mixed': 90, '5_dead': 99, '5_not_shown': 60, 'needs_browser': 6999}
12850/16451 548.2/min {'1_mostbet_only': 2470, '2_no_ads': 2252, '3_other_only': 863, '4_mixed': 90, '5_dead': 100, '5_not_shown': 60, 'needs_browser': 7015}
12875/16451 548.6/min {'1_mostbet_only': 2474, '2_no_ads': 2255, '3_other_only': 866, '4_mixed': 90, '5_dead': 100, '5_not_shown': 60, 'needs_browser': 7030}
12900/16451 548.8/min {'1_mostbet_only': 2475, '2_no_ads': 2258, '3_other_only': 867, '4_mixed': 90, '5_dead': 100, '5_not_shown': 60, 'needs_browser': 7050}
12925/16451 549.1/min {'1_mostbet_only': 2479, '2_no_ads': 2263, '3_other_only': 869, '4_mixed': 92, '5_dead': 100, '5_not_shown': 60, 'needs_browser': 7062}
12950/16451 549.4/min {'1_mostbet_only': 2483, '2_no_ads': 2265, '3_other_only': 870, '4_mixed': 92, '5_dead': 100, '5_not_shown': 60, 'needs_browser': 7080}
12975/16451 550.1/min {'1_mostbet_only': 2485, '2_no_ads': 2270, '3_other_only': 870, '4_mixed': 92, '5_dead': 100, '5_not_shown': 61, 'needs_browser': 7097}
13000/16451 550.7/min {'1_mostbet_only': 2487, '2_no_ads': 2278, '3_other_only': 872, '4_mixed': 92, '5_dead': 100, '5_not_shown': 61, 'needs_browser': 7110}
13025/16451 551.2/min {'1_mostbet_only': 2488, '2_no_ads': 2282, '3_other_only': 874, '4_mixed': 92, '5_dead': 100, '5_not_shown': 61, 'needs_browser': 7128}
13050/16451 551.6/min {'1_mostbet_only': 2490, '2_no_ads': 2290, '3_other_only': 876, '4_mixed': 92, '5_dead': 100, '5_not_shown': 61, 'needs_browser': 7141}
13075/16451 551.8/min {'1_mostbet_only': 2491, '2_no_ads': 2297, '3_other_only': 878, '4_mixed': 92, '5_dead': 100, '5_not_shown': 61, 'needs_browser': 7156}
13100/16451 552.1/min {'1_mostbet_only': 2491, '2_no_ads': 2299, '3_other_only': 884, '4_mixed': 92, '5_dead': 100, '5_not_shown': 61, 'needs_browser': 7173}
13125/16451 552.2/min {'1_mostbet_only': 2496, '2_no_ads': 2301, '3_other_only': 890, '4_mixed': 92, '5_dead': 100, '5_not_shown': 61, 'needs_browser': 7185}
13150/16451 552.7/min {'1_mostbet_only': 2499, '2_no_ads': 2306, '3_other_only': 890, '4_mixed': 92, '5_dead': 100, '5_not_shown': 61, 'needs_browser': 7202}
13175/16451 553.1/min {'1_mostbet_only': 2502, '2_no_ads': 2312, '3_other_only': 894, '4_mixed': 92, '5_dead': 101, '5_not_shown': 61, 'needs_browser': 7213}
13200/16451 553.6/min {'1_mostbet_only': 2507, '2_no_ads': 2316, '3_other_only': 897, '4_mixed': 92, '5_dead': 101, '5_not_shown': 61, 'needs_browser': 7226}
13225/16451 554.3/min {'1_mostbet_only': 2510, '2_no_ads': 2323, '3_other_only': 899, '4_mixed': 92, '5_dead': 101, '5_not_shown': 61, 'needs_browser': 7239}
13250/16451 554.7/min {'1_mostbet_only': 2512, '2_no_ads': 2329, '3_other_only': 901, '4_mixed': 93, '5_dead': 101, '5_not_shown': 61, 'needs_browser': 7253}
13275/16451 555.1/min {'1_mostbet_only': 2515, '2_no_ads': 2337, '3_other_only': 901, '4_mixed': 93, '5_dead': 101, '5_not_shown': 61, 'needs_browser': 7267}
13300/16451 555.5/min {'1_mostbet_only': 2521, '2_no_ads': 2345, '3_other_only': 905, '4_mixed': 93, '5_dead': 101, '5_not_shown': 61, 'needs_browser': 7274}
13325/16451 555.2/min {'1_mostbet_only': 2524, '2_no_ads': 2356, '3_other_only': 906, '4_mixed': 93, '5_dead': 101, '5_not_shown': 61, 'needs_browser': 7284}
13350/16451 555.6/min {'1_mostbet_only': 2527, '2_no_ads': 2360, '3_other_only': 910, '4_mixed': 93, '5_dead': 101, '5_not_shown': 62, 'needs_browser': 7297}
13375/16451 556.1/min {'1_mostbet_only': 2530, '2_no_ads': 2365, '3_other_only': 914, '4_mixed': 93, '5_dead': 101, '5_not_shown': 62, 'needs_browser': 7310}
13400/16451 556.6/min {'1_mostbet_only': 2532, '2_no_ads': 2373, '3_other_only': 918, '4_mixed': 93, '5_dead': 102, '5_not_shown': 62, 'needs_browser': 7320}
13425/16451 556.9/min {'1_mostbet_only': 2536, '2_no_ads': 2378, '3_other_only': 920, '4_mixed': 94, '5_dead': 102, '5_not_shown': 62, 'needs_browser': 7333}
13450/16451 557.4/min {'1_mostbet_only': 2538, '2_no_ads': 2385, '3_other_only': 921, '4_mixed': 94, '5_dead': 102, '5_not_shown': 62, 'needs_browser': 7348}
13475/16451 558.2/min {'1_mostbet_only': 2538, '2_no_ads': 2387, '3_other_only': 921, '4_mixed': 94, '5_dead': 103, '5_not_shown': 62, 'needs_browser': 7370}
13500/16451 558.7/min {'1_mostbet_only': 2539, '2_no_ads': 2395, '3_other_only': 921, '4_mixed': 94, '5_dead': 103, '5_not_shown': 62, 'needs_browser': 7386}
13525/16451 559.2/min {'1_mostbet_only': 2540, '2_no_ads': 2401, '3_other_only': 925, '4_mixed': 94, '5_dead': 103, '5_not_shown': 62, 'needs_browser': 7400}
13550/16451 559.8/min {'1_mostbet_only': 2544, '2_no_ads': 2408, '3_other_only': 930, '4_mixed': 94, '5_dead': 103, '5_not_shown': 63, 'needs_browser': 7408}
13575/16451 560.2/min {'1_mostbet_only': 2546, '2_no_ads': 2413, '3_other_only': 932, '4_mixed': 94, '5_dead': 103, '5_not_shown': 63, 'needs_browser': 7424}
13600/16451 560.8/min {'1_mostbet_only': 2548, '2_no_ads': 2417, '3_other_only': 934, '4_mixed': 94, '5_dead': 103, '5_not_shown': 63, 'needs_browser': 7441}
13625/16451 561.4/min {'1_mostbet_only': 2551, '2_no_ads': 2422, '3_other_only': 937, '4_mixed': 94, '5_dead': 103, '5_not_shown': 64, 'needs_browser': 7454}
13650/16451 562.1/min {'1_mostbet_only': 2551, '2_no_ads': 2427, '3_other_only': 944, '4_mixed': 94, '5_dead': 103, '5_not_shown': 64, 'needs_browser': 7467}
13675/16451 562.8/min {'1_mostbet_only': 2552, '2_no_ads': 2430, '3_other_only': 946, '4_mixed': 94, '5_dead': 103, '5_not_shown': 64, 'needs_browser': 7486}
13700/16451 563.2/min {'1_mostbet_only': 2553, '2_no_ads': 2437, '3_other_only': 946, '4_mixed': 94, '5_dead': 103, '5_not_shown': 64, 'needs_browser': 7503}
13725/16451 563.6/min {'1_mostbet_only': 2564, '2_no_ads': 2439, '3_other_only': 946, '4_mixed': 94, '5_dead': 103, '5_not_shown': 64, 'needs_browser': 7515}
13750/16451 563.9/min {'1_mostbet_only': 2569, '2_no_ads': 2441, '3_other_only': 955, '4_mixed': 94, '5_dead': 103, '5_not_shown': 64, 'needs_browser': 7524}
13775/16451 564.6/min {'1_mostbet_only': 2572, '2_no_ads': 2444, '3_other_only': 967, '4_mixed': 95, '5_dead': 103, '5_not_shown': 64, 'needs_browser': 7530}
13800/16451 565.2/min {'1_mostbet_only': 2575, '2_no_ads': 2451, '3_other_only': 976, '4_mixed': 95, '5_dead': 103, '5_not_shown': 64, 'needs_browser': 7536}
13825/16451 565.8/min {'1_mostbet_only': 2579, '2_no_ads': 2452, '3_other_only': 982, '4_mixed': 95, '5_dead': 104, '5_not_shown': 64, 'needs_browser': 7549}
13850/16451 566.1/min {'1_mostbet_only': 2581, '2_no_ads': 2460, '3_other_only': 987, '4_mixed': 95, '5_dead': 104, '5_not_shown': 64, 'needs_browser': 7559}
13875/16451 566.6/min {'1_mostbet_only': 2588, '2_no_ads': 2465, '3_other_only': 988, '4_mixed': 96, '5_dead': 105, '5_not_shown': 64, 'needs_browser': 7569}
13900/16451 566.8/min {'1_mostbet_only': 2589, '2_no_ads': 2471, '3_other_only': 1000, '4_mixed': 96, '5_dead': 105, '5_not_shown': 64, 'needs_browser': 7575}
13925/16451 567.7/min {'1_mostbet_only': 2589, '2_no_ads': 2478, '3_other_only': 1006, '4_mixed': 96, '5_dead': 105, '5_not_shown': 64, 'needs_browser': 7587}
13950/16451 568.3/min {'1_mostbet_only': 2592, '2_no_ads': 2480, '3_other_only': 1015, '4_mixed': 96, '5_dead': 105, '5_not_shown': 64, 'needs_browser': 7598}
13975/16451 568.8/min {'1_mostbet_only': 2593, '2_no_ads': 2487, '3_other_only': 1016, '4_mixed': 97, '5_dead': 106, '5_not_shown': 64, 'needs_browser': 7612}
14000/16451 569.2/min {'1_mostbet_only': 2596, '2_no_ads': 2494, '3_other_only': 1020, '4_mixed': 98, '5_dead': 106, '5_not_shown': 64, 'needs_browser': 7622}
14025/16451 569.7/min {'1_mostbet_only': 2597, '2_no_ads': 2503, '3_other_only': 1020, '4_mixed': 98, '5_dead': 106, '5_not_shown': 65, 'needs_browser': 7636}
14050/16451 570.3/min {'1_mostbet_only': 2604, '2_no_ads': 2508, '3_other_only': 1021, '4_mixed': 98, '5_dead': 107, '5_not_shown': 65, 'needs_browser': 7647}
14075/16451 570.8/min {'1_mostbet_only': 2606, '2_no_ads': 2516, '3_other_only': 1024, '4_mixed': 98, '5_dead': 107, '5_not_shown': 65, 'needs_browser': 7659}
14100/16451 571.4/min {'1_mostbet_only': 2608, '2_no_ads': 2519, '3_other_only': 1028, '4_mixed': 98, '5_dead': 107, '5_not_shown': 65, 'needs_browser': 7675}
14125/16451 572.0/min {'1_mostbet_only': 2610, '2_no_ads': 2522, '3_other_only': 1031, '4_mixed': 98, '5_dead': 107, '5_not_shown': 65, 'needs_browser': 7692}
14150/16451 572.6/min {'1_mostbet_only': 2613, '2_no_ads': 2529, '3_other_only': 1033, '4_mixed': 98, '5_dead': 107, '5_not_shown': 65, 'needs_browser': 7705}
14175/16451 573.2/min {'1_mostbet_only': 2613, '2_no_ads': 2536, '3_other_only': 1038, '4_mixed': 98, '5_dead': 107, '5_not_shown': 66, 'needs_browser': 7717}
14200/16451 573.7/min {'1_mostbet_only': 2615, '2_no_ads': 2540, '3_other_only': 1048, '4_mixed': 98, '5_dead': 107, '5_not_shown': 66, 'needs_browser': 7726}
14225/16451 574.2/min {'1_mostbet_only': 2618, '2_no_ads': 2546, '3_other_only': 1056, '4_mixed': 98, '5_dead': 107, '5_not_shown': 66, 'needs_browser': 7734}
14250/16451 574.5/min {'1_mostbet_only': 2624, '2_no_ads': 2554, '3_other_only': 1056, '4_mixed': 98, '5_dead': 107, '5_not_shown': 66, 'needs_browser': 7745}
14275/16451 574.8/min {'1_mostbet_only': 2629, '2_no_ads': 2561, '3_other_only': 1058, '4_mixed': 98, '5_dead': 107, '5_not_shown': 66, 'needs_browser': 7756}
14300/16451 575.4/min {'1_mostbet_only': 2634, '2_no_ads': 2565, '3_other_only': 1062, '4_mixed': 98, '5_dead': 107, '5_not_shown': 66, 'needs_browser': 7768}
14325/16451 575.9/min {'1_mostbet_only': 2637, '2_no_ads': 2568, '3_other_only': 1064, '4_mixed': 98, '5_dead': 107, '5_not_shown': 66, 'needs_browser': 7785}
14350/16451 576.3/min {'1_mostbet_only': 2638, '2_no_ads': 2573, '3_other_only': 1066, '4_mixed': 98, '5_dead': 107, '5_not_shown': 66, 'needs_browser': 7802}
14375/16451 576.5/min {'1_mostbet_only': 2640, '2_no_ads': 2579, '3_other_only': 1070, '4_mixed': 98, '5_dead': 107, '5_not_shown': 66, 'needs_browser': 7815}
14400/16451 577.2/min {'1_mostbet_only': 2642, '2_no_ads': 2583, '3_other_only': 1072, '4_mixed': 98, '5_dead': 108, '5_not_shown': 67, 'needs_browser': 7830}
14425/16451 577.3/min {'1_mostbet_only': 2646, '2_no_ads': 2586, '3_other_only': 1080, '4_mixed': 98, '5_dead': 108, '5_not_shown': 67, 'needs_browser': 7840}
14450/16451 577.7/min {'1_mostbet_only': 2647, '2_no_ads': 2594, '3_other_only': 1082, '4_mixed': 98, '5_dead': 108, '5_not_shown': 67, 'needs_browser': 7854}
14475/16451 578.1/min {'1_mostbet_only': 2651, '2_no_ads': 2599, '3_other_only': 1083, '4_mixed': 99, '5_dead': 108, '5_not_shown': 67, 'needs_browser': 7868}
14500/16451 578.5/min {'1_mostbet_only': 2655, '2_no_ads': 2605, '3_other_only': 1085, '4_mixed': 99, '5_dead': 108, '5_not_shown': 67, 'needs_browser': 7881}
14525/16451 578.8/min {'1_mostbet_only': 2659, '2_no_ads': 2612, '3_other_only': 1089, '4_mixed': 99, '5_dead': 108, '5_not_shown': 67, 'needs_browser': 7891}
14550/16451 579.3/min {'1_mostbet_only': 2659, '2_no_ads': 2620, '3_other_only': 1097, '4_mixed': 99, '5_dead': 108, '5_not_shown': 67, 'needs_browser': 7900}
14575/16451 579.7/min {'1_mostbet_only': 2659, '2_no_ads': 2627, '3_other_only': 1100, '4_mixed': 99, '5_dead': 108, '5_not_shown': 67, 'needs_browser': 7915}
14600/16451 580.3/min {'1_mostbet_only': 2660, '2_no_ads': 2633, '3_other_only': 1101, '4_mixed': 99, '5_dead': 109, '5_not_shown': 67, 'needs_browser': 7931}
14625/16451 580.6/min {'1_mostbet_only': 2664, '2_no_ads': 2636, '3_other_only': 1106, '4_mixed': 101, '5_dead': 109, '5_not_shown': 67, 'needs_browser': 7942}
14650/16451 580.8/min {'1_mostbet_only': 2668, '2_no_ads': 2644, '3_other_only': 1108, '4_mixed': 102, '5_dead': 109, '5_not_shown': 67, 'needs_browser': 7952}
14675/16451 581.4/min {'1_mostbet_only': 2672, '2_no_ads': 2653, '3_other_only': 1110, '4_mixed': 102, '5_dead': 109, '5_not_shown': 67, 'needs_browser': 7962}
14700/16451 581.8/min {'1_mostbet_only': 2674, '2_no_ads': 2661, '3_other_only': 1110, '4_mixed': 102, '5_dead': 110, '5_not_shown': 68, 'needs_browser': 7975}
14725/16451 582.3/min {'1_mostbet_only': 2675, '2_no_ads': 2663, '3_other_only': 1123, '4_mixed': 103, '5_dead': 110, '5_not_shown': 68, 'needs_browser': 7983}
14750/16451 582.8/min {'1_mostbet_only': 2675, '2_no_ads': 2670, '3_other_only': 1136, '4_mixed': 103, '5_dead': 110, '5_not_shown': 68, 'needs_browser': 7988}
14775/16451 583.4/min {'1_mostbet_only': 2676, '2_no_ads': 2678, '3_other_only': 1146, '4_mixed': 103, '5_dead': 110, '5_not_shown': 68, 'needs_browser': 7994}
14800/16451 584.0/min {'1_mostbet_only': 2679, '2_no_ads': 2686, '3_other_only': 1150, '4_mixed': 103, '5_dead': 110, '5_not_shown': 68, 'needs_browser': 8004}
14825/16451 584.6/min {'1_mostbet_only': 2681, '2_no_ads': 2693, '3_other_only': 1151, '4_mixed': 103, '5_dead': 110, '5_not_shown': 68, 'needs_browser': 8019}
14850/16451 585.1/min {'1_mostbet_only': 2691, '2_no_ads': 2697, '3_other_only': 1151, '4_mixed': 103, '5_dead': 110, '5_not_shown': 69, 'needs_browser': 8029}
14875/16451 585.1/min {'1_mostbet_only': 2694, '2_no_ads': 2702, '3_other_only': 1151, '4_mixed': 103, '5_dead': 110, '5_not_shown': 69, 'needs_browser': 8046}
14900/16451 585.5/min {'1_mostbet_only': 2696, '2_no_ads': 2707, '3_other_only': 1153, '4_mixed': 103, '5_dead': 110, '5_not_shown': 69, 'needs_browser': 8062}
14925/16451 585.7/min {'1_mostbet_only': 2700, '2_no_ads': 2712, '3_other_only': 1157, '4_mixed': 103, '5_dead': 110, '5_not_shown': 69, 'needs_browser': 8074}
14950/16451 585.9/min {'1_mostbet_only': 2704, '2_no_ads': 2714, '3_other_only': 1161, '4_mixed': 104, '5_dead': 110, '5_not_shown': 69, 'needs_browser': 8088}
14975/16451 586.4/min {'1_mostbet_only': 2708, '2_no_ads': 2719, '3_other_only': 1162, '4_mixed': 105, '5_dead': 110, '5_not_shown': 69, 'needs_browser': 8102}
15000/16451 586.8/min {'1_mostbet_only': 2712, '2_no_ads': 2724, '3_other_only': 1163, '4_mixed': 106, '5_dead': 110, '5_not_shown': 69, 'needs_browser': 8116}
15025/16451 587.2/min {'1_mostbet_only': 2714, '2_no_ads': 2727, '3_other_only': 1169, '4_mixed': 106, '5_dead': 110, '5_not_shown': 69, 'needs_browser': 8130}
15050/16451 587.7/min {'1_mostbet_only': 2716, '2_no_ads': 2731, '3_other_only': 1171, '4_mixed': 106, '5_dead': 110, '5_not_shown': 69, 'needs_browser': 8147}
15075/16451 588.2/min {'1_mostbet_only': 2718, '2_no_ads': 2739, '3_other_only': 1172, '4_mixed': 106, '5_dead': 110, '5_not_shown': 69, 'needs_browser': 8161}
15100/16451 588.8/min {'1_mostbet_only': 2723, '2_no_ads': 2741, '3_other_only': 1172, '4_mixed': 106, '5_dead': 110, '5_not_shown': 69, 'needs_browser': 8179}
15125/16451 589.1/min {'1_mostbet_only': 2728, '2_no_ads': 2749, '3_other_only': 1174, '4_mixed': 107, '5_dead': 111, '5_not_shown': 69, 'needs_browser': 8187}
15150/16451 589.5/min {'1_mostbet_only': 2733, '2_no_ads': 2756, '3_other_only': 1180, '4_mixed': 107, '5_dead': 111, '5_not_shown': 69, 'needs_browser': 8194}
15175/16451 589.8/min {'1_mostbet_only': 2739, '2_no_ads': 2759, '3_other_only': 1181, '4_mixed': 107, '5_dead': 111, '5_not_shown': 69, 'needs_browser': 8209}
15200/16451 590.2/min {'1_mostbet_only': 2740, '2_no_ads': 2768, '3_other_only': 1184, '4_mixed': 107, '5_dead': 111, '5_not_shown': 69, 'needs_browser': 8221}
15225/16451 590.7/min {'1_mostbet_only': 2747, '2_no_ads': 2772, '3_other_only': 1185, '4_mixed': 107, '5_dead': 111, '5_not_shown': 69, 'needs_browser': 8234}
15250/16451 590.9/min {'1_mostbet_only': 2748, '2_no_ads': 2781, '3_other_only': 1186, '4_mixed': 107, '5_dead': 111, '5_not_shown': 69, 'needs_browser': 8248}
15275/16451 591.3/min {'1_mostbet_only': 2750, '2_no_ads': 2786, '3_other_only': 1191, '4_mixed': 107, '5_dead': 111, '5_not_shown': 69, 'needs_browser': 8261}
15300/16451 591.3/min {'1_mostbet_only': 2750, '2_no_ads': 2796, '3_other_only': 1196, '4_mixed': 107, '5_dead': 111, '5_not_shown': 69, 'needs_browser': 8271}
15325/16451 591.4/min {'1_mostbet_only': 2752, '2_no_ads': 2804, '3_other_only': 1197, '4_mixed': 108, '5_dead': 111, '5_not_shown': 69, 'needs_browser': 8284}
15350/16451 591.9/min {'1_mostbet_only': 2753, '2_no_ads': 2807, '3_other_only': 1198, '4_mixed': 109, '5_dead': 111, '5_not_shown': 69, 'needs_browser': 8303}
15375/16451 592.2/min {'1_mostbet_only': 2760, '2_no_ads': 2814, '3_other_only': 1200, '4_mixed': 109, '5_dead': 112, '5_not_shown': 69, 'needs_browser': 8311}
15400/16451 592.6/min {'1_mostbet_only': 2763, '2_no_ads': 2819, '3_other_only': 1210, '4_mixed': 109, '5_dead': 112, '5_not_shown': 69, 'needs_browser': 8318}
15425/16451 593.0/min {'1_mostbet_only': 2764, '2_no_ads': 2824, '3_other_only': 1217, '4_mixed': 109, '5_dead': 112, '5_not_shown': 69, 'needs_browser': 8330}
15450/16451 593.2/min {'1_mostbet_only': 2767, '2_no_ads': 2828, '3_other_only': 1220, '4_mixed': 109, '5_dead': 112, '5_not_shown': 69, 'needs_browser': 8345}
15475/16451 593.7/min {'1_mostbet_only': 2769, '2_no_ads': 2831, '3_other_only': 1226, '4_mixed': 110, '5_dead': 112, '5_not_shown': 69, 'needs_browser': 8358}
15500/16451 593.9/min {'1_mostbet_only': 2772, '2_no_ads': 2836, '3_other_only': 1231, '4_mixed': 110, '5_dead': 112, '5_not_shown': 69, 'needs_browser': 8370}
15525/16451 594.5/min {'1_mostbet_only': 2774, '2_no_ads': 2841, '3_other_only': 1231, '4_mixed': 110, '5_dead': 112, '5_not_shown': 69, 'needs_browser': 8388}
15550/16451 595.0/min {'1_mostbet_only': 2779, '2_no_ads': 2844, '3_other_only': 1233, '4_mixed': 110, '5_dead': 113, '5_not_shown': 69, 'needs_browser': 8402}
15575/16451 595.4/min {'1_mostbet_only': 2782, '2_no_ads': 2850, '3_other_only': 1235, '4_mixed': 110, '5_dead': 113, '5_not_shown': 69, 'needs_browser': 8416}
15600/16451 595.6/min {'1_mostbet_only': 2785, '2_no_ads': 2858, '3_other_only': 1236, '4_mixed': 110, '5_dead': 113, '5_not_shown': 69, 'needs_browser': 8429}
15625/16451 595.8/min {'1_mostbet_only': 2786, '2_no_ads': 2865, '3_other_only': 1239, '4_mixed': 112, '5_dead': 113, '5_not_shown': 69, 'needs_browser': 8441}
15650/16451 595.9/min {'1_mostbet_only': 2787, '2_no_ads': 2868, '3_other_only': 1242, '4_mixed': 112, '5_dead': 113, '5_not_shown': 69, 'needs_browser': 8459}
15675/16451 596.2/min {'1_mostbet_only': 2789, '2_no_ads': 2877, '3_other_only': 1246, '4_mixed': 112, '5_dead': 113, '5_not_shown': 69, 'needs_browser': 8469}
15700/16451 596.5/min {'1_mostbet_only': 2790, '2_no_ads': 2881, '3_other_only': 1248, '4_mixed': 113, '5_dead': 113, '5_not_shown': 69, 'needs_browser': 8486}
15725/16451 596.9/min {'1_mostbet_only': 2797, '2_no_ads': 2884, '3_other_only': 1249, '4_mixed': 113, '5_dead': 113, '5_not_shown': 69, 'needs_browser': 8500}
15750/16451 597.4/min {'1_mostbet_only': 2801, '2_no_ads': 2889, '3_other_only': 1249, '4_mixed': 114, '5_dead': 113, '5_not_shown': 69, 'needs_browser': 8515}
15775/16451 597.5/min {'1_mostbet_only': 2806, '2_no_ads': 2899, '3_other_only': 1249, '4_mixed': 114, '5_dead': 113, '5_not_shown': 69, 'needs_browser': 8525}
15800/16451 598.0/min {'1_mostbet_only': 2806, '2_no_ads': 2901, '3_other_only': 1250, '4_mixed': 115, '5_dead': 113, '5_not_shown': 74, 'needs_browser': 8541}
15825/16451 598.5/min {'1_mostbet_only': 2806, '2_no_ads': 2904, '3_other_only': 1251, '4_mixed': 115, '5_dead': 113, '5_not_shown': 76, 'needs_browser': 8560}
15850/16451 597.2/min {'1_mostbet_only': 2808, '2_no_ads': 2907, '3_other_only': 1251, '4_mixed': 115, '5_dead': 113, '5_not_shown': 76, 'needs_browser': 8580}
15875/16451 597.7/min {'1_mostbet_only': 2809, '2_no_ads': 2913, '3_other_only': 1251, '4_mixed': 115, '5_dead': 113, '5_not_shown': 76, 'needs_browser': 8598}
15900/16451 598.1/min {'1_mostbet_only': 2813, '2_no_ads': 2917, '3_other_only': 1252, '4_mixed': 115, '5_dead': 113, '5_not_shown': 76, 'needs_browser': 8614}
15925/16451 598.4/min {'1_mostbet_only': 2815, '2_no_ads': 2922, '3_other_only': 1253, '4_mixed': 115, '5_dead': 113, '5_not_shown': 76, 'needs_browser': 8631}
15950/16451 598.9/min {'1_mostbet_only': 2819, '2_no_ads': 2926, '3_other_only': 1255, '4_mixed': 115, '5_dead': 113, '5_not_shown': 76, 'needs_browser': 8646}
15975/16451 599.3/min {'1_mostbet_only': 2822, '2_no_ads': 2931, '3_other_only': 1257, '4_mixed': 115, '5_dead': 114, '5_not_shown': 76, 'needs_browser': 8660}
16000/16451 599.8/min {'1_mostbet_only': 2825, '2_no_ads': 2940, '3_other_only': 1260, '4_mixed': 115, '5_dead': 114, '5_not_shown': 76, 'needs_browser': 8670}
16025/16451 600.2/min {'1_mostbet_only': 2829, '2_no_ads': 2948, '3_other_only': 1263, '4_mixed': 115, '5_dead': 114, '5_not_shown': 77, 'needs_browser': 8679}
16050/16451 600.7/min {'1_mostbet_only': 2830, '2_no_ads': 2957, '3_other_only': 1264, '4_mixed': 115, '5_dead': 114, '5_not_shown': 77, 'needs_browser': 8693}
16075/16451 601.3/min {'1_mostbet_only': 2831, '2_no_ads': 2962, '3_other_only': 1265, '4_mixed': 115, '5_dead': 114, '5_not_shown': 77, 'needs_browser': 8711}
16100/16451 601.8/min {'1_mostbet_only': 2835, '2_no_ads': 2968, '3_other_only': 1266, '4_mixed': 115, '5_dead': 115, '5_not_shown': 77, 'needs_browser': 8724}
16125/16451 602.4/min {'1_mostbet_only': 2837, '2_no_ads': 2975, '3_other_only': 1266, '4_mixed': 115, '5_dead': 115, '5_not_shown': 78, 'needs_browser': 8739}
16150/16451 602.9/min {'1_mostbet_only': 2840, '2_no_ads': 2980, '3_other_only': 1266, '4_mixed': 115, '5_dead': 115, '5_not_shown': 79, 'needs_browser': 8755}
16175/16451 603.4/min {'1_mostbet_only': 2842, '2_no_ads': 2987, '3_other_only': 1272, '4_mixed': 116, '5_dead': 115, '5_not_shown': 81, 'needs_browser': 8762}
16200/16451 603.9/min {'1_mostbet_only': 2842, '2_no_ads': 2996, '3_other_only': 1273, '4_mixed': 117, '5_dead': 115, '5_not_shown': 82, 'needs_browser': 8775}
16225/16451 604.5/min {'1_mostbet_only': 2846, '2_no_ads': 3001, '3_other_only': 1273, '4_mixed': 117, '5_dead': 115, '5_not_shown': 82, 'needs_browser': 8791}
16250/16451 604.9/min {'1_mostbet_only': 2850, '2_no_ads': 3006, '3_other_only': 1275, '4_mixed': 117, '5_dead': 115, '5_not_shown': 82, 'needs_browser': 8805}
16275/16451 605.3/min {'1_mostbet_only': 2853, '2_no_ads': 3009, '3_other_only': 1275, '4_mixed': 117, '5_dead': 115, '5_not_shown': 82, 'needs_browser': 8824}
16300/16451 605.7/min {'1_mostbet_only': 2859, '2_no_ads': 3016, '3_other_only': 1276, '4_mixed': 117, '5_dead': 115, '5_not_shown': 82, 'needs_browser': 8835}
16325/16451 606.0/min {'1_mostbet_only': 2862, '2_no_ads': 3021, '3_other_only': 1278, '4_mixed': 117, '5_dead': 115, '5_not_shown': 82, 'needs_browser': 8850}
16350/16451 606.6/min {'1_mostbet_only': 2866, '2_no_ads': 3026, '3_other_only': 1279, '4_mixed': 118, '5_dead': 115, '5_not_shown': 83, 'needs_browser': 8863}
16375/16451 607.2/min {'1_mostbet_only': 2875, '2_no_ads': 3032, '3_other_only': 1281, '4_mixed': 118, '5_dead': 115, '5_not_shown': 83, 'needs_browser': 8871}
16400/16451 607.7/min {'1_mostbet_only': 2881, '2_no_ads': 3039, '3_other_only': 1284, '4_mixed': 118, '5_dead': 115, '5_not_shown': 83, 'needs_browser': 8880}
16425/16451 608.3/min {'1_mostbet_only': 2884, '2_no_ads': 3045, '3_other_only': 1286, '4_mixed': 118, '5_dead': 115, '5_not_shown': 83, 'needs_browser': 8894}
16450/16451 606.6/min {'1_mostbet_only': 2889, '2_no_ads': 3051, '3_other_only': 1289, '4_mixed': 118, '5_dead': 115, '5_not_shown': 83, 'needs_browser': 8905}
16451/16451 606.0/min {'1_mostbet_only': 2889, '2_no_ads': 3051, '3_other_only': 1289, '4_mixed': 118, '5_dead': 115, '5_not_shown': 83, 'needs_browser': 8906}
done {'1_mostbet_only': 2889, '2_no_ads': 3051, '3_other_only': 1289, '4_mixed': 118, '5_dead': 115, '5_not_shown': 83, 'needs_browser': 8906}
