queue 22131, done 0, todo 22131, network RS AS15958 CETINdoo-NET 109.245.145.47, our refs guarded 321
25/22131 185.7/min {'2_no_ads': 1, '3_other_only': 1, 'needs_browser': 23}
50/22131 254.4/min {'2_no_ads': 2, '3_other_only': 1, 'needs_browser': 47}
75/22131 290.4/min {'2_no_ads': 4, '3_other_only': 6, 'needs_browser': 65}
100/22131 329.0/min {'2_no_ads': 7, '3_other_only': 6, 'needs_browser': 87}
125/22131 349.0/min {'1_mostbet_only': 1, '2_no_ads': 8, '3_other_only': 7, '5_dead': 1, 'needs_browser': 108}
150/22131 347.9/min {'1_mostbet_only': 1, '2_no_ads': 12, '3_other_only': 8, '5_dead': 1, 'needs_browser': 128}
175/22131 324.8/min {'1_mostbet_only': 1, '2_no_ads': 16, '3_other_only': 8, '5_dead': 1, 'needs_browser': 149}
200/22131 318.7/min {'1_mostbet_only': 1, '2_no_ads': 16, '3_other_only': 10, '5_dead': 1, 'needs_browser': 172}
225/22131 310.1/min {'1_mostbet_only': 1, '2_no_ads': 20, '3_other_only': 12, '5_dead': 1, 'needs_browser': 191}
250/22131 315.7/min {'1_mostbet_only': 3, '2_no_ads': 20, '3_other_only': 14, '4_mixed': 1, '5_dead': 1, 'needs_browser': 211}
275/22131 303.7/min {'1_mostbet_only': 3, '2_no_ads': 23, '3_other_only': 14, '4_mixed': 1, '5_dead': 1, '5_not_shown': 1, 'needs_browser': 232}
300/22131 299.7/min {'1_mostbet_only': 5, '2_no_ads': 27, '3_other_only': 14, '4_mixed': 1, '5_dead': 1, '5_not_shown': 1, 'needs_browser': 251}
325/22131 306.2/min {'1_mostbet_only': 6, '2_no_ads': 27, '3_other_only': 15, '4_mixed': 1, '5_dead': 1, '5_not_shown': 1, 'needs_browser': 274}
350/22131 304.3/min {'1_mostbet_only': 14, '2_no_ads': 33, '3_other_only': 15, '4_mixed': 1, '5_dead': 1, '5_not_shown': 1, 'needs_browser': 285}
375/22131 315.7/min {'1_mostbet_only': 17, '2_no_ads': 33, '3_other_only': 23, '4_mixed': 1, '5_dead': 1, '5_not_shown': 1, 'needs_browser': 299}
400/22131 325.9/min {'1_mostbet_only': 18, '2_no_ads': 34, '3_other_only': 24, '4_mixed': 1, '5_dead': 1, '5_not_shown': 1, 'needs_browser': 321}
425/22131 329.1/min {'1_mostbet_only': 18, '2_no_ads': 42, '3_other_only': 24, '4_mixed': 1, '5_dead': 1, '5_not_shown': 1, 'needs_browser': 338}
450/22131 336.2/min {'1_mostbet_only': 19, '2_no_ads': 44, '3_other_only': 24, '4_mixed': 1, '5_dead': 1, '5_not_shown': 1, 'needs_browser': 360}
475/22131 347.4/min {'1_mostbet_only': 19, '2_no_ads': 45, '3_other_only': 27, '4_mixed': 1, '5_dead': 1, '5_not_shown': 1, 'needs_browser': 381}
500/22131 356.7/min {'1_mostbet_only': 21, '2_no_ads': 47, '3_other_only': 30, '4_mixed': 1, '5_dead': 1, '5_not_shown': 1, 'needs_browser': 399}
525/22131 358.7/min {'1_mostbet_only': 26, '2_no_ads': 51, '3_other_only': 30, '4_mixed': 1, '5_dead': 1, '5_not_shown': 1, 'needs_browser': 415}
550/22131 360.1/min {'1_mostbet_only': 30, '2_no_ads': 53, '3_other_only': 31, '4_mixed': 1, '5_dead': 1, '5_not_shown': 1, 'needs_browser': 433}
575/22131 361.4/min {'1_mostbet_only': 33, '2_no_ads': 54, '3_other_only': 33, '4_mixed': 1, '5_dead': 2, '5_not_shown': 1, 'needs_browser': 451}
600/22131 364.7/min {'1_mostbet_only': 33, '2_no_ads': 57, '3_other_only': 33, '4_mixed': 1, '5_dead': 2, '5_not_shown': 1, 'needs_browser': 473}
625/22131 369.6/min {'1_mostbet_only': 33, '2_no_ads': 58, '3_other_only': 33, '4_mixed': 1, '5_dead': 2, '5_not_shown': 1, 'needs_browser': 497}
650/22131 372.8/min {'1_mostbet_only': 34, '2_no_ads': 61, '3_other_only': 34, '4_mixed': 1, '5_dead': 2, '5_not_shown': 1, 'needs_browser': 517}
675/22131 378.2/min {'1_mostbet_only': 35, '2_no_ads': 63, '3_other_only': 35, '4_mixed': 1, '5_dead': 2, '5_not_shown': 1, 'needs_browser': 538}
700/22131 384.5/min {'1_mostbet_only': 35, '2_no_ads': 63, '3_other_only': 35, '4_mixed': 1, '5_dead': 2, '5_not_shown': 1, 'needs_browser': 563}
725/22131 387.9/min {'1_mostbet_only': 35, '2_no_ads': 68, '3_other_only': 35, '4_mixed': 1, '5_dead': 2, '5_not_shown': 1, 'needs_browser': 583}
750/22131 392.4/min {'1_mostbet_only': 37, '2_no_ads': 72, '3_other_only': 36, '4_mixed': 1, '5_dead': 2, '5_not_shown': 1, 'needs_browser': 601}
775/22131 395.6/min {'1_mostbet_only': 39, '2_no_ads': 73, '3_other_only': 36, '4_mixed': 1, '5_dead': 2, '5_not_shown': 1, 'needs_browser': 623}
800/22131 402.6/min {'1_mostbet_only': 39, '2_no_ads': 76, '3_other_only': 37, '4_mixed': 1, '5_dead': 2, '5_not_shown': 1, 'needs_browser': 644}
825/22131 408.9/min {'1_mostbet_only': 40, '2_no_ads': 77, '3_other_only': 39, '4_mixed': 1, '5_dead': 2, '5_not_shown': 1, 'needs_browser': 665}
850/22131 411.4/min {'1_mostbet_only': 43, '2_no_ads': 80, '3_other_only': 40, '4_mixed': 1, '5_dead': 2, '5_not_shown': 1, 'needs_browser': 683}
875/22131 413.5/min {'1_mostbet_only': 46, '2_no_ads': 86, '3_other_only': 40, '4_mixed': 1, '5_dead': 2, '5_not_shown': 1, 'needs_browser': 699}
900/22131 419.0/min {'1_mostbet_only': 47, '2_no_ads': 88, '3_other_only': 44, '4_mixed': 1, '5_dead': 2, '5_not_shown': 1, 'needs_browser': 717}
925/22131 422.4/min {'1_mostbet_only': 49, '2_no_ads': 93, '3_other_only': 45, '4_mixed': 1, '5_dead': 2, '5_not_shown': 1, 'needs_browser': 734}
950/22131 418.6/min {'1_mostbet_only': 59, '2_no_ads': 96, '3_other_only': 46, '4_mixed': 1, '5_dead': 2, '5_not_shown': 1, 'needs_browser': 745}
975/22131 419.0/min {'1_mostbet_only': 66, '2_no_ads': 101, '3_other_only': 47, '4_mixed': 1, '5_dead': 2, '5_not_shown': 1, 'needs_browser': 757}
1000/22131 423.8/min {'1_mostbet_only': 67, '2_no_ads': 105, '3_other_only': 54, '4_mixed': 1, '5_dead': 2, '5_not_shown': 1, 'needs_browser': 770}
1025/22131 430.2/min {'1_mostbet_only': 68, '2_no_ads': 113, '3_other_only': 57, '4_mixed': 1, '5_dead': 2, '5_not_shown': 1, 'needs_browser': 783}
1050/22131 432.9/min {'1_mostbet_only': 68, '2_no_ads': 119, '3_other_only': 60, '4_mixed': 1, '5_dead': 2, '5_not_shown': 1, 'needs_browser': 799}
1075/22131 435.4/min {'1_mostbet_only': 68, '2_no_ads': 122, '3_other_only': 63, '4_mixed': 1, '5_dead': 2, '5_not_shown': 1, 'needs_browser': 818}
1100/22131 440.8/min {'1_mostbet_only': 68, '2_no_ads': 122, '3_other_only': 67, '4_mixed': 1, '5_dead': 2, '5_not_shown': 2, 'needs_browser': 838}
1125/22131 444.3/min {'1_mostbet_only': 70, '2_no_ads': 124, '3_other_only': 69, '4_mixed': 1, '5_dead': 2, '5_not_shown': 2, 'needs_browser': 857}
1150/22131 450.2/min {'1_mostbet_only': 70, '2_no_ads': 124, '3_other_only': 71, '4_mixed': 1, '5_dead': 2, '5_not_shown': 2, 'needs_browser': 880}
1175/22131 454.6/min {'1_mostbet_only': 70, '2_no_ads': 127, '3_other_only': 72, '4_mixed': 1, '5_dead': 2, '5_not_shown': 2, 'needs_browser': 901}
1200/22131 460.8/min {'1_mostbet_only': 70, '2_no_ads': 129, '3_other_only': 74, '4_mixed': 1, '5_dead': 2, '5_not_shown': 2, 'needs_browser': 922}
1225/22131 465.7/min {'1_mostbet_only': 70, '2_no_ads': 130, '3_other_only': 79, '4_mixed': 1, '5_dead': 2, '5_not_shown': 2, 'needs_browser': 941}
1250/22131 471.9/min {'1_mostbet_only': 70, '2_no_ads': 130, '3_other_only': 80, '4_mixed': 1, '5_dead': 2, '5_not_shown': 2, 'needs_browser': 965}
1275/22131 478.0/min {'1_mostbet_only': 71, '2_no_ads': 132, '3_other_only': 82, '4_mixed': 1, '5_dead': 2, '5_not_shown': 2, 'needs_browser': 985}
1300/22131 482.8/min {'1_mostbet_only': 71, '2_no_ads': 133, '3_other_only': 90, '4_mixed': 1, '5_dead': 2, '5_not_shown': 2, 'needs_browser': 1001}
1325/22131 488.4/min {'1_mostbet_only': 72, '2_no_ads': 138, '3_other_only': 92, '4_mixed': 1, '5_dead': 2, '5_not_shown': 2, 'needs_browser': 1018}
1350/22131 493.7/min {'1_mostbet_only': 72, '2_no_ads': 139, '3_other_only': 94, '4_mixed': 1, '5_dead': 2, '5_not_shown': 2, 'needs_browser': 1040}
1375/22131 496.5/min {'1_mostbet_only': 73, '2_no_ads': 140, '3_other_only': 94, '4_mixed': 1, '5_dead': 2, '5_not_shown': 2, 'needs_browser': 1063}
1400/22131 500.7/min {'1_mostbet_only': 74, '2_no_ads': 143, '3_other_only': 94, '4_mixed': 1, '5_dead': 2, '5_not_shown': 2, 'needs_browser': 1084}
1425/22131 502.5/min {'1_mostbet_only': 78, '2_no_ads': 145, '3_other_only': 94, '4_mixed': 1, '5_dead': 2, '5_not_shown': 2, 'needs_browser': 1103}
1450/22131 508.3/min {'1_mostbet_only': 78, '2_no_ads': 146, '3_other_only': 94, '4_mixed': 1, '5_dead': 2, '5_not_shown': 2, 'needs_browser': 1127}
1475/22131 512.5/min {'1_mostbet_only': 80, '2_no_ads': 154, '3_other_only': 96, '4_mixed': 1, '5_dead': 2, '5_not_shown': 2, 'needs_browser': 1140}
1500/22131 518.5/min {'1_mostbet_only': 80, '2_no_ads': 159, '3_other_only': 99, '4_mixed': 1, '5_dead': 2, '5_not_shown': 2, 'needs_browser': 1157}
1525/22131 523.6/min {'1_mostbet_only': 82, '2_no_ads': 162, '3_other_only': 101, '4_mixed': 1, '5_dead': 2, '5_not_shown': 2, 'needs_browser': 1175}
1550/22131 528.9/min {'1_mostbet_only': 82, '2_no_ads': 167, '3_other_only': 105, '4_mixed': 1, '5_dead': 2, '5_not_shown': 2, 'needs_browser': 1191}
1575/22131 533.4/min {'1_mostbet_only': 82, '2_no_ads': 170, '3_other_only': 106, '4_mixed': 1, '5_dead': 2, '5_not_shown': 2, 'needs_browser': 1212}
1600/22131 538.5/min {'1_mostbet_only': 84, '2_no_ads': 173, '3_other_only': 110, '4_mixed': 1, '5_dead': 2, '5_not_shown': 2, 'needs_browser': 1228}
1625/22131 544.2/min {'1_mostbet_only': 85, '2_no_ads': 175, '3_other_only': 110, '4_mixed': 1, '5_dead': 2, '5_not_shown': 2, 'needs_browser': 1250}
1650/22131 547.7/min {'1_mostbet_only': 86, '2_no_ads': 176, '3_other_only': 112, '4_mixed': 1, '5_dead': 2, '5_not_shown': 2, 'needs_browser': 1271}
1675/22131 550.5/min {'1_mostbet_only': 86, '2_no_ads': 178, '3_other_only': 113, '4_mixed': 1, '5_dead': 2, '5_not_shown': 2, 'needs_browser': 1293}
1700/22131 554.9/min {'1_mostbet_only': 86, '2_no_ads': 179, '3_other_only': 114, '4_mixed': 1, '5_dead': 2, '5_not_shown': 2, 'needs_browser': 1316}
1725/22131 559.5/min {'1_mostbet_only': 88, '2_no_ads': 180, '3_other_only': 115, '4_mixed': 1, '5_dead': 2, '5_not_shown': 2, 'needs_browser': 1337}
1750/22131 565.3/min {'1_mostbet_only': 88, '2_no_ads': 180, '3_other_only': 116, '4_mixed': 1, '5_dead': 2, '5_not_shown': 2, 'needs_browser': 1361}
1775/22131 569.4/min {'1_mostbet_only': 88, '2_no_ads': 180, '3_other_only': 118, '4_mixed': 1, '5_dead': 2, '5_not_shown': 2, 'needs_browser': 1384}
1800/22131 575.1/min {'1_mostbet_only': 90, '2_no_ads': 181, '3_other_only': 119, '4_mixed': 1, '5_dead': 2, '5_not_shown': 2, 'needs_browser': 1405}
1825/22131 580.4/min {'1_mostbet_only': 90, '2_no_ads': 183, '3_other_only': 119, '4_mixed': 1, '5_dead': 2, '5_not_shown': 2, 'needs_browser': 1428}
1850/22131 585.9/min {'1_mostbet_only': 90, '2_no_ads': 183, '3_other_only': 119, '4_mixed': 1, '5_dead': 2, '5_not_shown': 2, 'needs_browser': 1453}
1875/22131 591.7/min {'1_mostbet_only': 90, '2_no_ads': 183, '3_other_only': 119, '4_mixed': 1, '5_dead': 2, '5_not_shown': 2, 'needs_browser': 1478}
1900/22131 597.7/min {'1_mostbet_only': 90, '2_no_ads': 183, '3_other_only': 120, '4_mixed': 1, '5_dead': 2, '5_not_shown': 2, 'needs_browser': 1502}
1925/22131 603.1/min {'1_mostbet_only': 90, '2_no_ads': 183, '3_other_only': 120, '4_mixed': 1, '5_dead': 2, '5_not_shown': 2, 'needs_browser': 1527}
1950/22131 606.1/min {'1_mostbet_only': 90, '2_no_ads': 184, '3_other_only': 120, '4_mixed': 1, '5_dead': 3, '5_not_shown': 2, 'needs_browser': 1550}
1975/22131 609.8/min {'1_mostbet_only': 90, '2_no_ads': 185, '3_other_only': 121, '4_mixed': 1, '5_dead': 3, '5_not_shown': 2, 'needs_browser': 1573}
2000/22131 611.3/min {'1_mostbet_only': 91, '2_no_ads': 187, '3_other_only': 122, '4_mixed': 1, '5_dead': 3, '5_not_shown': 2, 'needs_browser': 1594}
2025/22131 614.6/min {'1_mostbet_only': 91, '2_no_ads': 188, '3_other_only': 124, '4_mixed': 1, '5_dead': 3, '5_not_shown': 2, 'needs_browser': 1616}
2050/22131 618.7/min {'1_mostbet_only': 91, '2_no_ads': 191, '3_other_only': 126, '4_mixed': 1, '5_dead': 3, '5_not_shown': 2, 'needs_browser': 1636}
2075/22131 621.6/min {'1_mostbet_only': 93, '2_no_ads': 191, '3_other_only': 127, '4_mixed': 1, '5_dead': 3, '5_not_shown': 2, 'needs_browser': 1658}
2100/22131 625.4/min {'1_mostbet_only': 95, '2_no_ads': 191, '3_other_only': 127, '4_mixed': 1, '5_dead': 3, '5_not_shown': 2, 'needs_browser': 1681}
2125/22131 629.6/min {'1_mostbet_only': 97, '2_no_ads': 192, '3_other_only': 127, '4_mixed': 1, '5_dead': 3, '5_not_shown': 2, 'needs_browser': 1703}
2150/22131 633.5/min {'1_mostbet_only': 98, '2_no_ads': 195, '3_other_only': 128, '4_mixed': 1, '5_dead': 3, '5_not_shown': 2, 'needs_browser': 1723}
2175/22131 637.5/min {'1_mostbet_only': 99, '2_no_ads': 197, '3_other_only': 128, '4_mixed': 1, '5_dead': 3, '5_not_shown': 2, 'needs_browser': 1745}
2200/22131 641.8/min {'1_mostbet_only': 100, '2_no_ads': 198, '3_other_only': 129, '4_mixed': 1, '5_dead': 3, '5_not_shown': 2, 'needs_browser': 1767}
2225/22131 645.5/min {'1_mostbet_only': 100, '2_no_ads': 200, '3_other_only': 130, '4_mixed': 1, '5_dead': 3, '5_not_shown': 2, 'needs_browser': 1789}
2250/22131 647.9/min {'1_mostbet_only': 101, '2_no_ads': 201, '3_other_only': 130, '4_mixed': 1, '5_dead': 3, '5_not_shown': 2, 'needs_browser': 1812}
2275/22131 651.7/min {'1_mostbet_only': 103, '2_no_ads': 205, '3_other_only': 131, '4_mixed': 1, '5_dead': 3, '5_not_shown': 2, 'needs_browser': 1830}
2300/22131 654.2/min {'1_mostbet_only': 103, '2_no_ads': 208, '3_other_only': 132, '4_mixed': 1, '5_dead': 3, '5_not_shown': 2, 'needs_browser': 1851}
2325/22131 658.1/min {'1_mostbet_only': 105, '2_no_ads': 208, '3_other_only': 135, '4_mixed': 2, '5_dead': 3, '5_not_shown': 2, 'needs_browser': 1870}
2350/22131 659.3/min {'1_mostbet_only': 106, '2_no_ads': 209, '3_other_only': 138, '4_mixed': 2, '5_dead': 3, '5_not_shown': 2, 'needs_browser': 1890}
2375/22131 663.4/min {'1_mostbet_only': 106, '2_no_ads': 211, '3_other_only': 140, '4_mixed': 2, '5_dead': 3, '5_not_shown': 2, 'needs_browser': 1911}
2400/22131 667.6/min {'1_mostbet_only': 108, '2_no_ads': 214, '3_other_only': 140, '4_mixed': 2, '5_dead': 3, '5_not_shown': 2, 'needs_browser': 1931}
2425/22131 671.3/min {'1_mostbet_only': 108, '2_no_ads': 216, '3_other_only': 141, '4_mixed': 2, '5_dead': 3, '5_not_shown': 2, 'needs_browser': 1953}
2450/22131 674.0/min {'1_mostbet_only': 112, '2_no_ads': 219, '3_other_only': 142, '4_mixed': 2, '5_dead': 3, '5_not_shown': 2, 'needs_browser': 1970}
2475/22131 677.9/min {'1_mostbet_only': 112, '2_no_ads': 221, '3_other_only': 142, '4_mixed': 2, '5_dead': 3, '5_not_shown': 2, 'needs_browser': 1993}
2500/22131 682.3/min {'1_mostbet_only': 112, '2_no_ads': 221, '3_other_only': 143, '4_mixed': 2, '5_dead': 3, '5_not_shown': 2, 'needs_browser': 2017}
2525/22131 685.4/min {'1_mostbet_only': 114, '2_no_ads': 230, '3_other_only': 143, '4_mixed': 2, '5_dead': 3, '5_not_shown': 2, 'needs_browser': 2031}
2550/22131 689.8/min {'1_mostbet_only': 115, '2_no_ads': 238, '3_other_only': 144, '4_mixed': 2, '5_dead': 3, '5_not_shown': 2, 'needs_browser': 2046}
2575/22131 693.4/min {'1_mostbet_only': 115, '2_no_ads': 239, '3_other_only': 150, '4_mixed': 2, '5_dead': 3, '5_not_shown': 2, 'needs_browser': 2064}
2600/22131 696.4/min {'1_mostbet_only': 115, '2_no_ads': 240, '3_other_only': 153, '4_mixed': 2, '5_dead': 3, '5_not_shown': 2, 'needs_browser': 2085}
2625/22131 699.8/min {'1_mostbet_only': 117, '2_no_ads': 241, '3_other_only': 154, '4_mixed': 2, '5_dead': 3, '5_not_shown': 2, 'needs_browser': 2106}
2650/22131 702.3/min {'1_mostbet_only': 119, '2_no_ads': 244, '3_other_only': 157, '4_mixed': 2, '5_dead': 3, '5_not_shown': 2, 'needs_browser': 2123}
2675/22131 706.0/min {'1_mostbet_only': 119, '2_no_ads': 248, '3_other_only': 161, '4_mixed': 2, '5_dead': 3, '5_not_shown': 2, 'needs_browser': 2140}
2700/22131 709.6/min {'1_mostbet_only': 120, '2_no_ads': 250, '3_other_only': 164, '4_mixed': 2, '5_dead': 3, '5_not_shown': 2, 'needs_browser': 2159}
2725/22131 711.7/min {'1_mostbet_only': 124, '2_no_ads': 252, '3_other_only': 167, '4_mixed': 2, '5_dead': 3, '5_not_shown': 2, 'needs_browser': 2175}
2750/22131 713.7/min {'1_mostbet_only': 125, '2_no_ads': 256, '3_other_only': 171, '4_mixed': 2, '5_dead': 3, '5_not_shown': 2, 'needs_browser': 2191}
2775/22131 715.2/min {'1_mostbet_only': 128, '2_no_ads': 259, '3_other_only': 174, '4_mixed': 2, '5_dead': 3, '5_not_shown': 2, 'needs_browser': 2207}
2800/22131 718.0/min {'1_mostbet_only': 128, '2_no_ads': 260, '3_other_only': 175, '4_mixed': 2, '5_dead': 3, '5_not_shown': 2, 'needs_browser': 2230}
2825/22131 720.5/min {'1_mostbet_only': 130, '2_no_ads': 263, '3_other_only': 175, '4_mixed': 2, '5_dead': 3, '5_not_shown': 2, 'needs_browser': 2250}
2850/22131 722.0/min {'1_mostbet_only': 131, '2_no_ads': 266, '3_other_only': 175, '4_mixed': 2, '5_dead': 3, '5_not_shown': 2, 'needs_browser': 2271}
2875/22131 723.9/min {'1_mostbet_only': 132, '2_no_ads': 273, '3_other_only': 177, '4_mixed': 2, '5_dead': 3, '5_not_shown': 2, 'needs_browser': 2286}
2900/22131 725.3/min {'1_mostbet_only': 134, '2_no_ads': 274, '3_other_only': 180, '4_mixed': 2, '5_dead': 3, '5_not_shown': 2, 'needs_browser': 2305}
2925/22131 726.0/min {'1_mostbet_only': 143, '2_no_ads': 277, '3_other_only': 183, '4_mixed': 2, '5_dead': 3, '5_not_shown': 2, 'needs_browser': 2315}
2950/22131 727.8/min {'1_mostbet_only': 149, '2_no_ads': 283, '3_other_only': 186, '4_mixed': 2, '5_dead': 3, '5_not_shown': 2, 'needs_browser': 2325}
2975/22131 727.9/min {'1_mostbet_only': 151, '2_no_ads': 283, '3_other_only': 187, '4_mixed': 2, '5_dead': 3, '5_not_shown': 2, 'needs_browser': 2347}
3000/22131 728.1/min {'1_mostbet_only': 151, '2_no_ads': 286, '3_other_only': 188, '4_mixed': 2, '5_dead': 3, '5_not_shown': 2, 'needs_browser': 2368}
3025/22131 730.9/min {'1_mostbet_only': 151, '2_no_ads': 287, '3_other_only': 188, '4_mixed': 2, '5_dead': 3, '5_not_shown': 2, 'needs_browser': 2392}
3050/22131 733.9/min {'1_mostbet_only': 151, '2_no_ads': 287, '3_other_only': 188, '4_mixed': 2, '5_dead': 3, '5_not_shown': 2, 'needs_browser': 2417}
3075/22131 735.9/min {'1_mostbet_only': 152, '2_no_ads': 289, '3_other_only': 190, '4_mixed': 2, '5_dead': 3, '5_not_shown': 2, 'needs_browser': 2437}
3100/22131 739.0/min {'1_mostbet_only': 152, '2_no_ads': 289, '3_other_only': 190, '4_mixed': 2, '5_dead': 3, '5_not_shown': 2, 'needs_browser': 2462}
3125/22131 739.6/min {'1_mostbet_only': 152, '2_no_ads': 290, '3_other_only': 191, '4_mixed': 2, '5_dead': 3, '5_not_shown': 2, 'needs_browser': 2485}
3150/22131 741.6/min {'1_mostbet_only': 156, '2_no_ads': 293, '3_other_only': 192, '4_mixed': 2, '5_dead': 3, '5_not_shown': 2, 'needs_browser': 2502}
3175/22131 744.0/min {'1_mostbet_only': 156, '2_no_ads': 294, '3_other_only': 192, '4_mixed': 2, '5_dead': 3, '5_not_shown': 2, 'needs_browser': 2526}
3200/22131 746.3/min {'1_mostbet_only': 157, '2_no_ads': 295, '3_other_only': 193, '4_mixed': 2, '5_dead': 4, '5_not_shown': 2, 'needs_browser': 2547}
3225/22131 749.1/min {'1_mostbet_only': 157, '2_no_ads': 300, '3_other_only': 193, '4_mixed': 2, '5_dead': 4, '5_not_shown': 2, 'needs_browser': 2567}
3250/22131 751.3/min {'1_mostbet_only': 157, '2_no_ads': 300, '3_other_only': 194, '4_mixed': 2, '5_dead': 4, '5_not_shown': 2, 'needs_browser': 2591}
3275/22131 753.7/min {'1_mostbet_only': 159, '2_no_ads': 301, '3_other_only': 194, '4_mixed': 2, '5_dead': 4, '5_not_shown': 2, 'needs_browser': 2613}
3300/22131 756.9/min {'1_mostbet_only': 159, '2_no_ads': 309, '3_other_only': 195, '4_mixed': 2, '5_dead': 4, '5_not_shown': 2, 'needs_browser': 2629}
3325/22131 758.5/min {'1_mostbet_only': 159, '2_no_ads': 312, '3_other_only': 199, '4_mixed': 2, '5_dead': 4, '5_not_shown': 2, 'needs_browser': 2647}
3350/22131 759.6/min {'1_mostbet_only': 159, '2_no_ads': 314, '3_other_only': 204, '4_mixed': 2, '5_dead': 4, '5_not_shown': 2, 'needs_browser': 2665}
3375/22131 762.9/min {'1_mostbet_only': 159, '2_no_ads': 327, '3_other_only': 204, '4_mixed': 2, '5_dead': 4, '5_not_shown': 2, 'needs_browser': 2677}
3400/22131 765.4/min {'1_mostbet_only': 159, '2_no_ads': 332, '3_other_only': 207, '4_mixed': 2, '5_dead': 4, '5_not_shown': 2, 'needs_browser': 2694}
3425/22131 768.8/min {'1_mostbet_only': 160, '2_no_ads': 335, '3_other_only': 207, '4_mixed': 2, '5_dead': 4, '5_not_shown': 2, 'needs_browser': 2715}
3450/22131 771.7/min {'1_mostbet_only': 161, '2_no_ads': 337, '3_other_only': 209, '4_mixed': 2, '5_dead': 4, '5_not_shown': 2, 'needs_browser': 2735}
3475/22131 773.5/min {'1_mostbet_only': 162, '2_no_ads': 340, '3_other_only': 210, '4_mixed': 2, '5_dead': 4, '5_not_shown': 2, 'needs_browser': 2755}
3500/22131 777.8/min {'1_mostbet_only': 162, '2_no_ads': 340, '3_other_only': 210, '4_mixed': 2, '5_dead': 4, '5_not_shown': 2, 'needs_browser': 2780}
3525/22131 781.7/min {'1_mostbet_only': 163, '2_no_ads': 340, '3_other_only': 210, '4_mixed': 2, '5_dead': 4, '5_not_shown': 2, 'needs_browser': 2804}
3550/22131 784.0/min {'1_mostbet_only': 163, '2_no_ads': 342, '3_other_only': 210, '4_mixed': 2, '5_dead': 4, '5_not_shown': 2, 'needs_browser': 2827}
3575/22131 786.8/min {'1_mostbet_only': 164, '2_no_ads': 346, '3_other_only': 210, '4_mixed': 2, '5_dead': 4, '5_not_shown': 2, 'needs_browser': 2847}
3600/22131 789.6/min {'1_mostbet_only': 164, '2_no_ads': 348, '3_other_only': 210, '4_mixed': 2, '5_dead': 4, '5_not_shown': 2, 'needs_browser': 2870}
3625/22131 791.6/min {'1_mostbet_only': 166, '2_no_ads': 356, '3_other_only': 211, '4_mixed': 2, '5_dead': 4, '5_not_shown': 2, 'needs_browser': 2884}
3650/22131 794.8/min {'1_mostbet_only': 168, '2_no_ads': 359, '3_other_only': 211, '4_mixed': 2, '5_dead': 4, '5_not_shown': 2, 'needs_browser': 2904}
3675/22131 798.1/min {'1_mostbet_only': 168, '2_no_ads': 363, '3_other_only': 213, '4_mixed': 2, '5_dead': 4, '5_not_shown': 2, 'needs_browser': 2923}
3700/22131 800.3/min {'1_mostbet_only': 168, '2_no_ads': 365, '3_other_only': 216, '4_mixed': 2, '5_dead': 4, '5_not_shown': 2, 'needs_browser': 2943}
3725/22131 803.1/min {'1_mostbet_only': 169, '2_no_ads': 365, '3_other_only': 219, '4_mixed': 2, '5_dead': 4, '5_not_shown': 2, 'needs_browser': 2964}
3750/22131 803.2/min {'1_mostbet_only': 169, '2_no_ads': 367, '3_other_only': 219, '4_mixed': 2, '5_dead': 4, '5_not_shown': 2, 'needs_browser': 2987}
3775/22131 806.4/min {'1_mostbet_only': 169, '2_no_ads': 369, '3_other_only': 219, '4_mixed': 2, '5_dead': 4, '5_not_shown': 2, 'needs_browser': 3010}
3800/22131 809.6/min {'1_mostbet_only': 169, '2_no_ads': 370, '3_other_only': 220, '4_mixed': 2, '5_dead': 4, '5_not_shown': 2, 'needs_browser': 3033}
3825/22131 812.9/min {'1_mostbet_only': 169, '2_no_ads': 372, '3_other_only': 220, '4_mixed': 2, '5_dead': 4, '5_not_shown': 2, 'needs_browser': 3056}
3850/22131 815.5/min {'1_mostbet_only': 170, '2_no_ads': 375, '3_other_only': 220, '4_mixed': 2, '5_dead': 4, '5_not_shown': 2, 'needs_browser': 3077}
3875/22131 815.7/min {'1_mostbet_only': 170, '2_no_ads': 376, '3_other_only': 221, '4_mixed': 3, '5_dead': 4, '5_not_shown': 2, 'needs_browser': 3099}
3900/22131 818.0/min {'1_mostbet_only': 170, '2_no_ads': 376, '3_other_only': 223, '4_mixed': 3, '5_dead': 4, '5_not_shown': 2, 'needs_browser': 3122}
3925/22131 820.1/min {'1_mostbet_only': 170, '2_no_ads': 376, '3_other_only': 223, '4_mixed': 3, '5_dead': 4, '5_not_shown': 2, 'needs_browser': 3147}
3950/22131 823.4/min {'1_mostbet_only': 171, '2_no_ads': 376, '3_other_only': 223, '4_mixed': 3, '5_dead': 4, '5_not_shown': 2, 'needs_browser': 3171}
3975/22131 825.8/min {'1_mostbet_only': 171, '2_no_ads': 377, '3_other_only': 229, '4_mixed': 4, '5_dead': 4, '5_not_shown': 2, 'needs_browser': 3188}
4000/22131 828.7/min {'1_mostbet_only': 171, '2_no_ads': 378, '3_other_only': 238, '4_mixed': 5, '5_dead': 4, '5_not_shown': 2, 'needs_browser': 3202}
4025/22131 831.0/min {'1_mostbet_only': 171, '2_no_ads': 379, '3_other_only': 241, '4_mixed': 5, '5_dead': 4, '5_not_shown': 2, 'needs_browser': 3223}
4050/22131 834.1/min {'1_mostbet_only': 172, '2_no_ads': 379, '3_other_only': 241, '4_mixed': 5, '5_dead': 4, '5_not_shown': 2, 'needs_browser': 3247}
4075/22131 837.1/min {'1_mostbet_only': 172, '2_no_ads': 379, '3_other_only': 245, '4_mixed': 5, '5_dead': 4, '5_not_shown': 2, 'needs_browser': 3268}
4100/22131 838.7/min {'1_mostbet_only': 172, '2_no_ads': 380, '3_other_only': 248, '4_mixed': 5, '5_dead': 6, '5_not_shown': 2, 'needs_browser': 3287}
4125/22131 839.8/min {'1_mostbet_only': 172, '2_no_ads': 381, '3_other_only': 248, '4_mixed': 5, '5_dead': 6, '5_not_shown': 2, 'needs_browser': 3311}
4150/22131 842.3/min {'1_mostbet_only': 173, '2_no_ads': 382, '3_other_only': 249, '4_mixed': 5, '5_dead': 6, '5_not_shown': 2, 'needs_browser': 3333}
4175/22131 845.0/min {'1_mostbet_only': 174, '2_no_ads': 384, '3_other_only': 250, '4_mixed': 5, '5_dead': 6, '5_not_shown': 2, 'needs_browser': 3354}
4200/22131 847.4/min {'1_mostbet_only': 176, '2_no_ads': 387, '3_other_only': 250, '4_mixed': 5, '5_dead': 6, '5_not_shown': 2, 'needs_browser': 3374}
4225/22131 850.2/min {'1_mostbet_only': 176, '2_no_ads': 390, '3_other_only': 254, '4_mixed': 5, '5_dead': 6, '5_not_shown': 2, 'needs_browser': 3392}
4250/22131 853.5/min {'1_mostbet_only': 177, '2_no_ads': 399, '3_other_only': 254, '4_mixed': 5, '5_dead': 6, '5_not_shown': 2, 'needs_browser': 3407}
4275/22131 856.2/min {'1_mostbet_only': 177, '2_no_ads': 413, '3_other_only': 254, '4_mixed': 5, '5_dead': 6, '5_not_shown': 2, 'needs_browser': 3418}
4300/22131 858.7/min {'1_mostbet_only': 177, '2_no_ads': 416, '3_other_only': 254, '4_mixed': 5, '5_dead': 6, '5_not_shown': 2, 'needs_browser': 3440}
4325/22131 861.2/min {'1_mostbet_only': 177, '2_no_ads': 417, '3_other_only': 256, '4_mixed': 5, '5_dead': 6, '5_not_shown': 2, 'needs_browser': 3462}
4350/22131 863.6/min {'1_mostbet_only': 177, '2_no_ads': 417, '3_other_only': 261, '4_mixed': 5, '5_dead': 6, '5_not_shown': 2, 'needs_browser': 3482}
4375/22131 866.0/min {'1_mostbet_only': 177, '2_no_ads': 422, '3_other_only': 263, '4_mixed': 5, '5_dead': 6, '5_not_shown': 2, 'needs_browser': 3500}
4400/22131 868.6/min {'1_mostbet_only': 177, '2_no_ads': 434, '3_other_only': 266, '4_mixed': 5, '5_dead': 6, '5_not_shown': 2, 'needs_browser': 3510}
4425/22131 871.0/min {'1_mostbet_only': 177, '2_no_ads': 441, '3_other_only': 270, '4_mixed': 5, '5_dead': 7, '5_not_shown': 2, 'needs_browser': 3523}
4450/22131 873.9/min {'1_mostbet_only': 177, '2_no_ads': 452, '3_other_only': 270, '4_mixed': 5, '5_dead': 7, '5_not_shown': 2, 'needs_browser': 3537}
4475/22131 875.6/min {'1_mostbet_only': 178, '2_no_ads': 455, '3_other_only': 275, '4_mixed': 5, '5_dead': 7, '5_not_shown': 2, 'needs_browser': 3553}
4500/22131 878.4/min {'1_mostbet_only': 178, '2_no_ads': 459, '3_other_only': 276, '4_mixed': 5, '5_dead': 7, '5_not_shown': 2, 'needs_browser': 3573}
4525/22131 880.7/min {'1_mostbet_only': 179, '2_no_ads': 462, '3_other_only': 277, '4_mixed': 5, '5_dead': 7, '5_not_shown': 2, 'needs_browser': 3593}
4550/22131 883.2/min {'1_mostbet_only': 179, '2_no_ads': 465, '3_other_only': 286, '4_mixed': 5, '5_dead': 7, '5_not_shown': 2, 'needs_browser': 3606}
4575/22131 885.3/min {'1_mostbet_only': 180, '2_no_ads': 469, '3_other_only': 288, '4_mixed': 5, '5_dead': 7, '5_not_shown': 2, 'needs_browser': 3624}
4600/22131 887.6/min {'1_mostbet_only': 180, '2_no_ads': 470, '3_other_only': 289, '4_mixed': 6, '5_dead': 7, '5_not_shown': 2, 'needs_browser': 3646}
4625/22131 890.2/min {'1_mostbet_only': 181, '2_no_ads': 473, '3_other_only': 290, '4_mixed': 6, '5_dead': 7, '5_not_shown': 2, 'needs_browser': 3666}
4650/22131 892.7/min {'1_mostbet_only': 182, '2_no_ads': 474, '3_other_only': 293, '4_mixed': 6, '5_dead': 7, '5_not_shown': 2, 'needs_browser': 3686}
4675/22131 894.7/min {'1_mostbet_only': 182, '2_no_ads': 479, '3_other_only': 295, '4_mixed': 6, '5_dead': 7, '5_not_shown': 2, 'needs_browser': 3704}
4700/22131 897.4/min {'1_mostbet_only': 182, '2_no_ads': 483, '3_other_only': 300, '4_mixed': 6, '5_dead': 7, '5_not_shown': 2, 'needs_browser': 3720}
4725/22131 899.3/min {'1_mostbet_only': 182, '2_no_ads': 486, '3_other_only': 302, '4_mixed': 6, '5_dead': 7, '5_not_shown': 2, 'needs_browser': 3740}
4750/22131 900.5/min {'1_mostbet_only': 183, '2_no_ads': 487, '3_other_only': 305, '4_mixed': 6, '5_dead': 7, '5_not_shown': 2, 'needs_browser': 3760}
4775/22131 901.9/min {'1_mostbet_only': 184, '2_no_ads': 490, '3_other_only': 308, '4_mixed': 6, '5_dead': 7, '5_not_shown': 2, 'needs_browser': 3778}
4800/22131 904.4/min {'1_mostbet_only': 185, '2_no_ads': 492, '3_other_only': 312, '4_mixed': 6, '5_dead': 7, '5_not_shown': 2, 'needs_browser': 3796}
4825/22131 904.7/min {'1_mostbet_only': 185, '2_no_ads': 492, '3_other_only': 316, '4_mixed': 6, '5_dead': 7, '5_not_shown': 2, 'needs_browser': 3817}
4850/22131 906.3/min {'1_mostbet_only': 186, '2_no_ads': 500, '3_other_only': 317, '4_mixed': 6, '5_dead': 7, '5_not_shown': 2, 'needs_browser': 3832}
4875/22131 908.5/min {'1_mostbet_only': 187, '2_no_ads': 506, '3_other_only': 318, '4_mixed': 6, '5_dead': 7, '5_not_shown': 2, 'needs_browser': 3849}
4900/22131 910.6/min {'1_mostbet_only': 187, '2_no_ads': 509, '3_other_only': 319, '4_mixed': 6, '5_dead': 7, '5_not_shown': 2, 'needs_browser': 3870}
4925/22131 912.6/min {'1_mostbet_only': 187, '2_no_ads': 512, '3_other_only': 321, '4_mixed': 6, '5_dead': 7, '5_not_shown': 2, 'needs_browser': 3890}
4950/22131 914.9/min {'1_mostbet_only': 190, '2_no_ads': 513, '3_other_only': 323, '4_mixed': 6, '5_dead': 7, '5_not_shown': 2, 'needs_browser': 3909}
4975/22131 917.4/min {'1_mostbet_only': 192, '2_no_ads': 515, '3_other_only': 326, '4_mixed': 6, '5_dead': 7, '5_not_shown': 2, 'needs_browser': 3927}
5000/22131 920.0/min {'1_mostbet_only': 193, '2_no_ads': 515, '3_other_only': 327, '4_mixed': 6, '5_dead': 7, '5_not_shown': 2, 'needs_browser': 3950}
5025/22131 922.8/min {'1_mostbet_only': 194, '2_no_ads': 517, '3_other_only': 327, '4_mixed': 6, '5_dead': 7, '5_not_shown': 2, 'needs_browser': 3972}
5050/22131 925.1/min {'1_mostbet_only': 195, '2_no_ads': 518, '3_other_only': 329, '4_mixed': 6, '5_dead': 7, '5_not_shown': 2, 'needs_browser': 3993}
5075/22131 927.5/min {'1_mostbet_only': 197, '2_no_ads': 522, '3_other_only': 330, '4_mixed': 6, '5_dead': 7, '5_not_shown': 2, 'needs_browser': 4011}
5100/22131 929.6/min {'1_mostbet_only': 199, '2_no_ads': 526, '3_other_only': 331, '4_mixed': 6, '5_dead': 7, '5_not_shown': 2, 'needs_browser': 4029}
5125/22131 932.3/min {'1_mostbet_only': 200, '2_no_ads': 529, '3_other_only': 332, '4_mixed': 6, '5_dead': 7, '5_not_shown': 2, 'needs_browser': 4049}
5150/22131 934.3/min {'1_mostbet_only': 201, '2_no_ads': 534, '3_other_only': 338, '4_mixed': 6, '5_dead': 7, '5_not_shown': 2, 'needs_browser': 4062}
5175/22131 932.9/min {'1_mostbet_only': 202, '2_no_ads': 535, '3_other_only': 338, '4_mixed': 7, '5_dead': 8, '5_not_shown': 2, 'needs_browser': 4083}
5200/22131 934.4/min {'1_mostbet_only': 202, '2_no_ads': 537, '3_other_only': 338, '4_mixed': 7, '5_dead': 8, '5_not_shown': 2, 'needs_browser': 4106}
5225/22131 936.5/min {'1_mostbet_only': 202, '2_no_ads': 539, '3_other_only': 339, '4_mixed': 7, '5_dead': 8, '5_not_shown': 2, 'needs_browser': 4128}
5250/22131 938.8/min {'1_mostbet_only': 202, '2_no_ads': 542, '3_other_only': 339, '4_mixed': 7, '5_dead': 8, '5_not_shown': 2, 'needs_browser': 4150}
5275/22131 941.9/min {'1_mostbet_only': 202, '2_no_ads': 542, '3_other_only': 339, '4_mixed': 7, '5_dead': 8, '5_not_shown': 2, 'needs_browser': 4175}
5300/22131 944.0/min {'1_mostbet_only': 202, '2_no_ads': 547, '3_other_only': 339, '4_mixed': 7, '5_dead': 8, '5_not_shown': 2, 'needs_browser': 4195}
5325/22131 946.5/min {'1_mostbet_only': 204, '2_no_ads': 552, '3_other_only': 339, '4_mixed': 7, '5_dead': 8, '5_not_shown': 2, 'needs_browser': 4213}
5350/22131 949.0/min {'1_mostbet_only': 205, '2_no_ads': 558, '3_other_only': 339, '4_mixed': 7, '5_dead': 8, '5_not_shown': 2, 'needs_browser': 4231}
5375/22131 951.6/min {'1_mostbet_only': 205, '2_no_ads': 560, '3_other_only': 340, '4_mixed': 7, '5_dead': 8, '5_not_shown': 2, 'needs_browser': 4253}
5400/22131 954.1/min {'1_mostbet_only': 205, '2_no_ads': 564, '3_other_only': 341, '4_mixed': 7, '5_dead': 8, '5_not_shown': 2, 'needs_browser': 4273}
5425/22131 956.1/min {'1_mostbet_only': 205, '2_no_ads': 566, '3_other_only': 344, '4_mixed': 7, '5_dead': 8, '5_not_shown': 2, 'needs_browser': 4293}
5450/22131 953.6/min {'1_mostbet_only': 206, '2_no_ads': 570, '3_other_only': 347, '4_mixed': 8, '5_dead': 8, '5_not_shown': 2, 'needs_browser': 4309}
5475/22131 955.4/min {'1_mostbet_only': 208, '2_no_ads': 572, '3_other_only': 353, '4_mixed': 8, '5_dead': 8, '5_not_shown': 2, 'needs_browser': 4324}
5500/22131 957.9/min {'1_mostbet_only': 209, '2_no_ads': 572, '3_other_only': 370, '4_mixed': 8, '5_dead': 8, '5_not_shown': 2, 'needs_browser': 4331}
5525/22131 961.2/min {'1_mostbet_only': 209, '2_no_ads': 573, '3_other_only': 381, '4_mixed': 8, '5_dead': 8, '5_not_shown': 2, 'needs_browser': 4344}
5550/22131 964.1/min {'1_mostbet_only': 210, '2_no_ads': 577, '3_other_only': 385, '4_mixed': 8, '5_dead': 8, '5_not_shown': 2, 'needs_browser': 4360}
5575/22131 967.0/min {'1_mostbet_only': 210, '2_no_ads': 577, '3_other_only': 387, '4_mixed': 8, '5_dead': 8, '5_not_shown': 2, 'needs_browser': 4383}
5600/22131 969.0/min {'1_mostbet_only': 211, '2_no_ads': 581, '3_other_only': 388, '4_mixed': 8, '5_dead': 8, '5_not_shown': 2, 'needs_browser': 4402}
5625/22131 966.8/min {'1_mostbet_only': 211, '2_no_ads': 588, '3_other_only': 389, '4_mixed': 8, '5_dead': 8, '5_not_shown': 2, 'needs_browser': 4419}
5650/22131 964.6/min {'1_mostbet_only': 213, '2_no_ads': 594, '3_other_only': 390, '4_mixed': 8, '5_dead': 8, '5_not_shown': 2, 'needs_browser': 4435}
5675/22131 966.4/min {'1_mostbet_only': 213, '2_no_ads': 597, '3_other_only': 391, '4_mixed': 8, '5_dead': 8, '5_not_shown': 2, 'needs_browser': 4456}
5700/22131 966.6/min {'1_mostbet_only': 213, '2_no_ads': 606, '3_other_only': 392, '4_mixed': 8, '5_dead': 8, '5_not_shown': 2, 'needs_browser': 4471}
5725/22131 967.2/min {'1_mostbet_only': 214, '2_no_ads': 611, '3_other_only': 399, '4_mixed': 8, '5_dead': 8, '5_not_shown': 2, 'needs_browser': 4483}
5750/22131 968.5/min {'1_mostbet_only': 215, '2_no_ads': 612, '3_other_only': 402, '4_mixed': 8, '5_dead': 8, '5_not_shown': 2, 'needs_browser': 4503}
5775/22131 969.1/min {'1_mostbet_only': 218, '2_no_ads': 618, '3_other_only': 404, '4_mixed': 8, '5_dead': 8, '5_not_shown': 4, 'needs_browser': 4515}
5800/22131 971.3/min {'1_mostbet_only': 218, '2_no_ads': 619, '3_other_only': 404, '4_mixed': 9, '5_dead': 8, '5_not_shown': 16, 'needs_browser': 4526}
5825/22131 974.2/min {'1_mostbet_only': 219, '2_no_ads': 620, '3_other_only': 404, '4_mixed': 9, '5_dead': 8, '5_not_shown': 35, 'needs_browser': 4530}
5850/22131 973.4/min {'1_mostbet_only': 219, '2_no_ads': 625, '3_other_only': 408, '4_mixed': 9, '5_dead': 8, '5_not_shown': 35, 'needs_browser': 4546}
5875/22131 973.7/min {'1_mostbet_only': 219, '2_no_ads': 628, '3_other_only': 410, '4_mixed': 10, '5_dead': 9, '5_not_shown': 35, 'needs_browser': 4564}
5900/22131 972.7/min {'1_mostbet_only': 220, '2_no_ads': 630, '3_other_only': 413, '4_mixed': 10, '5_dead': 12, '5_not_shown': 35, 'needs_browser': 4580}
5925/22131 964.6/min {'1_mostbet_only': 222, '2_no_ads': 636, '3_other_only': 418, '4_mixed': 10, '5_dead': 12, '5_not_shown': 35, 'needs_browser': 4592}
5950/22131 858.5/min {'1_mostbet_only': 222, '2_no_ads': 637, '3_other_only': 422, '4_mixed': 10, '5_dead': 12, '5_not_shown': 35, 'needs_browser': 4612}
5975/22131 779.6/min {'1_mostbet_only': 222, '2_no_ads': 637, '3_other_only': 422, '4_mixed': 10, '5_dead': 12, '5_not_shown': 35, 'needs_browser': 4637}
6000/22131 726.0/min {'1_mostbet_only': 222, '2_no_ads': 637, '3_other_only': 422, '4_mixed': 10, '5_dead': 12, '5_not_shown': 35, 'needs_browser': 4662}
6025/22131 675.9/min {'1_mostbet_only': 222, '2_no_ads': 637, '3_other_only': 422, '4_mixed': 10, '5_dead': 12, '5_not_shown': 35, 'needs_browser': 4687}
6050/22131 634.8/min {'1_mostbet_only': 222, '2_no_ads': 637, '3_other_only': 422, '4_mixed': 10, '5_dead': 12, '5_not_shown': 35, 'needs_browser': 4712}
6075/22131 594.8/min {'1_mostbet_only': 222, '2_no_ads': 639, '3_other_only': 422, '4_mixed': 10, '5_dead': 12, '5_not_shown': 35, 'needs_browser': 4735}
6100/22131 565.0/min {'1_mostbet_only': 222, '2_no_ads': 639, '3_other_only': 422, '4_mixed': 10, '5_dead': 12, '5_not_shown': 35, 'needs_browser': 4760}
6125/22131 533.5/min {'1_mostbet_only': 222, '2_no_ads': 639, '3_other_only': 422, '4_mixed': 10, '5_dead': 12, '5_not_shown': 35, 'needs_browser': 4785}
6150/22131 511.9/min {'1_mostbet_only': 222, '2_no_ads': 639, '3_other_only': 422, '4_mixed': 10, '5_dead': 12, '5_not_shown': 35, 'needs_browser': 4810}
6175/22131 485.0/min {'1_mostbet_only': 222, '2_no_ads': 639, '3_other_only': 422, '4_mixed': 10, '5_dead': 12, '5_not_shown': 35, 'needs_browser': 4835}
6200/22131 466.3/min {'1_mostbet_only': 222, '2_no_ads': 639, '3_other_only': 422, '4_mixed': 10, '5_dead': 12, '5_not_shown': 35, 'needs_browser': 4860}
6225/22131 467.0/min {'1_mostbet_only': 222, '2_no_ads': 639, '3_other_only': 423, '4_mixed': 10, '5_dead': 12, '5_not_shown': 35, 'needs_browser': 4884}
6250/22131 468.2/min {'1_mostbet_only': 222, '2_no_ads': 639, '3_other_only': 423, '4_mixed': 10, '5_dead': 12, '5_not_shown': 35, 'needs_browser': 4909}
6275/22131 469.4/min {'1_mostbet_only': 222, '2_no_ads': 642, '3_other_only': 424, '4_mixed': 10, '5_dead': 12, '5_not_shown': 35, 'needs_browser': 4930}
6300/22131 470.8/min {'1_mostbet_only': 222, '2_no_ads': 642, '3_other_only': 424, '4_mixed': 10, '5_dead': 12, '5_not_shown': 35, 'needs_browser': 4955}
6325/22131 472.2/min {'1_mostbet_only': 222, '2_no_ads': 642, '3_other_only': 424, '4_mixed': 10, '5_dead': 12, '5_not_shown': 35, 'needs_browser': 4980}
6350/22131 473.6/min {'1_mostbet_only': 222, '2_no_ads': 642, '3_other_only': 425, '4_mixed': 10, '5_dead': 12, '5_not_shown': 35, 'needs_browser': 5004}
6375/22131 475.0/min {'1_mostbet_only': 222, '2_no_ads': 642, '3_other_only': 426, '4_mixed': 10, '5_dead': 12, '5_not_shown': 35, 'needs_browser': 5028}
6400/22131 476.5/min {'1_mostbet_only': 222, '2_no_ads': 643, '3_other_only': 426, '4_mixed': 10, '5_dead': 12, '5_not_shown': 35, 'needs_browser': 5052}
6425/22131 478.0/min {'1_mostbet_only': 222, '2_no_ads': 643, '3_other_only': 426, '4_mixed': 10, '5_dead': 12, '5_not_shown': 35, 'needs_browser': 5077}
6450/22131 479.4/min {'1_mostbet_only': 222, '2_no_ads': 643, '3_other_only': 426, '4_mixed': 10, '5_dead': 12, '5_not_shown': 35, 'needs_browser': 5102}
6475/22131 480.8/min {'1_mostbet_only': 222, '2_no_ads': 643, '3_other_only': 426, '4_mixed': 10, '5_dead': 12, '5_not_shown': 35, 'needs_browser': 5127}
6500/22131 482.3/min {'1_mostbet_only': 223, '2_no_ads': 643, '3_other_only': 426, '4_mixed': 10, '5_dead': 12, '5_not_shown': 35, 'needs_browser': 5151}
6525/22131 483.8/min {'1_mostbet_only': 223, '2_no_ads': 644, '3_other_only': 426, '4_mixed': 10, '5_dead': 12, '5_not_shown': 36, 'needs_browser': 5174}
6550/22131 485.3/min {'1_mostbet_only': 223, '2_no_ads': 644, '3_other_only': 426, '4_mixed': 10, '5_dead': 12, '5_not_shown': 36, 'needs_browser': 5199}
6575/22131 486.8/min {'1_mostbet_only': 223, '2_no_ads': 644, '3_other_only': 426, '4_mixed': 10, '5_dead': 12, '5_not_shown': 36, 'needs_browser': 5224}
6600/22131 488.4/min {'1_mostbet_only': 223, '2_no_ads': 645, '3_other_only': 426, '4_mixed': 10, '5_dead': 12, '5_not_shown': 36, 'needs_browser': 5248}
6625/22131 489.9/min {'1_mostbet_only': 223, '2_no_ads': 645, '3_other_only': 426, '4_mixed': 10, '5_dead': 12, '5_not_shown': 36, 'needs_browser': 5273}
6650/22131 491.5/min {'1_mostbet_only': 223, '2_no_ads': 646, '3_other_only': 426, '4_mixed': 10, '5_dead': 14, '5_not_shown': 36, 'needs_browser': 5295}
6675/22131 493.0/min {'1_mostbet_only': 223, '2_no_ads': 646, '3_other_only': 426, '4_mixed': 10, '5_dead': 14, '5_not_shown': 36, 'needs_browser': 5320}
6700/22131 494.6/min {'1_mostbet_only': 223, '2_no_ads': 646, '3_other_only': 426, '4_mixed': 10, '5_dead': 14, '5_not_shown': 36, 'needs_browser': 5345}
6725/22131 496.2/min {'1_mostbet_only': 223, '2_no_ads': 646, '3_other_only': 426, '4_mixed': 10, '5_dead': 14, '5_not_shown': 36, 'needs_browser': 5370}
6750/22131 497.7/min {'1_mostbet_only': 223, '2_no_ads': 648, '3_other_only': 427, '4_mixed': 10, '5_dead': 14, '5_not_shown': 36, 'needs_browser': 5392}
6775/22131 499.4/min {'1_mostbet_only': 223, '2_no_ads': 648, '3_other_only': 427, '4_mixed': 10, '5_dead': 14, '5_not_shown': 36, 'needs_browser': 5417}
6800/22131 501.0/min {'1_mostbet_only': 223, '2_no_ads': 648, '3_other_only': 428, '4_mixed': 10, '5_dead': 14, '5_not_shown': 36, 'needs_browser': 5441}
6825/22131 502.6/min {'1_mostbet_only': 223, '2_no_ads': 648, '3_other_only': 428, '4_mixed': 10, '5_dead': 14, '5_not_shown': 36, 'needs_browser': 5466}
6850/22131 503.9/min {'1_mostbet_only': 223, '2_no_ads': 652, '3_other_only': 428, '4_mixed': 10, '5_dead': 14, '5_not_shown': 36, 'needs_browser': 5487}
6875/22131 504.0/min {'1_mostbet_only': 224, '2_no_ads': 657, '3_other_only': 430, '4_mixed': 10, '5_dead': 14, '5_not_shown': 36, 'needs_browser': 5504}
6900/22131 503.6/min {'1_mostbet_only': 225, '2_no_ads': 665, '3_other_only': 432, '4_mixed': 10, '5_dead': 14, '5_not_shown': 36, 'needs_browser': 5518}
6925/22131 503.7/min {'1_mostbet_only': 226, '2_no_ads': 670, '3_other_only': 434, '4_mixed': 10, '5_dead': 14, '5_not_shown': 36, 'needs_browser': 5535}
6950/22131 504.2/min {'1_mostbet_only': 226, '2_no_ads': 676, '3_other_only': 437, '4_mixed': 10, '5_dead': 14, '5_not_shown': 36, 'needs_browser': 5551}
6975/22131 503.9/min {'1_mostbet_only': 227, '2_no_ads': 685, '3_other_only': 441, '4_mixed': 11, '5_dead': 14, '5_not_shown': 37, 'needs_browser': 5560}
7000/22131 504.1/min {'1_mostbet_only': 227, '2_no_ads': 691, '3_other_only': 444, '4_mixed': 11, '5_dead': 14, '5_not_shown': 37, 'needs_browser': 5576}
7025/22131 503.6/min {'1_mostbet_only': 227, '2_no_ads': 698, '3_other_only': 451, '4_mixed': 11, '5_dead': 14, '5_not_shown': 37, 'needs_browser': 5587}
7050/22131 503.9/min {'1_mostbet_only': 227, '2_no_ads': 703, '3_other_only': 453, '4_mixed': 12, '5_dead': 14, '5_not_shown': 37, 'needs_browser': 5604}
7075/22131 504.3/min {'1_mostbet_only': 227, '2_no_ads': 709, '3_other_only': 456, '4_mixed': 12, '5_dead': 14, '5_not_shown': 37, 'needs_browser': 5620}
7100/22131 504.2/min {'1_mostbet_only': 228, '2_no_ads': 714, '3_other_only': 460, '4_mixed': 12, '5_dead': 14, '5_not_shown': 37, 'needs_browser': 5635}
7125/22131 504.6/min {'1_mostbet_only': 228, '2_no_ads': 721, '3_other_only': 462, '4_mixed': 13, '5_dead': 14, '5_not_shown': 37, 'needs_browser': 5650}
7150/22131 505.0/min {'1_mostbet_only': 228, '2_no_ads': 727, '3_other_only': 465, '4_mixed': 14, '5_dead': 14, '5_not_shown': 37, 'needs_browser': 5665}
7175/22131 506.0/min {'1_mostbet_only': 228, '2_no_ads': 731, '3_other_only': 468, '4_mixed': 14, '5_dead': 14, '5_not_shown': 37, 'needs_browser': 5683}
7200/22131 506.6/min {'1_mostbet_only': 230, '2_no_ads': 735, '3_other_only': 473, '4_mixed': 15, '5_dead': 14, '5_not_shown': 37, 'needs_browser': 5696}
7225/22131 506.5/min {'1_mostbet_only': 230, '2_no_ads': 745, '3_other_only': 475, '4_mixed': 16, '5_dead': 14, '5_not_shown': 37, 'needs_browser': 5708}
7250/22131 506.9/min {'1_mostbet_only': 231, '2_no_ads': 754, '3_other_only': 480, '4_mixed': 16, '5_dead': 14, '5_not_shown': 39, 'needs_browser': 5716}
7275/22131 507.3/min {'1_mostbet_only': 231, '2_no_ads': 761, '3_other_only': 483, '4_mixed': 16, '5_dead': 14, '5_not_shown': 39, 'needs_browser': 5731}
7300/22131 507.2/min {'1_mostbet_only': 231, '2_no_ads': 768, '3_other_only': 486, '4_mixed': 17, '5_dead': 15, '5_not_shown': 39, 'needs_browser': 5744}
7325/22131 507.9/min {'1_mostbet_only': 232, '2_no_ads': 772, '3_other_only': 488, '4_mixed': 18, '5_dead': 15, '5_not_shown': 39, 'needs_browser': 5761}
7350/22131 508.8/min {'1_mostbet_only': 232, '2_no_ads': 773, '3_other_only': 488, '4_mixed': 19, '5_dead': 15, '5_not_shown': 39, 'needs_browser': 5784}
7375/22131 510.2/min {'1_mostbet_only': 232, '2_no_ads': 774, '3_other_only': 489, '4_mixed': 20, '5_dead': 15, '5_not_shown': 40, 'needs_browser': 5805}
7400/22131 511.2/min {'1_mostbet_only': 232, '2_no_ads': 779, '3_other_only': 490, '4_mixed': 22, '5_dead': 15, '5_not_shown': 40, 'needs_browser': 5822}
7425/22131 511.6/min {'1_mostbet_only': 233, '2_no_ads': 782, '3_other_only': 491, '4_mixed': 22, '5_dead': 15, '5_not_shown': 40, 'needs_browser': 5842}
7450/22131 511.6/min {'1_mostbet_only': 233, '2_no_ads': 787, '3_other_only': 496, '4_mixed': 22, '5_dead': 15, '5_not_shown': 41, 'needs_browser': 5856}
7475/22131 512.3/min {'1_mostbet_only': 234, '2_no_ads': 789, '3_other_only': 498, '4_mixed': 22, '5_dead': 15, '5_not_shown': 41, 'needs_browser': 5876}
7500/22131 513.4/min {'1_mostbet_only': 234, '2_no_ads': 790, '3_other_only': 498, '4_mixed': 23, '5_dead': 15, '5_not_shown': 45, 'needs_browser': 5895}
7525/22131 514.4/min {'1_mostbet_only': 234, '2_no_ads': 791, '3_other_only': 499, '4_mixed': 23, '5_dead': 15, '5_not_shown': 45, 'needs_browser': 5918}
7550/22131 514.7/min {'1_mostbet_only': 234, '2_no_ads': 800, '3_other_only': 501, '4_mixed': 23, '5_dead': 16, '5_not_shown': 45, 'needs_browser': 5931}
7575/22131 514.4/min {'1_mostbet_only': 234, '2_no_ads': 804, '3_other_only': 506, '4_mixed': 25, '5_dead': 16, '5_not_shown': 45, 'needs_browser': 5945}
7600/22131 514.8/min {'1_mostbet_only': 234, '2_no_ads': 809, '3_other_only': 508, '4_mixed': 27, '5_dead': 16, '5_not_shown': 45, 'needs_browser': 5961}
7625/22131 515.2/min {'1_mostbet_only': 234, '2_no_ads': 811, '3_other_only': 510, '4_mixed': 28, '5_dead': 16, '5_not_shown': 45, 'needs_browser': 5981}
7650/22131 515.8/min {'1_mostbet_only': 234, '2_no_ads': 813, '3_other_only': 513, '4_mixed': 28, '5_dead': 16, '5_not_shown': 45, 'needs_browser': 6001}
7675/22131 515.2/min {'1_mostbet_only': 234, '2_no_ads': 817, '3_other_only': 520, '4_mixed': 30, '5_dead': 16, '5_not_shown': 45, 'needs_browser': 6013}
7700/22131 512.4/min {'1_mostbet_only': 235, '2_no_ads': 828, '3_other_only': 524, '4_mixed': 30, '5_dead': 19, '5_not_shown': 45, 'needs_browser': 6019}
7725/22131 506.6/min {'1_mostbet_only': 235, '2_no_ads': 829, '3_other_only': 526, '4_mixed': 30, '5_dead': 36, '5_not_shown': 45, 'needs_browser': 6024}
7750/22131 499.1/min {'1_mostbet_only': 235, '2_no_ads': 829, '3_other_only': 526, '4_mixed': 30, '5_dead': 57, '5_not_shown': 45, 'needs_browser': 6028}
7775/22131 495.3/min {'1_mostbet_only': 235, '2_no_ads': 829, '3_other_only': 526, '4_mixed': 30, '5_dead': 81, '5_not_shown': 45, 'needs_browser': 6029}
7800/22131 489.6/min {'1_mostbet_only': 235, '2_no_ads': 829, '3_other_only': 526, '4_mixed': 30, '5_dead': 105, '5_not_shown': 45, 'needs_browser': 6030}
7825/22131 485.6/min {'1_mostbet_only': 235, '2_no_ads': 829, '3_other_only': 526, '4_mixed': 30, '5_dead': 129, '5_not_shown': 45, 'needs_browser': 6031}
7850/22131 480.2/min {'1_mostbet_only': 235, '2_no_ads': 829, '3_other_only': 526, '4_mixed': 30, '5_dead': 154, '5_not_shown': 45, 'needs_browser': 6031}
7875/22131 473.5/min {'1_mostbet_only': 235, '2_no_ads': 829, '3_other_only': 526, '4_mixed': 30, '5_dead': 177, '5_not_shown': 45, 'needs_browser': 6033}
7900/22131 469.8/min {'1_mostbet_only': 235, '2_no_ads': 829, '3_other_only': 526, '4_mixed': 30, '5_dead': 202, '5_not_shown': 45, 'needs_browser': 6033}
7925/22131 465.3/min {'1_mostbet_only': 235, '2_no_ads': 829, '3_other_only': 526, '4_mixed': 30, '5_dead': 226, '5_not_shown': 45, 'needs_browser': 6034}
7950/22131 461.4/min {'1_mostbet_only': 235, '2_no_ads': 829, '3_other_only': 526, '4_mixed': 30, '5_dead': 251, '5_not_shown': 45, 'needs_browser': 6034}
7975/22131 456.7/min {'1_mostbet_only': 235, '2_no_ads': 829, '3_other_only': 526, '4_mixed': 30, '5_dead': 276, '5_not_shown': 45, 'needs_browser': 6034}
8000/22131 451.2/min {'1_mostbet_only': 235, '2_no_ads': 829, '3_other_only': 526, '4_mixed': 30, '5_dead': 301, '5_not_shown': 45, 'needs_browser': 6034}
8025/22131 448.0/min {'1_mostbet_only': 235, '2_no_ads': 829, '3_other_only': 526, '4_mixed': 30, '5_dead': 323, '5_not_shown': 45, 'needs_browser': 6037}
8050/22131 444.0/min {'1_mostbet_only': 235, '2_no_ads': 829, '3_other_only': 526, '4_mixed': 30, '5_dead': 346, '5_not_shown': 45, 'needs_browser': 6039}
8075/22131 441.7/min {'1_mostbet_only': 235, '2_no_ads': 830, '3_other_only': 526, '4_mixed': 30, '5_dead': 366, '5_not_shown': 45, 'needs_browser': 6043}
8100/22131 437.3/min {'1_mostbet_only': 235, '2_no_ads': 830, '3_other_only': 526, '4_mixed': 30, '5_dead': 387, '5_not_shown': 45, 'needs_browser': 6047}
8125/22131 435.7/min {'1_mostbet_only': 235, '2_no_ads': 830, '3_other_only': 526, '4_mixed': 30, '5_dead': 405, '5_not_shown': 45, 'needs_browser': 6054}
8150/22131 434.7/min {'1_mostbet_only': 236, '2_no_ads': 834, '3_other_only': 526, '4_mixed': 30, '5_dead': 415, '5_not_shown': 45, 'needs_browser': 6064}
8175/22131 433.4/min {'1_mostbet_only': 236, '2_no_ads': 836, '3_other_only': 526, '4_mixed': 30, '5_dead': 425, '5_not_shown': 45, 'needs_browser': 6077}
8200/22131 433.2/min {'1_mostbet_only': 236, '2_no_ads': 837, '3_other_only': 527, '4_mixed': 31, '5_dead': 437, '5_not_shown': 45, 'needs_browser': 6087}
8225/22131 432.6/min {'1_mostbet_only': 236, '2_no_ads': 843, '3_other_only': 531, '4_mixed': 31, '5_dead': 443, '5_not_shown': 45, 'needs_browser': 6096}
8250/22131 432.4/min {'1_mostbet_only': 236, '2_no_ads': 846, '3_other_only': 531, '4_mixed': 31, '5_dead': 453, '5_not_shown': 46, 'needs_browser': 6107}
8275/22131 433.0/min {'1_mostbet_only': 237, '2_no_ads': 849, '3_other_only': 531, '4_mixed': 31, '5_dead': 455, '5_not_shown': 46, 'needs_browser': 6126}
8300/22131 433.8/min {'1_mostbet_only': 237, '2_no_ads': 849, '3_other_only': 531, '4_mixed': 32, '5_dead': 457, '5_not_shown': 46, 'needs_browser': 6148}
8325/22131 434.6/min {'1_mostbet_only': 237, '2_no_ads': 850, '3_other_only': 531, '4_mixed': 32, '5_dead': 457, '5_not_shown': 46, 'needs_browser': 6172}
8350/22131 433.7/min {'1_mostbet_only': 237, '2_no_ads': 851, '3_other_only': 533, '4_mixed': 32, '5_dead': 459, '5_not_shown': 47, 'needs_browser': 6191}
8375/22131 432.9/min {'1_mostbet_only': 237, '2_no_ads': 851, '3_other_only': 533, '4_mixed': 32, '5_dead': 476, '5_not_shown': 47, 'needs_browser': 6199}
8400/22131 433.3/min {'1_mostbet_only': 237, '2_no_ads': 851, '3_other_only': 533, '4_mixed': 32, '5_dead': 481, '5_not_shown': 47, 'needs_browser': 6219}
8425/22131 433.9/min {'1_mostbet_only': 237, '2_no_ads': 851, '3_other_only': 533, '4_mixed': 32, '5_dead': 483, '5_not_shown': 47, 'needs_browser': 6242}
8450/22131 433.4/min {'1_mostbet_only': 237, '2_no_ads': 851, '3_other_only': 533, '4_mixed': 32, '5_dead': 488, '5_not_shown': 47, 'needs_browser': 6262}
8475/22131 433.4/min {'1_mostbet_only': 237, '2_no_ads': 852, '3_other_only': 533, '4_mixed': 32, '5_dead': 494, '5_not_shown': 47, 'needs_browser': 6280}
8500/22131 433.9/min {'1_mostbet_only': 237, '2_no_ads': 852, '3_other_only': 533, '4_mixed': 32, '5_dead': 501, '5_not_shown': 47, 'needs_browser': 6298}
8525/22131 434.6/min {'1_mostbet_only': 237, '2_no_ads': 852, '3_other_only': 533, '4_mixed': 32, '5_dead': 506, '5_not_shown': 47, 'needs_browser': 6318}
8550/22131 435.0/min {'1_mostbet_only': 237, '2_no_ads': 852, '3_other_only': 533, '4_mixed': 32, '5_dead': 513, '5_not_shown': 47, 'needs_browser': 6336}
8575/22131 435.5/min {'1_mostbet_only': 237, '2_no_ads': 852, '3_other_only': 533, '4_mixed': 32, '5_dead': 528, '5_not_shown': 47, 'needs_browser': 6346}
8600/22131 436.0/min {'1_mostbet_only': 237, '2_no_ads': 852, '3_other_only': 533, '4_mixed': 32, '5_dead': 533, '5_not_shown': 47, 'needs_browser': 6366}
8625/22131 435.4/min {'1_mostbet_only': 237, '2_no_ads': 852, '3_other_only': 533, '4_mixed': 32, '5_dead': 540, '5_not_shown': 47, 'needs_browser': 6384}
8650/22131 435.9/min {'1_mostbet_only': 237, '2_no_ads': 852, '3_other_only': 533, '4_mixed': 32, '5_dead': 540, '5_not_shown': 47, 'needs_browser': 6409}
8675/22131 436.3/min {'1_mostbet_only': 237, '2_no_ads': 852, '3_other_only': 533, '4_mixed': 32, '5_dead': 543, '5_not_shown': 47, 'needs_browser': 6431}
8700/22131 436.9/min {'1_mostbet_only': 237, '2_no_ads': 852, '3_other_only': 533, '4_mixed': 32, '5_dead': 545, '5_not_shown': 47, 'needs_browser': 6454}
8725/22131 437.4/min {'1_mostbet_only': 237, '2_no_ads': 852, '3_other_only': 533, '4_mixed': 32, '5_dead': 546, '5_not_shown': 47, 'needs_browser': 6478}
8750/22131 438.0/min {'1_mostbet_only': 237, '2_no_ads': 852, '3_other_only': 533, '4_mixed': 32, '5_dead': 546, '5_not_shown': 48, 'needs_browser': 6502}
8775/22131 438.8/min {'1_mostbet_only': 237, '2_no_ads': 852, '3_other_only': 533, '4_mixed': 32, '5_dead': 552, '5_not_shown': 48, 'needs_browser': 6521}
8800/22131 439.5/min {'1_mostbet_only': 237, '2_no_ads': 852, '3_other_only': 533, '4_mixed': 32, '5_dead': 553, '5_not_shown': 48, 'needs_browser': 6545}
8825/22131 440.2/min {'1_mostbet_only': 237, '2_no_ads': 852, '3_other_only': 533, '4_mixed': 32, '5_dead': 559, '5_not_shown': 48, 'needs_browser': 6564}
8850/22131 441.1/min {'1_mostbet_only': 237, '2_no_ads': 852, '3_other_only': 533, '4_mixed': 32, '5_dead': 564, '5_not_shown': 48, 'needs_browser': 6584}
8875/22131 442.1/min {'1_mostbet_only': 237, '2_no_ads': 852, '3_other_only': 533, '4_mixed': 32, '5_dead': 564, '5_not_shown': 48, 'needs_browser': 6609}
8900/22131 443.1/min {'1_mostbet_only': 237, '2_no_ads': 852, '3_other_only': 533, '4_mixed': 32, '5_dead': 569, '5_not_shown': 48, 'needs_browser': 6629}
8925/22131 444.1/min {'1_mostbet_only': 237, '2_no_ads': 852, '3_other_only': 533, '4_mixed': 32, '5_dead': 569, '5_not_shown': 48, 'needs_browser': 6654}
8950/22131 445.2/min {'1_mostbet_only': 237, '2_no_ads': 852, '3_other_only': 533, '4_mixed': 32, '5_dead': 570, '5_not_shown': 48, 'needs_browser': 6678}
8975/22131 446.2/min {'1_mostbet_only': 237, '2_no_ads': 852, '3_other_only': 533, '4_mixed': 32, '5_dead': 571, '5_not_shown': 48, 'needs_browser': 6702}
9000/22131 447.2/min {'1_mostbet_only': 237, '2_no_ads': 852, '3_other_only': 533, '4_mixed': 32, '5_dead': 571, '5_not_shown': 48, 'needs_browser': 6727}
9025/22131 448.2/min {'1_mostbet_only': 237, '2_no_ads': 852, '3_other_only': 533, '4_mixed': 32, '5_dead': 572, '5_not_shown': 48, 'needs_browser': 6751}
9050/22131 449.3/min {'1_mostbet_only': 237, '2_no_ads': 852, '3_other_only': 533, '4_mixed': 32, '5_dead': 572, '5_not_shown': 48, 'needs_browser': 6776}
9075/22131 450.3/min {'1_mostbet_only': 237, '2_no_ads': 852, '3_other_only': 533, '4_mixed': 32, '5_dead': 572, '5_not_shown': 48, 'needs_browser': 6801}
9100/22131 451.4/min {'1_mostbet_only': 237, '2_no_ads': 852, '3_other_only': 533, '4_mixed': 32, '5_dead': 572, '5_not_shown': 48, 'needs_browser': 6826}
9125/22131 452.5/min {'1_mostbet_only': 237, '2_no_ads': 852, '3_other_only': 533, '4_mixed': 32, '5_dead': 572, '5_not_shown': 48, 'needs_browser': 6851}
9150/22131 453.5/min {'1_mostbet_only': 237, '2_no_ads': 852, '3_other_only': 533, '4_mixed': 32, '5_dead': 572, '5_not_shown': 48, 'needs_browser': 6876}
9175/22131 454.6/min {'1_mostbet_only': 237, '2_no_ads': 852, '3_other_only': 533, '4_mixed': 32, '5_dead': 572, '5_not_shown': 48, 'needs_browser': 6901}
9200/22131 455.7/min {'1_mostbet_only': 237, '2_no_ads': 852, '3_other_only': 533, '4_mixed': 32, '5_dead': 572, '5_not_shown': 48, 'needs_browser': 6926}
9225/22131 456.7/min {'1_mostbet_only': 237, '2_no_ads': 852, '3_other_only': 533, '4_mixed': 32, '5_dead': 572, '5_not_shown': 48, 'needs_browser': 6951}
9250/22131 457.8/min {'1_mostbet_only': 237, '2_no_ads': 852, '3_other_only': 533, '4_mixed': 32, '5_dead': 572, '5_not_shown': 48, 'needs_browser': 6976}
9275/22131 458.9/min {'1_mostbet_only': 237, '2_no_ads': 852, '3_other_only': 533, '4_mixed': 32, '5_dead': 572, '5_not_shown': 48, 'needs_browser': 7001}
9300/22131 460.0/min {'1_mostbet_only': 237, '2_no_ads': 852, '3_other_only': 533, '4_mixed': 32, '5_dead': 572, '5_not_shown': 48, 'needs_browser': 7026}
9325/22131 461.1/min {'1_mostbet_only': 237, '2_no_ads': 852, '3_other_only': 533, '4_mixed': 32, '5_dead': 572, '5_not_shown': 48, 'needs_browser': 7051}
9350/22131 462.1/min {'1_mostbet_only': 237, '2_no_ads': 852, '3_other_only': 533, '4_mixed': 32, '5_dead': 572, '5_not_shown': 48, 'needs_browser': 7076}
9375/22131 463.2/min {'1_mostbet_only': 237, '2_no_ads': 852, '3_other_only': 533, '4_mixed': 32, '5_dead': 572, '5_not_shown': 48, 'needs_browser': 7101}
9400/22131 464.2/min {'1_mostbet_only': 237, '2_no_ads': 852, '3_other_only': 533, '4_mixed': 32, '5_dead': 572, '5_not_shown': 48, 'needs_browser': 7126}
9425/22131 465.4/min {'1_mostbet_only': 237, '2_no_ads': 852, '3_other_only': 533, '4_mixed': 32, '5_dead': 572, '5_not_shown': 48, 'needs_browser': 7151}
9450/22131 466.4/min {'1_mostbet_only': 237, '2_no_ads': 852, '3_other_only': 533, '4_mixed': 32, '5_dead': 572, '5_not_shown': 48, 'needs_browser': 7176}
9475/22131 467.4/min {'1_mostbet_only': 237, '2_no_ads': 852, '3_other_only': 533, '4_mixed': 32, '5_dead': 572, '5_not_shown': 48, 'needs_browser': 7201}
9500/22131 468.5/min {'1_mostbet_only': 237, '2_no_ads': 852, '3_other_only': 533, '4_mixed': 32, '5_dead': 572, '5_not_shown': 48, 'needs_browser': 7226}
9525/22131 469.6/min {'1_mostbet_only': 237, '2_no_ads': 852, '3_other_only': 533, '4_mixed': 32, '5_dead': 572, '5_not_shown': 48, 'needs_browser': 7251}
9550/22131 470.7/min {'1_mostbet_only': 237, '2_no_ads': 852, '3_other_only': 533, '4_mixed': 32, '5_dead': 572, '5_not_shown': 48, 'needs_browser': 7276}
9575/22131 471.8/min {'1_mostbet_only': 237, '2_no_ads': 852, '3_other_only': 533, '4_mixed': 32, '5_dead': 572, '5_not_shown': 48, 'needs_browser': 7301}
9600/22131 472.8/min {'1_mostbet_only': 237, '2_no_ads': 852, '3_other_only': 533, '4_mixed': 32, '5_dead': 572, '5_not_shown': 48, 'needs_browser': 7326}
9625/22131 473.9/min {'1_mostbet_only': 237, '2_no_ads': 852, '3_other_only': 533, '4_mixed': 32, '5_dead': 572, '5_not_shown': 48, 'needs_browser': 7351}
9650/22131 475.0/min {'1_mostbet_only': 237, '2_no_ads': 852, '3_other_only': 533, '4_mixed': 32, '5_dead': 572, '5_not_shown': 48, 'needs_browser': 7376}
9675/22131 476.0/min {'1_mostbet_only': 237, '2_no_ads': 852, '3_other_only': 533, '4_mixed': 32, '5_dead': 572, '5_not_shown': 48, 'needs_browser': 7401}
9700/22131 477.0/min {'1_mostbet_only': 237, '2_no_ads': 852, '3_other_only': 533, '4_mixed': 32, '5_dead': 572, '5_not_shown': 48, 'needs_browser': 7426}
9725/22131 478.1/min {'1_mostbet_only': 237, '2_no_ads': 852, '3_other_only': 533, '4_mixed': 32, '5_dead': 572, '5_not_shown': 48, 'needs_browser': 7451}
9750/22131 479.1/min {'1_mostbet_only': 237, '2_no_ads': 852, '3_other_only': 533, '4_mixed': 32, '5_dead': 572, '5_not_shown': 48, 'needs_browser': 7476}
9775/22131 480.2/min {'1_mostbet_only': 237, '2_no_ads': 852, '3_other_only': 533, '4_mixed': 32, '5_dead': 572, '5_not_shown': 48, 'needs_browser': 7501}
9800/22131 481.2/min {'1_mostbet_only': 237, '2_no_ads': 852, '3_other_only': 533, '4_mixed': 32, '5_dead': 572, '5_not_shown': 48, 'needs_browser': 7526}
9825/22131 482.3/min {'1_mostbet_only': 237, '2_no_ads': 852, '3_other_only': 533, '4_mixed': 32, '5_dead': 572, '5_not_shown': 48, 'needs_browser': 7551}
9850/22131 483.4/min {'1_mostbet_only': 237, '2_no_ads': 852, '3_other_only': 533, '4_mixed': 32, '5_dead': 572, '5_not_shown': 48, 'needs_browser': 7576}
9875/22131 484.4/min {'1_mostbet_only': 237, '2_no_ads': 852, '3_other_only': 533, '4_mixed': 32, '5_dead': 572, '5_not_shown': 48, 'needs_browser': 7601}
9900/22131 485.5/min {'1_mostbet_only': 237, '2_no_ads': 852, '3_other_only': 533, '4_mixed': 32, '5_dead': 572, '5_not_shown': 48, 'needs_browser': 7626}
9925/22131 486.5/min {'1_mostbet_only': 237, '2_no_ads': 852, '3_other_only': 533, '4_mixed': 32, '5_dead': 572, '5_not_shown': 48, 'needs_browser': 7651}
9950/22131 486.9/min {'1_mostbet_only': 237, '2_no_ads': 852, '3_other_only': 533, '4_mixed': 32, '5_dead': 575, '5_not_shown': 48, 'needs_browser': 7673}
9975/22131 486.2/min {'1_mostbet_only': 237, '2_no_ads': 852, '3_other_only': 533, '4_mixed': 32, '5_dead': 579, '5_not_shown': 48, 'needs_browser': 7694}
10000/22131 482.7/min {'1_mostbet_only': 237, '2_no_ads': 853, '3_other_only': 533, '4_mixed': 32, '5_dead': 583, '5_not_shown': 48, 'needs_browser': 7714}
10025/22131 482.8/min {'1_mostbet_only': 237, '2_no_ads': 853, '3_other_only': 533, '4_mixed': 32, '5_dead': 604, '5_not_shown': 48, 'needs_browser': 7718}
10050/22131 483.7/min {'1_mostbet_only': 237, '2_no_ads': 853, '3_other_only': 533, '4_mixed': 32, '5_dead': 611, '5_not_shown': 48, 'needs_browser': 7736}
10075/22131 484.6/min {'1_mostbet_only': 237, '2_no_ads': 853, '3_other_only': 533, '4_mixed': 32, '5_dead': 616, '5_not_shown': 50, 'needs_browser': 7754}
10100/22131 485.5/min {'1_mostbet_only': 237, '2_no_ads': 853, '3_other_only': 534, '4_mixed': 32, '5_dead': 618, '5_not_shown': 56, 'needs_browser': 7770}
10125/22131 486.4/min {'1_mostbet_only': 237, '2_no_ads': 853, '3_other_only': 534, '4_mixed': 32, '5_dead': 620, '5_not_shown': 59, 'needs_browser': 7790}
10150/22131 487.4/min {'1_mostbet_only': 237, '2_no_ads': 853, '3_other_only': 534, '4_mixed': 32, '5_dead': 620, '5_not_shown': 63, 'needs_browser': 7811}
10175/22131 488.5/min {'1_mostbet_only': 237, '2_no_ads': 853, '3_other_only': 534, '4_mixed': 32, '5_dead': 620, '5_not_shown': 69, 'needs_browser': 7830}
10200/22131 489.5/min {'1_mostbet_only': 237, '2_no_ads': 853, '3_other_only': 534, '4_mixed': 32, '5_dead': 620, '5_not_shown': 78, 'needs_browser': 7846}
10225/22131 490.5/min {'1_mostbet_only': 237, '2_no_ads': 854, '3_other_only': 534, '4_mixed': 32, '5_dead': 620, '5_not_shown': 90, 'needs_browser': 7858}
10250/22131 491.3/min {'1_mostbet_only': 237, '2_no_ads': 854, '3_other_only': 534, '4_mixed': 32, '5_dead': 621, '5_not_shown': 96, 'needs_browser': 7876}
10275/22131 492.1/min {'1_mostbet_only': 237, '2_no_ads': 854, '3_other_only': 534, '4_mixed': 32, '5_dead': 621, '5_not_shown': 105, 'needs_browser': 7892}
10300/22131 493.0/min {'1_mostbet_only': 237, '2_no_ads': 854, '3_other_only': 534, '4_mixed': 32, '5_dead': 624, '5_not_shown': 112, 'needs_browser': 7907}
10325/22131 493.8/min {'1_mostbet_only': 237, '2_no_ads': 854, '3_other_only': 534, '4_mixed': 32, '5_dead': 627, '5_not_shown': 125, 'needs_browser': 7916}
10350/22131 494.6/min {'1_mostbet_only': 237, '2_no_ads': 854, '3_other_only': 534, '4_mixed': 32, '5_dead': 628, '5_not_shown': 130, 'needs_browser': 7935}
10375/22131 494.9/min {'1_mostbet_only': 237, '2_no_ads': 854, '3_other_only': 534, '4_mixed': 32, '5_dead': 628, '5_not_shown': 139, 'needs_browser': 7951}
10400/22131 495.4/min {'1_mostbet_only': 237, '2_no_ads': 854, '3_other_only': 534, '4_mixed': 32, '5_dead': 628, '5_not_shown': 149, 'needs_browser': 7966}
10425/22131 495.9/min {'1_mostbet_only': 237, '2_no_ads': 854, '3_other_only': 534, '4_mixed': 32, '5_dead': 630, '5_not_shown': 160, 'needs_browser': 7978}
10450/22131 496.4/min {'1_mostbet_only': 237, '2_no_ads': 854, '3_other_only': 534, '4_mixed': 32, '5_dead': 630, '5_not_shown': 170, 'needs_browser': 7993}
10475/22131 496.5/min {'1_mostbet_only': 237, '2_no_ads': 855, '3_other_only': 534, '4_mixed': 32, '5_dead': 632, '5_not_shown': 182, 'needs_browser': 8003}
10500/22131 497.3/min {'1_mostbet_only': 237, '2_no_ads': 855, '3_other_only': 534, '4_mixed': 32, '5_dead': 632, '5_not_shown': 194, 'needs_browser': 8016}
10525/22131 498.1/min {'1_mostbet_only': 237, '2_no_ads': 855, '3_other_only': 534, '4_mixed': 32, '5_dead': 632, '5_not_shown': 207, 'needs_browser': 8028}
10550/22131 499.0/min {'1_mostbet_only': 237, '2_no_ads': 855, '3_other_only': 534, '4_mixed': 32, '5_dead': 636, '5_not_shown': 218, 'needs_browser': 8038}
10575/22131 499.9/min {'1_mostbet_only': 237, '2_no_ads': 855, '3_other_only': 534, '4_mixed': 32, '5_dead': 638, '5_not_shown': 227, 'needs_browser': 8052}
10600/22131 500.8/min {'1_mostbet_only': 237, '2_no_ads': 855, '3_other_only': 534, '4_mixed': 32, '5_dead': 638, '5_not_shown': 239, 'needs_browser': 8065}
10625/22131 501.8/min {'1_mostbet_only': 237, '2_no_ads': 855, '3_other_only': 534, '4_mixed': 32, '5_dead': 638, '5_not_shown': 242, 'needs_browser': 8087}
10650/22131 502.7/min {'1_mostbet_only': 237, '2_no_ads': 855, '3_other_only': 534, '4_mixed': 32, '5_dead': 638, '5_not_shown': 252, 'needs_browser': 8102}
10675/22131 503.5/min {'1_mostbet_only': 237, '2_no_ads': 855, '3_other_only': 534, '4_mixed': 32, '5_dead': 638, '5_not_shown': 266, 'needs_browser': 8113}
10700/22131 504.4/min {'1_mostbet_only': 237, '2_no_ads': 855, '3_other_only': 534, '4_mixed': 32, '5_dead': 638, '5_not_shown': 276, 'needs_browser': 8128}
10725/22131 505.3/min {'1_mostbet_only': 237, '2_no_ads': 855, '3_other_only': 534, '4_mixed': 32, '5_dead': 638, '5_not_shown': 281, 'needs_browser': 8148}
10750/22131 506.2/min {'1_mostbet_only': 237, '2_no_ads': 855, '3_other_only': 534, '4_mixed': 32, '5_dead': 638, '5_not_shown': 288, 'needs_browser': 8166}
10775/22131 507.2/min {'1_mostbet_only': 237, '2_no_ads': 855, '3_other_only': 534, '4_mixed': 32, '5_dead': 638, '5_not_shown': 294, 'needs_browser': 8185}
10800/22131 508.2/min {'1_mostbet_only': 237, '2_no_ads': 855, '3_other_only': 534, '4_mixed': 32, '5_dead': 638, '5_not_shown': 304, 'needs_browser': 8200}
10825/22131 509.2/min {'1_mostbet_only': 237, '2_no_ads': 855, '3_other_only': 534, '4_mixed': 32, '5_dead': 638, '5_not_shown': 319, 'needs_browser': 8210}
10850/22131 510.0/min {'1_mostbet_only': 237, '2_no_ads': 855, '3_other_only': 534, '4_mixed': 32, '5_dead': 638, '5_not_shown': 330, 'needs_browser': 8224}
10875/22131 511.0/min {'1_mostbet_only': 237, '2_no_ads': 855, '3_other_only': 534, '4_mixed': 32, '5_dead': 639, '5_not_shown': 342, 'needs_browser': 8236}
10900/22131 512.0/min {'1_mostbet_only': 237, '2_no_ads': 855, '3_other_only': 534, '4_mixed': 32, '5_dead': 639, '5_not_shown': 354, 'needs_browser': 8249}
10925/22131 512.9/min {'1_mostbet_only': 237, '2_no_ads': 855, '3_other_only': 534, '4_mixed': 32, '5_dead': 640, '5_not_shown': 364, 'needs_browser': 8263}
10950/22131 513.7/min {'1_mostbet_only': 237, '2_no_ads': 855, '3_other_only': 534, '4_mixed': 32, '5_dead': 640, '5_not_shown': 377, 'needs_browser': 8275}
10975/22131 514.6/min {'1_mostbet_only': 237, '2_no_ads': 855, '3_other_only': 534, '4_mixed': 32, '5_dead': 640, '5_not_shown': 398, 'needs_browser': 8279}
11000/22131 515.3/min {'1_mostbet_only': 237, '2_no_ads': 855, '3_other_only': 534, '4_mixed': 33, '5_dead': 640, '5_not_shown': 415, 'needs_browser': 8286}
11025/22131 516.3/min {'1_mostbet_only': 237, '2_no_ads': 855, '3_other_only': 534, '4_mixed': 33, '5_dead': 640, '5_not_shown': 426, 'needs_browser': 8300}
11050/22131 517.3/min {'1_mostbet_only': 237, '2_no_ads': 855, '3_other_only': 534, '4_mixed': 33, '5_dead': 640, '5_not_shown': 447, 'needs_browser': 8304}
11075/22131 518.3/min {'1_mostbet_only': 237, '2_no_ads': 855, '3_other_only': 534, '4_mixed': 33, '5_dead': 640, '5_not_shown': 470, 'needs_browser': 8306}
11100/22131 519.3/min {'1_mostbet_only': 237, '2_no_ads': 855, '3_other_only': 534, '4_mixed': 33, '5_dead': 640, '5_not_shown': 484, 'needs_browser': 8317}
11125/22131 520.3/min {'1_mostbet_only': 237, '2_no_ads': 855, '3_other_only': 534, '4_mixed': 33, '5_dead': 640, '5_not_shown': 500, 'needs_browser': 8326}
11150/22131 521.3/min {'1_mostbet_only': 237, '2_no_ads': 855, '3_other_only': 534, '4_mixed': 33, '5_dead': 640, '5_not_shown': 522, 'needs_browser': 8329}
11175/22131 522.3/min {'1_mostbet_only': 237, '2_no_ads': 855, '3_other_only': 534, '4_mixed': 33, '5_dead': 640, '5_not_shown': 545, 'needs_browser': 8331}
11200/22131 523.3/min {'1_mostbet_only': 237, '2_no_ads': 855, '3_other_only': 535, '4_mixed': 33, '5_dead': 640, '5_not_shown': 562, 'needs_browser': 8338}
11225/22131 524.3/min {'1_mostbet_only': 237, '2_no_ads': 855, '3_other_only': 535, '4_mixed': 33, '5_dead': 640, '5_not_shown': 585, 'needs_browser': 8340}
11250/22131 525.4/min {'1_mostbet_only': 237, '2_no_ads': 855, '3_other_only': 535, '4_mixed': 33, '5_dead': 640, '5_not_shown': 603, 'needs_browser': 8347}
11275/22131 526.4/min {'1_mostbet_only': 237, '2_no_ads': 855, '3_other_only': 535, '4_mixed': 33, '5_dead': 640, '5_not_shown': 623, 'needs_browser': 8352}
11300/22131 527.5/min {'1_mostbet_only': 237, '2_no_ads': 855, '3_other_only': 535, '4_mixed': 33, '5_dead': 640, '5_not_shown': 642, 'needs_browser': 8358}
11325/22131 528.5/min {'1_mostbet_only': 237, '2_no_ads': 855, '3_other_only': 535, '4_mixed': 33, '5_dead': 640, '5_not_shown': 665, 'needs_browser': 8360}
11350/22131 529.6/min {'1_mostbet_only': 237, '2_no_ads': 855, '3_other_only': 535, '4_mixed': 33, '5_dead': 641, '5_not_shown': 688, 'needs_browser': 8361}
11375/22131 530.6/min {'1_mostbet_only': 237, '2_no_ads': 855, '3_other_only': 535, '4_mixed': 33, '5_dead': 641, '5_not_shown': 710, 'needs_browser': 8364}
11400/22131 531.7/min {'1_mostbet_only': 237, '2_no_ads': 855, '3_other_only': 535, '4_mixed': 33, '5_dead': 641, '5_not_shown': 731, 'needs_browser': 8368}
11425/22131 532.7/min {'1_mostbet_only': 237, '2_no_ads': 855, '3_other_only': 535, '4_mixed': 33, '5_dead': 641, '5_not_shown': 753, 'needs_browser': 8371}
11450/22131 533.8/min {'1_mostbet_only': 237, '2_no_ads': 855, '3_other_only': 535, '4_mixed': 33, '5_dead': 641, '5_not_shown': 777, 'needs_browser': 8372}
11475/22131 534.8/min {'1_mostbet_only': 237, '2_no_ads': 855, '3_other_only': 535, '4_mixed': 33, '5_dead': 641, '5_not_shown': 798, 'needs_browser': 8376}
11500/22131 535.9/min {'1_mostbet_only': 237, '2_no_ads': 855, '3_other_only': 535, '4_mixed': 33, '5_dead': 641, '5_not_shown': 821, 'needs_browser': 8378}
11525/22131 536.9/min {'1_mostbet_only': 237, '2_no_ads': 855, '3_other_only': 535, '4_mixed': 33, '5_dead': 641, '5_not_shown': 844, 'needs_browser': 8380}
11550/22131 537.9/min {'1_mostbet_only': 237, '2_no_ads': 855, '3_other_only': 535, '4_mixed': 33, '5_dead': 641, '5_not_shown': 862, 'needs_browser': 8387}
11575/22131 539.0/min {'1_mostbet_only': 237, '2_no_ads': 855, '3_other_only': 535, '4_mixed': 33, '5_dead': 641, '5_not_shown': 880, 'needs_browser': 8394}
11600/22131 540.1/min {'1_mostbet_only': 237, '2_no_ads': 855, '3_other_only': 535, '4_mixed': 33, '5_dead': 641, '5_not_shown': 891, 'needs_browser': 8408}
11625/22131 541.1/min {'1_mostbet_only': 237, '2_no_ads': 855, '3_other_only': 535, '4_mixed': 33, '5_dead': 641, '5_not_shown': 904, 'needs_browser': 8420}
11650/22131 542.1/min {'1_mostbet_only': 237, '2_no_ads': 855, '3_other_only': 535, '4_mixed': 33, '5_dead': 641, '5_not_shown': 922, 'needs_browser': 8427}
11675/22131 543.1/min {'1_mostbet_only': 237, '2_no_ads': 855, '3_other_only': 535, '4_mixed': 33, '5_dead': 641, '5_not_shown': 937, 'needs_browser': 8437}
11700/22131 544.0/min {'1_mostbet_only': 237, '2_no_ads': 855, '3_other_only': 535, '4_mixed': 33, '5_dead': 641, '5_not_shown': 958, 'needs_browser': 8441}
11725/22131 544.8/min {'1_mostbet_only': 237, '2_no_ads': 855, '3_other_only': 535, '4_mixed': 33, '5_dead': 641, '5_not_shown': 977, 'needs_browser': 8447}
11750/22131 543.7/min {'1_mostbet_only': 237, '2_no_ads': 855, '3_other_only': 535, '4_mixed': 33, '5_dead': 641, '5_not_shown': 999, 'needs_browser': 8450}
11775/22131 541.1/min {'1_mostbet_only': 237, '2_no_ads': 855, '3_other_only': 535, '4_mixed': 33, '5_dead': 641, '5_not_shown': 1020, 'needs_browser': 8454}
11800/22131 540.7/min {'1_mostbet_only': 237, '2_no_ads': 855, '3_other_only': 535, '4_mixed': 33, '5_dead': 641, '5_not_shown': 1043, 'needs_browser': 8456}
11825/22131 541.7/min {'1_mostbet_only': 237, '2_no_ads': 855, '3_other_only': 535, '4_mixed': 33, '5_dead': 641, '5_not_shown': 1064, 'needs_browser': 8460}
11850/22131 542.7/min {'1_mostbet_only': 237, '2_no_ads': 855, '3_other_only': 535, '4_mixed': 33, '5_dead': 641, '5_not_shown': 1089, 'needs_browser': 8460}
11875/22131 543.8/min {'1_mostbet_only': 237, '2_no_ads': 855, '3_other_only': 535, '4_mixed': 33, '5_dead': 641, '5_not_shown': 1105, 'needs_browser': 8469}
11900/22131 544.7/min {'1_mostbet_only': 237, '2_no_ads': 855, '3_other_only': 535, '4_mixed': 33, '5_dead': 641, '5_not_shown': 1125, 'needs_browser': 8474}
11925/22131 545.7/min {'1_mostbet_only': 237, '2_no_ads': 855, '3_other_only': 535, '4_mixed': 33, '5_dead': 641, '5_not_shown': 1136, 'needs_browser': 8488}
11950/22131 546.7/min {'1_mostbet_only': 237, '2_no_ads': 855, '3_other_only': 535, '4_mixed': 33, '5_dead': 641, '5_not_shown': 1150, 'needs_browser': 8499}
11975/22131 547.6/min {'1_mostbet_only': 237, '2_no_ads': 855, '3_other_only': 535, '4_mixed': 33, '5_dead': 641, '5_not_shown': 1168, 'needs_browser': 8506}
12000/22131 548.5/min {'1_mostbet_only': 237, '2_no_ads': 855, '3_other_only': 535, '4_mixed': 33, '5_dead': 641, '5_not_shown': 1182, 'needs_browser': 8517}
12025/22131 549.4/min {'1_mostbet_only': 237, '2_no_ads': 855, '3_other_only': 535, '4_mixed': 33, '5_dead': 641, '5_not_shown': 1199, 'needs_browser': 8525}
12050/22131 550.4/min {'1_mostbet_only': 237, '2_no_ads': 855, '3_other_only': 535, '4_mixed': 33, '5_dead': 641, '5_not_shown': 1210, 'needs_browser': 8539}
12075/22131 551.3/min {'1_mostbet_only': 237, '2_no_ads': 855, '3_other_only': 535, '4_mixed': 33, '5_dead': 641, '5_not_shown': 1225, 'needs_browser': 8549}
12100/22131 552.3/min {'1_mostbet_only': 237, '2_no_ads': 855, '3_other_only': 535, '4_mixed': 33, '5_dead': 641, '5_not_shown': 1248, 'needs_browser': 8551}
12125/22131 553.2/min {'1_mostbet_only': 237, '2_no_ads': 855, '3_other_only': 535, '4_mixed': 33, '5_dead': 641, '5_not_shown': 1255, 'needs_browser': 8569}
12150/22131 554.3/min {'1_mostbet_only': 237, '2_no_ads': 855, '3_other_only': 535, '4_mixed': 33, '5_dead': 641, '5_not_shown': 1256, 'needs_browser': 8593}
12175/22131 555.2/min {'1_mostbet_only': 237, '2_no_ads': 855, '3_other_only': 535, '4_mixed': 33, '5_dead': 641, '5_not_shown': 1266, 'needs_browser': 8608}
12200/22131 556.1/min {'1_mostbet_only': 237, '2_no_ads': 855, '3_other_only': 535, '4_mixed': 33, '5_dead': 641, '5_not_shown': 1276, 'needs_browser': 8623}
12225/22131 557.1/min {'1_mostbet_only': 237, '2_no_ads': 855, '3_other_only': 535, '4_mixed': 33, '5_dead': 641, '5_not_shown': 1290, 'needs_browser': 8634}
12250/22131 558.0/min {'1_mostbet_only': 237, '2_no_ads': 855, '3_other_only': 535, '4_mixed': 33, '5_dead': 641, '5_not_shown': 1299, 'needs_browser': 8650}
12275/22131 559.0/min {'1_mostbet_only': 237, '2_no_ads': 855, '3_other_only': 535, '4_mixed': 33, '5_dead': 641, '5_not_shown': 1307, 'needs_browser': 8667}
12300/22131 559.8/min {'1_mostbet_only': 237, '2_no_ads': 855, '3_other_only': 535, '4_mixed': 33, '5_dead': 641, '5_not_shown': 1321, 'needs_browser': 8678}
12325/22131 560.7/min {'1_mostbet_only': 237, '2_no_ads': 855, '3_other_only': 535, '4_mixed': 33, '5_dead': 641, '5_not_shown': 1329, 'needs_browser': 8695}
12350/22131 561.5/min {'1_mostbet_only': 237, '2_no_ads': 855, '3_other_only': 535, '4_mixed': 33, '5_dead': 641, '5_not_shown': 1348, 'needs_browser': 8701}
12375/22131 562.4/min {'1_mostbet_only': 237, '2_no_ads': 855, '3_other_only': 535, '4_mixed': 33, '5_dead': 641, '5_not_shown': 1370, 'needs_browser': 8704}
12400/22131 563.3/min {'1_mostbet_only': 237, '2_no_ads': 855, '3_other_only': 535, '4_mixed': 33, '5_dead': 641, '5_not_shown': 1391, 'needs_browser': 8708}
12425/22131 564.1/min {'1_mostbet_only': 237, '2_no_ads': 855, '3_other_only': 535, '4_mixed': 33, '5_dead': 641, '5_not_shown': 1412, 'needs_browser': 8712}
12450/22131 564.9/min {'1_mostbet_only': 237, '2_no_ads': 855, '3_other_only': 535, '4_mixed': 33, '5_dead': 641, '5_not_shown': 1426, 'needs_browser': 8723}
12475/22131 565.7/min {'1_mostbet_only': 237, '2_no_ads': 855, '3_other_only': 535, '4_mixed': 33, '5_dead': 641, '5_not_shown': 1439, 'needs_browser': 8735}
12500/22131 566.2/min {'1_mostbet_only': 237, '2_no_ads': 855, '3_other_only': 535, '4_mixed': 33, '5_dead': 641, '5_not_shown': 1451, 'needs_browser': 8748}
12525/22131 566.9/min {'1_mostbet_only': 237, '2_no_ads': 855, '3_other_only': 535, '4_mixed': 33, '5_dead': 641, '5_not_shown': 1472, 'needs_browser': 8752}
12550/22131 567.7/min {'1_mostbet_only': 237, '2_no_ads': 855, '3_other_only': 535, '4_mixed': 33, '5_dead': 641, '5_not_shown': 1491, 'needs_browser': 8758}
12575/22131 568.3/min {'1_mostbet_only': 237, '2_no_ads': 855, '3_other_only': 535, '4_mixed': 33, '5_dead': 641, '5_not_shown': 1506, 'needs_browser': 8768}
12600/22131 568.9/min {'1_mostbet_only': 237, '2_no_ads': 855, '3_other_only': 535, '4_mixed': 33, '5_dead': 641, '5_not_shown': 1518, 'needs_browser': 8781}
12625/22131 569.7/min {'1_mostbet_only': 237, '2_no_ads': 855, '3_other_only': 535, '4_mixed': 33, '5_dead': 641, '5_not_shown': 1540, 'needs_browser': 8784}
12650/22131 570.6/min {'1_mostbet_only': 237, '2_no_ads': 855, '3_other_only': 535, '4_mixed': 33, '5_dead': 641, '5_not_shown': 1563, 'needs_browser': 8786}
12675/22131 571.6/min {'1_mostbet_only': 237, '2_no_ads': 855, '3_other_only': 535, '4_mixed': 33, '5_dead': 641, '5_not_shown': 1588, 'needs_browser': 8786}
12700/22131 572.6/min {'1_mostbet_only': 237, '2_no_ads': 855, '3_other_only': 535, '4_mixed': 33, '5_dead': 641, '5_not_shown': 1612, 'needs_browser': 8787}
12725/22131 573.6/min {'1_mostbet_only': 237, '2_no_ads': 855, '3_other_only': 535, '4_mixed': 33, '5_dead': 641, '5_not_shown': 1633, 'needs_browser': 8791}
12750/22131 574.6/min {'1_mostbet_only': 237, '2_no_ads': 855, '3_other_only': 535, '4_mixed': 33, '5_dead': 641, '5_not_shown': 1652, 'needs_browser': 8797}
12775/22131 575.5/min {'1_mostbet_only': 237, '2_no_ads': 855, '3_other_only': 535, '4_mixed': 33, '5_dead': 641, '5_not_shown': 1674, 'needs_browser': 8800}
12800/22131 576.5/min {'1_mostbet_only': 237, '2_no_ads': 855, '3_other_only': 535, '4_mixed': 33, '5_dead': 641, '5_not_shown': 1698, 'needs_browser': 8801}
12825/22131 577.5/min {'1_mostbet_only': 237, '2_no_ads': 855, '3_other_only': 535, '4_mixed': 33, '5_dead': 641, '5_not_shown': 1716, 'needs_browser': 8808}
12850/22131 578.4/min {'1_mostbet_only': 237, '2_no_ads': 855, '3_other_only': 535, '4_mixed': 33, '5_dead': 641, '5_not_shown': 1737, 'needs_browser': 8812}
12875/22131 579.3/min {'1_mostbet_only': 237, '2_no_ads': 855, '3_other_only': 535, '4_mixed': 33, '5_dead': 641, '5_not_shown': 1753, 'needs_browser': 8821}
12900/22131 580.2/min {'1_mostbet_only': 237, '2_no_ads': 855, '3_other_only': 535, '4_mixed': 33, '5_dead': 641, '5_not_shown': 1770, 'needs_browser': 8829}
12925/22131 581.1/min {'1_mostbet_only': 237, '2_no_ads': 855, '3_other_only': 535, '4_mixed': 33, '5_dead': 641, '5_not_shown': 1788, 'needs_browser': 8836}
12950/22131 582.0/min {'1_mostbet_only': 237, '2_no_ads': 855, '3_other_only': 535, '4_mixed': 33, '5_dead': 641, '5_not_shown': 1802, 'needs_browser': 8847}
12975/22131 583.0/min {'1_mostbet_only': 237, '2_no_ads': 855, '3_other_only': 535, '4_mixed': 33, '5_dead': 641, '5_not_shown': 1825, 'needs_browser': 8849}
13000/22131 583.9/min {'1_mostbet_only': 237, '2_no_ads': 855, '3_other_only': 535, '4_mixed': 33, '5_dead': 641, '5_not_shown': 1847, 'needs_browser': 8852}
13025/22131 584.9/min {'1_mostbet_only': 237, '2_no_ads': 855, '3_other_only': 535, '4_mixed': 33, '5_dead': 641, '5_not_shown': 1866, 'needs_browser': 8858}
13050/22131 585.8/min {'1_mostbet_only': 237, '2_no_ads': 855, '3_other_only': 535, '4_mixed': 33, '5_dead': 641, '5_not_shown': 1889, 'needs_browser': 8860}
13075/22131 586.8/min {'1_mostbet_only': 237, '2_no_ads': 855, '3_other_only': 535, '4_mixed': 33, '5_dead': 641, '5_not_shown': 1910, 'needs_browser': 8864}
13100/22131 587.8/min {'1_mostbet_only': 237, '2_no_ads': 855, '3_other_only': 535, '4_mixed': 33, '5_dead': 641, '5_not_shown': 1923, 'needs_browser': 8876}
13125/22131 588.8/min {'1_mostbet_only': 237, '2_no_ads': 855, '3_other_only': 535, '4_mixed': 33, '5_dead': 641, '5_not_shown': 1945, 'needs_browser': 8879}
13150/22131 589.8/min {'1_mostbet_only': 237, '2_no_ads': 855, '3_other_only': 535, '4_mixed': 33, '5_dead': 641, '5_not_shown': 1962, 'needs_browser': 8887}
13175/22131 590.8/min {'1_mostbet_only': 237, '2_no_ads': 855, '3_other_only': 535, '4_mixed': 33, '5_dead': 641, '5_not_shown': 1981, 'needs_browser': 8893}
13200/22131 591.8/min {'1_mostbet_only': 237, '2_no_ads': 855, '3_other_only': 535, '4_mixed': 33, '5_dead': 641, '5_not_shown': 2004, 'needs_browser': 8895}
13225/22131 592.8/min {'1_mostbet_only': 237, '2_no_ads': 855, '3_other_only': 535, '4_mixed': 33, '5_dead': 641, '5_not_shown': 2014, 'needs_browser': 8910}
13250/22131 593.8/min {'1_mostbet_only': 237, '2_no_ads': 855, '3_other_only': 535, '4_mixed': 33, '5_dead': 641, '5_not_shown': 2024, 'needs_browser': 8925}
13275/22131 594.8/min {'1_mostbet_only': 237, '2_no_ads': 855, '3_other_only': 535, '4_mixed': 33, '5_dead': 641, '5_not_shown': 2040, 'needs_browser': 8934}
13300/22131 595.8/min {'1_mostbet_only': 237, '2_no_ads': 855, '3_other_only': 535, '4_mixed': 33, '5_dead': 641, '5_not_shown': 2057, 'needs_browser': 8942}
13325/22131 596.5/min {'1_mostbet_only': 237, '2_no_ads': 855, '3_other_only': 535, '4_mixed': 33, '5_dead': 641, '5_not_shown': 2075, 'needs_browser': 8949}
13350/22131 597.4/min {'1_mostbet_only': 237, '2_no_ads': 855, '3_other_only': 535, '4_mixed': 33, '5_dead': 641, '5_not_shown': 2092, 'needs_browser': 8957}
13375/22131 598.3/min {'1_mostbet_only': 237, '2_no_ads': 855, '3_other_only': 535, '4_mixed': 33, '5_dead': 641, '5_not_shown': 2110, 'needs_browser': 8964}
13400/22131 599.2/min {'1_mostbet_only': 237, '2_no_ads': 855, '3_other_only': 535, '4_mixed': 33, '5_dead': 641, '5_not_shown': 2131, 'needs_browser': 8968}
13425/22131 600.1/min {'1_mostbet_only': 237, '2_no_ads': 855, '3_other_only': 535, '4_mixed': 33, '5_dead': 641, '5_not_shown': 2151, 'needs_browser': 8973}
13450/22131 601.0/min {'1_mostbet_only': 237, '2_no_ads': 855, '3_other_only': 535, '4_mixed': 33, '5_dead': 641, '5_not_shown': 2170, 'needs_browser': 8979}
13475/22131 601.8/min {'1_mostbet_only': 237, '2_no_ads': 855, '3_other_only': 535, '4_mixed': 33, '5_dead': 641, '5_not_shown': 2188, 'needs_browser': 8986}
13500/22131 602.7/min {'1_mostbet_only': 237, '2_no_ads': 855, '3_other_only': 535, '4_mixed': 33, '5_dead': 641, '5_not_shown': 2206, 'needs_browser': 8993}
13525/22131 603.7/min {'1_mostbet_only': 237, '2_no_ads': 855, '3_other_only': 535, '4_mixed': 33, '5_dead': 641, '5_not_shown': 2221, 'needs_browser': 9003}
13550/22131 604.5/min {'1_mostbet_only': 237, '2_no_ads': 855, '3_other_only': 535, '4_mixed': 33, '5_dead': 641, '5_not_shown': 2240, 'needs_browser': 9009}
13575/22131 605.4/min {'1_mostbet_only': 237, '2_no_ads': 855, '3_other_only': 535, '4_mixed': 33, '5_dead': 641, '5_not_shown': 2262, 'needs_browser': 9012}
13600/22131 606.3/min {'1_mostbet_only': 237, '2_no_ads': 855, '3_other_only': 535, '4_mixed': 33, '5_dead': 641, '5_not_shown': 2275, 'needs_browser': 9024}
13625/22131 607.1/min {'1_mostbet_only': 237, '2_no_ads': 855, '3_other_only': 535, '4_mixed': 33, '5_dead': 641, '5_not_shown': 2294, 'needs_browser': 9030}
13650/22131 607.9/min {'1_mostbet_only': 237, '2_no_ads': 855, '3_other_only': 535, '4_mixed': 33, '5_dead': 641, '5_not_shown': 2317, 'needs_browser': 9032}
13675/22131 608.8/min {'1_mostbet_only': 237, '2_no_ads': 855, '3_other_only': 535, '4_mixed': 33, '5_dead': 641, '5_not_shown': 2337, 'needs_browser': 9037}
13700/22131 609.6/min {'1_mostbet_only': 237, '2_no_ads': 855, '3_other_only': 535, '4_mixed': 33, '5_dead': 641, '5_not_shown': 2347, 'needs_browser': 9052}
13725/22131 610.5/min {'1_mostbet_only': 237, '2_no_ads': 855, '3_other_only': 535, '4_mixed': 33, '5_dead': 641, '5_not_shown': 2348, 'needs_browser': 9076}
13750/22131 611.4/min {'1_mostbet_only': 237, '2_no_ads': 855, '3_other_only': 535, '4_mixed': 33, '5_dead': 641, '5_not_shown': 2360, 'needs_browser': 9089}
13775/22131 612.1/min {'1_mostbet_only': 237, '2_no_ads': 855, '3_other_only': 535, '4_mixed': 33, '5_dead': 641, '5_not_shown': 2379, 'needs_browser': 9095}
13800/22131 612.9/min {'1_mostbet_only': 237, '2_no_ads': 855, '3_other_only': 535, '4_mixed': 33, '5_dead': 641, '5_not_shown': 2396, 'needs_browser': 9103}
13825/22131 613.8/min {'1_mostbet_only': 237, '2_no_ads': 855, '3_other_only': 535, '4_mixed': 33, '5_dead': 641, '5_not_shown': 2412, 'needs_browser': 9112}
13850/22131 614.4/min {'1_mostbet_only': 237, '2_no_ads': 855, '3_other_only': 535, '4_mixed': 33, '5_dead': 641, '5_not_shown': 2433, 'needs_browser': 9116}
13875/22131 615.2/min {'1_mostbet_only': 237, '2_no_ads': 855, '3_other_only': 535, '4_mixed': 33, '5_dead': 641, '5_not_shown': 2450, 'needs_browser': 9124}
13900/22131 616.1/min {'1_mostbet_only': 237, '2_no_ads': 855, '3_other_only': 535, '4_mixed': 33, '5_dead': 641, '5_not_shown': 2463, 'needs_browser': 9136}
13925/22131 616.9/min {'1_mostbet_only': 237, '2_no_ads': 855, '3_other_only': 535, '4_mixed': 33, '5_dead': 641, '5_not_shown': 2476, 'needs_browser': 9148}
13950/22131 617.8/min {'1_mostbet_only': 237, '2_no_ads': 855, '3_other_only': 535, '4_mixed': 33, '5_dead': 641, '5_not_shown': 2498, 'needs_browser': 9151}
13975/22131 618.7/min {'1_mostbet_only': 237, '2_no_ads': 855, '3_other_only': 535, '4_mixed': 33, '5_dead': 641, '5_not_shown': 2520, 'needs_browser': 9154}
14000/22131 619.6/min {'1_mostbet_only': 237, '2_no_ads': 855, '3_other_only': 535, '4_mixed': 33, '5_dead': 641, '5_not_shown': 2544, 'needs_browser': 9155}
14025/22131 620.5/min {'1_mostbet_only': 237, '2_no_ads': 855, '3_other_only': 535, '4_mixed': 33, '5_dead': 641, '5_not_shown': 2561, 'needs_browser': 9163}
14050/22131 621.4/min {'1_mostbet_only': 237, '2_no_ads': 855, '3_other_only': 535, '4_mixed': 33, '5_dead': 641, '5_not_shown': 2574, 'needs_browser': 9175}
14075/22131 622.2/min {'1_mostbet_only': 237, '2_no_ads': 855, '3_other_only': 535, '4_mixed': 33, '5_dead': 641, '5_not_shown': 2590, 'needs_browser': 9184}
14100/22131 622.9/min {'1_mostbet_only': 237, '2_no_ads': 855, '3_other_only': 535, '4_mixed': 33, '5_dead': 641, '5_not_shown': 2611, 'needs_browser': 9188}
14125/22131 623.7/min {'1_mostbet_only': 237, '2_no_ads': 855, '3_other_only': 535, '4_mixed': 33, '5_dead': 641, '5_not_shown': 2627, 'needs_browser': 9197}
14150/22131 624.5/min {'1_mostbet_only': 237, '2_no_ads': 855, '3_other_only': 535, '4_mixed': 33, '5_dead': 641, '5_not_shown': 2642, 'needs_browser': 9207}
14175/22131 625.4/min {'1_mostbet_only': 237, '2_no_ads': 855, '3_other_only': 535, '4_mixed': 33, '5_dead': 641, '5_not_shown': 2662, 'needs_browser': 9212}
14200/22131 626.3/min {'1_mostbet_only': 237, '2_no_ads': 855, '3_other_only': 535, '4_mixed': 33, '5_dead': 641, '5_not_shown': 2682, 'needs_browser': 9217}
14225/22131 627.1/min {'1_mostbet_only': 237, '2_no_ads': 855, '3_other_only': 535, '4_mixed': 33, '5_dead': 641, '5_not_shown': 2686, 'needs_browser': 9238}
14250/22131 628.0/min {'1_mostbet_only': 237, '2_no_ads': 855, '3_other_only': 535, '4_mixed': 33, '5_dead': 642, '5_not_shown': 2697, 'needs_browser': 9251}
14275/22131 628.9/min {'1_mostbet_only': 237, '2_no_ads': 855, '3_other_only': 535, '4_mixed': 33, '5_dead': 642, '5_not_shown': 2710, 'needs_browser': 9263}
14300/22131 629.8/min {'1_mostbet_only': 237, '2_no_ads': 855, '3_other_only': 535, '4_mixed': 33, '5_dead': 642, '5_not_shown': 2727, 'needs_browser': 9271}
14325/22131 630.7/min {'1_mostbet_only': 237, '2_no_ads': 855, '3_other_only': 535, '4_mixed': 33, '5_dead': 642, '5_not_shown': 2746, 'needs_browser': 9277}
14350/22131 631.6/min {'1_mostbet_only': 237, '2_no_ads': 855, '3_other_only': 535, '4_mixed': 33, '5_dead': 642, '5_not_shown': 2766, 'needs_browser': 9282}
14375/22131 632.5/min {'1_mostbet_only': 237, '2_no_ads': 855, '3_other_only': 535, '4_mixed': 33, '5_dead': 642, '5_not_shown': 2784, 'needs_browser': 9289}
14400/22131 633.5/min {'1_mostbet_only': 237, '2_no_ads': 855, '3_other_only': 535, '4_mixed': 33, '5_dead': 642, '5_not_shown': 2793, 'needs_browser': 9305}
14425/22131 634.4/min {'1_mostbet_only': 237, '2_no_ads': 855, '3_other_only': 535, '4_mixed': 33, '5_dead': 642, '5_not_shown': 2812, 'needs_browser': 9311}
14450/22131 635.3/min {'1_mostbet_only': 237, '2_no_ads': 855, '3_other_only': 535, '4_mixed': 33, '5_dead': 642, '5_not_shown': 2816, 'needs_browser': 9332}
14475/22131 636.3/min {'1_mostbet_only': 237, '2_no_ads': 855, '3_other_only': 535, '4_mixed': 33, '5_dead': 642, '5_not_shown': 2829, 'needs_browser': 9344}
14500/22131 637.2/min {'1_mostbet_only': 237, '2_no_ads': 855, '3_other_only': 535, '4_mixed': 33, '5_dead': 642, '5_not_shown': 2854, 'needs_browser': 9344}
14525/22131 638.1/min {'1_mostbet_only': 237, '2_no_ads': 855, '3_other_only': 535, '4_mixed': 33, '5_dead': 642, '5_not_shown': 2875, 'needs_browser': 9348}
14550/22131 639.0/min {'1_mostbet_only': 237, '2_no_ads': 855, '3_other_only': 535, '4_mixed': 33, '5_dead': 642, '5_not_shown': 2893, 'needs_browser': 9355}
14575/22131 639.9/min {'1_mostbet_only': 237, '2_no_ads': 855, '3_other_only': 535, '4_mixed': 33, '5_dead': 642, '5_not_shown': 2906, 'needs_browser': 9367}
14600/22131 640.8/min {'1_mostbet_only': 237, '2_no_ads': 855, '3_other_only': 535, '4_mixed': 33, '5_dead': 642, '5_not_shown': 2922, 'needs_browser': 9376}
14625/22131 641.6/min {'1_mostbet_only': 237, '2_no_ads': 855, '3_other_only': 535, '4_mixed': 33, '5_dead': 642, '5_not_shown': 2940, 'needs_browser': 9383}
14650/22131 642.5/min {'1_mostbet_only': 237, '2_no_ads': 855, '3_other_only': 535, '4_mixed': 33, '5_dead': 642, '5_not_shown': 2965, 'needs_browser': 9383}
14675/22131 643.4/min {'1_mostbet_only': 237, '2_no_ads': 855, '3_other_only': 535, '4_mixed': 33, '5_dead': 642, '5_not_shown': 2987, 'needs_browser': 9386}
14700/22131 644.2/min {'1_mostbet_only': 237, '2_no_ads': 855, '3_other_only': 535, '4_mixed': 33, '5_dead': 642, '5_not_shown': 3010, 'needs_browser': 9388}
14725/22131 645.1/min {'1_mostbet_only': 237, '2_no_ads': 855, '3_other_only': 535, '4_mixed': 33, '5_dead': 642, '5_not_shown': 3035, 'needs_browser': 9388}
14750/22131 646.0/min {'1_mostbet_only': 237, '2_no_ads': 855, '3_other_only': 535, '4_mixed': 33, '5_dead': 642, '5_not_shown': 3060, 'needs_browser': 9388}
14775/22131 647.0/min {'1_mostbet_only': 237, '2_no_ads': 855, '3_other_only': 535, '4_mixed': 33, '5_dead': 642, '5_not_shown': 3085, 'needs_browser': 9388}
14800/22131 647.9/min {'1_mostbet_only': 237, '2_no_ads': 855, '3_other_only': 535, '4_mixed': 33, '5_dead': 642, '5_not_shown': 3110, 'needs_browser': 9388}
14825/22131 648.6/min {'1_mostbet_only': 237, '2_no_ads': 855, '3_other_only': 535, '4_mixed': 33, '5_dead': 642, '5_not_shown': 3135, 'needs_browser': 9388}
14850/22131 649.6/min {'1_mostbet_only': 237, '2_no_ads': 855, '3_other_only': 535, '4_mixed': 33, '5_dead': 642, '5_not_shown': 3160, 'needs_browser': 9388}
14875/22131 650.5/min {'1_mostbet_only': 237, '2_no_ads': 855, '3_other_only': 535, '4_mixed': 33, '5_dead': 642, '5_not_shown': 3185, 'needs_browser': 9388}
14900/22131 651.5/min {'1_mostbet_only': 237, '2_no_ads': 855, '3_other_only': 535, '4_mixed': 33, '5_dead': 642, '5_not_shown': 3210, 'needs_browser': 9388}
14925/22131 652.4/min {'1_mostbet_only': 237, '2_no_ads': 855, '3_other_only': 535, '4_mixed': 33, '5_dead': 642, '5_not_shown': 3232, 'needs_browser': 9391}
14950/22131 653.4/min {'1_mostbet_only': 237, '2_no_ads': 855, '3_other_only': 535, '4_mixed': 33, '5_dead': 642, '5_not_shown': 3254, 'needs_browser': 9394}
14975/22131 654.4/min {'1_mostbet_only': 237, '2_no_ads': 855, '3_other_only': 535, '4_mixed': 33, '5_dead': 642, '5_not_shown': 3279, 'needs_browser': 9394}
15000/22131 655.3/min {'1_mostbet_only': 237, '2_no_ads': 855, '3_other_only': 535, '4_mixed': 33, '5_dead': 642, '5_not_shown': 3303, 'needs_browser': 9395}
15025/22131 656.3/min {'1_mostbet_only': 237, '2_no_ads': 855, '3_other_only': 535, '4_mixed': 33, '5_dead': 642, '5_not_shown': 3326, 'needs_browser': 9397}
15050/22131 657.3/min {'1_mostbet_only': 237, '2_no_ads': 855, '3_other_only': 535, '4_mixed': 33, '5_dead': 642, '5_not_shown': 3351, 'needs_browser': 9397}
15075/22131 658.2/min {'1_mostbet_only': 237, '2_no_ads': 855, '3_other_only': 535, '4_mixed': 33, '5_dead': 642, '5_not_shown': 3376, 'needs_browser': 9397}
15100/22131 659.2/min {'1_mostbet_only': 237, '2_no_ads': 855, '3_other_only': 535, '4_mixed': 33, '5_dead': 642, '5_not_shown': 3401, 'needs_browser': 9397}
15125/22131 660.2/min {'1_mostbet_only': 237, '2_no_ads': 855, '3_other_only': 535, '4_mixed': 33, '5_dead': 642, '5_not_shown': 3426, 'needs_browser': 9397}
15150/22131 661.1/min {'1_mostbet_only': 237, '2_no_ads': 855, '3_other_only': 535, '4_mixed': 33, '5_dead': 642, '5_not_shown': 3451, 'needs_browser': 9397}
15175/22131 662.1/min {'1_mostbet_only': 237, '2_no_ads': 855, '3_other_only': 535, '4_mixed': 33, '5_dead': 642, '5_not_shown': 3476, 'needs_browser': 9397}
15200/22131 663.1/min {'1_mostbet_only': 237, '2_no_ads': 855, '3_other_only': 535, '4_mixed': 33, '5_dead': 642, '5_not_shown': 3500, 'needs_browser': 9398}
15225/22131 664.0/min {'1_mostbet_only': 237, '2_no_ads': 855, '3_other_only': 535, '4_mixed': 33, '5_dead': 642, '5_not_shown': 3525, 'needs_browser': 9398}
15250/22131 665.0/min {'1_mostbet_only': 237, '2_no_ads': 855, '3_other_only': 535, '4_mixed': 33, '5_dead': 642, '5_not_shown': 3550, 'needs_browser': 9398}
15275/22131 666.0/min {'1_mostbet_only': 237, '2_no_ads': 855, '3_other_only': 535, '4_mixed': 33, '5_dead': 642, '5_not_shown': 3575, 'needs_browser': 9398}
15300/22131 667.0/min {'1_mostbet_only': 237, '2_no_ads': 855, '3_other_only': 535, '4_mixed': 33, '5_dead': 642, '5_not_shown': 3600, 'needs_browser': 9398}
15325/22131 668.0/min {'1_mostbet_only': 237, '2_no_ads': 855, '3_other_only': 535, '4_mixed': 33, '5_dead': 642, '5_not_shown': 3625, 'needs_browser': 9398}
15350/22131 669.0/min {'1_mostbet_only': 237, '2_no_ads': 855, '3_other_only': 535, '4_mixed': 33, '5_dead': 642, '5_not_shown': 3649, 'needs_browser': 9399}
15375/22131 669.9/min {'1_mostbet_only': 237, '2_no_ads': 855, '3_other_only': 535, '4_mixed': 33, '5_dead': 642, '5_not_shown': 3673, 'needs_browser': 9400}
15400/22131 670.9/min {'1_mostbet_only': 237, '2_no_ads': 855, '3_other_only': 535, '4_mixed': 33, '5_dead': 642, '5_not_shown': 3698, 'needs_browser': 9400}
15425/22131 671.9/min {'1_mostbet_only': 237, '2_no_ads': 855, '3_other_only': 535, '4_mixed': 33, '5_dead': 642, '5_not_shown': 3722, 'needs_browser': 9401}
15450/22131 672.9/min {'1_mostbet_only': 237, '2_no_ads': 855, '3_other_only': 535, '4_mixed': 33, '5_dead': 642, '5_not_shown': 3747, 'needs_browser': 9401}
15475/22131 673.9/min {'1_mostbet_only': 237, '2_no_ads': 855, '3_other_only': 535, '4_mixed': 33, '5_dead': 642, '5_not_shown': 3772, 'needs_browser': 9401}
15500/22131 674.9/min {'1_mostbet_only': 237, '2_no_ads': 855, '3_other_only': 535, '4_mixed': 33, '5_dead': 642, '5_not_shown': 3797, 'needs_browser': 9401}
15525/22131 675.9/min {'1_mostbet_only': 237, '2_no_ads': 855, '3_other_only': 535, '4_mixed': 33, '5_dead': 642, '5_not_shown': 3822, 'needs_browser': 9401}
15550/22131 676.8/min {'1_mostbet_only': 237, '2_no_ads': 855, '3_other_only': 535, '4_mixed': 33, '5_dead': 642, '5_not_shown': 3847, 'needs_browser': 9401}
15575/22131 677.8/min {'1_mostbet_only': 237, '2_no_ads': 855, '3_other_only': 535, '4_mixed': 33, '5_dead': 642, '5_not_shown': 3872, 'needs_browser': 9401}
15600/22131 678.8/min {'1_mostbet_only': 237, '2_no_ads': 855, '3_other_only': 535, '4_mixed': 33, '5_dead': 642, '5_not_shown': 3897, 'needs_browser': 9401}
15625/22131 679.8/min {'1_mostbet_only': 237, '2_no_ads': 855, '3_other_only': 535, '4_mixed': 33, '5_dead': 642, '5_not_shown': 3922, 'needs_browser': 9401}
15650/22131 680.8/min {'1_mostbet_only': 237, '2_no_ads': 855, '3_other_only': 535, '4_mixed': 33, '5_dead': 642, '5_not_shown': 3947, 'needs_browser': 9401}
15675/22131 681.8/min {'1_mostbet_only': 237, '2_no_ads': 855, '3_other_only': 535, '4_mixed': 33, '5_dead': 642, '5_not_shown': 3972, 'needs_browser': 9401}
15700/22131 682.8/min {'1_mostbet_only': 237, '2_no_ads': 855, '3_other_only': 535, '4_mixed': 33, '5_dead': 642, '5_not_shown': 3997, 'needs_browser': 9401}
15725/22131 683.8/min {'1_mostbet_only': 237, '2_no_ads': 855, '3_other_only': 535, '4_mixed': 33, '5_dead': 642, '5_not_shown': 4022, 'needs_browser': 9401}
15750/22131 684.8/min {'1_mostbet_only': 237, '2_no_ads': 855, '3_other_only': 535, '4_mixed': 33, '5_dead': 642, '5_not_shown': 4047, 'needs_browser': 9401}
15775/22131 685.7/min {'1_mostbet_only': 237, '2_no_ads': 855, '3_other_only': 535, '4_mixed': 33, '5_dead': 642, '5_not_shown': 4072, 'needs_browser': 9401}
15800/22131 686.7/min {'1_mostbet_only': 237, '2_no_ads': 855, '3_other_only': 535, '4_mixed': 33, '5_dead': 642, '5_not_shown': 4097, 'needs_browser': 9401}
15825/22131 687.7/min {'1_mostbet_only': 237, '2_no_ads': 855, '3_other_only': 535, '4_mixed': 33, '5_dead': 642, '5_not_shown': 4122, 'needs_browser': 9401}
15850/22131 688.7/min {'1_mostbet_only': 237, '2_no_ads': 855, '3_other_only': 535, '4_mixed': 33, '5_dead': 642, '5_not_shown': 4147, 'needs_browser': 9401}
15875/22131 689.7/min {'1_mostbet_only': 237, '2_no_ads': 855, '3_other_only': 535, '4_mixed': 33, '5_dead': 642, '5_not_shown': 4172, 'needs_browser': 9401}
15900/22131 690.7/min {'1_mostbet_only': 237, '2_no_ads': 855, '3_other_only': 535, '4_mixed': 33, '5_dead': 642, '5_not_shown': 4197, 'needs_browser': 9401}
15925/22131 691.7/min {'1_mostbet_only': 237, '2_no_ads': 855, '3_other_only': 535, '4_mixed': 33, '5_dead': 642, '5_not_shown': 4222, 'needs_browser': 9401}
15950/22131 692.7/min {'1_mostbet_only': 237, '2_no_ads': 855, '3_other_only': 535, '4_mixed': 33, '5_dead': 642, '5_not_shown': 4247, 'needs_browser': 9401}
15975/22131 693.7/min {'1_mostbet_only': 237, '2_no_ads': 855, '3_other_only': 535, '4_mixed': 33, '5_dead': 642, '5_not_shown': 4272, 'needs_browser': 9401}
16000/22131 694.7/min {'1_mostbet_only': 237, '2_no_ads': 855, '3_other_only': 535, '4_mixed': 33, '5_dead': 642, '5_not_shown': 4297, 'needs_browser': 9401}
16025/22131 695.6/min {'1_mostbet_only': 237, '2_no_ads': 855, '3_other_only': 535, '4_mixed': 33, '5_dead': 642, '5_not_shown': 4322, 'needs_browser': 9401}
16050/22131 696.6/min {'1_mostbet_only': 237, '2_no_ads': 855, '3_other_only': 535, '4_mixed': 33, '5_dead': 642, '5_not_shown': 4347, 'needs_browser': 9401}
16075/22131 697.6/min {'1_mostbet_only': 237, '2_no_ads': 855, '3_other_only': 535, '4_mixed': 33, '5_dead': 642, '5_not_shown': 4372, 'needs_browser': 9401}
16100/22131 698.6/min {'1_mostbet_only': 237, '2_no_ads': 855, '3_other_only': 535, '4_mixed': 33, '5_dead': 642, '5_not_shown': 4397, 'needs_browser': 9401}
16125/22131 699.6/min {'1_mostbet_only': 237, '2_no_ads': 855, '3_other_only': 535, '4_mixed': 33, '5_dead': 642, '5_not_shown': 4422, 'needs_browser': 9401}
16150/22131 700.6/min {'1_mostbet_only': 237, '2_no_ads': 855, '3_other_only': 535, '4_mixed': 33, '5_dead': 642, '5_not_shown': 4447, 'needs_browser': 9401}
16175/22131 701.6/min {'1_mostbet_only': 237, '2_no_ads': 855, '3_other_only': 535, '4_mixed': 33, '5_dead': 642, '5_not_shown': 4472, 'needs_browser': 9401}
16200/22131 702.6/min {'1_mostbet_only': 237, '2_no_ads': 855, '3_other_only': 535, '4_mixed': 33, '5_dead': 642, '5_not_shown': 4497, 'needs_browser': 9401}
16225/22131 703.6/min {'1_mostbet_only': 237, '2_no_ads': 855, '3_other_only': 535, '4_mixed': 33, '5_dead': 642, '5_not_shown': 4522, 'needs_browser': 9401}
16250/22131 704.5/min {'1_mostbet_only': 237, '2_no_ads': 855, '3_other_only': 535, '4_mixed': 33, '5_dead': 642, '5_not_shown': 4547, 'needs_browser': 9401}
16275/22131 705.5/min {'1_mostbet_only': 237, '2_no_ads': 855, '3_other_only': 535, '4_mixed': 33, '5_dead': 642, '5_not_shown': 4568, 'needs_browser': 9405}
16300/22131 706.5/min {'1_mostbet_only': 237, '2_no_ads': 855, '3_other_only': 535, '4_mixed': 33, '5_dead': 642, '5_not_shown': 4585, 'needs_browser': 9413}
16325/22131 707.5/min {'1_mostbet_only': 237, '2_no_ads': 855, '3_other_only': 535, '4_mixed': 33, '5_dead': 642, '5_not_shown': 4603, 'needs_browser': 9420}
16350/22131 708.5/min {'1_mostbet_only': 237, '2_no_ads': 855, '3_other_only': 535, '4_mixed': 33, '5_dead': 642, '5_not_shown': 4623, 'needs_browser': 9425}
16375/22131 709.5/min {'1_mostbet_only': 237, '2_no_ads': 855, '3_other_only': 535, '4_mixed': 33, '5_dead': 642, '5_not_shown': 4636, 'needs_browser': 9437}
16400/22131 710.5/min {'1_mostbet_only': 237, '2_no_ads': 855, '3_other_only': 535, '4_mixed': 33, '5_dead': 642, '5_not_shown': 4658, 'needs_browser': 9440}
16425/22131 711.4/min {'1_mostbet_only': 237, '2_no_ads': 855, '3_other_only': 535, '4_mixed': 33, '5_dead': 642, '5_not_shown': 4676, 'needs_browser': 9447}
16450/22131 712.4/min {'1_mostbet_only': 237, '2_no_ads': 855, '3_other_only': 535, '4_mixed': 33, '5_dead': 642, '5_not_shown': 4683, 'needs_browser': 9465}
16475/22131 713.4/min {'1_mostbet_only': 237, '2_no_ads': 855, '3_other_only': 535, '4_mixed': 33, '5_dead': 642, '5_not_shown': 4701, 'needs_browser': 9472}
16500/22131 714.4/min {'1_mostbet_only': 237, '2_no_ads': 855, '3_other_only': 535, '4_mixed': 33, '5_dead': 642, '5_not_shown': 4721, 'needs_browser': 9477}
16525/22131 715.3/min {'1_mostbet_only': 237, '2_no_ads': 855, '3_other_only': 535, '4_mixed': 33, '5_dead': 643, '5_not_shown': 4735, 'needs_browser': 9487}
16550/22131 716.2/min {'1_mostbet_only': 237, '2_no_ads': 855, '3_other_only': 535, '4_mixed': 33, '5_dead': 643, '5_not_shown': 4749, 'needs_browser': 9498}
16575/22131 717.2/min {'1_mostbet_only': 237, '2_no_ads': 855, '3_other_only': 535, '4_mixed': 33, '5_dead': 643, '5_not_shown': 4756, 'needs_browser': 9516}
16600/22131 718.1/min {'1_mostbet_only': 237, '2_no_ads': 855, '3_other_only': 535, '4_mixed': 33, '5_dead': 643, '5_not_shown': 4763, 'needs_browser': 9534}
16625/22131 719.1/min {'1_mostbet_only': 237, '2_no_ads': 855, '3_other_only': 535, '4_mixed': 33, '5_dead': 643, '5_not_shown': 4767, 'needs_browser': 9555}
16650/22131 720.1/min {'1_mostbet_only': 237, '2_no_ads': 855, '3_other_only': 535, '4_mixed': 33, '5_dead': 643, '5_not_shown': 4768, 'needs_browser': 9579}
16675/22131 721.0/min {'1_mostbet_only': 237, '2_no_ads': 855, '3_other_only': 535, '4_mixed': 33, '5_dead': 643, '5_not_shown': 4770, 'needs_browser': 9602}
16700/22131 721.9/min {'1_mostbet_only': 237, '2_no_ads': 855, '3_other_only': 535, '4_mixed': 33, '5_dead': 643, '5_not_shown': 4774, 'needs_browser': 9623}
16725/22131 722.9/min {'1_mostbet_only': 237, '2_no_ads': 855, '3_other_only': 535, '4_mixed': 33, '5_dead': 643, '5_not_shown': 4776, 'needs_browser': 9646}
16750/22131 723.8/min {'1_mostbet_only': 237, '2_no_ads': 855, '3_other_only': 535, '4_mixed': 33, '5_dead': 643, '5_not_shown': 4781, 'needs_browser': 9666}
16775/22131 724.8/min {'1_mostbet_only': 237, '2_no_ads': 855, '3_other_only': 535, '4_mixed': 33, '5_dead': 643, '5_not_shown': 4781, 'needs_browser': 9691}
16800/22131 725.7/min {'1_mostbet_only': 237, '2_no_ads': 855, '3_other_only': 535, '4_mixed': 33, '5_dead': 643, '5_not_shown': 4786, 'needs_browser': 9711}
16825/22131 726.7/min {'1_mostbet_only': 237, '2_no_ads': 855, '3_other_only': 535, '4_mixed': 33, '5_dead': 643, '5_not_shown': 4786, 'needs_browser': 9736}
16850/22131 727.6/min {'1_mostbet_only': 237, '2_no_ads': 855, '3_other_only': 535, '4_mixed': 33, '5_dead': 643, '5_not_shown': 4793, 'needs_browser': 9754}
16875/22131 728.5/min {'1_mostbet_only': 237, '2_no_ads': 855, '3_other_only': 535, '4_mixed': 33, '5_dead': 644, '5_not_shown': 4807, 'needs_browser': 9764}
16900/22131 729.2/min {'1_mostbet_only': 237, '2_no_ads': 855, '3_other_only': 535, '4_mixed': 33, '5_dead': 644, '5_not_shown': 4825, 'needs_browser': 9771}
16925/22131 730.1/min {'1_mostbet_only': 237, '2_no_ads': 855, '3_other_only': 535, '4_mixed': 33, '5_dead': 644, '5_not_shown': 4838, 'needs_browser': 9783}
16950/22131 731.1/min {'1_mostbet_only': 237, '2_no_ads': 855, '3_other_only': 535, '4_mixed': 33, '5_dead': 644, '5_not_shown': 4848, 'needs_browser': 9798}
16975/22131 731.8/min {'1_mostbet_only': 237, '2_no_ads': 855, '3_other_only': 535, '4_mixed': 33, '5_dead': 644, '5_not_shown': 4862, 'needs_browser': 9809}
17000/22131 732.7/min {'1_mostbet_only': 237, '2_no_ads': 855, '3_other_only': 535, '4_mixed': 33, '5_dead': 644, '5_not_shown': 4872, 'needs_browser': 9824}
17025/22131 733.4/min {'1_mostbet_only': 237, '2_no_ads': 855, '3_other_only': 535, '4_mixed': 33, '5_dead': 644, '5_not_shown': 4885, 'needs_browser': 9836}
17050/22131 734.2/min {'1_mostbet_only': 237, '2_no_ads': 855, '3_other_only': 535, '4_mixed': 33, '5_dead': 644, '5_not_shown': 4896, 'needs_browser': 9850}
17075/22131 734.9/min {'1_mostbet_only': 237, '2_no_ads': 855, '3_other_only': 535, '4_mixed': 33, '5_dead': 644, '5_not_shown': 4901, 'needs_browser': 9870}
17100/22131 735.6/min {'1_mostbet_only': 237, '2_no_ads': 855, '3_other_only': 535, '4_mixed': 33, '5_dead': 644, '5_not_shown': 4910, 'needs_browser': 9886}
17125/22131 735.8/min {'1_mostbet_only': 237, '2_no_ads': 855, '3_other_only': 535, '4_mixed': 33, '5_dead': 644, '5_not_shown': 4919, 'needs_browser': 9902}
17150/22131 736.2/min {'1_mostbet_only': 237, '2_no_ads': 855, '3_other_only': 535, '4_mixed': 33, '5_dead': 644, '5_not_shown': 4927, 'needs_browser': 9919}
17175/22131 736.5/min {'1_mostbet_only': 237, '2_no_ads': 855, '3_other_only': 535, '4_mixed': 33, '5_dead': 645, '5_not_shown': 4943, 'needs_browser': 9927}
17200/22131 734.2/min {'1_mostbet_only': 237, '2_no_ads': 855, '3_other_only': 535, '4_mixed': 33, '5_dead': 645, '5_not_shown': 4960, 'needs_browser': 9935}
17225/22131 734.3/min {'1_mostbet_only': 237, '2_no_ads': 855, '3_other_only': 535, '4_mixed': 33, '5_dead': 645, '5_not_shown': 4973, 'needs_browser': 9947}
17250/22131 735.0/min {'1_mostbet_only': 237, '2_no_ads': 855, '3_other_only': 535, '4_mixed': 33, '5_dead': 645, '5_not_shown': 4985, 'needs_browser': 9960}
17275/22131 735.5/min {'1_mostbet_only': 237, '2_no_ads': 855, '3_other_only': 535, '4_mixed': 33, '5_dead': 645, '5_not_shown': 5004, 'needs_browser': 9966}
17300/22131 736.4/min {'1_mostbet_only': 237, '2_no_ads': 855, '3_other_only': 535, '4_mixed': 33, '5_dead': 645, '5_not_shown': 5017, 'needs_browser': 9978}
17325/22131 737.2/min {'1_mostbet_only': 237, '2_no_ads': 855, '3_other_only': 535, '4_mixed': 33, '5_dead': 645, '5_not_shown': 5029, 'needs_browser': 9991}
17350/22131 738.0/min {'1_mostbet_only': 237, '2_no_ads': 855, '3_other_only': 535, '4_mixed': 33, '5_dead': 645, '5_not_shown': 5042, 'needs_browser': 10003}
17375/22131 738.7/min {'1_mostbet_only': 237, '2_no_ads': 855, '3_other_only': 535, '4_mixed': 33, '5_dead': 645, '5_not_shown': 5054, 'needs_browser': 10016}
17400/22131 738.7/min {'1_mostbet_only': 237, '2_no_ads': 855, '3_other_only': 535, '4_mixed': 33, '5_dead': 645, '5_not_shown': 5069, 'needs_browser': 10026}
17425/22131 738.6/min {'1_mostbet_only': 237, '2_no_ads': 855, '3_other_only': 535, '4_mixed': 33, '5_dead': 645, '5_not_shown': 5083, 'needs_browser': 10037}
17450/22131 738.6/min {'1_mostbet_only': 237, '2_no_ads': 855, '3_other_only': 535, '4_mixed': 33, '5_dead': 645, '5_not_shown': 5100, 'needs_browser': 10045}
17475/22131 738.9/min {'1_mostbet_only': 237, '2_no_ads': 855, '3_other_only': 535, '4_mixed': 33, '5_dead': 645, '5_not_shown': 5115, 'needs_browser': 10055}
17500/22131 739.3/min {'1_mostbet_only': 237, '2_no_ads': 855, '3_other_only': 535, '4_mixed': 33, '5_dead': 645, '5_not_shown': 5129, 'needs_browser': 10066}
17525/22131 739.5/min {'1_mostbet_only': 237, '2_no_ads': 855, '3_other_only': 535, '4_mixed': 33, '5_dead': 645, '5_not_shown': 5135, 'needs_browser': 10085}
17550/22131 739.9/min {'1_mostbet_only': 237, '2_no_ads': 855, '3_other_only': 535, '4_mixed': 33, '5_dead': 645, '5_not_shown': 5147, 'needs_browser': 10098}
17575/22131 740.5/min {'1_mostbet_only': 237, '2_no_ads': 855, '3_other_only': 535, '4_mixed': 33, '5_dead': 645, '5_not_shown': 5154, 'needs_browser': 10116}
17600/22131 741.0/min {'1_mostbet_only': 237, '2_no_ads': 855, '3_other_only': 535, '4_mixed': 33, '5_dead': 645, '5_not_shown': 5175, 'needs_browser': 10120}
17625/22131 741.6/min {'1_mostbet_only': 237, '2_no_ads': 855, '3_other_only': 535, '4_mixed': 33, '5_dead': 645, '5_not_shown': 5187, 'needs_browser': 10133}
17650/22131 742.1/min {'1_mostbet_only': 237, '2_no_ads': 855, '3_other_only': 535, '4_mixed': 33, '5_dead': 645, '5_not_shown': 5195, 'needs_browser': 10150}
17675/22131 742.9/min {'1_mostbet_only': 237, '2_no_ads': 855, '3_other_only': 535, '4_mixed': 33, '5_dead': 645, '5_not_shown': 5203, 'needs_browser': 10167}
17700/22131 743.6/min {'1_mostbet_only': 237, '2_no_ads': 856, '3_other_only': 535, '4_mixed': 33, '5_dead': 645, '5_not_shown': 5216, 'needs_browser': 10178}
17725/22131 743.7/min {'1_mostbet_only': 237, '2_no_ads': 858, '3_other_only': 535, '4_mixed': 33, '5_dead': 645, '5_not_shown': 5223, 'needs_browser': 10194}
17750/22131 744.3/min {'1_mostbet_only': 237, '2_no_ads': 859, '3_other_only': 535, '4_mixed': 33, '5_dead': 645, '5_not_shown': 5235, 'needs_browser': 10206}
17775/22131 745.1/min {'1_mostbet_only': 237, '2_no_ads': 859, '3_other_only': 535, '4_mixed': 33, '5_dead': 645, '5_not_shown': 5249, 'needs_browser': 10217}
17800/22131 745.8/min {'1_mostbet_only': 237, '2_no_ads': 859, '3_other_only': 535, '4_mixed': 33, '5_dead': 645, '5_not_shown': 5260, 'needs_browser': 10231}
17825/22131 746.7/min {'1_mostbet_only': 237, '2_no_ads': 859, '3_other_only': 535, '4_mixed': 33, '5_dead': 645, '5_not_shown': 5271, 'needs_browser': 10245}
17850/22131 747.4/min {'1_mostbet_only': 237, '2_no_ads': 859, '3_other_only': 535, '4_mixed': 33, '5_dead': 645, '5_not_shown': 5284, 'needs_browser': 10257}
17875/22131 748.0/min {'1_mostbet_only': 237, '2_no_ads': 860, '3_other_only': 535, '4_mixed': 33, '5_dead': 645, '5_not_shown': 5291, 'needs_browser': 10274}
17900/22131 748.8/min {'1_mostbet_only': 237, '2_no_ads': 860, '3_other_only': 535, '4_mixed': 33, '5_dead': 645, '5_not_shown': 5293, 'needs_browser': 10297}
17925/22131 749.6/min {'1_mostbet_only': 237, '2_no_ads': 860, '3_other_only': 535, '4_mixed': 33, '5_dead': 645, '5_not_shown': 5302, 'needs_browser': 10313}
17950/22131 750.4/min {'1_mostbet_only': 237, '2_no_ads': 860, '3_other_only': 535, '4_mixed': 33, '5_dead': 645, '5_not_shown': 5317, 'needs_browser': 10323}
17975/22131 751.2/min {'1_mostbet_only': 237, '2_no_ads': 861, '3_other_only': 535, '4_mixed': 33, '5_dead': 645, '5_not_shown': 5323, 'needs_browser': 10341}
18000/22131 752.0/min {'1_mostbet_only': 237, '2_no_ads': 861, '3_other_only': 535, '4_mixed': 33, '5_dead': 645, '5_not_shown': 5332, 'needs_browser': 10357}
18025/22131 752.5/min {'1_mostbet_only': 237, '2_no_ads': 861, '3_other_only': 535, '4_mixed': 33, '5_dead': 645, '5_not_shown': 5343, 'needs_browser': 10371}
18050/22131 753.1/min {'1_mostbet_only': 237, '2_no_ads': 861, '3_other_only': 536, '4_mixed': 33, '5_dead': 645, '5_not_shown': 5349, 'needs_browser': 10389}
18075/22131 754.0/min {'1_mostbet_only': 237, '2_no_ads': 861, '3_other_only': 536, '4_mixed': 33, '5_dead': 645, '5_not_shown': 5350, 'needs_browser': 10413}
18100/22131 754.7/min {'1_mostbet_only': 237, '2_no_ads': 861, '3_other_only': 536, '4_mixed': 33, '5_dead': 645, '5_not_shown': 5365, 'needs_browser': 10423}
18125/22131 755.3/min {'1_mostbet_only': 237, '2_no_ads': 861, '3_other_only': 536, '4_mixed': 33, '5_dead': 645, '5_not_shown': 5383, 'needs_browser': 10430}
18150/22131 755.9/min {'1_mostbet_only': 237, '2_no_ads': 861, '3_other_only': 536, '4_mixed': 33, '5_dead': 645, '5_not_shown': 5396, 'needs_browser': 10442}
18175/22131 756.0/min {'1_mostbet_only': 237, '2_no_ads': 862, '3_other_only': 536, '4_mixed': 33, '5_dead': 645, '5_not_shown': 5401, 'needs_browser': 10461}
18200/22131 756.5/min {'1_mostbet_only': 237, '2_no_ads': 863, '3_other_only': 536, '4_mixed': 33, '5_dead': 645, '5_not_shown': 5407, 'needs_browser': 10479}
18225/22131 756.9/min {'1_mostbet_only': 237, '2_no_ads': 863, '3_other_only': 536, '4_mixed': 33, '5_dead': 646, '5_not_shown': 5422, 'needs_browser': 10488}
18250/22131 756.9/min {'1_mostbet_only': 237, '2_no_ads': 863, '3_other_only': 536, '4_mixed': 33, '5_dead': 646, '5_not_shown': 5437, 'needs_browser': 10498}
18275/22131 757.1/min {'1_mostbet_only': 237, '2_no_ads': 863, '3_other_only': 536, '4_mixed': 33, '5_dead': 646, '5_not_shown': 5462, 'needs_browser': 10498}
18300/22131 757.3/min {'1_mostbet_only': 237, '2_no_ads': 863, '3_other_only': 536, '4_mixed': 33, '5_dead': 646, '5_not_shown': 5485, 'needs_browser': 10500}
18325/22131 757.8/min {'1_mostbet_only': 237, '2_no_ads': 863, '3_other_only': 536, '4_mixed': 33, '5_dead': 646, '5_not_shown': 5509, 'needs_browser': 10501}
18350/22131 758.3/min {'1_mostbet_only': 237, '2_no_ads': 863, '3_other_only': 536, '4_mixed': 33, '5_dead': 647, '5_not_shown': 5533, 'needs_browser': 10501}
18375/22131 758.8/min {'1_mostbet_only': 237, '2_no_ads': 863, '3_other_only': 536, '4_mixed': 33, '5_dead': 647, '5_not_shown': 5558, 'needs_browser': 10501}
18400/22131 759.3/min {'1_mostbet_only': 237, '2_no_ads': 863, '3_other_only': 536, '4_mixed': 33, '5_dead': 647, '5_not_shown': 5582, 'needs_browser': 10502}
18425/22131 759.9/min {'1_mostbet_only': 237, '2_no_ads': 863, '3_other_only': 536, '4_mixed': 33, '5_dead': 647, '5_not_shown': 5607, 'needs_browser': 10502}
18450/22131 760.5/min {'1_mostbet_only': 237, '2_no_ads': 863, '3_other_only': 536, '4_mixed': 33, '5_dead': 647, '5_not_shown': 5632, 'needs_browser': 10502}
18475/22131 761.2/min {'1_mostbet_only': 237, '2_no_ads': 863, '3_other_only': 536, '4_mixed': 33, '5_dead': 647, '5_not_shown': 5657, 'needs_browser': 10502}
18500/22131 761.9/min {'1_mostbet_only': 237, '2_no_ads': 863, '3_other_only': 536, '4_mixed': 33, '5_dead': 647, '5_not_shown': 5681, 'needs_browser': 10503}
18525/22131 762.5/min {'1_mostbet_only': 237, '2_no_ads': 863, '3_other_only': 536, '4_mixed': 33, '5_dead': 647, '5_not_shown': 5706, 'needs_browser': 10503}
18550/22131 763.3/min {'1_mostbet_only': 237, '2_no_ads': 863, '3_other_only': 536, '4_mixed': 33, '5_dead': 647, '5_not_shown': 5731, 'needs_browser': 10503}
18575/22131 764.0/min {'1_mostbet_only': 237, '2_no_ads': 863, '3_other_only': 536, '4_mixed': 33, '5_dead': 647, '5_not_shown': 5755, 'needs_browser': 10504}
18600/22131 764.9/min {'1_mostbet_only': 237, '2_no_ads': 863, '3_other_only': 536, '4_mixed': 33, '5_dead': 647, '5_not_shown': 5780, 'needs_browser': 10504}
18625/22131 765.7/min {'1_mostbet_only': 237, '2_no_ads': 863, '3_other_only': 536, '4_mixed': 33, '5_dead': 648, '5_not_shown': 5804, 'needs_browser': 10504}
18650/22131 766.6/min {'1_mostbet_only': 237, '2_no_ads': 863, '3_other_only': 536, '4_mixed': 33, '5_dead': 648, '5_not_shown': 5829, 'needs_browser': 10504}
18675/22131 767.4/min {'1_mostbet_only': 237, '2_no_ads': 863, '3_other_only': 536, '4_mixed': 33, '5_dead': 648, '5_not_shown': 5854, 'needs_browser': 10504}
18700/22131 768.3/min {'1_mostbet_only': 237, '2_no_ads': 863, '3_other_only': 536, '4_mixed': 33, '5_dead': 648, '5_not_shown': 5879, 'needs_browser': 10504}
18725/22131 769.2/min {'1_mostbet_only': 237, '2_no_ads': 863, '3_other_only': 536, '4_mixed': 33, '5_dead': 648, '5_not_shown': 5904, 'needs_browser': 10504}
18750/22131 770.0/min {'1_mostbet_only': 237, '2_no_ads': 863, '3_other_only': 536, '4_mixed': 33, '5_dead': 648, '5_not_shown': 5928, 'needs_browser': 10505}
18775/22131 770.9/min {'1_mostbet_only': 237, '2_no_ads': 863, '3_other_only': 536, '4_mixed': 33, '5_dead': 648, '5_not_shown': 5953, 'needs_browser': 10505}
18800/22131 771.8/min {'1_mostbet_only': 237, '2_no_ads': 864, '3_other_only': 536, '4_mixed': 33, '5_dead': 648, '5_not_shown': 5977, 'needs_browser': 10505}
18825/22131 772.7/min {'1_mostbet_only': 237, '2_no_ads': 864, '3_other_only': 536, '4_mixed': 33, '5_dead': 648, '5_not_shown': 6002, 'needs_browser': 10505}
18850/22131 773.6/min {'1_mostbet_only': 237, '2_no_ads': 864, '3_other_only': 536, '4_mixed': 33, '5_dead': 648, '5_not_shown': 6027, 'needs_browser': 10505}
18875/22131 774.5/min {'1_mostbet_only': 237, '2_no_ads': 864, '3_other_only': 536, '4_mixed': 33, '5_dead': 648, '5_not_shown': 6052, 'needs_browser': 10505}
18900/22131 775.5/min {'1_mostbet_only': 237, '2_no_ads': 865, '3_other_only': 536, '4_mixed': 33, '5_dead': 648, '5_not_shown': 6076, 'needs_browser': 10505}
18925/22131 776.4/min {'1_mostbet_only': 237, '2_no_ads': 865, '3_other_only': 536, '4_mixed': 33, '5_dead': 648, '5_not_shown': 6101, 'needs_browser': 10505}
18950/22131 777.3/min {'1_mostbet_only': 237, '2_no_ads': 865, '3_other_only': 536, '4_mixed': 33, '5_dead': 648, '5_not_shown': 6126, 'needs_browser': 10505}
18975/22131 778.3/min {'1_mostbet_only': 237, '2_no_ads': 865, '3_other_only': 536, '4_mixed': 33, '5_dead': 648, '5_not_shown': 6151, 'needs_browser': 10505}
19000/22131 779.2/min {'1_mostbet_only': 237, '2_no_ads': 865, '3_other_only': 536, '4_mixed': 33, '5_dead': 648, '5_not_shown': 6176, 'needs_browser': 10505}
19025/22131 780.1/min {'1_mostbet_only': 237, '2_no_ads': 865, '3_other_only': 536, '4_mixed': 33, '5_dead': 648, '5_not_shown': 6201, 'needs_browser': 10505}
19050/22131 781.0/min {'1_mostbet_only': 237, '2_no_ads': 865, '3_other_only': 536, '4_mixed': 33, '5_dead': 649, '5_not_shown': 6225, 'needs_browser': 10505}
19075/22131 781.9/min {'1_mostbet_only': 237, '2_no_ads': 865, '3_other_only': 536, '4_mixed': 33, '5_dead': 649, '5_not_shown': 6250, 'needs_browser': 10505}
19100/22131 782.6/min {'1_mostbet_only': 237, '2_no_ads': 865, '3_other_only': 536, '4_mixed': 33, '5_dead': 649, '5_not_shown': 6275, 'needs_browser': 10505}
19125/22131 783.5/min {'1_mostbet_only': 237, '2_no_ads': 865, '3_other_only': 536, '4_mixed': 33, '5_dead': 649, '5_not_shown': 6300, 'needs_browser': 10505}
19150/22131 784.3/min {'1_mostbet_only': 237, '2_no_ads': 865, '3_other_only': 536, '4_mixed': 33, '5_dead': 649, '5_not_shown': 6325, 'needs_browser': 10505}
19175/22131 785.3/min {'1_mostbet_only': 237, '2_no_ads': 865, '3_other_only': 536, '4_mixed': 33, '5_dead': 649, '5_not_shown': 6350, 'needs_browser': 10505}
19200/22131 786.2/min {'1_mostbet_only': 237, '2_no_ads': 865, '3_other_only': 536, '4_mixed': 33, '5_dead': 649, '5_not_shown': 6375, 'needs_browser': 10505}
19225/22131 787.2/min {'1_mostbet_only': 237, '2_no_ads': 865, '3_other_only': 536, '4_mixed': 33, '5_dead': 649, '5_not_shown': 6400, 'needs_browser': 10505}
19250/22131 788.1/min {'1_mostbet_only': 237, '2_no_ads': 865, '3_other_only': 536, '4_mixed': 33, '5_dead': 649, '5_not_shown': 6425, 'needs_browser': 10505}
19275/22131 789.0/min {'1_mostbet_only': 237, '2_no_ads': 865, '3_other_only': 536, '4_mixed': 33, '5_dead': 649, '5_not_shown': 6450, 'needs_browser': 10505}
19300/22131 790.0/min {'1_mostbet_only': 237, '2_no_ads': 865, '3_other_only': 536, '4_mixed': 33, '5_dead': 649, '5_not_shown': 6475, 'needs_browser': 10505}
19325/22131 791.0/min {'1_mostbet_only': 237, '2_no_ads': 865, '3_other_only': 536, '4_mixed': 33, '5_dead': 649, '5_not_shown': 6500, 'needs_browser': 10505}
19350/22131 791.9/min {'1_mostbet_only': 237, '2_no_ads': 865, '3_other_only': 536, '4_mixed': 33, '5_dead': 649, '5_not_shown': 6525, 'needs_browser': 10505}
19375/22131 792.8/min {'1_mostbet_only': 237, '2_no_ads': 865, '3_other_only': 536, '4_mixed': 33, '5_dead': 649, '5_not_shown': 6550, 'needs_browser': 10505}
19400/22131 793.7/min {'1_mostbet_only': 237, '2_no_ads': 865, '3_other_only': 536, '4_mixed': 33, '5_dead': 649, '5_not_shown': 6574, 'needs_browser': 10506}
19425/22131 794.7/min {'1_mostbet_only': 237, '2_no_ads': 865, '3_other_only': 536, '4_mixed': 33, '5_dead': 650, '5_not_shown': 6598, 'needs_browser': 10506}
19450/22131 795.6/min {'1_mostbet_only': 237, '2_no_ads': 865, '3_other_only': 536, '4_mixed': 33, '5_dead': 652, '5_not_shown': 6621, 'needs_browser': 10506}
19475/22131 796.6/min {'1_mostbet_only': 237, '2_no_ads': 865, '3_other_only': 536, '4_mixed': 33, '5_dead': 652, '5_not_shown': 6646, 'needs_browser': 10506}
19500/22131 797.5/min {'1_mostbet_only': 237, '2_no_ads': 865, '3_other_only': 536, '4_mixed': 33, '5_dead': 652, '5_not_shown': 6671, 'needs_browser': 10506}
19525/22131 798.5/min {'1_mostbet_only': 237, '2_no_ads': 865, '3_other_only': 536, '4_mixed': 33, '5_dead': 652, '5_not_shown': 6696, 'needs_browser': 10506}
19550/22131 799.4/min {'1_mostbet_only': 237, '2_no_ads': 865, '3_other_only': 536, '4_mixed': 33, '5_dead': 654, '5_not_shown': 6719, 'needs_browser': 10506}
19575/22131 800.3/min {'1_mostbet_only': 237, '2_no_ads': 865, '3_other_only': 536, '4_mixed': 33, '5_dead': 654, '5_not_shown': 6744, 'needs_browser': 10506}
19600/22131 801.3/min {'1_mostbet_only': 237, '2_no_ads': 865, '3_other_only': 536, '4_mixed': 33, '5_dead': 654, '5_not_shown': 6769, 'needs_browser': 10506}
19625/22131 802.2/min {'1_mostbet_only': 237, '2_no_ads': 865, '3_other_only': 536, '4_mixed': 33, '5_dead': 654, '5_not_shown': 6794, 'needs_browser': 10506}
19650/22131 803.2/min {'1_mostbet_only': 237, '2_no_ads': 865, '3_other_only': 536, '4_mixed': 33, '5_dead': 654, '5_not_shown': 6819, 'needs_browser': 10506}
19675/22131 804.1/min {'1_mostbet_only': 237, '2_no_ads': 865, '3_other_only': 536, '4_mixed': 33, '5_dead': 654, '5_not_shown': 6844, 'needs_browser': 10506}
19700/22131 805.1/min {'1_mostbet_only': 237, '2_no_ads': 865, '3_other_only': 536, '4_mixed': 33, '5_dead': 654, '5_not_shown': 6869, 'needs_browser': 10506}
19725/22131 806.0/min {'1_mostbet_only': 237, '2_no_ads': 865, '3_other_only': 536, '4_mixed': 33, '5_dead': 654, '5_not_shown': 6894, 'needs_browser': 10506}
19750/22131 807.0/min {'1_mostbet_only': 237, '2_no_ads': 865, '3_other_only': 536, '4_mixed': 33, '5_dead': 654, '5_not_shown': 6919, 'needs_browser': 10506}
19775/22131 807.9/min {'1_mostbet_only': 237, '2_no_ads': 865, '3_other_only': 536, '4_mixed': 33, '5_dead': 654, '5_not_shown': 6944, 'needs_browser': 10506}
19800/22131 808.8/min {'1_mostbet_only': 237, '2_no_ads': 865, '3_other_only': 536, '4_mixed': 33, '5_dead': 654, '5_not_shown': 6969, 'needs_browser': 10506}
19825/22131 809.8/min {'1_mostbet_only': 237, '2_no_ads': 865, '3_other_only': 536, '4_mixed': 33, '5_dead': 654, '5_not_shown': 6994, 'needs_browser': 10506}
19850/22131 810.7/min {'1_mostbet_only': 237, '2_no_ads': 865, '3_other_only': 536, '4_mixed': 33, '5_dead': 655, '5_not_shown': 7018, 'needs_browser': 10506}
19875/22131 811.7/min {'1_mostbet_only': 237, '2_no_ads': 865, '3_other_only': 536, '4_mixed': 33, '5_dead': 655, '5_not_shown': 7043, 'needs_browser': 10506}
19900/22131 812.6/min {'1_mostbet_only': 237, '2_no_ads': 865, '3_other_only': 536, '4_mixed': 33, '5_dead': 655, '5_not_shown': 7068, 'needs_browser': 10506}
19925/22131 813.6/min {'1_mostbet_only': 237, '2_no_ads': 865, '3_other_only': 536, '4_mixed': 33, '5_dead': 655, '5_not_shown': 7093, 'needs_browser': 10506}
19950/22131 814.5/min {'1_mostbet_only': 237, '2_no_ads': 865, '3_other_only': 536, '4_mixed': 33, '5_dead': 655, '5_not_shown': 7118, 'needs_browser': 10506}
19975/22131 815.5/min {'1_mostbet_only': 237, '2_no_ads': 865, '3_other_only': 536, '4_mixed': 33, '5_dead': 655, '5_not_shown': 7143, 'needs_browser': 10506}
20000/22131 816.4/min {'1_mostbet_only': 237, '2_no_ads': 865, '3_other_only': 536, '4_mixed': 33, '5_dead': 655, '5_not_shown': 7168, 'needs_browser': 10506}
20025/22131 817.3/min {'1_mostbet_only': 237, '2_no_ads': 865, '3_other_only': 536, '4_mixed': 33, '5_dead': 656, '5_not_shown': 7192, 'needs_browser': 10506}
20050/22131 818.3/min {'1_mostbet_only': 237, '2_no_ads': 865, '3_other_only': 536, '4_mixed': 33, '5_dead': 656, '5_not_shown': 7217, 'needs_browser': 10506}
20075/22131 819.2/min {'1_mostbet_only': 237, '2_no_ads': 865, '3_other_only': 536, '4_mixed': 33, '5_dead': 656, '5_not_shown': 7242, 'needs_browser': 10506}
20100/22131 820.2/min {'1_mostbet_only': 237, '2_no_ads': 865, '3_other_only': 536, '4_mixed': 33, '5_dead': 656, '5_not_shown': 7267, 'needs_browser': 10506}
20125/22131 821.2/min {'1_mostbet_only': 237, '2_no_ads': 865, '3_other_only': 536, '4_mixed': 33, '5_dead': 656, '5_not_shown': 7292, 'needs_browser': 10506}
20150/22131 822.1/min {'1_mostbet_only': 237, '2_no_ads': 865, '3_other_only': 536, '4_mixed': 33, '5_dead': 656, '5_not_shown': 7317, 'needs_browser': 10506}
20175/22131 823.0/min {'1_mostbet_only': 237, '2_no_ads': 865, '3_other_only': 536, '4_mixed': 33, '5_dead': 656, '5_not_shown': 7342, 'needs_browser': 10506}
20200/22131 824.0/min {'1_mostbet_only': 237, '2_no_ads': 865, '3_other_only': 536, '4_mixed': 33, '5_dead': 656, '5_not_shown': 7367, 'needs_browser': 10506}
20225/22131 824.9/min {'1_mostbet_only': 237, '2_no_ads': 865, '3_other_only': 536, '4_mixed': 33, '5_dead': 656, '5_not_shown': 7392, 'needs_browser': 10506}
20250/22131 825.9/min {'1_mostbet_only': 237, '2_no_ads': 865, '3_other_only': 536, '4_mixed': 33, '5_dead': 656, '5_not_shown': 7417, 'needs_browser': 10506}
20275/22131 826.8/min {'1_mostbet_only': 237, '2_no_ads': 865, '3_other_only': 536, '4_mixed': 33, '5_dead': 656, '5_not_shown': 7442, 'needs_browser': 10506}
20300/22131 827.7/min {'1_mostbet_only': 237, '2_no_ads': 865, '3_other_only': 536, '4_mixed': 33, '5_dead': 656, '5_not_shown': 7467, 'needs_browser': 10506}
20325/22131 828.6/min {'1_mostbet_only': 237, '2_no_ads': 865, '3_other_only': 536, '4_mixed': 33, '5_dead': 656, '5_not_shown': 7492, 'needs_browser': 10506}
20350/22131 829.5/min {'1_mostbet_only': 237, '2_no_ads': 865, '3_other_only': 536, '4_mixed': 33, '5_dead': 656, '5_not_shown': 7517, 'needs_browser': 10506}
20375/22131 830.5/min {'1_mostbet_only': 237, '2_no_ads': 865, '3_other_only': 536, '4_mixed': 33, '5_dead': 656, '5_not_shown': 7542, 'needs_browser': 10506}
20400/22131 831.4/min {'1_mostbet_only': 237, '2_no_ads': 865, '3_other_only': 536, '4_mixed': 33, '5_dead': 656, '5_not_shown': 7567, 'needs_browser': 10506}
20425/22131 832.4/min {'1_mostbet_only': 237, '2_no_ads': 865, '3_other_only': 536, '4_mixed': 33, '5_dead': 656, '5_not_shown': 7592, 'needs_browser': 10506}
20450/22131 833.3/min {'1_mostbet_only': 237, '2_no_ads': 865, '3_other_only': 536, '4_mixed': 33, '5_dead': 656, '5_not_shown': 7617, 'needs_browser': 10506}
20475/22131 834.2/min {'1_mostbet_only': 237, '2_no_ads': 865, '3_other_only': 536, '4_mixed': 33, '5_dead': 656, '5_not_shown': 7642, 'needs_browser': 10506}
20500/22131 835.1/min {'1_mostbet_only': 237, '2_no_ads': 865, '3_other_only': 536, '4_mixed': 33, '5_dead': 656, '5_not_shown': 7667, 'needs_browser': 10506}
20525/22131 836.1/min {'1_mostbet_only': 237, '2_no_ads': 865, '3_other_only': 536, '4_mixed': 33, '5_dead': 656, '5_not_shown': 7692, 'needs_browser': 10506}
20550/22131 837.0/min {'1_mostbet_only': 237, '2_no_ads': 865, '3_other_only': 536, '4_mixed': 33, '5_dead': 656, '5_not_shown': 7717, 'needs_browser': 10506}
20575/22131 837.9/min {'1_mostbet_only': 237, '2_no_ads': 865, '3_other_only': 536, '4_mixed': 33, '5_dead': 656, '5_not_shown': 7742, 'needs_browser': 10506}
20600/22131 838.9/min {'1_mostbet_only': 237, '2_no_ads': 865, '3_other_only': 536, '4_mixed': 33, '5_dead': 656, '5_not_shown': 7767, 'needs_browser': 10506}
20625/22131 839.8/min {'1_mostbet_only': 237, '2_no_ads': 865, '3_other_only': 536, '4_mixed': 33, '5_dead': 656, '5_not_shown': 7792, 'needs_browser': 10506}
20650/22131 840.7/min {'1_mostbet_only': 237, '2_no_ads': 865, '3_other_only': 536, '4_mixed': 33, '5_dead': 656, '5_not_shown': 7817, 'needs_browser': 10506}
20675/22131 841.7/min {'1_mostbet_only': 237, '2_no_ads': 865, '3_other_only': 536, '4_mixed': 33, '5_dead': 657, '5_not_shown': 7841, 'needs_browser': 10506}
20700/22131 842.5/min {'1_mostbet_only': 237, '2_no_ads': 865, '3_other_only': 536, '4_mixed': 33, '5_dead': 657, '5_not_shown': 7866, 'needs_browser': 10506}
20725/22131 843.1/min {'1_mostbet_only': 237, '2_no_ads': 865, '3_other_only': 536, '4_mixed': 33, '5_dead': 657, '5_not_shown': 7891, 'needs_browser': 10506}
20750/22131 843.7/min {'1_mostbet_only': 237, '2_no_ads': 865, '3_other_only': 536, '4_mixed': 33, '5_dead': 657, '5_not_shown': 7916, 'needs_browser': 10506}
20775/22131 844.0/min {'1_mostbet_only': 237, '2_no_ads': 865, '3_other_only': 536, '4_mixed': 33, '5_dead': 658, '5_not_shown': 7940, 'needs_browser': 10506}
20800/22131 843.9/min {'1_mostbet_only': 237, '2_no_ads': 865, '3_other_only': 536, '4_mixed': 33, '5_dead': 658, '5_not_shown': 7965, 'needs_browser': 10506}
20825/22131 844.5/min {'1_mostbet_only': 237, '2_no_ads': 865, '3_other_only': 536, '4_mixed': 33, '5_dead': 659, '5_not_shown': 7989, 'needs_browser': 10506}
20850/22131 844.4/min {'1_mostbet_only': 237, '2_no_ads': 865, '3_other_only': 536, '4_mixed': 33, '5_dead': 659, '5_not_shown': 8012, 'needs_browser': 10508}
20875/22131 844.0/min {'1_mostbet_only': 237, '2_no_ads': 865, '3_other_only': 536, '4_mixed': 33, '5_dead': 659, '5_not_shown': 8036, 'needs_browser': 10509}
20900/22131 842.7/min {'1_mostbet_only': 237, '2_no_ads': 865, '3_other_only': 536, '4_mixed': 33, '5_dead': 660, '5_not_shown': 8060, 'needs_browser': 10509}
20925/22131 843.2/min {'1_mostbet_only': 237, '2_no_ads': 865, '3_other_only': 536, '4_mixed': 33, '5_dead': 660, '5_not_shown': 8085, 'needs_browser': 10509}
20950/22131 843.5/min {'1_mostbet_only': 237, '2_no_ads': 865, '3_other_only': 537, '4_mixed': 33, '5_dead': 661, '5_not_shown': 8108, 'needs_browser': 10509}
20975/22131 843.9/min {'1_mostbet_only': 237, '2_no_ads': 866, '3_other_only': 537, '4_mixed': 33, '5_dead': 662, '5_not_shown': 8131, 'needs_browser': 10509}
21000/22131 844.7/min {'1_mostbet_only': 237, '2_no_ads': 866, '3_other_only': 537, '4_mixed': 33, '5_dead': 662, '5_not_shown': 8156, 'needs_browser': 10509}
21025/22131 845.4/min {'1_mostbet_only': 237, '2_no_ads': 866, '3_other_only': 537, '4_mixed': 33, '5_dead': 662, '5_not_shown': 8181, 'needs_browser': 10509}
21050/22131 845.8/min {'1_mostbet_only': 237, '2_no_ads': 866, '3_other_only': 537, '4_mixed': 33, '5_dead': 663, '5_not_shown': 8205, 'needs_browser': 10509}
21075/22131 844.0/min {'1_mostbet_only': 237, '2_no_ads': 866, '3_other_only': 538, '4_mixed': 33, '5_dead': 682, '5_not_shown': 8210, 'needs_browser': 10509}
21100/22131 836.8/min {'1_mostbet_only': 237, '2_no_ads': 866, '3_other_only': 538, '4_mixed': 33, '5_dead': 703, '5_not_shown': 8213, 'needs_browser': 10510}
21125/22131 834.9/min {'1_mostbet_only': 237, '2_no_ads': 867, '3_other_only': 538, '4_mixed': 33, '5_dead': 726, '5_not_shown': 8213, 'needs_browser': 10511}
21150/22131 833.4/min {'1_mostbet_only': 237, '2_no_ads': 867, '3_other_only': 538, '4_mixed': 33, '5_dead': 747, '5_not_shown': 8216, 'needs_browser': 10512}
21175/22131 826.7/min {'1_mostbet_only': 237, '2_no_ads': 867, '3_other_only': 539, '4_mixed': 33, '5_dead': 768, '5_not_shown': 8216, 'needs_browser': 10515}
21200/22131 823.3/min {'1_mostbet_only': 237, '2_no_ads': 867, '3_other_only': 539, '4_mixed': 33, '5_dead': 793, '5_not_shown': 8216, 'needs_browser': 10515}
21225/22131 819.7/min {'1_mostbet_only': 237, '2_no_ads': 868, '3_other_only': 539, '4_mixed': 33, '5_dead': 812, '5_not_shown': 8216, 'needs_browser': 10520}
21250/22131 818.5/min {'1_mostbet_only': 237, '2_no_ads': 868, '3_other_only': 539, '4_mixed': 33, '5_dead': 836, '5_not_shown': 8216, 'needs_browser': 10521}
21275/22131 818.1/min {'1_mostbet_only': 237, '2_no_ads': 868, '3_other_only': 539, '4_mixed': 33, '5_dead': 849, '5_not_shown': 8216, 'needs_browser': 10533}
21300/22131 818.5/min {'1_mostbet_only': 237, '2_no_ads': 868, '3_other_only': 539, '4_mixed': 33, '5_dead': 863, '5_not_shown': 8216, 'needs_browser': 10544}
21325/22131 817.7/min {'1_mostbet_only': 237, '2_no_ads': 868, '3_other_only': 539, '4_mixed': 33, '5_dead': 878, '5_not_shown': 8216, 'needs_browser': 10554}
21350/22131 817.0/min {'1_mostbet_only': 237, '2_no_ads': 868, '3_other_only': 539, '4_mixed': 33, '5_dead': 896, '5_not_shown': 8217, 'needs_browser': 10560}
21375/22131 816.1/min {'1_mostbet_only': 237, '2_no_ads': 870, '3_other_only': 539, '4_mixed': 33, '5_dead': 917, '5_not_shown': 8217, 'needs_browser': 10562}
21400/22131 815.0/min {'1_mostbet_only': 237, '2_no_ads': 876, '3_other_only': 539, '4_mixed': 33, '5_dead': 936, '5_not_shown': 8217, 'needs_browser': 10562}
21425/22131 813.9/min {'1_mostbet_only': 237, '2_no_ads': 883, '3_other_only': 539, '4_mixed': 33, '5_dead': 953, '5_not_shown': 8217, 'needs_browser': 10563}
21450/22131 813.0/min {'1_mostbet_only': 237, '2_no_ads': 886, '3_other_only': 539, '4_mixed': 33, '5_dead': 975, '5_not_shown': 8217, 'needs_browser': 10563}
21475/22131 811.2/min {'1_mostbet_only': 237, '2_no_ads': 889, '3_other_only': 539, '4_mixed': 33, '5_dead': 997, '5_not_shown': 8217, 'needs_browser': 10563}
21500/22131 806.3/min {'1_mostbet_only': 237, '2_no_ads': 889, '3_other_only': 539, '4_mixed': 33, '5_dead': 1022, '5_not_shown': 8217, 'needs_browser': 10563}
21525/22131 804.2/min {'1_mostbet_only': 237, '2_no_ads': 889, '3_other_only': 539, '4_mixed': 33, '5_dead': 1047, '5_not_shown': 8217, 'needs_browser': 10563}
21550/22131 800.6/min {'1_mostbet_only': 237, '2_no_ads': 889, '3_other_only': 539, '4_mixed': 33, '5_dead': 1072, '5_not_shown': 8217, 'needs_browser': 10563}
21575/22131 797.2/min {'1_mostbet_only': 237, '2_no_ads': 889, '3_other_only': 539, '4_mixed': 33, '5_dead': 1097, '5_not_shown': 8217, 'needs_browser': 10563}
21600/22131 795.8/min {'1_mostbet_only': 237, '2_no_ads': 889, '3_other_only': 540, '4_mixed': 33, '5_dead': 1121, '5_not_shown': 8217, 'needs_browser': 10563}
21625/22131 795.5/min {'1_mostbet_only': 237, '2_no_ads': 889, '3_other_only': 540, '4_mixed': 33, '5_dead': 1146, '5_not_shown': 8217, 'needs_browser': 10563}
21650/22131 792.7/min {'1_mostbet_only': 237, '2_no_ads': 889, '3_other_only': 540, '4_mixed': 33, '5_dead': 1171, '5_not_shown': 8217, 'needs_browser': 10563}
21675/22131 792.0/min {'1_mostbet_only': 237, '2_no_ads': 889, '3_other_only': 540, '4_mixed': 33, '5_dead': 1196, '5_not_shown': 8217, 'needs_browser': 10563}
21700/22131 789.2/min {'1_mostbet_only': 237, '2_no_ads': 889, '3_other_only': 540, '4_mixed': 33, '5_dead': 1221, '5_not_shown': 8217, 'needs_browser': 10563}
21725/22131 783.4/min {'1_mostbet_only': 237, '2_no_ads': 889, '3_other_only': 540, '4_mixed': 33, '5_dead': 1246, '5_not_shown': 8217, 'needs_browser': 10563}
21750/22131 782.2/min {'1_mostbet_only': 237, '2_no_ads': 890, '3_other_only': 540, '4_mixed': 33, '5_dead': 1269, '5_not_shown': 8218, 'needs_browser': 10563}
21775/22131 777.3/min {'1_mostbet_only': 237, '2_no_ads': 891, '3_other_only': 540, '4_mixed': 33, '5_dead': 1291, '5_not_shown': 8219, 'needs_browser': 10564}
21800/22131 774.0/min {'1_mostbet_only': 237, '2_no_ads': 891, '3_other_only': 540, '4_mixed': 33, '5_dead': 1316, '5_not_shown': 8219, 'needs_browser': 10564}
21825/22131 771.3/min {'1_mostbet_only': 237, '2_no_ads': 891, '3_other_only': 540, '4_mixed': 33, '5_dead': 1341, '5_not_shown': 8219, 'needs_browser': 10564}
21850/22131 767.4/min {'1_mostbet_only': 237, '2_no_ads': 891, '3_other_only': 540, '4_mixed': 33, '5_dead': 1366, '5_not_shown': 8219, 'needs_browser': 10564}
21875/22131 763.6/min {'1_mostbet_only': 237, '2_no_ads': 893, '3_other_only': 540, '4_mixed': 33, '5_dead': 1389, '5_not_shown': 8219, 'needs_browser': 10564}
21900/22131 758.7/min {'1_mostbet_only': 237, '2_no_ads': 893, '3_other_only': 540, '4_mixed': 33, '5_dead': 1414, '5_not_shown': 8219, 'needs_browser': 10564}
21925/22131 755.7/min {'1_mostbet_only': 237, '2_no_ads': 893, '3_other_only': 540, '4_mixed': 33, '5_dead': 1439, '5_not_shown': 8219, 'needs_browser': 10564}
21950/22131 751.8/min {'1_mostbet_only': 237, '2_no_ads': 894, '3_other_only': 540, '4_mixed': 33, '5_dead': 1463, '5_not_shown': 8219, 'needs_browser': 10564}
21975/22131 749.6/min {'1_mostbet_only': 237, '2_no_ads': 894, '3_other_only': 540, '4_mixed': 33, '5_dead': 1487, '5_not_shown': 8219, 'needs_browser': 10565}
22000/22131 744.1/min {'1_mostbet_only': 237, '2_no_ads': 894, '3_other_only': 540, '4_mixed': 33, '5_dead': 1512, '5_not_shown': 8219, 'needs_browser': 10565}
22025/22131 740.4/min {'1_mostbet_only': 237, '2_no_ads': 894, '3_other_only': 540, '4_mixed': 33, '5_dead': 1537, '5_not_shown': 8219, 'needs_browser': 10565}
22050/22131 736.2/min {'1_mostbet_only': 237, '2_no_ads': 894, '3_other_only': 540, '4_mixed': 33, '5_dead': 1560, '5_not_shown': 8220, 'needs_browser': 10566}
22075/22131 734.3/min {'1_mostbet_only': 237, '2_no_ads': 894, '3_other_only': 540, '4_mixed': 33, '5_dead': 1584, '5_not_shown': 8221, 'needs_browser': 10566}
22100/22131 733.1/min {'1_mostbet_only': 237, '2_no_ads': 894, '3_other_only': 540, '4_mixed': 33, '5_dead': 1607, '5_not_shown': 8222, 'needs_browser': 10567}
22125/22131 727.1/min {'1_mostbet_only': 237, '2_no_ads': 895, '3_other_only': 540, '4_mixed': 33, '5_dead': 1631, '5_not_shown': 8222, 'needs_browser': 10567}
22131/22131 715.9/min {'1_mostbet_only': 237, '2_no_ads': 896, '3_other_only': 540, '4_mixed': 33, '5_dead': 1636, '5_not_shown': 8222, 'needs_browser': 10567}
done {'1_mostbet_only': 237, '2_no_ads': 896, '3_other_only': 540, '4_mixed': 33, '5_dead': 1636, '5_not_shown': 8222, 'needs_browser': 10567}
